meeting_id,segment_id,AU01,AU02,AU04,AU06,AU12,AU15,AU17,AU25,head_pitch,head_yaw,head_roll,gaze_x,gaze_y
ES2002d,0,0.6331021984418234,0.32809678713480633,0.4163997719685237,0.25358177721500397,0.07538591946164767,0.3294789294401805,0.48796706398328143,0.8893827398618063,-11.851387170767863,23.82287345775192,-13.821532772841573,0.0,0.0
ES2002d,1,0.6820113062858582,0.40731221437454224,0.3575623234113057,0.38535234332084656,0.16681724786758423,0.2996043960253398,0.4475349386533101,0.9569020668665568,-4.986751341988934,19.239918377355888,-9.430276615075707,0.0,0.0
ES2002d,2,0.6088797847429911,0.38292569915453595,0.34037548179427785,0.5791399677594503,0.382015864054362,0.35726675391197205,0.28519895176092785,0.9899673064549764,2.0719849511060207,17.28906168315012,-7.2825631818507235,0.0,0.0
ES2002d,3,0.6584817369778951,0.37242355942726135,0.5112681289513906,0.5183965861797333,0.5289729436238607,0.512263168891271,0.4119798094034195,0.9818972945213318,2.683756672052595,30.89043336667058,-7.322690506241862,0.0,0.0
ES2002d,4,0.6913424730300903,0.3922005891799927,0.5999004344145457,0.3582813876370589,0.179215078552564,0.42342959841092426,0.4814837872982025,0.85059920946757,10.654691887530753,50.7145775364364,6.272832578762302,0.0,0.0
ES2002d,5,0.6641724904378256,0.5532585581143697,0.46292610963185626,0.5715355376402537,0.1910418247183164,0.5246048370997111,0.30479398369789124,0.9905460675557455,-2.0966572274142483,8.19482118381835,-15.77732808895441,0.0,0.0
ES2002d,6,0.6548414826393127,0.6615876952807108,0.39231396714846295,0.4790998101234436,0.1061703513065974,0.46644656856854755,0.34538379311561584,0.9794441064198812,-2.3292825039501035,6.689746011473571,-15.880554012146888,0.0,0.0
ES2002d,7,0.7099202871322632,0.5161677896976471,0.2896302392085393,0.2836160312096278,0.0801088126997153,0.6449401179949442,0.342482050259908,0.9885553320248922,0.5868813429063815,1.6390695532643138,-8.546913989064292,0.0,0.0
ES2002d,8,0.6683986385663351,0.5318568050861359,0.47260240217049915,0.42283380031585693,0.12892527878284454,0.5731151302655538,0.3229629397392273,0.9943480889002482,0.27212053566165384,8.40431507957666,-6.790857307557634,0.0,0.0
ES2002d,9,0.7207319736480713,0.5952749152978262,0.4746662825345993,0.42458973328272503,0.07182219624519348,0.49948127071062726,0.35976547996203107,0.9473746021588644,-2.1494523948388893,11.03984473937251,-12.181699754696167,0.0,0.0
ES2002d,10,0.7373249729474386,0.5426260630289713,0.447225679953893,0.45012423396110535,0.10818373163541158,0.3643212914466858,0.3584367632865906,0.9334558248519897,-1.5506773819848565,10.735630152765815,-11.798202509017388,0.0,0.0
ES2002d,11,0.708585778872172,0.5908952752749125,0.3010036846001943,0.41251816352208454,0.12060261269410451,0.28314414620399475,0.33856390913327533,0.9239263534545898,-4.502331942025617,14.103894586226096,-13.185000248612175,0.0,0.0
ES2002d,12,0.6797468066215515,0.4464759627978007,0.3820445736249288,0.281665379802386,0.08585729636251926,0.2828330546617508,0.36281469464302063,0.7303654899199804,-1.6212403543594387,18.131205032469403,-6.957137426621958,0.0,0.0
ES2002d,13,0.6687851150830587,0.42646661400794983,0.1372630757590135,0.46073858936627704,0.21232639253139496,0.6133336623509725,0.30911287168661755,0.9900046984354655,-6.0721444106401625,16.171866386798495,-5.321694626174473,0.0,0.0
ES2002d,14,0.6395690043767294,0.4146950344244639,0.19037887454032898,0.43780482312043506,0.18030083924531937,0.4444986780484517,0.3936559160550435,0.9106908837954203,-9.401445009062366,11.909732495854593,-15.929470929363015,0.0,0.0
ES2002d,15,0.6421283284823099,0.5302202006181082,0.28846973677476245,0.5167377491792043,0.15241303791602454,0.2851533492406209,0.4442407290140788,0.9629518389701843,-7.903959666610859,7.004439827645407,-15.293471696168423,0.0,0.0
ES2002d,16,0.6350588401158651,0.46140576402346295,0.41993674635887146,0.5113608539104462,0.1881240780154864,0.35569295287132263,0.35689887404441833,0.9329192042350769,-3.5161657852850383,9.562086052091288,-10.080874946439197,0.0,0.0
ES2002d,17,0.6656740307807922,0.5252720216910044,0.2674476206302643,0.45174187421798706,0.18911504745483398,0.3571687440077464,0.3827257752418518,0.9126747647921244,-3.369192880014307,13.661349181628546,-7.059720167641778,0.0,0.0
ES2002d,18,0.7091472744941711,0.33399271468321484,0.40823650856812793,0.2485759804646174,0.09119595338900884,0.41416571537653607,0.4323371847470601,0.6995190878709158,-5.236262877556478,24.912918354879398,-8.860111604713984,0.0,0.0
ES2002d,19,0.6263137261072794,0.4401153226693471,0.4408610612154007,0.2445686012506485,0.10618016496300697,0.45546335975329083,0.4392220179239909,0.9208348790804545,-12.556065008337947,21.068606724909518,-14.745654877664457,0.0,0.0
ES2002d,20,0.6825724641482035,0.26745563248793286,0.30189727743466693,0.2175222709774971,0.0804576613008976,0.2914588898420334,0.4508857826391856,0.5708994219700495,-16.700307225742566,21.20930350342959,-11.34736450025864,0.0,0.0
ES2002d,21,0.5556468764940897,0.258027325073878,0.29370896021525067,0.13438423722982407,0.13155684992671013,0.3637750546137492,0.5202799638112386,0.6035205026467642,-20.82384996243474,25.45845290144227,-17.297790069832132,0.0,0.0
ES2002d,22,0.5986301898956299,0.24930370847384134,0.43894418080647785,0.21403661370277405,0.13339750841259956,0.46578654646873474,0.497740238904953,0.6962675452232361,-14.74076325718426,26.32658381603875,-12.255820354634944,0.0,0.0
ES2002d,23,0.5935509900252024,0.3305453658103943,0.22670974334081015,0.49315454562505084,0.27435725430647534,0.46468812227249146,0.38396674394607544,0.9261987408002218,-9.910769951185692,19.000754512023054,-9.727774584557137,0.0,0.0
ES2002d,24,0.6911684274673462,0.3420742054780324,0.33589331309000653,0.11178036282459895,0.10448878506819408,0.43659940361976624,0.49529890219370526,0.5833887110153834,-17.066169037577158,26.99018016485024,-11.056373638570108,0.0,0.0
ES2002d,25,0.720467726389567,0.42127351959546405,0.42902617653210956,0.2541826218366623,0.12972281873226166,0.6261091430981954,0.40043442447980243,0.9915789167086283,-13.069814964366836,28.872212423349968,-12.469754123192885,0.0,0.0
ES2002d,26,0.7156791289647421,0.46049764752388,0.35460472106933594,0.13632990419864655,0.1488437441488107,0.3885641594727834,0.4263242781162262,0.9354361494382223,-12.954173035329164,25.27690185806964,-12.609994760021658,0.0,0.0
ES2002d,27,0.7648965716362,0.42027876774470013,0.4034794767697652,0.2280069241921107,0.09883931030829747,0.3277732829252879,0.37238630652427673,0.8923440972963969,-10.69812052223344,22.88810131557811,-10.840628223759865,0.0,0.0
ES2002d,28,0.7463380694389343,0.34660037358601886,0.4518056611220042,0.22789949427048364,0.08273673119644324,0.3133477916320165,0.38524357477823895,0.7541611194610596,-12.885237768195083,26.350624693481592,-12.196723331929908,0.0,0.0
ES2002d,29,0.6173222661018372,0.23858612775802612,0.3508615593115489,0.11743342379728954,0.042548771326740585,0.31893983483314514,0.47416000564893085,0.9032334287961324,-12.555716317833266,22.957165550367208,-10.760628260251531,0.0,0.0
ES2002d,30,0.6407598853111267,0.33094807465871173,0.29152779032786685,0.418076495329539,0.16691995412111282,0.3194267799456914,0.360576331615448,0.9441690444946289,-10.75784166164474,20.549582403978274,-10.623500176771897,0.0,0.0
ES2002d,31,0.5863182842731476,0.3175763934850693,0.16568499306837717,0.2965639953811963,0.08469875653584798,0.5845910509427389,0.38087698817253113,0.8476214408874512,-8.354637594861698,13.437594645192823,-10.732157795522951,0.0,0.0
ES2002d,32,0.6484965483347574,0.38239365816116333,0.21566668649514517,0.4229978919029236,0.17083977162837982,0.3082617521286011,0.38648610313733417,0.9847562710444132,-11.91823424448574,18.103576251985242,-12.068475389086844,0.0,0.0
ES2002d,33,0.5540802776813507,0.24651591976483664,0.2855732391277949,0.3119429126381874,0.21654661931097507,0.3564423123995463,0.4382017155488332,0.8672067920366923,-14.53897980276272,19.898938027577646,-11.688344297327658,0.0,0.0
ES2002d,34,0.5995042622089386,0.28504184385140735,0.29843302567799884,0.32747531433900195,0.08549425254265468,0.31156369547049206,0.3574357827504476,0.9813172618548075,-9.380995267415813,17.379408599049935,-8.799967555879904,0.0,0.0
ES2002d,35,0.6142553091049194,0.4062852164109548,0.3892092804114024,0.22315634787082672,0.1373487909634908,0.3832523226737976,0.4122353494167328,0.9345633387565613,-6.150142468208524,7.7290154741828845,-7.284655620709465,0.0,0.0
ES2002d,36,0.5239614546298981,0.23687542974948883,0.2862783322731654,0.2572242220242818,0.09385191400845845,0.46171799302101135,0.38506658871968585,0.9197925726572672,-9.090729362198719,1.827575443517974,-7.800486518688582,0.0,0.0
ES2002d,37,0.6550347407658895,0.4005945324897766,0.27414001027743023,0.20413044095039368,0.11364364872376125,0.33480018377304077,0.3684376577536265,0.7562853594621023,-5.552204127321828,5.8750816197142655,-7.181828155593313,0.0,0.0
ES2002d,38,0.5589017470677694,0.2916471188267072,0.7035454312960306,0.2682342703143756,0.1635192520916462,0.6167694926261902,0.37148107091585797,0.7345406909783682,-17.222821859197563,34.0347562606028,-17.61377431469916,0.0,0.0
ES2002d,39,0.6344337463378906,0.2609228690465291,0.8395045200983683,0.16254325459400812,0.037478900204102196,0.3964923818906148,0.387367049853007,0.9706531961758932,-10.740612561514121,39.89765381486529,-16.098521013063834,0.0,0.0
ES2002d,40,0.6988222002983093,0.42916720112164813,0.4440811226765315,0.2865925629933675,0.17148175090551376,0.41124220689137775,0.3897421757380168,0.8779544432957967,-9.830548749657325,21.46413680937214,-13.414823438500223,0.0,0.0
ES2002d,41,0.6510392924149832,0.3815941661596298,0.3228973050912221,0.5754470626513163,0.3179955681165059,0.3907345086336136,0.2965418795744578,0.9176754355430603,-4.3042178389584,13.680566775624513,-10.542476930795871,0.0,0.0
ES2002d,42,0.4450397292772929,0.3166634241739909,0.1863524168729782,0.29944730301698047,0.31875400990247726,0.21354739367961884,0.4137919346491496,0.41095608472824097,-31.312785313262356,-8.880064508544107,-3.96441856167969,0.0,0.0
ES2002d,43,0.6203142404556274,0.5161126653353373,0.2673894266287486,0.4014131873846054,0.6992359558741251,0.31323794772227603,0.5200680295626322,0.3608783173064391,-28.03858784493896,-8.198855624170188,-4.886641883370564,0.0,0.0
ES2002d,44,0.6816186507542928,0.5139419436454773,0.23700435707966486,0.7391788562138876,0.9210835297902426,0.5603160858154297,0.38463393847147626,0.9982377886772156,-10.709269239643254,-8.770469586519985,1.4598506123514976,0.0,0.0
ES2002d,45,0.6219984491666158,0.42865461111068726,0.23159887393315634,0.5746864328781763,0.6210938443740209,0.5322504341602325,0.4206913808981578,0.9685095151265463,-14.63718173731168,-14.160324138691587,4.310101358458381,0.0,0.0
ES2002d,46,0.5527311166127523,0.38311949372291565,0.3188335398832957,0.41531677544116974,0.37910568217436474,0.5455503463745117,0.5069016218185425,0.5244983667507768,-11.410620726960436,-11.276235354310623,-1.560606411057579,0.0,0.0
ES2002d,47,0.5867052872975668,0.44024887681007385,0.4664430816968282,0.274191935857137,0.2715335587660472,0.5306354661782583,0.4607403775056203,0.6685367512206236,-5.114524173246537,-9.878480322525435,-8.479429783830032,0.0,0.0
ES2002d,48,0.6818523406982422,0.5542223950227102,0.2788642644882202,0.4562457998593648,0.6779743631680807,0.4075987736384074,0.42890340089797974,0.9425627390543619,-3.7771516182925478,-9.049233264635895,-9.479811294803104,0.0,0.0
ES2002d,49,0.5817869007587433,0.3247817208369573,0.36265421907107037,0.3099939202268918,0.3587159663438797,0.5641010701656342,0.40279001990954083,0.42592229197422665,-11.688735601135571,-20.232159899017255,-5.85865227831799,0.0,0.0
ES2002d,50,0.5145415663719177,0.19787034889062247,0.3989834785461426,0.13178684810797373,0.11671204616626103,0.519002765417099,0.39050400257110596,0.3301756388197343,-8.661326413550718,-18.894600254228184,-6.605052139471475,0.0,0.0
ES2002d,51,0.6385640402634939,0.42481764157613117,0.44595837593078613,0.25822705775499344,0.23712576925754547,0.6242541174093882,0.46317198872566223,0.7240187575419744,-5.781694908594318,-11.965093130828839,-10.343438234806737,0.0,0.0
ES2002d,52,0.6292557617028555,0.4986900637547175,0.26233244438966113,0.17446215574940047,0.129520824799935,0.37854916354020435,0.527278075615565,0.7311894694964091,-6.263333300757417,-8.76173809966405,-11.183433707041411,0.0,0.0
ES2002d,53,0.6217726469039917,0.32581592599550885,0.42301318049430847,0.1546032875776291,0.16281015363832316,0.3932973047097524,0.3941193222999573,0.3177646550660332,-10.985844225595363,-16.91894694941831,-8.391255622911812,0.0,0.0
ES2002d,54,0.6013765434424082,0.3724002738793691,0.4016522814830144,0.20076876878738403,0.2322137032945951,0.441426823536555,0.4720559318860372,0.377998208006223,-11.647033986789173,-13.69417300003269,-9.312257763192191,0.0,0.0
ES2002d,55,0.6646201411883036,0.42416881024837494,0.4469615121682485,0.1735613519946734,0.26502763231595355,0.5558880766232809,0.49816132585207623,0.6883044143517812,-10.722308906868482,-12.008289976834225,-10.328479699875443,0.0,0.0
ES2002d,56,0.674925684928894,0.512944241364797,0.413362314303716,0.2205944520731767,0.1909102921684583,0.6158129970232645,0.5177107652028402,0.3601273875683546,-6.796102882333705,-11.095613375676805,-11.219016515787963,0.0,0.0
ES2002d,57,0.6224944591522217,0.42775169014930725,0.3177817364533742,0.09393079827229182,0.15684965873757997,0.4042956829071045,0.4455881714820862,0.6950942675272623,-11.875367212925255,-10.163922075304834,-10.113230172944148,0.0,0.0
ES2002d,58,0.6144471963246664,0.3733944098154704,0.43314051628112793,0.14958864202102026,0.14413641144831976,0.46921881039937335,0.46687838435173035,0.6034552405277888,-11.498406895830776,-10.418752418394979,-9.527996187540063,0.0,0.0
ES2002d,59,0.8096234599749247,0.5429989596207937,0.23246401051680246,0.04595365251104037,0.013331111210087935,0.077971367786328,0.3787676890691121,0.03972476068884134,-14.684662601871636,0.643276405573214,-1.7761844273618292,0.0,0.0
ES2002d,60,0.7940921783447266,0.5601823528607687,0.11957525461912155,0.04079825431108475,0.01778936634461085,0.11690562466780345,0.312677264213562,0.11139267434676488,-15.57118131739299,-3.141933360036696,-1.430481286204289,0.0,0.0
ES2002d,61,0.803146481513977,0.6753765741984049,0.18378222485383353,0.0399328867594401,0.018040544042984646,0.09604764729738235,0.3750561575094859,0.09539656775693099,-17.00563533560992,-3.0611467451046805,-1.9959183382330634,0.0,0.0
ES2002d,62,0.796479602654775,0.6104586919148763,0.19435382386048636,0.07333482926090558,0.020485454549392063,0.15761366734902063,0.3894928991794586,0.4592813278237979,-14.437960890426092,0.6079135039972857,-2.1409016957120994,0.0,0.0
ES2002d,63,0.7372321287790934,0.40297560890515643,0.15456840147574744,0.06576477239529292,0.018747500143945217,0.20406085749467215,0.45606990655263263,0.7564947605133057,-14.109645821838383,5.924116949245139,-2.5246758409469914,0.0,0.0
ES2002d,64,0.7918976545333862,0.4729491670926412,0.18807118137677512,0.0772031843662262,0.021576466038823128,0.2505752195914586,0.523364414771398,0.4407710445423921,-11.618683494954452,10.25348602274075,-1.8438702390450843,0.0,0.0
ES2002d,65,0.8038939833641052,0.4815816481908162,0.35639562209447223,0.11501291145881017,0.029017431040604908,0.21073364714781442,0.5165653427441915,0.952158788839976,-7.606747092193049,8.958585637524262,0.5819388123623342,0.0,0.0
ES2002d,66,0.8352452119191488,0.5169780949751536,0.2305572678645452,0.08439386015137036,0.025488346194227535,0.2331303060054779,0.44626323382059735,0.7523207664489746,-9.637358234349753,7.659158312489661,-3.788615387013041,0.0,0.0
ES2002d,67,0.801229198773702,0.4685828487078349,0.2963213374217351,0.17086679488420486,0.05560261600961288,0.25727152327696484,0.45853017767270404,0.6999037663141886,-4.713965911842265,9.068028221421345,-1.3150580712627506,0.0,0.0
ES2002d,68,0.8237802982330322,0.4861902395884196,0.17797914892435074,0.12376578400532405,0.09501626932372649,0.28217463195323944,0.40210535128911334,0.8008265892664591,-5.642685126325642,10.483616647124059,-1.6175474711257731,0.0,0.0
ES2002d,69,0.7901072104771932,0.4487151900927226,0.2534275601307551,0.060847135881582894,0.015572022646665573,0.2867729514837265,0.4154435495535533,0.37033624574542046,-8.839551242246728,9.797585193352448,1.0126234046860072,0.0,0.0
ES2002d,70,0.7876304586728414,0.5466326177120209,0.16882661978403726,0.11707321554422379,0.034173546358942986,0.18695982048908869,0.47730641563733417,0.8821337819099426,-10.256935127572909,5.997246482864124,0.7404732747907031,0.0,0.0
ES2002d,71,0.7789202729860941,0.6552412112553915,0.19775434335072836,0.059122469276189804,0.024164758001764614,0.1880632365743319,0.31741152207056683,0.63380300005277,-12.682560225572642,-0.4424136053063159,-2.0464085516107215,0.0,0.0
ES2002d,72,0.772884726524353,0.5241532325744629,0.21259155372778574,0.10729736338059108,0.056904759568472706,0.18445603549480438,0.37110893925031024,0.9083332220713297,-12.583164792795344,3.19924866773246,-1.6560709410630359,0.0,0.0
ES2002d,73,0.8040517965952555,0.5652774473031362,0.22198215623696646,0.0642230858405431,0.018414330358306568,0.30468787252902985,0.48166535298029584,0.7186958491802216,-9.728233130815246,4.970617825308337,1.4601112552539952,0.0,0.0
ES2002d,74,0.5951338410377502,0.3749093810717265,0.35268759230772656,0.0710048998395602,0.024000780036052067,0.14285838355620703,0.4139079848925273,0.5190847412062188,-11.40328238378462,-1.0696274756263715,-4.39148803602696,0.0,0.0
ES2002d,75,0.7031440138816833,0.4544549932082494,0.3203260898590088,0.07877065986394882,0.02629837580025196,0.29139843086401623,0.4732391834259033,0.4106636655827363,-15.808436703401775,11.322206989719627,-5.158142027783935,0.0,0.0
ES2002d,76,0.8122181097666422,0.5397859712441763,0.2730032814045747,0.05851813033223152,0.04110609646886587,0.19513525813817978,0.38706955313682556,0.6014071771254142,-9.440520265835334,4.617134942135426,2.7528983718017357,0.0,0.0
ES2002d,77,0.8147731026013693,0.5617853204409281,0.23687562346458435,0.07363169019420941,0.04191365217169126,0.20937775572141012,0.3389634887377421,0.5065270314613978,-12.572193782733512,0.7584343819824194,1.6288928068324242,0.0,0.0
ES2002d,78,0.8298876086870829,0.537860095500946,0.2290996958812078,0.08934000010291736,0.02641554642468691,0.29931149383385974,0.42872966329256695,0.6536823399364948,-9.547386682635443,6.354499264854545,1.1225472381782864,0.0,0.0
ES2002d,79,0.7960691849390665,0.4156401852766673,0.24150501191616058,0.10664512713750203,0.018922497207919758,0.24863390624523163,0.4980941414833069,0.8195160826047262,-6.355963014148524,8.861358468431348,-0.7922172959509862,0.0,0.0
ES2002d,80,0.7900957067807516,0.5479739705721537,0.17627156774202982,0.1149656946460406,0.0322742098942399,0.29521653056144714,0.4974982738494873,0.5691876731192073,-6.5101550679682525,5.610278584225941,-5.321087845585254,0.0,0.0
ES2002d,81,0.7937050461769104,0.5373689631621043,0.17362004021803537,0.09258958448966344,0.022065537981688976,0.2842406878868739,0.46103761593500775,0.7053896511594454,-8.32367108576595,7.4300630797917195,-4.474249203473942,0.0,0.0
ES2002d,82,0.8634229501088461,0.6215957601865133,0.17049743235111237,0.14234313368797302,0.03542063509424528,0.30510400235652924,0.4813445806503296,0.9853747089703878,-6.970093758987557,6.978057818010977,-2.295924642086584,0.0,0.0
ES2002d,83,0.8593884706497192,0.600088765223821,0.232804407676061,0.079005166888237,0.024736914783716202,0.2590061699350675,0.4386594196160634,0.7462752858797709,-5.457340196043017,4.527462887358863,0.5551663402122992,0.0,0.0
ES2002d,84,0.6762244800726572,0.44156206647555035,0.42845118542512256,0.1245462919274966,0.066497675764064,0.3593555986881256,0.542128304640452,0.7747446298599243,-17.262562742493213,14.770877423124583,-15.17618599021516,0.0,0.0
ES2002d,85,0.7788532177607218,0.574783613284429,0.4369556208451589,0.05786586304505666,0.02028861145178477,0.267153799533844,0.5205933749675751,0.5455809185902277,-14.956167850616254,12.24802235267915,-22.102047775083893,0.0,0.0
ES2002d,86,0.7542702356974283,0.5118310451507568,0.31991929312547046,0.04688262566924095,0.01719504315406084,0.3089997172355652,0.3970900575319926,0.5167846580346426,-8.307091294213988,0.657834699876112,-11.85862858547628,0.0,0.0
ES2002d,87,0.7076288064320883,0.43171487251917523,0.15278995037078857,0.0470310685535272,0.03045574575662613,0.20413391292095184,0.354185293118159,0.3681725499530633,-6.248468460518828,-8.958781644097224,-1.360471317275764,0.0,0.0
ES2002d,88,0.7797916928927103,0.5444531838099161,0.11832806716362636,0.04049831752975782,0.019523609429597855,0.13877546042203903,0.31056376298268634,0.4250817509988944,-8.568340626406862,-2.061465530852454,2.7863035796821243,0.0,0.0
ES2002d,89,0.812817911307017,0.49366119503974915,0.22713293135166168,0.0675603449344635,0.02285784048338731,0.14655113716920218,0.33241169651349384,0.960923413435618,-10.837788354952368,1.367163238528411,5.00298585598627,0.0,0.0
ES2002d,90,0.6433506011962891,0.40976298848787945,0.3412732357780139,0.1356115018328031,0.04198996225992838,0.35545216004053753,0.37573015689849854,0.8859371542930603,0.9322951681290957,15.994763241970889,-4.907216392713486,0.0,0.0
ES2002d,91,0.7760193546613058,0.5235442320505778,0.16246622304121652,0.04018143191933632,0.02236287606259187,0.1125256543358167,0.27246686816215515,0.6936778823534647,-8.613035765371547,-4.556372650600401,2.672521735137929,0.0,0.0
ES2002d,92,0.8142808874448141,0.47913821538289386,0.2361352096001307,0.04016122594475746,0.025499256948630016,0.3277245859305064,0.31967151165008545,0.6391722423334917,-9.419907122413372,-3.9804825011442126,-0.82675710727233,0.0,0.0
ES2002d,93,0.751690129439036,0.40905248125394184,0.3481605698664983,0.05902225275834402,0.025020836231609184,0.14834103484948477,0.3650889794031779,0.24777236705025038,-13.080862234815598,-2.6579119756054603,-7.719586068765051,0.0,0.0
ES2002d,94,0.801624059677124,0.5211320618788401,0.3938184976577759,0.07138785223166148,0.037254598612586655,0.1602887064218521,0.35622794429461163,0.48384162519748014,-14.70590425079052,-0.22290654433541324,-9.830294983292402,0.0,0.0
ES2002d,95,0.844627320766449,0.6206035812695821,0.2645545154809952,0.0499643882115682,0.01668720506131649,0.24628591537475586,0.3807343542575836,0.33293622732162476,-6.8773928294391355,1.9422856838772489,-6.090610170704662,0.0,0.0
ES2002d,96,0.774153490861257,0.5626737475395203,0.11879083514213562,0.08191065862774849,0.02604900362590949,0.17396273463964462,0.46176411708196,0.2931772591546178,-17.472194668449784,3.9118494052043826,-2.219859900237538,0.0,0.0
ES2002d,97,0.7415581544240316,0.48605918884277344,0.1650856932004293,0.0917057457069556,0.035349282436072826,0.28302031631271046,0.479306161403656,0.7081689089536667,-18.51783410185882,7.949330103683397,-2.4422891106322338,0.0,0.0
ES2002d,98,0.852512796719869,0.7488890687624613,0.1791516343752543,0.07038916399081548,0.03486925736069679,0.22635289281606674,0.3459647099177043,0.9331945578257242,-7.594103415971895,3.0396766957598107,-2.443053966715972,0.0,0.0
ES2002d,99,0.7881147464116415,0.6822554071744283,0.1317874640226364,0.059726412097613014,0.02523366641253233,0.14980479578177133,0.4260021448135376,0.2707985754435261,-10.854466836419308,6.983065472281685,-3.8148297247755045,0.0,0.0
ES2002d,100,0.7149909734725952,0.4945211311181386,0.252145583430926,0.08086396629611652,0.04245827533304691,0.1626966173450152,0.5139578580856323,0.0540552626674374,-16.337363471676177,6.794687933258428,-9.914748175598831,0.0,0.0
ES2002d,101,0.7220038970311483,0.6386502583821615,0.3474057714144389,0.07625030602018039,0.02017518412321806,0.26963073511918384,0.3468194156885147,0.7405479947725931,-2.53154255195054,-5.051715698566382,-14.168439458251541,0.0,0.0
ES2002d,102,0.7288683454195658,0.6355982025464376,0.2810683051745097,0.05610160902142525,0.023222581172982853,0.3734685182571411,0.36524413029352826,0.8784112731615702,2.170502067196404,-4.7398016437073895,-15.32445782945767,0.0,0.0
ES2002d,103,0.681522786617279,0.28897952536741894,0.7743100921312968,0.22798886398474374,0.10501846671104431,0.43685270349184674,0.3582405646642049,0.867212971051534,-9.989060399798294,26.849166745108203,-28.03885670763196,0.0,0.0
ES2002d,104,0.6532213687896729,0.26204389830430347,0.6411672433217367,0.18686837951342264,0.08696722487608592,0.4113615353902181,0.3871065378189087,0.7378784517447153,-22.180639056987758,32.97286782241194,-43.44173841874572,0.0,0.0
ES2002d,105,0.6414362688859304,0.39926765362421673,0.45085570216178894,0.1289215882619222,0.09616139717400074,0.30330465237299603,0.4780857264995575,0.6186502004663149,-22.68209821073961,-9.863370291099303,-7.255966715528445,0.0,0.0
ES2002d,106,0.7332674860954285,0.5611931582291921,0.43503570059935254,0.19013551622629166,0.16088443249464035,0.3611779759327571,0.4505778153737386,0.6519958972930908,-13.928174599957272,-6.701471109618073,-10.225303453677826,0.0,0.0
ES2002d,107,0.7262861728668213,0.6496976216634115,0.29891331990559894,0.1487208530306816,0.1749629552165667,0.4296518762906392,0.42430107792218524,0.3947814131776492,-16.013063922161773,-4.614652184097124,-14.786028126089525,0.0,0.0
ES2002d,108,0.7394963502883911,0.703042467435201,0.27028200775384903,0.1639366348584493,0.13492601861556372,0.3473460177580516,0.36712708075841266,0.8784447908401489,-16.62149839299263,-7.304525952964923,-16.04068878367043,0.0,0.0
ES2002d,109,0.0,0.0,0.0,0.0,0.0,0.0,0.0,0.0,0.0,0.0,0.0,0.0,0.0
ES2002d,110,0.0,0.0,0.0,0.0,0.0,0.0,0.0,0.0,0.0,0.0,0.0,0.0,0.0
ES2002d,111,0.0,0.0,0.0,0.0,0.0,0.0,0.0,0.0,0.0,0.0,0.0,0.0,0.0
ES2002d,112,0.0,0.0,0.0,0.0,0.0,0.0,0.0,0.0,0.0,0.0,0.0,0.0,0.0
ES2002d,113,0.0,0.0,0.0,0.0,0.0,0.0,0.0,0.0,0.0,0.0,0.0,0.0,0.0
ES2002d,114,0.0,0.0,0.0,0.0,0.0,0.0,0.0,0.0,0.0,0.0,0.0,0.0,0.0
ES2002d,115,0.7339306275049845,0.4332959055900574,0.39910850922266644,0.15840541819731394,0.04378914708892504,0.598476767539978,0.483363797267278,0.8212671875953674,-7.122335624577428,19.43934279109419,-13.057197052418951,0.0,0.0
ES2002d,116,0.699319581190745,0.40341776112715405,0.5338875949382782,0.12008566409349442,0.04753845433394114,0.6032693386077881,0.43535271286964417,0.8351873755455017,-15.278695895036194,26.301787881640408,-30.067479517327783,0.0,0.0
ES2002d,117,0.6559651295344034,0.3398752311865489,0.4350485106309255,0.09814586738745372,0.057112377136945724,0.567232092221578,0.4513673583666484,0.9763985673586527,-22.501200016511678,25.586520459427987,-47.21797970397488,0.0,0.0
ES2002d,118,0.6693376104036967,0.27386606733004254,0.7049386998017629,0.15240134050448736,0.06287267555793126,0.4402314027150472,0.46197281281153363,0.9428707162539164,-16.66321852710752,35.182221590727295,-30.704384404828374,0.0,0.0
ES2002d,119,0.5700937807559967,0.3748729129632314,0.6631562312444051,0.13066726922988892,0.04607059092571338,0.589924176534017,0.5395593841870626,0.8779241243998209,-6.489780336416152,15.274449474876077,-7.350381891404919,0.0,0.0
ES2002d,120,0.6289503574371338,0.28052691618601483,0.8215191960334778,0.18077285339434943,0.09759100402394931,0.5526167651017507,0.5742772420247396,0.6933339138825735,-2.139342936774019,36.815636443662136,-14.615975140314603,0.0,0.0
ES2002d,121,0.5860412120819092,0.290611465771993,0.7235964834690094,0.24241049587726593,0.1477800098558267,0.595996618270874,0.5940550565719604,0.6767702748378118,4.9033599084773,22.836584161180554,-3.884168936728097,0.0,0.0
ES2002d,122,0.6179872155189514,0.3495935300985972,0.8601896365483602,0.2153191218773524,0.06978297233581543,0.5540239214897156,0.606850802898407,0.8233379125595093,9.324141061324017,22.934044707703197,-2.8481313223335367,0.0,0.0
ES2002d,123,0.5793063243230184,0.31702688833077747,0.8566937843958536,0.2742502788702647,0.11654446522394817,0.6499407688776652,0.5969947973887125,0.8700149456659952,6.326283642689159,19.953937036386296,-8.84934048573614,0.0,0.0
ES2002d,124,0.582728902498881,0.1790764257311821,0.7979714274406433,0.1415143758058548,0.030775311092535656,0.5536395112673441,0.5583797693252563,0.9826000928878784,3.085507233657142,16.784788581256223,-9.739536428711661,0.0,0.0
ES2002d,125,0.7754150629043579,0.6918679475784302,0.3542894820372264,0.2602697362502416,0.2810811052719752,0.4507661958535512,0.4899406631787618,0.675574521223704,-7.869532624658248,-8.603331920085834,-3.3454322931301967,0.0,0.0
ES2002d,126,0.8031401038169861,0.7428257266680399,0.36983617146809894,0.19990069170792898,0.09895695994297664,0.29916898409525555,0.39818306763966876,0.9386966427167257,2.7899441174942434,-5.980771922077365,0.03637540936262873,0.0,0.0
ES2002d,127,0.6589682300885519,0.3317390978336334,0.5993001858393351,0.12834820648034415,0.04928526779015859,0.6677704453468323,0.4026700456937154,0.946737806002299,-11.24156180519133,27.540416849235772,-37.668088797167954,0.0,0.0
ES2002d,128,0.6060561140378317,0.2329754283030828,0.5973540743192037,0.15885513027509054,0.05596675227085749,0.594464381535848,0.4273899495601654,0.9789166649182638,-9.746708798054756,24.033742953402193,-42.189720741659755,0.0,0.0
ES2002d,129,0.5339171787103018,0.20587549606959024,0.3890559623638789,0.14580175280570984,0.07046445334951083,0.6309256553649902,0.5070785880088806,0.5341464579105377,-8.54474606887467,22.18716767369047,-38.66876433073552,0.0,0.0
ES2002d,130,0.4995736579100291,0.37874697397152585,0.41075660785039264,0.23641842355330786,0.17271961271762848,0.29408038159211475,0.4187749723593394,0.2557313417394956,-28.4567224587958,-27.805425642711636,5.801382236716407,0.0,0.0
ES2002d,131,0.4612135092417399,0.29883960882822674,0.290378342072169,0.15250189478198686,0.055047020937005676,0.29177669684092206,0.44137701392173767,0.35196939498806995,-17.480484355290244,-27.10409318438293,-3.6301526467952634,0.0,0.0
ES2002d,132,0.5198879241943359,0.18242156505584717,0.29040586948394775,0.08979589492082596,0.04431878216564655,0.37577518324057263,0.44971927007039386,0.5458845545848211,-20.655143125989255,-17.51495799585337,8.38245018459297,0.0,0.0
ES2002d,133,0.4430121183395386,0.2147814134756724,0.28109754870335263,0.11809524645407994,0.05753827095031738,0.30615192155043286,0.38223471244176227,0.23501181105772653,-22.506076499034396,-21.796104833994253,31.166310168425824,0.0,0.0
ES2002d,134,0.5428555011749268,0.2581029882033666,0.3072855273882548,0.1312024767200152,0.09685967490077019,0.5022802253564199,0.35857024788856506,0.23205300389478603,-8.53547144773403,-16.790235191985857,13.791000535295689,0.0,0.0
ES2002d,135,0.6054224769274393,0.3236325532197952,0.3607114106416702,0.169576366742452,0.1319534108042717,0.4313385983308156,0.3962890108426412,0.39129272289574146,-2.176283912487768,-14.588936772827202,-7.232399148149628,0.0,0.0
ES2002d,136,0.6341659228006998,0.3783016949892044,0.25931258002916974,0.1086321733891964,0.07396907235185306,0.4075184365113576,0.45304210980733234,0.635626753171285,-6.878823418109431,-13.04652781854071,-8.859943311028788,0.0,0.0
ES2002d,137,0.5822634299596151,0.39470434188842773,0.3265867630640666,0.0925854096810023,0.08289955432216327,0.4547050893306732,0.37705646951993305,0.07482970009247462,-13.884560656259296,-14.770774749329972,-10.61371449565294,0.0,0.0
ES2002d,138,0.6664465665817261,0.44352762897809345,0.42687873045603436,0.06873565167188644,0.1493158439795176,0.25311702986558277,0.3990051547686259,0.8037436405817667,-17.893301495561285,-13.187353073176157,-10.888123697969204,0.0,0.0
ES2002d,139,0.5318138202031454,0.42735358079274494,0.3496761719385783,0.09712733700871468,0.06015781064828237,0.27559036513169605,0.44823529322942096,0.4061330258846283,-16.563874283992842,-16.425265603888814,-11.064130190360814,0.0,0.0
ES2002d,140,0.732812762260437,0.6415818134943644,0.1574496626853943,0.1354191998640696,0.15871288627386093,0.33868054548899335,0.518130342165629,0.9361899495124817,-17.844882586819022,-10.612612783248734,-9.72606208219308,0.0,0.0
ES2002d,141,0.6105682651201884,0.5724016924699148,0.12223020195960999,0.4175616353750229,0.566425529619058,0.13974146296580633,0.31362370153268176,0.6073021075377861,-25.389812296416505,-4.988134092624839,-5.889444528306586,0.0,0.0
ES2002d,142,0.6749248305956522,0.6122524440288544,0.17462176084518433,0.4587269475062688,0.404355193177859,0.2012485216061274,0.30523790915807086,0.7415916820367178,-26.018619816456148,13.779000993276256,-11.059500059750524,0.0,0.0
ES2002d,143,0.7768543759981791,0.798907478650411,0.1806387404600779,0.2555069699883461,0.19569612729052702,0.45224512616793316,0.41378751397132874,0.7004726032416025,-5.009856430273559,10.516652355827397,-15.42552114716473,0.0,0.0
ES2002d,144,0.7626514037450155,0.7129724621772766,0.15959257880846658,0.1046057182053725,0.032968598728378616,0.31223908563454944,0.5696611801783243,0.4038325964162747,-11.469179632835754,10.711069586357228,-23.40700851062373,0.0,0.0
ES2002d,145,0.7842841943105062,0.5878541072209676,0.12884029000997543,0.07825046901901563,0.025420306871334713,0.2528936465581258,0.6431870261828104,0.4874490300814311,-12.497424267980827,6.646935648248696,-29.24404336207523,0.0,0.0
ES2002d,146,0.6238512396812439,0.5174492100874583,0.2909882962703705,0.08516422907511394,0.03886017265419165,0.3994798461596171,0.4699471096197764,0.28037201302746934,-5.609379213723024,-10.253053389725057,-21.613696442178792,0.0,0.0
ES2002d,147,0.5762802362442017,0.5854404171307882,0.3269297331571579,0.1005578264594078,0.04460208987196287,0.3835149308045705,0.4037441412607829,0.1997758549017211,-1.5595192874448636,-16.51126172863633,-15.59852694477046,0.0,0.0
ES2002d,148,0.6508770783742269,0.4847638209660848,0.27085310220718384,0.08484381561477979,0.03982999951889118,0.4085298776626587,0.43108245730400085,0.17121211842944226,-4.785859655373705,-15.035968440890757,-13.29704207713513,0.0,0.0
ES2002d,149,0.595913310845693,0.39056089520454407,0.7107808987299601,0.37675976753234863,0.17120038469632468,0.5915300250053406,0.39080555240313214,0.5638857980569204,22.641105943066165,16.48399948993317,-7.063510405263834,0.0,0.0
ES2002d,150,0.626728892326355,0.4249340792496999,0.4109061161677043,0.27402880042791367,0.12363361194729805,0.31842108567555744,0.5099322398503622,0.8761176268259684,-4.5454204560568385,19.464527362587116,-18.20793586575277,0.0,0.0
ES2002d,151,0.5538941125075022,0.2866598342855771,0.5293773710727692,0.12470266471306483,0.02895195037126541,0.3675134728352229,0.4230335255463918,0.9601521492004395,-12.771551634261902,22.716861406081858,-15.747678193167191,0.0,0.0
ES2002d,152,0.5400518079598745,0.3020331511894862,0.20941303173700967,0.12473819653193156,0.10298011203606923,0.3107331146796544,0.3976223866144816,0.20831238478422165,-11.001319768205333,-18.5290892101572,-5.088250996091629,0.0,0.0
ES2002d,153,0.5159296294053396,0.30814580122629803,0.27011887232462567,0.14070955912272134,0.06786561136444409,0.503191257516543,0.423714558283488,0.10500590138447781,-9.367655432239795,-15.113268099644165,-6.11388681971987,0.0,0.0
ES2002d,154,0.5121185382207235,0.32226355870564777,0.3015350103378296,0.15261167287826538,0.15167135248581567,0.40272896488507587,0.43370144565900165,0.169512040913105,-5.897177645772035,-16.645263654657764,-5.485438789698847,0.0,0.0
ES2002d,155,0.4818784296512604,0.28247129420439404,0.23820433268944421,0.07862285027901332,0.036213175704081856,0.38224586844444275,0.40507131814956665,0.3246172070503235,-11.358870565142695,-16.536885249275326,-5.618088381883424,0.0,0.0
ES2002d,156,0.6745374798774719,0.2907371123631795,0.431205819050471,0.10313957184553146,0.05361835906902949,0.5772223969300588,0.5069523453712463,0.9274024168650309,-26.088448552687044,23.73665611322734,-44.479780953633984,0.0,0.0
ES2002d,157,0.6409676273663839,0.42878161867459613,0.26388947168986004,0.09253108377257983,0.05795306091507276,0.14553981771071753,0.4137334922949473,0.14971546735614538,-15.8392565397766,-8.145889944200126,-9.133088845741359,0.0,0.0
ES2002d,158,0.669416069984436,0.35623303055763245,0.34494851032892865,0.12291219954689343,0.08185575095315774,0.22623288134733835,0.36069448788960773,0.8587661186854044,-8.017316781785429,-7.773501172505938,-9.329660196182019,0.0,0.0
ES2002d,159,0.6115547517935435,0.4412717918554942,0.3580796768267949,0.18289770682652792,0.13634140292803446,0.3319528152545293,0.42282768090566,0.38726596363509697,1.776381214504802,-48.90755449533129,-10.769034696680578,0.0,0.0
ES2002d,160,0.6399032473564148,0.28442435959974927,0.2826863502462705,0.16649601856867471,0.20571190118789673,0.5829244256019592,0.4368907610575358,0.5244034714996815,-5.8005752864097575,-18.81337038728174,-8.764008654216571,0.0,0.0
ES2002d,161,0.5716271698474884,0.366815909743309,0.2629890739917755,0.38216935098171234,0.2870306894183159,0.30293135344982147,0.30591268340746564,0.9937880039215088,7.135059538741333,12.579423077468585,-7.80638979264615,0.0,0.0
ES2002d,162,0.7168087164560953,0.577619214852651,0.13343325754006705,0.08503193904956181,0.03458080254495144,0.1948423832654953,0.5348087549209595,0.12657374640305838,-18.736810688536114,10.1673839265288,-18.583945459327044,0.0,0.0
ES2002d,163,0.8195111552874247,0.6178552110989889,0.1349712759256363,0.13197467972834906,0.06390045459071796,0.21047369142373404,0.462317556142807,0.1286723737915357,-16.46817937805156,3.4238935117277696,-19.202136735157953,0.0,0.0
ES2002d,164,0.8358028531074524,0.6461597879727682,0.1724947914481163,0.12858441720406213,0.0570565809806188,0.34493201474348706,0.5182397166887919,0.46958336730798084,-13.976417136310241,3.7411638908820195,-16.685342823036958,0.0,0.0
ES2002d,165,0.827155351638794,0.7090825041135153,0.13116086274385452,0.1384074812134107,0.07001067449649175,0.3383297423521678,0.48207594950993854,0.3679858644803365,-13.813178708894364,3.785362070446869,-16.54016133027504,0.0,0.0
ES2002d,166,0.8406452933947245,0.7326014041900635,0.17693076034386954,0.12855894615252814,0.054780966291824974,0.477824072043101,0.5078628559907278,0.37935991026461124,-13.200835122711885,3.1838591121037787,-17.44651849944616,0.0,0.0
ES2002d,167,0.6777371962865194,0.40015048782030743,0.3056509296099345,0.08928897355993588,0.03165630499521891,0.22086609154939651,0.4787081182003021,0.6225183606147766,-17.215540951205092,11.379947674491206,-27.28474806242293,0.0,0.0
ES2002d,168,0.7439793149630228,0.5626784960428873,0.3481239279111226,0.06292183821400006,0.021184731274843216,0.44638124108314514,0.6031016707420349,0.4776116957267125,-13.83797412187681,13.246296769252018,-22.485888018047007,0.0,0.0
ES2002d,169,0.8074039419492086,0.783747136592865,0.3028590977191925,0.06650762011607488,0.018711897544562817,0.3205687304337819,0.581851581732432,0.4447506864865621,-9.531309530292418,5.307633923284542,-24.143729591906936,0.0,0.0
ES2002d,170,0.7927959561347961,0.8023157318433126,0.295510858297348,0.05841482927401861,0.01796374221642812,0.4545121490955353,0.572838544845581,0.2504064291715622,-8.873949897215164,6.590170357571306,-19.54675232320813,0.0,0.0
ES2002d,171,0.7581636706988016,0.709604541460673,0.2132421682278315,0.08803793042898178,0.028336077307661373,0.3257839282353719,0.5195008118947347,0.920532763004303,-10.61947252568133,6.037686368185246,-15.827906263560918,0.0,0.0
ES2002d,172,0.7905190785725912,0.6583199898401896,0.1373880902926127,0.08256423225005467,0.03338454042871793,0.22841253379980722,0.5225579738616943,0.37196579575538635,-11.354369588595704,6.207456730062103,-17.81834783045134,0.0,0.0
ES2002d,173,0.8228265444437662,0.7325209975242615,0.1906291345755259,0.06055666630466779,0.016148362619181473,0.31414319078127545,0.5291494329770406,0.7568286061286926,-10.55942822616627,5.018318364213649,-17.951579685437824,0.0,0.0
ES2002d,174,0.6964515248934428,0.3123335937658946,0.4308161238829295,0.17483440786600113,0.053531905015309654,0.5572009781996409,0.42258375883102417,0.8653887708981832,7.106848686602665,14.197890306212727,-11.09995001436061,0.0,0.0
ES2002d,175,0.5994312961896261,0.22669250021378198,0.5776361127694448,0.1486420234044393,0.04173010773956776,0.6059398055076599,0.48230305314064026,0.7644515832265218,8.093881123329156,18.41793315729674,-10.882030932010188,0.0,0.0
ES2002d,176,0.570320705572764,0.29689960678418476,0.4121886392434438,0.12184801697731018,0.04712901574869951,0.5490117569764456,0.5048421621322632,0.8799300789833069,-3.5669595595270764,18.69328518855285,-26.34186164895462,0.0,0.0
ES2002d,177,0.5737193922201792,0.47638849417368573,0.14760935554901758,0.10561856130758922,0.07387203226486842,0.19432108600934347,0.3742441236972809,0.012607017376770576,-14.262036107851623,-26.558544621948524,-17.294140869930626,0.0,0.0
ES2002d,178,0.6160884102185568,0.4621935983498891,0.2699529478947322,0.0839300553003947,0.05205173107484976,0.228898157676061,0.35014639298121136,0.33653684084614116,-13.870240910994815,-18.85748787466005,-17.09526621589981,0.0,0.0
ES2002d,179,0.7321160236994425,0.5636312961578369,0.32902642091115314,0.069541797041893,0.05764110138018926,0.2900047202905019,0.3796885510285695,0.924943745136261,-10.95077759684989,-6.903794543592088,-14.99011758368799,0.0,0.0
ES2002d,180,0.8072895805040995,0.5630996624628702,0.11792759348948796,0.04953064148624738,0.023743654911716778,0.4041575988133748,0.3963230053583781,0.45097359145681065,-10.64790495017084,-2.503551911529051,-13.244905747976228,0.0,0.0
ES2002d,181,0.8640933632850647,0.7020255128542582,0.13264170537392297,0.04785079633196195,0.013450671918690205,0.4615557789802551,0.44735326369603473,0.6999315619468689,-8.786081624954347,4.1368711403332386,-6.0084488951369925,0.0,0.0
ES2002d,182,0.8288611769676208,0.681092381477356,0.2351686805486679,0.054207123816013336,0.017919305401543777,0.26077333589394885,0.4639114538828532,0.6273840318123499,-7.757995172315229,2.5923204268358884,-6.058513674783458,0.0,0.0
ES2002d,183,0.7474323511123657,0.5652240713437399,0.26774697999159497,0.04978157579898834,0.021505724638700485,0.2656836311022441,0.4462904930114746,0.4999423623085022,-9.529217694317955,-4.015868986074121,-12.448552419764821,0.0,0.0
ES2002d,184,0.717939535776774,0.5254956583182017,0.27157575885454815,0.044236655036608376,0.032590306674440704,0.26055144270261127,0.4272213578224182,0.655190313855807,-8.265930193490911,-4.2276994661169915,-4.859904135134127,0.0,0.0
ES2002d,185,0.8380192319552103,0.7041694323221842,0.2217747370402018,0.07265698413054149,0.02749775970975558,0.23168741166591644,0.45534658432006836,0.9942373832066854,-3.1084999697280424,3.1969289602938993,-1.2851413785753083,0.0,0.0
ES2002d,186,0.6284497777620951,0.300964151819547,0.37019864718119305,0.26471715172131854,0.06869621699055035,0.30186958611011505,0.40512606501579285,0.7246948977311453,-2.967678561845385,17.89271329356933,-14.400456269451611,0.0,0.0
ES2002d,187,0.6157622337341309,0.4264605442682902,0.28108538687229156,0.21150496105353037,0.1117289662361145,0.5039612650871277,0.4042677382628123,0.9032179315884908,-8.093540574815195,8.227782865283901,-7.61625591123252,0.0,0.0
ES2002d,188,0.5335132877031962,0.38640286525090534,0.22627556572357813,0.32495827972888947,0.08536320055524509,0.5068456729253134,0.35271013776461285,0.9975256125132242,2.390526789598255,7.146946293712934,-4.04487099796026,0.0,0.0
ES2002d,189,0.5982029736042023,0.4677716592947642,0.13369499891996384,0.32037413120269775,0.08089064061641693,0.3358236501614253,0.33148502310117084,0.9754960338274637,1.4757782651518727,12.32155420352096,-8.873570923159415,0.0,0.0
ES2002d,190,0.5779534677664439,0.32809020082155865,0.45723554491996765,0.27511108418305713,0.1280752383172512,0.4479742149511973,0.41788725058237713,0.9868757724761963,-7.700382534050289,15.891647816597969,-15.256437286650183,0.0,0.0
ES2002d,191,0.5208892921606699,0.29575536648432416,0.35093244165182114,0.13247016568978628,0.07717379927635193,0.3856683323780696,0.44776156544685364,0.6772963404655457,-28.152103388874426,24.97448173250554,-22.39013132557918,0.0,0.0
ES2002d,192,0.6169736087322235,0.37897520263989765,0.6016373634338379,0.1928009887536367,0.13067612797021866,0.28704198201497394,0.5355249245961508,0.8289654652277628,-16.774810490213813,40.023905392220975,-16.924122719592464,0.0,0.0
ES2002d,193,0.6983333230018616,0.4793880482514699,0.6961952149868011,0.22472816705703735,0.10578895111878713,0.4480634431044261,0.48496800661087036,0.8810759584108988,-9.690794668200718,53.23623235771697,-14.252497772076088,0.0,0.0
ES2002d,194,0.6831678152084351,0.41527119278907776,0.6115129689375559,0.16655097901821136,0.08555962517857552,0.42063330113887787,0.5443116625150045,0.7375762462615967,-7.227758077079944,47.39433889935071,-11.56647230148623,0.0,0.0
ES2002d,195,0.714462141195933,0.33891092737515766,0.7164727250734965,0.15696236987908682,0.07801649967829387,0.6233745813369751,0.5183037519454956,0.904883603254954,-7.214728309276641,45.45187496852996,-12.04918512589971,0.0,0.0
ES2002d,196,0.6375062664349874,0.37299578388532,0.7484636108080546,0.1669895052909851,0.05684751644730568,0.5807279249032339,0.4302053948243459,0.881471316019694,-7.7211023027546375,43.87417941640803,-13.540100990895423,0.0,0.0
ES2002d,197,0.7068905631701151,0.4456610083580017,0.6865706443786621,0.19143085678418478,0.06202782690525055,0.6020113825798035,0.48473110795021057,0.8602275252342224,-8.939241638686827,42.88419435209963,-14.887648466328372,0.0,0.0
ES2002d,198,0.7265398104985555,0.46685898303985596,0.7989765008290609,0.22404126326243082,0.08281528453032176,0.5645211935043335,0.41698573033014935,0.9659533898035685,-6.8301287143924325,40.14405759576359,-14.937970013106474,0.0,0.0
ES2002d,199,0.6693224906921387,0.4856094817320506,0.7742789189020792,0.23366702099641165,0.09670032064119975,0.44965996344884235,0.5046345392862955,0.9180753032366434,-9.413941410097376,41.59927056281985,-14.285709012312436,0.0,0.0
ES2002d,200,0.6493435502052307,0.3974471688270569,0.6530103186766306,0.33224743604660034,0.17138861864805222,0.4002721259991328,0.4638500511646271,0.8626248439153036,-12.3808207225168,37.73258657148131,-16.402347830534733,0.0,0.0
ES2002d,201,0.5845432281494141,0.3450164298216502,0.3646772752205531,0.4288516640663147,0.3502160807450612,0.43677358826001483,0.3494860629240672,0.9905446569124857,-15.064861235574874,26.533830475036467,-17.556578769373555,0.0,0.0
ES2002d,202,0.6365493734677633,0.2919381360212962,0.4446183393398921,0.438764085372289,0.27446791032950085,0.4142901301383972,0.421742061773936,0.9685627818107605,-8.17978994932368,34.68971144811772,-9.923794747852769,0.0,0.0
ES2002d,203,0.672521968682607,0.21658837298552194,0.812947412331899,0.18121667702992758,0.06273245935638745,0.5450050930182139,0.5004258851210276,0.8862459063529968,-1.2979340361892373,44.85053476304745,-3.8254587666418973,0.0,0.0
ES2002d,204,0.7446742653846741,0.3695233662923177,0.8124433954556783,0.14174636205037436,0.04672155405084292,0.5214615712563196,0.44553500413894653,0.8955774505933126,-3.4777974658682553,46.88858484870486,-5.2905218282273685,0.0,0.0
ES2002d,205,0.7014560302098592,0.32247458895047504,0.6883816917737325,0.15068524579207102,0.04705563187599182,0.5029932757218679,0.3767700990041097,0.7709475755691528,-0.8163093684265368,37.07791600281116,-5.243611942948495,0.0,0.0
ES2002d,206,0.7329423030217489,0.3289206127325694,0.6455332537492117,0.09546256562074025,0.030834495400389034,0.34614525238672894,0.36576904853185016,0.862971285978953,-2.966229511819313,33.73654744483746,-6.671585331396959,0.0,0.0
ES2002d,207,0.5370055337746938,0.32773669560750324,0.48497934142748517,0.10898876190185547,0.04129208872715632,0.5577320555845896,0.48189085721969604,0.8954777518908182,-20.765595524897503,23.406939621131585,-33.16526926415515,0.0,0.0
ES2002d,208,0.5337028205394745,0.2816678434610367,0.48506776491800946,0.08593458185593288,0.04081025471289953,0.49968500932057697,0.47679799795150757,0.771203895409902,-25.200189072949446,26.00705535661669,-44.489362465291244,0.0,0.0
ES2002d,209,0.6129037141799927,0.359817773103714,0.33575884997844696,0.09058019891381264,0.030452177859842777,0.3152027279138565,0.567417174577713,0.10172716155648232,-29.642575805785466,26.265169968011858,-12.072112206935245,0.0,0.0
ES2002d,210,0.5495420495669047,0.3712543149789174,0.1464204490184784,0.20308560132980347,0.1562649831175804,0.4013376037279765,0.4994678596655528,0.3259903608510892,-50.22892265675873,36.416107777461605,-21.640717904820416,0.0,0.0
ES2002d,211,0.4859812259674072,0.530400425195694,0.3218589226404826,0.3008446892102559,0.4619296193122864,0.5541137754917145,0.5583958029747009,0.7518435716629028,-50.56739123143334,46.14723008370937,-29.563813383056672,0.0,0.0
ES2002d,212,0.5644121865431467,0.5342231194178263,0.41752899686495465,0.23917537927627563,0.27262625098228455,0.4770440806945165,0.5430821776390076,0.46572037041187286,-48.06233363064954,48.26132089955863,-26.57004443508762,0.0,0.0
ES2002d,213,0.6605038046836853,0.26644013822078705,0.7544264793395996,0.1908664107322693,0.07719160616397858,0.463454266389211,0.4945194522539775,0.9151007135709127,-0.6329974011369893,42.04104890064253,-8.72367761302016,0.0,0.0
ES2002d,214,0.671747068564097,0.2902177075544993,0.7741722663243612,0.19396544992923737,0.09181296577056249,0.46770793199539185,0.4605202376842499,0.766896386941274,-17.414271474335745,46.25121569268905,-18.233439721199705,0.0,0.0
ES2002d,215,0.6365000406901041,0.26655955115954083,0.7633505860964457,0.09281018873055775,0.03556087799370289,0.5606825252374014,0.4642774760723114,0.7391064365704855,-12.065124927365567,38.43727224929449,-16.054130784737975,0.0,0.0
ES2002d,216,0.6030909617741903,0.28640417257944745,0.7451690634091696,0.16784131278594336,0.07877901569008827,0.47592369715372723,0.42714041471481323,0.9472275376319885,-5.032832557409576,31.47633798368985,-12.394372606005762,0.0,0.0
ES2002d,217,0.6453929543495178,0.2492531587680181,0.7641113996505737,0.14263244469960532,0.07500401635964711,0.5451198021570841,0.4520672957102458,0.936741312344869,-18.14026773222379,44.437398381134415,-18.619873460515056,0.0,0.0
ES2002d,218,0.6640314261118571,0.2274729460477829,0.5650166273117065,0.13970507929722467,0.04708516287306944,0.493155558904012,0.4496416052182515,0.9628830353418986,-16.324642371798028,37.317504308052925,-18.356609840532254,0.0,0.0
ES2002d,219,0.6971825957298279,0.35818129281202954,0.554988960425059,0.08437812328338623,0.036880502477288246,0.4014042317867279,0.36597538987795514,0.8342243035634359,-7.593442924449628,32.280249469786696,-13.108527586162609,0.0,0.0
ES2002d,220,0.6955323417981466,0.2738143155972163,0.6292216877142588,0.13853919506072998,0.08086356396476428,0.43834232290585834,0.4255695541699727,0.8760528564453125,-8.154716113912924,41.55980075722204,-11.628746275967446,0.0,0.0
ES2002d,221,0.7180836200714111,0.3233235726753871,0.6703017552693685,0.16295591990152994,0.07400644570589066,0.4853592316309611,0.4584129750728607,0.6276270548502604,-9.009067972227882,38.34592811644102,-14.47850926095325,0.0,0.0
ES2002d,222,0.6382321119308472,0.4290282726287842,0.28408116598924,0.07229548195997874,0.06539058064421018,0.34291384120782215,0.363617201646169,0.3407070518781741,-13.39902167379727,-16.60231917033223,-11.270039861189417,0.0,0.0
ES2002d,223,0.6490743557612101,0.44791515668233234,0.24794294933478037,0.0690038837492466,0.026637859642505646,0.4654683768749237,0.38084354003270465,0.572488393013676,-9.421643116496165,-17.94196058641218,-11.13279913818601,0.0,0.0
ES2002d,224,0.6413144071896871,0.46900880336761475,0.23233138024806976,0.06510677561163902,0.031639060005545616,0.5884939432144165,0.36645346879959106,0.15090305979053178,-5.163409510834904,-30.77434386802859,-11.180472015547316,0.0,0.0
ES2002d,225,0.5832100709279379,0.39429591099421185,0.14702226966619492,0.08927658945322037,0.061675907423098884,0.5350323965152105,0.4038628836472829,0.2980771853278081,-7.589972166038777,-31.086014433420484,-10.040657374659354,0.0,0.0
ES2002d,226,0.7173479398091634,0.2370677888393402,0.6725060741106669,0.1574439878265063,0.0695463257531325,0.6135565042495728,0.45527652899424237,0.965093731880188,-5.450965942538584,40.42196814458264,-9.019002560067845,0.0,0.0
ES2002d,227,0.690157930056254,0.19439246753851572,0.7487403551737467,0.18641931315263113,0.06365669146180153,0.7145945032437643,0.3786499897638957,0.9788812398910522,-15.079056267101501,43.42853832774582,-15.815447364663024,0.0,0.0
ES2002d,228,0.5448845227559408,0.4177161653836568,0.09220429261525472,0.06687033548951149,0.02788556118806203,0.7467962304751078,0.4628538290659587,0.02847396085659663,-5.377768401483951,-42.72142024576882,-8.500171516295653,0.0,0.0
ES2002d,229,0.5025719404220581,0.3820800979932149,0.1404088114698728,0.07563949127991994,0.030748731767137844,0.7245962222417196,0.4384722411632538,0.0127366886784633,-3.4069088074956064,-43.630940619242956,-9.81691119885866,0.0,0.0
ES2002d,230,0.518895298242569,0.421446830034256,0.08132889866828918,0.06994180132945378,0.033295609056949615,0.7540086110432943,0.49414069453875226,0.0627383313452204,-2.360086388490281,-43.489933075563606,-10.439519343767016,0.0,0.0
ES2002d,231,0.5287606418132782,0.2918098568916321,0.09522449721892674,0.0737363447745641,0.03419579813877741,0.7817726731300354,0.40584513545036316,0.026947381906211376,-4.354166518099972,-39.1778839127385,-10.627277297564113,0.0,0.0
ES2002d,232,0.682673434416453,0.2767389963070552,0.8068315982818604,0.10768615702788036,0.04459748541315397,0.5994683305422465,0.4733069936434428,0.8260197440783182,-15.082092555314297,45.508292625920795,-17.906599252038976,0.0,0.0
ES2002d,233,0.5318836569786072,0.4072485367457072,0.5712100366751353,0.09450436631838481,0.05101220247646173,0.18615736067295074,0.46768657366434735,0.266847625374794,-21.10308240475491,-16.968271198849703,-3.4741913405288103,0.0,0.0
ES2002d,234,0.5405500034491221,0.3493795394897461,0.30952396988868713,0.10696045185128848,0.0707922875881195,0.4604078431924184,0.3674852152665456,0.43609125539660454,7.035252459659067,-32.2717238512441,-25.084179683833113,0.0,0.0
ES2002d,235,0.5374241967995962,0.37567917505900067,0.11489519228537877,0.07382802913586299,0.03717503510415554,0.5206926266352335,0.4431995054086049,0.13479510609370968,-7.208966179693403,-34.282846670434076,-13.98001587562347,0.0,0.0
ES2002d,236,0.5887179474035898,0.36838430166244507,0.1494599183400472,0.0655766452352206,0.02554481476545334,0.5083779295285543,0.4102253218491872,0.19015727331861854,-8.648789729148463,-30.180500489559364,-10.742451718413724,0.0,0.0
ES2002d,237,0.4878155787785848,0.3832509418328603,0.06946055591106415,0.08093712478876114,0.04020938339332739,0.7602906624476115,0.48234823346138,0.01342996722087264,-7.339311163430679,-37.81270290693194,-10.056325205750596,0.0,0.0
ES2002d,238,0.5261000593503317,0.43408124645551044,0.08962952345609665,0.06929696599642436,0.03251184212664763,0.666688601175944,0.46947545806566876,0.09284745032588641,-6.2118663431275785,-38.407322027517836,-10.37483609412354,0.0,0.0
ES2002d,239,0.6485795378684998,0.37204640607039136,0.6089433431625366,0.2485137532154719,0.09620705371101697,0.6535151700178782,0.3781438171863556,0.8868442177772522,12.0415060915563,20.366442600783373,-4.97844093037735,0.0,0.0
ES2002d,240,0.6989987095197042,0.4810591737429301,0.2912451426188151,0.10056430101394653,0.10858131945133209,0.29348645110925037,0.4062148928642273,0.4087318458283941,-10.267257890596024,-12.923905106868531,-18.823291726547506,0.0,0.0
ES2002d,241,0.7318198680877686,0.20403591295083365,0.7262218594551086,0.12543696910142899,0.05281042431791624,0.4805050194263458,0.5160435835520426,0.6645750602086385,-19.042353536237055,44.385028260732874,-17.530211008478684,0.0,0.0
ES2002d,242,0.6996889710426331,0.23949937522411346,0.7317096988360087,0.16842940946420035,0.06238733356197675,0.6397159894307455,0.45013193289438885,0.7164300034443537,-16.633655462861707,43.10572498298512,-16.16423372944341,0.0,0.0
ES2002d,243,0.6301372448603312,0.3354046046733856,0.6693412562211355,0.12265744060277939,0.04242096468806267,0.5197599083185196,0.39390339454015094,0.9500712951024374,-8.99764674327391,32.504757192895575,-12.081520299945332,0.0,0.0
ES2002d,244,0.6687225898106893,0.32622475425402325,0.680985689163208,0.15420142809549967,0.03975503332912922,0.5929603477319082,0.4270820717016856,0.9179767370223999,-10.097087167765752,34.61032314765665,-12.934379543741533,0.0,0.0
ES2002d,245,0.6449412306149801,0.2624575545390447,0.6862771511077881,0.1347049946586291,0.06333630656202634,0.6553864280382792,0.49887145558993023,0.7734825611114502,-14.766325245651364,47.98489199499419,-14.019084473843984,0.0,0.0
ES2002d,246,0.6661343177159628,0.4465615749359131,0.6248780091603597,0.12151555716991425,0.049445945769548416,0.3643318737546603,0.48629709084828693,0.6166714976231257,-14.498102551759521,51.74597074253298,-14.368723114892134,0.0,0.0
ES2002d,247,0.6583433151245117,0.4294878840446472,0.5879445672035217,0.2521556516488393,0.12080910056829453,0.5634269714355469,0.5146212180455526,0.8938745260238647,-14.538002454209737,48.05580471796128,-15.529299248797654,0.0,0.0
ES2002d,248,0.6684970259666443,0.25475966433684033,0.6730046272277832,0.2250401129325231,0.11391335229078929,0.43986542026201886,0.4389449159304301,0.9835372765858968,-13.531952505072192,47.315747041467716,-15.74722641996079,0.0,0.0
ES2002d,249,0.6479844649632772,0.3367327153682709,0.5950548052787781,0.14584323267141977,0.06130104263623556,0.4959351023038228,0.5858295361200968,0.5147598385810852,-25.81356492987966,65.05070869252093,-29.491601553261745,0.0,0.0
ES2002d,250,0.5720667640368143,0.26868173480033875,0.6140433053175608,0.10810596992572148,0.048526437332232795,0.501936693986257,0.5947829683621725,0.14749925335248312,-30.187448040562945,49.11403621343894,-30.283293484679536,0.0,0.0
ES2002d,251,0.6015069882074991,0.2788883050282796,0.5575958291689554,0.15535994370778403,0.06160377090175947,0.47337138652801514,0.5894055565198263,0.37294962257146835,-22.288705392197045,52.0267684824214,-29.79617914214315,0.0,0.0
ES2002d,252,0.6779467860857645,0.4654649794101715,0.29838596532742184,0.19192451735337576,0.08767414093017578,0.34434542804956436,0.4674506187438965,0.7643078366915385,-18.579877736446416,19.295637900016448,-27.366472188248256,0.0,0.0
ES2002d,253,0.6476285457611084,0.27788742383321124,0.22547469039758047,0.2818772494792938,0.13873320569594702,0.20992416143417358,0.49218612909317017,0.9155925512313843,-17.322598955246118,15.506304780003767,-19.31538581523398,0.0,0.0
ES2002d,254,0.6128490964571635,0.28755032022794086,0.27657688160737354,0.15824492275714874,0.07535775005817413,0.2867739349603653,0.4710235893726349,0.9221513271331787,-19.389587208934284,19.265254916745416,-20.266493239761825,0.0,0.0
ES2002d,255,0.6234697500864664,0.26649471124013263,0.6631502608458201,0.20931517084439596,0.08100311209758122,0.4299796720345815,0.4368172188599904,0.9097401102383932,-10.718718040419345,39.91300742729339,-14.45335343754959,0.0,0.0
ES2002d,256,0.6769473354021708,0.3487929105758667,0.7072612047195435,0.21344351271788278,0.09862849364678065,0.3282470852136612,0.42827629049619037,0.9438416560490926,-4.05677780521704,49.46988281088881,-8.847679456186714,0.0,0.0
ES2002d,257,0.6657047073046366,0.25716981291770935,0.6437284549077352,0.1977162609497706,0.05924583226442337,0.5358330110708872,0.4562397301197052,0.9648566444714864,-4.375646473214322,46.79889953241614,-7.564954871101875,0.0,0.0
ES2002d,258,0.6030644377072653,0.42418797810872394,0.5458684265613556,0.18578669925530752,0.07690926392873128,0.438520222902298,0.48234320680300397,0.4475860297679901,-4.867777765393721,37.078126088456486,-8.148917565068613,0.0,0.0
ES2002d,259,0.549991617600123,0.28409843643506366,0.45349980394045514,0.12460303803284963,0.02061463116357724,0.36767588555812836,0.48677536845207214,0.3285174195965131,-21.998319777961882,23.066140657578188,-22.34579159269283,0.0,0.0
ES2002d,260,0.4584672252337138,0.24374733368555704,0.5696704983711243,0.1206394371887048,0.09048421494662762,0.407656192779541,0.3648134072621663,0.38478051622708637,7.881479562228314,-35.22380729409906,-22.84356453484956,0.0,0.0
ES2002d,261,0.6804790496826172,0.4941060245037079,0.3196064581473668,0.1267357443769773,0.08024279276529948,0.3590605854988098,0.46283984184265137,0.7071193705002466,14.01689919192485,-25.14443834556853,-1.208007017986221,0.0,0.0
ES2002d,262,0.6016369064648946,0.4271244704723358,0.1543246457974116,0.16245722273985544,0.08709371834993362,0.29770617187023163,0.4745101233323415,0.5114604234695435,14.459524913212897,-20.189605579199327,-2.708962253440866,0.0,0.0
ES2002d,263,0.633608341217041,0.371674507856369,0.24714013437430063,0.09452939902742703,0.05307693841556708,0.3018463800350825,0.40384411811828613,0.5852422912915548,4.191994129868296,-15.744199940460357,-3.7559823289033987,0.0,0.0
ES2002d,264,0.5865227778752645,0.32938780387242633,0.2758718505501747,0.07081734140714009,0.025294935330748558,0.43654224773248035,0.41814502080281574,0.9419734875361124,-3.070273054119932,-9.185367491820287,0.6379481221453639,0.0,0.0
ES2002d,265,0.4651822845141093,0.267265389362971,0.4148756265640259,0.05322948843240738,0.023912109434604645,0.27940573791662854,0.3322906792163849,0.7053834994633993,-2.2682869237070977,-10.491144810877538,-0.6966254703901534,0.0,0.0
ES2002d,266,0.6325255831082662,0.3582243174314499,0.2840550939242045,0.04871250440677007,0.0185392905647556,0.3875524898370107,0.40277088681856793,0.47431159019470215,-2.424467580936456,-8.748386340558325,3.0436144027532595,0.0,0.0
ES2002d,267,0.6944486498832703,0.4574701090653737,0.21511365473270416,0.08656694615880649,0.02828048604230086,0.3841801732778549,0.42782607674598694,0.8080959320068359,-2.849429999285922,-6.33797816850286,4.684749827555812,0.0,0.0
ES2002d,268,0.6556786696116129,0.3632436792055766,0.2717561473449071,0.09074659397204717,0.040504818161328636,0.4860946536064148,0.4267326295375824,0.733131210009257,-0.030559860357434854,-10.83087159318895,2.0522332517867823,0.0,0.0
ES2002d,269,0.5418356855710348,0.2909968892733256,0.28043996791044873,0.07230446860194206,0.03715362555036942,0.2442182550827662,0.33776727318763733,0.8161562283833822,-0.2474185479362113,-13.23024527411092,1.095896079396196,0.0,0.0
ES2002d,270,0.6267308990160624,0.3736029465993245,0.31578605870405835,0.0655684048930804,0.03195504037042459,0.45610590775807697,0.4491827090581258,0.2757777515798807,-2.33060189116797,-7.119482232772806,2.1695185237357566,0.0,0.0
ES2002d,271,0.6649775505065918,0.5050778885682424,0.2146379699309667,0.06012985731164614,0.016637681983411312,0.30336853861808777,0.49076659480730694,0.16050840790073076,-0.6633451856700039,-3.850451664860793,1.8558854897788917,0.0,0.0
ES2002d,272,0.6745897928873698,0.3939184943834941,0.2042175978422165,0.09955538436770439,0.03071702302743991,0.30185792843500775,0.3945181667804718,0.8698945840199789,-1.4010739619343973,-6.799620468388884,1.743722797291853,0.0,0.0
ES2002d,273,0.5985112984975179,0.34470710158348083,0.3531704246997833,0.05083563799659411,0.02349866305788358,0.37213582793871564,0.35528336962064105,0.8135383327802023,-0.9850108968518226,-9.240085308155438,3.195729083128299,0.0,0.0
ES2002d,274,0.7010399103164673,0.46225722630818683,0.13711957136789957,0.0963503470023473,0.03918928777178129,0.2694999823967616,0.3956170479456584,0.97943643728892,0.8105540908444467,-4.878240787211988,5.753281745236527,0.0,0.0
ES2002d,275,0.6883464058240255,0.4475880066553752,0.2659621735413869,0.09235612427194913,0.04832416276137034,0.23736714820067087,0.36308013399442035,0.7382004956404368,-1.4471760267103273,-10.322723560077769,-0.25461274008797474,0.0,0.0
ES2002d,276,0.6367358962694804,0.28333568572998047,0.6185679336388906,0.2661401679118474,0.13919278234243393,0.5353943506876627,0.45507192611694336,0.8857956727345785,6.473563682455885,41.472369363482926,-2.6400021304303216,0.0,0.0
ES2002d,277,0.6888929804166158,0.37083638707796734,0.7634909550348917,0.22837473452091217,0.07523192962010701,0.5386672814687093,0.5233834981918335,0.7836642861366272,4.256056761425914,40.25223730338194,-4.486745035743619,0.0,0.0
ES2002d,278,0.7129747668902079,0.33620421091715497,0.6911638577779134,0.13825603822867075,0.06268541142344475,0.43038128316402435,0.4837358196576436,0.9252332448959351,-1.9253437284969246,41.882446510524986,-7.7700636265063,0.0,0.0
ES2002d,279,0.683091958363851,0.27412756780783337,0.7646410862604777,0.0995204895734787,0.04128951455156008,0.5296549101670583,0.4547909001509349,0.9354535142580668,-18.134429582785675,46.517463486981875,-20.73087531467338,0.0,0.0
ES2002d,280,0.6554945707321167,0.3294982413450877,0.8431574503580729,0.09925711403290431,0.0568683793147405,0.39443575342496234,0.39359308282534283,0.7333635091781616,-18.16008791524513,48.87431925116491,-20.051453970062507,0.0,0.0
ES2002d,281,0.6659558614095052,0.2567602942387263,0.7420815626780192,0.12438925355672836,0.049843281507492065,0.4693834086259206,0.4897162715593974,0.5067540059487025,-18.569446307161243,44.71642660962832,-19.40387937185834,0.0,0.0
ES2002d,282,0.6489768822987875,0.2026857485373815,0.7055276036262512,0.1691370035211245,0.0827876552939415,0.6084381540616354,0.45269811153411865,0.960763951142629,-26.722279938356497,49.55653609416882,-28.13137341171527,0.0,0.0
ES2002d,283,0.6933542092641195,0.22009449700514475,0.8321826060612997,0.12093927959601085,0.06158385549982389,0.598786324262619,0.4331124424934387,0.9505781332651774,-18.469593872698216,47.02923569093519,-20.735494744088086,0.0,0.0
ES2002d,284,0.667706310749054,0.3422815650701523,0.6113104621569315,0.22669876366853714,0.10523589700460434,0.6023576557636261,0.4627092778682709,0.9081238508224487,-18.769156201062685,56.19359226537724,-20.74271351142693,0.0,0.0
ES2002d,285,0.6679189403851827,0.3484230190515518,0.24074178685744604,0.2684062495827675,0.4672744752218326,0.3919132202863693,0.33010974526405334,0.9366299311319987,-10.4264319199121,-12.89818247615839,-8.82522673501646,0.0,0.0
ES2002d,286,0.5957390666007996,0.405705322821935,0.17609127114216486,0.37897156675656635,0.640531063079834,0.3939228355884552,0.29452144106229144,0.9985672434171041,-11.305823552030523,-15.11663234798666,-8.318504453763119,0.0,0.0
ES2002d,287,0.6338869631290436,0.4628705283006032,0.2006558875242869,0.17771953841050467,0.27009243207673234,0.34244275589783985,0.3152385950088501,0.8521766265233358,-9.074962221397756,-10.802219580149162,-10.341219802764895,0.0,0.0
ES2002d,288,0.7118321657180786,0.332783301671346,0.7158475120862325,0.18557648857434592,0.04535939606527487,0.7702066500981649,0.37474843859672546,0.7601810892422994,12.802700270453542,21.964428239260727,-2.494054288485209,0.0,0.0
ES2002d,289,0.7175159255663554,0.3420867919921875,0.7596932053565979,0.26232805848121643,0.06945485373338063,0.6938154101371765,0.3635705014069875,0.8068966269493103,13.499272919512778,20.904637544723055,-1.5442187310320614,0.0,0.0
ES2002d,290,0.7790614366531372,0.3928089737892151,0.26649655650059384,0.09900503357251485,0.12295387436946233,0.31748227775096893,0.3559459348519643,0.7752188543478647,-10.44083077788918,-4.534453315647531,-2.7827128134545354,0.0,0.0
ES2002d,291,0.7398685018221537,0.3692619800567627,0.21674186487992605,0.08223876357078552,0.05957345602413019,0.3888686001300812,0.37174108624458313,0.8871486584345499,-3.440779498505688,-4.684913976269492,-0.004156532163347659,0.0,0.0
ES2002d,292,0.7413403292497,0.6118647555510203,0.25891590615113574,0.11606007938583691,0.05802489041040341,0.3295249144236247,0.4142582615216573,0.8915550112724304,-2.7020857312687485,0.9207339360231716,-3.062622008303334,0.0,0.0
ES2002d,293,0.841530462106069,0.6361923217773438,0.23064704984426498,0.13493436326583227,0.06001072749495506,0.2785380532344182,0.45127583543459576,0.6746085174381733,-6.753643951963455,6.30620506493934,-5.3452218382984995,0.0,0.0
ES2002d,294,0.6615916689236959,0.32080475489298504,0.33882272740205127,0.12472457190354665,0.03800354401270548,0.48550355434417725,0.5124586621920267,0.9309761722882589,-37.50177408480672,61.325282318201495,-39.37387312093896,0.0,0.0
ES2002d,295,0.6678062081336975,0.4872629940509796,0.31223808725674945,0.15694452077150345,0.10995762795209885,0.504488080739975,0.4715864062309265,0.6371033191680908,16.9502761565156,-14.449573216734686,-12.855309353565369,0.0,0.0
ES2002d,296,0.6471498012542725,0.24546249707539877,0.4061053196589152,0.29631411532560986,0.41652384400367737,0.3241923203070958,0.37579705317815143,0.9852039813995361,29.055220999617962,-15.511652767062657,-12.740581419954339,0.0,0.0
ES2002d,297,0.6057971020539602,0.36340340971946716,0.4484398663043976,0.35190796355406445,0.39722831050554913,0.41321876645088196,0.4681362410386403,0.6591600477695465,31.713137755840535,-20.783249606659712,-9.798133866643983,0.0,0.0
ES2002d,298,0.4367540081342061,0.34877686699231464,0.17401063442230225,0.3008345539371173,0.16945279637972513,0.423829048871994,0.4704706569512685,0.65667791167895,24.55033458592257,-18.971896252248936,-3.093321106422034,0.0,0.0
ES2002d,299,0.6790683070818583,0.3861556152502696,0.2846282124519348,0.15076807389656702,0.08717063690225284,0.6501782139142355,0.35719993710517883,0.7713097333908081,7.339791387631202,-14.657087995780481,-0.3415273977671432,0.0,0.0
ES2002d,300,0.6291674375534058,0.43600284059842426,0.197701965769132,0.1993377779920896,0.21032681067784628,0.5317663749059042,0.41920241713523865,0.7558169762293497,10.288757475563807,-28.934622038974975,5.220734130069482,0.0,0.0
ES2002d,301,0.6226083238919576,0.38340839743614197,0.3046802033980687,0.17729490995407104,0.13067798192302385,0.5354763766129812,0.4333353539307912,0.43252253780762356,15.416639075693888,-32.64291638703495,0.6048752363941867,0.0,0.0
ES2002d,302,0.5737548073132833,0.36898173391819,0.5566673278808594,0.1340078910191854,0.08317255042493343,0.46943843364715576,0.40211376547813416,0.3691035881638527,1.4658437533457256,32.826749576022614,-7.633906449194371,0.0,0.0
ES2002d,303,0.7849902908007304,0.5581148266792297,0.21467732141415277,0.1319703534245491,0.11025632234911124,0.2897292971611023,0.3419028619925181,0.9603181481361389,-0.19857543187972837,-4.569394009825789,7.911546801343326,0.0,0.0
ES2002d,304,0.7505602439244589,0.2583028127749761,0.358058234055837,0.15715776135524115,0.051820775493979454,0.4622319241364797,0.3881143033504486,0.7898148198922476,-0.4589621340664842,25.714672402331047,-8.374978537251794,0.0,0.0
ES2002d,305,0.765315035978953,0.34373411039511365,0.3476269443829854,0.24239694823821387,0.17990195378661156,0.5113988618055979,0.35245928665002185,0.7401458223660787,2.133154783280541,27.82946315535204,-6.169259882031166,0.0,0.0
ES2002d,306,0.0,0.0,0.0,0.0,0.0,0.0,0.0,0.0,0.0,0.0,0.0,0.0,0.0
ES2002d,307,0.0,0.0,0.0,0.0,0.0,0.0,0.0,0.0,0.0,0.0,0.0,0.0,0.0
ES2002d,308,0.28174692392349243,0.17096871137619019,0.16548856099446616,0.2234834829966227,0.1915412743886312,0.12319224079449971,0.09624699751536052,0.2987259427706401,-0.7079142849864858,1.9793482170054932,-4.554769282653839,0.0,0.0
ES2002d,309,0.0,0.0,0.0,0.0,0.0,0.0,0.0,0.0,0.0,0.0,0.0,0.0,0.0
ES2002d,310,0.26485933860143024,0.21548906962076822,0.11818342407544453,0.024741577605406444,0.005880465731024742,0.13247444232304892,0.17063029607137045,0.1806979775428772,-5.118576181881367,7.811582358079575,-4.596967001792705,0.0,0.0
ES2002d,311,0.5555445750554403,0.3104960670073827,0.5209288895130157,0.11116404831409454,0.03285097765425841,0.4179234703381856,0.47543031970659894,0.9117807348569235,-16.159477842389965,51.155989069424294,-11.835721399169705,0.0,0.0
ES2002d,312,0.4769931336243947,0.35456769665082294,0.5894064605236053,0.1822160705924034,0.1092556801935037,0.3615851402282715,0.43624307711919147,0.725889320174853,-15.565652221486559,46.37154262174699,-10.657995253311231,0.0,0.0
ES2002d,313,0.5659413834412893,0.2500618149836858,0.6020227571328481,0.23523927728335062,0.10343011965354283,0.33401350180308026,0.4186768929163615,0.8118812243143717,-26.600391573995807,56.43690704382056,-24.1542553134564,0.0,0.0
ES2002d,314,0.6430343588193258,0.36677350103855133,0.5316189825534821,0.285548560321331,0.16013369212547937,0.6030706763267517,0.520545115073522,0.8116734623908997,-20.10511194241711,54.36194520912387,-22.748817945941607,0.0,0.0
ES2002d,315,0.6852407256762186,0.47754838069279987,0.6057290236155192,0.2567324886719386,0.20229072868824005,0.3855497141679128,0.4517207642396291,0.9757747252782186,-18.833254136833283,51.12998974877586,-19.02841145704672,0.0,0.0
ES2002d,316,0.6823850472768148,0.24717689057191214,0.7810936570167542,0.16171492884556452,0.08785065015157063,0.48767276604970294,0.4631620744864146,0.9576231837272644,-10.90917058249592,46.25848448569409,-13.331304633534563,0.0,0.0
ES2002d,317,0.6645650466283163,0.30684342980384827,0.6661112705866495,0.21335051457087198,0.09941377490758896,0.5665776530901591,0.500684122244517,0.949812114238739,-12.717144456308455,46.830624782367444,-14.5903411133232,0.0,0.0
ES2002d,318,0.676617423693339,0.36646175384521484,0.7510975003242493,0.18687008817990622,0.06966608886917432,0.5404906372229258,0.4517613450686137,0.9225728313128153,-11.929778457149462,42.27863315107575,-14.07822937098627,0.0,0.0
ES2002d,319,0.645246148109436,0.23103958865006766,0.8413127859433492,0.18770092725753784,0.06327996775507927,0.654063880443573,0.5062426328659058,0.7294018665949503,-12.06331243927976,42.913815211958685,-13.622744372387112,0.0,0.0
ES2002d,320,0.63929549853007,0.2799208660920461,0.7181820074717203,0.23651580015818277,0.14982488503058752,0.5303939978281657,0.406489630540212,0.947081446647644,8.326754099127909,21.514934291666474,-4.113902492564249,0.0,0.0
ES2002d,321,0.6463757157325745,0.362302894393603,0.5397134224573771,0.13664857049783072,0.026792374749978382,0.48909387985865277,0.41852910319964093,0.8111184040705363,1.470945101564774,-3.062484201784322,-2.4513987988223858,0.0,0.0
ES2002d,322,0.5092970629533132,0.26970551908016205,0.48832152287165326,0.09421159823735555,0.025683775544166565,0.5187049210071564,0.385900358359019,0.41541124631961185,-4.01637025072332,-28.470823177945913,3.551481861813316,0.0,0.0
ES2002d,323,0.6937376459439596,0.36606542269388836,0.6740706364313761,0.21439004937807718,0.0744418775041898,0.46146124601364136,0.45673951506614685,0.5981328090031942,-8.806470631688804,39.61141986977426,-13.742501636613719,0.0,0.0
ES2002d,324,0.6083862980206808,0.31325223048528034,0.7754418849945068,0.14727102468411127,0.04159827344119549,0.4564921359221141,0.3875201841195424,0.8542313575744629,-0.5222695199456276,36.354102499104165,-12.359453247540662,0.0,0.0
ES2002d,325,0.6206764578819275,0.4005388965209325,0.35504195590813953,0.20277021825313568,0.24322794626156488,0.47887903451919556,0.39190323154131573,0.5221350242694219,-6.089548407606437,-14.928703792320754,-7.001067485704804,0.0,0.0
ES2002d,326,0.6588647166887919,0.31978218257427216,0.7247762481371561,0.33558760086695355,0.10738193243741989,0.48293402791023254,0.5484528144200643,0.960756262143453,-11.004484158390236,37.65165975576843,-14.37136895629178,0.0,0.0
ES2002d,327,0.6759857734044393,0.3335240383942922,0.5784395535786947,0.33866092562675476,0.15509509046872458,0.393000066280365,0.46419522166252136,0.9891997575759888,-17.858880807038425,27.9960754369163,-18.479800167247944,0.0,0.0
ES2002d,328,0.6291717290878296,0.26416083176930744,0.5045103778441747,0.24818620582421622,0.12708812455336252,0.4635458787282308,0.48134060700734455,0.9904739459355673,-22.58205902638476,27.976322256154408,-23.98189103544331,0.0,0.0
ES2002d,329,0.573047548532486,0.2627831697463989,0.5289362470308939,0.15072786808013916,0.09355528901020686,0.5763131777445475,0.4889214833577474,0.6327230905493101,-25.609086897664685,31.779238619257047,-31.33038666099397,0.0,0.0
ES2002d,330,0.6388381719589233,0.41608741879463196,0.37042468786239624,0.151745875676473,0.13430329163869223,0.6005769968032837,0.41687212387720746,0.8706178267796835,-1.0593175482148538,21.467630542773964,-11.863899301548342,0.0,0.0
ES2002d,331,0.7164178291956583,0.5143036643664042,0.5765403012434641,0.2571123043696086,0.11575715243816376,0.5360048611958822,0.4292766253153483,0.8622510631879171,12.736862391531284,16.333010411945985,-0.27659269207058995,0.0,0.0
ES2002d,332,0.7577278017997742,0.5008082091808319,0.5527512629826864,0.3324526945749919,0.14433967570463815,0.5835776825745901,0.44022008776664734,0.9335429668426514,-1.4970505597949,22.199720419152538,-6.668594961952416,0.0,0.0
ES2002d,333,0.665788451830546,0.2961735079685847,0.520876944065094,0.26638277620077133,0.11392754564682643,0.4818122287591298,0.43327902754147846,0.9847966233889262,-17.664683531159614,29.19510596777178,-18.5039034458836,0.0,0.0
ES2002d,334,0.6160393953323364,0.22073104480902353,0.6330473025639852,0.11746559043725331,0.04195328801870346,0.3873198926448822,0.44175395369529724,0.7491750121116638,-24.288757211539632,30.47201681240656,-25.513097377809903,0.0,0.0
ES2002d,335,0.543557365735372,0.26776952544848126,0.3729393631219864,0.09546655416488647,0.04841858893632889,0.6305638750394186,0.519143283367157,0.5156524007519087,-27.57188695254943,25.848367780296133,-35.00057538576785,0.0,0.0
ES2002d,336,0.47625041007995605,0.3146006464958191,0.2856171429157257,0.15352987746397653,0.1069523220260938,0.4819343686103821,0.5822423100471497,0.7300026019414266,-30.239237498546874,25.163437907948495,-30.939082513286234,0.0,0.0
ES2002d,337,0.47270897030830383,0.15136216332515082,0.6059387177228928,0.19087474048137665,0.02721411796907584,0.7327880263328552,0.4804193079471588,0.7848640481630961,-5.89677003792955,14.689787907682385,-14.128866487430258,0.0,0.0
ES2002d,338,0.6069479783376058,0.19719589004913965,0.6662624279657999,0.1662315552433332,0.03180265364547571,0.7950268387794495,0.4974788427352905,0.8154359459877014,-3.1446391967403127,13.132996687031607,-18.95150870411104,0.0,0.0
ES2002d,339,0.5508914391199747,0.13335639735062918,0.7384927074114481,0.21139646569887796,0.023317332069079082,0.7781465649604797,0.492074579000473,0.49379419287045795,-2.8888405081794084,16.273392657053346,-23.671697738088398,0.0,0.0
ES2002d,340,0.41963504751523334,0.14868457367022833,0.6485139628251394,0.1897933433453242,0.024433889736731846,0.6727239688237509,0.502006987730662,0.6933861871560415,-2.4201150686746717,15.161342992753177,-23.18618164185463,0.0,0.0
ES2002d,341,0.4691550334294637,0.2502744992574056,0.41742313901583356,0.1644211709499359,0.02052697166800499,0.6738980015118917,0.49252939224243164,0.36397147675355274,-5.2036908183323005,12.340312358265336,-17.684013983361982,0.0,0.0
ES2002d,342,0.6834805011749268,0.43935247262318927,0.33859731753667194,0.28831063707669574,0.2766572833061218,0.5329379737377167,0.564175009727478,0.34598239200810593,-3.115035817363129,-9.638968492279938,5.318349554061495,0.0,0.0
ES2002d,343,0.7296497027079264,0.6983413894971212,0.2985955576101939,0.27135012050469715,0.1828029379248619,0.47678913672765094,0.4807709753513336,0.7470201253890991,3.9272148054189002,-6.803306320891835,5.661319805620809,0.0,0.0
ES2002d,344,0.7588903109232584,0.6044791837533315,0.4997877428929011,0.179929589231809,0.08176607017715772,0.4407259076833725,0.43444718917210895,0.9835896293322245,-3.991922318561976,15.422953231755146,-13.48655561392389,0.0,0.0
ES2002d,345,0.6482952038447062,0.47064082821210224,0.36091606815656024,0.32470518350601196,0.31101614733537036,0.39933620393276215,0.35368843873341876,0.8890624841054281,-3.0842970683751543,1.8434916360598674,-11.611829574133644,0.0,0.0
ES2002d,346,0.6802310744921366,0.5661767820517222,0.23012208938598633,0.6471652785936991,0.716395820180575,0.2519499982396762,0.3344996323188146,0.6936212107539177,-33.33321278209823,10.883815600638215,-4.2267865086758905,0.0,0.0
ES2002d,347,0.5435185730457306,0.4742928047974904,0.31858254969120026,0.20191683620214462,0.12818465568125248,0.31182728211085003,0.538822074731191,0.2564347650234898,-44.798372334699586,26.668160857462535,-18.65677397042031,0.0,0.0
ES2002d,348,0.5871927738189697,0.42358215649922687,0.3253772035241127,0.11975616961717606,0.12470667250454426,0.3644874095916748,0.4941975275675456,0.47225047772129375,-36.68515632289783,28.94246257520442,-31.917980528422465,0.0,0.0
ES2002d,349,0.7631074587504069,0.6586236357688904,0.3425469795862834,0.10238687694072723,0.03748401626944542,0.4602897067864736,0.4925386905670166,0.7219333151976267,-22.005561674828808,23.53783779804593,-23.191557051179064,0.0,0.0
ES2002d,350,0.703790545463562,0.2930405338605245,0.6037850181261698,0.22304453452428183,0.09907520189881325,0.4291236996650696,0.4313352306683858,0.951544463634491,-14.33908270163091,29.57397305814861,-38.74869928951136,0.0,0.0
ES2002d,351,0.6516541838645935,0.22346396247545877,0.7523554762204488,0.21079769730567932,0.07954828689495723,0.6549615661303202,0.47381608684857685,0.8357407450675964,-13.342059566190576,31.23271707446194,-43.53193931817174,0.0,0.0
ES2002d,352,0.6480909387270609,0.39630089203516644,0.6523322065671285,0.17227652917305628,0.090150136500597,0.5511854787667593,0.4516047139962514,0.8407634099324545,-11.47857661964751,26.950586180021336,-34.98359731530165,0.0,0.0
ES2002d,353,0.5302912692228953,0.34945611159006756,0.5643474459648132,0.144496850669384,0.061223036920030914,0.47822555899620056,0.4215797384579976,0.8765637278556824,-0.7993336152287593,15.136877894481588,-20.026974621876523,0.0,0.0
ES2002d,354,0.6298168698946635,0.4026392847299576,0.25951731701691944,0.15740384409825006,0.03628350545962652,0.2625693182150523,0.46581284205118817,0.5606448551019033,-6.650237719464182,13.829034860039096,-15.312240139479252,0.0,0.0
ES2002d,355,0.631979743639628,0.39601364731788635,0.5721385677655538,0.11338069538275401,0.03882928192615509,0.3731052378813426,0.4563759466012319,0.9312257568041483,-19.006847876551927,24.25858430016358,-28.16126871740023,0.0,0.0
ES2002d,356,0.6893773078918457,0.2980952759583791,0.682631254196167,0.15645074844360352,0.04910816873113314,0.3977169891198476,0.41697736581166583,0.9877202908198038,-23.462974058966143,29.17146697697844,-41.82466697188119,0.0,0.0
ES2002d,357,0.6643336415290833,0.25274428228537243,0.6086298624674479,0.1534276232123375,0.037234256664911904,0.4950525263945262,0.3807149827480316,0.9721762339274088,-22.66666152621701,29.385513826523507,-40.765710247794345,0.0,0.0
ES2002d,358,0.5018139183521271,0.3460470934708913,0.27513087789217633,0.0689471960067749,0.018469224373499554,0.37822362780570984,0.48067394892374676,0.5049932425220808,-12.68386641993947,12.741331907559461,-20.54690451901235,0.0,0.0
ES2002d,359,0.6471533079942068,0.5350462794303894,0.27652281522750854,0.06167440737287203,0.0178371574729681,0.6092647711435953,0.4887729287147522,0.6856726010640463,-5.2767205217509785,-3.638456622456904,-10.956048398489875,0.0,0.0
ES2002d,360,0.6248850623766581,0.45622732241948444,0.25248895088831586,0.07331632698575656,0.0256958631798625,0.5523299475510915,0.43023205796877545,0.8906079530715942,0.6485063740489577,2.4332115158324434,-4.7691412665015145,0.0,0.0
ES2002d,361,0.631635824839274,0.39491378764311474,0.4192131956418355,0.10741773744424184,0.030937168126304943,0.3144470850626628,0.44356028238932294,0.900122066338857,-8.861582460439239,15.940446582755973,-12.5994309291331,0.0,0.0
ES2002d,362,0.7450962662696838,0.6066889564196268,0.292129248380661,0.11215922981500626,0.02910788170993328,0.4614432255427043,0.4916379352410634,0.5324011544386545,-0.347406227191892,15.29653969731921,-8.276815903795368,0.0,0.0
ES2002d,363,0.6873641808827718,0.3356514821449916,0.6286848386128744,0.22891135017077127,0.09894758711258571,0.4425852596759796,0.4908489187558492,0.7980968256791433,-13.490044041010918,50.858979895474874,-14.104534141398467,0.0,0.0
ES2002d,364,0.6731956005096436,0.2737560470898946,0.7076733311017355,0.17585929731527963,0.059850128988424935,0.5634905795256296,0.42777766784032184,0.9940108259518942,-20.032311385058232,47.61249118461371,-19.550999220462234,0.0,0.0
ES2002d,365,0.6823219855626425,0.352717861533165,0.5440888702869415,0.15899758289257684,0.07390730331341426,0.33305365840593976,0.4940485755602519,0.9589316248893738,-24.448933492726393,53.20266340374635,-22.49318170030999,0.0,0.0
ES2002d,366,0.692526658376058,0.3132130602995555,0.5912167727947235,0.15950404355923334,0.06704605619112651,0.5467452108860016,0.5021726290384928,0.9333572387695312,-23.978223878372045,55.228840271375184,-22.468973667530253,0.0,0.0
ES2002d,367,0.668164054552714,0.25377193590005237,0.48845872779687244,0.12032936016718547,0.044115904718637466,0.5429503420988718,0.3940875728925069,0.9737986922264099,-20.36616549551087,52.00798890237123,-19.393058862281915,0.0,0.0
ES2002d,368,0.4990972876548767,0.24670291940371195,0.50761150320371,0.18386142452557883,0.051136963069438934,0.49122942487398785,0.45896710952123004,0.7422124644120535,-16.245048842899017,25.98059882531922,-14.428336373082267,0.0,0.0
ES2002d,369,0.5752955575784048,0.3121645549933116,0.3887563645839691,0.15233969936768213,0.06063568778336048,0.5576198895772299,0.4233787755171458,0.9625556667645773,-10.57899438992478,17.634792781346803,-12.666573375134575,0.0,0.0
ES2002d,370,0.6064920822779337,0.34910033146540326,0.2845733364423116,0.2216117282708486,0.0558638134971261,0.49183834592501324,0.4360223015149434,0.7922523220380148,-9.269344493275137,13.693925381712942,-14.515831675842387,0.0,0.0
ES2002d,371,0.489525963862737,0.3365282317002614,0.2892736494541168,0.1412533794840177,0.0576104943950971,0.4666100839773814,0.48168718814849854,0.4890773134926955,-23.181443064753978,11.363501462488474,-20.05032379563026,0.0,0.0
ES2002d,372,0.5619268914063772,0.3368965685367584,0.49858592947324115,0.19619257499774298,0.14647319292028746,0.3818988849719365,0.4653303325176239,0.47281940281391144,-37.28280082723214,17.488217561137184,-28.540060157232173,0.0,0.0
ES2002d,373,0.49757041533788043,0.3076631377140681,0.5112795531749725,0.23237169285615286,0.1730055200556914,0.3125196148951848,0.5272996425628662,0.4863935907681783,-36.44204586562819,20.37222287024562,-24.228559056035554,0.0,0.0
ES2002d,374,0.5672618647416433,0.22098734974861145,0.6467599670092264,0.094683937728405,0.018571818557878334,0.509777843952179,0.5627950628598531,0.2650858437021573,-5.747915703669488,25.894522869789785,-9.993932730394482,0.0,0.0
ES2002d,375,0.6610788901646932,0.2957286735375722,0.5361227492491404,0.19240333139896393,0.08213595238824685,0.3558920919895172,0.5452694098154703,0.5264944583177567,-0.03225345595585812,23.96191011241564,-7.427579149354012,0.0,0.0
ES2002d,376,0.6950666507085165,0.3630913992722829,0.6119294067223867,0.1398990973830223,0.03100256746013959,0.502275307973226,0.5658079187075297,0.9852046370506287,2.417629559274773,13.87730506230352,-5.802864584068895,0.0,0.0
ES2002d,377,0.671513299147288,0.22953694065411887,0.7146218419075012,0.11173831174770991,0.020857227966189384,0.5908682942390442,0.5381814936796824,0.9787773489952087,1.7838888065104566,15.053044815530546,-6.917463670995002,0.0,0.0
ES2002d,378,0.6590498288472494,0.2822364618380864,0.7855666677157084,0.1561174045006434,0.030308885499835014,0.5779427389303843,0.5707980791727701,0.9582513372103373,2.2743402712772727,23.45844488693055,-10.415041391608966,0.0,0.0
ES2002d,379,0.6572369535764059,0.24486040572325388,0.8513963222503662,0.13503278295199075,0.0333058616767327,0.6227603952089945,0.568323532740275,0.9008939464886984,4.107934312420892,18.401054016975717,-8.977922884760174,0.0,0.0
ES2002d,380,0.6281442244847616,0.34491831064224243,0.7076032559076945,0.23312412947416306,0.09478653470675151,0.5653878251711527,0.5716896454493204,0.8391161759694418,-0.9759972073173661,32.89464607696309,-12.717592679161918,0.0,0.0
ES2002d,381,0.638819177945455,0.28648169835408527,0.6813035806020101,0.20302062233289084,0.07555460371077061,0.5570226311683655,0.5429363250732422,0.7078446000814438,2.5300747085919597,29.596657154426918,-11.3355937643677,0.0,0.0
ES2002d,382,0.6593142549196879,0.2224851449330648,0.8442227045694987,0.1631053239107132,0.03492273514469465,0.5711177190144857,0.5851837992668152,0.9515063563982645,2.333676784503176,22.7885524383109,-11.070935568218927,0.0,0.0
ES2002d,383,0.6035684943199158,0.3041606694459915,0.7741985122362772,0.18817871312300363,0.06573404495914777,0.5955041448275248,0.5596129397551218,0.9393100738525391,5.560255216101733,24.15246723737457,-8.169169081635347,0.0,0.0
ES2002d,384,0.6017924745877584,0.2501780390739441,0.856533408164978,0.18898299833138785,0.048390065630277,0.6217149297396342,0.571854849656423,0.9818308353424072,2.7227676584495266,21.154099744954546,-8.709054088332723,0.0,0.0
ES2002d,385,0.6101228594779968,0.19975625723600388,0.8832024137179056,0.1926151067018509,0.05939939804375172,0.5092566808064779,0.5454959770043691,0.9292606711387634,4.0722955019298475,23.475560025386475,-14.71460719277642,0.0,0.0
ES2002d,386,0.8560075163841248,0.7390943368275961,0.3292500029007594,0.1115496704975764,0.023528454825282097,0.24603049953778586,0.49986910820007324,0.991243839263916,1.7780331464597203,10.011929720689663,0.4374400726969016,0.0,0.0
ES2002d,387,0.8294687668482462,0.6601796646912893,0.27937263747056323,0.14254473398129144,0.07330024614930153,0.31931717197100323,0.4063356618086497,0.884022037188212,-1.9600522233998177,9.224116669609364,0.580291423655401,0.0,0.0
ES2002d,388,0.7986368934313456,0.6503998835881551,0.31110037366549176,0.08639379839102428,0.02164075430482626,0.30027132232983905,0.5309527417023977,0.9083495736122131,-7.17858985053996,9.99141178955044,-1.9758497034499742,0.0,0.0
ES2002d,389,0.788641095161438,0.5526811977227529,0.2673482398192088,0.10862819602092107,0.023332313324014347,0.2642304052909215,0.4958271086215973,0.9925702611605326,-2.593312830991269,15.709031992848574,-4.556055059503826,0.0,0.0
ES2002d,390,0.8192336360613505,0.7133512099583944,0.24190707008043924,0.13537237793207169,0.03335455308357874,0.421487698952357,0.4719146986802419,0.9902102549870809,0.9349271056277196,11.733230078240586,-6.110280923558856,0.0,0.0
ES2002d,391,0.8339126904805502,0.7527383963267008,0.2520557790994644,0.11952167004346848,0.03841129100571076,0.31091280778249103,0.43897589047749835,0.9767201542854309,1.4577442311612139,11.604589373188174,-8.315555902472198,0.0,0.0
ES2002d,392,0.7528068621953329,0.6043302516142527,0.24246406058470407,0.10987695306539536,0.029298185060421627,0.3449726452430089,0.4799084464708964,0.6513268363972505,-2.152202729964514,2.2641151427496755,-8.320870205310708,0.0,0.0
ES2002d,393,0.7679123481114706,0.681579997142156,0.23974518974622092,0.09338655571142833,0.028614860959351063,0.4393795430660248,0.48292221625645954,0.6024654768407345,-0.20824444087028707,2.3843371568494898,-8.06708043929453,0.0,0.0
ES2002d,394,0.817274292310079,0.7317363818486532,0.2755839129288991,0.1415694753328959,0.0417871947089831,0.32506024837493896,0.4423806269963582,0.9719905853271484,0.8702678114672642,13.281598054796106,-7.4578559767889745,0.0,0.0
ES2002d,395,0.8406314849853516,0.6357890566190084,0.28052951892217,0.10683558136224747,0.019885781221091747,0.2014807015657425,0.44674808780352276,0.9588965177536011,1.592836553887084,12.215126817503451,-1.8703786175441854,0.0,0.0
ES2002d,396,0.8155250747998556,0.6240153511365255,0.24933473765850067,0.08593350897232692,0.019192911374072235,0.30712473889191944,0.5231088201204935,0.9253307978312174,-0.0008563231664460899,12.457659143143601,-0.08162277178247994,0.0,0.0
ES2002d,397,0.8492212295532227,0.6530832846959432,0.21157646675904593,0.10711593429247539,0.02566684999813636,0.3529098729292552,0.4427416920661926,0.9912168979644775,0.050129707382789844,5.542875188170611,1.275388119213817,0.0,0.0
ES2002d,398,0.8299358089764913,0.7232047120730082,0.1794130951166153,0.12625094751516977,0.03123210308452447,0.31247182190418243,0.45899559060732525,0.9958108266194662,-0.3191550733454114,7.958930777430404,2.991573752347069,0.0,0.0
ES2002d,399,0.7789765000343323,0.6212067008018494,0.2653357187906901,0.08664001276095708,0.028784032290180523,0.2187639276186625,0.4857369860013326,0.9969225327173868,-1.2915907569358616,7.455110875610589,3.583706547049259,0.0,0.0
ES2002d,400,0.7973704139391581,0.6303803126017252,0.13158409545818964,0.08474583675463994,0.02490957484891017,0.2713516503572464,0.482474148273468,0.747911145289739,-2.3595519094214366,10.66442024330169,2.3755184842090764,0.0,0.0
ES2002d,401,0.7020606994628906,0.5908011794090271,0.29988278448581696,0.13832402477661768,0.05428696175416311,0.3762141466140747,0.437405268351237,0.6975845992565155,-4.745392487573836,5.256239099036498,-4.226345261326233,0.0,0.0
ES2002d,402,0.7057436108589172,0.6146798332532247,0.18013375252485275,0.24437017490466437,0.19760072603821754,0.37341514229774475,0.4150630434354146,0.8147785862286886,-1.2761608618068074,2.0892305675948175,-3.951463688061882,0.0,0.0
ES2002d,403,0.6494121750195821,0.34521667162577313,0.6478266219298044,0.195269376039505,0.07647126168012619,0.4576498468716939,0.46826793750127155,0.9642256299654642,-14.557013797835767,53.07924867600746,-14.851456098457234,0.0,0.0
ES2002d,404,0.6975567738215128,0.3600045641263326,0.7185928821563721,0.16122941176096597,0.0735514263312022,0.4169681966304779,0.49419140815734863,0.8345783948898315,-9.9938041514751,51.17946872203805,-11.529104522410764,0.0,0.0
ES2002d,405,0.6333226561546326,0.3660274048646291,0.4832271138827006,0.10497778902451198,0.049525853246450424,0.3961159735918045,0.44951175649960834,0.9227033654848734,-10.229909494962497,43.670160072087356,-7.925103613256524,0.0,0.0
ES2002d,406,0.5715574820836385,0.2520708193381627,0.32850344975789386,0.11499243477980296,0.08298217505216599,0.298024982213974,0.41637903451919556,0.8470662832260132,-18.616988240897786,24.622341515529996,-10.669813973399252,0.0,0.0
ES2002d,407,0.563943346341451,0.33867351214090985,0.4009222636620204,0.15216325223445892,0.07573041692376137,0.4427911192178726,0.4160894552866618,0.7848585247993469,-24.766325617196316,31.422392348564202,-22.203253269536177,0.0,0.0
ES2002d,408,0.5613769988218943,0.2867329915364583,0.4313829888900121,0.18105437606573105,0.07943909863630931,0.4992229441801707,0.4946741958459218,0.6404004991054535,-10.058089322694,49.34519726171667,-11.536311310172659,0.0,0.0
ES2002d,409,0.7227690617243449,0.33368876079718274,0.7134601275126139,0.19907314578692117,0.04686442265907923,0.4052789310614268,0.4381680488586426,0.8442601958910624,-4.308354848572804,49.050294847469566,-5.990482795708423,0.0,0.0
ES2002d,410,0.6759188969930013,0.29127339522043866,0.6153545578320821,0.2974914213021596,0.12107859055201213,0.5525823930899302,0.4780643582344055,0.8414050340652466,-33.795263713431694,54.0621953506729,-34.67619996381125,0.0,0.0
ES2002d,411,0.5376365681489309,0.18891505151987076,0.3585812970995903,0.308267409602801,0.16612888624270758,0.2610834489266078,0.46872641642888385,0.9812873005867004,-1.3840337453437854,65.90095393108682,0.2381893628466448,0.0,0.0
ES2002d,412,0.3206438223520915,0.20303957164287567,0.4727032780647278,0.12655341625213623,0.07628678344190121,0.3158905804157257,0.27901706099510193,0.6310593088467916,60.66339300827008,40.964750992650785,61.65119424628036,0.0,0.0
ES2002d,413,0.6368037263552347,0.34296950201193493,0.5917674899101257,0.159500223894914,0.055829731126626335,0.5890948871771494,0.5312896370887756,0.8417600790659586,80.89978101110965,59.10068465051205,80.64715979224563,0.0,0.0
ES2002d,414,0.6955714821815491,0.35650943716367084,0.5777420500914255,0.17327146728833517,0.055825634549061455,0.40599938730398816,0.5160528421401978,0.9426189064979553,74.09818858518288,68.65776171858023,73.98245618905104,0.0,0.0
ES2002d,415,0.6594548026720682,0.3159107764561971,0.5168163875738779,0.2163073072830836,0.11682069239517053,0.6372160116831461,0.4742080767949422,0.9861008723576864,53.56287939033897,59.27676974595622,51.95198271231104,0.0,0.0
ES2002d,416,0.7096923391024271,0.342514768242836,0.5651561319828033,0.18988912304242453,0.07805882145961125,0.47870974242687225,0.4313063720862071,0.9049222866694132,28.09471274233964,41.66985954682382,25.419429546450587,0.0,0.0
ES2002d,417,0.6676368912061056,0.30582262078921,0.49948107202847797,0.18245006104310355,0.060531207670768104,0.5799820224444071,0.3823324243227641,0.9268556833267212,-8.092011448445668,26.153203743220377,-9.159551063095028,0.0,0.0
ES2002d,418,0.5767152408758799,0.3532964338858922,0.37970395882924396,0.20693273842334747,0.11544362952311833,0.44899527231852215,0.4755549927552541,0.9405331214269003,-19.84113357847863,18.708979278880733,-18.7315539990222,0.0,0.0
ES2002d,419,0.5237792730331421,0.4083259105682373,0.3729406346877416,0.18727608025074005,0.0807967980702718,0.4726804395516713,0.4840880831082662,0.6854279736677805,-25.331531785405318,14.296762450258003,-31.67390899139686,0.0,0.0
ES2002d,420,0.5666141708691915,0.21551560362180075,0.7606375217437744,0.15120112895965576,0.03918517318864664,0.5892298320929209,0.5677855610847473,0.7817007700602213,1.7117116311304086,28.591827873253852,-3.974268827611653,0.0,0.0
ES2002d,421,0.5220460295677185,0.22348617017269135,0.6013468305269877,0.2250239054361979,0.19806906891365847,0.5354395111401876,0.4358501334985097,0.24941195299228033,-3.0115211111756808,14.90380196394515,-13.440574131524192,0.0,0.0
ES2002d,422,0.5228173037370046,0.2975037693977356,0.4415318767229716,0.08341858287652333,0.027672602484623592,0.4306783080101013,0.4012150466442108,0.5285262664159139,-7.6714675317304,-8.258113894670327,0.9376288662645368,0.0,0.0
ES2002d,423,0.43518178661664325,0.1944191555182139,0.45427937308947247,0.10549520949522655,0.03124248795211315,0.4181461036205292,0.40105228622754413,0.6912169978022575,-9.37750471889444,-2.159359800308843,4.103531177076648,0.0,0.0
ES2002d,424,0.46866996089617413,0.25663990279038745,0.5448214113712311,0.09680123378833135,0.024427142615119617,0.582761545976003,0.49192209045092267,0.8392540613810221,-9.462383927153077,26.68416587782799,1.6669772317864064,0.0,0.0
ES2002d,425,0.7370200951894125,0.41303985317548114,0.6025075117746989,0.32199641068776447,0.1620131035645803,0.5722358425458273,0.45541146397590637,0.7602434953053793,8.005580862238478,28.40227314978453,1.7609523221826855,0.0,0.0
ES2002d,426,0.7130309144655863,0.3632957985003789,0.627715677022934,0.1847659374276797,0.05952005460858345,0.636124849319458,0.46971285343170166,0.5146957412362099,6.27541922674236,7.051783107967837,1.697303496065107,0.0,0.0
ES2002d,427,0.7791687846183777,0.363077312707901,0.7778142889340719,0.2544380873441696,0.07757777720689774,0.5223405659198761,0.41151025891304016,0.9561387697855631,4.894503402552885,34.40388193119804,0.7748165180625278,0.0,0.0
ES2002d,428,0.6180346409479777,0.3029467811187108,0.6289259493350983,0.12043209125598271,0.045720125858982406,0.5405818323294321,0.35016748309135437,0.978274424870809,3.474322400953994,21.624454582680148,-1.1334059303268704,0.0,0.0
ES2002d,429,0.5817557672659556,0.2899422546227773,0.3874434729417165,0.1094368149836858,0.06929009842375915,0.3514956633249919,0.4002239406108856,0.4826708057274421,-0.863799113608365,-5.56260137534957,1.89913711524103,0.0,0.0
ES2002d,430,0.66041233142217,0.28293704986572266,0.6914385855197906,0.11981084694465001,0.03571795765310526,0.5540637969970703,0.49133795499801636,0.9476578632990519,0.6328936577329808,19.036090106068176,-4.852857887462486,0.0,0.0
ES2002d,431,0.6542509396870931,0.30464088420073193,0.7872933944066366,0.113880455493927,0.04007858379433552,0.5118419428666433,0.49813586473464966,0.7853145400683085,-5.091507293604564,9.528466977340004,-4.802236337718267,0.0,0.0
ES2002d,432,0.34808339675267536,0.21697190403938293,0.36520660916964215,0.20981534073750177,0.1478869995723168,0.42334508895874023,0.3488818307717641,0.4284733633200328,10.252955647057044,4.241806955381239,-3.1177915560530125,0.0,0.0
ES2002d,433,0.1672648787498474,0.1455318033695221,0.1256450613339742,0.12203908960024516,0.1331597367922465,0.06398311754067738,0.17015002171198526,0.277898112932841,12.85944817628264,5.958133589319743,0.942001621311232,0.0,0.0
ES2002d,434,0.0,0.0,0.0,0.0,0.0,0.0,0.0,0.0,0.0,0.0,0.0,0.0,0.0
ES2002d,435,0.7888939181963602,0.5478192369143168,0.21338601410388947,0.09103805820147197,0.08015304245054722,0.491136113802592,0.42000897725423175,0.96464737256368,-0.5694451076040961,-8.436928998095945,-2.051840555087769,0.0,0.0
ES2002d,436,0.7056595087051392,0.5204849044481913,0.2655072957277298,0.3450459937254588,0.5164828201135,0.4431087871392568,0.3140096167723338,0.9996785720189413,-3.866731622364538,-8.815588800327825,0.13453525946203185,0.0,0.0
ES2002d,437,0.7603466908137003,0.6096796194712321,0.1442421724398931,0.6807960271835327,0.8924892544746399,0.30459103484948474,0.30176131427288055,0.9834246238072714,-11.029367740572516,2.4652419892143427,-4.742303715295766,0.0,0.0
ES2002d,438,0.7697573304176331,0.6889479756355286,0.18713032205899557,0.40326111018657684,0.4986480126778285,0.12954594815770784,0.3203098674615224,0.954547127087911,-15.540967957179788,-0.6362184970571297,-14.197987053579896,0.0,0.0
ES2002d,439,0.8224370876948038,0.6549787123998007,0.22581168015797934,0.13666788736979166,0.18245898683865866,0.2226969376206398,0.39337868491808575,0.6531879380345345,-13.066882630721254,-8.706639753576326,-15.398037443579312,0.0,0.0
ES2002d,440,0.7303516268730164,0.5530298352241516,0.25710492332776386,0.09240945056080818,0.16634234289328256,0.31202398240566254,0.45453770955403644,0.9767399231592814,-12.884704354124906,-10.659278475618871,-15.993875169110034,0.0,0.0
ES2002d,441,0.7111424803733826,0.4364124834537506,0.25683054824670154,0.09431325147549312,0.07854562997817993,0.22406998773415884,0.4190104007720947,0.5773770858844122,-20.838190463143714,-0.5981275381356911,-13.651629634149758,0.0,0.0
ES2002d,442,0.7745217084884644,0.6421051720778147,0.14186221112807593,0.0810622622569402,0.039986539632081985,0.3086695782840252,0.4796117941538493,0.4834013221164544,-20.994324673307503,-0.9360996200913178,-11.622952669013396,0.0,0.0
ES2002d,443,0.0,0.0,0.0,0.0,0.0,0.0,0.0,0.0,0.0,0.0,0.0,0.0,0.0
ES2002d,444,0.0,0.0,0.0,0.0,0.0,0.0,0.0,0.0,0.0,0.0,0.0,0.0,0.0
ES2002d,445,0.0,0.0,0.0,0.0,0.0,0.0,0.0,0.0,0.0,0.0,0.0,0.0,0.0
ES2002d,446,0.0,0.0,0.0,0.0,0.0,0.0,0.0,0.0,0.0,0.0,0.0,0.0,0.0
ES2002d,447,0.0,0.0,0.0,0.0,0.0,0.0,0.0,0.0,0.0,0.0,0.0,0.0,0.0
ES2002d,448,0.0,0.0,0.0,0.0,0.0,0.0,0.0,0.0,0.0,0.0,0.0,0.0,0.0
ES2002d,449,0.0,0.0,0.0,0.0,0.0,0.0,0.0,0.0,0.0,0.0,0.0,0.0,0.0
ES2002d,450,0.0,0.0,0.0,0.0,0.0,0.0,0.0,0.0,0.0,0.0,0.0,0.0,0.0
ES2002d,451,0.0,0.0,0.0,0.0,0.0,0.0,0.0,0.0,0.0,0.0,0.0,0.0,0.0
ES2002d,452,0.0,0.0,0.0,0.0,0.0,0.0,0.0,0.0,0.0,0.0,0.0,0.0,0.0
ES2002d,453,0.0,0.0,0.0,0.0,0.0,0.0,0.0,0.0,0.0,0.0,0.0,0.0,0.0
ES2002d,454,0.0,0.0,0.0,0.0,0.0,0.0,0.0,0.0,0.0,0.0,0.0,0.0,0.0
ES2002d,455,0.0,0.0,0.0,0.0,0.0,0.0,0.0,0.0,0.0,0.0,0.0,0.0,0.0
ES2002d,456,0.0,0.0,0.0,0.0,0.0,0.0,0.0,0.0,0.0,0.0,0.0,0.0,0.0
ES2002d,457,0.0,0.0,0.0,0.0,0.0,0.0,0.0,0.0,0.0,0.0,0.0,0.0,0.0
ES2002d,458,0.0,0.0,0.0,0.0,0.0,0.0,0.0,0.0,0.0,0.0,0.0,0.0,0.0
ES2002d,459,0.0,0.0,0.0,0.0,0.0,0.0,0.0,0.0,0.0,0.0,0.0,0.0,0.0
ES2002d,460,0.0,0.0,0.0,0.0,0.0,0.0,0.0,0.0,0.0,0.0,0.0,0.0,0.0
ES2002d,461,0.0,0.0,0.0,0.0,0.0,0.0,0.0,0.0,0.0,0.0,0.0,0.0,0.0
ES2002d,462,0.0,0.0,0.0,0.0,0.0,0.0,0.0,0.0,0.0,0.0,0.0,0.0,0.0
ES2002d,463,0.0,0.0,0.0,0.0,0.0,0.0,0.0,0.0,0.0,0.0,0.0,0.0,0.0
ES2002d,464,0.0,0.0,0.0,0.0,0.0,0.0,0.0,0.0,0.0,0.0,0.0,0.0,0.0
ES2002d,465,0.0,0.0,0.0,0.0,0.0,0.0,0.0,0.0,0.0,0.0,0.0,0.0,0.0
ES2002d,466,0.0,0.0,0.0,0.0,0.0,0.0,0.0,0.0,0.0,0.0,0.0,0.0,0.0
ES2002d,467,0.0,0.0,0.0,0.0,0.0,0.0,0.0,0.0,0.0,0.0,0.0,0.0,0.0
ES2002d,468,0.0,0.0,0.0,0.0,0.0,0.0,0.0,0.0,0.0,0.0,0.0,0.0,0.0
ES2002d,469,0.0,0.0,0.0,0.0,0.0,0.0,0.0,0.0,0.0,0.0,0.0,0.0,0.0
ES2002d,470,0.0,0.0,0.0,0.0,0.0,0.0,0.0,0.0,0.0,0.0,0.0,0.0,0.0
ES2002d,471,0.0,0.0,0.0,0.0,0.0,0.0,0.0,0.0,0.0,0.0,0.0,0.0,0.0
ES2002d,472,0.0,0.0,0.0,0.0,0.0,0.0,0.0,0.0,0.0,0.0,0.0,0.0,0.0
ES2002d,473,0.0,0.0,0.0,0.0,0.0,0.0,0.0,0.0,0.0,0.0,0.0,0.0,0.0
ES2002d,474,0.0,0.0,0.0,0.0,0.0,0.0,0.0,0.0,0.0,0.0,0.0,0.0,0.0
ES2002d,475,0.0,0.0,0.0,0.0,0.0,0.0,0.0,0.0,0.0,0.0,0.0,0.0,0.0
ES2002d,476,0.0,0.0,0.0,0.0,0.0,0.0,0.0,0.0,0.0,0.0,0.0,0.0,0.0
ES2002d,477,0.0,0.0,0.0,0.0,0.0,0.0,0.0,0.0,0.0,0.0,0.0,0.0,0.0
ES2002d,478,0.0,0.0,0.0,0.0,0.0,0.0,0.0,0.0,0.0,0.0,0.0,0.0,0.0
ES2002d,479,0.0,0.0,0.0,0.0,0.0,0.0,0.0,0.0,0.0,0.0,0.0,0.0,0.0
ES2002d,480,0.0,0.0,0.0,0.0,0.0,0.0,0.0,0.0,0.0,0.0,0.0,0.0,0.0
ES2002d,481,0.0,0.0,0.0,0.0,0.0,0.0,0.0,0.0,0.0,0.0,0.0,0.0,0.0
ES2002d,482,0.0,0.0,0.0,0.0,0.0,0.0,0.0,0.0,0.0,0.0,0.0,0.0,0.0
ES2002d,483,0.0,0.0,0.0,0.0,0.0,0.0,0.0,0.0,0.0,0.0,0.0,0.0,0.0
ES2002d,484,0.0,0.0,0.0,0.0,0.0,0.0,0.0,0.0,0.0,0.0,0.0,0.0,0.0
ES2002d,485,0.0,0.0,0.0,0.0,0.0,0.0,0.0,0.0,0.0,0.0,0.0,0.0,0.0
ES2002d,486,0.0,0.0,0.0,0.0,0.0,0.0,0.0,0.0,0.0,0.0,0.0,0.0,0.0
ES2002d,487,0.0,0.0,0.0,0.0,0.0,0.0,0.0,0.0,0.0,0.0,0.0,0.0,0.0
ES2002d,488,0.0,0.0,0.0,0.0,0.0,0.0,0.0,0.0,0.0,0.0,0.0,0.0,0.0
ES2002d,489,0.0,0.0,0.0,0.0,0.0,0.0,0.0,0.0,0.0,0.0,0.0,0.0,0.0
ES2002d,490,0.0,0.0,0.0,0.0,0.0,0.0,0.0,0.0,0.0,0.0,0.0,0.0,0.0
ES2002d,491,0.0,0.0,0.0,0.0,0.0,0.0,0.0,0.0,0.0,0.0,0.0,0.0,0.0
ES2002d,492,0.0,0.0,0.0,0.0,0.0,0.0,0.0,0.0,0.0,0.0,0.0,0.0,0.0
ES2002d,493,0.0,0.0,0.0,0.0,0.0,0.0,0.0,0.0,0.0,0.0,0.0,0.0,0.0
ES2002d,494,0.0,0.0,0.0,0.0,0.0,0.0,0.0,0.0,0.0,0.0,0.0,0.0,0.0
ES2002d,495,0.6976767182350159,0.40553784370422363,0.6255437930425009,0.2270429233709971,0.10787318522731464,0.6388581395149231,0.4749597410360972,0.6218153784672419,14.606228719682866,24.74922979202646,-1.052738602063146,0.0,0.0
ES2002d,496,0.5827763279279073,0.3583572804927826,0.626906136671702,0.22668759524822235,0.0803316980600357,0.5135979453722636,0.38452764352162677,0.8690451582272848,-0.46326519437512287,25.841202416368905,-10.011120959551254,0.0,0.0
ES2002d,497,0.0,0.0,0.0,0.0,0.0,0.0,0.0,0.0,0.0,0.0,0.0,0.0,0.0
ES2002d,498,0.0,0.0,0.0,0.0,0.0,0.0,0.0,0.0,0.0,0.0,0.0,0.0,0.0
ES2002d,499,0.0,0.0,0.0,0.0,0.0,0.0,0.0,0.0,0.0,0.0,0.0,0.0,0.0
ES2002d,500,0.0,0.0,0.0,0.0,0.0,0.0,0.0,0.0,0.0,0.0,0.0,0.0,0.0
ES2002d,501,0.0,0.0,0.0,0.0,0.0,0.0,0.0,0.0,0.0,0.0,0.0,0.0,0.0
ES2002d,502,0.6686474680900574,0.3101135492324829,0.7037060260772705,0.23559226592381796,0.08556739799678326,0.4960891703764598,0.5550867120424906,0.8074958721796671,17.943955327918296,23.73275859886715,0.16728923070131282,0.0,0.0
ES2002d,503,0.6157164772351583,0.5364869634310404,0.2933853467305501,0.09875855098168056,0.03972277045249939,0.4867847760518392,0.4589422345161438,0.5783808330694834,29.60624372951445,-72.1991010958073,-32.47561923606911,0.0,0.0
ES2002d,504,0.53642471631368,0.502705971399943,0.453400323788325,0.07759699101249377,0.04624898359179497,0.6482290724913279,0.3900977472464244,0.38552288214365643,27.204187804161336,-71.72735820090934,-29.51320807193258,0.0,0.0
ES2002d,505,0.4668988883495331,0.36531176666418713,0.3561251064141591,0.0697050504386425,0.045882873237133026,0.6151086986064911,0.38010574380556744,0.6120022485653559,23.297244754296656,-71.88324928009152,-25.443633236217504,0.0,0.0
ES2002d,506,0.0,0.0,0.0,0.0,0.0,0.0,0.0,0.0,0.0,0.0,0.0,0.0,0.0
ES2002d,507,0.0,0.0,0.0,0.0,0.0,0.0,0.0,0.0,0.0,0.0,0.0,0.0,0.0
ES2002d,508,0.0,0.0,0.0,0.0,0.0,0.0,0.0,0.0,0.0,0.0,0.0,0.0,0.0
ES2002d,509,0.0,0.0,0.0,0.0,0.0,0.0,0.0,0.0,0.0,0.0,0.0,0.0,0.0
ES2002d,510,0.0,0.0,0.0,0.0,0.0,0.0,0.0,0.0,0.0,0.0,0.0,0.0,0.0
ES2002d,511,0.6044476429621378,0.5437871714433035,0.21606780340274176,0.094781960050265,0.052603217462698616,0.6107468903064728,0.41553206245104474,0.617913176616033,17.707087753212022,-64.95227814286281,-18.793200682894025,0.0,0.0
ES2002d,512,0.597894529501597,0.623611589272817,0.20809881389141083,0.10875602563222249,0.061030175536870956,0.5092521409193674,0.4460350175698598,0.500002920627594,17.09094413363346,-63.95968526414814,-17.387457091690163,0.0,0.0
ES2002d,513,0.6342399915059408,0.6294859846433004,0.25683941940466565,0.10850465794404347,0.034987395629286766,0.42154942949612934,0.3916267355283101,0.7530656258265177,12.26275946027812,-61.27548041959428,-12.983746191663924,0.0,0.0
ES2002d,514,0.6451347470283508,0.6150629917780558,0.31745022535324097,0.09495568027098973,0.04214972505966822,0.30987125635147095,0.39387701948483783,0.35016806423664093,20.182180183805375,-67.45169159776508,-21.76615896089436,0.0,0.0
ES2002d,515,0.5912528038024902,0.6188224852085114,0.23259826004505157,0.1518253112832705,0.10424427812298138,0.5707451899846395,0.47078682978947956,0.48237402240435284,14.931028285702324,-62.86331556325686,-14.731961412044429,0.0,0.0
ES2002d,516,0.5777360995610555,0.44623998800913495,0.2841719339291255,0.11120804150899251,0.054622543354829155,0.5189103086789449,0.3676195939381917,0.9268146554629008,21.252644298601435,-62.145625275986184,-21.157228564810072,0.0,0.0
ES2002d,517,0.0,0.0,0.0,0.0,0.0,0.0,0.0,0.0,0.0,0.0,0.0,0.0,0.0
ES2002d,518,0.0,0.0,0.0,0.0,0.0,0.0,0.0,0.0,0.0,0.0,0.0,0.0,0.0
ES2002d,519,0.0,0.0,0.0,0.0,0.0,0.0,0.0,0.0,0.0,0.0,0.0,0.0,0.0
ES2002d,520,0.5865117311477661,0.45416902999083203,0.277918537457784,0.11256511757771175,0.06724403550227483,0.5453728437423706,0.3963402509689331,0.5906633883714676,6.212764452144431,-53.320658093854696,-5.83813730689815,0.0,0.0
ES2002d,521,0.5849928657213846,0.37869520982106525,0.413124938805898,0.1263649712006251,0.049046446879704796,0.42781833310921985,0.4714599947134654,0.5326850979278485,2.539232954756331,-51.25698635957021,-2.632197598443651,0.0,0.0
ES2002d,522,0.6500374674797058,0.4964982171853383,0.2768338272968928,0.09571804230411847,0.06370577712853749,0.47567416230837506,0.44344664613405865,0.36478312499821186,-11.426216223089716,-23.45867035196142,-3.5940161482281527,0.0,0.0
ES2002d,523,0.6806365251541138,0.41945842901865643,0.149114357928435,0.09885995338360469,0.06362874681750934,0.4569099545478821,0.4022759993871053,0.36541250099738437,-14.362335461864062,-8.116017910006043,-6.1732944374678524,0.0,0.0
ES2002d,524,0.751487930615743,0.5669489701588949,0.18110957741737366,0.07293373097976048,0.05207452674706777,0.3953665991624196,0.33085721731185913,0.6459928192198277,-6.6957276369656284,-8.956417414425196,-5.73035328972809,0.0,0.0
ES2002d,525,0.7391911546389262,0.5514388978481293,0.2761893669764201,0.11282264441251755,0.09302241044739883,0.3356582870086034,0.2908545732498169,0.9682468374570211,-4.1076614198842885,-6.501312064255516,-5.514318417159211,0.0,0.0
ES2002d,526,0.6844878594080607,0.42787283658981323,0.3750804016987483,0.09123668322960536,0.05446670514841875,0.40034031371275586,0.37645649909973145,0.7725669344266256,-2.577144632983655,-14.255905512812411,-4.158596841569231,0.0,0.0
ES2002d,527,0.6767827272415161,0.45021990935007733,0.24611714979012808,0.09009153520067532,0.042940929532051086,0.28584043433268863,0.38070980707804364,0.518336166938146,-0.8124716815399298,-12.589907903090529,-2.1062322227024657,0.0,0.0
ES2002d,528,0.6288812160491943,0.5176247258981069,0.3509933253129323,0.09074105819066365,0.04156881074110667,0.5436644852161407,0.3749682505925496,0.5989738007386526,13.577500740268166,-26.956337026763773,-10.566777701892738,0.0,0.0
ES2002d,529,0.0,0.0,0.0,0.0,0.0,0.0,0.0,0.0,0.0,0.0,0.0,0.0,0.0
ES2002d,530,0.0,0.0,0.0,0.0,0.0,0.0,0.0,0.0,0.0,0.0,0.0,0.0,0.0
ES2002d,531,0.7460058530171713,0.5574458042780558,0.5049962798754374,0.21762128919363022,0.09533694821099441,0.49647579590479535,0.4812963008880615,0.702211449543635,-2.7158781121417093,40.08970622215886,-8.876956021237929,0.0,0.0
ES2002d,532,0.0,0.0,0.0,0.0,0.0,0.0,0.0,0.0,0.0,0.0,0.0,0.0,0.0
ES2002d,533,0.0,0.0,0.0,0.0,0.0,0.0,0.0,0.0,0.0,0.0,0.0,0.0,0.0
ES2002d,534,0.0,0.0,0.0,0.0,0.0,0.0,0.0,0.0,0.0,0.0,0.0,0.0,0.0
ES2002d,535,0.0,0.0,0.0,0.0,0.0,0.0,0.0,0.0,0.0,0.0,0.0,0.0,0.0
ES2002d,536,0.0,0.0,0.0,0.0,0.0,0.0,0.0,0.0,0.0,0.0,0.0,0.0,0.0
ES2002d,537,0.0,0.0,0.0,0.0,0.0,0.0,0.0,0.0,0.0,0.0,0.0,0.0,0.0
ES2002d,538,0.0,0.0,0.0,0.0,0.0,0.0,0.0,0.0,0.0,0.0,0.0,0.0,0.0
ES2002d,539,0.0,0.0,0.0,0.0,0.0,0.0,0.0,0.0,0.0,0.0,0.0,0.0,0.0
ES2002d,540,0.7186554074287415,0.3893335163593292,0.43526381254196167,0.11642199506362279,0.045029520988464355,0.2407273550828298,0.46707017223040265,0.6241385837395986,45.17409090819549,65.39569241908514,47.70162064925961,0.0,0.0
ES2002d,541,0.0,0.0,0.0,0.0,0.0,0.0,0.0,0.0,0.0,0.0,0.0,0.0,0.0
ES2002d,542,0.0,0.0,0.0,0.0,0.0,0.0,0.0,0.0,0.0,0.0,0.0,0.0,0.0
ES2002d,543,0.0,0.0,0.0,0.0,0.0,0.0,0.0,0.0,0.0,0.0,0.0,0.0,0.0
ES2002d,544,0.0,0.0,0.0,0.0,0.0,0.0,0.0,0.0,0.0,0.0,0.0,0.0,0.0
ES2002d,545,0.0,0.0,0.0,0.0,0.0,0.0,0.0,0.0,0.0,0.0,0.0,0.0,0.0
ES2002d,546,0.6837831338246664,0.5335540076096853,0.6337321996688843,0.17453116178512573,0.10185529167453448,0.5021551847457886,0.5845009684562683,0.679175486167272,13.77919030718594,33.88948688723566,1.8660275022399986,0.0,0.0
ES2002d,547,0.7356638709704081,0.4136180877685547,0.7355654438336691,0.2651438961426417,0.1768664096792539,0.5016175905863444,0.522342711687088,0.809487501780192,1.8027403583711745,32.49239506320287,-6.671068629672033,0.0,0.0
ES2002d,548,0.0,0.0,0.0,0.0,0.0,0.0,0.0,0.0,0.0,0.0,0.0,0.0,0.0
ES2002d,549,0.0,0.0,0.0,0.0,0.0,0.0,0.0,0.0,0.0,0.0,0.0,0.0,0.0
ES2002d,550,0.0,0.0,0.0,0.0,0.0,0.0,0.0,0.0,0.0,0.0,0.0,0.0,0.0
ES2002d,551,0.0,0.0,0.0,0.0,0.0,0.0,0.0,0.0,0.0,0.0,0.0,0.0,0.0
ES2002d,552,0.0,0.0,0.0,0.0,0.0,0.0,0.0,0.0,0.0,0.0,0.0,0.0,0.0
ES2002d,553,0.0,0.0,0.0,0.0,0.0,0.0,0.0,0.0,0.0,0.0,0.0,0.0,0.0
ES2002d,554,0.0,0.0,0.0,0.0,0.0,0.0,0.0,0.0,0.0,0.0,0.0,0.0,0.0
ES2002d,555,0.0,0.0,0.0,0.0,0.0,0.0,0.0,0.0,0.0,0.0,0.0,0.0,0.0
ES2002d,556,0.0,0.0,0.0,0.0,0.0,0.0,0.0,0.0,0.0,0.0,0.0,0.0,0.0
ES2002d,557,0.0,0.0,0.0,0.0,0.0,0.0,0.0,0.0,0.0,0.0,0.0,0.0,0.0
ES2002d,558,0.0,0.0,0.0,0.0,0.0,0.0,0.0,0.0,0.0,0.0,0.0,0.0,0.0
ES2002d,559,0.0,0.0,0.0,0.0,0.0,0.0,0.0,0.0,0.0,0.0,0.0,0.0,0.0
ES2002d,560,0.0,0.0,0.0,0.0,0.0,0.0,0.0,0.0,0.0,0.0,0.0,0.0,0.0
ES2002d,561,0.0,0.0,0.0,0.0,0.0,0.0,0.0,0.0,0.0,0.0,0.0,0.0,0.0
ES2002d,562,0.0,0.0,0.0,0.0,0.0,0.0,0.0,0.0,0.0,0.0,0.0,0.0,0.0
ES2002d,563,0.0,0.0,0.0,0.0,0.0,0.0,0.0,0.0,0.0,0.0,0.0,0.0,0.0
ES2002d,564,0.0,0.0,0.0,0.0,0.0,0.0,0.0,0.0,0.0,0.0,0.0,0.0,0.0
ES2002d,565,0.0,0.0,0.0,0.0,0.0,0.0,0.0,0.0,0.0,0.0,0.0,0.0,0.0
ES2002d,566,0.0,0.0,0.0,0.0,0.0,0.0,0.0,0.0,0.0,0.0,0.0,0.0,0.0
ES2002d,567,0.0,0.0,0.0,0.0,0.0,0.0,0.0,0.0,0.0,0.0,0.0,0.0,0.0
ES2002d,568,0.0,0.0,0.0,0.0,0.0,0.0,0.0,0.0,0.0,0.0,0.0,0.0,0.0
ES2002d,569,0.0,0.0,0.0,0.0,0.0,0.0,0.0,0.0,0.0,0.0,0.0,0.0,0.0
ES2002d,570,0.0,0.0,0.0,0.0,0.0,0.0,0.0,0.0,0.0,0.0,0.0,0.0,0.0
ES2002d,571,0.0,0.0,0.0,0.0,0.0,0.0,0.0,0.0,0.0,0.0,0.0,0.0,0.0
ES2002d,572,0.0,0.0,0.0,0.0,0.0,0.0,0.0,0.0,0.0,0.0,0.0,0.0,0.0
ES2002d,573,0.0,0.0,0.0,0.0,0.0,0.0,0.0,0.0,0.0,0.0,0.0,0.0,0.0
ES2002d,574,0.0,0.0,0.0,0.0,0.0,0.0,0.0,0.0,0.0,0.0,0.0,0.0,0.0
ES2002d,575,0.0,0.0,0.0,0.0,0.0,0.0,0.0,0.0,0.0,0.0,0.0,0.0,0.0
ES2002d,576,0.0,0.0,0.0,0.0,0.0,0.0,0.0,0.0,0.0,0.0,0.0,0.0,0.0
ES2002d,577,0.0,0.0,0.0,0.0,0.0,0.0,0.0,0.0,0.0,0.0,0.0,0.0,0.0
ES2002d,578,0.0,0.0,0.0,0.0,0.0,0.0,0.0,0.0,0.0,0.0,0.0,0.0,0.0
ES2002d,579,0.21695774793624878,0.09586791197458903,0.25916335980097455,0.06883735954761505,0.05075028041998545,0.11956615249315898,0.16635803381601968,0.05105820298194885,2.0666054228944124,10.781601294786194,-1.1492776216143958,0.0,0.0
ES2002d,580,0.0,0.0,0.0,0.0,0.0,0.0,0.0,0.0,0.0,0.0,0.0,0.0,0.0
ES2002d,581,0.0,0.0,0.0,0.0,0.0,0.0,0.0,0.0,0.0,0.0,0.0,0.0,0.0
ES2002d,582,0.0,0.0,0.0,0.0,0.0,0.0,0.0,0.0,0.0,0.0,0.0,0.0,0.0
ES2002d,583,0.0,0.0,0.0,0.0,0.0,0.0,0.0,0.0,0.0,0.0,0.0,0.0,0.0
ES2002d,584,0.0,0.0,0.0,0.0,0.0,0.0,0.0,0.0,0.0,0.0,0.0,0.0,0.0
ES2002d,585,0.0,0.0,0.0,0.0,0.0,0.0,0.0,0.0,0.0,0.0,0.0,0.0,0.0
ES2002d,586,0.0,0.0,0.0,0.0,0.0,0.0,0.0,0.0,0.0,0.0,0.0,0.0,0.0
ES2002d,587,0.0,0.0,0.0,0.0,0.0,0.0,0.0,0.0,0.0,0.0,0.0,0.0,0.0
ES2002d,588,0.0,0.0,0.0,0.0,0.0,0.0,0.0,0.0,0.0,0.0,0.0,0.0,0.0
ES2002d,589,0.0,0.0,0.0,0.0,0.0,0.0,0.0,0.0,0.0,0.0,0.0,0.0,0.0
ES2002d,590,0.0,0.0,0.0,0.0,0.0,0.0,0.0,0.0,0.0,0.0,0.0,0.0,0.0
ES2002d,591,0.0,0.0,0.0,0.0,0.0,0.0,0.0,0.0,0.0,0.0,0.0,0.0,0.0
ES2002d,592,0.0,0.0,0.0,0.0,0.0,0.0,0.0,0.0,0.0,0.0,0.0,0.0,0.0
ES2002d,593,0.0,0.0,0.0,0.0,0.0,0.0,0.0,0.0,0.0,0.0,0.0,0.0,0.0
ES2002d,594,0.0,0.0,0.0,0.0,0.0,0.0,0.0,0.0,0.0,0.0,0.0,0.0,0.0
ES2002d,595,0.0,0.0,0.0,0.0,0.0,0.0,0.0,0.0,0.0,0.0,0.0,0.0,0.0
ES2002d,596,0.0,0.0,0.0,0.0,0.0,0.0,0.0,0.0,0.0,0.0,0.0,0.0,0.0
ES2002d,597,0.0,0.0,0.0,0.0,0.0,0.0,0.0,0.0,0.0,0.0,0.0,0.0,0.0
ES2002d,598,0.0,0.0,0.0,0.0,0.0,0.0,0.0,0.0,0.0,0.0,0.0,0.0,0.0
ES2002d,599,0.0,0.0,0.0,0.0,0.0,0.0,0.0,0.0,0.0,0.0,0.0,0.0,0.0
ES2002d,600,0.0,0.0,0.0,0.0,0.0,0.0,0.0,0.0,0.0,0.0,0.0,0.0,0.0
ES2002d,601,0.0,0.0,0.0,0.0,0.0,0.0,0.0,0.0,0.0,0.0,0.0,0.0,0.0
ES2002d,602,0.0,0.0,0.0,0.0,0.0,0.0,0.0,0.0,0.0,0.0,0.0,0.0,0.0
ES2002d,603,0.0,0.0,0.0,0.0,0.0,0.0,0.0,0.0,0.0,0.0,0.0,0.0,0.0
ES2002d,604,0.0,0.0,0.0,0.0,0.0,0.0,0.0,0.0,0.0,0.0,0.0,0.0,0.0
ES2002d,605,0.0,0.0,0.0,0.0,0.0,0.0,0.0,0.0,0.0,0.0,0.0,0.0,0.0
ES2002d,606,0.0,0.0,0.0,0.0,0.0,0.0,0.0,0.0,0.0,0.0,0.0,0.0,0.0
ES2002d,607,0.0,0.0,0.0,0.0,0.0,0.0,0.0,0.0,0.0,0.0,0.0,0.0,0.0
ES2002d,608,0.5792551040649414,0.4296737313270569,0.45674867431322735,0.10723961889743805,0.043508301178614296,0.4986276527245839,0.5565957625706991,0.7265088160832723,13.815103074026526,64.16393541469519,14.914283243232939,0.0,0.0
ES2002d,609,0.518032838900884,0.31022725502649945,0.5440587103366852,0.2455169235666593,0.1247254740446806,0.5874383846918741,0.3642596999804179,0.3822462822621067,-9.280444151787213,-4.5053957988859965,3.3265498182370066,0.0,0.0
ES2002d,610,0.6119086345036825,0.4919961392879486,0.34331581989924115,0.1790439710021019,0.05369573459029198,0.6112755537033081,0.384596327940623,0.41844339420398075,5.56231178105991,-6.404951320955452,-2.564470257035869,0.0,0.0
ES2002d,611,0.6988396644592285,0.4954985777537028,0.5641288956006368,0.18319361160198847,0.06541544881959756,0.5779061317443848,0.40175531307856244,0.6714514667789141,7.084577727892842,-13.413458829136319,-11.433638502028503,0.0,0.0
ES2002d,612,0.5847275455792745,0.24182928601900736,0.8300268848737081,0.12684966375430426,0.021915337691704433,0.699006458123525,0.5096885661284128,0.6687520742416382,4.348608850861024,12.299223491297228,-14.655462965320604,0.0,0.0
ES2002d,613,0.6423726479212443,0.32463233172893524,0.4354339639345805,0.11709336936473846,0.015380017769833406,0.44088374574979144,0.5238617857297262,0.4147369811932246,-3.3215029269712555,7.92765418508857,-11.805698228530597,0.0,0.0
ES2002d,614,0.745109756787618,0.3913989414771398,0.5787159403165182,0.11202844480673473,0.023981400455037754,0.5431937177975973,0.536772608757019,0.9433911442756653,-7.2634069522658775,6.851884652072915,-4.515314730821462,0.0,0.0
ES2002d,615,0.7033068537712097,0.4349162081877391,0.32388697067896527,0.13391640534003577,0.0897575244307518,0.6527150273323059,0.4126322865486145,0.9880723357200623,-6.632898962808137,-0.4198395828214792,-11.490264952837123,0.0,0.0
ES2002d,616,0.6536208987236023,0.4090062876542409,0.4642144739627838,0.2575650190313657,0.12824486941099167,0.6247367461522421,0.36037606994311017,0.9936688741048177,-3.2784035836090197,-5.188645775585755,-9.486153964247789,0.0,0.0
ES2002d,617,0.6487933397293091,0.5049915909767151,0.42581357558568317,0.0840496967236201,0.059049552927414574,0.6780257026354471,0.43563638130823773,0.6801577508449554,-2.2866630030369977,-7.246738154381945,-7.640620928375415,0.0,0.0
ES2002d,618,0.5706764856974283,0.31782052914301556,0.24472339699665704,0.16227315862973532,0.07324181062479813,0.4721863369146983,0.41126566131909686,0.7893090943495432,-4.1926858078261615,1.3014464004688149,-7.999745431398918,0.0,0.0
ES2002d,619,0.6930398146311442,0.35592736800511676,0.3744444077213605,0.22746479014555612,0.07028173841536045,0.5270005563894907,0.3789977928002675,0.751395583152771,-0.3376106919234039,19.317818650763453,-4.32742464069024,0.0,0.0
ES2002d,620,0.6841156482696533,0.3065084367990494,0.5512936264276505,0.16480799516042074,0.045748197784026466,0.42739028731981915,0.4583873947461446,0.8329448898633321,-8.469588229088165,39.25978933319711,-9.099116876741435,0.0,0.0
ES2002d,621,0.7319438258806864,0.2797898401816686,0.8574396371841431,0.15353270868460336,0.05183482853074869,0.3568570117155711,0.47811591625213623,0.8841637372970581,-13.410744229623333,56.108780150722225,-11.257713347901358,0.0,0.0
ES2002d,622,0.6855528950691223,0.2692816158135732,0.5655465225378672,0.13707717011372247,0.04200654414792856,0.4565863062938054,0.45664095878601074,0.6466863254706064,-14.018007938513088,39.61506791054563,-11.875769475819139,0.0,0.0
ES2002d,623,0.616267591714859,0.3342393736044566,0.4431961625814438,0.31590419511000317,0.10870807866255443,0.3976963957150777,0.4469722509384155,0.7899943192799886,-16.147712230002714,16.418232485077194,-19.690600769734086,0.0,0.0
ES2002d,624,0.6967096328735352,0.633460154136022,0.20814316968123117,0.08125670130054156,0.024215179185072582,0.2979679877559344,0.5022884905338287,0.39303632577260333,-9.411412581204269,16.381639861317165,-16.205673018710225,0.0,0.0
ES2002d,625,0.7558762629826864,0.656466543674469,0.22336978713671365,0.09511458377043407,0.030771102135380108,0.3630927453438441,0.4844161868095398,0.629892369111379,-6.3125428655531755,15.34756821385897,-11.62997287840951,0.0,0.0
ES2002d,626,0.7087830503781637,0.5962599118550619,0.27456962565581006,0.10524941732486089,0.04011351863543192,0.4691640262802442,0.4548230767250061,0.8607892990112305,-10.923546662929196,20.01257825601037,-11.79223343312242,0.0,0.0
ES2002d,627,0.5512598752975464,0.630953311920166,0.33312026659647626,0.2676839902997017,0.16985241509974003,0.33311514059702557,0.5750825007756551,0.01931175651649634,-54.893823340273435,11.811281410819632,-12.887639535325306,0.0,0.0
ES2002d,628,0.5968890388806661,0.5435869892438253,0.3683674931526184,0.3957196871439616,0.3244489977757136,0.34583943088849384,0.4972314238548279,0.34650409159560996,-54.68057187167651,1.3615334445386784,-11.496271781235459,0.0,0.0
ES2002d,629,0.4084211587905884,0.387701412041982,0.17790204286575317,0.18817556897799173,0.09576385219891866,0.2602303822835286,0.3034956355889638,0.3686939924955368,-22.374697209021264,-1.3990894444153863,-5.539780844816444,0.0,0.0
ES2002d,630,0.20435633261998495,0.1088655690352122,0.09384580453236897,0.05502109229564667,0.05216420193513235,0.142135888338089,0.22463947534561157,0.32321099440256756,-13.661380548627173,5.289249504712041,-4.257995819079907,0.0,0.0
ES2002d,631,0.6718138655026754,0.38417936364809674,0.35308485726515454,0.15654230614503226,0.07323001076777776,0.4696875015894572,0.5265585780143738,0.9859281977017721,-20.572703730241397,63.94953999995865,-17.67924727614907,0.0,0.0
ES2002d,632,0.4900942047437032,0.3656451304753621,0.37394286692142487,0.1198193629582723,0.036479104310274124,0.46601078907648724,0.4871821105480194,0.4744745120406151,-10.069077061639438,31.633294926356502,-11.811835712262782,0.0,0.0
ES2002d,633,0.42657435933748883,0.3449922353029251,0.1528883030017217,0.10653213659922282,0.016219808409611385,0.38936548431714374,0.4753202497959137,0.0857130562265714,-5.381436835910676,14.530257843389824,-7.730394536251989,0.0,0.0
ES2002d,634,0.5700134336948395,0.29904891053835553,0.42700663208961487,0.1098231499393781,0.04514102699855963,0.5726235707600912,0.4515682856241862,0.48659375309944153,-11.169684700730903,29.35761944772897,-12.177864397281056,0.0,0.0
ES2002d,635,0.5899052719275156,0.3570396701494853,0.586744507153829,0.12510374188423157,0.04597706844409307,0.5449921091397604,0.4341613749663035,0.7248551150163015,-15.440313739320215,43.401790529561275,-15.216023200854353,0.0,0.0
ES2002d,636,0.6346739133199056,0.36615025003751117,0.4208054145177205,0.21119508892297745,0.11529955143729846,0.33246225118637085,0.45809680223464966,0.7478720645109812,-16.993803752889676,40.175869873367425,-18.67286946876152,0.0,0.0
ES2002d,637,0.6579050620396932,0.3327298661073049,0.533604234457016,0.15759746730327606,0.07495857526858647,0.38744857907295227,0.5034052034219106,0.9845416943232218,-22.828955678453394,57.71579667107528,-19.861593459725572,0.0,0.0
ES2002d,638,0.6490409771601359,0.2933181921641032,0.4730076988538106,0.20438504964113235,0.07744344944755237,0.4039740910132726,0.5355379780133566,0.9261179765065511,-19.921634902541467,39.70312731911219,-19.667676576026427,0.0,0.0
ES2002d,639,0.6007724304993948,0.3599785466988881,0.4059267540772756,0.1388716623187065,0.07004032594462235,0.5501525302728018,0.4501458704471588,0.7730986277262369,-13.495090649911134,17.431619199092065,-15.44714900005902,0.0,0.0
ES2002d,640,0.6428991158803304,0.4362932691971461,0.5227275192737579,0.2144958476225535,0.09749001388748486,0.5879558622837067,0.34925955533981323,0.9658174713452657,-61.73129377344151,39.96940840408997,-63.66518667097636,0.0,0.0
ES2002d,641,0.6659546494483948,0.27887969215710956,0.6440694133440653,0.16838029523690543,0.06483707825342815,0.4314761857191722,0.5309499402840933,0.7035289704799652,-6.213292490253288,49.047511354658006,-7.142177548210022,0.0,0.0
ES2002d,642,0.6526344617207845,0.20838594436645508,0.6567985415458679,0.13304967681566873,0.042531621952851616,0.6448069214820862,0.49652474125226337,0.5275217940409979,-7.760537959900199,49.03250425245225,-8.409460693891829,0.0,0.0
ES2002d,643,0.6678053538004557,0.23870858550071716,0.7982084353764852,0.1378686527411143,0.0419246976574262,0.6689657767613729,0.4758497178554535,0.5861218273639679,-4.890154097177731,52.59648293068361,-4.761783292252394,0.0,0.0
ES2002d,644,0.6613098978996277,0.3038730025291443,0.46727514266967773,0.13440925007065138,0.05788285036881765,0.5517366925875345,0.5136081576347351,0.5000668615102768,57.75231656861022,65.09964267608035,59.60184295225813,0.0,0.0
ES2002d,645,0.6745150883992513,0.2759237786134084,0.4530716935793559,0.18496089180310568,0.11054514596859615,0.5465724766254425,0.5532915194829305,0.9041430552800497,-4.139739319971231,73.91175956842308,-2.6919274952610457,0.0,0.0
ES2002d,646,0.17745033899943033,0.12564623355865479,0.18203699588775635,0.044022599856058754,0.0160172867278258,0.19067207972208658,0.16983679930369058,0.2546078562736511,-18.94204119913945,26.953167278854238,-18.714608515989074,0.0,0.0
ES2002d,647,0.4465605815251668,0.36967665950457257,0.31224822998046875,0.18621326982975006,0.16483214497566223,0.45122458537419635,0.3156356414159139,0.6660195589065552,-35.31680488083219,49.8467185830234,-35.52065278029193,0.0,0.0
ES2002d,648,0.43828203280766803,0.3534574508666992,0.37383292118708294,0.15783852338790894,0.06157712390025457,0.2995566924413045,0.28225936492284137,0.6382551987965902,-32.54290734918538,15.759603109905141,-21.52956369813744,0.0,0.0
ES2002d,649,0.6223943034807841,0.4644821385542552,0.5042881568272909,0.41315335035324097,0.25498323639233905,0.3214234511057536,0.45393170913060504,0.49461440990368527,45.35547090968107,27.007118205584646,42.63982318042272,0.0,0.0
ES2002d,650,0.7134828567504883,0.5434835950533549,0.37476074943939847,0.41048366328080493,0.15529517332712808,0.4931812783082326,0.41058652599652606,0.8367127378781637,-5.136046273090386,13.612695903126601,-9.616081770642142,0.0,0.0
ES2002d,651,0.7577563722928365,0.5728467802206675,0.2752235184113185,0.425461287299792,0.17293665433923402,0.4690859317779541,0.3495445301135381,0.9157843391100565,15.990763193047476,30.391664298265823,11.781563378679005,0.0,0.0
ES2002d,652,0.7633368770281473,0.5750091175238291,0.5978420873483022,0.2026300703485807,0.11212112816671531,0.6325788299242655,0.41529567042986554,0.7509122689565023,31.888936533561903,61.56236008347228,32.02607698816676,0.0,0.0
ES2002d,653,0.7157792448997498,0.36049556732177734,0.5430995921293894,0.19049781560897827,0.10236987844109535,0.6292272011439005,0.504537413517634,0.7753556569417318,38.32578990003703,69.42479291182504,39.75389676236377,0.0,0.0
ES2002d,654,0.4568779567877452,0.2959567805131276,0.454357514778773,0.401720255613327,0.35703806082407635,0.7055942813555399,0.5928238828976949,0.5312368969122568,7.720916359446059,44.13524014712033,-9.437488832464606,0.0,0.0
ES2002d,655,0.4622963567574819,0.32623931765556335,0.39254942536354065,0.3660554190476735,0.183781236410141,0.5633028348286947,0.5405061443646749,0.39679338534673053,8.862122388411041,42.88048563396634,-7.410959083993404,0.0,0.0
ES2002d,656,0.4661598702271779,0.24907663464546204,0.5735501845677694,0.39372100432713825,0.3351404170195262,0.6034696996212006,0.5352706511815389,0.40938151876131695,10.564591464306249,40.75242354724734,-6.088204008086342,0.0,0.0
ES2002d,657,0.4557824631532033,0.36612506707509357,0.43358415365219116,0.3393985629081726,0.2663123309612274,0.7722307642300924,0.5066521267096201,0.5364301726222038,10.880797016098242,36.22989421409048,-3.1911860009726976,0.0,0.0
ES2002d,658,0.5256757835547129,0.36814140280087787,0.5571775337060293,0.22613034645716348,0.18671571090817451,0.6407954692840576,0.5617851217587789,0.4276427626609802,11.535697009738849,32.24855254535323,-3.0545947052398574,0.0,0.0
ES2002d,659,0.4825212359428406,0.34456663330396015,0.7873706022898356,0.35813404619693756,0.30747976899147034,0.6287611424922943,0.5444811383883158,0.6207358439763387,12.745411896686555,34.236488882979955,-2.8027417523615816,0.0,0.0
ES2002d,660,0.49644707640012103,0.45433976252873737,0.617916484673818,0.3340279956658681,0.2721349100271861,0.7309723695119222,0.5352726976076762,0.6721360186735789,11.688537571507522,31.252171153486675,-3.8908325735826867,0.0,0.0
ES2002d,661,0.5320203999678293,0.34752703706423443,0.7515729069709778,0.3844360609849294,0.2781730790932973,0.7937082052230835,0.5712462663650513,0.6122870246569315,11.026721541567987,28.34555172014932,-4.211001011157399,0.0,0.0
ES2002d,662,0.6115458210309347,0.3489487866560618,0.7382248242696127,0.26312293112277985,0.1395315776268641,0.720708946386973,0.531932552655538,0.8273059129714966,7.904640898235708,25.496940449854804,-4.217498795906322,0.0,0.0
ES2002d,663,0.6400331457455953,0.25897587339083356,0.7043954133987427,0.16920391221841177,0.050803909078240395,0.6124796867370605,0.5885312557220459,0.6351069808006287,6.724536632205596,22.238488442156818,-3.3911159508467335,0.0,0.0
ES2002d,664,0.6373700499534607,0.27469949920972186,0.7996726830800375,0.15693609416484833,0.037914580975969635,0.7346274654070536,0.5228777627150217,0.7813971837361654,6.622980690354344,21.041238961919003,-3.795425169267111,0.0,0.0
ES2002d,665,0.5838630199432373,0.2633165915807088,0.7698360880215963,0.17372073233127594,0.0471281943221887,0.7313088973363241,0.49612435698509216,0.920481264591217,5.470136491494778,24.20812831393991,-4.640676673966319,0.0,0.0
ES2002d,666,0.5868133505185446,0.23849210143089294,0.7580661773681641,0.2286391705274582,0.10977589587370555,0.6712619264920553,0.5831328531106313,0.8381073474884033,3.7059855136057145,28.483681462754813,-6.605131540746707,0.0,0.0
ES2002d,667,0.6012034217516581,0.25898965696493786,0.7582392493883768,0.17753419280052185,0.050349872559309006,0.6063741048177084,0.6036223570505778,0.7405539751052856,4.775902476492312,25.368716644387366,-7.130116258299073,0.0,0.0
ES2002d,668,0.6620840430259705,0.2529321362574895,0.8533922433853149,0.1640688826640447,0.028606651971737545,0.7902331550916036,0.541205495595932,0.8152783711751302,6.128284233968287,18.54449553008916,-7.699828127439614,0.0,0.0
ES2002d,669,0.7098651925722758,0.32357781132062274,0.7884565790494283,0.16942477226257324,0.03123454749584198,0.7093619306882223,0.4794335961341858,0.9626718759536743,5.684405289671427,16.3267460805064,-8.06156621967964,0.0,0.0
ES2002d,670,0.6664985418319702,0.38175783554712933,0.7935023109118143,0.13726439078648886,0.024940672640999157,0.599634607632955,0.5368670622507731,0.820628841718038,7.005559646563928,19.57741290584936,-4.676833080044395,0.0,0.0
ES2002d,671,0.7146035234133402,0.3153180678685506,0.6782871683438619,0.15148871143658957,0.023855814710259438,0.7627371946970621,0.4514656762282054,0.6729773879051208,4.3498188978020424,16.92184907892918,-7.4902217508988755,0.0,0.0
ES2002d,672,0.6634026765823364,0.30065276225407916,0.5808355013529459,0.208646426598231,0.08061165486772855,0.723105808099111,0.5294799705346426,0.5290432820717493,4.409229887288146,23.26751938088893,-7.391670795813682,0.0,0.0
ES2002d,673,0.6868325670560201,0.3547963500022888,0.6477513710657755,0.17571780582269034,0.04621644256015619,0.7421459555625916,0.5449082354704539,0.8961365222930908,2.2614734978652216,28.82777384955868,-5.96860566853429,0.0,0.0
ES2002d,674,0.6813779671986898,0.23171051839987436,0.7166968385378519,0.14504059155782065,0.04001228076716264,0.7179121971130371,0.544893741607666,0.7361803551514944,0.07586578238288277,24.206325310922967,-8.524321898188562,0.0,0.0
ES2002d,675,0.5718764464060465,0.3076123098532359,0.6938679416974386,0.27822108070055646,0.1659371511389812,0.7030575076738993,0.6327634255091349,0.4247983495394389,2.9738592785507225,23.857181764544595,-13.35886951251039,0.0,0.0
ES2002d,676,0.5489869912465414,0.3488963445027669,0.7071744998296102,0.2578972528378169,0.110269445925951,0.7841277917226156,0.584188183148702,0.9174417654673258,6.24036192246934,29.11048021941434,-9.936928025570024,0.0,0.0
ES2002d,677,0.6232578555742899,0.2902925858894984,0.5347252090771993,0.26610707739988965,0.17043940598766008,0.6581349770228068,0.5535807609558105,0.547296608487765,2.4490734028273082,35.613345716382526,-12.19388069054986,0.0,0.0
ES2002d,678,0.5308251281579336,0.3211170534292857,0.32944758236408234,0.45117278893788654,0.3221014340718587,0.6879026492436727,0.6022050976753235,0.6250669757525126,5.637360481689889,41.863220685442506,-11.760397471262676,0.0,0.0
ES2002d,679,0.5477911631266276,0.2578027943770091,0.4598277409871419,0.33788179854551953,0.2929035673538844,0.7505927681922913,0.56569904088974,0.5244065423806509,4.631266086718661,47.511272404387284,-12.158279777034508,0.0,0.0
ES2002d,680,0.6351795295874277,0.3247695465882619,0.6606264710426331,0.2611176669597626,0.21280417342980704,0.6304587324460348,0.5443561871846517,0.7096366584300995,-8.305264513994995,56.98267677532825,-17.52786104775357,0.0,0.0
ES2002d,681,0.6424304842948914,0.36396796504656476,0.750486155351003,0.172138974070549,0.07553006336092949,0.5919653077920278,0.6050341725349426,0.6391972204049429,-15.778910513018658,58.567253609027205,-22.2718025932532,0.0,0.0
ES2002d,682,0.7225831151008606,0.4053446054458618,0.7028383513291677,0.2236321916182836,0.13066792550186315,0.6677216390768687,0.6015682220458984,0.6585947970549265,-4.744161591172696,38.89250087868569,-16.206762931998522,0.0,0.0
ES2002d,683,0.5311052401860555,0.2965921362241109,0.6566173036893209,0.3233985900878906,0.27076523130138713,0.6408915519714355,0.5639727413654327,0.4978971481323242,8.748543385025075,32.637347050778054,-5.971043006118177,0.0,0.0
ES2002d,684,0.6036410431067148,0.3938475747903188,0.6358143786589304,0.21138131866852441,0.13334504949549833,0.5478262801965078,0.583855946858724,0.6915566126505533,9.406303179825608,30.257302364148302,-6.016172375380742,0.0,0.0
ES2002d,685,0.7304510672887167,0.442374328772227,0.6616197029749552,0.12875324239333472,0.04287226187686125,0.5242923200130463,0.5657972693443298,0.7685719728469849,-0.8427714487309599,14.892994931418707,-7.983403586175967,0.0,0.0
ES2002d,686,0.6691747307777405,0.39925416310628253,0.4456014136473338,0.13497469574213028,0.05557842180132866,0.5333978235721588,0.5504450301329294,0.714440921942393,-0.6691880006599552,14.299650213603783,-8.247944658607107,0.0,0.0
ES2002d,687,0.7568307518959045,0.3198353598515193,0.6889394124348959,0.13684842983881632,0.02946308379371961,0.540107011795044,0.47924111286799115,0.874563197294871,1.3795774645649965,15.59960670238781,-6.777916583950534,0.0,0.0
ES2002d,688,0.4709744354089101,0.27207142611344654,0.4637110233306885,0.3915887673695882,0.3710007816553116,0.4920588632424672,0.5066340267658234,0.23938804119825363,19.92743114863455,40.439914562138675,-2.2862723835269767,0.0,0.0
ES2002d,689,0.4907998939355214,0.312835435072581,0.4308402438958486,0.2868632177511851,0.3146442423264186,0.5472819010416666,0.5488165616989136,0.1753769355515639,17.127154870217993,40.277606759069,-3.550628540249806,0.0,0.0
ES2002d,690,0.5197978516419729,0.26490217447280884,0.5034698247909546,0.3376222451527913,0.2818903426329295,0.4382575949033101,0.5164231558640798,0.43933553745349246,12.130852549208768,44.132718158112425,-4.6559040457376915,0.0,0.0
ES2002d,691,0.5530010561148325,0.37069738904635113,0.4901728332042694,0.29938724637031555,0.3274395515521367,0.596582810084025,0.5529640515645345,0.42364266514778137,3.6158693692737613,49.43358794613952,-14.151117608366691,0.0,0.0
ES2002d,692,0.7059615055720011,0.4446565310160319,0.43696924050649005,0.47770167887210846,0.38414787376920384,0.3200906167427699,0.3546186735232671,0.9356818795204163,35.20147923881732,46.793939387377435,29.397317420005525,0.0,0.0
ES2002d,693,0.5432858268419901,0.39497079451878864,0.664465069770813,0.2865786949793498,0.21113241960604986,0.7029138406117758,0.5836158792177836,0.7896345059076945,15.349950511682707,30.799549520280106,-0.0525879264480252,0.0,0.0
ES2002d,694,0.5748952329158783,0.3290456583102544,0.7409098943074545,0.27864037454128265,0.2493133246898651,0.5466350217660269,0.5862258275349935,0.7246752878030142,12.726683052784688,29.86282405513698,-2.4767552021408625,0.0,0.0
ES2002d,695,0.5994194547335306,0.3186868230501811,0.6947702566782633,0.18595558404922485,0.08858002473910649,0.5351050893465678,0.5305729707082113,0.809211810429891,11.459437989314443,29.416200394877364,-2.4789219396818916,0.0,0.0
ES2002d,696,0.605572521686554,0.45407318075497943,0.796502967675527,0.31303149958451587,0.19995342443386713,0.629316637913386,0.6249569853146871,0.7116101384162903,9.946872055337133,31.62012543460669,-10.113317212666592,0.0,0.0
ES2002d,697,0.6071454882621765,0.3991506000359853,0.7836851676305135,0.2313753068447113,0.18469877541065216,0.4062228004137675,0.5990591645240784,0.8497856656710306,11.375851187712314,30.219521426061956,-6.872691961256216,0.0,0.0
ES2002d,698,0.5856721599896749,0.36225924889246625,0.4875877300898234,0.36723077297210693,0.3370373845100403,0.5606604019800822,0.5865195095539093,0.4803408483664195,14.253750558209711,32.54836741965325,-6.818930892445137,0.0,0.0
ES2002d,699,0.6322088440259298,0.40722442666689557,0.61058376232783,0.2665722022453944,0.14332476072013378,0.4165170043706894,0.5487086176872253,0.5912046258648237,8.153504110376131,26.567962667224833,-8.347145284172058,0.0,0.0
ES2002d,700,0.8012383580207825,0.6377615034580231,0.712075412273407,0.14372907330592474,0.04199816224475702,0.681023359298706,0.5047124822934469,0.9894628922144572,4.3044324231799616,7.868308622169624,-7.133905227763449,0.0,0.0
ES2002d,701,0.7922572692235311,0.6072574953238169,0.5345785021781921,0.1411546915769577,0.059717257817586265,0.7256633043289185,0.5414826969305674,0.9739647308985392,-1.5818942127721953,12.603550328715556,-5.813704273169729,0.0,0.0
ES2002d,702,0.6757442255814871,0.5039877692858378,0.5155448118845621,0.19775057832400003,0.12482524352769057,0.6657437880833944,0.5624200304349264,0.6948089599609375,-1.9519626214930714,19.314560081568025,-8.045199895941318,0.0,0.0
ES2002d,703,0.77535613377889,0.5133107900619507,0.5369339287281036,0.0689856968820095,0.016372966580092907,0.6065757075945536,0.5074302554130554,0.5211408287286758,-2.7719424055400985,5.550490260359407,-7.582709048042002,0.0,0.0
ES2002d,704,0.7518322666486105,0.5713625053564707,0.4938201109568278,0.09592656294504802,0.034127787997325264,0.5545201698939005,0.6069840788841248,0.9038938681284586,-1.0050247083631318,3.948560507598506,-5.789376323581634,0.0,0.0
ES2002d,705,0.7795055508613586,0.4310648838678996,0.48736247420310974,0.14165657510360083,0.05157182986537615,0.7616377870241801,0.5284145871798197,0.8311392962932587,2.32656603279187,8.245359867618882,-4.669272574569402,0.0,0.0
ES2002d,706,0.6116217970848083,0.32646238803863525,0.5358337809642156,0.32094669838746387,0.2750468887388706,0.7266348600387573,0.569257120291392,0.6032720804214478,3.7919324103663405,34.10679267183302,-8.744155244183622,0.0,0.0
ES2002d,707,0.5056859155495962,0.31207311153411865,0.455427348613739,0.36888018250465393,0.27568167199691135,0.6336300571759542,0.5161790549755096,0.589745839436849,3.5372875361240212,36.827173206340696,-13.604593171311345,0.0,0.0
ES2002d,708,0.6555007696151733,0.372401421268781,0.7199740807215372,0.20347554981708527,0.11019852509101231,0.6868460377057394,0.5097676515579224,0.858135461807251,2.2892256053289226,23.877666546124896,-10.94020977284071,0.0,0.0
ES2002d,709,0.6497811476389567,0.5235208968321482,0.7562850713729858,0.14200676480929056,0.06130605687697729,0.618464340766271,0.5625253319740295,0.6719423631827036,9.32192866637441,24.54757367483691,-2.808749343858155,0.0,0.0
ES2002d,710,0.6667646169662476,0.33336957295735675,0.6788206100463867,0.15426136056582132,0.07378959159056346,0.4814004103342692,0.5273571014404297,0.9019732475280762,9.588812191680814,21.722500509354997,-3.179646472580288,0.0,0.0
ES2002d,711,0.7207784056663513,0.3411366194486618,0.7626352310180664,0.13049446791410446,0.024237924565871555,0.6772792736689249,0.5659841100374857,0.8341028491655985,8.424048463191461,13.598339100739151,-6.734873585720291,0.0,0.0
ES2002d,712,0.5476474165916443,0.30151062707106274,0.7039734621842703,0.3069657211502393,0.1825679000467062,0.6567006309827169,0.562865157922109,0.7036088208357493,7.257435923623152,25.37703789945175,-7.530688181413869,0.0,0.0
ES2002d,713,0.5059068500995636,0.2699902057647705,0.6148683528105418,0.32715227206548053,0.21185132612784704,0.5589303473631541,0.5701765815416971,0.8260880907376608,9.708052330924962,35.37775383339573,-9.74516984179021,0.0,0.0
ES2002d,714,0.5758643647034963,0.38660197456677753,0.6532651980717977,0.2914188802242279,0.15557100623846054,0.3685058057308197,0.476138174533844,0.4459303990006447,16.30101594044676,33.81721150533607,-2.247387012997134,0.0,0.0
ES2002d,715,0.5152755777041117,0.32158775130907696,0.6029576361179352,0.3748903771241506,0.3588328609863917,0.42681724826494855,0.5456101596355438,0.5721400479475657,9.607985435853061,39.521024429944966,-7.742809656444694,0.0,0.0
ES2002d,716,0.5556560258070627,0.36195239424705505,0.5344752768675486,0.3299644738435745,0.22905116776625314,0.5028107563654581,0.4773103694121043,0.5640987207492193,4.1454960846146065,39.54987789845575,-9.80717834308552,0.0,0.0
ES2002d,717,0.8143354852994283,0.3657458821932475,0.22369023660818735,0.11479037503401439,0.020196145710845787,0.33204440275828045,0.5304733514785767,0.9331304033597311,-0.9594155678674294,12.082045963233549,1.091693190347041,0.0,0.0
ES2002d,718,0.7729609211285909,0.35897591710090637,0.2928282643357913,0.13959070791800818,0.046260472387075424,0.37867260972658795,0.45930103460947674,0.9885692000389099,0.8123597675359425,11.17366367459867,-2.8364437478146933,0.0,0.0
ES2002d,719,0.6550047000249227,0.3111640165249507,0.47092581788698834,0.1626268227895101,0.05052557525535425,0.6118407646814982,0.4637301762898763,0.9676390091578165,-1.2411275273602442,13.845505623913354,-8.717534220193883,0.0,0.0
ES2002d,720,0.7607510884602865,0.5334578057130178,0.34724011023839313,0.13489755988121033,0.08346229170759518,0.5282202462355295,0.4423277676105499,0.75116894642512,52.16621624730531,57.474273477490435,49.607143851148386,0.0,0.0
ES2002d,721,0.7195519804954529,0.4672086139520009,0.5093064606189728,0.12139983475208282,0.06391436606645584,0.374600221713384,0.4143140912055969,0.7109430631001791,38.58163577673704,60.13360390687634,33.917387525356496,0.0,0.0
ES2002d,722,0.6567716002464294,0.3439160982767741,0.6828970909118652,0.10452298820018768,0.03652318629125754,0.5900755127271017,0.43676790595054626,0.6846931229035059,31.74368892157869,49.55687225342218,28.03708560531335,0.0,0.0
ES2002d,723,0.7174941301345825,0.3755761384963989,0.42842239141464233,0.2097569058338801,0.10884345447023709,0.43290020028750104,0.3488033413887024,0.9941060145696005,9.774735278404792,10.633189600559009,2.585674727448765,0.0,0.0
ES2002d,724,0.6196932792663574,0.31985455254713696,0.46790798505147296,0.29184357821941376,0.16719515373309454,0.5194737811883291,0.3990206718444824,0.6642321546872457,18.333813216356244,15.111803732281222,-1.3647997866676052,0.0,0.0
ES2002d,725,0.5247151056925455,0.2887374361356099,0.2692253241936366,0.26791385809580487,0.3336106762290001,0.42611266175905865,0.3893716235955556,0.6565232401868949,6.1497884333108495,-27.17396248423014,-17.29503342702017,0.0,0.0
ES2002d,726,0.5343689024448395,0.2431857312719027,0.3857240080833435,0.19087119897206625,0.13918504118919373,0.3973460793495178,0.326694260040919,0.5219717373450597,-4.047671478781254,-16.949242245588565,-8.001089929432553,0.0,0.0
ES2002d,727,0.7302278677622477,0.33528708418210346,0.2168069432179133,0.25307604670524597,0.2666115661462148,0.2565755744775136,0.32566333810488385,0.9957358241081238,-0.5089409630772086,-10.130362456965486,-10.8429206942437,0.0,0.0
ES2002d,728,0.6818949580192566,0.38065173228581745,0.2521240785717964,0.19438091665506363,0.24327746282021204,0.27394602199395496,0.4648040533065796,0.9874469637870789,-1.8654142789720718,-8.296194389804624,-13.756122133223855,0.0,0.0
ES2002d,729,0.6681566834449768,0.4909902612368266,0.26398707429567975,0.07694684465726216,0.06040057415763537,0.5065105060736338,0.4488278230031331,0.5926095594962438,-1.1922395035229578,-9.662132921170377,-2.8500754626154863,0.0,0.0
ES2002d,730,0.7232081691424052,0.546390543381373,0.12932940075794855,0.10329275826613109,0.11574542274077733,0.31178174416224164,0.4582844177881877,0.5395605067412058,1.252874971470103,-16.183262213233963,-10.972111985033257,0.0,0.0
ES2002d,731,0.6953950921694437,0.5284951130549113,0.31282781561215717,0.16038652261098227,0.1642492711544037,0.40933601061503094,0.3343854049841563,0.9534566005071005,3.078907582129927,-17.844382964061605,-12.074473645702534,0.0,0.0
ES2002d,732,0.7107483148574829,0.35862331092357635,0.4230957527955373,0.14548708498477936,0.06457338606317838,0.494732270638148,0.4109116196632385,0.9743703007698059,0.9386977475656515,4.934025460357269,-6.02917274484896,0.0,0.0
ES2002d,733,0.7496557037035624,0.4284260769685109,0.3772294521331787,0.10266595830519994,0.017598336562514305,0.4645548065503438,0.44757069150606793,0.9225370287895203,-0.13095677137121467,16.238940232584245,-4.254142004094811,0.0,0.0
ES2002d,734,0.7214820981025696,0.4114840626716614,0.299495408932368,0.09695466856161754,0.017336306783060234,0.5114070971806844,0.5037486255168915,0.90956050157547,-0.6170124536930633,15.731476929555143,-4.853858744151761,0.0,0.0
ES2002d,735,0.7199911872545878,0.39817272623380023,0.2752977708975474,0.08574858804543813,0.012065737197796503,0.5260834594567617,0.5085571507612864,0.9042671918869019,-0.780100806008372,16.94128719952427,-3.9765740177526454,0.0,0.0
ES2002d,736,0.7512353857358297,0.4667997360229492,0.36681655049324036,0.10157931347688039,0.0193370192622145,0.5918040772279104,0.47233336170514423,0.9582687815030416,-0.11174841685409405,15.993477371279369,-3.8043285080431617,0.0,0.0
ES2002d,737,0.7892727057139078,0.5686700642108917,0.19842251390218735,0.12746675064166388,0.05317991537352403,0.30380434294541675,0.4775588313738505,0.9811176657676697,-2.7872445371227865,11.917727558887073,-3.3091821433217503,0.0,0.0
ES2002d,738,0.7486565113067627,0.6744299928347269,0.1333440492550532,0.12281793852647145,0.07227880445619424,0.3053269137938817,0.5079611738522848,0.8854464093844095,-3.4306647020333005,9.495205894816847,-0.9503991688408489,0.0,0.0
ES2002d,739,0.792426347732544,0.5206137597560883,0.3206046422322591,0.11948621024688084,0.030587990147372086,0.40214760104815167,0.47561649481455487,0.9864436189333597,-0.8235392403056001,12.462258629653912,-0.6306607536896861,0.0,0.0
ES2002d,740,0.8106193741162618,0.5354253649711609,0.28356798986593884,0.08682798842589061,0.012506818709274134,0.5043326516946157,0.5035807887713114,0.9074525435765585,-0.34679868942986736,14.705661632818513,-2.0958023807385597,0.0,0.0
ES2002d,741,0.8032876451810201,0.3816656768321991,0.23337442179520926,0.08967720468839009,0.013967860800524553,0.46078715721766156,0.554275115331014,0.7040667732556661,-1.0039448884900612,14.413082813028732,-2.5944095664071667,0.0,0.0
ES2002d,742,0.7962973912556967,0.43708133697509766,0.304545337955157,0.12719187637170157,0.02250447031110525,0.4479386309782664,0.5445330540339152,0.7306176026662191,-1.3581867886697851,13.588505209304152,-2.8458293660422385,0.0,0.0
ES2002d,743,0.820704440275828,0.49856942892074585,0.3223205457131068,0.10347947974999745,0.024967414016524952,0.5701434314250946,0.5593495965003967,0.9393085042635599,-2.9323222769216666,13.674554011241703,-2.60862521825663,0.0,0.0
ES2002d,744,0.7716337839762369,0.4387981394926707,0.28100229799747467,0.08438091725111008,0.01289953694989284,0.4286458194255829,0.5227587322394053,0.6348718044658502,-1.2606461720480397,14.361969531536536,-2.0803926505562966,0.0,0.0
ES2002d,745,0.7732831637064616,0.43427854776382446,0.2827705542246501,0.09344514459371567,0.01452625667055448,0.5618627468744913,0.5064367055892944,0.8277305563290914,-0.23182489168730733,15.638936018638134,-2.2133450372832777,0.0,0.0
ES2002d,746,0.812604029973348,0.4558425347010295,0.375464325149854,0.1390239621202151,0.030194281910856564,0.4784237742424011,0.46462183197339374,0.990468422571818,-1.245221964691148,14.206037112245658,-4.413331573525854,0.0,0.0
ES2002d,747,0.7736035585403442,0.4974428117275238,0.3430348684390386,0.16423613826433817,0.14092406739170352,0.433262437582016,0.392478808760643,0.9664554397265116,0.026724903223611058,12.315977379646625,-2.182498735310084,0.0,0.0
ES2002d,748,0.7159791191418966,0.43978280822436017,0.43539072076479596,0.2160338560740153,0.12920482891301313,0.6840511759122213,0.4082159399986267,0.9169955849647522,0.5480400925138494,14.608545100246744,-3.7579666046820477,0.0,0.0
ES2002d,749,0.7478846510251363,0.5148287812868754,0.5463910003503164,0.28659134606520337,0.12410829278330009,0.517453690369924,0.42236971855163574,0.7310547282298406,-4.350291535270855,17.37703079710923,-13.04258866455198,0.0,0.0
ES2002d,750,0.7338862220446268,0.6471618215243021,0.48681020239988965,0.44704635441303253,0.40905071794986725,0.3370209187269211,0.38971491158008575,0.9225483735402426,-7.215511827104293,8.439131900639255,-25.325963358539024,0.0,0.0
ES2002d,751,0.7170342008272806,0.5040123363335928,0.32468615969022113,0.3369470288356145,0.2701333633934458,0.5495564440886179,0.27956046164035797,0.8850720326105753,-3.377109956581352,17.38360128243974,-6.280377694052331,0.0,0.0
ES2002d,752,0.7833190162976583,0.5341081420580546,0.31654031574726105,0.13634351889292398,0.037972193832198776,0.495844433705012,0.46303441127141315,0.5915384118755659,0.4734154373228387,12.257528012527397,-2.0337868120481186,0.0,0.0
ES2002d,753,0.8183557788530985,0.6310549179712931,0.2563438018163045,0.14617369323968887,0.21803647528092066,0.46132845679918927,0.4818146626154582,0.9860320687294006,2.7473398045770363,3.6220693456986486,-1.7804618744542642,0.0,0.0
ES2002d,754,0.8049197991689047,0.5883832375208536,0.1957133263349533,0.08073444912830989,0.020961296123762924,0.4495522876580556,0.4758848150571187,0.8043129444122314,0.014155676171235587,9.728362787502332,1.12293738678871,0.0,0.0
ES2002d,755,0.8015174468358358,0.4978409906228383,0.21180965503056845,0.09493880222241084,0.03390260599553585,0.3578912913799286,0.4657869239648183,0.9956479072570801,-0.07012958603645099,8.185418151503965,1.5002739986352454,0.0,0.0
ES2002d,756,0.8320832848548889,0.47758705417315167,0.18774191041787466,0.11489259451627731,0.030547617003321648,0.4232123792171478,0.4620100160439809,0.6855817139148712,1.1782639651897455,14.760414996992933,-0.5187717341255698,0.0,0.0
ES2002d,757,0.7279428044954935,0.5018507043520609,0.24060228963692984,0.21463109801212946,0.1451240455110868,0.41187816858291626,0.42775742212931317,0.7679375211397806,2.235112348795537,0.5430756618053323,-0.3876172765342359,0.0,0.0
ES2002d,758,0.7736192941665649,0.5613102316856384,0.2265417824188868,0.14808678378661475,0.16096615232527256,0.4054141541322072,0.44691938161849976,0.978378156820933,-7.781981885193365,-1.2455628323535037,-1.9482933757116605,0.0,0.0
ES2002d,759,0.6890184879302979,0.5198360482851664,0.1711841622988383,0.17643399039904276,0.1327944720784823,0.35966042677561444,0.39448163906733197,0.9845001300175985,-3.0190081469195165,-3.22919565930609,-4.4447604436692565,0.0,0.0
ES2002d,760,0.7663962841033936,0.5426564812660217,0.19796532889207205,0.15716524670521417,0.21554810305436453,0.44114530086517334,0.4471566180388133,0.9297534624735514,3.6671148530063458,-14.038240898504192,-5.378994420298344,0.0,0.0
ES2002d,761,0.7618181904157003,0.5182290176550547,0.23315594096978506,0.17066755890846252,0.11801899721225102,0.33482099572817486,0.38827378551165265,0.9415826400121053,2.349451324974643,-9.149910209521588,-4.0003599631977504,0.0,0.0
ES2002d,762,0.7382986744244894,0.49459774295488995,0.32773588597774506,0.14889394988616309,0.11501060922940572,0.4269179006417592,0.4178967773914337,0.9549823602040609,2.5109109277457438,-5.45153834173711,-5.217673001134624,0.0,0.0
ES2002d,763,0.39902790387471515,0.22049400707085928,0.604124903678894,0.08027855927745502,0.03668289631605148,0.4305371393760045,0.48368096351623535,0.5589308341344198,63.42795523831313,48.056824486448704,53.60329494056979,0.0,0.0
ES2002d,764,0.43876397609710693,0.25038353602091473,0.670705258846283,0.0701465830206871,0.04146060657997926,0.5414322813351949,0.49865783254305523,0.8682069977124532,97.72910208620294,65.62189938067526,100.0936188116687,0.0,0.0
ES2002d,765,0.6306810975074768,0.256953164935112,0.5042537053426107,0.1357836959262689,0.07715428806841373,0.6310964425404867,0.5327950318654379,0.4823559522628784,58.628558261019386,69.82048690513368,61.051541047941384,0.0,0.0
ES2002d,766,0.6937879721323649,0.28558380405108136,0.5352180103460947,0.24476751188437143,0.08905715867877007,0.751082162062327,0.49076923727989197,0.5725739598274231,30.9882503047546,72.4557882794103,32.11481260414332,0.0,0.0
ES2002d,767,0.5757825970649719,0.24777684609095255,0.4291449189186096,0.34440815448760986,0.3575452168782552,0.4586612582206726,0.5192488034566244,0.9713077346483866,5.046690581168616,55.64130252526533,8.363397489916224,0.0,0.0
ES2002d,768,0.48842137058575946,0.34812219937642414,0.331887091199557,0.18575657655795416,0.12539315472046533,0.44481447090705234,0.46795372168223065,0.5196431204676628,2.472037695501973,33.85726756070692,4.984383830540883,0.0,0.0
ES2002d,769,0.4748465915520986,0.2875557988882065,0.4252915283044179,0.4435894588629405,0.2775931308666865,0.6102389693260193,0.6225757201512655,0.5455335378646851,10.82630094613934,41.04776357625176,-3.647790371518218,0.0,0.0
ES2002d,770,0.6898792386054993,0.4464084009329478,0.4968642195065816,0.2600242843230565,0.22965442885955176,0.6268365879853567,0.5467212796211243,0.7255769968032837,4.037893407058229,41.00899372031139,-4.6734772912504186,0.0,0.0
ES2002d,771,0.6040004094441732,0.41648849844932556,0.6723139882087708,0.2932715266942978,0.2409573644399643,0.4971114893754323,0.5777846872806549,0.6622076034545898,5.1065579062558255,37.59390865907978,-6.61552300643162,0.0,0.0
ES2002d,772,0.5717164178689321,0.4489692747592926,0.6068612535794576,0.23480148365100226,0.13393835723400116,0.574790358543396,0.5584730605284373,0.8119829893112183,25.367138961093996,43.48230792784984,16.919768280113622,0.0,0.0
ES2002d,773,0.6696699460347494,0.43348897496859234,0.6233807802200317,0.20163908849159876,0.13185160979628563,0.6070474286874136,0.49239397048950195,0.9262380003929138,26.835611043615135,60.489044523405106,25.196046879403212,0.0,0.0
ES2002d,774,0.6403411030769348,0.34988030791282654,0.6460425853729248,0.14183203627665839,0.10089865326881409,0.3390785753726959,0.5399313767751058,0.6075506110986074,18.58190146143293,44.18958035962121,11.08277055519926,0.0,0.0
ES2002d,775,0.5821877121925354,0.33586342136065167,0.7433466712633768,0.1703151067097982,0.0729915052652359,0.45014022787412006,0.524460623661677,0.7700693507989248,7.946715706136902,30.614638429281843,-4.805058635342753,0.0,0.0
ES2002d,776,0.5798997481664022,0.2578721344470978,0.7191375096638998,0.10667032500108083,0.041832988460858665,0.4145374596118927,0.5494093100229899,0.927787979443868,3.1005144843496537,27.011997879816477,-9.048250278327831,0.0,0.0
ES2002d,777,0.6213458975156149,0.3768588701883952,0.719069759051005,0.13606153428554535,0.05674253714581331,0.5706288516521454,0.6223877271016439,0.7559100886185964,3.6567916736778847,28.999664560949117,-10.152856410328562,0.0,0.0
ES2002d,778,0.5965736707051595,0.41701745986938477,0.6918180584907532,0.14862624307473501,0.033973331873615585,0.6513141989707947,0.5947269002596537,0.8804372151692709,4.4630690626203195,24.090445927744053,-8.706397692274974,0.0,0.0
ES2002d,779,0.7248453696568807,0.31763484080632526,0.7164250413576762,0.13262424618005753,0.02397110437353452,0.6266599098841349,0.5618042349815369,0.8859914541244507,2.517016965679487,16.89057922795126,-7.17785033505218,0.0,0.0
ES2002d,780,0.7780039509137472,0.5013229250907898,0.5547587076822916,0.13077478855848312,0.048472233737508454,0.7178969581921896,0.5950121879577637,0.9607442617416382,1.483949619980535,6.415874635766994,-8.299267959708109,0.0,0.0
ES2002d,781,0.6261446674664816,0.2607403000195821,0.5973232984542847,0.11215171962976456,0.02239736852546533,0.5742083688577017,0.5599692662556967,0.8543554941813151,1.4222283574683765,10.802006349315329,-8.921195550002077,0.0,0.0
ES2002d,782,0.6435796817143759,0.33975263436635333,0.5172195434570312,0.14988351116577783,0.06655905333658059,0.600005159775416,0.5684816837310791,0.7933090726534525,3.3035283280036416,25.16099330426611,-7.6889220263026345,0.0,0.0
ES2002d,783,0.5845610499382019,0.29071664313475293,0.7587901552518209,0.19652740905682245,0.10373237853248914,0.6056676109631857,0.5569808979829153,0.8542495568593343,6.318534507223576,26.89940446660727,-6.7503494161305495,0.0,0.0
ES2002d,784,0.6176127195358276,0.3064780831336975,0.8192210594813029,0.1490008383989334,0.03720272580782572,0.5570550858974457,0.4967080056667328,0.8092595040798187,4.625216028862142,19.699585351767738,-11.456510525018011,0.0,0.0
ES2002d,785,0.6316891113917033,0.3552452623844147,0.8808126846949259,0.17852925757567087,0.04320505385597547,0.6108328104019165,0.5522119204203287,0.9776504039764404,5.696669999392554,23.256469324844236,-7.217839282841273,0.0,0.0
ES2002d,786,0.7372239629427592,0.4831252296765645,0.6851496795813242,0.1372876614332199,0.0443733986467123,0.7251906991004944,0.5968869725863138,0.6744319001833597,2.4087751818119894,15.093020072838245,-5.817603483207186,0.0,0.0
ES2002d,787,0.7134232918421427,0.5027644634246826,0.3394931008418401,0.1156263326605161,0.046027512600024544,0.48251355687777203,0.5386309027671814,0.8749900460243225,-0.2795812788437313,7.34562103014945,-5.072770081283607,0.0,0.0
ES2002d,788,0.707656999429067,0.5063730080922445,0.46366052826245624,0.08873950441678365,0.03409649866322676,0.6970429619153341,0.5492650071779887,0.9854383071263632,-3.7643613121005437,12.48657483313376,-6.5566134728737175,0.0,0.0
ES2002d,789,0.6652761499087015,0.2651802947123845,0.8457828760147095,0.15223349630832672,0.041866726242005825,0.5655864775180817,0.4658445417881012,0.9252970019976298,1.4222985796601189,22.85596189708618,-10.233478838129944,0.0,0.0
ES2002d,790,0.6442570686340332,0.3429817159970601,0.7737119793891907,0.12190503875414531,0.06319540552794933,0.3962242901325226,0.5315388838450114,0.6200628553827604,-1.4283306992065306,30.28723129329965,-8.92490783304554,0.0,0.0
ES2002d,791,0.5745014746983846,0.3205516239007314,0.7939146955808004,0.1558217704296112,0.07317375702162583,0.5989281137784322,0.5139862895011902,0.6663103799025217,1.6480443993541893,33.25701196532528,-7.998410657906267,0.0,0.0
ES2002d,792,0.6574743787447611,0.3282997210820516,0.6343690057595571,0.1465333253145218,0.03837597742676735,0.5192867914835612,0.5669727722803751,0.5138429055611292,5.790537957020907,18.93287778058017,-4.334097762362233,0.0,0.0
ES2002d,793,0.7269547581672668,0.457254300514857,0.6449327965577444,0.13746505975723267,0.023227048416932423,0.6432679295539856,0.5349308351675669,0.9644538561503092,0.929328546593453,15.100654774613043,-7.218983219101557,0.0,0.0
ES2002d,794,0.5970511337121328,0.32999081412951153,0.5853529771169027,0.20792624851067862,0.11515837411085765,0.6075378358364105,0.5877442161242167,0.6039969225724539,4.866152961209658,25.42893723731386,-5.803721183471538,0.0,0.0
ES2002d,795,0.6056941151618958,0.372030903895696,0.6879305044809977,0.25062115987141925,0.16420316261549792,0.5844747126102448,0.5136414666970571,0.7604465981324514,15.400093798475973,27.11770289072774,0.3994608236031265,0.0,0.0
ES2002d,796,0.5148891508579254,0.3273061116536458,0.6536497871081034,0.31473366916179657,0.3213031192620595,0.5172243813673655,0.5597062110900879,0.7176623940467834,19.589140023579752,30.20559619630208,-0.116639770333542,0.0,0.0
ES2002d,797,0.4915751318136851,0.30450095733006793,0.7370038231213888,0.38856709003448486,0.3782880902290344,0.5375561366478602,0.5946208238601685,0.6897929608821869,16.951714160271823,33.31763038842899,-9.353171944689608,0.0,0.0
ES2002d,798,0.5862212578455607,0.4118259847164154,0.5173618694146475,0.3400317579507828,0.38234785695870716,0.5590372383594513,0.6132596333821615,0.6659941871960958,18.52841746862709,38.813740153988235,-3.9855785424426813,0.0,0.0
ES2002d,799,0.5585580964883169,0.29959816733996075,0.484846293926239,0.2547001540660858,0.20457073052724203,0.45973221957683563,0.5377786755561829,0.6580729981263479,12.819040869544644,44.64304484841485,1.1144490177583144,0.0,0.0
ES2002d,800,0.5708516339461008,0.34836862484614056,0.6149689555168152,0.2365016539891561,0.15091601262489954,0.5166205366452535,0.49943138162295025,0.7073047955830892,10.042883582464654,33.90631581351936,-2.1962224294691954,0.0,0.0
ES2002d,801,0.5499701599280039,0.3633519113063812,0.6256697078545889,0.20733735958735147,0.14460949103037515,0.4625384708245595,0.44822802146275836,0.723537395397822,10.894599638447765,31.43053761032628,-1.9454853219246289,0.0,0.0
ES2002d,802,0.5752108494440714,0.3866990904013316,0.6281174421310425,0.21520736316839853,0.09795673439900081,0.3821864128112793,0.49630744258562726,0.9240734577178955,8.727602771012139,31.186025049714914,-3.6372849332289934,0.0,0.0
ES2002d,803,0.6146131952603658,0.33190513650576275,0.5764959454536438,0.18153804540634155,0.10247858613729477,0.3607311546802521,0.4773385524749756,0.8034849762916565,9.302458153463004,31.947196427686134,-3.5757990365863974,0.0,0.0
ES2002d,804,0.5866819222768148,0.36951857805252075,0.7331866423288981,0.17783080538113913,0.07980884487430255,0.32335811853408813,0.5250082810719808,0.7663827538490295,7.289413935919552,31.004752784191595,-4.721243692559804,0.0,0.0
ES2002d,805,0.6844690243403116,0.3936020036538442,0.654599686463674,0.11472418159246445,0.03816980558137099,0.4732544819513957,0.5129823982715607,0.6752051413059235,4.803647475019309,25.90593900478061,-6.678293423100166,0.0,0.0
ES2002d,806,0.7691923578580221,0.4859917362531026,0.5392761478821436,0.11004572113355,0.02487100412448247,0.5041926701863607,0.5556060473124186,0.8598681688308716,-1.9619920450006278,12.297498250400045,-7.091301520160967,0.0,0.0
ES2002d,807,0.657139261563619,0.39520086844762164,0.43872423966725665,0.20299568523963293,0.14396420307457447,0.5644805729389191,0.5556405385335287,0.6263449142376581,-4.50042092034185,33.66003543822435,-10.382489589761185,0.0,0.0
ES2002d,808,0.5629739562670389,0.316562498609225,0.5163796444733938,0.34326404333114624,0.32189464569091797,0.6146124402681986,0.49924208720525104,0.3352762485543887,-11.913396294860354,50.27840404433579,-23.661623206527086,0.0,0.0
ES2002d,809,0.5810919404029846,0.3441835542519887,0.5567933817704519,0.3152073323726654,0.2997622142235438,0.5799404084682465,0.5891809860865275,0.42092137783765793,-19.91062797045574,53.20334588133958,-33.469916036076,0.0,0.0
ES2002d,810,0.7525343298912048,0.5420205096403757,0.34239667654037476,0.12221446136633556,0.03925726811091105,0.5365083316961924,0.4771052698294322,0.990397036075592,-3.322051326824004,9.830527029255824,-4.561881350577132,0.0,0.0
ES2002d,811,0.78050164381663,0.6813408335049947,0.29380157093207043,0.1565727467338244,0.05894820888837179,0.45978588859240216,0.43215759595235187,0.8847253521283468,-2.861770511678832,14.664389608154664,-3.900343974579634,0.0,0.0
ES2002d,812,0.7408455808957418,0.5606800119082133,0.4128230810165405,0.0895519604285558,0.030546537910898525,0.5386230746905009,0.4812651177247365,0.6765249818563461,-2.499458166203972,25.334331062445205,-2.0370650703867605,0.0,0.0
ES2002d,813,0.7504909833272299,0.5423446098963419,0.251217116912206,0.1257853458325068,0.037223380990326405,0.5322879552841187,0.46858374277750653,0.7158631682395935,-3.0853561871612203,18.53317082512503,-5.4797530938932555,0.0,0.0
ES2002d,814,0.7764843304951986,0.5522694488366445,0.324914609392484,0.11761164913574855,0.02970270998775959,0.5853437880674998,0.4601663152376811,0.8037018875281016,-3.896191801446618,12.388960738555932,-6.100243076253704,0.0,0.0
ES2002d,815,0.7817462484041849,0.5123503605524699,0.20586233337720236,0.127872367699941,0.1617230543245872,0.6436564922332764,0.42407508691151935,0.9891796708106995,-3.9306770792741674,4.523648202563884,-3.7844886139250327,0.0,0.0
ES2002d,816,0.7901229461034139,0.6000868082046509,0.29969673852125805,0.11857894311348598,0.03733475009600321,0.4393580307563146,0.48177624742190045,0.7373065451780955,-2.5706320673853487,11.038172929587581,-3.8014023990280847,0.0,0.0
ES2002d,817,0.7539023558298746,0.487822562456131,0.31938571234544116,0.1350408544143041,0.04788614312807719,0.5317003428936005,0.431611826022466,0.9893464048703512,0.6090239235031288,15.199092170192856,-3.3655783566428803,0.0,0.0
ES2002d,818,0.7448361913363138,0.54583340883255,0.32204291224479675,0.13047830760478973,0.05379061525066694,0.2753492295742035,0.42022011677424115,0.9457176725069681,0.5223559238777348,13.359284953597268,-2.00458022107821,0.0,0.0
ES2002d,819,0.7258297006289164,0.5813965499401093,0.2721864680449168,0.07994410892327626,0.03381599485874176,0.3294144769509633,0.492608904838562,0.9284368356068929,-2.029014015137878,-4.211627298185309,-3.5867319392815027,0.0,0.0
ES2002d,820,0.7951518893241882,0.5906848708788554,0.2901660328110059,0.09088672573367755,0.05323459766805172,0.5459593534469604,0.47538772225379944,0.9505226612091064,-3.5784925330207042,-5.196891166609379,-5.839576214232515,0.0,0.0
ES2002d,821,0.8182306885719299,0.531515508890152,0.25404690206050873,0.08294665813446045,0.0397446925441424,0.40785571932792664,0.5214316646258036,0.730019082625707,-5.017462674751758,4.9084732655484204,-5.632372903714109,0.0,0.0
ES2002d,822,0.7851559321085612,0.5844476620356241,0.22278857976198196,0.20432772239049277,0.1256893922885259,0.3361577292283376,0.46032129724820453,0.9864555795987447,-0.09074813310649654,7.244234072276284,-5.105567681516395,0.0,0.0
ES2002d,823,0.7806174755096436,0.649868369102478,0.20434674123922983,0.3092131366332372,0.31377561887105304,0.5474978784720103,0.40188319484392804,0.9867762525876363,0.13398710996009236,5.2212640323510415,-7.37167781082507,0.0,0.0
ES2002d,824,0.8183703223864237,0.6977891723314921,0.12126016120115916,0.34087836494048435,0.314003845055898,0.3813620060682297,0.3649283746878306,0.9655788540840149,0.5515915610910808,3.0709143340017477,-7.283488548787454,0.0,0.0
ES2002d,825,0.7069708704948425,0.43927570184071857,0.19244482119878134,0.11664565404256184,0.06531426558891933,0.37291012207667035,0.5035566687583923,0.6170885612567266,0.1725728642841954,-7.085562077247392,-2.517672160834102,0.0,0.0
ES2002d,826,0.7273998459180196,0.4758283793926239,0.1934817706545194,0.10258383800586064,0.06783716504772504,0.35920114318529767,0.39864697058995563,0.5091399028897285,0.8924592489471398,-4.5012244633103355,-5.118738482776139,0.0,0.0
ES2002d,827,0.6731062730153402,0.37724916636943817,0.23333193361759186,0.09392395863930385,0.05003420573969682,0.3990834355354309,0.41159934798876446,0.33407436807950336,0.42840732941487275,-11.480478367481878,-3.9044274748221945,0.0,0.0
ES2002d,828,0.81627490123113,0.7334257165590922,0.277889942129453,0.1783177306254705,0.14095701153079668,0.44020650784174603,0.49435073137283325,0.8590412338574728,4.164698436313382,-0.3119703654018762,-7.68426800722816,0.0,0.0
ES2002d,829,0.8152476151784261,0.7249542673428854,0.26135627925395966,0.1500084549188614,0.09409362822771072,0.4690439800421397,0.4032487670580546,0.9401382406552633,4.929574015831403,-1.8355253094273,-9.28564860657123,0.0,0.0
ES2002d,830,0.7660699288050333,0.7413776914278666,0.2942691495021184,0.17428573469320932,0.13525919616222382,0.3076306680838267,0.485313614209493,0.8092333277066549,2.5048987980258217,-1.6573302464240258,-13.173723213107786,0.0,0.0
ES2002d,831,0.7615414063135783,0.7648607691129049,0.22134613990783691,0.13041078795989355,0.087453776349624,0.25204025705655414,0.5024275382359823,0.6344622174898783,1.8051709911608336,-2.170549340649179,-14.00160016014113,0.0,0.0
ES2002d,832,0.8069266875584921,0.7861575484275818,0.22325464089711508,0.09853819260994594,0.09483366707960765,0.24786795675754547,0.48803360263506573,0.8330005208651224,1.4203318924609665,-0.6730454336909512,-15.01804846768497,0.0,0.0
ES2002d,833,0.7485338449478149,0.8251585165659586,0.2514188190301259,0.11735295007626216,0.12127801403403282,0.3229060471057892,0.42392705877621967,0.8017802437146505,2.6916057381374894,-2.1850924687583877,-15.596117268472298,0.0,0.0
ES2002d,834,0.7539835373560587,0.5570529898007711,0.15845172107219696,0.09846808761358261,0.0810901050766309,0.4139414926369985,0.4062335789203644,0.40591830015182495,1.3746824748570168,-12.573516382097525,-8.766904725923373,0.0,0.0
ES2002d,835,0.6689219872156779,0.422624667485555,0.35428138077259064,0.08503518501917522,0.07993272071083386,0.3789060910542806,0.3845331867535909,0.9430208404858907,-2.606977155996528,-10.137341925138763,-5.684480537176538,0.0,0.0
ES2002d,836,0.6487900614738464,0.34030039111773175,0.18805432816346487,0.04832002644737562,0.04172671710451444,0.3174242675304413,0.41654252012570697,0.8971807559331259,-3.7462538601340682,-9.06662304954393,-4.27050302318008,0.0,0.0
ES2002d,837,0.6783692240715027,0.3932533760865529,0.2015525052944819,0.04610639065504074,0.040114495903253555,0.32013985017935437,0.4008641342322032,0.9226744771003723,-4.374750670397859,-8.056638242459531,-3.8948305394429164,0.0,0.0
ES2002d,838,0.7314972281455994,0.4516364435354869,0.26190654436747235,0.091887300213178,0.03548303867379824,0.45861443877220154,0.4775794446468353,0.6699350954343876,-2.534119857109315,3.488804556652308,-6.051807716668125,0.0,0.0
ES2002d,839,0.7670293649037679,0.3545838991800944,0.542104552189509,0.0885529840985934,0.017924072220921516,0.5524466832478842,0.5929028491179148,0.5894339084625244,-2.7716546635703216,19.412470162973396,-3.1801836094553106,0.0,0.0
ES2002d,840,0.7302825053532919,0.429882417122523,0.3483653962612152,0.12096040695905685,0.07380781322717667,0.43036073446273804,0.4461136957009633,0.815892775853475,-2.2136922273257853,5.317247335050067,-6.145957374964818,0.0,0.0
ES2002d,841,0.7602746287981669,0.4415673315525055,0.4521826406319936,0.12466666847467422,0.062173147375384964,0.6999362111091614,0.46917765339215595,0.8426207502683004,-3.295908466516151,8.927074003765393,-3.5209796397631923,0.0,0.0
ES2002d,842,0.6930985649426779,0.44871416687965393,0.4746068517367045,0.08669689546028773,0.016957902039090793,0.41551831364631653,0.5409403840700785,0.41404780466109514,-5.604214967466343,22.310606778301473,-6.046532552646681,0.0,0.0
ES2002d,843,0.6455455621083578,0.42186339199543,0.49430885910987854,0.44083215792973834,0.31777991354465485,0.4884980221589406,0.3089680125315984,0.9915836652119955,23.010726535615706,10.314331078041969,8.717512116565542,0.0,0.0
ES2002d,844,0.51048743724823,0.3787338236967723,0.4538408915201823,0.6961899995803833,0.7673930923144022,0.3516176293293635,0.39718324939409894,0.8768609563509623,15.103396969721425,8.491705306588992,-4.0782108844639025,0.0,0.0
ES2002d,845,0.46172470847765607,0.3262320061524709,0.18632722397645315,0.7069056630134583,0.7960642774899801,0.30974797407786053,0.30295215050379437,0.9942870537439982,-14.402988244094587,6.733254580083351,-16.26177901910256,0.0,0.0
ES2002d,846,0.5822649598121643,0.5282269219557444,0.3909638126691182,0.5445501208305359,0.4804034580787023,0.4155506094296773,0.31716357668240863,0.9920880198478699,-12.179484597071024,4.406423775368906,-14.456446832370554,0.0,0.0
ES2002d,847,0.5993743638197581,0.5206133921941122,0.5331659416357676,0.3273143917322159,0.211206316947937,0.5300032695134481,0.40477118889490765,0.9637030760447184,-7.41356232890089,-0.8463349785420796,-12.974060960192261,0.0,0.0
ES2002d,848,0.5805530945460001,0.38372424244880676,0.40883684158325195,0.1299937218427658,0.12669027100006738,0.4760863135258357,0.37581224242846173,0.9516594211260477,-6.29513790326727,0.0386902828383057,-12.297711980949694,0.0,0.0
ES2002d,849,0.6998452941576639,0.517037590344747,0.47531133393446606,0.13770258675018945,0.10631590460737546,0.6456433435281118,0.3886682987213135,0.8783596356709799,0.9495510667325647,2.234726252515159,-8.602041269118068,0.0,0.0
ES2002d,850,0.6047510306040446,0.36356960733731586,0.4730756680170695,0.15480825304985046,0.1263453165690104,0.49120981991291046,0.40584099292755127,0.9857468605041504,1.5426867164691043,5.061592138606666,-3.6768091529817286,0.0,0.0
ES2002d,851,0.5535406967004141,0.34640822807947796,0.5842742621898651,0.11725768446922302,0.10923702207704385,0.46874722838401794,0.3777256906032562,0.9894402623176575,1.959395397936401,3.5495687997385077,-1.2672494808287313,0.0,0.0
ES2002d,852,0.45390639702479046,0.3314843475818634,0.4187130431334178,0.11693636079629262,0.08907949055234592,0.2677140086889267,0.41597716013590497,0.9606880346934,0.36291622168411247,4.6116827060459,-1.7665008802486837,0.0,0.0
ES2002d,853,0.7790427803993225,0.541912704706192,0.29904984931151074,0.10849909360210101,0.13271783478558064,0.5648499230543772,0.41063974301020306,0.9672253727912903,-7.928238071013307,0.8991140481449668,-0.8888984197483768,0.0,0.0
ES2002d,854,0.8255259792009989,0.5984335144360861,0.17926160742839178,0.09823712706565857,0.11975580081343651,0.4145341714223226,0.4201740622520447,0.5066079497337341,-7.192617805645592,4.399054865952564,2.19182538010728,0.0,0.0
ES2002d,855,0.7934332688649496,0.46469997862974805,0.2028393099705378,0.10347484797239304,0.0757904735704263,0.34881554543972015,0.48673543334007263,0.4767484242717425,-2.1759952961446434,11.52592209962816,-0.3095105802774625,0.0,0.0
ES2002d,856,0.7898015975952148,0.541379322608312,0.3318186302979787,0.07205500950415929,0.014078695327043533,0.4643416702747345,0.46092021465301514,0.6008206605911255,-1.236094225871628,14.76986597329504,-1.9183944825125234,0.0,0.0
ES2002d,857,0.780891497929891,0.6150282422701517,0.19449110329151154,0.08648541073004405,0.01761251191298167,0.40204983949661255,0.4451962510744731,0.9870521227518717,-3.0544176317559235,12.62016084219281,-2.5434327620328614,0.0,0.0
ES2002d,858,0.5324351986249288,0.21450108289718628,0.7679556012153625,0.25160349905490875,0.17785985892017683,0.5148262083530426,0.48040234049161273,0.813297430674235,-4.72710124079322,28.826459619022938,-19.155926669129222,0.0,0.0
ES2002d,859,0.5366432766119639,0.2007776399453481,0.8441797296206156,0.19171111285686493,0.04017390186587969,0.5535814960797628,0.5430405537287394,0.8421926299730936,-2.0652119318704387,26.77401483651093,-15.46712662233729,0.0,0.0
ES2002d,860,0.5615368485450745,0.1813892424106598,0.714533527692159,0.13779981434345245,0.03927156515419483,0.6290866335233053,0.5442237854003906,0.8328234155972799,-3.6189612916508764,30.29243366220248,-12.752699632149652,0.0,0.0
ES2002d,861,0.6140989462534586,0.20444834232330322,0.8733404080073038,0.17588036259015402,0.048903523633877434,0.6091785430908203,0.510132372379303,0.7735720674196879,-3.1888834292808146,30.824836744100722,-12.533044673295374,0.0,0.0
ES2002d,862,0.6185473799705505,0.20270715653896332,0.8023905158042908,0.142803393304348,0.028612588842709858,0.5987886885801951,0.4986179272333781,0.6484744548797607,-4.23172403556129,23.764136255225015,-10.773181250333456,0.0,0.0
ES2002d,863,0.5563563307126363,0.18716255327065787,0.770624836285909,0.12941017001867294,0.030726461050411064,0.628818412621816,0.4467381437619527,0.8670349717140198,-2.5852814807760285,26.398570381424054,-11.264083119109365,0.0,0.0
ES2002d,864,0.5180318454901377,0.3079523791869481,0.764489988485972,0.304289643963178,0.16059117143352827,0.7193660338719686,0.6040352980295817,0.7237491408983866,-1.2879557479984804,32.31184689295803,-11.586429523334589,0.0,0.0
ES2002d,865,0.5283505519231161,0.24143276115258536,0.7208938002586365,0.3202793300151825,0.20970104386409125,0.7342193722724915,0.5091000894705454,0.7915727694829305,1.2019387538161845,35.829427417805384,-13.11539237735422,0.0,0.0
ES2002d,866,0.47725266218185425,0.38249816993872326,0.5255813598632812,0.4690825442473094,0.30246806641419727,0.8098110357920328,0.5401082833607992,0.5645293494065603,2.0629648497492736,36.1573378162323,-14.072971674430883,0.0,0.0
ES2002d,867,0.5674988329410553,0.23952162762482962,0.7048628727595011,0.25936389962832135,0.15503412360946336,0.7027506033579508,0.5915951331456503,0.580010712146759,0.10184865473688731,31.417562486984867,-12.577718533500777,0.0,0.0
ES2002d,868,0.621290942033132,0.22428145011266074,0.7385708292325338,0.1384078785777092,0.02895953878760338,0.6122327248255411,0.5312858720620474,0.6396686285734177,-2.4334480096845623,29.367074911671114,-8.380994568260487,0.0,0.0
ES2002d,869,0.6434693137804667,0.21140038967132568,0.7476267615954081,0.1448591227332751,0.03049211452404658,0.6172448595364889,0.48911330103874207,0.6028960943222046,-7.277680710948206,20.295997425645336,-10.89154521139109,0.0,0.0
ES2002d,870,0.6088957687218984,0.23950287699699402,0.6253249148527781,0.12353197485208511,0.018735179988046486,0.6623342235883077,0.5484552284081777,0.9161792596181234,-2.6988624701331556,14.047916571915913,-11.069319954408146,0.0,0.0
ES2002d,871,0.654333233833313,0.18826893965403238,0.8512067198753357,0.1901498685280482,0.028145332510272663,0.8033762772878011,0.5485344231128693,0.9625880519549052,0.4541485213884951,18.9646108495466,-11.15402786380435,0.0,0.0
ES2002d,872,0.7461254000663757,0.3708236167828242,0.8498681584993998,0.18093666434288025,0.057162296026945114,0.7057866851488749,0.5266186892986298,0.9501805305480957,1.8433425014392721,17.46052885287827,-10.828814315355794,0.0,0.0
ES2002d,873,0.6648698051770529,0.2770726829767227,0.7190214395523071,0.15958244105180105,0.040583143631617226,0.4500950425863266,0.4220491250356038,0.9248153567314148,-0.532576657275453,24.61179767829329,-9.062152569995822,0.0,0.0
ES2002d,874,0.621835728486379,0.22059509654839835,0.6542365550994873,0.14509792377551398,0.032956396540006004,0.5761313736438751,0.528362363576889,0.8476302822430929,-3.0222398252952343,21.516858165660196,-10.578088502756243,0.0,0.0
ES2002d,875,0.6667731006940206,0.27559684216976166,0.5172282258669535,0.1517971158027649,0.023930861925085384,0.6588334937890371,0.5405809084574381,0.6100972990194956,-1.6528219268332338,24.07115021186168,-5.966177542998885,0.0,0.0
ES2002d,876,0.7127896944681803,0.27516959110895794,0.4825454552968343,0.1457433601220449,0.02542126240829627,0.5576268235842387,0.5676567951838175,0.7523871064186096,-2.7843696123954107,21.561986222154236,-6.737066128303707,0.0,0.0
ES2002d,877,0.7064300576845804,0.296663170059522,0.5920971433321635,0.15414238472779593,0.02500096522271633,0.5505268673102061,0.5353309114774069,0.7271790107091268,-2.2180200240930152,16.989593231978613,-7.076171328511454,0.0,0.0
ES2002d,878,0.6437886555989584,0.24544306099414825,0.8023695548375448,0.16060491154591242,0.04073839448392391,0.4408443768819173,0.5084075629711151,0.9764172434806824,5.294936223789275,26.961407894131167,-2.0562175953798523,0.0,0.0
ES2002d,879,0.6049196521441141,0.2734035054842631,0.7550469636917114,0.1820030982295672,0.04628159602483114,0.5865844885508219,0.5289384524027506,0.7809007167816162,7.570948600930563,26.908182714858658,-3.186665058268076,0.0,0.0
ES2002d,880,0.6455317735671997,0.3000108152627945,0.5397265901168188,0.14258960882822672,0.026585049306352932,0.5248278478781382,0.5347714126110077,0.9563772877057394,1.7558943929530448,21.416931711784382,-5.130932133582378,0.0,0.0
ES2002d,881,0.7065484921137491,0.40007686614990234,0.5312027633190155,0.1818341165781021,0.0391849676767985,0.646494448184967,0.5419453183809916,0.7890838384628296,-3.591281101898183,17.079211286141547,-7.224257798627138,0.0,0.0
ES2002d,882,0.6887805263201395,0.30969572563966113,0.7925374507904053,0.15192110588153204,0.05039411969482899,0.6396839817365011,0.5410746534665426,0.6620270709196726,-1.1042617719492969,35.75605504011521,-6.39600447926166,0.0,0.0
ES2002d,883,0.6909241278966268,0.41875778635342914,0.7277115980784098,0.25335294008255005,0.10821521158019702,0.6672548751036326,0.4107598066329956,0.9404554963111877,-0.8292539006701625,37.88901390207906,-6.963310897637217,0.0,0.0
ES2002d,884,0.7655194401741028,0.46563086410363513,0.7310970226923624,0.19286617636680603,0.04122435239454111,0.8363964955012003,0.42368508378664654,0.9456993738810221,3.825655362354525,11.175184276048512,-10.98594044680712,0.0,0.0
ES2002d,885,0.7506918509801229,0.4752689103285472,0.6505765914916992,0.16777214904626211,0.042380403727293015,0.6370584766070048,0.4248616596062978,0.9580990672111511,6.486647936088898,10.023323764334856,-10.639856199947431,0.0,0.0
ES2002d,886,0.49438751737276715,0.35407912234465283,0.5489635070164999,0.36977702379226685,0.31916563709576923,0.6737831036249796,0.5210773448149363,0.6850207845369974,7.965145556707102,31.166918615833428,-9.221035190452545,0.0,0.0
ES2002d,887,0.4856786827246348,0.38422948122024536,0.38766682147979736,0.4687180817127228,0.4134994049866994,0.6506913304328918,0.6001275777816772,0.5951445202032725,10.077590698060577,42.270942456696766,-7.389229986450478,0.0,0.0
ES2002d,888,0.5180597106615702,0.3608405987421672,0.49766085545221966,0.3713742395242055,0.23617181181907654,0.7980880538622538,0.6025969982147217,0.8162945906321207,6.346165936639412,38.84100362391696,-9.44971428363774,0.0,0.0
ES2002d,889,0.5874744653701782,0.3345881501833598,0.6742935677369436,0.2712051769097646,0.15151760230461755,0.5477014283339182,0.5392145216464996,0.38379764556884766,10.034085516693404,37.69916832582147,-8.00976217778821,0.0,0.0
ES2002d,890,0.5290588935216268,0.3853840430577596,0.6960043509801229,0.3132629493872325,0.14720737685759863,0.7653324405352274,0.5362035930156708,0.7212973833084106,13.869807288834417,35.02793720244338,-4.921791721041115,0.0,0.0
ES2002d,891,0.5222479899724325,0.3841794530550639,0.4304925004641215,0.4421784182389577,0.34205877780914307,0.6830154259999593,0.5827822089195251,0.7097253402074178,10.489545982137653,36.87888116470187,-7.865187383391919,0.0,0.0
ES2002d,892,0.5262008508046468,0.3236299653848012,0.6061878005663554,0.4594993193944295,0.379252165555954,0.6886513431866964,0.5757956504821777,0.5366270740826925,9.140139771914264,38.39317264491129,-7.756227258871893,0.0,0.0
ES2002d,893,0.6086784402529398,0.35901549458503723,0.6302168468634287,0.2747351626555125,0.19195458168784776,0.5746478239695231,0.5615001718203226,0.5943712691466013,5.663833702217977,42.05123531616866,-8.042687811788214,0.0,0.0
ES2002d,894,0.6962739825248718,0.35897353291511536,0.6810447772343954,0.16868155201276144,0.10580477863550186,0.5666138430436453,0.5671366651852926,0.613312711318334,1.1198401383929617,50.68996660804245,-9.915319972676096,0.0,0.0
ES2002d,895,0.47522176305452984,0.31157630681991577,0.6413756608963013,0.26466331879297894,0.12140132238467534,0.6864810784657797,0.44585991899172467,0.8997894525527954,-6.700194148942678,0.7222775155239356,-11.605070370261238,0.0,0.0
ES2002d,896,0.574619988600413,0.3756291667620341,0.7440811196962992,0.19531491647164026,0.11703061188260715,0.6031455993652344,0.40849171082178753,0.5273428534468015,1.5196820412860206,8.605626603426247,-5.003043101285218,0.0,0.0
ES2002d,897,0.6469226479530334,0.2569042692581813,0.7024433612823486,0.09221744040648143,0.03710103748987118,0.5768619179725647,0.3600841661294301,0.8053520719210306,39.806689152581235,54.79266924051043,39.52130540603073,0.0,0.0
ES2002d,898,0.7671365340550741,0.2489261825879415,0.7367071906725565,0.0857413833340009,0.03027959478398164,0.5093897779782613,0.4555942714214325,0.4770408123731613,76.29928251839532,66.5432737601102,75.7709840444911,0.0,0.0
ES2002d,899,0.6057874162991842,0.3578712393840154,0.5271654526392618,0.07410118728876114,0.060118054350217186,0.5608978470166525,0.4106864631175995,0.7987803220748901,56.46132138799819,71.1188379029053,54.544560502584886,0.0,0.0
ES2002d,900,0.7113229831059774,0.36854076385498047,0.5986363391081492,0.12138344844182332,0.05841598535577456,0.6330775022506714,0.47872570157051086,0.605264832576116,43.988366321184564,69.87282797157643,44.18146880736839,0.0,0.0
ES2002d,901,0.6702415744463602,0.4161329468091329,0.4682651956876119,0.15474186589320502,0.17214242617289224,0.6143880486488342,0.41280341148376465,0.5734596153100332,32.80944859730625,45.12674320151243,31.82405624312051,0.0,0.0
ES2002d,902,0.5596046845118204,0.2995944817860921,0.4844268163045247,0.16543599466482797,0.09804213419556618,0.41391343871752423,0.43662335475285846,0.6287344321608543,8.445795161104355,31.280842916511872,4.400188573285628,0.0,0.0
ES2002d,903,0.5793032844861349,0.3386079668998718,0.5727681120236715,0.17558652659257254,0.1212715283036232,0.38492000102996826,0.3512651522954305,0.9831712444623312,11.730250319027155,27.598114174822456,11.832679263741738,0.0,0.0
ES2002d,904,0.5648676455020905,0.31275492906570435,0.524625172217687,0.09936278561751048,0.0586212823788325,0.38351747393608093,0.38692573706309,0.8615160385767618,8.928095149129135,10.103183088749034,8.036035665356792,0.0,0.0
ES2002d,905,0.5179561773935953,0.3058038006226222,0.6980555653572083,0.3692214886347453,0.2771468261877696,0.6020112335681915,0.573430339495341,0.6105203231175741,5.6450253922101306,35.99633096285341,-15.789413078254034,0.0,0.0
ES2002d,906,0.491106241941452,0.22620344161987305,0.8457814653714498,0.22866965333620706,0.06803863868117332,0.8165074586868286,0.6226877172787985,0.5342615793148676,2.4119152049593087,28.95633205909211,-16.90777138702317,0.0,0.0
ES2002d,907,0.5240948796272278,0.22247335811456045,0.8700751860936483,0.20017456511656442,0.057080828895171486,0.507310688495636,0.5455840528011322,0.7783429622650146,2.4128407200437825,26.72128388812101,-17.495552297401797,0.0,0.0
ES2002d,908,0.590910792350769,0.2415625055631002,0.8882767955462137,0.2090182105700175,0.054464745645721756,0.7997034192085266,0.5661455392837524,0.8086340427398682,4.469311828496226,26.24779639835207,-18.718094458517772,0.0,0.0
ES2002d,909,0.5075051486492157,0.23087055484453836,0.8407610654830933,0.1885074774424235,0.040942190835873284,0.7204647858937582,0.5719594756762186,0.860398530960083,5.2516132787831715,26.98032604080579,-19.33685027318386,0.0,0.0
ES2002d,910,0.51975550254186,0.24705091615517935,0.7824897964795431,0.21516401072343191,0.0696343903740247,0.6615746021270752,0.5836926500002543,0.8742742339769999,6.024534668095964,27.126240620333288,-18.44791471040835,0.0,0.0
ES2002d,911,0.5031984647115072,0.26921914517879486,0.7551295757293701,0.3043975482384364,0.12837567056218782,0.6500608523686727,0.6249548395474752,0.8400480151176453,5.286685227520817,29.2604911521456,-16.041413925475,0.0,0.0
ES2002d,912,0.5418243706226349,0.28787392377853394,0.7435895999272665,0.2842014878988266,0.1462159746636947,0.812839925289154,0.5243860383828481,0.8770708044370016,3.8321279743389405,24.638781690746537,-17.005867969478203,0.0,0.0
ES2002d,913,0.6081821521123251,0.21554149190584818,0.7292438745498657,0.17217019697030386,0.030853011334935825,0.7571505904197693,0.5067394276460012,0.7591664989789327,4.09743170312229,16.160277746173815,-14.372641946153015,0.0,0.0
ES2002d,914,0.633767157793045,0.21910223364830017,0.7021168569723765,0.2519597311814626,0.08325230702757835,0.6888847947120667,0.48466362555821735,0.6724244356155396,2.966159133711549,23.111222003304523,-15.057914634689164,0.0,0.0
ES2002d,915,0.7412107586860657,0.3201092878977458,0.6187864740689596,0.16374461352825165,0.0286034494638443,0.725174069404602,0.38785111904144287,0.9491352240244547,1.2410902880217665,12.982073961277417,-13.347714227937606,0.0,0.0
ES2002d,916,0.6712585290273031,0.35527568062146503,0.6412100493907928,0.2383057177066803,0.14830288415153822,0.6139241854349772,0.4826189974943797,0.9312642415364584,3.201681604576526,18.20239197079336,-24.59738519547895,0.0,0.0
ES2002d,917,0.5206801990667979,0.33326123158137005,0.6551842093467712,0.2845405588547389,0.19718398650487265,0.7860987583796183,0.5914106369018555,0.5947520583868027,9.11479278821185,31.01537669016116,-20.445300739607855,0.0,0.0
ES2002d,918,0.6190793514251709,0.3271614760160446,0.7832440535227457,0.18611966570218405,0.0899998148282369,0.6304001212120056,0.5502610405286154,0.8584485451380411,6.442124113907039,24.456227123938604,-18.83279607947958,0.0,0.0
ES2002d,919,0.640585740407308,0.32012399037679035,0.621547152598699,0.3155862937370936,0.11123153132696946,0.6918567816416422,0.4296727776527405,0.9282778104146322,0.9876114621031352,11.86098105997253,-13.46431440252845,0.0,0.0
ES2002d,920,0.6288708647092184,0.29359208047389984,0.6625775595506033,0.15756836036841074,0.037711906557281814,0.759085218111674,0.5265587369600931,0.7368936041990916,0.5884873874128079,17.51128809270719,-12.695692080359109,0.0,0.0
ES2002d,921,0.5655026833216349,0.282249391078949,0.8190904060999552,0.22098842759927115,0.06602288534243901,0.7790775895118713,0.5381386081377665,0.843431830406189,6.857362195432859,21.113909342441755,-17.161176189287875,0.0,0.0
ES2002d,922,0.5916544397672018,0.4338000814119975,0.6296462714672089,0.2672138685981433,0.13583988385895887,0.6167473991711935,0.5402648250261942,0.8522936304410299,5.754306836681416,21.549060243060826,-15.515211886876976,0.0,0.0
ES2002d,923,0.7504896720250448,0.39012983441352844,0.7371825377146403,0.20307636260986328,0.04731129358212153,0.721276581287384,0.4587385952472687,0.8846990267435709,4.719438912380945,16.28153915637409,-15.757787378092635,0.0,0.0
ES2002d,924,0.540499359369278,0.25056315461794537,0.6495674550533295,0.25134647885958356,0.1790794481833776,0.7210142513116201,0.531630943218867,0.8650890191396078,1.9414000594855603,30.17353349386765,-16.480596819011343,0.0,0.0
ES2002d,925,0.4893041451772054,0.25772925714651745,0.628144790728887,0.4040040771166484,0.31675077353914577,0.8270721435546875,0.5497335096200308,0.5342455183466276,0.1479579912205781,33.50664291222426,-17.10827147605087,0.0,0.0
ES2002d,926,0.5929194291432699,0.30589326719443005,0.5970912476380666,0.292835700015227,0.19119326397776604,0.6329157054424286,0.4840968648592631,0.8328986167907715,3.8387567035274572,18.36858357004883,-9.620599972750076,0.0,0.0
ES2002d,927,0.704529345035553,0.3436502069234848,0.6480208237965902,0.24633455773194632,0.12723667298754057,0.8463089466094971,0.4434373776117961,0.8831053574879965,5.559305293199251,18.65727256075162,-9.466570325175894,0.0,0.0
ES2002d,928,0.5765036543210348,0.38018543521563214,0.6193795402844747,0.2886824856201808,0.16936895747979483,0.5677748521169027,0.5763848125934601,0.7439112464586893,3.1790644272395774,37.73553319876169,-10.56143381952437,0.0,0.0
ES2002d,929,0.5231281916300455,0.40570637583732605,0.3191552013158798,0.44672687848409015,0.2549982766310374,0.6372136473655701,0.5911944707234701,0.6222270329793295,1.0229930101230371,44.53757817030948,-12.012813025472326,0.0,0.0
ES2002d,930,0.6216941078503927,0.4242161711057027,0.45446455975373584,0.29213038086891174,0.17436731606721878,0.5712240735689799,0.5419924259185791,0.43822119881709415,6.061397974609811,42.761276236254936,-4.976107258137739,0.0,0.0
ES2002d,931,0.6310122410456339,0.3634974459807078,0.8271599014600118,0.17792735497156778,0.062768059472243,0.5517227252324423,0.4195655584335327,0.9353693922360738,9.94098346210889,30.211402371977155,-4.716529458503064,0.0,0.0
ES2002d,932,0.5242406725883484,0.36773460110028583,0.6645505030949911,0.3008192628622055,0.17933711782097816,0.5942139426867167,0.5189370214939117,0.8053530851999918,6.881626332781521,35.992474277402664,-13.474544575011052,0.0,0.0
ES2002d,933,0.5180859168370565,0.1932121217250824,0.7486546834309896,0.15428573141495386,0.05416647717356682,0.45501386125882465,0.5659857789675394,0.9236836234728495,7.849704915328403,48.12625636529409,7.556597609140524,0.0,0.0
ES2002d,934,0.543623705705007,0.22668508688608804,0.7414528528849283,0.177560622493426,0.03886610579987367,0.6979079047838846,0.514345626036326,0.8895847002665201,2.5547701293856604,28.321270974761863,-10.92521413374861,0.0,0.0
ES2002d,935,0.6399987936019897,0.31267305215199787,0.7360407908757528,0.21116608877976736,0.03670705792804559,0.7513802548249563,0.5247890949249268,0.3732771575450897,0.40969579710502746,18.765764565495587,-19.360615463245498,0.0,0.0
ES2002d,936,0.6713054776191711,0.24912076195081076,0.7950431307156881,0.19889339804649353,0.0376613587141037,0.7657392024993896,0.42920974890391034,0.8720705906550089,-0.2342421599355926,20.643414316504742,-9.483629580615595,0.0,0.0
ES2002d,937,0.6821624040603638,0.2206784039735794,0.6174589892228445,0.14530268559853235,0.02734863944351673,0.6642517447471619,0.49016112089157104,0.9660664200782776,-1.6287956174500333,21.44454476860874,-0.0661131722753967,0.0,0.0
ES2002d,938,0.6142120758692423,0.20690270264943442,0.7579248547554016,0.17187252144018808,0.02990667273600896,0.5999858776728312,0.50577645500501,0.9620119531949362,0.6899332091299023,23.914361031388236,-7.53348842291825,0.0,0.0
ES2002d,939,0.5894985099633535,0.3057556947072347,0.6066401203473409,0.16106528043746948,0.030526380365093548,0.5498543878396353,0.4998963177204132,0.9534183939297994,-0.5295928794584744,22.584485918329012,-11.482889430462075,0.0,0.0
ES2002d,940,0.7025296489397684,0.4098290503025055,0.7155220905939738,0.1975581794977188,0.0977826143304507,0.5123644769191742,0.5914888183275858,0.9264677961667379,3.603479609140429,18.759313564168362,-10.808278204302406,0.0,0.0
ES2002d,941,0.773271918296814,0.5292801956335703,0.61493319272995,0.5431088209152222,0.40922674039999646,0.8461371262868246,0.3658115863800049,0.9896602829297384,7.484649252130576,5.4489151764629975,-12.121218732199898,0.0,0.0
ES2002d,942,0.780609667301178,0.5582323571046194,0.824022909005483,0.4312854657570521,0.4659023682276408,0.7002385258674622,0.44442886114120483,0.7497764925161997,15.56130535604783,4.64233843534315,-10.57861971118737,0.0,0.0
ES2002d,943,0.705448309580485,0.4749116003513336,0.7159367998441061,0.25443658729394275,0.17281642307837805,0.6979226072629293,0.5350629091262817,0.8081821004549662,18.80162628709464,13.447987385597765,-9.233646514332179,0.0,0.0
ES2002d,944,0.5989207228024801,0.41415661573410034,0.5500607341527939,0.4373730719089508,0.35120321810245514,0.5754859646161398,0.5451974868774414,0.5170153727134069,3.185732620030065,39.77594040448002,-12.95311936675792,0.0,0.0
ES2002d,945,0.5543097257614136,0.3018404543399811,0.6796079079310099,0.3251906583706538,0.22814906015992165,0.3918435474236806,0.5310345987478892,0.7947143912315369,2.781823424847596,37.833281006482075,-13.945948616743458,0.0,0.0
ES2002d,946,0.5024705131848654,0.3657289942105611,0.8010801871617635,0.4421190122763316,0.4407763381799062,0.44084733724594116,0.6079275210698446,0.6581732531388601,11.41894204996786,31.574544905310574,-17.023908545322005,0.0,0.0
ES2002d,947,0.47907981276512146,0.3159984350204468,0.5163968702157339,0.44863813122113544,0.4362899363040924,0.5802598893642426,0.51176518201828,0.6010668079058329,6.247080657055666,44.80087063972376,-19.48837242419088,0.0,0.0
ES2002d,948,0.585875948270162,0.2928670843442281,0.5519528885682424,0.3170631726582845,0.2663525293270747,0.41308706998825073,0.5339399178822836,0.42999574542045593,-2.8308829653410412,52.57835148287938,-20.747758728759454,0.0,0.0
ES2002d,949,0.5453817149003347,0.2889304558436076,0.6162555813789368,0.2509267181158066,0.17587747673193613,0.5695447425047556,0.515923281510671,0.40171077599128086,-13.016400983411181,55.996181153605555,-27.34492924510954,0.0,0.0
ES2002d,950,0.6079378326733907,0.35610631108283997,0.5300450921058655,0.3017400801181793,0.22912688553333282,0.3482476274172465,0.5464580655097961,0.19623705372214317,-13.492964985208209,56.691530287797264,-28.662758665970784,0.0,0.0
ES2002d,951,0.7372337579727173,0.5373590687910715,0.1563885435461998,0.07956543068091075,0.032756668205062546,0.36365912357966107,0.4119457205136617,0.3982592076063156,-0.4996349372733138,-0.8345861309131438,-3.621807566056877,0.0,0.0
ES2002d,952,0.7148853341738383,0.6197247902552286,0.22731966773668924,0.06392830237746239,0.05471536765495936,0.33115553359190625,0.3226775924364726,0.7253521184126536,-1.066025929425565,-15.08081904432381,-9.585613023039569,0.0,0.0
ES2002d,953,0.7654123703638712,0.701031486193339,0.2192540963490804,0.06601027896006902,0.05747472122311592,0.3837693432966868,0.4656398395697276,0.5689168771107992,-3.6631224248689,-0.9860981882036078,-3.055363983507675,0.0,0.0
ES2002d,954,0.8439260125160217,0.6375153064727783,0.31952541569868725,0.11708443363507588,0.09598821494728327,0.342282513777415,0.49818867444992065,0.8510865171750387,-4.911792923192052,11.59867624493444,1.4604385525057373,0.0,0.0
ES2002d,955,0.7137615084648132,0.4416129986445109,0.23441709081331888,0.06643045941988628,0.02333224316438039,0.32233502467473346,0.5240616897741953,0.3377948336225624,-3.5349513797044696,9.475184655594555,1.066936616079098,0.0,0.0
ES2002d,956,0.7312743266423544,0.536045104265213,0.26212521890799206,0.1479797214269638,0.050539602215091385,0.20159962524970373,0.5321129759152731,0.15316859260201454,-16.91424706916924,17.981740489625107,2.8369628537857885,0.0,0.0
ES2002d,957,0.7540716926256815,0.5251858433087667,0.2577444339791934,0.13358492155869803,0.06444838798294465,0.3874817614754041,0.4405645430088043,0.6627848893404007,-9.82236427742721,15.133506152912203,-5.40482684377202,0.0,0.0
ES2002d,958,0.7521577676137289,0.5624794661998749,0.1973923792441686,0.10492698599894841,0.0351537981381019,0.3462099035580953,0.3925512284040451,0.645371592293183,-2.980343775960628,2.8997538973762773,-5.2365748630040985,0.0,0.0
ES2002d,959,0.7050437529881796,0.3836152454217275,0.27546649674574536,0.0925738736987114,0.0574200414121151,0.4446005622545878,0.37886907656987506,0.3678741827607155,-3.3943269429320835,-5.560870701407155,-2.7606247340111403,0.0,0.0
ES2002d,960,0.8398744265238444,0.558489074309667,0.24742090702056885,0.09282209724187851,0.025805022567510605,0.2202815835674604,0.5179523428281149,0.8580025434494019,-0.4996952330224262,10.54748199528206,2.206031242807371,0.0,0.0
ES2002d,961,0.8311527768770853,0.49713120857874554,0.17675398786862692,0.07546829680601756,0.01267297255496184,0.33208399017651874,0.48239566882451373,0.8947237928708395,3.604831184338124,15.14665801505914,2.644390666296304,0.0,0.0
ES2002d,962,0.7723419666290283,0.5116525093714396,0.26293253401915234,0.09349151452382405,0.035947709965209164,0.5507607161998749,0.4763360520203908,0.8433849612871805,-2.285047788072616,6.960590254512603,-5.5780108769826375,0.0,0.0
ES2002d,963,0.7897437214851379,0.6289524833361307,0.39700783292452496,0.14684435973564783,0.057778449108203254,0.40070638060569763,0.37851059436798096,0.934046745300293,-0.012359742569957236,5.682966592702608,-7.826923664902439,0.0,0.0
ES2002d,964,0.5295747220516205,0.35640384753545123,0.6968697905540466,0.3203275104363759,0.27134549369414646,0.7009172638257345,0.5432713627815247,0.5163712203502655,4.90214936385127,36.33682332773166,-12.183208228381998,0.0,0.0
ES2002d,965,0.5478837986787161,0.3661421040693919,0.5735965073108673,0.34353448698918027,0.3054621300349633,0.5642458399136862,0.562498946984609,0.49149810274442035,6.219925376782212,37.84768935413968,-12.367072881577082,0.0,0.0
ES2002d,966,0.5718837777773539,0.3014146188894908,0.5270289580027262,0.36305388311545056,0.33366254965464276,0.5671681960423788,0.5113256673018137,0.7519442041714987,3.7422061132789577,43.25874607881553,-17.586937298560386,0.0,0.0
ES2002d,967,0.5020287732283274,0.33598947525024414,0.47209547956784564,0.493424912293752,0.48333539565404254,0.5481163561344147,0.49811214208602905,0.5644075274467468,-1.6304071612900006,42.77167778479846,-25.46290929929017,0.0,0.0
ES2002d,968,0.503412793080012,0.40333038568496704,0.47854796051979065,0.4815128445625305,0.37119441231091815,0.49098605910936993,0.5877442558606466,0.2482126553853353,-6.903685296401026,42.36683308726736,-25.779585156081083,0.0,0.0
ES2002d,969,0.5739593903223673,0.39659828941027325,0.5744706590970358,0.45077236493428546,0.42247433463732403,0.626028041044871,0.5625086824099222,0.7322313785552979,-0.5801993665807359,39.99570627548141,-18.54504218558469,0.0,0.0
ES2002d,970,0.4542929232120514,0.3578258156776428,0.5243170062700907,0.4750605722268422,0.3496180921792984,0.515411376953125,0.5718989570935568,0.4013073643048604,15.213954952934044,39.48392257742329,-8.771889610620361,0.0,0.0
ES2002d,971,0.5611365536848704,0.39112255970637005,0.7203946908315023,0.39002108573913574,0.27268168330192566,0.6596397558848063,0.6609758536020914,0.7088042994340261,12.656922235270821,36.95113109037845,-11.202248636733755,0.0,0.0
ES2002d,972,0.6726762851079305,0.2740360076228778,0.5114145775636038,0.3534669280052185,0.247322050233682,0.44680869579315186,0.37594932814439136,0.9766267140706381,2.6459453172994025,-0.15897654312875117,-2.387518905223848,0.0,0.0
ES2002d,973,0.6793575485547384,0.4497520426909129,0.6091993749141693,0.4423152208328247,0.3379680501917998,0.5394075711568197,0.29046885669231415,0.9905994534492493,8.003649260790104,12.757274806236518,-5.751546708667575,0.0,0.0
ES2002d,974,0.6583008368810018,0.4255688438812892,0.32398909827073413,0.24153178681929907,0.09612876052657764,0.3309975365797679,0.3639403184254964,0.6727272272109985,-2.783425339047824,-1.2359143221518956,-10.486563358289049,0.0,0.0
ES2002d,975,0.625117172797521,0.3676241884628932,0.2359137088060379,0.2104493255416552,0.18918538590272269,0.38612844546635944,0.3602239688237508,0.831746518611908,-1.8002109449873795,-18.6118873905692,-7.039439069195798,0.0,0.0
ES2002d,976,0.7569168210029602,0.5391020476818085,0.22806863486766815,0.18653770784536997,0.325470432639122,0.37532711029052734,0.3209565182526906,0.6059213435898224,-1.6542993721422603,-11.319940597284528,-6.693871354555175,0.0,0.0
ES2002d,977,0.7006489237149557,0.44745997587839764,0.4863075017929077,0.19475426773230234,0.15399842460950217,0.3341997315486272,0.3776194751262665,0.760271151860555,0.8037012504917541,13.078317697797095,-7.557635673048435,0.0,0.0
ES2002d,978,0.7099462946256002,0.4800677200158437,0.48109031716982525,0.17071652164061865,0.09309621093173821,0.38331152498722076,0.3667181432247162,0.8878870010375977,0.031708483752866654,23.74909107316257,-6.353294333005068,0.0,0.0
ES2002d,979,0.7213925917943319,0.49263429641723633,0.351935734351476,0.18155332654714584,0.12084389788409074,0.3432295074065526,0.41349130868911743,0.976996123790741,-3.9970890522998226,16.048330840525853,-6.082354336868149,0.0,0.0
ES2002d,980,0.6659445961316427,0.41279835999011993,0.3276787002881368,0.13655549784501395,0.10018272356440623,0.4040542741616567,0.42547640204429626,0.8032180070877075,-1.696324176038317,-2.261358177477865,-3.250719344495655,0.0,0.0
ES2002d,981,0.7381458282470703,0.5164702932039896,0.24861463407675424,0.2131710648536682,0.11122300413747628,0.4420193632443746,0.4351446032524109,0.9751128753026327,1.0490418696550083,8.456692996699049,-4.931209057343707,0.0,0.0
ES2002d,982,0.673457145690918,0.31645631790161133,0.43120835224787396,0.20353291432062784,0.12058798472086589,0.5933611989021301,0.44482261935869855,0.8350082437197367,1.40299285428244,26.044931842424262,-4.58206879618604,0.0,0.0
ES2002d,983,0.49593251943588257,0.3046831587950389,0.44000186522801715,0.24545575181643167,0.05106054370601972,0.5223975578943888,0.39664777119954425,0.7919788757960001,-4.797130883745516,12.943441348054415,-15.546534214298449,0.0,0.0
ES2002d,984,0.7106991410255432,0.64557417233785,0.21468807756900787,0.6352417469024658,0.7986703316370646,0.19119111945231756,0.2498887081940969,0.9647950132687887,-19.382374906006245,8.202134736782725,-4.477422858435399,0.0,0.0
ES2002d,985,0.710961123307546,0.4451998819907506,0.2363609125216802,0.18045500665903091,0.13853621234496435,0.3859051416317622,0.46222709616025287,0.5644280537962914,-6.479113395279355,-0.6391202918656104,-1.8391270274965545,0.0,0.0
ES2002d,986,0.7562479178110758,0.6060592730840048,0.14127748707930246,0.2153679778178533,0.11290907363096873,0.1496508518854777,0.4965370496114095,0.5311223988731703,-33.632537948644234,26.352894112447274,-26.83577554513649,0.0,0.0
ES2002d,987,0.7608034809430441,0.523986796538035,0.28461578488349915,0.1519057055314382,0.06031194608658552,0.24234958986441293,0.4273938834667206,0.5057660164311528,-6.64373815028273,16.52001357805655,-3.234293625996953,0.0,0.0
ES2002d,988,0.7714413007100424,0.33285534878571826,0.20391671856244406,0.08066305269797643,0.015228555227319399,0.36108635862668353,0.4598197937011719,0.6812261790037155,-0.8843625607717617,13.701114351327234,-0.32911886443792576,0.0,0.0
ES2002d,989,0.7729114294052124,0.5227899253368378,0.24088643491268158,0.09013963987429936,0.024149601037303608,0.40978608032067615,0.43324997027715045,0.6124398708343506,-0.6856964074797306,0.5092265333856574,4.409635904488629,0.0,0.0
ES2002d,990,0.6682511568069458,0.30240896840890247,0.6195367177327474,0.2362485726674398,0.08330195148785909,0.5265314678351084,0.30461983879407245,0.9805641770362854,6.482849260806123,25.169038376077026,-2.2400646540530036,0.0,0.0
ES2002d,991,0.6996398766835531,0.40985260407129925,0.6453063686688741,0.27950382232666016,0.1195769930879275,0.6305988132953644,0.36115415891011554,0.9761034250259399,9.386834900677501,26.251802615765502,-3.3657968495433708,0.0,0.0
ES2002d,992,0.7006730635960897,0.4631624023119609,0.553228497505188,0.313066100080808,0.20336821923653284,0.5966801444689432,0.37982894976933795,0.9922325809796652,6.516029789555826,24.35559307915766,-8.62161227156625,0.0,0.0
ES2002d,993,0.5381287535031637,0.3589661220709483,0.22999564309914908,0.5446486870447794,0.3428987463315328,0.4844556550184886,0.37951935331026715,0.9943464795748392,-1.9678372309246228,16.495027770139664,-11.786569060769454,0.0,0.0
ES2002d,994,0.5691400766372681,0.3810788094997406,0.4369893471399943,0.41315843164920807,0.17416928336024284,0.33812376856803894,0.35792342821757,0.9446621934572855,1.1973168315248701,13.478234546784217,-3.4861462482790144,0.0,0.0
ES2002d,995,0.6073927283287048,0.3985874156157176,0.1995598723491033,0.28359847764174145,0.16273529330889383,0.4761451582113902,0.43034325043360394,0.6897043883800507,1.8678621408445144,11.375180966373899,-5.393167433253545,0.0,0.0
ES2002d,996,0.6132024526596069,0.3406638999780019,0.59877277414004,0.26042959094047546,0.059425647680958114,0.5455959240595499,0.3816119929154714,0.9860318700472513,2.767707698796137,15.722381854306242,-7.691846050793131,0.0,0.0
ES2002d,997,0.629385769367218,0.24839462836583456,0.610368549823761,0.23143760363260904,0.09962015723188718,0.4685705105463664,0.4091307421525319,0.9960597356160482,3.757246267312979,15.135421213565877,-9.491789790619997,0.0,0.0
ES2002d,998,0.674938976764679,0.4633979896704356,0.4839370548725128,0.2515512133638064,0.11949683104952176,0.7071273326873779,0.3753395080566406,0.9322412610054016,4.696033290802088,8.381694798225096,-7.971119662942193,0.0,0.0
ES2002d,999,0.7202821373939514,0.4057484393318494,0.37342870235443115,0.15340053786834082,0.05632199284931024,0.468776394923528,0.4082680940628052,0.7502734164396921,-1.921069525255299,-1.1666243025210623,-4.4963184933784115,0.0,0.0
ES2002d,1000,0.7698629299799601,0.684626837571462,0.2131977379322052,0.12087397029002507,0.04124352149665356,0.37916096051534015,0.4571958581606547,0.9757827123006185,-2.217347867160301,4.864495408502215,-1.7691577062740713,0.0,0.0
ES2002d,1001,0.7607135574022929,0.6229591071605682,0.19178698460261026,0.09279340008894603,0.0378837992126743,0.49583295981089276,0.5097005168596903,0.7927238841851553,-18.96210271720119,25.8466579629316,-18.73940885859808,0.0,0.0
ES2002d,1002,0.5505305031935374,0.3397335310777028,0.6970043977101644,0.30170143644014996,0.18179314583539963,0.5094230473041534,0.5162920157114664,0.6847848196824392,7.488211976217751,38.13360025566107,-9.998899218336815,0.0,0.0
ES2002d,1003,0.4762112597624461,0.4062567353248596,0.6377156376838684,0.48025869329770404,0.31433427333831787,0.639059583346049,0.6129843791325887,0.7163439691066742,3.4302843409507844,35.552733541469216,-23.192130637322062,0.0,0.0
ES2002d,1004,0.6053544084231058,0.3983376622200012,0.7278680006663004,0.27777766684691113,0.1156484776486953,0.6529425382614136,0.5791926284631094,0.6097731788953146,3.580968123408755,26.54437567176659,-14.369257938579487,0.0,0.0
ES2002d,1005,0.6132778922716776,0.3142496297756831,0.6305400331815084,0.2122707093755404,0.06853377943237622,0.6694082717100779,0.6090351939201355,0.7321919202804565,4.321364148422052,36.87403271818126,-2.4347158204032286,0.0,0.0
ES2002d,1006,0.5638457338015238,0.22334818045298258,0.7113332748413086,0.17904955645402273,0.04226656258106232,0.5097856223583221,0.43472827474276227,0.8052759170532227,4.305757184726566,34.860196614216754,-0.46415185873775827,0.0,0.0
ES2002d,1007,0.611924946308136,0.24273404975732168,0.7281622091929117,0.17328806221485138,0.03542132116854191,0.6944733659426371,0.46080148220062256,0.9488084117571512,-0.36037790202056336,22.52151144487857,-10.616248486559858,0.0,0.0
ES2002d,1008,0.6667388677597046,0.19471329947312674,0.6759588122367859,0.14726640780766806,0.019567398354411125,0.7017949024836222,0.41167330741882324,0.862422247727712,-2.4007652503831154,15.371395620357184,-11.769213163352703,0.0,0.0
ES2002d,1009,0.7463182012240092,0.6265959739685059,0.2897832741340001,0.08691286792357762,0.015052891646822294,0.4177425156037013,0.4635692338148753,0.8346155881881714,-3.0852957081298604,12.54479411886492,-9.764618462785958,0.0,0.0
ES2002d,1010,0.7443561355272929,0.5302940805753072,0.23707877099514008,0.09227628260850906,0.017902770079672337,0.4242476870616277,0.4578298230965932,0.8162416815757751,-0.6324998641283663,18.12050921633586,-12.245347415875537,0.0,0.0
ES2002d,1011,0.7390176057815552,0.4734305441379547,0.5362998346487681,0.11169723669687907,0.027208528791864712,0.6455525358517965,0.45296455423037213,0.8304415345191956,0.03151523203170633,22.981811574757995,-11.381067074320681,0.0,0.0
ES2002d,1012,0.769808828830719,0.5882188081741333,0.31651022533575696,0.10811476906140645,0.028217297047376633,0.5438278516133627,0.4551345308621724,0.7157876888910929,-0.6889004659917504,21.02109205517581,-7.135165468307026,0.0,0.0
ES2002d,1013,0.830332358678182,0.5091660221417745,0.41179896394411725,0.12340595076481502,0.024003286535541218,0.39053942759831745,0.4332918624083201,0.9806628624598185,2.2535641212719817,16.82278798246119,1.4682127893193584,0.0,0.0
ES2002d,1014,0.8253649473190308,0.3610425591468811,0.1881027470032374,0.12324042121569316,0.026930577121675014,0.36780568957328796,0.3929475744565328,0.9955150683720907,2.7201722570755513,11.274823920860578,3.7024418400139805,0.0,0.0
ES2002d,1015,0.8039376338322958,0.5068603654702505,0.29848676919937134,0.13748842974503836,0.03138222669561704,0.3547891577084859,0.4394282400608063,0.8822571635246277,2.916027531345518,14.135690567396978,3.301812264985424,0.0,0.0
ES2002d,1016,0.5782000720500946,0.4457036852836609,0.3536068598429362,0.1301074226697286,0.06828976732989152,0.4348914325237274,0.44819242755572003,0.9073623220125834,-5.175713512731452,9.264446124017276,-9.668205858895488,0.0,0.0
ES2002d,1017,0.6871829827626547,0.39351709683736164,0.27585581441720325,0.14341980467240015,0.10376931106050809,0.4081159134705861,0.3870757420857747,0.9555071989695231,-0.20239514921423854,-9.845619654345818,0.941020649547376,0.0,0.0
ES2002d,1018,0.7439824938774109,0.6627959211667379,0.22809825340906778,0.41983599215745926,0.4877628684043884,0.2976223627726237,0.3066113044818242,0.9019459287325541,-2.41134360331977,2.6410928479309055,-0.5239169772555301,0.0,0.0
ES2002d,1019,0.7064399321873983,0.4370240767796834,0.49725160002708435,0.2518455957372983,0.1136569231748581,0.6616495649019877,0.4037222663561503,0.8433545033137003,-2.863300860609113,23.98165207366267,-35.47787091413907,0.0,0.0
ES2002d,1020,0.6840404073397318,0.4940630992253621,0.5032295187314352,0.22856479386488596,0.06978787109255791,0.6989369988441467,0.3942791124184926,0.7553995549678802,-1.9461719096766716,16.265617692817496,-27.802140378598597,0.0,0.0
ES2002d,1021,0.6426986853281657,0.42259930570920307,0.6833848158518473,0.16391086826721826,0.05669036755959193,0.5915914277235667,0.3865085343519847,0.9184148907661438,4.06451721090991,20.542660843395883,-11.724540028234083,0.0,0.0
ES2002d,1022,0.6482155323028564,0.19342978050311407,0.6342372894287109,0.14833654463291168,0.07188653325041135,0.5870548486709595,0.38703055183092755,0.7905469834804535,6.245889138491775,25.61663632968742,-2.1185953380641993,0.0,0.0
ES2002d,1023,0.6425995628039042,0.3273247679074605,0.420674333969752,0.1751543531815211,0.133334764589866,0.5098274151484171,0.4315553406874339,0.9339723587036133,-0.9334208366612048,6.566920819187145,-6.5163009176909235,0.0,0.0
ES2002d,1024,0.5683131814002991,0.3613271216551463,0.4545455574989319,0.11207169542709987,0.042587255438168846,0.4873950978120168,0.44338778654734295,0.8662738005320231,-2.522270690768526,10.036630668735414,-4.8602256234800345,0.0,0.0
ES2002d,1025,0.6352065006891886,0.38333926598231,0.31522615253925323,0.23693402608235678,0.10236852119366328,0.6030469934145609,0.3685156007607778,0.9715315898259481,-2.131165538456812,13.356312409380907,-8.171948913618705,0.0,0.0
ES2002d,1026,0.6644386251767477,0.3091934124628703,0.39523505171140033,0.23950357486804327,0.0729261947174867,0.5037188529968262,0.4485639234383901,0.8838686347007751,-6.259940471212073,13.450391774900226,-17.298130744145002,0.0,0.0
ES2002d,1027,0.6020176510016123,0.36695563296477,0.34740405281384784,0.15574228018522263,0.06381853111088276,0.5498185555140177,0.4845512608687083,0.6831980148951212,-4.56333905531201,11.874063934566076,-16.561243169932776,0.0,0.0
ES2002d,1028,0.456987460454305,0.3892524391412735,0.42202537258466083,0.3074362576007843,0.21972103913625082,0.38204426939288777,0.4634280502796173,0.6890620539585749,-22.43433675776012,3.148303764602087,-21.027612708530203,0.0,0.0
ES2002d,1029,0.5161423981189728,0.41242927809556323,0.4772208134333293,0.25440732141335803,0.10834778596957524,0.4179369807243347,0.421336164077123,0.6167531485358874,-27.36100223020175,-3.0759024316338426,-31.088427037942022,0.0,0.0
ES2002d,1030,0.3694407045841217,0.2669283300638199,0.5613731940587362,0.38579773902893066,0.19136384253700575,0.5407236814498901,0.3761216501394908,0.9710164467493693,-10.197558852628752,5.460386310586642,-28.31650712886154,0.0,0.0
ES2002d,1031,0.4604855974515279,0.27176304658253986,0.5729555288950602,0.2880501225590706,0.14542514955004057,0.611692210038503,0.4965340594450633,0.9808660745620728,-9.426199287035098,23.246517245878113,-20.484164143783428,0.0,0.0
ES2002d,1032,0.6940523187319437,0.25365661084651947,0.5228473246097565,0.1672963152329127,0.163790429631869,0.679667333761851,0.48076703151067096,0.7818814118703207,45.93769609876307,50.45835414777664,42.85074144296143,0.0,0.0
ES2002d,1033,0.7076097726821899,0.47884846727053326,0.5959610939025879,0.20463169366121292,0.19961327066024145,0.49284622073173523,0.4584820767243703,0.4463903109232585,63.113555254078136,63.89092695556121,63.89794100932503,0.0,0.0
ES2002d,1034,0.6377082268397013,0.30253664155801135,0.5240877469380697,0.13770718375841776,0.10366592804590861,0.5587620536486307,0.4910070796807607,0.7725106676419576,70.32907459553068,67.55970666129762,72.41056345153089,0.0,0.0
ES2002d,1035,0.5819524526596069,0.33731138706207275,0.41606734196345013,0.0990233023961385,0.044258748491605125,0.5797844628492991,0.463742733001709,0.698621374865373,77.43649546382716,70.61420551907052,80.10748286198013,0.0,0.0
ES2002d,1036,0.6141998569170634,0.34356772899627686,0.5770022968451182,0.17031479006012282,0.11849898720781009,0.560041586558024,0.442665159702301,0.7842496236165365,37.1258086418664,42.348106017531876,28.932955568699132,0.0,0.0
ES2002d,1037,0.7115683158238729,0.4735239048798879,0.605123370885849,0.13491274168094,0.05320104646186034,0.45055316885312396,0.41770536700884503,0.9475617210070292,8.1138445838152,20.576299894763576,-4.732161398064857,0.0,0.0
ES2002d,1038,0.4837566614151001,0.3601883351802826,0.43073033293088275,0.14534605791171393,0.051524095237255096,0.43615920344988507,0.3686891893545787,0.9969328244527181,0.6063528190798952,9.048724420457164,-8.374486006746208,0.0,0.0
ES2002d,1039,0.6563350359598795,0.29021071394284564,0.5424622992674509,0.138920987645785,0.05186258628964424,0.5337164103984833,0.41723976532618207,0.8425117333730062,1.991233364762963,25.10031428358342,-8.37599831615516,0.0,0.0
ES2002d,1040,0.5045081575711569,0.312184602022171,0.7449939648310343,0.34302571912606555,0.28351735572020215,0.6718691984812418,0.609606921672821,0.8940134445826212,15.06117907591724,24.497799481177793,-16.681518163564395,0.0,0.0
ES2002d,1041,0.5350876649220785,0.35721878210703534,0.8175169030825297,0.26916123429934186,0.13678825398286185,0.7329441706339518,0.5804703931013743,0.4968986014525096,11.24217553182614,27.875102409162494,-12.361528111765802,0.0,0.0
ES2002d,1042,0.5373971859614054,0.2856263170639674,0.6762363115946451,0.3702354480822881,0.2422208127876123,0.6350434720516205,0.5130238731702169,0.7395918170611063,6.529975906421303,28.379308496347164,-9.439640274797917,0.0,0.0
ES2002d,1043,0.6081854104995728,0.3993849754333496,0.5813746651013693,0.2723770687977473,0.15580758762856325,0.7520007292429606,0.47877560059229535,0.8196183840433756,-0.3493004303303812,20.153340338782872,-12.733927802314126,0.0,0.0
ES2002d,1044,0.5963767766952515,0.337870717048645,0.35873835285504657,0.37203096350034076,0.21451903445025286,0.6037663916746775,0.5223203301429749,0.4683927198251088,-6.374979298856999,37.18269980906553,-14.034238776532225,0.0,0.0
ES2002d,1045,0.5761530995368958,0.4271322687466939,0.5301740765571594,0.44860802094141644,0.1918202688296636,0.6266260842482249,0.5322685440381368,0.6693197886149088,-5.85872144100972,29.298782390679843,-13.875914677865273,0.0,0.0
ES2002d,1046,0.7116670608520508,0.34506288667519885,0.5652360717455546,0.1691038136680921,0.041842381159464516,0.5473310848077139,0.5192509591579437,0.711126372218132,-1.861224841555597,13.796611848536225,-15.47413314200093,0.0,0.0
ES2002d,1047,0.6009657581647238,0.4575187563896179,0.42079929014046985,0.2758393610517184,0.19178371566037336,0.5462353626887003,0.5091015994548798,0.6676083107789358,-6.6675222302197135,18.11970141346334,-17.649012172060463,0.0,0.0
ES2002d,1048,0.5912687579790751,0.45671290159225464,0.4710441430409749,0.35687847435474396,0.23043026650945345,0.693890909353892,0.5734749833742777,0.6543155113855997,-2.6662100535933124,29.919296880216425,-17.09678428554354,0.0,0.0
ES2002d,1049,0.5573201378186544,0.3906898299853007,0.46672632296880084,0.324402650197347,0.3194541235764821,0.47581712404886883,0.5288840631643931,0.47100414832433063,4.513033449873377,40.639250791628314,-9.79493008995811,0.0,0.0
ES2002d,1050,0.6041361689567566,0.35639198621114093,0.4535512824853261,0.367688924074173,0.3260182390610377,0.7287007768948873,0.5366595486799876,0.42533668875694275,6.99679117304554,40.16102698584567,-5.560065032055793,0.0,0.0
ES2002d,1051,0.548946221669515,0.29946406682332355,0.5209998389085134,0.36412349840005237,0.22691871225833893,0.6581300894419352,0.5783616503079733,0.6993964314460754,6.6009380463177285,36.061326343089355,-3.5006607217536705,0.0,0.0
ES2002d,1052,0.4983944594860077,0.2765047252178192,0.8188376426696777,0.1862198362747828,0.040211185812950134,0.623120903968811,0.5633183320363363,0.9349145094553629,10.350833374849152,26.920601606406553,1.9636112221344002,0.0,0.0
ES2002d,1053,0.5243251721064249,0.23467932641506195,0.8537002404530843,0.28712064027786255,0.08713260913888614,0.6415065824985504,0.5973405639330546,0.979742149511973,8.427163561961143,26.76246431632693,-7.4467157463515115,0.0,0.0
ES2002d,1054,0.5579410791397095,0.2956702361504237,0.8526114821434021,0.2922212928533554,0.10789689421653748,0.5318938493728638,0.6210940082867941,0.9369411468505859,10.005295881735053,27.644416712379762,-8.278388694584875,0.0,0.0
ES2002d,1055,0.5288649797439575,0.3210405608018239,0.7290215293566386,0.31244998673597973,0.20416449258724848,0.7175522843996683,0.5788715481758118,0.5766968627770742,13.475935977193842,29.574560838795218,-3.3395743445216794,0.0,0.0
ES2002d,1056,0.5789844791094462,0.35103994607925415,0.7544441819190979,0.331559881567955,0.20284062375624975,0.6303920348485311,0.4735405047734578,0.7027366360028585,10.740929175832994,29.963645512390887,-3.6156814049240764,0.0,0.0
ES2002d,1057,0.6200825969378153,0.3275118072827657,0.5808154493570328,0.1206701435148716,0.030306594756742317,0.5343401630719503,0.573959211508433,0.7613673110802969,0.7586394706969672,22.735307812690422,-4.947095764625738,0.0,0.0
ES2002d,1058,0.6786572933197021,0.3395509372154872,0.39519724746545154,0.10322693487008412,0.021634701639413834,0.6481728752454122,0.5273230671882629,0.833987812201182,-2.518449567981851,15.287360705917058,-1.586872143729079,0.0,0.0
ES2002d,1059,0.6166496276855469,0.29146536191304523,0.5460357367992401,0.11611644302805264,0.025584253792961437,0.492505411307017,0.5111767053604126,0.8318672378857931,-0.9521738278340672,36.27081092745676,0.135643457885423,0.0,0.0
ES2002d,1060,0.7337427139282227,0.37957502404848736,0.7374891042709351,0.21813789010047913,0.08715941508611043,0.5375718176364899,0.3820069134235382,0.9880386590957642,12.821837340223851,25.49653136049297,-1.4782895774213598,0.0,0.0
ES2002d,1061,0.6836969256401062,0.5013249516487122,0.6358099381128947,0.29331953823566437,0.12404734392960866,0.5540542105833689,0.43652254343032837,0.9322439034779867,13.422161119802903,23.587487119603733,-0.40453286821979145,0.0,0.0
ES2002d,1062,0.7164440155029297,0.5287370582421621,0.6157517433166504,0.3303501059611638,0.16661158949136734,0.3745057284832001,0.3930925230185191,0.9167201717694601,15.132397754724158,21.182457458852728,-0.15966171440639412,0.0,0.0
ES2002d,1063,0.7357300917307535,0.5291059712568918,0.7444876233736674,0.15793012082576752,0.06796294326583545,0.6444420019785563,0.43152621388435364,0.833397368590037,13.365132253249662,18.95442594290037,-1.7652480827346448,0.0,0.0
ES2002d,1064,0.661128024260203,0.5240886708100637,0.5232310692469279,0.1875437299410502,0.14444553355375925,0.6724764207998911,0.3538123468557994,0.9667464296023051,14.755117502580083,20.775147665256487,-0.12075311920255061,0.0,0.0
ES2002d,1065,0.6555374066034952,0.4792463183403015,0.7433841625849406,0.2291406790415446,0.130471870303154,0.6244880855083466,0.3676440914471944,0.8887169162432352,18.230704181641002,16.761316674042263,3.203543923957523,0.0,0.0
ES2002d,1066,0.679267426331838,0.3912935455640157,0.5886333783467611,0.14881846805413565,0.0619568278392156,0.597407857577006,0.4856438636779785,0.562493900458018,5.927787731727221,21.44768594341893,-2.50793159912228,0.0,0.0
ES2002d,1067,0.7537538011868795,0.29160531361897785,0.5010986824830373,0.2537113477786382,0.08986217528581619,0.5803180634975433,0.3628060817718506,0.7654101550579071,3.9598367736016074,17.652084224206913,-4.031877030782783,0.0,0.0
ES2002d,1068,0.7275629838307699,0.4406837423642476,0.3562951683998108,0.13731924692789713,0.048207311580578484,0.48638612031936646,0.42936767141024273,0.9246944586435953,3.8750852663630653,16.26175924294768,-3.0662432177701255,0.0,0.0
ES2002d,1069,0.8207217653592428,0.647497812906901,0.5311547517776489,0.44609446326891583,0.20378501216570535,0.41453850269317627,0.3042200952768326,0.9740363955497742,4.439986611895133,13.518314262697345,-1.8660592923688235,0.0,0.0
ES2002d,1070,0.7320539156595866,0.5267487168312073,0.4171210328737895,0.20349520444869995,0.09791884571313858,0.6157752275466919,0.41045766075452167,0.8779841264088949,-1.8256445061301234,7.998341397108043,-5.741859583891905,0.0,0.0
ES2002d,1071,0.74797123670578,0.4685408373673757,0.38574633995691937,0.1502662698427836,0.08119200790921847,0.6267810265223185,0.4315908948580424,0.94261767466863,-4.776233324673011,6.907875265010509,-11.134271238506948,0.0,0.0
ES2002d,1072,0.6599374612172445,0.4085503617922465,0.6044392387072245,0.1516451289256414,0.07068772117296855,0.5601170659065247,0.4735000630219777,0.5935774048169454,-4.397838065980093,19.351768853530146,-10.66289109260144,0.0,0.0
ES2002d,1073,0.6904130379358927,0.299308642745018,0.6219116747379303,0.18999128292004266,0.13132881745696068,0.5644789139429728,0.44311503569285077,0.9520989457766215,6.622954477661646,47.08571915644041,3.0810421490189235,0.0,0.0
ES2002d,1074,0.755725642045339,0.310348520676295,0.6850279768308004,0.2474678854147593,0.10558304314812024,0.6748131712277731,0.4584699670473735,0.8047337333361307,14.441047486761116,41.16997400348358,8.38013601272693,0.0,0.0
ES2002d,1075,0.684255063533783,0.4709540605545044,0.6589500804742178,0.21305003141363463,0.19793599657714367,0.7105661829312643,0.40436530113220215,0.8381383617719015,13.146870959659173,15.84005681599846,1.5238936104036906,0.0,0.0
ES2002d,1076,0.7117154399553934,0.4523930052916209,0.5272437383731207,0.21870878835519156,0.23602226997415224,0.7059651017189026,0.43250222007433575,0.8367893497149149,20.71391697014512,4.2552184233867285,-1.4380137719371409,0.0,0.0
ES2002d,1077,0.7036088705062866,0.5502312580744425,0.40294216573238373,0.13426766792933145,0.1032341979444027,0.6229523519674937,0.5255180100599924,0.6001488169034322,16.456834115048157,-2.0106585450352736,1.4747932991650614,0.0,0.0
ES2002d,1078,0.647118071715037,0.2982691079378128,0.4127509444952011,0.1512655814488729,0.12040109435717265,0.32768479983011883,0.419404536485672,0.7725103795528412,4.0286146557584805,-7.085162707724616,-2.874273940091842,0.0,0.0
ES2002d,1079,0.660369873046875,0.414766401052475,0.35121939579645794,0.14323879530032477,0.11616955945889156,0.47103165586789447,0.3946186900138855,0.9527891874313354,9.816701911816752,-1.3675286272608396,-8.227228980889947,0.0,0.0
ES2002d,1080,0.7620558540026346,0.41911807656288147,0.36700866123040515,0.28896385431289673,0.1998326430718104,0.4658643404642741,0.35550198952356976,0.9714242617289225,7.775967117684246,2.1546370175028513,-6.479648732956651,0.0,0.0
ES2002d,1081,0.6653547883033752,0.41445977489153546,0.35943930347760517,0.5351214607556661,0.2958005468050639,0.5376337567965189,0.3625301818052928,0.9676708777745565,-3.9509203237395307,17.42275521853887,-7.979390280848304,0.0,0.0
ES2002d,1082,0.5475922028223673,0.2806464533011119,0.3209279676278432,0.2849384198586146,0.1580110341310501,0.46466700236002606,0.38636866211891174,0.955282966295878,-2.601836810746841,7.883430060667988,-7.019361687403908,0.0,0.0
ES2002d,1083,0.44450339674949646,0.20055707295735678,0.4925211767355601,0.16310164580742517,0.1356376757224401,0.6279570062955221,0.3480006456375122,0.9938154220581055,2.2601949034544195,1.3072931711877995,-4.012462449840039,0.0,0.0
ES2002d,1084,0.560109555721283,0.3847409983476003,0.501584013303121,0.12113821009794871,0.07034885759154956,0.6007040540377299,0.40141943097114563,0.9844162265459696,0.8588017689863724,10.681461736163039,-5.373760186438264,0.0,0.0
ES2002d,1085,0.6757873694101969,0.34629427393277484,0.4264223376909892,0.32181744774182636,0.1330192411939303,0.3764744798342387,0.4563828905423482,0.9814303119977316,-3.656033423764613,27.179915011598457,-8.196843555601003,0.0,0.0
ES2002d,1086,0.6487180391947428,0.24114000300566354,0.5893595317999522,0.21195835371812186,0.1053836519519488,0.42269353071848553,0.5108237862586975,0.8745683630307516,-5.707621471578979,39.858375082851275,-6.969715500708825,0.0,0.0
ES2002d,1087,0.6727613011995951,0.34900644421577454,0.6135099331537882,0.3347131808598836,0.19651050865650177,0.497322142124176,0.49067357182502747,0.9724653760592142,-6.255876752512424,53.45557098900756,-7.827803985891538,0.0,0.0
ES2002d,1088,0.6310580968856812,0.3224239746729533,0.6210935314496359,0.3051742911338806,0.1321560430030028,0.4164793938398361,0.44006552298863727,0.769662102063497,-1.5933681487930087,55.66715298535689,-5.28654415511049,0.0,0.0
ES2002d,1089,0.6619212428728739,0.3020029366016388,0.6622204780578613,0.1189410537481308,0.07858671620488167,0.38337508837382,0.4425114691257477,0.705818181236585,30.958488330747937,66.49235345282554,30.474445628324375,0.0,0.0
ES2002d,1090,0.7246932586034139,0.2993769447008769,0.6168215970198313,0.2344244842727979,0.135394470145305,0.47897759079933167,0.5366124510765076,0.7196065684159597,24.5882835956786,53.340201067827365,20.85121285026204,0.0,0.0
ES2002d,1091,0.7529878815015157,0.3918481171131134,0.5578731993834177,0.28434274593989056,0.21186798314253488,0.5568575064341227,0.49097416798273724,0.9771644473075867,1.6947197187817598,51.6096071714313,-4.332930006607568,0.0,0.0
ES2002d,1092,0.6635831594467163,0.35828932623068493,0.5840539435545603,0.29951930542786914,0.16141140957673392,0.7456186016400655,0.5643269717693329,0.8226849039395651,-2.7112076209085347,54.13006653057195,-6.47739089893705,0.0,0.0
ES2002d,1093,0.7037467757860819,0.4741414984067281,0.40893908341725665,0.4317123293876648,0.3020273397366206,0.5312207639217377,0.4875800510247548,0.6604438697298368,13.111544904459963,44.466430129868854,3.3497959640635586,0.0,0.0
ES2002d,1094,0.7165940602620443,0.44178731242815655,0.5000842014948527,0.33893048763275146,0.16424399117628732,0.4937656323115031,0.5177306433518728,0.9491040507952372,3.5104538560940575,54.308676024403354,-3.2941315130582267,0.0,0.0
ES2002d,1095,0.7583569486935934,0.29789964358011883,0.6533175110816956,0.19096689919630686,0.08892977237701416,0.4689687192440033,0.47376009821891785,0.659574660162131,0.5508983162242181,50.25938742515783,-3.3549785000254553,0.0,0.0
ES2002d,1096,0.7130895853042603,0.2367272973060608,0.6239851216475168,0.35191188752651215,0.15046788503726324,0.5096670190493265,0.4673005938529968,0.7074138770500819,-1.8511410902733925,44.83826397448686,-4.997870930573064,0.0,0.0
ES2002d,1097,0.6855174899101257,0.3983189860979716,0.4747735857963562,0.5204247931639353,0.22474818428357443,0.48179547985394794,0.4118189911047618,0.9847414294878641,2.338758175708921,29.474746783482743,0.7431299655458279,0.0,0.0
ES2002d,1098,0.8224310477574667,0.624074916044871,0.21610137820243835,0.26577064394950867,0.3396938741207123,0.2375472957889239,0.5869808197021484,0.2205314307163159,-11.964582783650764,3.6162015617297416,-6.456291165962251,0.0,0.0
ES2002d,1099,0.7416912913322449,0.6649474700291952,0.12037849922974904,0.21734993159770966,0.09969626863797505,0.2931966458757718,0.512597918510437,0.38090835760037106,-25.06361316096527,5.486797518902917,-7.837408970279529,0.0,0.0
ES2002d,1100,0.7279669245084127,0.5278191665808359,0.23183835049470267,0.17964397122462591,0.07508733744422595,0.24559483180443445,0.4736645023028056,0.32997267396422103,-24.981071423003403,13.089105742563667,-9.787994244326676,0.0,0.0
ES2002d,1101,0.7989639639854431,0.5666550993919373,0.1668452024459839,0.12853542218605676,0.03564807089666525,0.41506729523340863,0.5086910923322042,0.630035750567913,-15.224143878981616,16.15458709732818,-8.701188949949248,0.0,0.0
ES2002d,1102,0.3976861735184987,0.2435850352048874,0.4048962990442912,0.3343890259663264,0.28153596073389053,0.5508948167165121,0.3775196373462677,0.9757127364476522,-4.666368085980698,3.2395814337108675,-24.894376702132107,0.0,0.0
ES2002d,1103,0.3979191482067108,0.249925563732783,0.4809884304801623,0.33431189755598706,0.21335247655709585,0.5505361954371134,0.39167479674021405,0.8416370153427124,-4.30259563489189,2.4392117683959498,-22.457615070087453,0.0,0.0
ES2002d,1104,0.34376182158788043,0.22445258498191833,0.5183695753415426,0.3942149231831233,0.4723260700702667,0.25978047400712967,0.37514640887578327,0.978142261505127,-14.765521201417442,-10.589273270359607,-6.713955706787703,0.0,0.0
ES2002d,1105,0.3426105280717214,0.23571074505647024,0.5025928815205892,0.3505398432413737,0.38196442524592084,0.15177569290002188,0.3688144286473592,0.789480596780777,-36.02094731709428,-30.079942409466003,17.149836917672488,0.0,0.0
ES2002d,1106,0.3471418817838033,0.26276882489522296,0.44889524579048157,0.36955975989500683,0.5962661405404409,0.13395646214485168,0.40833823879559833,0.8917970458666483,-37.62692647612466,-15.691768940897866,4.148447261172747,0.0,0.0
ES2002d,1107,0.7646514177322388,0.5531129737695059,0.1822805255651474,0.3009711330135663,0.35357675949732464,0.26753858601053554,0.3928163746992747,0.9300952156384786,-19.658107799434735,13.854747261338943,-11.437777145091815,0.0,0.0
ES2002d,1108,0.6701345245043436,0.5443963408470154,0.1005319356918335,0.13527126361926398,0.09407401829957962,0.265211155017217,0.5720275044441223,0.28872080240398645,-28.994422535927963,17.365779318965952,-20.222766139153705,0.0,0.0
ES2002d,1109,0.8016315301259359,0.5676018098990122,0.1712005560596784,0.09404222915569942,0.05145336501300335,0.35298773149649304,0.5322291553020477,0.5829907854398092,-15.699279260072712,18.404769297638833,-20.248935067505325,0.0,0.0
ES2002d,1110,0.6113375226656595,0.5750392278035482,0.20321217427651087,0.179107333223025,0.09698087225357692,0.45389490326245624,0.541390081246694,0.09338370772699515,-33.820095765679866,5.223716440965829,-5.455141424890382,0.0,0.0
ES2002d,1111,0.7044018705685934,0.6305685242017111,0.2077838803331057,0.20532231032848358,0.2068327876428763,0.45560062925020856,0.44228334724903107,0.43777902036284405,-14.2410361264429,3.129193159031274,-1.183539452490816,0.0,0.0
ES2002d,1112,0.5647670129934946,0.34557732939720154,0.5583772559960684,0.48521876335144043,0.32124799489974976,0.40604182581106824,0.29019713401794434,0.9892429113388062,2.8138547573561605,-2.652304394358991,-5.924565497160214,0.0,0.0
ES2002d,1113,0.6778890689214071,0.3870839426914851,0.7656082510948181,0.5050923426946005,0.2979890952507655,0.47129420439402264,0.3429969052473704,0.9922188321749369,6.6124557491392535,1.635787211488485,-8.92744018642875,0.0,0.0
ES2002d,1114,0.6549500028292338,0.5913552045822144,0.478688304622968,0.3857916568716367,0.3969455895324548,0.5424442291259766,0.37015582124392193,0.6830996746818224,3.4559259785557477,3.0206846196177097,-18.324819198278792,0.0,0.0
ES2002d,1115,0.5686706105868021,0.44375133514404297,0.39129435022672016,0.4323023532827695,0.5041979178786278,0.527329663435618,0.3773232201735179,0.8791615962982178,0.4390995946062876,9.970828321352828,-15.167894921438844,0.0,0.0
ES2002d,1116,0.6071131924788157,0.29802172382672626,0.587332546710968,0.5207421729962031,0.46454579134782154,0.48827360073725384,0.3983203073342641,0.7741363843282064,-1.0990313108582377,27.0058467163917,-7.984666211091394,0.0,0.0
ES2002d,1117,0.8360416293144226,0.6045722762743632,0.319764385620753,0.09480319172143936,0.046646054834127426,0.37181132038434345,0.4564133286476135,0.6096546848615011,-15.85002471636748,6.882533045459383,-12.826682590151501,0.0,0.0
ES2002d,1118,0.7611679236094157,0.6049172480901083,0.2682650039593379,0.129505954682827,0.04038333582381407,0.4041356643040975,0.4140108823776245,0.6395801504453024,0.30274322299950107,12.799368804852302,-5.1420245959622735,0.0,0.0
ES2002d,1119,0.7320806185404459,0.5895098249117533,0.45121848583221436,0.37055770556132,0.23578181117773056,0.28647254904111225,0.3130410611629486,0.9954746762911478,7.734492277075179,10.711528650985164,-3.255614923758383,0.0,0.0
ES2002d,1120,0.6089150607585907,0.43283653259277344,0.3666425247987111,0.3592340449492137,0.3601607034603755,0.4896571636199951,0.42683401703834534,0.8368868231773376,10.488394598487519,-3.123698154462554,-5.192483951523087,0.0,0.0
ES2002d,1121,0.8015490571657816,0.7344206968943278,0.2555474465092023,0.3294252852598826,0.25594500948985416,0.2947565068801244,0.3493293921152751,0.9665935039520264,0.7272732175327897,3.388712507238734,-7.49887113673482,0.0,0.0
ES2002d,1122,0.7594895958900452,0.6970634460449219,0.18022234737873077,0.11127292116483052,0.051197253788510956,0.20793233811855316,0.4931495984395345,0.7318073213100433,-4.192403228563104,6.267157928721061,-9.476090892334792,0.0,0.0
ES2002d,1123,0.7759980956713358,0.6505423386891683,0.17681190619866052,0.10302178810040157,0.027019311984380085,0.32819047570228577,0.45641828576723736,0.9344887733459473,-4.568105476540606,12.670025075112504,-6.876272704516672,0.0,0.0
ES2002d,1124,0.7996678551038107,0.6709622343381246,0.13694844643274942,0.10770101969440778,0.028233596434195835,0.3714773456255595,0.4247925380865733,0.9107893308003744,1.5409245119194093,8.359775948403039,2.3256689923017873,0.0,0.0
ES2002d,1125,0.7731330394744873,0.5571259955565134,0.22180494169394174,0.09505379945039749,0.028811621169249218,0.3785889595746994,0.41534197330474854,0.6484277347723643,-0.03454543861567331,0.6201369665088521,-2.260473528420688,0.0,0.0
ES2002d,1126,0.6613423029581705,0.43071424464384717,0.32938909033934277,0.11321387191613515,0.12064071868856747,0.2737957090139389,0.2901025066773097,0.6749703089396158,0.09181870870981139,-14.486724659878872,-4.241643663312995,0.0,0.0
ES2002d,1127,0.6569662094116211,0.3159424463907878,0.3630637725194295,0.08972337345282237,0.06268487498164177,0.4196864167849223,0.26173609495162964,0.8970869183540344,2.1877499710477664,-14.145510924103624,-4.467861993565766,0.0,0.0
ES2002d,1128,0.6851618687311808,0.43598459164301556,0.25570114950339,0.13834637155135474,0.05135332296291987,0.4200965662797292,0.3303567171096802,0.7881824870904287,-0.5647603316057713,-1.1654672684387914,-5.447081435366158,0.0,0.0
ES2002d,1129,0.7678091724713644,0.6615022222201029,0.14681903521219888,0.08791230122248332,0.021563433731595676,0.5105746934811274,0.5307815372943878,0.6780156294504801,-10.229231325833307,17.74587196715,-13.416859364909447,0.0,0.0
ES2002d,1130,0.6971169908841451,0.4674352208773295,0.28304462631543476,0.1364070028066635,0.05154935146371523,0.3126359184583028,0.5096832017103831,0.7789449493090311,-8.09747479281644,24.894021576176044,-13.524069823312837,0.0,0.0
ES2002d,1131,0.6881949106852213,0.6745108564694723,0.49625129004319507,0.31422534584999084,0.4271593503654003,0.358571191628774,0.35004569093386334,0.9688033660252889,4.97002658403877,17.13523871616837,-22.529986478288365,0.0,0.0
ES2002d,1132,0.7602000832557678,0.596867839495341,0.42224879562854767,0.09534728527069092,0.0281463290254275,0.6631014545758566,0.555567721525828,0.5897776881853739,2.5462374919007797,18.99730693311845,-7.469351727558439,0.0,0.0
ES2002d,1133,0.5886664787928263,0.31665943562984467,0.5564856131871542,0.19616763293743134,0.06422437479098637,0.5052408377329508,0.482628474632899,0.9662948846817017,-5.398997973910319,14.505525382333298,-27.861165747182792,0.0,0.0
ES2002d,1134,0.7906276186307272,0.5718131959438324,0.2915060172478358,0.10928737123807271,0.05278262713303169,0.3660268634557724,0.5254877408345541,0.6618788242340088,-3.5070337376148157,7.427706957291949,-7.671588441295836,0.0,0.0
ES2002d,1135,0.7865330974260966,0.6096437176068624,0.17705287039279938,0.07988472531239192,0.025890438507000606,0.21961763004461923,0.49540279308954877,0.7222836911678314,-3.0208763740871087,6.308928138286201,-6.316442242113543,0.0,0.0
ES2002d,1136,0.7781380216280619,0.6449645558993021,0.1969772477944692,0.1682713901003202,0.05533389622966448,0.2681449701388677,0.45962539315223694,0.9768332044283549,-2.1945637637795143,6.418208112029309,-6.6084348543402625,0.0,0.0
ES2002d,1137,0.7745923002560934,0.6131143967310587,0.154628224670887,0.08697006354729335,0.021725031236807506,0.21638773878415427,0.5084443787733713,0.6809526979923248,-3.5359032417727936,7.903876745540846,-8.803084993773007,0.0,0.0
ES2002d,1138,0.7838738560676575,0.5808908740679423,0.1918368140856425,0.10655753314495087,0.02198006771504879,0.2241514970858892,0.4465990563233693,0.8212521076202393,-2.8480562310972513,6.593526316853702,-6.205966926527068,0.0,0.0
ES2002d,1139,0.7508450746536255,0.5174091557661692,0.3377814789613088,0.18948611368735632,0.08056578319519758,0.5315487086772919,0.41722894708315533,0.9375463326772054,-0.6317818521465893,14.52306992977826,-4.044776025607802,0.0,0.0
ES2002d,1140,0.7399473786354065,0.5079974830150604,0.26286909480889636,0.2632116029659907,0.20757376371572414,0.5824686189492544,0.3943582624197006,0.6601067433754603,-0.38695386244193974,14.667746078344026,-8.407949782478259,0.0,0.0
ES2002d,1141,0.748008926709493,0.6038451592127482,0.2571314076582591,0.12198652078708012,0.06977617057661216,0.41994260748227435,0.4013322244087855,0.4215853400528431,1.1988406956059563,1.5019367578561704,-8.658364226815578,0.0,0.0
ES2002d,1142,0.7864206035931905,0.4966541628042857,0.2531551669041316,0.13188731918732324,0.115653229256471,0.4388720939556758,0.4290636380513509,0.6094670991102854,1.659416841819912,-0.951163709705026,-3.092281382244469,0.0,0.0
ES2002d,1143,0.8219435612360636,0.6597394744555155,0.21182237068812051,0.10361244281133015,0.02084666894127925,0.34726281960805255,0.4917946755886078,0.9128072261810303,-4.0536590663417575,12.581682990189856,-8.2150981346095,0.0,0.0
ES2002d,1144,0.7994379003842672,0.5860508879025778,0.14696759482224783,0.06957403818766277,0.01341577929755052,0.43514592448870343,0.4758877158164978,0.6500735878944397,-2.3740092646422934,9.158133655383097,-4.729406499708628,0.0,0.0
ES2002d,1145,0.7919642329216003,0.5759239494800568,0.23516361663738886,0.07447905590136845,0.013024431963761648,0.344815989335378,0.4530420998732249,0.6960248798131943,-0.1978078741742945,11.571211684782918,-3.3390377431251124,0.0,0.0
ES2002d,1146,0.6850292881329855,0.4468904137611389,0.2901765803496043,0.15630495796600977,0.14701810230811438,0.4497306744257609,0.42957955598831177,0.9018082420031229,-2.057382733793878,-8.728547493313604,-3.8840711604555387,0.0,0.0
ES2002d,1147,0.699368953704834,0.5518365701039633,0.25696182747681934,0.3475685964028041,0.2022962545355161,0.2997341553370158,0.3204653610785802,0.9639661510785421,-3.727953384565835,0.8630548519497415,-8.487493171746065,0.0,0.0
ES2002d,1148,0.6345659693082174,0.4955601692199707,0.26089700559775036,0.17411918193101883,0.08564591780304909,0.4272393484910329,0.4822336236635844,0.8280342221260071,4.910463448482477,2.80854744087268,-9.869746991324261,0.0,0.0
ES2002d,1149,0.733446737130483,0.5069588720798492,0.2961711833874385,0.2608957091967265,0.2757872237513463,0.4494010806083679,0.37156129876772565,0.9892817139625549,2.0445993106780906,-0.9638069833594675,-1.5474113729810892,0.0,0.0
ES2002d,1150,0.7835384805997213,0.5386010905106863,0.19070767859617868,0.22592505812644958,0.14229393346856037,0.26865796744823456,0.4482448597749074,0.8608882824579874,-2.7117988239775634,8.77851873500875,-4.885325854919183,0.0,0.0
ES2002d,1151,0.6598618427912394,0.2083617945512136,0.7324272394180298,0.20942410826683044,0.12866960714260736,0.6235295037428538,0.5249018569787344,0.7702226440111796,-11.07893073639138,57.52245199595206,-15.917715418647054,0.0,0.0
ES2002d,1152,0.7069016297658285,0.3065338631470998,0.7396127780278524,0.22137955327828726,0.1432124376296997,0.5405009984970093,0.5335608919461569,0.5314333935578665,-12.810855172248841,56.377428327322576,-16.85836090179863,0.0,0.0
ES2002d,1153,0.7143680055936178,0.3334727684656779,0.7676523923873901,0.19269478817780814,0.09377754479646683,0.5578477581342062,0.5264455874760946,0.5902632176876068,-14.545444618534503,55.185379239665004,-19.145302281322078,0.0,0.0
ES2002d,1154,0.7013225754102071,0.2169447342554728,0.7039841612180074,0.20071637630462646,0.12721480056643486,0.49624905983606976,0.5055013199647268,0.7594224214553833,-14.160403100490944,51.265087126703555,-19.31286838223556,0.0,0.0
ES2002d,1155,0.7092828949292501,0.17248983681201935,0.7734980384508768,0.16898860534032187,0.07083082695802052,0.5354674955209097,0.4985640545686086,0.5804884831110636,-13.685663623730521,49.945809033393324,-19.49070537984343,0.0,0.0
ES2002d,1156,0.7629097104072571,0.23586966594060263,0.7169421513875326,0.1986582726240158,0.09298368295033772,0.5074865321318308,0.5727230310440063,0.4829135239124298,-14.723446137824025,52.59664735020409,-19.27241805064832,0.0,0.0
ES2002d,1157,0.6826796531677246,0.21195041139920553,0.8123788634936014,0.20949539045492807,0.12369069208701451,0.7045233647028605,0.4491209884484609,0.7270907958348592,-17.852501875024316,54.04752631130713,-23.942819403228224,0.0,0.0
ES2002d,1158,0.7306000789006551,0.23218379418055216,0.7727773984273275,0.1744848241408666,0.08106357604265213,0.4888906379540761,0.4988192021846771,0.9321381449699402,-17.605459354875588,54.74286141254252,-22.946598949839494,0.0,0.0
ES2002d,1159,0.7141037980715433,0.4174925833940506,0.4994201759497325,0.3599999050299327,0.27673906832933426,0.5550825496514639,0.41511733333269757,0.7877634167671204,4.146538935947185,23.665951910682338,-8.094705086801442,0.0,0.0
ES2002d,1160,0.5232324798901876,0.3213472068309784,0.2781853824853897,0.11678663144508998,0.025863964731494587,0.36743833621342975,0.5083675483862559,0.3223101447025935,-29.598946138491396,8.382036060799757,-17.372587557774114,0.0,0.0
ES2002d,1161,0.6909407178560892,0.4403201639652252,0.44373468557993573,0.10140670587619145,0.035528535644213356,0.5111457506815592,0.5382615725199381,0.7361791034539541,-12.352466033823172,3.9844076332656404,-13.922725155555062,0.0,0.0
ES2002d,1162,0.44087691108385724,0.26689425110816956,0.480879545211792,0.2362957720955213,0.17961551745732626,0.41160231828689575,0.48877333601315814,0.30846078880131245,-32.081027344971254,71.34783911286227,-30.14843364212517,0.0,0.0
ES2002d,1163,0.5284282068411509,0.3001881241798401,0.2462501327196757,0.13619104027748108,0.06538404896855354,0.43220333258310956,0.534290631612142,0.5458282077064117,58.173750675063616,64.48327594991693,60.20973064471509,0.0,0.0
ES2002d,1164,0.6193614403406779,0.3673676053682963,0.43872655431429547,0.0933142639696598,0.04786647359530131,0.33826645215352374,0.40702051917711896,0.637344221274058,37.36156175885719,53.737417608615694,31.27207269591956,0.0,0.0
ES2002d,1165,0.7943344116210938,0.6169645587603251,0.14094472924868265,0.07686868061621983,0.06315788192053635,0.4041518767674764,0.5867645740509033,0.38224734117587406,-17.40685930727986,8.060251546311706,11.7073165516717,0.0,0.0
ES2002d,1166,0.0,0.0,0.0,0.0,0.0,0.0,0.0,0.0,0.0,0.0,0.0,0.0,0.0
ES2002d,1167,0.0,0.0,0.0,0.0,0.0,0.0,0.0,0.0,0.0,0.0,0.0,0.0,0.0
ES2002d,1168,0.0,0.0,0.0,0.0,0.0,0.0,0.0,0.0,0.0,0.0,0.0,0.0,0.0
ES2002d,1169,0.0,0.0,0.0,0.0,0.0,0.0,0.0,0.0,0.0,0.0,0.0,0.0,0.0
ES2002d,1170,0.0,0.0,0.0,0.0,0.0,0.0,0.0,0.0,0.0,0.0,0.0,0.0,0.0
ES2002d,1171,0.0,0.0,0.0,0.0,0.0,0.0,0.0,0.0,0.0,0.0,0.0,0.0,0.0
ES2002d,1172,0.0,0.0,0.0,0.0,0.0,0.0,0.0,0.0,0.0,0.0,0.0,0.0,0.0
ES2002d,1173,0.0,0.0,0.0,0.0,0.0,0.0,0.0,0.0,0.0,0.0,0.0,0.0,0.0
ES2002d,1174,0.0,0.0,0.0,0.0,0.0,0.0,0.0,0.0,0.0,0.0,0.0,0.0,0.0
ES2002d,1175,0.0,0.0,0.0,0.0,0.0,0.0,0.0,0.0,0.0,0.0,0.0,0.0,0.0
ES2002d,1176,0.0,0.0,0.0,0.0,0.0,0.0,0.0,0.0,0.0,0.0,0.0,0.0,0.0
ES2002d,1177,0.0,0.0,0.0,0.0,0.0,0.0,0.0,0.0,0.0,0.0,0.0,0.0,0.0
