meeting_id,segment_id,AU01,AU02,AU04,AU06,AU12,AU15,AU17,AU25,head_pitch,head_yaw,head_roll,gaze_x,gaze_y
ES2004d,0,0.4653622508049011,0.14524201303720474,0.28649356961250305,0.09451734771331151,0.023498763019839924,0.13274349023898444,0.4412219226360321,0.08586858430256446,-23.07707703386424,22.250414001744712,-1.6059269715622373,0.0,0.0
ES2004d,1,0.42518340547879535,0.15102224548657736,0.21906796097755432,0.08554704984029134,0.01616439161201318,0.2591038445631663,0.5059527357419332,0.567937433719635,-16.63565667801247,18.387125897235805,-7.400626115076001,0.0,0.0
ES2004d,2,0.46988136569658917,0.20127669473489126,0.446959728995959,0.05663048724333445,0.013904966103533903,0.19467362264792124,0.3922133147716522,0.4819043514629205,-7.107193261495422,2.2577927787370466,-6.895057814026816,0.0,0.0
ES2004d,3,0.48224640885988873,0.22805984814961752,0.6454138855139414,0.04579193269213041,0.018249061579505604,0.2354300171136856,0.26923034091790515,0.7224840720494589,-6.233671159713727,-7.880627488135159,-4.929593313065199,0.0,0.0
ES2004d,4,0.5895960529645284,0.3298409928878148,0.2469945748647054,0.05337197706103325,0.017348053244253,0.15943332016468048,0.378266175587972,0.18546376128991446,-8.021797133258206,-0.8162104246804013,-5.429874996241892,0.0,0.0
ES2004d,5,0.4755207697550456,0.2192273810505867,0.17790755132834116,0.05734049528837204,0.014060436437527338,0.17907887448867163,0.4317603309949239,0.3063204387823741,-8.779873846128087,11.91328790977361,-4.341284415023694,0.0,0.0
ES2004d,6,0.4394074281056722,0.1463183065255483,0.24241441984971365,0.06101366256674131,0.014064245857298374,0.2962444971005122,0.5124509235223135,0.028023578537007172,-8.754936113354722,21.638301073488265,-5.429493606429489,0.0,0.0
ES2004d,7,0.42159274220466614,0.18559746692577997,0.2944211810827255,0.07748217756549518,0.021747228379050892,0.3754544605811437,0.4536241094271342,0.5066282997528712,-11.73452201869869,5.994325792230988,3.466388009147406,0.0,0.0
ES2004d,8,0.4840646783510844,0.2286407674352328,0.4022479901711146,0.10871913780768712,0.0579070703436931,0.2992599854866664,0.49657393495241803,0.7268003424008688,-19.611682486431484,5.703704527427477,6.576296701687386,0.0,0.0
ES2004d,9,0.5119272172451019,0.2528464545806249,0.12910529971122742,0.194344624876976,0.12949660265197357,0.2977486029267311,0.5545139710108439,0.05745593272149563,-19.486799865931797,14.049226014495268,-1.8365596167835878,0.0,0.0
ES2004d,10,0.4977051019668579,0.17419300973415375,0.2085635413726171,0.13330932706594467,0.09826315939426422,0.28263644377390545,0.49522607525189716,0.011265800489733616,-27.20339014589005,19.107227038271876,-1.9542581295993136,0.0,0.0
ES2004d,11,0.4764474133650462,0.26105039815107983,0.24653983612855276,0.19219690561294556,0.1601420703033606,0.38018715381622314,0.4195902446905772,0.009959192015230656,-28.76503604300596,25.435067658397667,-1.1460217021356334,0.0,0.0
ES2004d,12,0.5392957230408987,0.17737619082132974,0.2334494243065516,0.17755180597305298,0.1338462010025978,0.3385411699612935,0.4375979502995809,0.005837810943679263,-31.961231263960773,21.541378520751483,-4.788593634231042,0.0,0.0
ES2004d,13,0.5321470300356547,0.1941177099943161,0.21388322611649832,0.16044975320498148,0.08707402274012566,0.33045994738737744,0.45277996857961017,0.014289187888304392,-39.57030722518737,14.3208202776707,-5.977245797369658,0.0,0.0
ES2004d,14,0.4832972586154938,0.2845866133769353,0.13493870198726654,0.3959189752737681,0.27835699915885925,0.6224411129951477,0.550752580165863,0.2017494017879168,-29.082999744067802,8.300997392317543,-2.971642598981813,0.0,0.0
ES2004d,15,0.4881330728530884,0.29986436168352765,0.08188181805113952,0.19967403014500937,0.16478442028164864,0.5093064804871877,0.5655327836672465,0.32499630004167557,-14.840518607336593,2.007308329843687,1.1819570566964428,0.0,0.0
ES2004d,16,0.41823768615722656,0.17786876360575357,0.20876915752887726,0.12851024170716605,0.13361674609283605,0.3539356589317322,0.5225060184796652,0.047038035467267036,-8.199556687453939,12.313494630461099,2.802500977571803,0.0,0.0
ES2004d,17,0.5500216086705526,0.20163900156815848,0.31891706585884094,0.09355020523071289,0.01788683111468951,0.235574871301651,0.4328261117140452,0.12868696947892508,-0.22846020433139158,22.99725749368676,7.286587519779296,0.0,0.0
ES2004d,18,0.4038727581501007,0.19974262515703836,0.3586413562297821,0.1072959452867508,0.07048834363619487,0.21707497288783392,0.43393879135449726,0.200435238579909,-19.554617495674105,4.960048676771655,1.576206511185523,0.0,0.0
ES2004d,19,0.40953047076861065,0.2867790535092354,0.33112099518378574,0.11103412757317226,0.1026614544292291,0.23690407474835715,0.4685645004113515,0.3820413053035736,-23.10323498842077,-3.6232102459295494,-3.8585569850857575,0.0,0.0
ES2004d,20,0.517983098824819,0.3284825533628464,0.2905759463707606,0.1379615180194378,0.07670577118794124,0.24821589887142181,0.4789972056945165,0.5093289682020744,-11.307174648107797,2.311046802002339,-4.979778373114933,0.0,0.0
ES2004d,21,0.7230860590934753,0.4087538570165634,0.4358258744080861,0.16538946578900018,0.1529553271830082,0.5235860745112101,0.48780177036921185,0.8943931063016256,-5.12284454221585,2.9801878596076556,-5.137571120630786,0.0,0.0
ES2004d,22,0.6286574204762777,0.4283929069836934,0.32951833804448444,0.09100745369990666,0.11372566968202591,0.41987008849779767,0.5510693192481995,0.7597065567970276,-10.443114206048866,-1.6260195021830255,-4.915435965440449,0.0,0.0
ES2004d,23,0.5883121291796366,0.41049285729726154,0.36469151079654694,0.13263361901044846,0.05968555870155493,0.27472388247648877,0.47922784090042114,0.6687447627385458,-5.017328346699737,3.730482035252796,-1.3342356836949287,0.0,0.0
ES2004d,24,0.5617726643880209,0.23518478373686472,0.24680479367574057,0.11358676850795746,0.04670280714829763,0.37276647984981537,0.5544925928115845,0.4494803889344136,0.13582985831234348,15.474955666020863,1.4674479819854132,0.0,0.0
ES2004d,25,0.4964897135893504,0.13323267797629038,0.2970619350671768,0.10775620490312576,0.013556524800757567,0.48251838485399884,0.49468739827473956,0.12163043891390164,1.4171230782148203,21.297098810015825,3.745634202415945,0.0,0.0
ES2004d,26,0.44651854038238525,0.18170088032881418,0.5654128591219584,0.07029598206281662,0.01938333424429099,0.3234444409608841,0.3027855356534322,0.3800709570447604,-14.752921781513434,3.823008607216176,0.2088558018865003,0.0,0.0
ES2004d,27,0.3257169822851817,0.13053735345602036,0.5740562876065572,0.06879992534716924,0.029845795904596645,0.14119339237610498,0.3896950880686442,0.24861565604805946,-20.5985447407056,-12.71286474932239,-0.10975327856543138,0.0,0.0
ES2004d,28,0.33054593205451965,0.1509350116054217,0.5036355753739675,0.04642354945341746,0.026004511242111523,0.30750258763631183,0.3199966847896576,0.05222156643867493,-14.341585368809847,-14.62285725213735,-4.185676232734829,0.0,0.0
ES2004d,29,0.3825208842754364,0.24051291743914285,0.5078972230354944,0.049054561803738274,0.028533071279525757,0.21103628973166147,0.3332938253879547,0.2526484814782937,-17.625450337428145,-14.19443869336967,-4.839332845476092,0.0,0.0
ES2004d,30,0.7189367810885111,0.43401198585828143,0.3673541744550069,0.4038887321949005,0.36891210079193115,0.3290749688943227,0.3404151101907094,0.9820629556973776,3.507407727563207,4.094518939914315,-3.529513571151918,0.0,0.0
ES2004d,31,0.6885183850924174,0.5049916207790375,0.24723639090855917,0.19791187594334284,0.24605372548103333,0.36894399921099347,0.43796177705128986,0.7516412834326426,-23.386503208750344,-0.5718701659821025,-1.2200643553278385,0.0,0.0
ES2004d,32,0.7777576446533203,0.6201320091883341,0.16810638209184012,0.22816427052021027,0.19443650295337042,0.3936103979746501,0.46223530173301697,0.9561204314231873,-12.984084450124078,0.10275485344669082,-5.2971918457212235,0.0,0.0
ES2004d,33,0.6864973107973734,0.4669353167215983,0.24314358830451965,0.5589541792869568,0.45203620195388794,0.30059883495171863,0.26022904614607495,0.9975098172823588,4.343342899833019,14.657174010445914,4.196442936873464,0.0,0.0
ES2004d,34,0.6591844956080118,0.4887631932894389,0.15658608078956604,0.39758046964804333,0.24773056556781134,0.384304682413737,0.2936624139547348,0.8935679197311401,6.289144592416264,14.038352895263097,7.4850306549299495,0.0,0.0
ES2004d,35,0.7052171428998312,0.674191395441691,0.1425346409281095,0.6072043975194296,0.5752400557200114,0.31936579942703247,0.2602742364009221,0.9085504015286764,-0.2643377417143708,12.873345272674433,1.6309877300166136,0.0,0.0
ES2004d,36,0.6192077000935873,0.48595792055130005,0.20398410658041635,0.6286589801311493,0.5916894972324371,0.3560697982708613,0.28367773691813153,0.9815159241358439,-1.6400498186010315,19.00476035851054,-6.824098035838326,0.0,0.0
ES2004d,37,0.3889518678188324,0.2715256114800771,0.17322112619876862,0.15044978260993958,0.135490403821071,0.36204203963279724,0.33455121517181396,0.20401424479981264,-13.813739789175832,18.532132352318985,-1.563706219870402,0.0,0.0
ES2004d,38,0.7760225534439087,0.5132651527722677,0.25146811703840893,0.20969624817371368,0.08062141264478366,0.40598104397455853,0.43205973505973816,0.8016277054945627,-3.322631330340361,12.516777177570702,-3.6753553317683623,0.0,0.0
ES2004d,39,0.7383248805999756,0.4580061038335164,0.34453461567560834,0.19177034248908362,0.1038853997985522,0.37217407921950024,0.4102957646052043,0.4612140903870265,-2.2490142088816403,13.989080677706506,-2.4957010645974442,0.0,0.0
ES2004d,40,0.7182862957318624,0.5104052126407623,0.45645756522814435,0.31333960096041363,0.2690008729696274,0.45064717531204224,0.5083993275960287,0.8115334709485372,39.29082318025774,28.514463154963156,30.47475268891482,0.0,0.0
ES2004d,41,0.6370359659194946,0.5678116679191589,0.4185049633185069,0.32806243499120075,0.3668828109900157,0.28550272683302563,0.4447663426399231,0.991272509098053,101.5762509840712,65.2336939015014,104.21222806716004,0.0,0.0
ES2004d,42,0.7257778843243917,0.6037643253803253,0.3879660914341609,0.33435168862342834,0.34257425864537555,0.21745089193185171,0.42518529295921326,0.9744133949279785,97.43002139508447,67.67231339804046,101.8137288165852,0.0,0.0
ES2004d,43,0.6585983236630758,0.655470073223114,0.3814170906941096,0.31848448514938354,0.37847447395324707,0.32888075709342957,0.44550148646036786,0.9784454902013143,97.62646977095513,67.15721855582221,101.35481986789758,0.0,0.0
ES2004d,44,0.762070099512736,0.7226479053497314,0.4934501548608144,0.43765564759572345,0.32169299324353534,0.4898153444131215,0.39107486605644226,0.9980306029319763,87.83372970024618,68.76862000899149,91.23836380315076,0.0,0.0
ES2004d,45,0.6727355718612671,0.6263570388158163,0.42864840229352313,0.5239072740077972,0.3922920872767766,0.2629537855585416,0.38049264748891193,0.9710718592007955,73.78481703379428,68.22096059195891,77.52651689975528,0.0,0.0
ES2004d,46,0.7188703815142313,0.6004706621170044,0.35090066989262897,0.2751702219247818,0.24444947143395743,0.4283535952369372,0.41531933347384137,0.4890218401948611,26.849756345583234,16.763810365388824,33.939216044605125,0.0,0.0
ES2004d,47,0.4981089433034261,0.28997528553009033,0.2742033749818802,0.13247637450695038,0.09262927869955699,0.5786623855431875,0.37045591076215106,0.30078582434604567,-10.034823898422657,-42.99942203915676,3.5531908038760935,0.0,0.0
ES2004d,48,0.46343008677164715,0.1939642479022344,0.3039282262325287,0.09244594722986221,0.06668162594238917,0.5326636135578156,0.38396958510080975,0.21158836781978607,-8.512985972629531,-46.33766464121794,-2.1402912441627255,0.0,0.0
ES2004d,49,0.46314457058906555,0.24472247064113617,0.38455089926719666,0.11244218548138936,0.05702615280946096,0.5542867581049601,0.4155932168165843,0.09836779348552227,-6.335235178508758,-44.751581180672986,-3.2910669152610654,0.0,0.0
ES2004d,50,0.6483355363210043,0.3761625985304515,0.19158735374609628,0.12927217533191046,0.06943158184488614,0.48243574301401776,0.4396503468354543,0.4190673480431239,3.3424484855314596,-11.552618826503812,1.4531500975231861,0.0,0.0
ES2004d,51,0.694564700126648,0.42234612504641217,0.20372254153092703,0.15112508833408356,0.06324133897821109,0.595974842707316,0.42058131098747253,0.39097611668209237,4.598525762777444,1.7721691738275425,6.277796745343586,0.0,0.0
ES2004d,52,0.5592619578043619,0.38209595282872516,0.34416623413562775,0.12609450767437616,0.08126032042006652,0.6510993639628092,0.3968403140703837,0.3732281768073638,-7.250659996449337,-27.285806898105946,5.7896123217199955,0.0,0.0
ES2004d,53,0.571940024693807,0.3832735518614451,0.30279184381167096,0.14488951861858368,0.06376169621944427,0.5878627796967825,0.40808841586112976,0.5005103846391042,-6.988754442459236,-30.80952911833872,7.386643081198069,0.0,0.0
ES2004d,54,0.6341062784194946,0.3809463679790497,0.3689090857903163,0.12777583301067352,0.05250105013449987,0.6029377977053324,0.37983205914497375,0.45716962218284607,3.5027820950279196,2.5869224521817458,7.1483160180637855,0.0,0.0
ES2004d,55,0.6329089005788168,0.4158741732438405,0.2113483597834905,0.09681506206591924,0.043639195462067924,0.5759071906407675,0.38688523570696515,0.6473094622294108,7.250182916270023,17.93383715902115,8.212757347533183,0.0,0.0
ES2004d,56,0.5832025607426962,0.3523345987002055,0.29052642981211346,0.09655912220478058,0.033868204802274704,0.578544537226359,0.5068073272705078,0.4741560022036235,3.7276813156059316,12.699730426199475,7.8814644223166574,0.0,0.0
ES2004d,57,0.6192947228749593,0.3360038797060649,0.26646936933199566,0.07804905126492183,0.02375472957889239,0.5858672161897024,0.487958699464798,0.4256922701994578,2.097191037533737,10.186129399594451,7.40082484989512,0.0,0.0
ES2004d,58,0.6452342669169108,0.3589286307493846,0.2257064332564672,0.07744054992993672,0.025591164206465084,0.5641966164112091,0.4985683759053548,0.4399467209974925,3.3160074314349477,11.990898280512214,7.567150838598366,0.0,0.0
ES2004d,59,0.6073466539382935,0.3935581644376119,0.2236739844083786,0.11497368415196736,0.04116749328871568,0.3861054331064224,0.4336473345756531,0.4166976610819499,1.6786742921371924,5.492517817805293,6.552544257002995,0.0,0.0
ES2004d,60,0.5891862114270529,0.4063367446263631,0.2792113224665324,0.11663859089215596,0.0455633228023847,0.43650639553864795,0.3932003974914551,0.06397668396433194,-4.617493471577849,-13.429156803020954,6.044325652432778,0.0,0.0
ES2004d,61,0.5458706219991049,0.36994922161102295,0.18819633622964224,0.1268493855992953,0.07836628705263138,0.2690293490886688,0.3453187942504883,0.3404355024298032,-4.927005503321776,-23.78729984767888,6.729230192356954,0.0,0.0
ES2004d,62,0.4834698537985484,0.32831892371177673,0.282194380958875,0.13498625655968985,0.04544303504129251,0.27879088123639423,0.40906421343485516,0.00900861481204629,-4.267112970134402,-19.45027880716728,3.766261800726715,0.0,0.0
ES2004d,63,0.5536446670691172,0.43162535627683,0.23904396096865335,0.13189734518527985,0.06841021279493968,0.4170001695553462,0.45776992042859393,0.2884207709381978,-1.6224879242243488,-3.8077276855757787,6.506755898893728,0.0,0.0
ES2004d,64,0.6178189317385355,0.3661748766899109,0.16070903092622757,0.14445267617702484,0.05833512792984644,0.6188506384690603,0.3917494018872579,0.6252970614780983,6.80487225007046,6.1932448009845595,8.916410104612929,0.0,0.0
ES2004d,65,0.6953136920928955,0.47379443049430847,0.21773585677146912,0.22968476017316183,0.22681881487369537,0.30526450276374817,0.3787238597869873,0.6231953899065653,10.273181146020102,15.30329366098602,9.688175357923491,0.0,0.0
ES2004d,66,0.5571959813435873,0.4252259433269501,0.23463226358095804,0.26539207498232525,0.26268263161182404,0.4614320794741313,0.5483352939287821,0.2892269492925455,-6.254749151089975,-14.595030725431577,9.943114283228383,0.0,0.0
ES2004d,67,0.5828266541163126,0.4475180208683014,0.16292299330234528,0.1746189296245575,0.10937099779645602,0.38380322853724164,0.5035881797472636,0.030415159339706104,-5.468912689570057,-12.955289366848703,7.653371203172135,0.0,0.0
ES2004d,68,0.6010297934214274,0.4716886480649312,0.18454966942469278,0.21013454099496207,0.08826434488097827,0.352839728196462,0.36524616678555805,0.27460996930797893,-17.070582084497506,11.704120884979103,-10.547676305078811,0.0,0.0
ES2004d,69,0.7443462411562601,0.49008724093437195,0.38039620717366535,0.12143440296252568,0.05999260892470678,0.443144549926122,0.5248750746250153,0.18310712774594626,-28.079417140500045,28.564631250816063,-29.106071649756547,0.0,0.0
ES2004d,70,0.4627022345860799,0.25732844074567157,0.506786972284317,0.16591106603542963,0.09514582343399525,0.461814820766449,0.45294498403867084,0.42039333780606586,-60.3917117084554,59.785056892775295,-57.656950652031064,0.0,0.0
ES2004d,71,0.5561021665732065,0.26275527973969776,0.4956674675146739,0.10924566288789113,0.03413578619559606,0.48589343825976056,0.4449041287104289,0.37987346450487774,-65.98856860197806,59.48824496803187,-64.05794488868264,0.0,0.0
ES2004d,72,0.5997608304023743,0.4573652446269989,0.42399269342422485,0.16291275123755136,0.0910791705052058,0.4326198498408,0.4683503806591034,0.5944290161132812,-61.742034576906605,57.576227510257866,-62.716940503596454,0.0,0.0
ES2004d,73,0.5475031534830729,0.41128767530123395,0.5170251528422037,0.32425016661485034,0.18617011358340582,0.2053451438744863,0.45926056305567425,0.5295591155687968,-49.36057177734407,56.170377849071706,-52.843065054453014,0.0,0.0
ES2004d,74,0.5113301575183868,0.4081955949465434,0.3979598383108775,0.46412572264671326,0.4322356581687927,0.2075335035721461,0.4027394652366638,0.7209228873252869,-48.13355289357106,52.52320688641904,-52.41555945798917,0.0,0.0
ES2004d,75,0.47238777081171673,0.43456360697746277,0.438141405582428,0.47196197509765625,0.5072966615358988,0.4103352427482605,0.4772725800673167,0.6985043386618296,-50.34924160320677,52.1357404618476,-54.77230053702914,0.0,0.0
ES2004d,76,0.5571484267711639,0.4093200961748759,0.47362114985783893,0.40857280294100445,0.35157683367530507,0.23415248841047287,0.4548979898293813,0.4793730328480403,-28.867093290803826,26.149306071619502,-31.665800155002973,0.0,0.0
ES2004d,77,0.750617504119873,0.5506896873315176,0.32078038280208904,0.21905617167552313,0.05812586719791094,0.21472146113713583,0.482172429561615,0.3675188223520915,8.50093653745685,0.1894585057791159,6.226860837703996,0.0,0.0
ES2004d,78,0.6327130595842997,0.46209227045377094,0.2322025348742803,0.09259004642566045,0.04065288479129473,0.5783504446347555,0.3717779020468394,0.6356092492739359,10.726529931871104,15.574291937753783,11.984816458218582,0.0,0.0
ES2004d,79,0.6394416391849518,0.5044423639774323,0.27307842671871185,0.13089081893364587,0.04280791183312734,0.34806924561659497,0.4400191903114319,0.41009774804115295,2.602166703897782,0.19847333644803675,12.38264263113935,0.0,0.0
ES2004d,80,0.5590158104896545,0.37310107549031574,0.26756370067596436,0.12489480276902516,0.06418238580226898,0.5557810465494791,0.39620880285898846,0.03412101293603579,-4.106515355919242,-13.521425305356566,12.96658889040961,0.0,0.0
ES2004d,81,0.6156745751698812,0.32360755403836566,0.2718724509080251,0.08253565430641174,0.03574612488349279,0.3021116505066554,0.45942723751068115,0.15902825320760408,-3.0544960171148285,5.760974112173069,11.520931273936384,0.0,0.0
ES2004d,82,0.5314146876335144,0.3725180427233378,0.17161256074905396,0.11812974512577057,0.05349446460604668,0.3630606730779012,0.5039713084697723,0.09713776471714179,-2.9815581985822583,6.739692135724382,10.083506694802379,0.0,0.0
ES2004d,83,0.49187493324279785,0.31109769145647687,0.1763377239306768,0.11097933848698933,0.03988180123269558,0.4907420078913371,0.37458565831184387,0.028801202308386564,-2.3796930784326773,-8.481571264893525,7.189190097509235,0.0,0.0
ES2004d,84,0.46573135256767273,0.4166985750198364,0.38732781012852985,0.13138738771279654,0.05556522185603777,0.40265245238939923,0.34410935640335083,0.10830289497971535,-3.201916214288845,-25.056511510890655,5.556858155853823,0.0,0.0
ES2004d,85,0.5244170526663462,0.3809150755405426,0.37072446942329407,0.13424737254778543,0.045916495844721794,0.6113246083259583,0.4189840654532115,0.2433949944873651,0.8542972101901114,-21.404719673578782,4.984038795241578,0.0,0.0
ES2004d,86,0.5274126827716827,0.3662162125110626,0.34536704421043396,0.1037876084446907,0.04747858767708143,0.4581529249747594,0.4155505796273549,0.2642366662621498,0.9716419262871397,-6.869141824032158,4.559654702926962,0.0,0.0
ES2004d,87,0.6551708976427714,0.5124193926652273,0.22380312780539194,0.1417979598045349,0.0503347801665465,0.4793566515048345,0.44918129841486615,0.46401103648046654,0.7467621057492487,-8.858389568130283,5.274954946701572,0.0,0.0
ES2004d,88,0.5831665595372518,0.4124900996685028,0.2063444753487905,0.1161483700076739,0.03495056865115961,0.3348535696665446,0.47235779960950214,0.10356995649635792,0.6405905429349855,-4.051416803507803,9.13445695703584,0.0,0.0
ES2004d,89,0.6424993475278219,0.31509805222352344,0.4121200342973073,0.10920985788106918,0.026838168501853943,0.29208241403102875,0.4886014262835185,0.6022291680177053,8.265155154139281,11.206366333302256,10.746221349399043,0.0,0.0
ES2004d,90,0.6995972990989685,0.5118035475413004,0.26609668632348377,0.18449598054091135,0.11744038822750251,0.39371032019456226,0.5146888097127279,0.39013148347536725,-0.04401773336150564,13.89721016510362,-0.9141089790773632,0.0,0.0
ES2004d,91,0.5582367579142252,0.47624821464220685,0.31584855914115906,0.21334542085727057,0.09342241163055102,0.32156285146872204,0.5498860677083334,0.36247052252292633,-40.2684511943723,35.97083152114926,-42.95443731853927,0.0,0.0
ES2004d,92,0.5958189169565836,0.4627947509288788,0.38739583392937976,0.20590335875749588,0.10109566648801167,0.36703847845395404,0.5054635306199392,0.5946729828914007,-70.41950524169133,60.38883351005318,-70.2626203592366,0.0,0.0
ES2004d,93,0.4652060667673747,0.18696567912896475,0.36865446468194324,0.08484850078821182,0.02759020651380221,0.5030971566836039,0.37045760949452716,0.11592293468614419,-38.93465623403991,19.973183281342298,-32.096173673498946,0.0,0.0
ES2004d,94,0.4248221019903819,0.275390088558197,0.4010503391424815,0.0990203320980072,0.03589294385164976,0.48173409700393677,0.3671477735042572,0.009723435000826916,-35.623398649124574,5.998543911578641,-30.210453265884144,0.0,0.0
ES2004d,95,0.4305491844813029,0.22330133616924286,0.5865068336327871,0.2355844328800837,0.10928173363208771,0.5020495255788168,0.5165022512276968,0.10251294635236263,-63.271962749161126,60.53277350875066,-57.999190340158485,0.0,0.0
ES2004d,96,0.434552123149236,0.266732985774676,0.6613435943921407,0.21205168714125952,0.08805237306902806,0.21852606038252512,0.5842150449752808,0.030166362412273884,-70.25122314077716,59.648818525578974,-64.28624959315003,0.0,0.0
ES2004d,97,0.48719451824824017,0.317871555685997,0.46684300899505615,0.1426074206829071,0.052930666133761406,0.5049078861872355,0.5212713579336802,0.09152364792923133,-78.94144550794812,55.97969562132622,-75.98626520091419,0.0,0.0
ES2004d,98,0.5607098539670309,0.3855941891670227,0.6452859739462534,0.27011460810899734,0.1574801498403152,0.5317784746487936,0.4265500009059906,0.3331503869655232,-25.76717969083872,41.56184181491874,-38.73072935807596,0.0,0.0
ES2004d,99,0.4930953085422516,0.44115549325942993,0.4884467124938965,0.3898211121559143,0.23234528799851736,0.41087650259335834,0.4663187960783641,0.5627174377441406,8.220196989315884,32.394871702692676,-16.495763489387528,0.0,0.0
ES2004d,100,0.5226762096087137,0.39459266265233356,0.5274211963017782,0.3753347098827362,0.24539085725943247,0.36117323239644367,0.4470296601454417,0.20302467544873556,6.858063571145961,33.9573954498108,-18.788777728036624,0.0,0.0
ES2004d,101,0.5104120870431265,0.21096711357434592,0.29731516540050507,0.06453399856885274,0.01665283211817344,0.326911802093188,0.5695133805274963,0.3914570113023122,-2.8152695148982048,21.846682094129786,-1.2716688213404317,0.0,0.0
ES2004d,102,0.49309425552686054,0.225107471148173,0.2707749903202057,0.07418675223986308,0.015897545032203197,0.3412887255350749,0.5261529584725698,0.39757711191972095,-2.70222110210643,19.12030221716002,-3.05375781006353,0.0,0.0
ES2004d,103,0.6718537410100301,0.4869516392548879,0.32278376320997876,0.20600095391273499,0.07415881628791492,0.3668690323829651,0.40354329347610474,0.28710045913855237,-12.294091595340305,29.332732799069813,-20.479335155243792,0.0,0.0
ES2004d,104,0.6066244045893351,0.3351124127705892,0.5004590749740601,0.27178962032000226,0.154605895280838,0.4018159161011378,0.43995214502016705,0.1974471112092336,13.088223506098602,18.915085927237396,-5.615951367235563,0.0,0.0
ES2004d,105,0.6311394274234772,0.5273221731185913,0.456065038839976,0.2558980608979861,0.1496644796182712,0.4064046194156011,0.44470418492952984,0.1045621478309234,9.078810829365178,15.238544349257735,-4.486400616573904,0.0,0.0
ES2004d,106,0.6628485719362894,0.4037674268086751,0.3551694353421529,0.13273507604996362,0.03973307212193807,0.5245578438043594,0.5201285680135092,0.0900313916305701,3.6810993434787593,15.440019165275173,-6.010253870340139,0.0,0.0
ES2004d,107,0.5688307285308838,0.31082292397816974,0.48689135909080505,0.1273094341158867,0.04779464999834696,0.7146948377291361,0.5009696880976359,0.0687745747466882,2.8173129749749215,17.761925661210437,-6.780067567595012,0.0,0.0
ES2004d,108,0.6273812651634216,0.43837206562360126,0.3624097357193629,0.12396952013174693,0.03950777525703112,0.798963208993276,0.603385865688324,0.028176950756460428,-1.3775834125898836,17.078732140154035,-10.819763908504882,0.0,0.0
ES2004d,109,0.6650099555651346,0.36165256301561993,0.38693129022916156,0.16290393968423209,0.06370084111889203,0.4625324209531148,0.4482087890307109,0.1715170331299305,5.988754417694124,18.379512108928484,-5.102653571435929,0.0,0.0
ES2004d,110,0.5669037202994028,0.2798434644937515,0.37496991952260333,0.11964001506567001,0.03872673648099104,0.5887250900268555,0.3923998971780141,0.18091908221443495,5.3572823130453315,18.98602652384014,-1.0932029171718307,0.0,0.0
ES2004d,111,0.5783144434293112,0.3359151432911555,0.22414958973725638,0.10473032544056575,0.03346176569660505,0.5788092017173767,0.38321131467819214,0.21887459109226862,1.6522482318273741,17.411672414197998,-3.1580411719375436,0.0,0.0
ES2004d,112,0.4711250364780426,0.2766913225253423,0.3516397525866826,0.226876566807429,0.19971687719225883,0.5302465409040451,0.4783151149749756,0.3442276269197464,-12.43436022295076,34.967565003525564,-17.47674207576553,0.0,0.0
ES2004d,113,0.6108818054199219,0.43927230437596637,0.5367513398329417,0.14527999609708786,0.08741411194205284,0.608217845360438,0.4840315083662669,0.16823456436395645,-47.657166058047885,51.00360163483803,-50.834587636018455,0.0,0.0
ES2004d,114,0.4879190921783447,0.2012291525801023,0.4910071591536204,0.12965458631515503,0.06169879684845606,0.42670175433158875,0.5095774531364441,0.0779529504167537,-63.70052797779105,58.554046714045505,-58.84647120748963,0.0,0.0
ES2004d,115,0.46629037459691364,0.34103889266649884,0.6295433441797892,0.17592389384905496,0.076957522581021,0.4588598410288493,0.5603025058905283,0.20985064624498287,-66.24135202186714,58.98026702701722,-61.092653261110264,0.0,0.0
ES2004d,116,0.7098241647084554,0.39137489597002667,0.6507415175437927,0.1332799345254898,0.045524803921580315,0.4608474274476369,0.44702352086702984,0.3733723225692908,-70.7190726668594,60.06903586699412,-71.99977153121894,0.0,0.0
ES2004d,117,0.5384189883867899,0.5704188942909241,0.30511484543482464,0.42637304961681366,0.2770334432522456,0.3504454841216405,0.4137776990731557,0.763349841038386,-53.93510340045835,53.82900041435809,-57.78056331298033,0.0,0.0
ES2004d,118,0.6883213321367899,0.44979049762090045,0.4476845512787501,0.4866403639316559,0.4363722503185272,0.372027263045311,0.3876432478427887,0.8411145408948263,-13.208233428485846,24.353996282194373,-21.163095222941408,0.0,0.0
ES2004d,119,0.7022345264752706,0.2533933495481809,0.3193089962005615,0.6842154661814371,0.6670799851417542,0.2826036463181178,0.2399191011985143,0.992871880531311,9.177376707374632,12.103156224076185,1.520713618608369,0.0,0.0
ES2004d,120,0.697981615861257,0.3830834726492564,0.3585555950800578,0.6961475610733032,0.6645260254542033,0.2275524139404297,0.2518522044022878,0.9974976579348246,6.204284116180272,14.82850047686505,0.8023905574447632,0.0,0.0
ES2004d,121,0.6536746422449747,0.3881583015124003,0.4491252799828847,0.7822017272313436,0.6885989904403687,0.20207801088690758,0.2204350382089615,0.9837027986844381,7.850642312296865,11.781459069006928,-0.39227328210234863,0.0,0.0
ES2004d,122,0.6472585995992025,0.38351080814997357,0.4690387050310771,0.34796448548634845,0.33350643515586853,0.3960649569829305,0.3229510287443797,0.8344171444574991,14.303372965637578,15.158196989809118,-4.654973118017626,0.0,0.0
ES2004d,123,0.6220020254453024,0.41557419300079346,0.5888252307971319,0.42656885584195453,0.34517596165339154,0.5220700154701868,0.439201017220815,0.6861745119094849,14.869688061749907,20.584764035212714,-10.083968735800902,0.0,0.0
ES2004d,124,0.597820778687795,0.3718023399511973,0.4265648424625397,0.44877728819847107,0.44823243220647174,0.5138715306917826,0.3756773769855499,0.9747460087140402,11.382091937733314,15.00658237404709,-10.988417048759585,0.0,0.0
ES2004d,125,0.6052897274494171,0.3687293628851573,0.4239538908004761,0.5631103614966074,0.4728601376215617,0.3118591109911601,0.31962955991427106,0.7389562924702963,5.66809626202523,25.526702919510793,-13.963990520028242,0.0,0.0
ES2004d,126,0.5189623832702637,0.4243178864320119,0.5667890310287476,0.4932340184847514,0.4667842884858449,0.3672468562920888,0.3257722755273183,0.8235071500142416,3.860134474163013,30.181997029302526,-20.74357552059058,0.0,0.0
ES2004d,127,0.4518853425979614,0.3217526972293854,0.37320050597190857,0.4701799551645915,0.5678913990656534,0.6266411741574606,0.34494545062383014,0.8029501040776571,6.840762652845659,27.234997789762716,-20.307800831231926,0.0,0.0
ES2004d,128,0.5993917485078176,0.3971800406773885,0.4214881360530853,0.5758432944615682,0.6827900211016337,0.34479501843452454,0.2687321752309799,0.9907637635866801,7.696728160223899,18.046570965977043,-7.170332077432718,0.0,0.0
ES2004d,129,0.6200596690177917,0.42794759074846905,0.27319005131721497,0.5270509719848633,0.5863076746463776,0.3510166257619858,0.29795191685358685,0.9719957311948141,2.946518091145453,5.305760182665565,7.7577265753071565,0.0,0.0
ES2004d,130,0.5616753498713175,0.3039519190788269,0.21396415183941522,0.338022547463576,0.26063423107067746,0.3181769549846649,0.3875065843264262,0.7728201349576315,2.0694527184346825,11.62876856857173,8.070350708878454,0.0,0.0
ES2004d,131,0.5594098170598348,0.36425267656644184,0.1542646512389183,0.1314702183008194,0.10219068887333076,0.21035132308801016,0.3894282778104146,0.4274064625302951,1.6178233113059146,13.962026525932375,6.840708490071992,0.0,0.0
ES2004d,132,0.4759715100129445,0.30773164828618366,0.2969604978958766,0.15713516622781754,0.09392800430456798,0.3512955605983734,0.4243432680765788,0.509750097990036,-6.669458206593902,26.29623992250124,-3.4395631997106637,0.0,0.0
ES2004d,133,0.616409013668696,0.3030838817358017,0.3399966359138489,0.16584031532208124,0.07728595410784085,0.410934845606486,0.48170697689056396,0.32230107051630813,-17.9131462299547,46.94510025640861,-14.189750025050317,0.0,0.0
ES2004d,134,0.4591502249240875,0.3019152383009593,0.5991594990094503,0.2193403368194898,0.24698876465360323,0.5923089881738027,0.42926204204559326,0.36330476744721335,-22.669228704135588,59.258515181083546,-18.438200688498792,0.0,0.0
ES2004d,135,0.6020189523696899,0.3230380614598592,0.4313685844341914,0.16391876836617789,0.10250513752301534,0.39488496879736584,0.4557482699553172,0.3556670273343722,-15.505224785294018,59.2926854609777,-10.47184181025258,0.0,0.0
ES2004d,136,0.5238492886225382,0.33661864201227826,0.5532073775927225,0.2985396981239319,0.17360892395178476,0.3973208467165629,0.484174519777298,0.09448341280221939,-19.703372009697443,69.61338255981583,-14.790171963863344,0.0,0.0
ES2004d,137,0.538078228632609,0.37679409980773926,0.5894855459531149,0.3065001269181569,0.31697451137006283,0.6354728738466898,0.5320247014363607,0.3960670456290245,7.990155921262203,68.38970978415023,13.892759595947545,0.0,0.0
ES2004d,138,0.6022815704345703,0.544093906879425,0.45089229941368103,0.44370367129643756,0.42707303663094837,0.7927130460739136,0.6476362943649292,0.9839661121368408,64.68144186105756,72.71481683296615,69.03005213723077,0.0,0.0
ES2004d,139,0.6181749502817789,0.527673731247584,0.22558793673912683,0.37984871367613476,0.4422551989555359,0.4052444398403168,0.42957841356595355,0.7020111481348673,50.649738662556665,59.545159287200676,43.91731771166431,0.0,0.0
ES2004d,140,0.6024296681086222,0.48355504870414734,0.3263337016105652,0.3404653122027715,0.3942196766535441,0.3118673687179883,0.4620614250500997,0.825898696978887,7.08621681517027,52.80503010881328,-2.4123051713719192,0.0,0.0
ES2004d,141,0.6086981495221456,0.5129555463790894,0.6308521032333374,0.3142644812663396,0.16581287483374277,0.3161560595035553,0.4174507757027944,0.5418440500895182,-33.43720141754124,53.08486639210526,-43.51762325161436,0.0,0.0
ES2004d,142,0.588188370068868,0.395187904437383,0.5920283794403076,0.24626876413822174,0.11988258982698123,0.5223845342795054,0.423298845688502,0.7900764544804891,-54.50524863333442,57.06724558930454,-56.51927706068408,0.0,0.0
ES2004d,143,0.5780816475550333,0.45296962062517804,0.44221513470013935,0.27654313047726947,0.24599731961886087,0.500104546546936,0.5065105756123861,0.4600129922231038,-57.77615514723356,55.49867219783865,-59.38807561990672,0.0,0.0
ES2004d,144,0.639707605044047,0.4510224759578705,0.3376645843187968,0.14757521450519562,0.09623004496097565,0.6052293082078298,0.47433120012283325,0.5033694605032603,-61.24134376986334,56.8144049154547,-61.36795756788837,0.0,0.0
ES2004d,145,0.5635214845339457,0.2826659480730693,0.42789383232593536,0.23244007925192514,0.12086227163672447,0.48337336257100105,0.5004714628060659,0.9354894955952963,-56.0600931174226,60.38910833120102,-56.71402109690823,0.0,0.0
ES2004d,146,0.5101635356744131,0.4172608107328415,0.5558694501717886,0.48285876711209613,0.35078728199005127,0.5552952488263448,0.3881250222524007,0.6695578296979269,-27.048869480744713,50.19761966256155,-38.258016687539616,0.0,0.0
ES2004d,147,0.5116241574287415,0.33195576071739197,0.538134495417277,0.43624483545621234,0.24064934750398,0.41635701060295105,0.46070605516433716,0.37766843289136887,6.907931370546223,31.312736995890123,-19.407428281302654,0.0,0.0
ES2004d,148,0.49445374806722003,0.2767459601163864,0.5578571160634359,0.4045638144016266,0.17477226008971533,0.4203445414702098,0.43123448888460797,0.25125300884246826,12.336690468064992,27.328457130197904,-18.63645247163132,0.0,0.0
ES2004d,149,0.5595015188058218,0.2951950232187907,0.5174486835797628,0.27226292093594867,0.13649705424904823,0.5248178442319235,0.5413026909033457,0.13674545846879482,10.483894312886546,22.299810315548616,-16.137794619155375,0.0,0.0
ES2004d,150,0.6182913184165955,0.3415386875470479,0.5654486417770386,0.1760711967945099,0.05442895864446958,0.597519725561142,0.5908145109812418,0.028022533903519314,4.034441944589334,21.245721989689386,-15.931170675311344,0.0,0.0
ES2004d,151,0.6327952146530151,0.41703080137570697,0.5587257544199625,0.1686492164929708,0.05737614631652832,0.4208380381266276,0.57073974609375,0.040471697536607586,1.533771394714145,21.794632092553787,-16.11840094913323,0.0,0.0
ES2004d,152,0.6658530235290527,0.5618050495783488,0.3621070683002472,0.21560062964757284,0.07419410720467567,0.6179615954558054,0.5499852498372396,0.027034399720529716,1.4545208510940866,20.781122342858847,-16.925385857288873,0.0,0.0
ES2004d,153,0.6042261719703674,0.35202067097028095,0.45057110985120136,0.16823812325795492,0.05263796200354894,0.6155758301417033,0.5864055355389913,0.012469081518550714,1.206440680575047,20.71371304798925,-15.702631681818923,0.0,0.0
ES2004d,154,0.5554986596107483,0.3093027671178182,0.5055958529313406,0.1541330466667811,0.04445470745364825,0.5922048886617025,0.5630019108454386,0.017456561637421448,2.073369027619379,21.2050679750274,-14.338419170366294,0.0,0.0
ES2004d,155,0.5156261722246805,0.2588711579640706,0.5297249853610992,0.18897469341754913,0.058638591319322586,0.5953565140565237,0.5137311617533366,0.106491149092714,2.1078442510401816,22.389882232406023,-14.157134390258221,0.0,0.0
ES2004d,156,0.6037245194117228,0.3014470338821411,0.5344127118587494,0.17268192768096924,0.06646726777156194,0.5232663849989573,0.5290356675783793,0.07236013499399026,3.182631262800186,22.76136338224913,-13.501600651666463,0.0,0.0
ES2004d,157,0.5986965298652649,0.32582472264766693,0.46338924765586853,0.20852749049663544,0.06745813166101773,0.5469139218330383,0.4612087905406952,0.11708460872371991,3.5267449730835647,22.068391725860227,-12.459951113135752,0.0,0.0
ES2004d,158,0.6285443902015686,0.4180002212524414,0.4848828117052714,0.17923791209856668,0.04846517617503802,0.6409251987934113,0.4807610909144084,0.15139774605631828,4.222706498770925,10.355975508454,-8.271515255422228,0.0,0.0
ES2004d,159,0.6657913128534952,0.49627046783765155,0.41563576459884644,0.23254996538162231,0.13479278360803923,0.39680663744608563,0.5883636673291525,0.6109292258818945,1.8201884901252274,-8.274771962974599,-3.546517760973277,0.0,0.0
ES2004d,160,0.5364679992198944,0.36059144139289856,0.2593995730082194,0.08118908355633418,0.053432522962490715,0.2219136394560337,0.33262599507967633,0.7347197731335958,-20.66115291258311,-15.186199357505842,11.863001382185457,0.0,0.0
ES2004d,161,0.4451041320959727,0.21205354233582815,0.16405050456523895,0.15269980827967325,0.07722796499729156,0.5722219546635946,0.345904807249705,0.45931652188301086,-9.86186867855822,-21.79179072955139,-8.847322499623774,0.0,0.0
ES2004d,162,0.5332837899525961,0.32165013750394184,0.3584677626689275,0.16282556454340616,0.1266841267546018,0.4285360674063365,0.36927438775698346,0.5786776090972126,-2.4331167500108477,-25.221152585502598,-2.7324511956783524,0.0,0.0
ES2004d,163,0.6245934168497721,0.45770925283432007,0.36599450806776684,0.16407707085212073,0.0734908456603686,0.4902482330799103,0.423064003388087,0.7251936594645182,-2.1208365821192845,-23.64116035882488,0.8769249922060575,0.0,0.0
ES2004d,164,0.5786918799082438,0.3089143931865692,0.36790992319583893,0.16220377385616302,0.060954069097836815,0.5863240361213684,0.2971247633298238,0.630382064729929,-4.290886951863064,-14.35408596854577,0.03576393808032682,0.0,0.0
ES2004d,165,0.7056190570195516,0.6424289147059122,0.2665790567795436,0.1626385897397995,0.1210491880774498,0.38651032249132794,0.42348124583562213,0.8668652971585592,-1.204221165851487,-8.25170115374756,1.7054840828865123,0.0,0.0
ES2004d,166,0.5781557162602743,0.4362524449825287,0.20579022417465845,0.18588761240243912,0.21083176136016846,0.5337901711463928,0.3378761112689972,0.6101709449042877,-8.309617395294984,-14.739501703517485,5.221094383567657,0.0,0.0
ES2004d,167,0.6389088730017344,0.37554848194122314,0.3923985958099365,0.1604022035996119,0.09087414915362994,0.28725804885228473,0.4304198722044627,0.49313465257485706,-1.3243726079362441,8.04756559768257,-1.480987502694641,0.0,0.0
ES2004d,168,0.6225613156954447,0.36262646317481995,0.6597272555033366,0.44111833969751996,0.3060331741968791,0.5522220383087794,0.379234919945399,0.736082911491394,55.632676923005896,54.10606288665039,49.50305134525107,0.0,0.0
ES2004d,169,0.6356884241104126,0.5598193009694418,0.48157112797101337,0.3769419292608897,0.3793842891852061,0.5075379808743795,0.4478627343972524,0.937995711962382,104.06690223386278,62.89192719734715,107.45029722324831,0.0,0.0
ES2004d,170,0.7322366833686829,0.603778084119161,0.31967639923095703,0.34235212206840515,0.19398067394892374,0.49685625235239667,0.45266833901405334,0.9917728304862976,99.58782767405957,62.46520333103024,102.74850448370354,0.0,0.0
ES2004d,171,0.5848637620608012,0.48504701256752014,0.4114471177260081,0.24863342568278313,0.2177603809783856,0.3161203960577647,0.4525552988052368,0.6845198273658752,48.42020030017718,64.0991353440508,57.355742327025126,0.0,0.0
ES2004d,172,0.39151601990063983,0.2077090640862783,0.29681257406870526,0.0621587410569191,0.03132930832604567,0.3217361619075139,0.47730406125386554,0.2982430358727773,16.38360064097516,48.61047801782981,29.080654671460845,0.0,0.0
ES2004d,173,0.40908098220825195,0.22653654714425406,0.25003943343957263,0.056935047109921776,0.022501196712255478,0.20205549895763397,0.4860157072544098,0.16572892231245837,9.789547587325915,46.17690438975985,23.217742815278488,0.0,0.0
ES2004d,174,0.4644300738970439,0.30113594233989716,0.3717614362637202,0.14857076108455658,0.0737360039105018,0.41867874066034955,0.5165399809678396,0.10713956008354823,-25.587665715868066,54.64774429029245,-19.19379135959839,0.0,0.0
ES2004d,175,0.457980344692866,0.31029080351193744,0.5160214205582937,0.12719838817914328,0.03882623898486296,0.3304697275161743,0.48502157131830853,0.05532986577600241,-81.89918918927576,56.215895062279714,-79.13630870069302,0.0,0.0
ES2004d,176,0.3645636240641276,0.2805538574854533,0.5443004568417867,0.21284600098927817,0.11348379775881767,0.45811185240745544,0.6345775524775187,0.00705159284795324,-75.24362495046216,56.53068546220971,-70.38602175026973,0.0,0.0
ES2004d,177,0.3724496563275655,0.36037494738896686,0.6887631018956503,0.252102792263031,0.12288310627142589,0.6048643191655477,0.5741428732872009,0.10101187477509181,-70.55254910555611,54.64539720408043,-64.32969948688357,0.0,0.0
ES2004d,178,0.5033463140328726,0.3516070644060771,0.5758026341597239,0.16522901505231857,0.10754786059260368,0.5563511351744334,0.4782876471678416,0.23935280181467533,-71.088545464511,53.01379712233049,-67.09814028539655,0.0,0.0
ES2004d,179,0.5999072591463724,0.5862197081247965,0.4279003441333771,0.14714011053244272,0.09202080965042114,0.6227167348066965,0.5699904561042786,0.6353870729605356,-69.34064022426826,55.87718935459204,-70.98515123160087,0.0,0.0
ES2004d,180,0.6279497742652893,0.514538029829661,0.2683292602499326,0.174225444595019,0.08887160569429398,0.5703890025615692,0.46542300780614215,0.6796946128209432,-60.08136934856503,55.37248374778621,-62.079999870706445,0.0,0.0
ES2004d,181,0.6464968125025431,0.5033335288365682,0.5081828832626343,0.18116957942644754,0.08617358778913815,0.48422770698865253,0.4711065888404846,0.7106964786847433,-53.815852711355774,55.39694305817633,-57.44325444182983,0.0,0.0
ES2004d,182,0.6589942375818888,0.4980170925458272,0.40323539078235626,0.24982050557931265,0.25178523858388263,0.22033833960692087,0.4453313847382863,0.6154592235883077,-33.45940889613008,50.6658135171863,-42.1620574415251,0.0,0.0
ES2004d,183,0.5887788732846578,0.488765021165212,0.41198065876960754,0.2600543697675069,0.26075931390126544,0.5112948517004648,0.4603532950083415,0.27032847205797833,2.5715833190755344,34.265970347242266,-14.657662932965701,0.0,0.0
ES2004d,184,0.6677054166793823,0.600682278474172,0.36784300953149796,0.2847548226515452,0.27744243045647937,0.5842027962207794,0.43506800134976703,0.44221354524294537,24.032732244517803,47.80265324298353,14.103407819238656,0.0,0.0
ES2004d,185,0.626346210638682,0.5078667104244232,0.2698255529006322,0.3401905596256256,0.4436528980731964,0.4671594301859538,0.558716227610906,0.9773803551991781,68.81433603785378,72.81795977029269,71.44408451118655,0.0,0.0
ES2004d,186,0.6982665260632833,0.5255366762479147,0.3041468858718872,0.2995865046977997,0.2387360210220019,0.48197996616363525,0.4658194084962209,0.7484799027442932,31.369698474435776,45.707696810110924,25.314935811559835,0.0,0.0
ES2004d,187,0.6416722933451334,0.4117579162120819,0.5128158926963806,0.17098226149876913,0.0870303362607956,0.37543241182963055,0.40755537152290344,0.25227876007556915,-15.032536939265478,41.32867837666768,-22.669214431412527,0.0,0.0
ES2004d,188,0.6069182753562927,0.42560481031735736,0.5145996659994125,0.18283641835053763,0.07756800452868144,0.4434254268805186,0.43888112902641296,0.4160436789194743,-40.85554423040705,49.69848787562368,-41.95604211216449,0.0,0.0
ES2004d,189,0.44849908351898193,0.2232334166765213,0.5633933792511622,0.15883934001127878,0.057943357775608696,0.395975798368454,0.4777686794598897,0.14994842888942608,-59.407999384894076,56.62848618430201,-54.20536312322313,0.0,0.0
ES2004d,190,0.5256553192933401,0.29147306084632874,0.5129006206989288,0.14444938550392786,0.07276540187497933,0.2508685886859894,0.4819248418013255,0.4379471996508073,-60.90729656049717,54.49874639986421,-57.915809767052146,0.0,0.0
ES2004d,191,0.6774280865987142,0.37835702300071716,0.27705371876557666,0.218319500486056,0.12177426740527153,0.37903355558713275,0.47652246554692584,0.7200189928213755,-58.93794849977204,50.61949509633535,-62.12635120836097,0.0,0.0
ES2004d,192,0.6117652058601379,0.32319095730781555,0.42310209075609845,0.2789849092562993,0.2140442281961441,0.5775266885757446,0.46229039629300434,0.7155558665593466,-56.954427658676614,45.81655161012073,-61.11736399841752,0.0,0.0
ES2004d,193,0.615646501382192,0.47202643752098083,0.4555991093317668,0.18761835743983588,0.14225488404432932,0.6153704325358073,0.4715225597222646,0.6760028600692749,-57.070838474084404,45.80358468501905,-58.01841454429007,0.0,0.0
ES2004d,194,0.5382384856541952,0.38296498358249664,0.4887854556242625,0.3542596797148387,0.32483136157194775,0.4801688492298126,0.5458689332008362,0.6430073945472637,-31.19022111691368,41.1722197627602,-42.57971354308185,0.0,0.0
ES2004d,195,0.5250488817691803,0.4062824050585429,0.5003012617429098,0.1825991397102674,0.0939652503778537,0.40090714395046234,0.4970081051190694,0.03297347055437664,3.6449333507864012,-3.6859861638631113,-12.663147442170612,0.0,0.0
ES2004d,196,0.503872940937678,0.2706714669863383,0.296352356672287,0.08599281807740529,0.029802922780315082,0.41924846172332764,0.3908819556236267,0.04671102358649174,-1.6806852972787023,-10.203525155939948,-4.490959033458334,0.0,0.0
ES2004d,197,0.6238261461257935,0.41243581970532733,0.4596981033682823,0.2639747882882754,0.14045729860663414,0.4546404182910919,0.4448859393596649,0.16977944473425546,6.151499589872881,22.605970656118263,-9.233633208444488,0.0,0.0
ES2004d,198,0.5429006318251292,0.3710974156856537,0.4628763993581136,0.2605998491247495,0.20691513332227865,0.5591832995414734,0.4810733497142792,0.8661075234413147,-2.123655354729937,20.208058667394464,-9.20181090662801,0.0,0.0
ES2004d,199,0.637621154387792,0.4352373778820038,0.23748603959878287,0.13534544905026755,0.039050246588885784,0.2650380978981654,0.44643251101175946,0.39437301953633624,2.324230512327012,-0.7245160371111835,2.10277727990163,0.0,0.0
ES2004d,200,0.4938697914282481,0.3560974597930908,0.24307317038377127,0.09785957386096318,0.048658350482583046,0.47939692934354144,0.379900594552358,0.33302467068036395,2.106007483711903,-2.461239695196219,5.018006101374571,0.0,0.0
ES2004d,201,0.6167455514272054,0.37012142936388653,0.18619460860888162,0.0752248466014862,0.022672327235341072,0.44887397686640423,0.4811563789844513,0.22961019476254782,4.797427408546467,14.042763252940853,7.520239750479501,0.0,0.0
ES2004d,202,0.6173292001088461,0.4098690251509349,0.23981896042823792,0.08827247222264607,0.021497804050644238,0.5025313496589661,0.5572834213574728,0.19397957747181258,4.6946586391610605,10.68700526014382,6.4157921939502245,0.0,0.0
ES2004d,203,0.6694405674934387,0.421668420235316,0.39547287424405414,0.13813680658737817,0.05328379478305578,0.4291401008764903,0.5548648337523142,0.40660954887668294,4.943913237032264,1.4412506006813437,5.518859732927697,0.0,0.0
ES2004d,204,0.6405614912509918,0.49368230005105335,0.32175039251645404,0.10965534051259358,0.03202834166586399,0.47112005949020386,0.4367826581001282,0.589907760421435,0.9981286342083336,4.183948576248083,3.0399968319200537,0.0,0.0
ES2004d,205,0.6034980217615763,0.3464444577693939,0.3450786918401718,0.11568289995193481,0.03880384253958861,0.4611662228902181,0.3199520359436671,0.9244896372159322,5.9560195060712005,13.136776899982761,3.5765263560547975,0.0,0.0
ES2004d,206,0.6417242487271627,0.32246018449465436,0.30144216616948444,0.12242177873849869,0.05135870476563772,0.45774293939272565,0.34502239028612774,0.9580943981806437,7.690916765620551,15.696724764514647,4.367472942798712,0.0,0.0
ES2004d,207,0.7196061611175537,0.34409154454867047,0.3010503202676773,0.109244038661321,0.03605962793032328,0.4163470466931661,0.3548095424969991,0.819281816482544,5.08424607488812,13.173651884149335,2.36930343356613,0.0,0.0
ES2004d,208,0.7235582073529562,0.4210387667020162,0.2464227577050527,0.09265770266453426,0.038279855623841286,0.39034247895081836,0.4884366989135742,0.3258736977974574,4.199007495358834,7.09675147745708,2.648376796906555,0.0,0.0
ES2004d,209,0.7763595581054688,0.40955352783203125,0.2988935609658559,0.07553241153558095,0.020242201785246532,0.4553080101807912,0.6215965549151102,0.24998940527439117,3.1143653059730148,7.076740366444209,2.937648768052848,0.0,0.0
ES2004d,210,0.742980937163035,0.3976028362909953,0.19231536984443665,0.09156090021133423,0.022641852498054504,0.44434301058451336,0.6037003596623739,0.3855124016602834,2.644758367153524,5.0691984294581145,2.8950639724907288,0.0,0.0
ES2004d,211,0.7754712700843811,0.41221001744270325,0.20654440919558206,0.08009025702873866,0.019628991062442463,0.46495814124743146,0.5595649679501852,0.2016815816362699,2.6039571130717154,6.054838065189329,2.5234886152519613,0.0,0.0
ES2004d,212,0.6774619221687317,0.3660560796658198,0.29145753880341846,0.28265948593616486,0.24757305160164833,0.38856980204582214,0.43155793845653534,0.5622477183739344,9.47374246756287,6.411955744373874,2.1230966408731473,0.0,0.0
ES2004d,213,0.6819162170092264,0.4196874996026357,0.3861607164144516,0.6794739365577698,0.5874199469884237,0.27379781504472095,0.2293150673309962,0.9266276160875956,8.35527824775631,7.192361148306159,-2.8765927212225133,0.0,0.0
ES2004d,214,0.6587828596433004,0.32177220781644184,0.41198521852493286,0.5558557311693827,0.5231493214766184,0.4269329309463501,0.2678785373767217,0.9921231269836426,10.797708266241722,7.4011731038108834,-4.7295047992007975,0.0,0.0
ES2004d,215,0.7006618976593018,0.38859402139981586,0.38013842205206555,0.4566144049167633,0.4236990809440613,0.3633680244286855,0.29775240023930866,0.9812868436177572,3.089552456320048,15.46481633186812,-9.243173909119866,0.0,0.0
ES2004d,216,0.5815255443255106,0.2219178428252538,0.5344939629236857,0.08045269176363945,0.01961441182841857,0.318732351064682,0.5305793285369873,0.7966616451740265,-0.6615728276759686,22.103105986161864,-11.633964965657006,0.0,0.0
ES2004d,217,0.6188014149665833,0.37508565684159595,0.53501296043396,0.08520974094669025,0.027622049674391747,0.3646066089471181,0.5559009909629822,0.507243941227595,-10.910535953086779,8.009926937064444,-8.047852493769893,0.0,0.0
ES2004d,218,0.6281733910242716,0.4464770158131917,0.542254626750946,0.05257168784737587,0.020811753968397777,0.388767013947169,0.43783024946848553,0.40787269175052643,-26.87178212337351,-6.005903271140607,-8.184320884738845,0.0,0.0
ES2004d,219,0.682571013768514,0.35258978605270386,0.3610594570636749,0.11890001098314922,0.062052288403113685,0.26120565334955853,0.4666861792405446,0.5790989597638448,-6.77888153544808,15.622530584276044,-3.2714929225792564,0.0,0.0
ES2004d,220,0.6900790135065714,0.3720928778251012,0.3067483752965927,0.06514625996351242,0.03091136117776235,0.42841870586077374,0.4360109666983287,0.922963003317515,-1.0807047529486644,-4.44077502866772,-4.6636803165766,0.0,0.0
ES2004d,221,0.6889872948328654,0.43996964891751605,0.43541745096445084,0.07782578965028127,0.03559947572648525,0.575707217057546,0.46633098522822064,0.418685644865036,0.5485644513356641,-5.893294945472346,-7.87826470420741,0.0,0.0
ES2004d,222,0.7014386057853699,0.4648972749710083,0.32923610011736554,0.09358773628870647,0.032632545257608093,0.453088899453481,0.4480314354101817,0.848276416460673,4.7391270330653645,-2.688740992558532,-6.958582345447801,0.0,0.0
ES2004d,223,0.7248063286145529,0.4773409068584442,0.28322382767995197,0.12444504847129186,0.1380412777264913,0.38224490980307263,0.36097509662310284,0.9869963129361471,8.266835742072233,-2.381781385104676,-0.4559943155300042,0.0,0.0
ES2004d,224,0.6764063636461893,0.4386246899763743,0.3600403120120366,0.07961158081889153,0.041972110668818154,0.5292617082595825,0.3571456770102183,0.7603159447511038,6.6383651920429605,-8.68119857389992,-1.6637223891895783,0.0,0.0
ES2004d,225,0.7001068790753683,0.614185631275177,0.3428402245044708,0.07022690400481224,0.030453022569417953,0.5032778382301331,0.4408657451470693,0.6029922664165497,3.224760636704762,-2.601063269898414,0.5174995933070123,0.0,0.0
ES2004d,226,0.720244288444519,0.4979597330093384,0.2666698346535365,0.13595855236053467,0.04505201739569505,0.5210493902365366,0.4320749243100484,0.5040119184801976,-2.8112470836913466,-16.69842185193442,1.5974181637959477,0.0,0.0
ES2004d,227,0.6468890309333801,0.4212522506713867,0.3735298812389374,0.08325943599144618,0.027277606228987377,0.5520597100257874,0.46602605779965717,0.7316730320453644,-5.840754515600647,-25.74874860527413,2.851151158821006,0.0,0.0
ES2004d,228,0.8151388963063558,0.5668870210647583,0.41223983466625214,0.10662891219059627,0.03876964934170246,0.4450906713803609,0.4837259252866109,0.897860050201416,-4.424542111251314,15.846667338778667,0.6383481456339876,0.0,0.0
ES2004d,229,0.715786894162496,0.3832864960034688,0.25391719738642377,0.11847719798485438,0.04506824538111687,0.4947097996870677,0.5238820314407349,0.42331188047925633,-6.562498088894274,14.514262353567752,2.126345762245978,0.0,0.0
ES2004d,230,0.7744775414466858,0.3969259162743886,0.1969104210535685,0.13411802550156912,0.043691529581944145,0.4897494812806447,0.5403831601142883,0.9682573676109314,-6.133038073657846,7.417659224452123,-2.404175604829508,0.0,0.0
ES2004d,231,0.7802193959554037,0.3848334451516469,0.14862174292405447,0.11229273180166881,0.09520535295208295,0.3674109975496928,0.5018051664034525,0.9037498831748962,-1.2875505367726214,6.409654835737222,-2.072314489168779,0.0,0.0
ES2004d,232,0.7976152102152506,0.5304622451464335,0.27199092010656994,0.22917542854944864,0.12615720306833586,0.4731618066628774,0.4244315226872762,0.9868918657302856,4.672387897074394,5.444230089160494,0.1451493152612048,0.0,0.0
ES2004d,233,0.7184464732805887,0.48474876085917157,0.4343948761622111,0.11348911374807358,0.03394341406722864,0.40183647473653156,0.42546023925145465,0.6996818880240122,2.1519449460541327,2.7942532890902263,1.7158364805862687,0.0,0.0
ES2004d,234,0.7784824967384338,0.5982705950737,0.31275487939516705,0.11396928131580353,0.02633030650516351,0.4678962528705597,0.43483975529670715,0.7741117080052694,4.1666392095893015,16.253937823782962,3.374789725182365,0.0,0.0
ES2004d,235,0.7980753382047018,0.5671984155972799,0.48165105779965717,0.12160159399112065,0.03890714732309183,0.5947361787160238,0.46723709503809613,0.882574180761973,7.056231516936832,14.845607667680952,1.51796874387611,0.0,0.0
ES2004d,236,0.7949243783950806,0.6058002312978109,0.3636559744675954,0.08910213535030682,0.02869320660829544,0.5765169262886047,0.43113066752751666,0.6695829965174198,4.759261123738759,6.345534507160405,0.31402292522993563,0.0,0.0
ES2004d,237,0.6853681008021036,0.5379744668801626,0.2018915538986524,0.1577108403046926,0.06451193119088809,0.5092760523160299,0.3814972738424937,0.964735766251882,0.9166134951456777,-4.381579338890998,1.4687578949577098,0.0,0.0
ES2004d,238,0.7241535981496176,0.46144216259320575,0.28636501729488373,0.08538045858343442,0.03878388491769632,0.644857923189799,0.39645916223526,0.8305337230364481,2.3605512465360037,-10.240013874865639,1.8348187420338675,0.0,0.0
ES2004d,239,0.7977377772331238,0.6223137378692627,0.2408020148674647,0.11461504052082698,0.05054675042629242,0.5582176546255747,0.4680019021034241,0.757905493179957,2.836920268391527,5.05644244983102,1.8772135327621289,0.0,0.0
ES2004d,240,0.8068170348803202,0.5673006971677145,0.29489662249883014,0.1420185590783755,0.08108518583079179,0.4086245000362396,0.5002275705337524,0.7114227165778478,-4.498258265762771,9.563114032450526,-1.3333738869790475,0.0,0.0
ES2004d,241,0.7831365664800009,0.5154257913430532,0.27465714514255524,0.09365190317233403,0.04337788249055544,0.3949415683746338,0.41270984212557477,0.9863463441530863,-4.342880672275797,4.661700152220315,-2.643513965651067,0.0,0.0
ES2004d,242,0.6392465829849243,0.28557637830575305,0.2891717900832494,0.07078974073131879,0.028083942209680874,0.3423460125923157,0.42887574434280396,0.7527102132638296,-0.2191532822198088,-6.734072422403183,-5.869932851870541,0.0,0.0
ES2004d,243,0.5424678921699524,0.13682875782251358,0.4892740249633789,0.05907962222894033,0.040396520867943764,0.43150349458058673,0.38954121867815655,0.7609326541423798,5.027078649636436,-20.65454162784039,-12.369510622915817,0.0,0.0
ES2004d,244,0.5254091024398804,0.19910109539826712,0.3776919146378835,0.07138342037796974,0.051652747516830765,0.287264347076416,0.3409208456675212,0.7057921886444092,3.8184140965788003,-20.95982180998233,-11.513456836292567,0.0,0.0
ES2004d,245,0.5721391042073568,0.23018678526083627,0.370809147755305,0.06961477547883987,0.047201287001371384,0.3131224413712819,0.3745263417561849,0.7745709816614786,2.554771320804921,-21.23995518777456,-10.49724679110429,0.0,0.0
ES2004d,246,0.56816432873408,0.2332653949658076,0.42499773701032,0.06660931433240573,0.042097486555576324,0.4608226915200551,0.3613247772057851,0.575422465801239,3.490871836391568,-18.670057675917327,-8.513619970082242,0.0,0.0
ES2004d,247,0.5901001592477163,0.33114781975746155,0.4169263541698456,0.08375358209013939,0.04966678284108639,0.4588151276111603,0.4233599007129669,0.9374617139498392,3.430897284801342,-16.045176636477006,-8.419701585620741,0.0,0.0
ES2004d,248,0.5301855603853861,0.1677046368519465,0.5592840015888214,0.053182403246561684,0.02874588469664256,0.49004008372624713,0.4059031506379445,0.6025781213926772,4.120112617474956,-21.330857044532873,-10.181551856525518,0.0,0.0
ES2004d,249,0.6194170117378235,0.308772270878156,0.6157556573549906,0.09177899609009425,0.08701179052392642,0.5180131991704305,0.34901200731595355,0.9375371734301249,1.9889601773764245,-18.505775765684906,-5.63655131027518,0.0,0.0
ES2004d,250,0.5342315236727396,0.2116174747546514,0.5287127494812012,0.0627434824903806,0.036772857730587326,0.28961427013079327,0.470002144575119,0.61798315277944,2.759305643443239,-22.615973596601503,-9.85416438806336,0.0,0.0
ES2004d,251,0.6794412732124329,0.30336223542690277,0.4360169917345047,0.10807601859172185,0.03630510779718558,0.44883376359939575,0.39125511050224304,0.9032484491666158,7.5339484058050195,0.5236068709667858,-2.026732278141389,0.0,0.0
ES2004d,252,0.7912149826685587,0.4569331804911296,0.4613686501979828,0.13092290113369623,0.04880278122921785,0.4754275282224019,0.4467006325721741,0.8230452140172323,-0.7089672447438314,17.07213032736021,2.9683647785373437,0.0,0.0
ES2004d,253,0.6148873964945475,0.4037579596042633,0.44819005330403644,0.10781814654668172,0.04252610231439272,0.4425796866416931,0.44201024373372394,0.8948451280593872,4.457909156279627,5.084357313922362,0.6627219752351349,0.0,0.0
ES2004d,254,0.6767448981602987,0.45638443777958554,0.5409281402826309,0.09546303004026413,0.052082481483618416,0.31615587572256726,0.46039775013923645,0.4726664771636327,6.7804491010534695,-10.16067795745831,-5.339934410482809,0.0,0.0
ES2004d,255,0.5820838212966919,0.29539718230565387,0.4523565669854482,0.050511800994475685,0.04406986944377422,0.41677193840344745,0.35872894525527954,0.466527642061313,4.63353972952588,-21.496708277812115,-8.849053722547792,0.0,0.0
ES2004d,256,0.7278409401575724,0.36740095913410187,0.4285400410493215,0.08453940103451411,0.07107458574076493,0.4752296408017476,0.3132605254650116,0.9943046768506368,4.039090656369984,-9.910839048351848,-3.9383731344558743,0.0,0.0
ES2004d,257,0.7564019362131754,0.4226682384808858,0.40921799341837567,0.1379706213871638,0.05747169380386671,0.650723526875178,0.39867083231608075,0.9973225593566895,4.422272219453652,7.291494009449039,2.2832326225488253,0.0,0.0
ES2004d,258,0.7963270743687948,0.48162855704625446,0.3823278546333313,0.11122697591781616,0.025423154855767887,0.5705257256825765,0.40924912691116333,0.9887282649676005,5.553194720977165,12.14697701765023,4.043438786876087,0.0,0.0
ES2004d,259,0.7791492541631063,0.46381117900212604,0.44694072008132935,0.141775814195474,0.09322899176428716,0.5606986085573832,0.36541319886843365,0.9987712701161703,6.912046385334143,0.8629965895466688,2.330385752850136,0.0,0.0
ES2004d,260,0.7448999683062235,0.45230311155319214,0.3580655058224996,0.09279376765092213,0.047997238114476204,0.5293429295221964,0.44461366534233093,0.8821126222610474,7.227588422902902,0.6773329475211884,1.9294972042238807,0.0,0.0
ES2004d,261,0.8133799235026041,0.48704059918721515,0.31440765659014386,0.10105346888303757,0.025766067827741306,0.5911830067634583,0.4042788843313853,0.9885595043500265,3.605059604046034,12.166908554468892,4.725581346714698,0.0,0.0
ES2004d,262,0.7088362773259481,0.3789517829815547,0.2671942561864853,0.1037256121635437,0.04524176691969236,0.6058865686257681,0.4786827166875203,0.8462856610616049,2.1750533357690576,0.9144753008132914,1.4931480381721052,0.0,0.0
ES2004d,263,0.6860517462094625,0.5414121051629385,0.28689609964688617,0.07455598811308543,0.03840138763189316,0.508331686258316,0.35626912117004395,0.968212902545929,5.840734084651412,-5.284701042581634,1.113855034517607,0.0,0.0
ES2004d,264,0.8054373065630595,0.7217718362808228,0.22425517439842224,0.07217675944169362,0.030750233680009842,0.6413647731145223,0.4230867226918538,0.9421314795811971,5.77064803127363,0.34996438802037827,3.3664408366002725,0.0,0.0
ES2004d,265,0.8135316371917725,0.5837929546833038,0.3277172197898229,0.1104510227839152,0.05689052368203799,0.4972608784834544,0.3871590793132782,0.8639022906621298,5.6647065987980305,0.4876528088234293,1.7065760209422607,0.0,0.0
ES2004d,266,0.8074561556180319,0.4643404980500539,0.20791716873645782,0.10926427443822224,0.041690668712059654,0.5615904629230499,0.47723602255185443,0.6949694454669952,-2.722786828781782,3.8648211234709193,-3.9179181561094283,0.0,0.0
ES2004d,267,0.6307655175526937,0.44670915603637695,0.40025949478149414,0.06686459109187126,0.04394471521178881,0.521072655916214,0.3679060737291972,0.9331095218658447,-0.4706446813934053,-9.744463081926247,-6.289767966188312,0.0,0.0
ES2004d,268,0.7508916258811951,0.4443827172120412,0.25947574774424237,0.06726094583670299,0.03598439693450928,0.516272097826004,0.41650937000910443,0.9534940918286642,0.5732432726632991,-12.412311576116828,-5.484008756953419,0.0,0.0
ES2004d,269,0.5259615182876587,0.32761313517888385,0.4973300298055013,0.07017713785171509,0.038254208862781525,0.4022093017896016,0.3741137683391571,0.9514463543891907,3.7725894805693745,-29.759248453926403,-10.660459015881719,0.0,0.0
ES2004d,270,0.6143935521443685,0.34529897570610046,0.3294807622830073,0.09303803617755572,0.04776212014257908,0.4733402629693349,0.3972502450148265,0.767498234907786,5.404890293064213,-17.71752065009998,-8.12777756238814,0.0,0.0
ES2004d,271,0.7936969002087911,0.6060224970181783,0.18749735752741495,0.1579073965549469,0.06280926739176114,0.505006750424703,0.4836578567822774,0.9117530584335327,-0.9137418306567308,6.49952556968215,-2.4860569733758444,0.0,0.0
ES2004d,272,0.7068215608596802,0.36100155115127563,0.2905309200286865,0.12227074056863785,0.07220265703896682,0.5597383677959442,0.42427685856819153,0.9768473704655966,-0.48722905674663125,-5.7447151247309405,-4.149488623156222,0.0,0.0
ES2004d,273,0.5972742239634196,0.28098789354165393,0.39314807454744977,0.06336997325221698,0.037826780850688614,0.535002996524175,0.42711347341537476,0.8690234224001566,2.9525119249596634,-15.982436765581411,-8.51978347772246,0.0,0.0
ES2004d,274,0.5059179266293844,0.17463802794615427,0.5294652382532755,0.07359315703312556,0.0609742688635985,0.42171066999435425,0.3830585877100627,0.7172662019729614,3.47843654144012,-23.605997827594024,-9.153899267975007,0.0,0.0
ES2004d,275,0.5620708465576172,0.259183590610822,0.5254236062367758,0.06833273296554883,0.03872358426451683,0.3883747160434723,0.3527018924554189,0.6468604989349842,3.233557844966453,-18.89332438660785,-7.584084879682528,0.0,0.0
ES2004d,276,0.5913757880528768,0.241757333278656,0.476990540822347,0.0815449630220731,0.06253956879178683,0.3803415248791377,0.3428428918123245,0.7875683903694153,3.6917597694943134,-14.5376710482484,-6.960004705722846,0.0,0.0
ES2004d,277,0.594851036866506,0.24649272114038467,0.448895384867986,0.07094412545363109,0.03395531512796879,0.46866558988889057,0.3386094272136688,0.9716933170954386,1.853451882332271,-14.076397065925908,-9.335439270750319,0.0,0.0
ES2004d,278,0.45308377345403034,0.2071590224901835,0.4503583312034607,0.11094509561856587,0.0597067524989446,0.34398690859476727,0.4143837094306946,0.9509222706158956,16.80873747979609,-39.37438711468868,-26.19855012229385,0.0,0.0
ES2004d,279,0.6126671632130941,0.3146957854429881,0.5445972084999084,0.1334198589126269,0.08273754517237346,0.403075709939003,0.33724982539812726,0.983865479628245,10.66961435372088,-28.42229061217922,-12.664528742647962,0.0,0.0
ES2004d,280,0.5863065719604492,0.17686050881942114,0.4392550786336263,0.09013400847713153,0.06533567483226459,0.42096250255902606,0.44466416041056317,0.7017946839332581,9.218751626727919,-24.714300192153974,-11.285568942170862,0.0,0.0
ES2004d,281,0.7156775792439779,0.4797382230559985,0.40685129165649414,0.05468633770942688,0.0336792649080356,0.5412739515304565,0.4109738866488139,0.8777003685633341,1.8273604228704252,-8.115170917716105,-8.822892568543134,0.0,0.0
ES2004d,282,0.7812138597170512,0.5944662491480509,0.34905075033505756,0.10677586868405342,0.03541423752903938,0.5885279377301534,0.46724656224250793,0.46647560099760693,-3.81911604822089,6.765627704143507,-4.431393098306642,0.0,0.0
ES2004d,283,0.7179102102915446,0.5228399137655894,0.4034273748596509,0.10813691715399425,0.03718562424182892,0.5132210950056711,0.4146275818347931,0.6996642450491587,2.369001237819945,1.2425712733352665,-1.9173147669046111,0.0,0.0
ES2004d,284,0.671944816907247,0.4471447865168254,0.567770928144455,0.12353599940737088,0.11176627439757188,0.4345008134841919,0.33478429913520813,0.9013281265894572,6.429548004667151,-15.01812668089031,-8.999635311630154,0.0,0.0
ES2004d,285,0.6459499001502991,0.29923003911972046,0.5296798149744669,0.05677518993616104,0.05335044674575329,0.3855651219685872,0.3618811219930649,0.8292266130447388,8.932834911204559,-17.210948190915012,-12.053496066354533,0.0,0.0
ES2004d,286,0.757009744644165,0.5481519897778829,0.3668256451686223,0.08303068702419598,0.035808359583218895,0.5837647666533788,0.37190664807955426,0.9350043733914694,7.648492491371388,-5.4363949756092635,-5.508432095774615,0.0,0.0
ES2004d,287,0.7023870944976807,0.5390910307566324,0.2302294448018074,0.0638538400332133,0.02636677461365859,0.41861002643903095,0.4377390642960866,0.550200010339419,3.269575179496094,-4.296048539199147,-0.7337803372687549,0.0,0.0
ES2004d,288,0.7698751290639242,0.4889943102995555,0.5090561211109161,0.07388574133316676,0.04200819879770279,0.5414100289344788,0.3892633219559987,0.8849473198254904,-4.104131690349871,-9.255851060974162,-1.1537770935313105,0.0,0.0
ES2004d,289,0.6550010442733765,0.4514910529057185,0.23479932794968286,0.08455375085274379,0.10384495618442695,0.4769299527009328,0.4446754256884257,0.7318906982739767,-7.436074943549809,-25.90156140313378,2.6335451320813945,0.0,0.0
ES2004d,290,0.14297160506248474,0.13662606477737427,0.1627341111501058,0.11592630545298259,0.12205771605173747,0.07404406865437825,0.1359211802482605,0.16971856355667114,-11.16575490934161,-24.05978201204198,10.712574648706697,0.0,0.0
ES2004d,291,0.0,0.0,0.0,0.0,0.0,0.0,0.0,0.0,0.0,0.0,0.0,0.0,0.0
ES2004d,292,0.0,0.0,0.0,0.0,0.0,0.0,0.0,0.0,0.0,0.0,0.0,0.0,0.0
ES2004d,293,0.0,0.0,0.0,0.0,0.0,0.0,0.0,0.0,0.0,0.0,0.0,0.0,0.0
ES2004d,294,0.0,0.0,0.0,0.0,0.0,0.0,0.0,0.0,0.0,0.0,0.0,0.0,0.0
ES2004d,295,0.0,0.0,0.0,0.0,0.0,0.0,0.0,0.0,0.0,0.0,0.0,0.0,0.0
ES2004d,296,0.0,0.0,0.0,0.0,0.0,0.0,0.0,0.0,0.0,0.0,0.0,0.0,0.0
ES2004d,297,0.0,0.0,0.0,0.0,0.0,0.0,0.0,0.0,0.0,0.0,0.0,0.0,0.0
ES2004d,298,0.0,0.0,0.0,0.0,0.0,0.0,0.0,0.0,0.0,0.0,0.0,0.0,0.0
ES2004d,299,0.0,0.0,0.0,0.0,0.0,0.0,0.0,0.0,0.0,0.0,0.0,0.0,0.0
ES2004d,300,0.0,0.0,0.0,0.0,0.0,0.0,0.0,0.0,0.0,0.0,0.0,0.0,0.0
ES2004d,301,0.0,0.0,0.0,0.0,0.0,0.0,0.0,0.0,0.0,0.0,0.0,0.0,0.0
ES2004d,302,0.0,0.0,0.0,0.0,0.0,0.0,0.0,0.0,0.0,0.0,0.0,0.0,0.0
ES2004d,303,0.0,0.0,0.0,0.0,0.0,0.0,0.0,0.0,0.0,0.0,0.0,0.0,0.0
ES2004d,304,0.0,0.0,0.0,0.0,0.0,0.0,0.0,0.0,0.0,0.0,0.0,0.0,0.0
ES2004d,305,0.0,0.0,0.0,0.0,0.0,0.0,0.0,0.0,0.0,0.0,0.0,0.0,0.0
ES2004d,306,0.0,0.0,0.0,0.0,0.0,0.0,0.0,0.0,0.0,0.0,0.0,0.0,0.0
ES2004d,307,0.0,0.0,0.0,0.0,0.0,0.0,0.0,0.0,0.0,0.0,0.0,0.0,0.0
ES2004d,308,0.0,0.0,0.0,0.0,0.0,0.0,0.0,0.0,0.0,0.0,0.0,0.0,0.0
ES2004d,309,0.0,0.0,0.0,0.0,0.0,0.0,0.0,0.0,0.0,0.0,0.0,0.0,0.0
ES2004d,310,0.0,0.0,0.0,0.0,0.0,0.0,0.0,0.0,0.0,0.0,0.0,0.0,0.0
ES2004d,311,0.0,0.0,0.0,0.0,0.0,0.0,0.0,0.0,0.0,0.0,0.0,0.0,0.0
ES2004d,312,0.0,0.0,0.0,0.0,0.0,0.0,0.0,0.0,0.0,0.0,0.0,0.0,0.0
ES2004d,313,0.0,0.0,0.0,0.0,0.0,0.0,0.0,0.0,0.0,0.0,0.0,0.0,0.0
ES2004d,314,0.0,0.0,0.0,0.0,0.0,0.0,0.0,0.0,0.0,0.0,0.0,0.0,0.0
ES2004d,315,0.0,0.0,0.0,0.0,0.0,0.0,0.0,0.0,0.0,0.0,0.0,0.0,0.0
ES2004d,316,0.0,0.0,0.0,0.0,0.0,0.0,0.0,0.0,0.0,0.0,0.0,0.0,0.0
ES2004d,317,0.0,0.0,0.0,0.0,0.0,0.0,0.0,0.0,0.0,0.0,0.0,0.0,0.0
ES2004d,318,0.0,0.0,0.0,0.0,0.0,0.0,0.0,0.0,0.0,0.0,0.0,0.0,0.0
ES2004d,319,0.0,0.0,0.0,0.0,0.0,0.0,0.0,0.0,0.0,0.0,0.0,0.0,0.0
ES2004d,320,0.0,0.0,0.0,0.0,0.0,0.0,0.0,0.0,0.0,0.0,0.0,0.0,0.0
ES2004d,321,0.0,0.0,0.0,0.0,0.0,0.0,0.0,0.0,0.0,0.0,0.0,0.0,0.0
ES2004d,322,0.0,0.0,0.0,0.0,0.0,0.0,0.0,0.0,0.0,0.0,0.0,0.0,0.0
ES2004d,323,0.6731806000073751,0.4260959227879842,0.5044784943262736,0.14181490242481232,0.13258251547813416,0.3801070998112361,0.48543495933214825,0.3807510236899058,10.789734568998993,37.704583763555334,4.952445862183613,0.0,0.0
ES2004d,324,0.6729294657707214,0.40433961153030396,0.4072433610757192,0.15377814074357352,0.12736129015684128,0.3607643445332845,0.45306379596392315,0.16075675189495087,10.08767031645879,38.22437450871434,4.977054802146852,0.0,0.0
ES2004d,325,0.6558808088302612,0.42806286613146466,0.449290931224823,0.155533899863561,0.13194401065508524,0.2438014249006907,0.4964243471622467,0.22525403400262198,10.42694132656023,38.34384009943199,4.025100883866185,0.0,0.0
ES2004d,326,0.6514004071553549,0.4164661665757497,0.5360455910364786,0.14237562815348306,0.08334446574250857,0.201153631011645,0.4759104748566945,0.15322303026914597,9.530430034385782,36.834270405450845,2.660316364750468,0.0,0.0
ES2004d,327,0.0,0.0,0.0,0.0,0.0,0.0,0.0,0.0,0.0,0.0,0.0,0.0,0.0
ES2004d,328,0.0,0.0,0.0,0.0,0.0,0.0,0.0,0.0,0.0,0.0,0.0,0.0,0.0
ES2004d,329,0.0,0.0,0.0,0.0,0.0,0.0,0.0,0.0,0.0,0.0,0.0,0.0,0.0
ES2004d,330,0.0,0.0,0.0,0.0,0.0,0.0,0.0,0.0,0.0,0.0,0.0,0.0,0.0
ES2004d,331,0.0,0.0,0.0,0.0,0.0,0.0,0.0,0.0,0.0,0.0,0.0,0.0,0.0
ES2004d,332,0.0,0.0,0.0,0.0,0.0,0.0,0.0,0.0,0.0,0.0,0.0,0.0,0.0
ES2004d,333,0.0,0.0,0.0,0.0,0.0,0.0,0.0,0.0,0.0,0.0,0.0,0.0,0.0
ES2004d,334,0.0,0.0,0.0,0.0,0.0,0.0,0.0,0.0,0.0,0.0,0.0,0.0,0.0
ES2004d,335,0.0,0.0,0.0,0.0,0.0,0.0,0.0,0.0,0.0,0.0,0.0,0.0,0.0
ES2004d,336,0.0,0.0,0.0,0.0,0.0,0.0,0.0,0.0,0.0,0.0,0.0,0.0,0.0
ES2004d,337,0.0,0.0,0.0,0.0,0.0,0.0,0.0,0.0,0.0,0.0,0.0,0.0,0.0
ES2004d,338,0.0,0.0,0.0,0.0,0.0,0.0,0.0,0.0,0.0,0.0,0.0,0.0,0.0
ES2004d,339,0.0,0.0,0.0,0.0,0.0,0.0,0.0,0.0,0.0,0.0,0.0,0.0,0.0
ES2004d,340,0.0,0.0,0.0,0.0,0.0,0.0,0.0,0.0,0.0,0.0,0.0,0.0,0.0
ES2004d,341,0.0,0.0,0.0,0.0,0.0,0.0,0.0,0.0,0.0,0.0,0.0,0.0,0.0
ES2004d,342,0.7495478987693787,0.5019042491912842,0.5272006293137869,0.22352819641431174,0.1758574495712916,0.6290020942687988,0.5278108616669973,0.5097824335098267,-4.819471884371947,32.68082872744259,-9.177422976070368,0.0,0.0
ES2004d,343,0.7620943586031595,0.4604288836320241,0.5421122014522552,0.23193813363711038,0.1698222060998281,0.3977707028388977,0.5458126862843832,0.44288356105486554,-5.2457168500646505,32.61349444266552,-9.80514795468106,0.0,0.0
ES2004d,344,0.36653093496958417,0.2617823580900828,0.26212643335262936,0.11935504029194514,0.0747959812482198,0.1689979632695516,0.3659769097963969,0.48843435446421307,-2.960629158575624,-18.242160193622077,4.437928718719254,0.0,0.0
ES2004d,345,0.38167862097422284,0.24073587854703268,0.1679455041885376,0.08722190310557683,0.03430384024977684,0.1507925639549891,0.2529071867465973,0.6318267782529196,-6.789680713505585,-13.284704001152624,13.65614242014973,0.0,0.0
ES2004d,346,0.6181623737017313,0.3357487618923187,0.2903396685918172,0.12271019319693248,0.08117698629697163,0.3475598792235057,0.40074631571769714,0.9195554057757059,-5.233927606004836,-4.560154537340137,14.369827895555703,0.0,0.0
ES2004d,347,0.5599305431048075,0.3437725802262624,0.28867021203041077,0.12484525640805562,0.07305753231048584,0.2609079380830129,0.3947781026363373,0.9759905735651652,-7.374498606920153,-1.969762131008295,17.237277542305804,0.0,0.0
ES2004d,348,0.5084942281246185,0.3779606322447459,0.266484002272288,0.17778714001178741,0.1466965675354004,0.19342990716298422,0.41017812490463257,0.9808675845464071,-6.144754289387595,-2.2490577256568822,17.523070397132905,0.0,0.0
ES2004d,349,0.0,0.0,0.0,0.0,0.0,0.0,0.0,0.0,0.0,0.0,0.0,0.0,0.0
ES2004d,350,0.0,0.0,0.0,0.0,0.0,0.0,0.0,0.0,0.0,0.0,0.0,0.0,0.0
ES2004d,351,0.0,0.0,0.0,0.0,0.0,0.0,0.0,0.0,0.0,0.0,0.0,0.0,0.0
ES2004d,352,0.0,0.0,0.0,0.0,0.0,0.0,0.0,0.0,0.0,0.0,0.0,0.0,0.0
ES2004d,353,0.0,0.0,0.0,0.0,0.0,0.0,0.0,0.0,0.0,0.0,0.0,0.0,0.0
ES2004d,354,0.0,0.0,0.0,0.0,0.0,0.0,0.0,0.0,0.0,0.0,0.0,0.0,0.0
ES2004d,355,0.0,0.0,0.0,0.0,0.0,0.0,0.0,0.0,0.0,0.0,0.0,0.0,0.0
ES2004d,356,0.0,0.0,0.0,0.0,0.0,0.0,0.0,0.0,0.0,0.0,0.0,0.0,0.0
ES2004d,357,0.0,0.0,0.0,0.0,0.0,0.0,0.0,0.0,0.0,0.0,0.0,0.0,0.0
ES2004d,358,0.0,0.0,0.0,0.0,0.0,0.0,0.0,0.0,0.0,0.0,0.0,0.0,0.0
ES2004d,359,0.0,0.0,0.0,0.0,0.0,0.0,0.0,0.0,0.0,0.0,0.0,0.0,0.0
ES2004d,360,0.0,0.0,0.0,0.0,0.0,0.0,0.0,0.0,0.0,0.0,0.0,0.0,0.0
ES2004d,361,0.0,0.0,0.0,0.0,0.0,0.0,0.0,0.0,0.0,0.0,0.0,0.0,0.0
ES2004d,362,0.0,0.0,0.0,0.0,0.0,0.0,0.0,0.0,0.0,0.0,0.0,0.0,0.0
ES2004d,363,0.0,0.0,0.0,0.0,0.0,0.0,0.0,0.0,0.0,0.0,0.0,0.0,0.0
ES2004d,364,0.0,0.0,0.0,0.0,0.0,0.0,0.0,0.0,0.0,0.0,0.0,0.0,0.0
ES2004d,365,0.0,0.0,0.0,0.0,0.0,0.0,0.0,0.0,0.0,0.0,0.0,0.0,0.0
ES2004d,366,0.0,0.0,0.0,0.0,0.0,0.0,0.0,0.0,0.0,0.0,0.0,0.0,0.0
ES2004d,367,0.0,0.0,0.0,0.0,0.0,0.0,0.0,0.0,0.0,0.0,0.0,0.0,0.0
ES2004d,368,0.0,0.0,0.0,0.0,0.0,0.0,0.0,0.0,0.0,0.0,0.0,0.0,0.0
ES2004d,369,0.0,0.0,0.0,0.0,0.0,0.0,0.0,0.0,0.0,0.0,0.0,0.0,0.0
ES2004d,370,0.4817143380641937,0.1634658525387446,0.26776541769504547,0.06435309226314227,0.013552797958254814,0.39878610769907635,0.5410204231739044,0.3235710213581721,-7.9886309507192985,18.557291702050623,-6.9225894789448645,0.0,0.0
ES2004d,371,0.5257026751836141,0.14207046727339426,0.19320439298947653,0.0611248550315698,0.012262977659702301,0.33578142523765564,0.4459659655888875,0.768981953461965,-1.8980512662594684,19.277538116968696,-8.167029281652518,0.0,0.0
ES2004d,372,0.0,0.0,0.0,0.0,0.0,0.0,0.0,0.0,0.0,0.0,0.0,0.0,0.0
ES2004d,373,0.0,0.0,0.0,0.0,0.0,0.0,0.0,0.0,0.0,0.0,0.0,0.0,0.0
ES2004d,374,0.0,0.0,0.0,0.0,0.0,0.0,0.0,0.0,0.0,0.0,0.0,0.0,0.0
ES2004d,375,0.0,0.0,0.0,0.0,0.0,0.0,0.0,0.0,0.0,0.0,0.0,0.0,0.0
ES2004d,376,0.0,0.0,0.0,0.0,0.0,0.0,0.0,0.0,0.0,0.0,0.0,0.0,0.0
ES2004d,377,0.0,0.0,0.0,0.0,0.0,0.0,0.0,0.0,0.0,0.0,0.0,0.0,0.0
ES2004d,378,0.0,0.0,0.0,0.0,0.0,0.0,0.0,0.0,0.0,0.0,0.0,0.0,0.0
ES2004d,379,0.0,0.0,0.0,0.0,0.0,0.0,0.0,0.0,0.0,0.0,0.0,0.0,0.0
ES2004d,380,0.0,0.0,0.0,0.0,0.0,0.0,0.0,0.0,0.0,0.0,0.0,0.0,0.0
ES2004d,381,0.0,0.0,0.0,0.0,0.0,0.0,0.0,0.0,0.0,0.0,0.0,0.0,0.0
ES2004d,382,0.0,0.0,0.0,0.0,0.0,0.0,0.0,0.0,0.0,0.0,0.0,0.0,0.0
ES2004d,383,0.0,0.0,0.0,0.0,0.0,0.0,0.0,0.0,0.0,0.0,0.0,0.0,0.0
ES2004d,384,0.0,0.0,0.0,0.0,0.0,0.0,0.0,0.0,0.0,0.0,0.0,0.0,0.0
ES2004d,385,0.0,0.0,0.0,0.0,0.0,0.0,0.0,0.0,0.0,0.0,0.0,0.0,0.0
ES2004d,386,0.0,0.0,0.0,0.0,0.0,0.0,0.0,0.0,0.0,0.0,0.0,0.0,0.0
ES2004d,387,0.0,0.0,0.0,0.0,0.0,0.0,0.0,0.0,0.0,0.0,0.0,0.0,0.0
ES2004d,388,0.0,0.0,0.0,0.0,0.0,0.0,0.0,0.0,0.0,0.0,0.0,0.0,0.0
ES2004d,389,0.0,0.0,0.0,0.0,0.0,0.0,0.0,0.0,0.0,0.0,0.0,0.0,0.0
ES2004d,390,0.0,0.0,0.0,0.0,0.0,0.0,0.0,0.0,0.0,0.0,0.0,0.0,0.0
ES2004d,391,0.0,0.0,0.0,0.0,0.0,0.0,0.0,0.0,0.0,0.0,0.0,0.0,0.0
ES2004d,392,0.0,0.0,0.0,0.0,0.0,0.0,0.0,0.0,0.0,0.0,0.0,0.0,0.0
ES2004d,393,0.0,0.0,0.0,0.0,0.0,0.0,0.0,0.0,0.0,0.0,0.0,0.0,0.0
ES2004d,394,0.7038518190383911,0.4690171976884206,0.25953077524900436,0.11186003188292186,0.04091785165170828,0.2713606382409732,0.488757203022639,0.22292327384154,5.0381486666740045,19.57229027093868,3.6320053230218328,0.0,0.0
ES2004d,395,0.5720972418785095,0.33975987633069354,0.30816200872262317,0.13187082360188165,0.07718704640865326,0.6307019392649332,0.4036661187807719,0.5028806130091349,6.3500147787375445,21.454108103670645,3.0956747103010795,0.0,0.0
ES2004d,396,0.7180990974108378,0.5560689071814219,0.44162272413571674,0.16864843666553497,0.21420869727929434,0.5684304436047872,0.5342150926589966,0.5767131845156351,13.278784059350505,30.765280316098785,1.4719400082392085,0.0,0.0
ES2004d,397,0.6782664855321249,0.498373677333196,0.482880304257075,0.16553748150666556,0.14780846486488977,0.3189391891161601,0.5087362229824066,0.07940918703873952,11.940701867723803,34.7496310287329,-0.23215297638960206,0.0,0.0
ES2004d,398,0.6550003886222839,0.3818843364715576,0.49293820063273114,0.13693109651406607,0.10557407761613528,0.31712040305137634,0.4935525258382161,0.0817843774954478,10.249326595639165,33.88274433908559,1.5270895016510622,0.0,0.0
ES2004d,399,0.6075195868810018,0.3663496176401774,0.44483381509780884,0.12509134163459143,0.08105473468701045,0.5833733280499777,0.46679195761680603,0.21287528177102408,8.32185451467309,32.784604606733474,2.2500289721262745,0.0,0.0
ES2004d,400,0.6021895805994669,0.3547911246617635,0.3050977985064189,0.10167522976795833,0.04260023683309555,0.37192214528719586,0.4150451918443044,0.4537357936302821,6.461454370114659,34.1840910602265,1.8636197369590157,0.0,0.0
ES2004d,401,0.6092191934585571,0.31894831856091815,0.3750154972076416,0.10860729465881984,0.05154985189437866,0.2918345679839452,0.44110041856765747,0.1462796851992607,6.323968883570892,36.11980958821616,2.3399680400041514,0.0,0.0
ES2004d,402,0.6291789412498474,0.3173905710379283,0.3498091846704483,0.11148903767267863,0.04728094240029653,0.4785277744134267,0.45562950770060223,0.28874576340119046,5.7005853448978,36.71290992473009,2.3138755992740823,0.0,0.0
ES2004d,403,0.6295958161354065,0.3667445679505666,0.5034466087818146,0.12183082848787308,0.07955534259478252,0.24688000480333963,0.49964089194933575,0.17712676897644997,10.537257794103974,36.72633105992796,3.6196841764360275,0.0,0.0
ES2004d,404,0.6541415254275004,0.35761507352193195,0.4723905026912689,0.12413538992404938,0.07664959256847699,0.33304162820180255,0.4763885736465454,0.1865741809209188,9.11681425206889,37.88931851544143,2.957162431170581,0.0,0.0
ES2004d,405,0.7153353293736776,0.4457963804403941,0.4254886309305827,0.11183069894711177,0.06707218661904335,0.4500233829021454,0.43897871176401776,0.32355209688345593,8.156658772184604,37.16757654998377,1.923384013618645,0.0,0.0
ES2004d,406,0.678723673025767,0.3844165901343028,0.461713582277298,0.12507865577936172,0.07646337648232777,0.4240500132242839,0.4512737989425659,0.22297519942124686,7.3063276378176,37.40095775651246,1.3087056676497733,0.0,0.0
ES2004d,407,0.6453564167022705,0.35498179992039997,0.4964826504389445,0.12709767868121466,0.06647186477979024,0.4127967655658722,0.4343411425749461,0.3405771851539612,6.74688132035095,36.96362704055357,0.6308829893818606,0.0,0.0
ES2004d,408,0.6597302158673605,0.3427688082059224,0.4303962786992391,0.14135139187177023,0.08632915963729222,0.45373713970184326,0.4245530168215434,0.14927075803279877,7.429820715619205,36.97967152589344,0.2975887898204185,0.0,0.0
ES2004d,409,0.6799290378888448,0.4128903051217397,0.4509282211462657,0.1545929859081904,0.12279226879278819,0.3451865315437317,0.4982188542683919,0.2215991939107577,7.020222244921064,37.846527528160195,-0.704291294959211,0.0,0.0
ES2004d,410,0.6595496932665507,0.38433457414309186,0.5516449809074402,0.1425225337346395,0.10856529325246811,0.2760482430458069,0.48080140352249146,0.15372996777296066,6.230517037885675,38.24375424429701,-1.5257461488269657,0.0,0.0
ES2004d,411,0.627555787563324,0.380065381526947,0.40968602895736694,0.13324087113142014,0.08444960167010625,0.4369049568970998,0.4467106858889262,0.23063289622465769,5.520214369062205,37.41280878230895,-2.2903663293364347,0.0,0.0
ES2004d,412,0.6320300499598185,0.294848307967186,0.4641481041908264,0.3244194487730662,0.3266018256545067,0.43840697407722473,0.36516591906547546,0.6667726635932922,12.336074980906046,38.01655132271596,-4.506645041096836,0.0,0.0
ES2004d,413,0.0,0.0,0.0,0.0,0.0,0.0,0.0,0.0,0.0,0.0,0.0,0.0,0.0
ES2004d,414,0.0,0.0,0.0,0.0,0.0,0.0,0.0,0.0,0.0,0.0,0.0,0.0,0.0
ES2004d,415,0.0,0.0,0.0,0.0,0.0,0.0,0.0,0.0,0.0,0.0,0.0,0.0,0.0
ES2004d,416,0.0,0.0,0.0,0.0,0.0,0.0,0.0,0.0,0.0,0.0,0.0,0.0,0.0
ES2004d,417,0.0,0.0,0.0,0.0,0.0,0.0,0.0,0.0,0.0,0.0,0.0,0.0,0.0
ES2004d,418,0.0,0.0,0.0,0.0,0.0,0.0,0.0,0.0,0.0,0.0,0.0,0.0,0.0
ES2004d,419,0.0,0.0,0.0,0.0,0.0,0.0,0.0,0.0,0.0,0.0,0.0,0.0,0.0
ES2004d,420,0.0,0.0,0.0,0.0,0.0,0.0,0.0,0.0,0.0,0.0,0.0,0.0,0.0
ES2004d,421,0.0,0.0,0.0,0.0,0.0,0.0,0.0,0.0,0.0,0.0,0.0,0.0,0.0
ES2004d,422,0.0,0.0,0.0,0.0,0.0,0.0,0.0,0.0,0.0,0.0,0.0,0.0,0.0
ES2004d,423,0.0,0.0,0.0,0.0,0.0,0.0,0.0,0.0,0.0,0.0,0.0,0.0,0.0
ES2004d,424,0.0,0.0,0.0,0.0,0.0,0.0,0.0,0.0,0.0,0.0,0.0,0.0,0.0
ES2004d,425,0.0,0.0,0.0,0.0,0.0,0.0,0.0,0.0,0.0,0.0,0.0,0.0,0.0
ES2004d,426,0.0,0.0,0.0,0.0,0.0,0.0,0.0,0.0,0.0,0.0,0.0,0.0,0.0
ES2004d,427,0.0,0.0,0.0,0.0,0.0,0.0,0.0,0.0,0.0,0.0,0.0,0.0,0.0
ES2004d,428,0.0,0.0,0.0,0.0,0.0,0.0,0.0,0.0,0.0,0.0,0.0,0.0,0.0
ES2004d,429,0.0,0.0,0.0,0.0,0.0,0.0,0.0,0.0,0.0,0.0,0.0,0.0,0.0
ES2004d,430,0.6301279664039612,0.4334653516610463,0.5041939516862234,0.14100188265244165,0.07687567671140035,0.47241149346033734,0.4079112907250722,0.20547129462162653,21.581192597939765,14.977104727224523,3.6189098570230285,0.0,0.0
ES2004d,431,0.6147536238034567,0.3708103696505229,0.4196772078673045,0.11974981675545375,0.05811553634703159,0.40334086616834003,0.4433963894844055,0.6013513207435608,16.283982718106493,12.682656103106133,1.9866031333529293,0.0,0.0
ES2004d,432,0.6401542027791342,0.44307081898053485,0.3865864972273509,0.0936959758400917,0.030474765226244926,0.2394200563430786,0.3945331672827403,0.18277869001030922,8.695656942132308,6.96735126440625,-0.5135051409028053,0.0,0.0
ES2004d,433,0.6323443253835043,0.49433871110280353,0.28660279512405396,0.08360951642195384,0.027973598490158718,0.24468603233496347,0.39161436756451923,0.2853321259220441,3.044118360084369,2.8183125298124936,-1.6260058338355972,0.0,0.0
ES2004d,434,0.6191908717155457,0.5462901890277863,0.294662743806839,0.08630308260520299,0.04796971008181572,0.21717554330825806,0.36562198400497437,0.2887151936690013,3.463916287530474,1.2155196838713076,-1.0415975951762686,0.0,0.0
ES2004d,435,0.6322384079297384,0.3157021502653758,0.44234393040339154,0.16225891808668771,0.06159517293175062,0.6312908132870992,0.4876929521560669,0.4785100718339284,17.383842855737715,17.041485278580172,2.533713730145455,0.0,0.0
ES2004d,436,0.6376467744509379,0.40365023414293927,0.3509497046470642,0.12098734577496846,0.037830944483478866,0.5199289619922638,0.40799160798390705,0.4643399765094121,12.741856551289734,14.103026098907781,1.181615325788338,0.0,0.0
ES2004d,437,0.6346045931180319,0.39461729923884076,0.39294760425885517,0.10398286581039429,0.03150958567857742,0.3767031381527583,0.4274931450684865,0.2835761060317357,9.833258303578807,11.96005554112294,0.37401057765933055,0.0,0.0
ES2004d,438,0.6475243965784708,0.4230124553044637,0.45097432533899945,0.08578025798002879,0.023008049155275028,0.25863804916540784,0.42787550886472064,0.14353359738985697,7.760300916179067,10.038879704283358,-0.15661428597261715,0.0,0.0
ES2004d,439,0.6484296917915344,0.3874354859193166,0.4116515616575877,0.09061670800050099,0.01866551550726096,0.38525527715682983,0.4425797363122304,0.20513961215813956,7.876457208042184,9.407977195119031,0.2624487277914085,0.0,0.0
ES2004d,440,0.5632203221321106,0.353267769018809,0.2877536316712697,0.09410676856835683,0.025027797867854435,0.25528566042582196,0.4363499879837036,0.3080522020657857,8.89082114631183,9.978713717306569,0.07563735724197058,0.0,0.0
ES2004d,441,0.6635828614234924,0.3844636579354604,0.49403396248817444,0.09353067974249522,0.022339876120289166,0.406356285015742,0.44316913684209186,0.2603152046600978,9.183278345717358,10.44365567671792,0.11841261844391975,0.0,0.0
ES2004d,442,0.6543580293655396,0.4100559552510579,0.46487828095753986,0.10620420177777608,0.019823667282859486,0.4040173689524333,0.42278770605723065,0.25378399590651196,9.353207001066101,11.185277440909099,0.2547350730138188,0.0,0.0
ES2004d,443,0.6515014966328939,0.3666637937227885,0.3746655186017354,0.08782368153333664,0.02115366452684005,0.3176354964574178,0.43056673804918927,0.19443251689275107,8.555658024023302,9.752095654122686,0.10293230748462501,0.0,0.0
ES2004d,444,0.5929388006528219,0.3588791787624359,0.4243005613485972,0.08692866563796997,0.019053559750318527,0.399077167113622,0.4448321461677551,0.20480904231468836,7.2656798380058865,8.47632396294483,0.12420164898183232,0.0,0.0
ES2004d,445,0.0,0.0,0.0,0.0,0.0,0.0,0.0,0.0,0.0,0.0,0.0,0.0,0.0
ES2004d,446,0.0,0.0,0.0,0.0,0.0,0.0,0.0,0.0,0.0,0.0,0.0,0.0,0.0
ES2004d,447,0.0,0.0,0.0,0.0,0.0,0.0,0.0,0.0,0.0,0.0,0.0,0.0,0.0
ES2004d,448,0.6518926421801249,0.3646474579970042,0.29928791026274365,0.14433622111876807,0.12139862775802612,0.17378112922112146,0.5460695028305054,0.49280713001887005,12.86281674162042,33.569456298236894,8.57127212380954,0.0,0.0
ES2004d,449,0.6138785481452942,0.42871955037117004,0.40862945715586346,0.29684918622175854,0.20233408361673355,0.2893427362044652,0.39682023723920185,0.24818232903877893,13.034019681124375,37.26062319254282,-6.095418500905272,0.0,0.0
ES2004d,450,0.6062330007553101,0.3639070689678192,0.4337450365225474,0.492099533478419,0.33444615205128986,0.4177924195925395,0.37573446830113727,0.3286309589942296,7.406759457084057,43.885484547521735,-19.044794350691365,0.0,0.0
ES2004d,451,0.0,0.0,0.0,0.0,0.0,0.0,0.0,0.0,0.0,0.0,0.0,0.0,0.0
ES2004d,452,0.0,0.0,0.0,0.0,0.0,0.0,0.0,0.0,0.0,0.0,0.0,0.0,0.0
ES2004d,453,0.0,0.0,0.0,0.0,0.0,0.0,0.0,0.0,0.0,0.0,0.0,0.0,0.0
ES2004d,454,0.0,0.0,0.0,0.0,0.0,0.0,0.0,0.0,0.0,0.0,0.0,0.0,0.0
ES2004d,455,0.0,0.0,0.0,0.0,0.0,0.0,0.0,0.0,0.0,0.0,0.0,0.0,0.0
ES2004d,456,0.0,0.0,0.0,0.0,0.0,0.0,0.0,0.0,0.0,0.0,0.0,0.0,0.0
ES2004d,457,0.0,0.0,0.0,0.0,0.0,0.0,0.0,0.0,0.0,0.0,0.0,0.0,0.0
ES2004d,458,0.0,0.0,0.0,0.0,0.0,0.0,0.0,0.0,0.0,0.0,0.0,0.0,0.0
ES2004d,459,0.0,0.0,0.0,0.0,0.0,0.0,0.0,0.0,0.0,0.0,0.0,0.0,0.0
ES2004d,460,0.0,0.0,0.0,0.0,0.0,0.0,0.0,0.0,0.0,0.0,0.0,0.0,0.0
ES2004d,461,0.0,0.0,0.0,0.0,0.0,0.0,0.0,0.0,0.0,0.0,0.0,0.0,0.0
ES2004d,462,0.0,0.0,0.0,0.0,0.0,0.0,0.0,0.0,0.0,0.0,0.0,0.0,0.0
ES2004d,463,0.5567266543706259,0.3416212598482768,0.356788436571757,0.43009698887666065,0.270964855949084,0.202650877336661,0.48704208930333454,0.8986018300056458,11.183114292957425,42.15977720858634,-5.677709599098243,0.0,0.0
ES2004d,464,0.6335342725118002,0.4017842809359233,0.4082365433375041,0.4157719810803731,0.28155050178368884,0.21091418464978537,0.41128063201904297,0.7951201597849528,9.880252616165857,45.2736185790388,-6.423522029649085,0.0,0.0
ES2004d,465,0.6163311998049418,0.3788258135318756,0.41090307633082074,0.3926435708999634,0.30041690667470294,0.3639402687549591,0.41744014620780945,0.6747751335302988,9.46243698236823,44.77805429616967,-6.78330026560317,0.0,0.0
ES2004d,466,0.5945560336112976,0.34808175762494403,0.38131454586982727,0.38468005259831745,0.27695513268311817,0.3533659378687541,0.41150737802187604,0.49358393748601276,8.785061268516422,39.209745436039434,-6.1367316271406125,0.0,0.0
ES2004d,467,0.5967740813891093,0.24163217842578888,0.43961266179879505,0.08991933365662892,0.01617088634520769,0.17307770252227783,0.5308058559894562,0.3597518081466357,2.3791371725297474,15.51515969944924,-1.2490946116832382,0.0,0.0
ES2004d,468,0.4891672233740489,0.2226458638906479,0.3658222754796346,0.10271811485290527,0.020976968109607697,0.3988388180732727,0.4817528227965037,0.45291751623153687,6.467698009184704,15.686419916777751,-1.0941403130936842,0.0,0.0
ES2004d,469,0.49648070335388184,0.3195421099662781,0.5001630286375681,0.10304917146762212,0.022504789754748344,0.1965250993768374,0.4412802755832672,0.6201336681842804,5.78640525536369,11.706215578338977,-2.146238541071351,0.0,0.0
ES2004d,470,0.6310323278109232,0.3344322741031647,0.42397938172022503,0.14880895614624023,0.03823124555250009,0.5150655110677084,0.43786375721295673,0.4776960213979085,8.852637036428725,10.67441289838356,-1.4103017309978536,0.0,0.0
ES2004d,471,0.641699214776357,0.41695287823677063,0.3694312075773875,0.37644950052102405,0.38702138264973956,0.4535996715227763,0.4221594035625458,0.4634590943654378,19.690420536545407,39.06862083364988,-0.574659891993177,0.0,0.0
ES2004d,472,0.6751669049263,0.5112597743670145,0.5973383784294128,0.3266102870305379,0.3712765872478485,0.34302792449792224,0.36359870433807373,0.5933583776156107,15.519556318380928,35.401227591598435,-3.4953681770712017,0.0,0.0
ES2004d,473,0.5138502816359202,0.4973968466122945,0.5450028280417124,0.4316255549589793,0.3777216970920563,0.3571063180764516,0.3366261621316274,0.3926465759674708,15.080993925134544,29.77514995413281,-6.071345670797274,0.0,0.0
ES2004d,474,0.0,0.0,0.0,0.0,0.0,0.0,0.0,0.0,0.0,0.0,0.0,0.0,0.0
ES2004d,475,0.0,0.0,0.0,0.0,0.0,0.0,0.0,0.0,0.0,0.0,0.0,0.0,0.0
ES2004d,476,0.0,0.0,0.0,0.0,0.0,0.0,0.0,0.0,0.0,0.0,0.0,0.0,0.0
ES2004d,477,0.0,0.0,0.0,0.0,0.0,0.0,0.0,0.0,0.0,0.0,0.0,0.0,0.0
ES2004d,478,0.0,0.0,0.0,0.0,0.0,0.0,0.0,0.0,0.0,0.0,0.0,0.0,0.0
ES2004d,479,0.0,0.0,0.0,0.0,0.0,0.0,0.0,0.0,0.0,0.0,0.0,0.0,0.0
ES2004d,480,0.0,0.0,0.0,0.0,0.0,0.0,0.0,0.0,0.0,0.0,0.0,0.0,0.0
ES2004d,481,0.0,0.0,0.0,0.0,0.0,0.0,0.0,0.0,0.0,0.0,0.0,0.0,0.0
ES2004d,482,0.0,0.0,0.0,0.0,0.0,0.0,0.0,0.0,0.0,0.0,0.0,0.0,0.0
ES2004d,483,0.0,0.0,0.0,0.0,0.0,0.0,0.0,0.0,0.0,0.0,0.0,0.0,0.0
ES2004d,484,0.0,0.0,0.0,0.0,0.0,0.0,0.0,0.0,0.0,0.0,0.0,0.0,0.0
ES2004d,485,0.0,0.0,0.0,0.0,0.0,0.0,0.0,0.0,0.0,0.0,0.0,0.0,0.0
ES2004d,486,0.0,0.0,0.0,0.0,0.0,0.0,0.0,0.0,0.0,0.0,0.0,0.0,0.0
ES2004d,487,0.0,0.0,0.0,0.0,0.0,0.0,0.0,0.0,0.0,0.0,0.0,0.0,0.0
ES2004d,488,0.0,0.0,0.0,0.0,0.0,0.0,0.0,0.0,0.0,0.0,0.0,0.0,0.0
ES2004d,489,0.0,0.0,0.0,0.0,0.0,0.0,0.0,0.0,0.0,0.0,0.0,0.0,0.0
ES2004d,490,0.0,0.0,0.0,0.0,0.0,0.0,0.0,0.0,0.0,0.0,0.0,0.0,0.0
ES2004d,491,0.0,0.0,0.0,0.0,0.0,0.0,0.0,0.0,0.0,0.0,0.0,0.0,0.0
ES2004d,492,0.0,0.0,0.0,0.0,0.0,0.0,0.0,0.0,0.0,0.0,0.0,0.0,0.0
ES2004d,493,0.0,0.0,0.0,0.0,0.0,0.0,0.0,0.0,0.0,0.0,0.0,0.0,0.0
ES2004d,494,0.0,0.0,0.0,0.0,0.0,0.0,0.0,0.0,0.0,0.0,0.0,0.0,0.0
ES2004d,495,0.0,0.0,0.0,0.0,0.0,0.0,0.0,0.0,0.0,0.0,0.0,0.0,0.0
ES2004d,496,0.0,0.0,0.0,0.0,0.0,0.0,0.0,0.0,0.0,0.0,0.0,0.0,0.0
ES2004d,497,0.0,0.0,0.0,0.0,0.0,0.0,0.0,0.0,0.0,0.0,0.0,0.0,0.0
ES2004d,498,0.0,0.0,0.0,0.0,0.0,0.0,0.0,0.0,0.0,0.0,0.0,0.0,0.0
ES2004d,499,0.0,0.0,0.0,0.0,0.0,0.0,0.0,0.0,0.0,0.0,0.0,0.0,0.0
ES2004d,500,0.0,0.0,0.0,0.0,0.0,0.0,0.0,0.0,0.0,0.0,0.0,0.0,0.0
ES2004d,501,0.0,0.0,0.0,0.0,0.0,0.0,0.0,0.0,0.0,0.0,0.0,0.0,0.0
ES2004d,502,0.0,0.0,0.0,0.0,0.0,0.0,0.0,0.0,0.0,0.0,0.0,0.0,0.0
ES2004d,503,0.0,0.0,0.0,0.0,0.0,0.0,0.0,0.0,0.0,0.0,0.0,0.0,0.0
ES2004d,504,0.0,0.0,0.0,0.0,0.0,0.0,0.0,0.0,0.0,0.0,0.0,0.0,0.0
ES2004d,505,0.0,0.0,0.0,0.0,0.0,0.0,0.0,0.0,0.0,0.0,0.0,0.0,0.0
ES2004d,506,0.0,0.0,0.0,0.0,0.0,0.0,0.0,0.0,0.0,0.0,0.0,0.0,0.0
ES2004d,507,0.0,0.0,0.0,0.0,0.0,0.0,0.0,0.0,0.0,0.0,0.0,0.0,0.0
ES2004d,508,0.0,0.0,0.0,0.0,0.0,0.0,0.0,0.0,0.0,0.0,0.0,0.0,0.0
ES2004d,509,0.0,0.0,0.0,0.0,0.0,0.0,0.0,0.0,0.0,0.0,0.0,0.0,0.0
ES2004d,510,0.0,0.0,0.0,0.0,0.0,0.0,0.0,0.0,0.0,0.0,0.0,0.0,0.0
ES2004d,511,0.0,0.0,0.0,0.0,0.0,0.0,0.0,0.0,0.0,0.0,0.0,0.0,0.0
ES2004d,512,0.0,0.0,0.0,0.0,0.0,0.0,0.0,0.0,0.0,0.0,0.0,0.0,0.0
ES2004d,513,0.0,0.0,0.0,0.0,0.0,0.0,0.0,0.0,0.0,0.0,0.0,0.0,0.0
ES2004d,514,0.0,0.0,0.0,0.0,0.0,0.0,0.0,0.0,0.0,0.0,0.0,0.0,0.0
ES2004d,515,0.0,0.0,0.0,0.0,0.0,0.0,0.0,0.0,0.0,0.0,0.0,0.0,0.0
ES2004d,516,0.0,0.0,0.0,0.0,0.0,0.0,0.0,0.0,0.0,0.0,0.0,0.0,0.0
ES2004d,517,0.0,0.0,0.0,0.0,0.0,0.0,0.0,0.0,0.0,0.0,0.0,0.0,0.0
ES2004d,518,0.0,0.0,0.0,0.0,0.0,0.0,0.0,0.0,0.0,0.0,0.0,0.0,0.0
ES2004d,519,0.0,0.0,0.0,0.0,0.0,0.0,0.0,0.0,0.0,0.0,0.0,0.0,0.0
ES2004d,520,0.0,0.0,0.0,0.0,0.0,0.0,0.0,0.0,0.0,0.0,0.0,0.0,0.0
ES2004d,521,0.5986154675483704,0.33825471500555676,0.4693244795004527,0.09183419868350029,0.023465976119041443,0.22801902641852698,0.3888233999411265,0.43728007376194,-3.622241898539309,-2.1539649230806277,-11.662571690932,0.0,0.0
ES2004d,522,0.5301584998766581,0.31196989119052887,0.7303800582885742,0.25712930659453076,0.17789504304528236,0.28737451632817584,0.43401188651720685,0.7656271159648895,12.740737228572748,13.907652189706253,-4.995464744054753,0.0,0.0
ES2004d,523,0.5095901389916738,0.4630804459253947,0.5821666717529297,0.4691806733608246,0.3767625391483307,0.6268368363380432,0.591738204161326,0.4800236423810323,27.478772582768244,26.365838158881502,0.6648648265419504,0.0,0.0
ES2004d,524,0.6437166531880697,0.36061665415763855,0.4558049738407135,0.2485167235136032,0.145114503800869,0.42243290940920514,0.5087185998757681,0.32715285817782086,11.196076663446469,14.88217096176831,-7.041825647350007,0.0,0.0
ES2004d,525,0.6922716498374939,0.32362135748068493,0.2663770367701848,0.15745404611031213,0.10817804435888927,0.3073600083589554,0.4735211829344432,0.20628483298545083,-19.101269474980732,38.21420415699671,-23.726627850340325,0.0,0.0
ES2004d,526,0.5970729986826578,0.3517305254936218,0.21798795461654663,0.1516348123550415,0.12360332409540813,0.3007708589235942,0.4153661827246348,0.26886652658383053,-15.490322285037289,36.963376842776846,-20.84263612018719,0.0,0.0
ES2004d,527,0.6244600017865499,0.33983558416366577,0.2642240325609843,0.1610010862350464,0.1198067640264829,0.26596339295307797,0.39686328172683716,0.24933641155560812,-13.389721178158835,36.09903646658491,-19.33382852927022,0.0,0.0
ES2004d,528,0.5314323802789053,0.3446436772743861,0.4060874780019124,0.07637679080168407,0.06391816834608714,0.4083799123764038,0.40929099917411804,0.34038492167989415,-4.134512405088596,35.89433656973733,7.619938462899241,0.0,0.0
ES2004d,529,0.3822832902272542,0.15287184715270996,0.15249459445476532,0.04598561798532804,0.019017161180575688,0.25744447112083435,0.2373735805352529,0.5923900008201599,-2.019284715996296,21.82827641208105,5.495617447875613,0.0,0.0
ES2004d,530,0.5999687910079956,0.2505358507235845,0.4885496497154236,0.07981005062659581,0.040924448519945145,0.3600152830282847,0.48538926243782043,0.9482746521631876,-6.000122584376094,36.970366654148364,5.962851599822795,0.0,0.0
ES2004d,531,0.49289463957150775,0.25022826095422107,0.27202122906843823,0.05718384310603142,0.026484840239087742,0.24651435514291128,0.49823413292566937,0.5785659948984782,-6.267905864299432,28.09739997669229,9.568569078097493,0.0,0.0
ES2004d,532,0.4738602340221405,0.189153753221035,0.4266013453404109,0.06353987380862236,0.027583139017224312,0.1406573032339414,0.47273676594098407,0.5393380721410116,-6.074458637159585,28.28609748042867,8.553931569494209,0.0,0.0
ES2004d,533,0.4665184020996094,0.2130082497994105,0.409923255443573,0.057440189023812614,0.021445673579970997,0.2114504724740982,0.47627635796864826,0.541909970343113,-5.701375544347126,29.10051838579018,8.180446293223346,0.0,0.0
ES2004d,534,0.5841839015483856,0.28317279120286304,0.36496150493621826,0.1170705035328865,0.03233640516797701,0.33676037689050037,0.44606222709019977,0.6500597794850668,7.429282815510927,28.061627770968375,7.839737347465824,0.0,0.0
ES2004d,535,0.6797459721565247,0.2821803092956543,0.6917427182197571,0.1668669879436493,0.06750146175424258,0.41115093727906543,0.5068278114000956,0.724287231763204,18.574747625694055,29.17236426918682,8.631555137440634,0.0,0.0
ES2004d,536,0.5959881742795309,0.3840190569559733,0.4487841725349426,0.0826977069179217,0.040323445573449135,0.24481346209843954,0.4992451270421346,0.13365531961123148,18.15154804283213,27.06050764857854,10.166100182263325,0.0,0.0
ES2004d,537,0.5912190675735474,0.32260825236638385,0.4472239414850871,0.08862655609846115,0.03374964805940787,0.3673523465792338,0.5135962863763174,0.08264133209983508,18.069021626961007,25.98093125015463,10.929667005521802,0.0,0.0
ES2004d,538,0.5937959551811218,0.3163409133752187,0.4316861828168233,0.09208838641643524,0.02834927539030711,0.3839990347623825,0.533700575431188,0.2865716765324275,17.986694326313664,26.989209017667363,10.617274166035685,0.0,0.0
ES2004d,539,0.5803142786026001,0.3157766858736674,0.5773447155952454,0.11742111295461655,0.027207018186648686,0.421465665102005,0.5602587262789408,0.3234209939837456,18.245324617498095,27.951336390072274,10.954562479439774,0.0,0.0
ES2004d,540,0.5945366223653158,0.25935464600721997,0.5340107182661692,0.1425612966219584,0.05036897584795952,0.41292837262153625,0.45610247055689496,0.5036422908306122,10.093044180958502,29.51343592620883,8.253244716995505,0.0,0.0
ES2004d,541,0.7263561288515726,0.430562158425649,0.22262321909268698,0.057198540618022285,0.014173262752592564,0.45467854539553326,0.5134179989496866,0.20957707054913044,-8.040676432375664,15.588972992724814,-14.2005514204573,0.0,0.0
ES2004d,542,0.6955117980639139,0.3706732491652171,0.339899738629659,0.06708808491627376,0.02002811183532079,0.367936372756958,0.4914452334245046,0.400211825966835,-7.27465916472951,18.52097324080954,-12.04439934574338,0.0,0.0
ES2004d,543,0.6146565079689026,0.40229782462120056,0.36986310283343,0.09510713070631027,0.052681377778450646,0.4160367548465729,0.5606505672136942,0.15685164680083594,-5.427618532584796,17.65152904512525,-14.55370449925766,0.0,0.0
ES2004d,544,0.6915364662806193,0.3630857467651367,0.27768706778685254,0.087654876212279,0.038930283238490425,0.5356101989746094,0.51168825229009,0.46765364582339924,-5.147343158916381,17.517973829673327,-13.805405394366408,0.0,0.0
ES2004d,545,0.6169709165891012,0.3186318775018056,0.3215087503194809,0.0932695393760999,0.0266996876647075,0.4592483540376027,0.5039127568403879,0.2823366988450289,-3.487678356812214,17.084705709572194,-12.794043822432101,0.0,0.0
ES2004d,546,0.6730625629425049,0.3548554281393687,0.4631790320078532,0.090203657746315,0.03283838493128618,0.4520738422870636,0.5066658755143484,0.48557455837726593,-1.537702782230829,17.16696966088526,-13.94538848777241,0.0,0.0
ES2004d,547,0.615273634592692,0.35514022906621295,0.4726090729236603,0.09959730754295985,0.043056296184659004,0.5152092675367991,0.4191332558790843,0.10233958205208182,-5.91722045325562,19.02605856841441,-15.272044958064987,0.0,0.0
ES2004d,548,0.5691211422284445,0.30219953258832294,0.5394431352615356,0.09832085420687993,0.06996487081050873,0.6480280955632528,0.4714393417040507,0.026400507427752018,-4.468058387095989,21.244722727279903,-14.64300050000289,0.0,0.0
ES2004d,549,0.5971839229265848,0.3362628718217214,0.6038402120272318,0.09907671560843785,0.060727337996164955,0.6482840776443481,0.4624885618686676,0.013480940756077567,-3.662713887789464,20.363711161469684,-14.266404082952562,0.0,0.0
ES2004d,550,0.6114290952682495,0.29956795771916706,0.4479128420352936,0.09154365956783295,0.0487728180984656,0.6496970057487488,0.4028303523858388,0.004094165284186602,-3.8582907899355896,18.649972704009702,-14.208769926507102,0.0,0.0
ES2004d,551,0.4729575216770172,0.23751029868920645,0.49824949105580646,0.08764151235421498,0.01935213493804137,0.532095710436503,0.4410836497942607,0.7672528823216757,-4.362971194771235,17.188466799195467,-13.890507813523286,0.0,0.0
ES2004d,552,0.6447656253973643,0.31273619333902997,0.45165671904881793,0.12349558869997661,0.048013813172777496,0.5625768899917603,0.33069802323977154,0.8825716574986776,-5.060651547189931,20.436630592156845,-13.233461226267266,0.0,0.0
ES2004d,553,0.6837624311447144,0.36987443268299103,0.5244726041952769,0.21535254021485647,0.09664895882209142,0.4278281033039093,0.3596207797527313,0.8798123598098755,-8.19898481099234,26.08843043314081,-13.975371886662257,0.0,0.0
ES2004d,554,0.5898763736089071,0.21619877219200134,0.5122411052385966,0.10995630919933319,0.04718501244982084,0.6588264306386312,0.43394161264101666,0.7188224395116171,-4.34333796906673,20.143167266868925,-15.690581422677212,0.0,0.0
ES2004d,555,0.5075650811195374,0.21808717648188272,0.5306260089079539,0.11183026681343715,0.024444653342167538,0.6151211063067118,0.47633514801661175,0.339985616505146,-5.120668942977855,20.170698179939478,-14.729324079339783,0.0,0.0
ES2004d,556,0.6265801986058553,0.28297026455402374,0.531791016459465,0.1097068910797437,0.03347942388306061,0.5005805939435959,0.44050755103429157,0.2647061248620351,8.96326675865289,21.626077135878973,6.760706011366184,0.0,0.0
ES2004d,557,0.7340865929921468,0.3287993570168813,0.6457302769025167,0.08196755995353062,0.013575508880118528,0.7572011550267538,0.5701261262098948,0.3470013042291005,10.911941089663271,15.851111333594197,-9.87114916874696,0.0,0.0
ES2004d,558,0.6267005801200867,0.31568345924218494,0.4237159490585327,0.06832310929894447,0.024371940021713574,0.4977012226978938,0.4656006495157878,0.5268538296222687,-6.6800028134381355,19.314156010042296,-13.721038663240895,0.0,0.0
ES2004d,559,0.6052558223406473,0.3139205873012543,0.5675483743349711,0.07747853174805641,0.021796575747430325,0.41665908694267273,0.5686074992020925,0.22261121372381845,-0.5774972263586141,19.0668503288138,-11.64946289205735,0.0,0.0
ES2004d,560,0.8270899256070455,0.5667561292648315,0.390223761399587,0.06684311479330063,0.042200321331620216,0.6012635131676992,0.4322761793931325,0.9641077518463135,3.6251295797326493,-0.7125930886626234,3.5136699730789034,0.0,0.0
ES2004d,561,0.6735434730847677,0.46203624208768207,0.4718925654888153,0.061574610571066536,0.04497124130527178,0.5128151675065359,0.36883099873860675,0.7038219372431437,5.198808475740534,-13.577108314288438,1.4388903226480316,0.0,0.0
ES2004d,562,0.5009800593058268,0.1681066950162252,0.2831353892882665,0.05437690888841947,0.028340363254149754,0.2382092128197352,0.39948925375938416,0.6390915314356486,0.32500137797317225,30.858472140334545,12.535392805884234,0.0,0.0
ES2004d,563,0.3810240526994069,0.2931503355503082,0.5779200792312622,0.09315190091729164,0.02980650154252847,0.2591088612874349,0.46360694368680316,0.22940487414598465,61.311673256331545,-81.84871499061877,-64.2245455121527,0.0,0.0
ES2004d,564,0.47945669293403625,0.3126922945181529,0.6254056294759115,0.06382586807012558,0.025950226311882336,0.3850323408842087,0.4771280288696289,0.004198400032085677,60.19126416386276,-81.21097397932478,-63.1873321387335,0.0,0.0
ES2004d,565,0.4489581187566121,0.280854453643163,0.6331535776456197,0.11844374363621075,0.06388303140799205,0.354116827249527,0.46516357858975727,0.07120341093589862,64.01630262274765,-82.29251373539897,-66.97091364494132,0.0,0.0
ES2004d,566,0.4118645191192627,0.3051024278004964,0.5753945410251617,0.06695775936047237,0.017437233900030453,0.15362187226613364,0.4347100853919983,0.030279933164517086,58.252573925306685,-81.62655906460854,-61.374139293230066,0.0,0.0
ES2004d,567,0.431863933801651,0.28021855155626935,0.5655411183834076,0.06475572536389033,0.022380588576197624,0.1758625457684199,0.43954641620318097,0.18892693519592285,68.14478023005177,-81.68615384327599,-70.98797954847252,0.0,0.0
ES2004d,568,0.34087764223416644,0.2347560872634252,0.5664072036743164,0.11463331431150436,0.058381600926319756,0.28923853238423664,0.4674313962459564,0.5109824513395628,70.52569358048088,-82.14149943824971,-73.28752776128364,0.0,0.0
ES2004d,569,0.5236840844154358,0.2926310847202937,0.31962741911411285,0.07266402244567871,0.03497162895898024,0.2123961498339971,0.3587587873140971,0.3151840618811548,46.475718284273775,-60.19011531639703,-50.92438983548093,0.0,0.0
ES2004d,570,0.49265514810880023,0.26117565234502155,0.39950768152872723,0.06402228524287541,0.02668377012014389,0.18154862026373544,0.3626352548599243,0.3725951239466667,40.84547594233893,-58.07725073897626,-46.1769152021137,0.0,0.0
ES2004d,571,0.43033527334531146,0.2645436575015386,0.31983547906080884,0.08007365216811498,0.024815601607163746,0.5976792474587759,0.3841499487559001,0.35337431728839874,34.22631790237072,-60.97567515138014,-38.65721182017153,0.0,0.0
ES2004d,572,0.5656684637069702,0.16629860798517862,0.6316338777542114,0.10400735090176265,0.04387392352024714,0.383177787065506,0.33812642097473145,0.14304236570994058,10.15305101619345,-28.69258685620919,-15.251447128758251,0.0,0.0
ES2004d,573,0.444084366162618,0.28190070390701294,0.6998397707939148,0.10395022730032603,0.039665100475152336,0.16271057973305383,0.5151400566101074,0.5868392785390218,76.91890340775302,-82.86844424238261,-78.92272190312768,0.0,0.0
ES2004d,574,0.4567994475364685,0.26168400545914966,0.7123438318570455,0.08106496433417003,0.027508980284134548,0.2830144713322322,0.4365932544072469,0.3193882343669732,86.38234108142281,-81.33210840391685,-88.3468192238149,0.0,0.0
ES2004d,575,0.4155799945195516,0.30472363034884137,0.6542090177536011,0.0913438970843951,0.03066537156701088,0.2411088893810908,0.43487627307573956,0.21854969734946886,83.21271721261041,-83.42942993397689,-85.21875057576229,0.0,0.0
ES2004d,576,0.5789579351743063,0.1628091757496198,0.443916916847229,0.09227650860945384,0.02115655690431595,0.28404566645622253,0.4704241951306661,0.8213438987731934,-0.5386237251271758,28.034805044703543,1.521572367527373,0.0,0.0
ES2004d,577,0.5250406563282013,0.2071214218934377,0.315387487411499,0.09063679724931717,0.020742719372113545,0.39944962163766223,0.40944138169288635,0.7150418758392334,-1.0068952541691467,28.59820702347946,1.3621915820441937,0.0,0.0
ES2004d,578,0.5029131670792898,0.22888522346814474,0.3180747628211975,0.07040430853764217,0.023841435710589092,0.6204502185185751,0.48530539870262146,0.7242948512236277,-1.597123570313312,30.388120001546223,1.9363186715807972,0.0,0.0
ES2004d,579,0.6094615260759989,0.24589389562606812,0.5090077618757883,0.1172016014655431,0.04479100306828817,0.6940913399060568,0.5246015985806783,0.6796980897585551,11.009337105186383,21.6991094084658,-8.373119147097627,0.0,0.0
ES2004d,580,0.593695859114329,0.34902411699295044,0.48149266839027405,0.13077576458454132,0.06398787970344226,0.40267542004585266,0.5446753998597463,0.4648761035253604,12.421871265587308,17.74402158561441,-9.191095914892145,0.0,0.0
ES2004d,581,0.6165327827135721,0.2327068348725637,0.5458031892776489,0.11276565740505855,0.043273250882824264,0.5519514282544454,0.5312028427918752,0.49948270122210187,4.855372810140996,17.82763905462289,-14.294361979747444,0.0,0.0
ES2004d,582,0.6678865154584249,0.2841589053471883,0.573947807153066,0.12436335533857346,0.045315261309345566,0.419242799282074,0.3850598136583964,0.22317658364772797,1.363502230939912,21.909158302016838,-13.970001840544995,0.0,0.0
ES2004d,583,0.6249520977338155,0.1984751597046852,0.4061685303846995,0.05550433571139971,0.04235327119628588,0.6520301699638367,0.28524641692638397,0.5712202936410904,3.645637274534701,-14.729805500422609,-10.582373275402391,0.0,0.0
ES2004d,584,0.5353812575340271,0.13591587295134863,0.3876774112383525,0.05512735495964686,0.023982114469011623,0.5134003659089407,0.26711562275886536,0.5690889656543732,4.360271435192751,-14.198488718029056,-13.9460739424515,0.0,0.0
ES2004d,585,0.5122557481129965,0.13757657508055368,0.39667171239852905,0.06210510805249214,0.03464537362257639,0.5954571863015493,0.26824282109737396,0.8985678354899088,4.115850535185396,-15.729364531633488,-13.693327130332973,0.0,0.0
ES2004d,586,0.5639287432034811,0.1899411901831627,0.4350693921248118,0.10581648349761963,0.16112826019525528,0.6938351591428121,0.2912088135878245,0.8393715818723043,2.3826513617285445,-13.343112252879529,-12.062213914434004,0.0,0.0
ES2004d,587,0.6428229014078776,0.2998191217581431,0.3536568780740102,0.06417620678742726,0.03723581104228894,0.6949671904246012,0.28926440080006915,0.9587919314702352,1.8166388643537275,-10.96788081532535,-9.78154631855918,0.0,0.0
ES2004d,588,0.7617362141609192,0.43557485938072205,0.2755888154109319,0.07767492284377416,0.04988786454002062,0.6224968632062277,0.3081745405991872,0.9111991127332052,1.1431064477456847,-9.046223624680009,-8.856997219521654,0.0,0.0
ES2004d,589,0.5210348268349966,0.2872544378042221,0.45104079445203143,0.08520704507827759,0.017538499707976978,0.5492147207260132,0.4311967194080353,0.4755267600218455,10.466411143928644,25.747071198994576,3.8234761251463367,0.0,0.0
ES2004d,590,0.5105895698070526,0.28725431362787884,0.3855961461861928,0.0737170750896136,0.019439350813627243,0.4642187257607778,0.44325606028238934,0.572689431409041,10.441792999064779,25.432626679729363,3.468698148776118,0.0,0.0
ES2004d,591,0.5161052147547404,0.3246262768904368,0.5670406222343445,0.08903056134780248,0.015995807014405727,0.39907707770665485,0.4518993596235911,0.457905575633049,10.379818650830353,25.656534097621474,3.057925501065663,0.0,0.0
ES2004d,592,0.5179230471452078,0.2975657780965169,0.3899184763431549,0.10588961839675903,0.019312947367628414,0.5739278197288513,0.37053588032722473,0.5964716374874115,10.849234297429811,25.770676347833774,3.0852438143344423,0.0,0.0
ES2004d,593,0.5439658761024475,0.2044666608174642,0.5408338208993276,0.08599321792523067,0.01850014366209507,0.319016029437383,0.4424602687358856,0.39874330163002014,9.67612735176418,27.771694970731946,2.583588150597843,0.0,0.0
ES2004d,594,0.518263190984726,0.2467475930849711,0.5854916969935099,0.07213570674260457,0.01900467276573181,0.4717869659264882,0.46847269932429,0.2350805327296257,10.376764021777463,27.00633133313978,2.468477400897264,0.0,0.0
ES2004d,595,0.6039310495058695,0.27688800791899365,0.6017233928044637,0.12332502752542496,0.0494717409213384,0.5638565818468729,0.3986230095227559,0.5898917615413666,15.132877567831093,26.292155520356875,5.088914250368945,0.0,0.0
ES2004d,596,0.5795577168464661,0.2388149549563726,0.4405173063278198,0.06604840482274692,0.024560810377200443,0.28970463077227276,0.3060089747111003,0.5967901547749838,4.476447659826033,-15.871691853277794,-4.288450506745805,0.0,0.0
ES2004d,597,0.6733994086583456,0.45250803232192993,0.21952475607395172,0.06898729627331097,0.038161419332027435,0.5705859661102295,0.336216280857722,0.8560635646184286,6.219311313705517,-11.597339834130908,-0.9677714061840738,0.0,0.0
ES2004d,598,0.7580806811650594,0.516034334897995,0.4033748209476471,0.0627621499200662,0.03204373084008694,0.4978601932525635,0.455890953540802,0.7135711908340454,7.505780612155186,-12.428594626761537,-1.4512602799437053,0.0,0.0
ES2004d,599,0.6499575972557068,0.22156500816345215,0.3823138475418091,0.13848789781332016,0.045343675961097084,0.7804885903994242,0.6678335269292196,0.18919937312602997,-7.712209746510298,22.132812084137104,-15.60254490914823,0.0,0.0
ES2004d,600,0.5827112992604574,0.28231877088546753,0.37479767203330994,0.1508155713478724,0.040474578427771725,0.6133484840393066,0.57705291112264,0.29387540618578595,-8.086758623228198,22.667634292824577,-14.928458474821364,0.0,0.0
ES2004d,601,0.6197172403335571,0.3425023357073466,0.2936653246482213,0.10231558233499527,0.039539982875188194,0.4103057583173116,0.3982425034046173,0.44517261286576587,-6.562730084524773,21.148501490936454,-12.337732503105146,0.0,0.0
ES2004d,602,0.5418701271216074,0.295253465572993,0.2848457271854083,0.10178655634323756,0.022733731816212337,0.4586669405301412,0.4496033489704132,0.253008966644605,-7.29426302134781,19.71425815178804,-12.312885349801697,0.0,0.0
ES2004d,603,0.3782942593097687,0.3336801826953888,0.6636709372202555,0.0942872812350591,0.03778964343170325,0.3672317365805308,0.4867979784806569,0.23045294856031737,84.66466724131469,-80.15765878693406,-86.76181306574819,0.0,0.0
ES2004d,604,0.3620658715565999,0.2428718904654185,0.5360676844914755,0.08971292525529861,0.027414631098508835,0.22731144974629083,0.38775192697842914,0.15453281439840794,78.85670424598042,-80.05828407267826,-81.40539025519693,0.0,0.0
ES2004d,605,0.5609094798564911,0.308157483736674,0.36515092849731445,0.07296906411647797,0.047433132926623024,0.4053426881631215,0.36512455344200134,0.4986420071412188,24.898127912558465,-39.23479222245387,-30.774883951446544,0.0,0.0
ES2004d,606,0.6365657051404318,0.3272375712792079,0.2347906231880188,0.08481911321481068,0.03798472508788109,0.3151372820138931,0.3326365451018016,0.840962290763855,1.5311467364553941,-14.610303677430274,-9.133936145162151,0.0,0.0
ES2004d,607,0.571135421593984,0.23252237339814505,0.4751000901063283,0.1007426306605339,0.057631347328424454,0.37686630090077716,0.3331189652283986,0.7390943765640259,15.262521060020736,-19.294261408408545,-20.925614616732044,0.0,0.0
ES2004d,608,0.5526095926761627,0.2061711996793747,0.43921201427777606,0.09952978044748306,0.06939434632658958,0.48757948478062946,0.39286349217096966,0.8480039238929749,15.054981981736484,-19.25571578911533,-20.36984687529758,0.0,0.0
ES2004d,609,0.5361266036828359,0.22982178628444672,0.5676763753096262,0.11627572526534398,0.060283628602822624,0.3765423099199931,0.29792025685310364,0.8468391100565592,13.391378593703998,-19.2507227806797,-22.073733381887365,0.0,0.0
ES2004d,610,0.5761284033457438,0.24106748898824057,0.43820016582806903,0.12970899790525436,0.07516272614399593,0.47750163078308105,0.32491708795229596,0.948708156744639,14.964019594689598,-18.2592940142745,-21.728392165715746,0.0,0.0
ES2004d,611,0.5475541750590006,0.21380431950092316,0.4381137192249298,0.1304210051894188,0.06265829627712567,0.5087814231713613,0.32807406783103943,0.9218156536420187,16.377436186238715,-18.770534862816845,-21.880121569849766,0.0,0.0
ES2004d,612,0.5594825545946757,0.19763875007629395,0.5481621424357096,0.09701630721489589,0.0825231559574604,0.5854992270469666,0.31897403796513873,0.9310774008433024,14.65566833044999,-18.486498349624366,-22.13543622970211,0.0,0.0
ES2004d,613,0.5144492089748383,0.15138203650712967,0.5446067353089651,0.07622133443752925,0.06376467148462932,0.4529053270816803,0.2741648505131404,0.9473398526509603,10.775214131701972,-20.159383692770945,-22.969776246255062,0.0,0.0
ES2004d,614,0.48769811789194745,0.17938232918580374,0.5146613717079163,0.05723799765110016,0.04472587505976359,0.5844220419724783,0.3392323851585388,0.7973635594050089,10.93160272684315,-20.124791613144257,-22.120137543932334,0.0,0.0
ES2004d,615,0.6813180645306905,0.30435797572135925,0.5600977043310801,0.15619679540395737,0.06427054728070895,0.4236148993174235,0.297597070535024,0.9625454743703207,-10.354180633376165,25.590923757258285,-14.431841519709927,0.0,0.0
ES2004d,616,0.6967262228329977,0.24851835270722708,0.6303679545720419,0.20978409548600516,0.08281362305084865,0.6120137770970663,0.3022214670976003,0.9847198327382406,-7.748067134844534,25.461591913943163,-13.67742139357904,0.0,0.0
ES2004d,617,0.7035770018895467,0.24459304908911386,0.5531171361605326,0.19735552370548248,0.07834326972564061,0.5610451698303223,0.32966235280036926,0.946964681148529,-8.070933901345887,25.668010136633317,-12.990779357853597,0.0,0.0
ES2004d,618,0.7122894326845804,0.24073906242847443,0.45542187492052716,0.16944719354311624,0.07548194130261739,0.5084032317002615,0.29693901538848877,0.972373366355896,-10.929317024339419,26.891720149979932,-16.68971290786335,0.0,0.0
ES2004d,619,0.6886439522107443,0.2372807264328003,0.4822984536488851,0.12455466389656067,0.034611829866965614,0.4737221896648407,0.34280140201250714,0.8139823873837789,-9.652686601102003,23.564686406246505,-19.32187665073316,0.0,0.0
ES2004d,620,0.5825276176134745,0.2599126994609833,0.5690197845300039,0.1342950165271759,0.05159663408994675,0.47567545374234516,0.3783068160216014,0.609186145166556,-7.657094771962938,21.479159622894855,-18.071817814140676,0.0,0.0
ES2004d,621,0.6007818380991617,0.3418405055999756,0.5606157183647156,0.10124363501866658,0.03841398718456427,0.5922727982203165,0.3702753682931264,0.25542190360526246,-6.789719822984286,23.870275180316924,-19.4715165825163,0.0,0.0
ES2004d,622,0.5353531638781229,0.2948288818200429,0.5460454324881235,0.11273816972970963,0.0290058267613252,0.43408376971880597,0.40273042519887287,0.0554361113657554,-2.3697556174796124,22.72401955064541,-14.520640497578901,0.0,0.0
ES2004d,623,0.5323718388875326,0.267064705491066,0.41601253549257916,0.10480574021736781,0.03561152641971906,0.4559825658798218,0.47960130373636883,0.15380413457751274,2.3704944605581475,22.831500451983317,-11.609418823764123,0.0,0.0
ES2004d,624,0.5416333774725596,0.28170029322306317,0.5992408295472463,0.12290578335523605,0.03476156170169512,0.5168585479259491,0.5554726719856262,0.14234229239324728,6.883085435003271,22.01477613768019,-9.021293929627682,0.0,0.0
ES2004d,625,0.5878403385480245,0.28501038750012714,0.6701804399490356,0.13353915512561798,0.03651027816037337,0.5430113673210144,0.5755599935849508,0.20993579427401224,8.213231987716526,22.97971489049411,-9.844849539190443,0.0,0.0
ES2004d,626,0.41474709908167523,0.24295903742313385,0.30872322122255963,0.04836477960149447,0.0194026588772734,0.2939649820327759,0.3754187027613322,0.3481593318283558,2.6831287166757902,20.835811743027705,9.423092042094346,0.0,0.0
ES2004d,627,0.44184380769729614,0.17971875766913095,0.40349429845809937,0.05241505056619644,0.017403736089666683,0.2886957824230194,0.3979508678118388,0.5881976423164209,2.880980691059531,19.26152509751262,10.040309654079856,0.0,0.0
ES2004d,628,0.6074250340461731,0.3511468569437663,0.3288450042406718,0.15230189760526022,0.04769947628180186,0.4507101426521937,0.3332074085871379,0.593783458073934,19.300902471939445,-28.446679982090938,-17.777741535191154,0.0,0.0
ES2004d,629,0.612145185470581,0.3767028748989105,0.32088638842105865,0.15186179925998053,0.11312105258305867,0.5592411955197653,0.3679768244425456,0.6077181342989206,19.383746754660677,-28.001729953164162,-15.562216268859117,0.0,0.0
ES2004d,630,0.574327826499939,0.3597298413515091,0.5050298869609833,0.13147979726394018,0.13714580486218134,0.5507763226826986,0.37194422880808514,0.982109268506368,17.61245638345098,-23.07163347634085,-13.159485519760828,0.0,0.0
ES2004d,631,0.5945612788200378,0.17383846640586853,0.5353045264879862,0.11146597812573115,0.07831982150673866,0.5418332715829214,0.3640891710917155,0.8677466710408529,14.742057600040573,-21.09996309795423,-11.993467787280656,0.0,0.0
ES2004d,632,0.6503656903902689,0.399876336256663,0.3028174539407094,0.16823555280764899,0.042805323377251625,0.6132549444834391,0.4223093092441559,0.5620970875024796,-5.425790020526723,19.898932740492356,-7.116909105689317,0.0,0.0
ES2004d,633,0.7252535025278727,0.48364872733751935,0.2596677591403325,0.12885279953479767,0.052510762587189674,0.5190185010433197,0.47542526324590045,0.2746719072262446,-3.829644403919231,20.91560835376131,-6.984828245598485,0.0,0.0
ES2004d,634,0.714867353439331,0.44475966691970825,0.20710272093613943,0.10837689290444057,0.045118010292450585,0.5328592459360758,0.49709317088127136,0.07146948079268138,-5.538169181861609,21.95927926282793,-8.300858836613704,0.0,0.0
ES2004d,635,0.5143007834752401,0.3687815268834432,0.4264953633149465,0.2177795966466268,0.20188442120949426,0.28047944108645123,0.43065308531125385,0.9089630047480265,-9.449499490018026,-46.07067194287949,1.6828843679641068,0.0,0.0
ES2004d,636,0.6611140370368958,0.422443022330602,0.3453866144021352,0.13007078816493353,0.24908695618311563,0.28668924669424695,0.38444991906483966,0.9969640970230103,-1.303034147664336,-10.617423879154648,-18.35054221371225,0.0,0.0
ES2004d,637,0.7329687476158142,0.37459882100423175,0.40770386656125385,0.19753414889176688,0.2468782365322113,0.48871078093846637,0.42545531193415326,0.9949008027712504,1.38850757378125,-8.182228502348933,-23.3518052820876,0.0,0.0
ES2004d,638,0.6497453053792318,0.3463091452916463,0.4180852274099986,0.09961938112974167,0.07267985368768375,0.3073627899090449,0.3588474194208781,0.9493752519289652,2.199676430391902,-9.393880546063327,-23.122603651933872,0.0,0.0
ES2004d,639,0.5360524455706278,0.28084413210550946,0.4621043900648753,0.40130818883577984,0.34174270058671635,0.513805091381073,0.4609015882015228,0.6521872182687124,19.309132515436808,20.81617035278471,-11.441421043021279,0.0,0.0
ES2004d,640,0.5382094283898672,0.27453604340553284,0.5373273392518362,0.32423115770022076,0.2021691749493281,0.5339762071768442,0.4674880603949229,0.30718571444352466,10.305083565493723,25.687952398466546,-15.763680509122873,0.0,0.0
ES2004d,641,0.6166355411211649,0.3971613546212514,0.3444186250368754,0.08387182652950287,0.04134191075960795,0.45985976854960126,0.3583804170290629,0.6693121194839478,-2.228775553643302,-13.436183165728727,-15.022935046780423,0.0,0.0
ES2004d,642,0.5549981792767843,0.2905949453512828,0.4442731241385142,0.09736510862906773,0.0376156580944856,0.7071287234624227,0.5428362886110941,0.34288122846434516,-6.96792916371669,19.69750292804765,-15.174655278009084,0.0,0.0
ES2004d,643,0.6476772626241049,0.2961571166912715,0.4928933382034302,0.1198166087269783,0.035996917014320694,0.6365756094455719,0.5062921742598215,0.699252650141716,-3.7823734247943626,18.757805886683116,-12.619340902213281,0.0,0.0
ES2004d,644,0.6836175719896952,0.34830214579900104,0.4353526731332143,0.15753047416607538,0.04439824943741163,0.380879670381546,0.36806824803352356,0.9678308963775635,-4.244520230274713,19.956536994372094,-8.335387787594634,0.0,0.0
ES2004d,645,0.674772580464681,0.42192691564559937,0.39247266948223114,0.1583835557103157,0.05029157176613808,0.6624825596809387,0.4095553358395894,0.9247209429740906,-8.039536782276121,16.654895168283613,-5.929786092349725,0.0,0.0
ES2004d,646,0.5892634987831116,0.27823451658089954,0.5283081432183584,0.12557831158240637,0.06972851107517879,0.3912857969601949,0.5082869231700897,0.4172157049179077,16.954072293018502,25.705058905273514,7.96607759605934,0.0,0.0
ES2004d,647,0.5699693957964579,0.22108066578706106,0.521330992380778,0.1331582317749659,0.061624047656853996,0.3095770329236984,0.44390522440274555,0.5529377063115438,15.745991595484229,25.636891554234666,7.974470279949169,0.0,0.0
ES2004d,648,0.5540263056755066,0.273578221599261,0.5601814885934194,0.12476213028033574,0.05957096815109253,0.4563400447368622,0.472827007373174,0.3602832754453023,16.05923983817976,26.096890691142992,8.313495529921285,0.0,0.0
ES2004d,649,0.6112621625264486,0.25501082340876263,0.42085827390352887,0.1184765746196111,0.04579972599943479,0.23717810213565826,0.48538073897361755,0.24459384878476462,14.84266112248096,26.282068978857193,7.401295077210638,0.0,0.0
ES2004d,650,0.5155931810537974,0.32039085030555725,0.3637775182723999,0.09055309866865476,0.023035130153099697,0.4864192505677541,0.44175417224566144,0.457989901304245,10.508478112808271,22.936836865727173,7.16237998278714,0.0,0.0
ES2004d,651,0.5096583068370819,0.2519328792889913,0.4144679208596547,0.07297938565413158,0.014137782777349154,0.4617658654848735,0.4924924472967784,0.3306854839126269,8.132139606842072,25.970699733934776,9.829678155094285,0.0,0.0
ES2004d,652,0.48799171050389606,0.3216691811879476,0.5460383395353953,0.06500632067521413,0.013256722750763098,0.4188564320405324,0.5250077843666077,0.21513410285115242,7.225933268048972,27.67491476565098,9.159843764146453,0.0,0.0
ES2004d,653,0.5050497253735861,0.28191205859184265,0.6026009122530619,0.06090132022897402,0.014015293990572294,0.613159159819285,0.5798067847887675,0.1288853089014689,6.673802840913878,26.203763512389397,9.883512518277962,0.0,0.0
ES2004d,654,0.5054423213005066,0.3128737062215805,0.49884674946467084,0.06627206255992253,0.012378845053414503,0.4135378301143646,0.5311240553855896,0.3114137550195058,7.719409230716273,26.025804912909432,9.373349510656125,0.0,0.0
ES2004d,655,0.4570242663224538,0.3545013467470805,0.6112294991811117,0.0632983570297559,0.014730860479176044,0.4884011348088582,0.5131166279315948,0.21880938112735748,7.300532117720027,25.809894866782074,9.624342492651259,0.0,0.0
ES2004d,656,0.47032559911410016,0.3539885679880778,0.5707502663135529,0.06411860138177872,0.013906500612696012,0.4500080347061157,0.49600455164909363,0.041675887846698366,9.930003888811397,26.117505129303954,9.591595728365514,0.0,0.0
ES2004d,657,0.4662282466888428,0.3564344843228658,0.651578446229299,0.06418098012606303,0.013231457211077213,0.43306733171145123,0.5645014643669128,0.08562041943271954,8.409058504141203,26.100034030589025,9.325756311116649,0.0,0.0
ES2004d,658,0.46307315429051715,0.2671229988336563,0.412763516108195,0.06201668952902158,0.01605616168429454,0.6398899356524149,0.5140237609545389,0.08970851326982181,8.787007334009786,25.53162269008131,7.77887321633366,0.0,0.0
ES2004d,659,0.5416795214017233,0.2658107876777649,0.573818971713384,0.0803620417912801,0.017485882776478927,0.4309527377287547,0.5053480764230093,0.20947120618075132,9.36575014250954,25.036448753124798,7.783978290497526,0.0,0.0
ES2004d,660,0.5757210652033488,0.22271684308846793,0.5237568318843842,0.1490936428308487,0.056324376414219536,0.3191839357217153,0.38304657737414044,0.9698854486147562,11.476830951704942,26.471556600887123,-0.08285176153982447,0.0,0.0
ES2004d,661,0.5090087751547495,0.21218279004096985,0.43620574474334717,0.07509454836448033,0.03725373682876428,0.1665069287021955,0.4086530804634094,0.7280822892983755,9.974201133135864,23.34611675389387,2.664322700354486,0.0,0.0
ES2004d,662,0.5136064092318217,0.2999820311864217,0.43006426095962524,0.0779710238178571,0.030888233954707783,0.33470404148101807,0.3604762852191925,0.5293488626678785,10.021021584722375,21.56574521884312,3.118134423315677,0.0,0.0
ES2004d,663,0.47208550572395325,0.32831788063049316,0.5328471064567566,0.08655794709920883,0.035415638238191605,0.32412085433801013,0.37319103876749676,0.5159751077493032,9.905333003454468,22.520799865384642,3.627928506215529,0.0,0.0
ES2004d,664,0.7153245806694031,0.4220791260401408,0.43428264061609906,0.056266253193219505,0.026097820450862248,0.3609350472688675,0.34634342789649963,0.9597375591595968,4.750940947372258,-7.923397599666907,1.9278932424418895,0.0,0.0
ES2004d,665,0.8053542574246725,0.5815316041310629,0.32794580856959027,0.10681807001431783,0.04237196066727241,0.6073441803455353,0.3863990803559621,0.9825708071390787,4.119813896051432,0.107110861673083,3.0793528702713644,0.0,0.0
ES2004d,666,0.8186713059743246,0.5862439473470052,0.4424741764863332,0.07563138008117676,0.0673204455524683,0.6479694247245789,0.4212665756543477,0.747604101896286,5.030902576180502,-2.9161289158199875,3.15235396755528,0.0,0.0
ES2004d,667,0.7833292285601298,0.5733887255191803,0.35339224338531494,0.09514858449498813,0.05925453267991543,0.595623642206192,0.3389413257439931,0.9801361560821533,5.401028698700197,-2.3903608778843988,2.115106226815483,0.0,0.0
ES2004d,668,0.7828019658724467,0.5515577594439188,0.2341818908850352,0.06712062532703082,0.02835097039739291,0.5429431200027466,0.3919445077578227,0.9752474625905355,2.74706479851509,-1.7844816351785246,-0.13669383696875523,0.0,0.0
ES2004d,669,0.7906747857729594,0.6431793570518494,0.2833603620529175,0.12705894807974497,0.07561417110264301,0.7616848746935526,0.4099336564540863,0.9773364663124084,-0.9517168783638086,-0.4651261255528061,-1.5105386640358553,0.0,0.0
ES2004d,670,0.7762326598167419,0.600278894106547,0.29599201182524365,0.0745629221200943,0.026780201743046444,0.6938531597455343,0.45880207419395447,0.9744059046109518,-2.506323548158473,2.6756456421775394,-0.7126756634606078,0.0,0.0
ES2004d,671,0.6837809681892395,0.38065346082051593,0.3403294285138448,0.06741636494795482,0.03740328301986059,0.47082746028900146,0.40451716383298236,0.9832967718442281,4.223954906738876,-4.436999723105857,-3.154563207218228,0.0,0.0
ES2004d,672,0.6889252066612244,0.4321100413799286,0.4034724732240041,0.0557871013879776,0.02489057493706544,0.507793645064036,0.4561027189095815,0.7657434642314911,2.9551705225613514,-2.8667308385049655,-4.3776896902040825,0.0,0.0
ES2004d,673,0.726338267326355,0.5186055998007456,0.2956703007221222,0.10170954838395119,0.038860603546102844,0.5865664084752401,0.4178229173024495,0.7478476961453756,1.553020653819929,2.0210340648775844,-5.196243203723715,0.0,0.0
ES2004d,674,0.6968538165092468,0.6398956676324209,0.43566731611887616,0.07691938057541847,0.053527263924479485,0.3991903215646744,0.39888245860735577,0.9363519748051962,7.7831961501772255,-7.730663372625181,-2.9741505816228866,0.0,0.0
ES2004d,675,0.723158081372579,0.5530099868774414,0.34530500570933026,0.07261570418874423,0.097209507599473,0.4027601679166158,0.3252326399087906,0.9891496499379476,7.117751301234397,-11.899351011628719,-4.0809029955882385,0.0,0.0
ES2004d,676,0.6972865462303162,0.582489679257075,0.3981900562842687,0.10544903328021367,0.08417969942092896,0.5206880867481232,0.38001857201258343,0.7177092085282007,9.591045651560409,-11.20267803594957,-5.789890380093079,0.0,0.0
ES2004d,677,0.7249505519866943,0.4489024380842845,0.41198352972666424,0.052088732520739235,0.024363501618305843,0.4914669692516327,0.37169500192006427,0.8791292309761047,3.957792369467342,-7.643185599450131,-5.185562097379464,0.0,0.0
ES2004d,678,0.75715571641922,0.560365229845047,0.3587826093037923,0.10311538477738698,0.04543935259183248,0.5863508780797323,0.4055565893650055,0.9072616696357727,4.064983540953642,10.02713731317632,0.5028587696640048,0.0,0.0
ES2004d,679,0.6749764283498129,0.39039790133635205,0.47372329235076904,0.11744702110687892,0.04348635363082091,0.57148144642512,0.4642722010612488,0.9977012872695923,-1.7151704328810338,13.460821156389544,0.034784265722110776,0.0,0.0
ES2004d,680,0.7503833174705505,0.46395429968833923,0.29760144650936127,0.08332143475612004,0.02970075731476148,0.5433685580889384,0.5004110833009084,0.9566490650177002,0.36070381235213045,11.740854689458741,0.6698938359696479,0.0,0.0
ES2004d,681,0.7917332450548807,0.6987724701563517,0.4180343747138977,0.11675895502169926,0.043785988042751946,0.43121187885602313,0.4158597489198049,0.9259578982988993,7.656999403977925,13.342115054483338,4.0657111718489025,0.0,0.0
ES2004d,682,0.7503703832626343,0.6064458092053732,0.26584823429584503,0.12900847444931665,0.054272557298342385,0.36659590403238934,0.4154401322205861,0.9357502261797587,6.336179322373087,3.8277514868547264,3.4017601433415368,0.0,0.0
ES2004d,683,0.7074374159177145,0.4461575746536255,0.24833662807941437,0.08777804548541705,0.07071005925536156,0.34602489074071247,0.3874521454175313,0.996923009554545,-0.09469763353535372,-6.6629533430290975,4.2020501523291856,0.0,0.0
ES2004d,684,0.7319143811861674,0.5914864540100098,0.3505830466747284,0.08394743750492732,0.08931560690204303,0.42956075072288513,0.4022206664085388,0.9334103663762411,3.9253145476907956,-5.072044104844366,7.06194887258111,0.0,0.0
ES2004d,685,0.48618224263191223,0.1897187183300654,0.49984843532244366,0.0804740438858668,0.0216355553517739,0.21936764319737753,0.4493849078814189,0.6682150562604269,2.403081916009594,22.721530891296904,0.5148532572479908,0.0,0.0
ES2004d,686,0.48402588566144306,0.1844499558210373,0.5325468381245931,0.07561307648817699,0.022448820372422535,0.37753646572430927,0.4677356779575348,0.9373660087585449,2.002485029118739,25.924187186071418,2.4426080428726418,0.0,0.0
ES2004d,687,0.46879392862319946,0.18825642267862955,0.3623572687307994,0.07261460274457932,0.02285383517543475,0.1815547893444697,0.4546505908171336,0.7672402858734131,1.0355585239859637,24.053664818462178,1.0979091993043435,0.0,0.0
ES2004d,688,0.464473436276118,0.16883069773515066,0.3909218708674113,0.06858839591344197,0.021299637854099274,0.22971955190102258,0.4373398721218109,0.5686265826225281,1.5997421690613578,22.325175615402355,1.2658369369380615,0.0,0.0
ES2004d,689,0.4878793954849243,0.14937003205219904,0.3417164832353592,0.06750979522864024,0.024236192926764488,0.16164777179559073,0.461825559536616,0.8018263975779215,1.0468930217534027,21.769307286071577,0.90914347943534,0.0,0.0
ES2004d,690,0.44960731267929077,0.21355303128560385,0.4189171592394511,0.07094622900088628,0.023436856145660084,0.136293426156044,0.46797887484232586,0.8128368854522705,1.1604583396148722,22.362417262578692,0.6618542549618365,0.0,0.0
ES2004d,691,0.4596548179785411,0.25960064431031543,0.4895539383093516,0.09249839186668396,0.019825706258416176,0.22861738751331964,0.4377393126487732,0.7938668727874756,4.652455343690938,22.133018956538354,-0.1439445226379983,0.0,0.0
ES2004d,692,0.5515638689200083,0.1997062712907791,0.2838399410247803,0.10318541526794434,0.048022770943741,0.23876293996969858,0.47660568356513977,0.2853068639524281,6.421136684860852,20.591890342323904,2.8530579250610955,0.0,0.0
ES2004d,693,0.48611565430959064,0.13538923611243567,0.2643589799602826,0.12795173873504004,0.08623619998494784,0.3971802294254303,0.48752304911613464,0.023033402860164642,5.637276868274298,16.682588466501045,2.151176847968102,0.0,0.0
ES2004d,694,0.5360425313313802,0.1388177971045176,0.328662246465683,0.12060720473527908,0.06696185345451038,0.24778800209363303,0.4767971336841583,0.008123394567519426,5.361741427031233,15.523215779405595,2.206649399294974,0.0,0.0
ES2004d,695,0.5021408200263977,0.22194750607013702,0.44658581415812176,0.13337779293457666,0.07007629424333572,0.5314933061599731,0.5834409991900126,0.003731428529135883,5.663699228841565,15.512910886533065,2.4226822495776403,0.0,0.0
ES2004d,696,0.5761961539586385,0.19614440202713013,0.3516822208960851,0.13395254562298456,0.08306010067462921,0.3884154011805852,0.5246534943580627,0.0028964548837393522,6.229661125643534,15.968334003505015,3.0131698479014175,0.0,0.0
ES2004d,697,0.5388458371162415,0.22009522716204324,0.2923728624979655,0.12825004756450653,0.0820774311820666,0.4315252850453059,0.5501424670219421,0.009146172242859999,6.01071963328284,16.423132857811712,2.8942513500731866,0.0,0.0
ES2004d,698,0.654020369052887,0.23315257330735525,0.39161630471547443,0.12394174933433533,0.06276629989345868,0.4766242355108261,0.548945963382721,0.002066453089355491,6.640651910883771,16.79223541703677,2.7933906695759525,0.0,0.0
ES2004d,699,0.706237773100535,0.39799612760543823,0.37970344225565594,0.19547297557195029,0.1016421988606453,0.3930780788262685,0.44388113419214886,0.3474156508843104,-7.267730606640235,28.325216407438347,-14.677378580142,0.0,0.0
ES2004d,700,0.7169341047604879,0.3312121232350667,0.44008344411849976,0.1396050900220871,0.07528940588235855,0.42206666866938275,0.3867696722348531,0.46243339280287427,-9.676702760551935,25.544171184271534,-16.333106404153163,0.0,0.0
ES2004d,701,0.6855672001838684,0.43573527534802753,0.46187833944956463,0.14420069505771002,0.07378210872411728,0.4238065481185913,0.3428898553053538,0.589365358153979,-8.971358523028412,26.411658222970374,-17.886913778522526,0.0,0.0
ES2004d,702,0.3745751480261485,0.1634536956747373,0.26791005333264667,0.06059861555695534,0.02326657809317112,0.21573262910048166,0.39959393938382465,0.8761876622835795,-1.4819213283238357,18.719170065930516,11.788453971291972,0.0,0.0
ES2004d,703,0.3896656433741252,0.2543862114350001,0.23274028797944388,0.05552275230487188,0.020960387773811817,0.16779381036758423,0.47986675302187604,0.6243195136388143,-3.904236857526558,20.085547694111686,11.261840338709824,0.0,0.0
ES2004d,704,0.3642430504163106,0.18879403173923492,0.22585836549599966,0.049805392821629844,0.015369152960677942,0.15887807557980219,0.4373127222061157,0.6840766171614329,-3.7085842655264236,20.441127054367115,11.965434909892318,0.0,0.0
ES2004d,705,0.47622981667518616,0.24785097440083823,0.3996942788362503,0.09294062480330467,0.04734510307510694,0.32547270754973096,0.4215405384699504,0.7781030436356863,4.6419882484034325,22.867805015392246,10.513395635696034,0.0,0.0
ES2004d,706,0.5730360150337219,0.22679982582728067,0.5156018435955048,0.1406801293293635,0.08058796947201093,0.43222347895304364,0.4412626326084137,0.4104737788438797,17.96346176964971,24.508065954338907,6.723165340909817,0.0,0.0
ES2004d,707,0.632991095383962,0.20848993957042694,0.4547549585501353,0.13954938451449075,0.07158226271470387,0.47578495740890503,0.4446648359298706,0.21735293914874396,16.25587300880759,22.771445332092593,5.424460388074219,0.0,0.0
ES2004d,708,0.6143108805020651,0.2847837209701538,0.46886614958445233,0.059246841818094254,0.03092098794877529,0.5730169316132864,0.4027958810329437,0.5636808201670647,5.431712210432464,-14.959795229452652,-4.77290648302851,0.0,0.0
ES2004d,709,0.7582160035769144,0.2988213499387105,0.5206126173337301,0.04931240528821945,0.01983036349217097,0.4813225318988164,0.5131373306115469,0.5171841184298197,3.4201051970371203,-8.71537182887342,-2.877249306556083,0.0,0.0
ES2004d,710,0.6987080176671346,0.2723357677459717,0.5037723879019419,0.05392521619796753,0.020159595956405003,0.532310388982296,0.43664159377415973,0.5382286161184311,2.5607679014526212,-7.806460852557104,-3.2951004726528725,0.0,0.0
ES2004d,711,0.5685856342315674,0.26826778550942737,0.5153602063655853,0.07391586403052013,0.03558151796460152,0.3409137527147929,0.3820806642373403,0.39130091791351634,0.930483660629457,-13.561179136891312,-4.034791036155091,0.0,0.0
ES2004d,712,0.5657608906428019,0.23832653214534125,0.5034213463465372,0.05380524570743243,0.024188379446665447,0.5165276626745859,0.4535054862499237,0.15115957458813986,-1.8609899306662954,-14.603421204697511,-2.994718159025741,0.0,0.0
ES2004d,713,0.5245261887709299,0.3003689646720886,0.6633645296096802,0.08120083808898926,0.025141720349589985,0.519880493481954,0.45391862591107685,0.14133127902944884,49.07881291151424,-79.88923653907648,-49.91114462704608,0.0,0.0
ES2004d,714,0.5921904842058817,0.25064640243848163,0.546316792567571,0.14702998101711273,0.03794487565755844,0.43139661351839703,0.47850702206293744,0.4823875079552333,10.585399894624983,30.406301783363926,4.7309763969666925,0.0,0.0
ES2004d,715,0.565667192141215,0.19434398909409842,0.532475878794988,0.11764148871103923,0.041102604319651924,0.4414507846037547,0.39780693252881366,0.41354120522737503,11.832973845197415,28.963069883798855,5.7596997880829415,0.0,0.0
ES2004d,716,0.18102649847666422,0.16421906153361002,0.12030896544456482,0.03542243937651316,0.008823450654745102,0.10004058480262756,0.153141717116038,0.13346633315086365,8.300373656398152,-21.347639250530204,-7.825032300416233,0.0,0.0
ES2004d,717,0.5400200684865316,0.26743454734484357,0.34225952128569287,0.07685720175504684,0.019822208831707638,0.605391244093577,0.44735920429229736,0.03884898032993078,9.024999882872754,26.807070183251543,5.9910561305896435,0.0,0.0
ES2004d,718,0.5310579538345337,0.2945461670557658,0.29072576264540356,0.0916677862405777,0.021514608214298885,0.7138909498850504,0.44804300864537555,0.14131476605931917,11.858808250926634,25.718572134767275,8.145766113691048,0.0,0.0
ES2004d,719,0.5660331646601359,0.29160000880559284,0.35854994753996533,0.08542677760124207,0.018734171365698177,0.5462768177191416,0.3928477962811788,0.09298506503303845,13.30424744794473,26.720126676787157,8.581003639806442,0.0,0.0
ES2004d,720,0.584486742814382,0.27889104684193927,0.37351540724436444,0.10173959781726201,0.04135914519429207,0.43791427214940387,0.4198378423849742,0.1332322657108307,15.788242385986576,23.9666943021269,10.24423565873794,0.0,0.0
ES2004d,721,0.7268431186676025,0.39728741844495136,0.5307147403558096,0.06604560216267903,0.021273661715288956,0.3639012376467387,0.48941953976949054,0.04322869146320348,-8.40143267667886,23.32579918811371,-15.896266918977568,0.0,0.0
ES2004d,722,0.7190912763277689,0.38439950346946716,0.3810209780931473,0.07631262143452962,0.04267231747508049,0.40309058626492816,0.4997184177239736,0.15408273103336492,-11.086774068634616,24.658144121572494,-17.333439928970805,0.0,0.0
ES2004d,723,0.6895800431569418,0.29402613639831543,0.45671336849530536,0.07995800177256267,0.04268271972735723,0.43301887313524884,0.4849226474761963,0.006708796524132292,-10.59792465533757,24.97659596080901,-17.305759142715743,0.0,0.0
ES2004d,724,0.45777758955955505,0.30382032692432404,0.33634598056475323,0.07169815028707187,0.025782061119874317,0.28288611272970837,0.48329020539919537,0.12939892709255219,16.17138072945171,-21.892139102223926,-19.98279398797571,0.0,0.0
ES2004d,725,0.4742573102315267,0.2181252638498942,0.4188696841398875,0.09841669847567876,0.040931728978951774,0.3659829646348953,0.5220842957496643,0.3288111488024394,35.780109789548625,-61.659916782548805,-39.97649779154772,0.0,0.0
ES2004d,726,0.39543108145395917,0.20435460408528647,0.34136442343393963,0.12817221134901047,0.045627844209472336,0.43420926729838055,0.4420634110768636,0.08654471983512242,8.866492045186902,19.689904561546328,5.497479874592872,0.0,0.0
ES2004d,727,0.5463789602120718,0.18041972815990448,0.44987717767556507,0.12858704974253973,0.08494921152790387,0.3476904133955638,0.47112976511319477,0.21788046757380167,-1.4360994094450037,37.70682510743023,6.956124295299481,0.0,0.0
ES2004d,728,0.5330598553021749,0.16027230024337769,0.6567855278650919,0.13670107473929724,0.0828981784482797,0.3208049287398656,0.4330008228619893,0.4056510825951894,-3.748936414085962,40.07893863266337,5.035477542836376,0.0,0.0
ES2004d,729,0.5255318482716879,0.16127899785836539,0.5459470848242441,0.16224455336729685,0.09432922179500262,0.48849689960479736,0.4489610691865285,0.8239352504412333,-4.8153129657158456,40.725788499836376,4.424781438062169,0.0,0.0
ES2004d,730,0.5245784123738607,0.1737059106429418,0.5514114797115326,0.14245866487423578,0.07999176407853763,0.30467431743939716,0.4914781053860982,0.19794416427612305,-3.585220137287932,38.28853866644341,4.982615882180354,0.0,0.0
ES2004d,731,0.5165320138136545,0.15656080593665442,0.19724767406781515,0.10124493887027104,0.04355952329933643,0.3753872315088908,0.48403893907864887,0.5192336936791738,-1.7516742900345934,36.55800764931274,5.228084176973945,0.0,0.0
ES2004d,732,0.571617066860199,0.1906734729806582,0.35775476694107056,0.12907246500253677,0.06796952709555626,0.45278072357177734,0.4618539810180664,0.6166345179080963,-2.9125513034703254,34.01253536672886,4.956392625649695,0.0,0.0
ES2004d,733,0.44425736864407855,0.365378404657046,0.6745361487070719,0.2528550674517949,0.08060107938945293,0.2218111976981163,0.4114375611146291,0.022935533508037526,-34.35040764710056,-21.70073075971945,6.95492962780092,0.0,0.0
ES2004d,734,0.43873360753059387,0.1828622967004776,0.423334002494812,0.16054855783780417,0.0356831680983305,0.19158286849657694,0.3449419438838959,0.20448928574721018,-26.86536183803806,-27.356504243792717,12.680762874849671,0.0,0.0
ES2004d,735,0.40745683511098224,0.15590513249238333,0.42832205692927044,0.08301866551240285,0.023735553957521915,0.26430897414684296,0.3323332568009694,0.39660164217154187,-20.71693293414854,-20.041256037390536,4.430424079199828,0.0,0.0
ES2004d,736,0.33919363220532733,0.12543769925832748,0.25199443101882935,0.09883345415194829,0.04110883300503095,0.11841286967198054,0.38475950558980304,0.5951862434546152,-19.564810929048175,-17.358197609142692,4.1118852166618955,0.0,0.0
ES2004d,737,0.4302698075771332,0.1112014427781105,0.3288895934820175,0.08362032224734624,0.031431397423148155,0.3345688184102376,0.474073459704717,0.3054188850025336,-10.203287330275453,8.457541989716512,7.501417182120702,0.0,0.0
ES2004d,738,0.5073588589827219,0.2906405528386434,0.1944521019856135,0.07245463877916336,0.03149051840106646,0.24680270751317343,0.5556468367576599,0.6000298857688904,-3.4229000281139093,18.54338797517949,6.609837472105897,0.0,0.0
ES2004d,739,0.4030612111091614,0.19581719736258188,0.3477214326461156,0.05760218823949496,0.027869786446293194,0.28334090610345203,0.37988828619321185,0.5393700447554389,-15.382133575687837,0.8159207728824119,2.1071780661772146,0.0,0.0
ES2004d,740,0.5631053348382314,0.24621205031871796,0.4498133858044942,0.0917145808537801,0.03752624491850535,0.39279090364774066,0.3269333342711131,0.894762655099233,0.572134519450063,-7.795260026818667,1.9488791711676363,0.0,0.0
ES2004d,741,0.6893176436424255,0.438528835773468,0.4270281170805295,0.07119010264674823,0.043214159086346626,0.5260017812252045,0.3872125844160716,0.7767029702663422,2.1586015877492954,-4.842204566630571,1.2831196691612947,0.0,0.0
ES2004d,742,0.6295171976089478,0.32371029257774353,0.40679673353830975,0.06389760101834933,0.04032761168976625,0.6027139921983083,0.3524973839521408,0.7927804589271545,0.4218040586728411,-7.609495703978173,1.1957387043739387,0.0,0.0
ES2004d,743,0.7027138868967692,0.4212282995382945,0.2898745536804199,0.09642564753691356,0.04857022066911062,0.3093052605787913,0.32597999771436054,0.8627735575040182,2.581493039251984,-2.4870289479652534,0.9741647664406815,0.0,0.0
ES2004d,744,0.7950458526611328,0.49598249793052673,0.2869091009100278,0.08655055115620296,0.04515903381009897,0.4939148227373759,0.40374372402826947,0.7618468801180521,5.288604070260029,1.108609117726564,1.0062620146052108,0.0,0.0
ES2004d,745,0.5705833037694296,0.2730355163415273,0.5417285561561584,0.048426881432533264,0.02499498923619588,0.3122369150320689,0.39244208733240765,0.7128698031107584,-0.6755517596169874,-19.202785118867165,-1.0830044436339883,0.0,0.0
ES2004d,746,0.6470135947068533,0.3543095886707306,0.3906640907128652,0.12261674925684929,0.04864850640296936,0.4664572278658549,0.3777936299641927,0.4916568199793498,4.3786373828578,0.14576095704692862,0.030704819311278164,0.0,0.0
ES2004d,747,0.5431848565737406,0.2924475371837616,0.34009723365306854,0.05590896556774775,0.03698846946159998,0.27212366958459216,0.4018646279970805,0.19747733573118845,-7.782561971811259,-13.645202627384974,-4.74558542959601,0.0,0.0
ES2004d,748,0.5448927879333496,0.23457975685596466,0.3757164975007375,0.05620866268873215,0.017811644822359085,0.30920642614364624,0.3783646523952484,0.6616325924793879,-4.201920389757695,-7.018430851937445,1.0941279294069326,0.0,0.0
ES2004d,749,0.5782227118810018,0.2359885573387146,0.29063500960667926,0.046659041196107864,0.016849684218565624,0.21868675450483957,0.3958892524242401,0.7542312145233154,-1.5081076218598863,-8.16416969757452,4.631336800667684,0.0,0.0
ES2004d,750,0.5078953206539154,0.2530924528837204,0.31323476135730743,0.04572607080141703,0.01605268723020951,0.2974578340848287,0.35759712258974713,0.5455765475829443,-3.657475095302677,-12.963969929308817,7.295131513517707,0.0,0.0
ES2004d,751,0.5557890137036642,0.23599964876969656,0.30415113766988117,0.05585093547900518,0.025871289273103077,0.2276286631822586,0.2977120280265808,0.28599292784929276,-9.2793984784857,-14.326565149704502,10.297788594138629,0.0,0.0
ES2004d,752,0.4745481212933858,0.3000449289878209,0.35722572604815167,0.08076797177394231,0.031009366114934284,0.18217664708693823,0.29938655098279315,0.2609380433956782,-23.103597012475348,-13.903577930701568,13.253928179026099,0.0,0.0
ES2004d,753,0.47470130523045856,0.2843861977259318,0.17702156802018484,0.06605921188990276,0.03369626961648464,0.29433636864026386,0.31420838832855225,0.3812408943970998,-14.39287440952672,-15.765080540765313,11.541795272405885,0.0,0.0
ES2004d,754,0.5864310959974924,0.39871808886528015,0.3201506833235423,0.2220430796345075,0.2578568036357562,0.4036441644032796,0.2596709330876668,0.4624434734384219,-6.608145357330941,-11.526069017076596,6.537235517117196,0.0,0.0
ES2004d,755,0.6453154484430949,0.4509062071641286,0.4042408764362335,0.356956385076046,0.3241388450066249,0.35612232983112335,0.3585301438967387,0.9995129903157552,-8.965163293292193,-4.724491541714597,-0.5171008193080815,0.0,0.0
ES2004d,756,0.6667315363883972,0.5217054088910421,0.3365873197714488,0.6339821418126425,0.7972979148228964,0.295417661468188,0.25571921467781067,0.9994138876597086,-2.588538466479661,-0.22551641328017621,-1.4308462317745996,0.0,0.0
ES2004d,757,0.6209249496459961,0.5084049701690674,0.16990789771080017,0.4664965569972992,0.6079031626383463,0.28585702180862427,0.26759829620520276,0.9991865555445353,-1.334455085989161,1.3209075483886397,0.5208757842921564,0.0,0.0
ES2004d,758,0.6329788664976755,0.4065427879492442,0.34780200322469074,0.10816015054782231,0.053467486053705215,0.19373986621697745,0.35159798959891003,0.7133291065692902,9.415044353472382,21.101420399079867,6.194134450142811,0.0,0.0
ES2004d,759,0.6477083961168925,0.3964056968688965,0.39346428712209064,0.09338742991288503,0.04283895529806614,0.4544023275375366,0.3809305727481842,0.32428931693236035,10.236912025870568,20.431796289735825,8.151179241464494,0.0,0.0
ES2004d,760,0.6280834873517355,0.4156380295753479,0.27124543984731037,0.08393184095621109,0.03056206740438938,0.41471660137176514,0.3327140708764394,0.47029296557108563,9.50575234551922,21.374964294040847,8.87100112354153,0.0,0.0
ES2004d,761,0.5623764395713806,0.41148054599761963,0.22971717516581217,0.08823410421609879,0.0320809135834376,0.4299416244029999,0.3518397808074951,0.6440513730049133,8.309562934850005,20.47454949551168,8.08571785050026,0.0,0.0
ES2004d,762,0.5611329873402914,0.3499998350938161,0.3272489408651988,0.09582123160362244,0.03691267470518748,0.5333662033081055,0.3601280748844147,0.6986663142840067,6.664682434579109,18.51174218247026,7.361902042530455,0.0,0.0
ES2004d,763,0.5378622015317281,0.28431003789107007,0.30330019692579907,0.09555760522683461,0.03459802890817324,0.3121606608231862,0.3307613730430603,0.28945327798525494,5.591153136486902,17.677376455869673,6.453859201523475,0.0,0.0
ES2004d,764,0.4751718044281006,0.3263582686583201,0.26016610364119214,0.1007356991370519,0.03619214644034704,0.3395357032616933,0.3224949340025584,0.4315619394183159,4.909070242781684,17.77440902467991,6.542752279978676,0.0,0.0
ES2004d,765,0.43863119681676227,0.3217134475708008,0.15328954408566156,0.09104832261800766,0.03450991710027059,0.42905646562576294,0.3427843550841014,0.49155152837435406,4.426245172742374,17.02011654188509,6.74939521683936,0.0,0.0
ES2004d,766,0.422674427429835,0.2501073678334554,0.3408144414424896,0.07982370257377625,0.03597740766902765,0.2695371061563492,0.321326345205307,0.6701105435689291,3.615640899657152,16.564154077997138,6.367224496269505,0.0,0.0
ES2004d,767,0.5563114186127981,0.2760426104068756,0.33221712708473206,0.13098507871230444,0.06876722102363904,0.3776235083738963,0.3155144353707631,0.8627879420916239,3.0973055397158133,15.73463626356805,5.264221734950156,0.0,0.0
ES2004d,768,0.5954126715660095,0.2329714149236679,0.1811234454313914,0.45016783972581226,0.4899868108332157,0.32283658782641095,0.32228462894757587,0.9525743325551351,1.5874359539823295,13.265144952939409,5.021926476339503,0.0,0.0
ES2004d,769,0.7019477089246114,0.3409470319747925,0.21315345168113708,0.45688780148824054,0.41627124945322674,0.4054049750169118,0.26893871525923413,0.9578255414962769,2.149266156376157,13.282755882322151,5.4721912194054205,0.0,0.0
ES2004d,770,0.6564745903015137,0.36157509684562683,0.24036325017611185,0.2167381594578425,0.105948639412721,0.23714985946814218,0.3344486554463704,0.8747490644454956,3.9242507236239894,15.197404084653073,6.730581472188541,0.0,0.0
ES2004d,771,0.6446279088656107,0.4250244398911794,0.18125154078006744,0.11629388481378555,0.047674261033535004,0.42832045753796893,0.3531541128953298,0.41334614157676697,5.4973546466063965,14.875470682387332,7.189677190763537,0.0,0.0
ES2004d,772,0.6644024650255839,0.40890173117319745,0.25327334801356,0.09688079605499904,0.04899738480647405,0.4004555642604828,0.2959964871406555,0.6769440571467081,7.106787593928016,14.656238245584424,7.72985927160456,0.0,0.0
ES2004d,773,0.7488543391227722,0.42952393492062885,0.2731757313013077,0.1147375504175822,0.053331526617209114,0.43020281195640564,0.35407421986262005,0.8403520981470743,5.2155904985422845,13.614655899570772,6.755777080619663,0.0,0.0
ES2004d,774,0.7092113097508749,0.4190990924835205,0.20008779565493265,0.1242328609029452,0.0485866479575634,0.46009839574495953,0.3094135820865631,0.6629473765691122,5.094262257228482,13.536416789235624,6.599733026992401,0.0,0.0
ES2004d,775,0.6359721024831136,0.36748231450716656,0.20638383428255716,0.1405015711983045,0.04515009249250094,0.2450098047653834,0.31332504749298096,0.4635918041070302,5.716115698439817,14.686166887015103,6.593849585438434,0.0,0.0
ES2004d,776,0.6572887301445007,0.4220117727915446,0.19232639173666635,0.1226861799756686,0.03556336586674055,0.5212687353293101,0.3072243630886078,0.7116711735725403,5.038739312430539,13.712498798867372,5.977864851277281,0.0,0.0
ES2004d,777,0.6696945627530416,0.3473319411277771,0.27787134051322937,0.1366148591041565,0.04693077380458514,0.4206233223279317,0.292059193054835,0.8252788782119751,5.106229043062675,13.7486637576097,5.7289371549889045,0.0,0.0
ES2004d,778,0.16600491603215536,0.05745678643385569,0.10898452003796895,0.03368407736221949,0.005937298759818077,0.13870394229888916,0.16285856564839682,0.13420395056406656,-0.4495626845859673,7.419513967225224,1.0819694589079762,0.0,0.0
ES2004d,779,0.2703966995080312,0.11989752948284149,0.14112156629562378,0.06191550691922506,0.042447137335936226,0.23266873757044473,0.31727664669354755,0.2967764710386594,-8.259149490129543,21.330516656076522,4.402338813434024,0.0,0.0
ES2004d,780,0.4159829020500183,0.1424331267674764,0.4618809223175049,0.084294393658638,0.023619363084435463,0.22665522495905557,0.4942069749037425,0.594623476266861,-11.987319046460302,29.131615828181847,5.531028522354343,0.0,0.0
ES2004d,781,0.4014654258886973,0.14445951084295908,0.24366710086663565,0.06979341556628545,0.02782719520231088,0.26625653604666394,0.4573410948117574,0.20785132298866907,-11.49303785399313,31.50546359856504,8.085783478445611,0.0,0.0
ES2004d,782,0.40564889709154767,0.16190082828203836,0.2512874056895574,0.06588800996541977,0.036501401414473854,0.47669169306755066,0.5171089271704356,0.3648797422647476,-10.697277430951848,32.31415976787161,7.356202843430349,0.0,0.0
ES2004d,783,0.39456404248873395,0.18284882605075836,0.3141142229239146,0.07326628267765045,0.045349481205145516,0.2880589763323466,0.5036891102790833,0.45866499841213226,-11.374163918864179,32.42504099695453,7.796361243532225,0.0,0.0
ES2004d,784,0.4277721146742503,0.12191725025574367,0.33925873041152954,0.09642528494199117,0.04689506720751524,0.32281667987505597,0.5427734653155009,0.7591088712215424,-8.772967864362878,27.989039262668445,5.552945368268181,0.0,0.0
ES2004d,785,0.45801596840222675,0.16442507008711496,0.3056163042783737,0.07716583957274754,0.016252811687688034,0.15928541123867035,0.49390875299771625,0.7055129607518514,-8.373739230399744,26.22049203647541,2.8577766006537586,0.0,0.0
ES2004d,786,0.39682668447494507,0.16090507805347443,0.33583248655001324,0.07667167733112971,0.027838796377182007,0.42720140020052594,0.4781649311383565,0.5885620415210724,-10.80889968907068,24.721880060140325,2.853656691841581,0.0,0.0
ES2004d,787,0.4130411148071289,0.11341642836729686,0.4153180817763011,0.08103214452664058,0.031632709627350174,0.29750655094782513,0.4731900791327159,0.3144223168492317,-11.901062528704662,31.13887332087188,6.29680251130744,0.0,0.0
ES2004d,788,0.37212957938512164,0.16364410519599915,0.3354385743538539,0.08159039417902629,0.03887041533986727,0.2865826686223348,0.5010672012964884,0.29029858360687893,-13.147403427920027,31.53910829227438,6.3845777274273905,0.0,0.0
ES2004d,789,0.40251890818277997,0.15944418807824454,0.35502222180366516,0.07622273514668147,0.04082653423150381,0.24030448496341705,0.47187455495198566,0.3117803583542506,-13.371783319299405,31.573346300288808,6.2779151390798456,0.0,0.0
ES2004d,790,0.4018851121266683,0.17730318506558737,0.48989570637543994,0.05759103720386823,0.024465457225839298,0.16397544493277869,0.454202135403951,0.5471503734588623,-13.608406101552184,14.197626007423551,5.7207508344499685,0.0,0.0
ES2004d,791,0.4959438641866048,0.19294340411822,0.5146786173184713,0.21692723905046782,0.18889876206715903,0.2899772524833679,0.5430332024892172,0.557402233282725,-5.110855152058512,24.79729390961488,8.05683506599991,0.0,0.0
ES2004d,792,0.4797130028406779,0.27694907784461975,0.2316095381975174,0.39906169722477597,0.5304098638395468,0.33387484153111774,0.5421273708343506,0.9151303966840109,-6.782597149016162,20.148066706815865,5.008141687118418,0.0,0.0
ES2004d,793,0.5397645235061646,0.272185946504275,0.23769486943880716,0.6967238783836365,0.7701703508694967,0.4502333203951518,0.4935829738775889,0.986148993174235,-8.856917567597689,17.355428224454666,3.0439221899565148,0.0,0.0
ES2004d,794,0.5621677935123444,0.2799973090489705,0.20835613210995993,0.6421894331773123,0.6766688326994578,0.34906910359859467,0.2916657229264577,0.9875815113385519,-12.056393183802982,11.2108170109573,1.5175821014284916,0.0,0.0
ES2004d,795,0.4477322002251943,0.3998078405857086,0.333134005467097,0.7850919564565023,0.8185588916142782,0.3662804812192917,0.2446442892154058,0.9987226327260336,-11.917236239525218,9.843465721044831,2.395983493869871,0.0,0.0
ES2004d,796,0.4128057261308034,0.4108697970708211,0.37180042266845703,0.8687026103337606,0.964117149511973,0.23382670183976492,0.23120446503162384,0.9997435212135315,-12.93552843934082,12.275612811059615,3.8930261025575503,0.0,0.0
ES2004d,797,0.4387817084789276,0.268999050060908,0.3651660780111949,0.7252350350220998,0.8280218839645386,0.37571175893147785,0.335586816072464,0.9988609353701273,-17.18095094610476,12.719991150851635,3.768664625741765,0.0,0.0
ES2004d,798,0.6381664276123047,0.34513652324676514,0.16742018858591715,0.6159009138743082,0.8240384658177694,0.2658008088668187,0.34693652391433716,0.9988094369570414,-9.579415997675204,16.27125068377885,2.5585301401975933,0.0,0.0
ES2004d,799,0.6732585231463114,0.3415706654389699,0.21604575961828232,0.309902956088384,0.5793353915214539,0.470760315656662,0.36652735869089764,0.7181711594263712,-2.1793337271040243,0.008087942092349643,3.7444320782082747,0.0,0.0
ES2004d,800,0.7918232878049215,0.3490903029839198,0.36427543063958484,0.16554455707470575,0.2282512163122495,0.38282450040181476,0.42810296018918353,0.867229163646698,-0.12149128183024353,-2.913198534217758,3.406150195653994,0.0,0.0
ES2004d,801,0.6779271562894186,0.3445720374584198,0.34067833175261814,0.25343271096547443,0.27287108699480694,0.565955638885498,0.42571838696797687,0.9966687560081482,1.5567649457519253,-3.5856993806690305,2.7307111434478117,0.0,0.0
ES2004d,802,0.7337830464045206,0.56029412150383,0.29674847920735675,0.11902335907022159,0.1547930339972178,0.49509398142496747,0.49243443210919696,0.6688850025335947,-0.8701095868771708,12.634350117030445,0.6887732727681009,0.0,0.0
ES2004d,803,0.6480252146720886,0.46050703525543213,0.44419806202252704,0.22134574254353842,0.22179566261669,0.36921827991803485,0.5455002089341482,0.5417042101422945,-6.977308774367349,16.24154462095361,-0.8238992982379826,0.0,0.0
ES2004d,804,0.6115166942278544,0.33624916275342304,0.2011431654294332,0.5805385510126749,0.49966004490852356,0.5230243603388468,0.37590013941129047,0.9946228464444479,-18.575720140243007,8.772802383682818,-4.717413453441201,0.0,0.0
ES2004d,805,0.5931374231974283,0.40906758109728497,0.2830641120672226,0.5393828749656677,0.37656170129776,0.5267459253470103,0.449019193649292,0.9975800116856893,-17.799550090367806,9.812450108783068,-5.035727683112567,0.0,0.0
ES2004d,806,0.5968644420305887,0.3355954587459564,0.23617510000864664,0.4734823902448018,0.33040473858515423,0.6567996342976888,0.4985270102818807,0.9914345542589823,-16.84905304074348,9.76429734675414,-5.025380005993511,0.0,0.0
ES2004d,807,0.612023671468099,0.33873433868090314,0.2406307483712832,0.33742034435272217,0.2476710081100464,0.4838067988554637,0.5750240683555603,0.9275012612342834,-16.38309626180872,11.848470940541732,-4.667520799591611,0.0,0.0
ES2004d,808,0.43360425035158795,0.14283506075541177,0.5179294149080912,0.06729526196916898,0.033641563107570015,0.4475069244702657,0.3596105972925822,0.8509628574053446,4.596770498007599,-14.476974456471714,-6.230716948506455,0.0,0.0
ES2004d,809,0.49491654833157855,0.1853564977645874,0.5523432989915212,0.057417639841636024,0.033125478153427444,0.5838013490041097,0.39287737011909485,0.8415989478429159,4.434933751334712,-13.268079419515457,-5.36463078097611,0.0,0.0
ES2004d,810,0.4934312601884206,0.1895490288734436,0.5088419020175934,0.04626158997416496,0.026200713589787483,0.5910195509592692,0.47060314814249676,0.4955022136370341,2.4615837565640732,-16.010540458177204,-3.7701576418132503,0.0,0.0
ES2004d,811,0.6615922053654989,0.3252576192220052,0.39201854169368744,0.1264344503482183,0.06642382591962814,0.4524678687254588,0.44895584384600323,0.2570296972990036,19.82791898941409,17.02613318429459,10.773779278894677,0.0,0.0
ES2004d,812,0.6093635757764181,0.32632433374722797,0.4397348662217458,0.11876941720644633,0.06633338580528896,0.23955961068471274,0.4400440752506256,0.27650832136472064,20.06102848764792,24.6323676651555,11.510060907991416,0.0,0.0
ES2004d,813,0.6347585121790568,0.4268259008725484,0.5004570086797079,0.1160232921441396,0.07826992000142734,0.1867852658033371,0.4703085919221242,0.3196648359298706,19.940820615436397,25.748920839658165,12.376456398124205,0.0,0.0
ES2004d,814,0.6334590911865234,0.3061036864916484,0.5621814032395681,0.1305363749464353,0.08488528927167256,0.28948480387528736,0.4283515314261119,0.46582312881946564,19.354593280028812,24.49997549182874,11.56148737433008,0.0,0.0
ES2004d,815,0.6441193421681722,0.2735871473948161,0.3134212742249171,0.09837221850951512,0.05433339625597,0.2824491361776988,0.42631324132283527,0.6254553397496542,17.847105357904585,24.557005411468868,9.124548173583452,0.0,0.0
ES2004d,816,0.6410634915033976,0.3269432932138443,0.2969382057587306,0.10120098789532979,0.04616414507230123,0.26481181879838306,0.41961490114529926,0.4117385347684224,14.618971866225229,23.146215919827366,6.194653002080291,0.0,0.0
ES2004d,817,0.494379719098409,0.31704501310984295,0.1862639288107554,0.0858711302280426,0.019345845716694992,0.5627528329690298,0.5474971731503805,0.18465765565633774,3.439046477015399,17.564605530140877,-4.388171877239194,0.0,0.0
ES2004d,818,0.5221537748972574,0.31152910987536114,0.19038803378740946,0.11263046910365422,0.019430463512738545,0.5477068424224854,0.5438323219617208,0.09458598494529724,5.904129294856449,19.833192871171,-1.630956185123666,0.0,0.0
ES2004d,819,0.4739973743756612,0.2782786289850871,0.23882679144541422,0.09130171189705531,0.02071651630103588,0.76646488904953,0.506860613822937,0.06675759454568227,6.30534682005072,18.830128532594824,-1.4980347790915813,0.0,0.0
ES2004d,820,0.5233821272850037,0.27361700932184857,0.28889285524686176,0.10178371022144954,0.017809722883005936,0.5870014329751333,0.550549308458964,0.03163200709968805,4.41279429034898,19.088719090044425,-3.0269056963032575,0.0,0.0
ES2004d,821,0.622677723566691,0.31785743435223895,0.3885026027758916,0.09195963541666667,0.02005186304450035,0.5669833223025004,0.5255873203277588,0.2202834914981698,6.190560327136371,20.69581163041279,-2.6037641687741746,0.0,0.0
ES2004d,822,0.6620252132415771,0.4361693064371745,0.3995928466320038,0.08494887501001358,0.019264919062455494,0.5124719142913818,0.5567980607350668,0.12269668777783711,5.298096832445665,20.693465091862283,-3.300626323430509,0.0,0.0
ES2004d,823,0.672575851281484,0.40186169743537903,0.32480289538701373,0.09035640706618626,0.025320000636080902,0.5917593141396841,0.5333599746227264,0.07158626243472099,5.4300833686431105,20.929322280755432,-3.118015675363722,0.0,0.0
ES2004d,824,0.5192736585934957,0.30009355147679645,0.32554712394873303,0.071812704205513,0.02979612040023009,0.3617654542128245,0.3518432676792145,0.3356455548976858,-7.2624662538864095,-13.054907846510256,1.4933499703064825,0.0,0.0
ES2004d,825,0.5873995323975881,0.30580351253350574,0.2767849961916606,0.0697432520488898,0.04898565697173277,0.21309401343266168,0.38330743710199994,0.6484648485978445,-6.427374847404303,-10.45129005873653,-2.2350077723030055,0.0,0.0
ES2004d,826,0.588619073232015,0.37599332133928937,0.30569852391878766,0.06777045254906018,0.041357979799310364,0.27930866181850433,0.41668838262557983,0.5826263576745987,-8.459957327101442,-12.076499490239518,-2.1022092132298855,0.0,0.0
ES2004d,827,0.513317346572876,0.3399907400210698,0.3083815524975459,0.057249389588832855,0.03413572162389755,0.24804920703172684,0.4308495720227559,0.6608566244443258,-4.936020116671279,-11.06398303647601,-3.838501032356993,0.0,0.0
ES2004d,828,0.6307350993156433,0.2877367635567983,0.391059805949529,0.054609173287947975,0.023318591217199963,0.1674108331402143,0.4013550380865733,0.6807080209255219,0.49037813600689645,-9.849141661860218,-8.70628515907984,0.0,0.0
ES2004d,829,0.5893377065658569,0.3271687676509221,0.3172157605489095,0.06592640156547229,0.02751391443113486,0.2429234782854716,0.4018501043319702,0.1435219186047713,-9.219165208204904,-8.77100383507319,-6.933388764722238,0.0,0.0
ES2004d,830,0.6017342607180277,0.30734875798225403,0.4210674564043681,0.05936512351036072,0.03655624948441982,0.26123854517936707,0.4176684220631917,0.24950647354125977,-3.2430564311989567,-4.824204501221852,-3.6504985953409204,0.0,0.0
ES2004d,831,0.5445565084616343,0.2484073688586553,0.5148924787839254,0.1326686218380928,0.05455432708064715,0.5124098857243856,0.48368796706199646,0.9215760231018066,0.30814520709572935,13.680725022309327,0.2637691684993925,0.0,0.0
ES2004d,832,0.6228212714195251,0.25815550486246747,0.29493658741315204,0.08139010518789291,0.027916717032591503,0.49412571390469867,0.42791598041852313,0.8411980072657267,-1.6193255075230935,3.352473356413481,-3.549634976279124,0.0,0.0
ES2004d,833,0.6499814689159393,0.31733926633993786,0.29828908542792004,0.09964017570018768,0.06997822535534699,0.46409738063812256,0.4184492826461792,0.8705572684605917,0.505065823622099,-5.241441773286588,-5.615267603467266,0.0,0.0
ES2004d,834,0.7770897150039673,0.5934416651725769,0.3501942306756973,0.08893456682562828,0.04333195835351944,0.44052375356356305,0.4664144416650136,0.6323270207891861,2.2359622745203867,4.095237057458522,-2.0377361577231707,0.0,0.0
ES2004d,835,0.6736301779747009,0.45414278904596966,0.35693464676539105,0.24738488594690958,0.3207704524199168,0.18454313774903616,0.35595693190892536,0.950823167959849,-9.949067990871516,-4.323672467690746,-4.678755399795715,0.0,0.0
ES2004d,836,0.5154276887575785,0.3821788777907689,0.38938037554423016,0.327088122566541,0.10957787993053596,0.41594164570172626,0.4604504406452179,0.9966139396031698,-10.055967335626365,10.737582425986574,-3.9369107626916104,0.0,0.0
ES2004d,837,0.51138307650884,0.19910143812497458,0.3124670038620631,0.14154091229041418,0.0430729261909922,0.26379115382830304,0.5503033101558685,0.76632492740949,-6.1728523317120905,16.259336475874623,-0.439692522249363,0.0,0.0
ES2004d,838,0.44279298186302185,0.18455361823240915,0.3652997414271037,0.07532893617947896,0.023281363770365715,0.16409866511821747,0.5080805122852325,0.7046332955360413,-7.897038938985111,26.96117982694783,4.84843732679595,0.0,0.0
ES2004d,839,0.4724757174650828,0.23686069746812186,0.45664305488268536,0.07607078552246094,0.020640581225355465,0.26433466126521427,0.5560768942038218,0.49295466641585034,-12.494399227336144,20.038195519146228,2.7490346189521326,0.0,0.0
ES2004d,840,0.44725873072942096,0.1770960291226705,0.4069514075915019,0.08724649002154668,0.02001950020591418,0.4676038920879364,0.5816195209821066,0.22911515335241953,-17.58097541097632,16.17713000804542,-0.4980945568093598,0.0,0.0
ES2004d,841,0.49572084347407025,0.20291070143381754,0.28637898961702984,0.0964365005493164,0.018077263919015724,0.3831728398799896,0.5664582451184591,0.4578009247779846,-13.000984951760637,15.69164151675106,-3.547952225682127,0.0,0.0
ES2004d,842,0.4254612425963084,0.18087022503217062,0.212859978278478,0.08595907688140869,0.02722548320889473,0.33278976877530414,0.5666353901227316,0.49900393187999725,-13.900550681018371,20.76037396513941,-1.658192283615686,0.0,0.0
ES2004d,843,0.5242445866266886,0.22610372801621756,0.23489254216353098,0.10980119059483211,0.032806034510334335,0.3113100330034892,0.5517134467760721,0.4753052592277527,-21.019368998234157,16.901837694694464,-1.9496071092967033,0.0,0.0
ES2004d,844,0.5355958541234335,0.16974889735380808,0.2963826557000478,0.09972907851139705,0.034330300986766815,0.34769998490810394,0.5520322124163309,0.1711338832974434,-25.11989607821773,18.172618645518913,0.27544753465233174,0.0,0.0
ES2004d,845,0.5179304977258047,0.15537692606449127,0.2572840253512065,0.10448847711086273,0.03055668994784355,0.3456716736157735,0.5377055207888285,0.24748080472151437,-24.74186632426435,18.28391905828605,-0.8749351258019988,0.0,0.0
ES2004d,846,0.42828423778216046,0.1710633486509323,0.348213255405426,0.08019372324148814,0.027577567224701244,0.3764135291179021,0.5407770872116089,0.3471476535002391,-24.417658837382543,17.84828403074016,-1.36137344714965,0.0,0.0
ES2004d,847,0.45675918459892273,0.2274008442958196,0.3185276985168457,0.08685560027758281,0.027345362429817516,0.31377102931340534,0.5404666463534037,0.390797237555186,-25.143390953479823,18.00042274154261,-1.7665046642179731,0.0,0.0
ES2004d,848,0.6202203631401062,0.3552546004454295,0.4250245193640391,0.25823059181372326,0.15726086124777794,0.2479299654563268,0.4237464865048726,0.7004031936327616,10.517259837484255,25.03776900899962,-6.394504280048213,0.0,0.0
ES2004d,849,0.5114438533782959,0.3260676860809326,0.5310943822065989,0.24284089605013529,0.1713298335671425,0.46579229831695557,0.3887660602728526,0.3762572680910428,7.9114596426548145,28.148422207536758,-9.238829591779966,0.0,0.0
ES2004d,850,0.5370195607344309,0.3229590952396393,0.5887029767036438,0.2275941918293635,0.17934086422125498,0.5773002703984579,0.4112793306509654,0.19929232696692148,7.231021295547644,27.780900986659276,-11.508796012072823,0.0,0.0
ES2004d,851,0.49070248007774353,0.3616304099559784,0.4772545099258423,0.2974380701780319,0.188397487004598,0.373686542113622,0.4653253157933553,0.19603573779265085,9.934096458726396,26.58946391560259,-11.382776818179403,0.0,0.0
ES2004d,852,0.48427191376686096,0.3472676674524943,0.4926060239473979,0.26811128358046216,0.19054916004339853,0.5445104738076528,0.5063089032967886,0.08739600578943889,10.337491334136045,24.787715346392048,-10.680115760103803,0.0,0.0
ES2004d,853,0.5375218292077383,0.3674834370613098,0.4344407916069031,0.2797110031048457,0.19732355078061423,0.4969515800476074,0.4675562083721161,0.3953380584716797,8.972305118484854,23.63954834747482,-10.698576639700661,0.0,0.0
ES2004d,854,0.4775769313176473,0.29490185777346295,0.5568234423796335,0.2917904555797577,0.28282082080841064,0.5008841156959534,0.4528069893519084,0.08328438550233841,7.295780322674969,23.762601879778156,-11.516235556689024,0.0,0.0
ES2004d,855,0.5401449998219808,0.34105173746744794,0.3899409274260203,0.24819810191790262,0.17280173053344092,0.5237173934777578,0.5472395022710165,0.5247635344664255,11.19924180396769,20.819000500765892,-9.634873506389402,0.0,0.0
ES2004d,856,0.5634466807047526,0.3250998953978221,0.41868461668491364,0.2023303061723709,0.10753469417492549,0.5938645799954733,0.43229033549626666,0.3915242950121562,9.344319929403682,18.01143092604288,-7.827198954142947,0.0,0.0
ES2004d,857,0.6031225124994913,0.32215450207392377,0.470575879017512,0.20961229503154755,0.07681350161631902,0.4298025170962016,0.4490346411863963,0.15701510260502496,9.293490436186373,18.83769221332261,-8.680790685023426,0.0,0.0
ES2004d,858,0.5972155531247457,0.3463066617647807,0.4302738706270854,0.20211762189865112,0.07712069650491078,0.4013408174117406,0.42162566383679706,0.3104954808950424,10.359828963992067,18.55543923257247,-8.888982455563553,0.0,0.0
ES2004d,859,0.6108617782592773,0.31268012523651123,0.3332355121771495,0.21509838104248047,0.0826438491543134,0.4632999300956726,0.44125791390736896,0.11719663875798385,12.674135059138075,17.83625370576345,-6.155544216580036,0.0,0.0
ES2004d,860,0.44067766269048053,0.17939337094624838,0.3402349054813385,0.08150740464528401,0.012492304357389608,0.3277794321378072,0.572914203008016,0.5418843527634939,-23.68227281884305,13.935108492928222,-7.593787158089128,0.0,0.0
ES2004d,861,0.44622429211934406,0.21810531119505563,0.18031871070464453,0.08786141127347946,0.01725975393007199,0.2592141181230545,0.555170863866806,0.25428838034470874,-21.80342607276506,16.980993106725908,-4.123705196444457,0.0,0.0
ES2004d,862,0.5246394276618958,0.13722224036852518,0.3338351398706436,0.07387788593769073,0.013151324354112148,0.31444495916366577,0.48785169919331867,0.40803058445453644,-9.150474326300037,21.442966667683432,1.000392710978679,0.0,0.0
ES2004d,863,0.4551471471786499,0.15962696075439453,0.1804762581984202,0.09739335874716441,0.014305820999046167,0.2909197260936101,0.4980724056561788,0.5034579137961069,-2.2662886799819604,21.065662765598937,4.092628479430899,0.0,0.0
ES2004d,864,0.4584282636642456,0.15605654815832773,0.23330419262250265,0.08131323754787445,0.011770489315191904,0.1187158077955246,0.5375299652417501,0.7147709925969442,-5.579648120061997,20.224130727851776,3.1416429011690794,0.0,0.0
ES2004d,865,0.45025862256685895,0.1402299702167511,0.19746638337771097,0.08235508700211842,0.013532131599883238,0.22976688047250113,0.48640913764635724,0.46523064374923706,-5.675120537617687,21.586309636819422,4.557344486742852,0.0,0.0
ES2004d,866,0.4477584660053253,0.178376833597819,0.19563948859771094,0.07904098555445671,0.013594218840201696,0.19237872958183289,0.4710896809895833,0.6728914181391398,-7.103921278352222,21.377745793245282,4.062843712690857,0.0,0.0
ES2004d,867,0.45672818024953205,0.17166816691557565,0.29331902662913006,0.07659796873728435,0.013677810318768024,0.15209925919771194,0.49711279074350995,0.6210599740346273,-7.591294862057811,21.745813177801057,3.6138580522046406,0.0,0.0
ES2004d,868,0.4526563882827759,0.17008365194002786,0.2952193220456441,0.07154722760121028,0.01389267792304357,0.15280253440141678,0.5165680050849915,0.6500688989957174,-8.092548129401495,21.747711844417335,2.9917739934566754,0.0,0.0
ES2004d,869,0.48054056366284686,0.15377157429854074,0.20190696914990744,0.06851043552160263,0.013908832954863707,0.2175262769063314,0.5333041946093241,0.5769191036621729,-7.963510346009753,21.69965146490863,2.8745683022015895,0.0,0.0
ES2004d,870,0.47065868973731995,0.11911196261644363,0.23472737769285837,0.06453037137786548,0.01463246438652277,0.2621672252813975,0.5070975720882416,0.46489505966504413,-6.818556856348697,21.101110026808296,3.393589395003552,0.0,0.0
ES2004d,871,0.4755079944928487,0.1329274500409762,0.2763846715291341,0.0737724428375562,0.013096123623351255,0.203357661763827,0.48226072390874225,0.8154310584068298,-6.70752947603006,21.062089698842026,3.551012615614676,0.0,0.0
ES2004d,872,0.45495561758677167,0.13930176695187887,0.22903730471928915,0.07319699724515279,0.01632436892638604,0.3686088025569916,0.4654875596364339,0.7548715273539225,-6.015296817468421,20.78711171465771,3.8070670208618473,0.0,0.0
ES2004d,873,0.4746725559234619,0.15171197056770325,0.2861653467019399,0.06818493455648422,0.01622425423314174,0.41003339489301044,0.4933142264684041,0.8002157211303711,-6.563022326121413,20.834297949183537,3.3260438271919988,0.0,0.0
ES2004d,874,0.43319836258888245,0.16946743428707123,0.33843470613161725,0.05694804837306341,0.015337062689165274,0.356820950905482,0.5208606719970703,0.9050682981808981,-6.986101268359664,21.119138537242065,3.2170561780397198,0.0,0.0
ES2004d,875,0.4316154619057973,0.1829243799050649,0.25667362411816913,0.07806093742450078,0.014755553876360258,0.2343280017375946,0.49114633599917096,0.794906735420227,-7.646629992746784,21.168926368266067,3.1771921698318697,0.0,0.0
ES2004d,876,0.458595077196757,0.17729617158571878,0.3726015587647756,0.06664480517307918,0.014656965310374895,0.33852262298266095,0.5126462479432424,0.8399530450503031,-7.532823890587799,21.023939098461472,3.180050480602676,0.0,0.0
ES2004d,877,0.4568958878517151,0.1727893352508545,0.23487370709578195,0.07657046740253766,0.013275745324790478,0.2703856776158015,0.5315030614535013,0.7695327202479044,-7.933225124322019,20.820078657757264,3.167868528173201,0.0,0.0
ES2004d,878,0.47619738181432086,0.15756695220867792,0.3106771061817805,0.07761643081903458,0.015349159638086954,0.3166739493608475,0.5719121297200521,0.5410699248313904,-8.550354811316323,21.11997140893906,2.850649209025624,0.0,0.0
ES2004d,879,0.4595828056335449,0.1526766816775004,0.31691213448842365,0.08799704412619273,0.01422534417361021,0.24356224884589514,0.5447822411855062,0.6869392593701681,-8.423877931959778,21.367178075417385,2.464218703782858,0.0,0.0
ES2004d,880,0.4549906253814697,0.12951290359099707,0.21789759397506714,0.08670293539762497,0.014321375948687395,0.23567257821559906,0.5639309088389078,0.543289323647817,-9.278638801593221,21.589496217375356,1.9224736724500078,0.0,0.0
ES2004d,881,0.6463341116905212,0.2891220599412918,0.44350578387578327,0.05782229204972585,0.02479177713394165,0.23456601798534393,0.41433070103327435,0.48580460747083026,0.21163653556327758,-9.53079372869635,-3.651714516009841,0.0,0.0
ES2004d,882,0.655486524105072,0.31766200562318164,0.5437291065851847,0.05396112551291784,0.018775546923279762,0.330353781580925,0.4183194438616435,0.5987453460693359,0.7930765453266163,-8.429628726036292,-3.5406275992560587,0.0,0.0
ES2004d,883,0.6097243428230286,0.23246568938096365,0.45012158155441284,0.061271497358878456,0.03373643569648266,0.20774907867113748,0.3960951368014018,0.7884505192438761,1.7364897941559752,-5.605011636288526,-3.54572771843594,0.0,0.0
ES2004d,884,0.5914328296979269,0.31556737422943115,0.3416994959115982,0.05510843793551127,0.017296891038616497,0.36926106611887616,0.45335833231608075,0.6837601661682129,-0.7819575838749198,-7.532887704521492,-4.3170745171678675,0.0,0.0
ES2004d,885,0.5850829283396403,0.2489045262336731,0.3090878427028656,0.06969739869236946,0.02935152066250642,0.44375162323315936,0.45009713371594745,0.9075560172398885,0.9629014976145571,-5.0001007821284835,-3.5952683973068282,0.0,0.0
ES2004d,886,0.6568607886632284,0.25616539518038434,0.4261663754781087,0.05341341719031334,0.01791386492550373,0.21680737535158792,0.43732548753420514,0.9285529454549154,0.7872532378959862,-7.548078573611224,-3.6524917210966295,0.0,0.0
ES2004d,887,0.6532026926676432,0.2729438891013463,0.35421470801035565,0.051593863715728126,0.015135096696515879,0.16294318437576294,0.4193923572699229,0.8198565244674683,0.8637156155162162,-7.489868210668764,-3.4946533418507477,0.0,0.0
ES2004d,888,0.7741943597793579,0.5078490773836771,0.3582325925429662,0.13306549688180289,0.052542016531030335,0.4257100522518158,0.47334086894989014,0.955263356367747,5.671243125761481,15.740621483404867,4.021208252711117,0.0,0.0
ES2004d,889,0.730158269405365,0.6459347804387411,0.5606569647789001,0.13563945889472961,0.042899614199995995,0.5896953443686167,0.4445083737373352,0.8200632731119791,5.272270773854898,15.614575996067446,1.9241859395510037,0.0,0.0
ES2004d,890,0.6925987799962362,0.5121126174926758,0.49082959691683453,0.11934830000003178,0.040021905985971294,0.6145466764767965,0.4774187405904134,0.7632792592048645,4.363530209046087,15.9084160039419,2.232878253204933,0.0,0.0
ES2004d,891,0.6839760740598043,0.3436223715543747,0.3686852256457011,0.08415424327055614,0.01772621211906274,0.33709003527959186,0.47148676713307697,0.7060962617397308,2.432294092053836,19.689082100466198,3.217053904923473,0.0,0.0
ES2004d,892,0.717106282711029,0.43784643212954205,0.22007685403029123,0.13149390618006387,0.08228607848286629,0.6540399392445883,0.5417230625947317,0.9249541362126669,-0.8192539471824878,13.96719159423663,-1.3648100043396278,0.0,0.0
ES2004d,893,0.7827149828275045,0.5703972180684408,0.19891360153754553,0.16883281618356705,0.07356769405305386,0.5583072304725647,0.3892960449059804,0.8331948320070902,2.524097929660974,5.073952368927645,-1.970138098846885,0.0,0.0
ES2004d,894,0.8281280398368835,0.5251755515734354,0.18716038763523102,0.1034625085691611,0.03979879586646954,0.5670995612939199,0.5179227987925211,0.5463716213901838,-2.2187580959659132,7.327439420292154,-2.4705553597339374,0.0,0.0
ES2004d,895,0.7434916098912557,0.4425392647584279,0.40788788596789044,0.12041083723306656,0.051472959419091545,0.5235549608866373,0.4260006248950958,0.9621231953303019,-1.3289369642049766,9.772047517314794,-1.2287135754758562,0.0,0.0
ES2004d,896,0.6848718225955963,0.4059353768825531,0.27675580978393555,0.10841637601455052,0.06350230301419894,0.47784339388211566,0.44741081198056537,0.6581959538161755,-3.3383578578098003,13.675240537960024,-2.692965701296874,0.0,0.0
ES2004d,897,0.6648080547650655,0.397112379471461,0.33404960483312607,0.11151841407020886,0.05606950757404169,0.5942531029383341,0.5548199613889059,0.5990882317225138,-9.557877568582635,17.60981935209955,-2.0364046071477175,0.0,0.0
ES2004d,898,0.7816082835197449,0.5267925262451172,0.26068584124247235,0.09110159675280254,0.03210347766677538,0.6568818688392639,0.4941548506418864,0.803771436214447,-1.8637131665457145,6.945067692232526,-0.8623663847633445,0.0,0.0
ES2004d,899,0.7180810968081156,0.38657863934834796,0.18649983406066895,0.08490209033091863,0.027794440587361652,0.6238446136315664,0.474174698193868,0.785432775815328,0.670424371158416,5.890425994774238,-1.0686536596004828,0.0,0.0
ES2004d,900,0.5963439146677653,0.318912535905838,0.37322279314200085,0.28239088257153827,0.268633338312308,0.5033189157644907,0.43312875429789227,0.789618968963623,0.9679769264692033,10.257542174846263,-3.697979909009376,0.0,0.0
ES2004d,901,0.5354587634404501,0.23541913429896036,0.3304583728313446,0.15116714189449945,0.16579731926321983,0.37849368651707965,0.5181315243244171,0.593693365653356,-5.685037803175756,-1.338124285192362,-2.6618342275345155,0.0,0.0
ES2004d,902,0.7165897687276205,0.3131491144498189,0.262197645381093,0.2753226285179456,0.14452752098441124,0.4956924815972646,0.41249387462933856,0.8006489475568136,0.8142931318096117,9.15358962874406,-1.9472512890411628,0.0,0.0
ES2004d,903,0.6261312663555145,0.34252676367759705,0.26689766347408295,0.19742210457722345,0.12057416575650375,0.7324660817782084,0.5547169844309489,0.9127015074094137,-5.673527849647097,15.427692521600084,-1.2660954832572042,0.0,0.0
ES2004d,904,0.6266437272230784,0.33915695548057556,0.41667765378952026,0.11383867015441258,0.034661234666903816,0.5041042367617289,0.45559518535931903,0.7346070011456808,-1.178415563337493,21.092742574758415,0.5634832734798383,0.0,0.0
ES2004d,905,0.6617875099182129,0.4012713780005773,0.2854324181874593,0.08104030291239421,0.01497237291187048,0.24828188369671503,0.41654815276463825,0.5521358748277029,-4.379273842781405,4.972035300730022,-3.4045881280090007,0.0,0.0
ES2004d,906,0.7769791086514791,0.5069190263748169,0.31115521987279254,0.05929521595438322,0.030144646142919857,0.47110360860824585,0.4035077889760335,0.3768038296451171,-2.6387429636770174,-1.8437503880356925,-6.3196225859210005,0.0,0.0
ES2004d,907,0.511626402537028,0.14346537987391153,0.3353261848290761,0.09385163585344951,0.019801166529456776,0.19474144528309503,0.4954165518283844,0.5616957247257233,-3.780501881761699,19.909309169425995,-4.2583738358669025,0.0,0.0
ES2004d,908,0.42498650153477985,0.14751446495453516,0.33146666487058,0.05807661016782125,0.022048164779941242,0.2211916297674179,0.4608732263247172,0.712826669216156,-7.871959670830101,11.059146091610664,-2.244737052179186,0.0,0.0
ES2004d,909,0.3620043098926544,0.18264926224946976,0.2403498316804568,0.056264039129018784,0.020187591512997944,0.1294703148305416,0.44676684339841205,0.5069407125314077,-13.033923194531909,2.654348204856292,-1.200240488393592,0.0,0.0
ES2004d,910,0.44438375035921734,0.1630466878414154,0.3579048862059911,0.09047021095951398,0.02663262685139974,0.18453108767668405,0.4983663161595662,0.2613592545191447,-17.362506031802962,5.448699738359072,2.7608554688692752,0.0,0.0
ES2004d,911,0.5075427095095316,0.23365404705206552,0.16956986486911774,0.09751829256614049,0.03201487101614475,0.2644444579879443,0.5121054251988729,0.6668461859226227,-7.826915964512274,12.345595583689908,1.394901227876747,0.0,0.0
ES2004d,912,0.5307285785675049,0.2354550908009211,0.12900416801373163,0.08336229870716731,0.01853226311504841,0.15774000932772955,0.4796050389607747,0.4432852069536845,-8.768712442610125,7.965022584653127,-0.9754175529653057,0.0,0.0
ES2004d,913,0.4225957890351613,0.17569177349408469,0.1879299357533455,0.08400271460413933,0.015987197247644264,0.16533125191926956,0.507503459850947,0.603587289651235,-6.256817267842042,12.933975080106178,2.026512554146601,0.0,0.0
ES2004d,914,0.4616314768791199,0.18519419928391775,0.46884120504061383,0.054035586615403496,0.017511320300400257,0.11133679375052452,0.463271826505661,0.43649571140607196,-4.134854646077067,27.919137813781976,6.630312726351744,0.0,0.0
ES2004d,915,0.5349176526069641,0.17960978547732034,0.40982990463574726,0.060738369822502136,0.023104022567470867,0.3875850935777028,0.4997865657011668,0.3840992326537768,-1.7358309467002655,28.082297572467578,5.747659543464798,0.0,0.0
ES2004d,916,0.5482724905014038,0.26999784012635547,0.27588342626889545,0.08445839335521062,0.03239901612202326,0.2680167357126872,0.537746787071228,0.5980472515026728,-2.243455474962616,27.11351281280828,4.552072654264641,0.0,0.0
ES2004d,917,0.583348552385966,0.22979403535525003,0.18158704539140066,0.06979115431507428,0.026209079350034397,0.3187546084324519,0.47961514194806415,0.5604747384786606,-1.4851553354320564,27.60809311069268,4.690000819297268,0.0,0.0
ES2004d,918,0.5088201363881429,0.17054862777392069,0.16682443022727966,0.0633403869966666,0.020639193554719288,0.225006694595019,0.4914282560348511,0.32800817241271335,0.3562784089678995,27.300684167194163,5.21736684427314,0.0,0.0
ES2004d,919,0.5095479190349579,0.24675779789686203,0.3388967663049698,0.05399019395311674,0.02062012441456318,0.2546142985423406,0.5447185238202413,0.27833012739817303,-1.2743490704483333,27.556661868434656,4.406846611928608,0.0,0.0
ES2004d,920,0.5079527298609415,0.22093951205412546,0.30055171251296997,0.0588087315360705,0.01889968290925026,0.23920265833536783,0.5122111241022745,0.21571031461159387,-2.2555169894442404,27.11321323425473,3.5601902897077586,0.0,0.0
ES2004d,921,0.4857880075772603,0.2536376118659973,0.3314199298620224,0.058645358930031456,0.01831261192758878,0.21897363166014353,0.5064035554726919,0.0697380667552352,-2.620117951463046,27.288746211260882,4.019146003022451,0.0,0.0
ES2004d,922,0.5103382070859274,0.27474066118399304,0.2807109256585439,0.06917481621106465,0.033038241788744926,0.2630777855714162,0.4288373986879985,0.39680300156275433,-5.535340416042918,18.779120783094907,1.561735468759024,0.0,0.0
ES2004d,923,0.5566056172053019,0.23334579666455588,0.3834514816602071,0.058372498800357185,0.023016350343823433,0.1754614065090815,0.5058872203032175,0.30734121054410934,-4.262637701954648,29.168330964015045,6.048749371698887,0.0,0.0
ES2004d,924,0.5543581048647562,0.24250495930512747,0.41382890939712524,0.06057718520363172,0.02191012476881345,0.19437742978334427,0.495415339867274,0.15481272836526236,-4.46524526802789,29.718940062691484,6.9181816925345805,0.0,0.0
ES2004d,925,0.5634962916374207,0.21692933638890585,0.31776540478070575,0.06776547680298488,0.022028508906563122,0.2556918536623319,0.5307861765225729,0.18771963690718016,-3.2570006319293365,28.28394774132707,6.478971702776925,0.0,0.0
ES2004d,926,0.5089528063933054,0.2980913817882538,0.2195522834857305,0.06514513120055199,0.03369194331268469,0.2699209302663803,0.395365243156751,0.5601893266042074,-5.4792722716386395,17.988798399844132,2.8572590910337126,0.0,0.0
ES2004d,927,0.5036330819129944,0.23693753282229105,0.40457122524579364,0.06953711683551471,0.024119141822059948,0.34012550115585327,0.516076515118281,0.5959035257498423,-1.135266094327456,27.73416510767314,5.27186367417375,0.0,0.0
ES2004d,928,0.481092244386673,0.25127815703550976,0.3382292191187541,0.1665149616698424,0.30992022218803567,0.24548635880152384,0.42366539935270947,0.685612807671229,-7.025954240398203,13.918391056351856,4.969907724456601,0.0,0.0
ES2004d,929,0.33775454262892407,0.3578615685304006,0.20651780317227045,0.5001855393250784,0.7927428483963013,0.1647950621942679,0.17506669958432516,0.9998746911684672,-19.918803398261222,-10.425822492159838,7.445336840885048,0.0,0.0
ES2004d,930,0.3915916979312897,0.37876896063486737,0.25872738162676495,0.38777854045232135,0.7533803582191467,0.2402318517367045,0.25005850692590076,0.999748170375824,-24.762056959588893,-15.876533871163682,8.151165334088942,0.0,0.0
ES2004d,931,0.4028610388437907,0.34718823432922363,0.44250160455703735,0.3318083981672923,0.7147799531618754,0.15581988791624704,0.2542434980471929,0.9999032616615295,-27.865093644537883,-15.273642835701642,6.476313756438777,0.0,0.0
ES2004d,932,0.44449296593666077,0.18635820845762888,0.20759726564089456,0.08042580510179202,0.026537064462900162,0.22963823874791464,0.43674154082934064,0.3467197356124719,-7.030736204032634,14.745043784357861,4.50020132351374,0.0,0.0
ES2004d,933,0.541748841603597,0.2043169637521108,0.22067630290985107,0.09052671740452449,0.025218066448966663,0.28615476687749225,0.512053519487381,0.5008543431758881,-5.041179119529326,25.8665099260635,6.385780769593496,0.0,0.0
ES2004d,934,0.4945613741874695,0.17860108117262521,0.32070307433605194,0.08035997301340103,0.019478941957155865,0.19149558742841086,0.5131290455659231,0.40804092089335126,-5.126471451643714,26.086984259110903,7.047756383513987,0.0,0.0
ES2004d,935,0.4769891599814097,0.14270455141862234,0.26443108916282654,0.05582636967301369,0.01853022041420142,0.07316242903470993,0.4913296401500702,0.4273175497849782,-4.997582903467761,25.1775899154167,7.338151161984325,0.0,0.0
ES2004d,936,0.46140600244204205,0.18462232251962027,0.3131063332160314,0.057209618389606476,0.01624811440706253,0.12394588689009349,0.5563410123189291,0.4301868776480357,-4.29839589905426,25.67562221825772,6.938405233404819,0.0,0.0
ES2004d,937,0.5350872874259949,0.16145165264606476,0.41130807995796204,0.08756876985232036,0.017304394394159317,0.21802450716495514,0.5313512881596884,0.5135003626346588,-4.268147796699018,25.394733831969774,6.596091121572377,0.0,0.0
ES2004d,938,0.4789179464181264,0.16747853656609854,0.3188533882300059,0.07902212689320247,0.013664366366962591,0.17702226340770721,0.522380550702413,0.5333053568998972,-4.808362552578089,25.396606548982806,6.28461369312708,0.0,0.0
ES2004d,939,0.6971502304077148,0.3627280344565709,0.32360073427359265,0.05900947252909342,0.03102489374577999,0.5002217888832092,0.46652326981226605,0.6498586150507132,1.0302478831044446,-2.0264271636594136,-1.8540673829635044,0.0,0.0
ES2004d,940,0.7705894708633423,0.4676718513170878,0.2821250408887863,0.09653179968396823,0.047395105163256325,0.49291159709294635,0.4503749708334605,0.9931315978368124,6.517235172934567,4.557633410598004,-0.7833054408789609,0.0,0.0
ES2004d,941,0.802141547203064,0.492045799891154,0.3909729818503062,0.0685669481754303,0.02191683587928613,0.5874854624271393,0.4063235322634379,0.8619688550631205,6.089392107621517,5.324997055131532,-1.2281755446160698,0.0,0.0
ES2004d,942,0.7186766266822815,0.4865935643513997,0.36466728647549945,0.06663464878996213,0.02591398109992345,0.5864347020785013,0.45528555909792584,0.7600785394509634,3.017716986720689,2.04202461022819,-1.4845810235889587,0.0,0.0
ES2004d,943,0.7125357985496521,0.39441630244255066,0.25059955070416134,0.055921768148740135,0.018276165860394638,0.4883231421311696,0.4471484323342641,0.4043228477239609,1.0412892728087944,-5.935948447625994,-0.10364086874622765,0.0,0.0
ES2004d,944,0.7236819465955099,0.5235486725966135,0.4263944625854492,0.08789390077193578,0.046156094099084534,0.47859612107276917,0.31945226589838666,0.9092891216278076,1.777127233738099,-6.402231460396206,-0.872451318969044,0.0,0.0
ES2004d,945,0.7317378918329874,0.572604238986969,0.38472673296928406,0.06949797148505847,0.0329349140326182,0.706512987613678,0.3827147086461385,0.9983164270718893,6.065224265499644,-1.0819169274014628,0.6197303494884132,0.0,0.0
ES2004d,946,0.7188459436098734,0.42699602246284485,0.2940315256516139,0.08790812889734904,0.05465993471443653,0.534124364455541,0.3759164810180664,0.8611042698224386,0.10949830107069936,0.8035415387871326,2.32574416416219,0.0,0.0
ES2004d,947,0.7605413595835367,0.4759203592936198,0.16691465179125467,0.09910885989665985,0.039515711988011994,0.4730384647846222,0.424773633480072,0.8348634839057922,1.5801406109743485,7.35722157216599,-0.20225885970694754,0.0,0.0
ES2004d,948,0.7468468348185221,0.3631025006373723,0.2952010656396548,0.08162551373243332,0.04357239200423161,0.7451933224995931,0.45430808266003925,0.7136401434739431,1.7836091287198335,-1.251169486278961,-1.5847611447705123,0.0,0.0
ES2004d,949,0.734998881816864,0.37734395265579224,0.3502792716026306,0.09692626694838206,0.06963043473660946,0.5964370965957642,0.4032340844472249,0.9020564556121826,5.882301194251062,-3.6263152891151553,0.11937825132035185,0.0,0.0
ES2004d,950,0.8161494135856628,0.5610857903957367,0.39225512742996216,0.0846818486849467,0.03180029739936193,0.6310187379519144,0.46197015047073364,0.7159204085667928,3.8813125736350744,-6.016907824299907,2.861610123302499,0.0,0.0
ES2004d,951,0.8331965804100037,0.5387590527534485,0.28867586453755695,0.10509507854779561,0.07261109227935474,0.5847518444061279,0.4425508777300517,0.7407981554667155,4.202491525268198,-1.103106436385655,0.4500140607725846,0.0,0.0
ES2004d,952,0.8319071531295776,0.6213271617889404,0.2643609295288722,0.23750343918800354,0.18024932593107224,0.42786191900571185,0.43328675627708435,0.9641796549161276,6.831928014686791,5.019740366014157,-0.7238674059684516,0.0,0.0
ES2004d,953,0.7490359743436178,0.6271197199821472,0.37194033960501355,0.14722483853499094,0.08151085923115413,0.6152567466100057,0.4901813169320424,0.7593136529127756,5.885940098107767,8.215264988355779,-0.9344656665251909,0.0,0.0
ES2004d,954,0.7897869547208151,0.5233430365721384,0.278998667995135,0.14357880502939224,0.10516240944465001,0.5471629500389099,0.4932127098242442,0.45836245889465016,2.90027269446961,14.747567048738,1.395022942497298,0.0,0.0
ES2004d,955,0.7538223465283712,0.47062737743059796,0.25042735040187836,0.07059117779135704,0.03142093804975351,0.5089894235134125,0.4478371739387512,0.497788501282533,2.8302280667550317,8.732257263789052,2.544769665468228,0.0,0.0
ES2004d,956,0.7338216304779053,0.3664338042338689,0.4177475919326146,0.10301367938518524,0.09839894374211629,0.4161489357550939,0.41892733176549274,0.5068666438261668,1.9480026793983771,-9.992610468921221,3.66335883131347,0.0,0.0
ES2004d,957,0.6844245195388794,0.4621005058288574,0.48167075713475543,0.23231796423594156,0.13402978951732317,0.6091029445330302,0.39597893754641217,0.5129623065392176,-5.437842653521529,15.440199731176312,-13.325593484757889,0.0,0.0
ES2004d,958,0.7741857171058655,0.5325814684232076,0.2799939016501109,0.4312170743942261,0.2865288555622101,0.2935524682203929,0.38395105799039203,0.9652790824572245,-12.596173792545278,29.437310228535242,-27.62648124583292,0.0,0.0
ES2004d,959,0.6712709267934164,0.36831770837306976,0.39321914315223694,0.47622084617614746,0.36114176114400226,0.3909751574198405,0.2586895028750102,0.9882072607676188,-3.4483289511535795,26.654805493132812,-20.034679315312808,0.0,0.0
ES2004d,960,0.5487555662790934,0.24159426987171173,0.3532215356826782,0.34306104729572934,0.3835393413901329,0.4080281009276708,0.3835370937983195,0.9771519899368286,-2.7819570527427984,25.313254631452775,3.8149272247317243,0.0,0.0
ES2004d,961,0.5945618351300558,0.1995605876048406,0.3573461174964905,0.1609205553929011,0.07711541031797726,0.4324171741803487,0.4921439786752065,0.8348864515622457,-0.5564937788267552,24.343035742835763,1.6669079416004484,0.0,0.0
ES2004d,962,0.5930426915486654,0.2111270676056544,0.34457728266716003,0.10071715712547302,0.027938546612858772,0.3238541434208552,0.5336948235829672,0.4466084837913513,-2.233189124781162,19.57103408897495,0.5134952567590948,0.0,0.0
ES2004d,963,0.4185279111067454,0.15617497762044272,0.27934013307094574,0.08517243588964145,0.03879309197266897,0.19714164237181345,0.42047591010729474,0.6001162528991699,-17.949226567184464,-6.404720915992349,7.494389975145466,0.0,0.0
ES2004d,964,0.3664616048336029,0.17651711404323578,0.32344987988471985,0.13997432589530945,0.0518280565738678,0.1437922976911068,0.36805609862009686,0.6507003623992205,-27.08632244380948,-24.138508846405927,10.946252223003052,0.0,0.0
ES2004d,965,0.3347187836964925,0.17000494028131166,0.413297563791275,0.08943973730007808,0.047218541304270424,0.0960589920481046,0.3966032365957896,0.7150958577791849,-25.378914351792826,-22.065442297937917,7.003879616546889,0.0,0.0
ES2004d,966,0.3346884250640869,0.10724328209956487,0.47921256224314374,0.09754691024621327,0.05980877329905828,0.16544118026892343,0.4242980380853017,0.7127760549386343,-27.41341623770482,-20.428695540476397,6.448245408679363,0.0,0.0
ES2004d,967,0.3185005784034729,0.15044529736042023,0.4956843356291453,0.08571151395638783,0.040368239084879555,0.1839441036184629,0.3986002405484517,0.4024050459265709,-28.383325203114396,-22.155427804463688,6.941326119977723,0.0,0.0
ES2004d,968,0.4202354947725932,0.1976587027311325,0.4758182466030121,0.1456883897384008,0.060853819052378334,0.12098073462645213,0.3749970893065135,0.2874609821786483,-31.33342656502747,-23.813095152714652,5.907241029683064,0.0,0.0
ES2004d,969,0.4450155198574066,0.15088418622811636,0.3079702903827031,0.13670658071835837,0.046186851958433785,0.15032144635915756,0.346929669380188,0.15785091494520506,-31.162710456623827,-26.899556434838654,8.75207149440135,0.0,0.0
ES2004d,970,0.3915402392546336,0.20440364380677542,0.2847104122241338,0.15422380963961282,0.060310362527767815,0.14484218011299768,0.4127265413602193,0.29530030488967896,-29.54357805510514,-26.03153012351552,8.31131382821869,0.0,0.0
ES2004d,971,0.34992141524950665,0.270840048789978,0.22447834412256876,0.17936798433462778,0.08321446180343628,0.10039093842109044,0.40482015411059064,0.18515054136514664,-28.129599401423036,-24.838569820409038,7.7956508049892035,0.0,0.0
ES2004d,972,0.36204103628794354,0.25565654039382935,0.44101959466934204,0.2185463160276413,0.11968937516212463,0.09425884733597438,0.4055272539456685,0.4880032191673915,-31.113111648454566,-19.78705216387904,4.549272447458726,0.0,0.0
ES2004d,973,0.5161228577295939,0.25841986139615375,0.31068267424901325,0.2282512535651525,0.1339999884366989,0.27042992413043976,0.38095807035764057,0.8281425436337789,-37.22771261446956,-23.07323280284598,20.561759341689328,0.0,0.0
ES2004d,974,0.42966143290201825,0.27896860738595325,0.21286090215047201,0.3926925907532374,0.7828273177146912,0.24356825153032938,0.22172300517559052,0.9995784560839335,-20.66500782424256,-7.659281480318509,0.03043924083761863,0.0,0.0
ES2004d,975,0.37744106849034625,0.31985145807266235,0.2721383919318517,0.5178673466046652,0.8207007845242819,0.11658789838353793,0.2484172284603119,0.9998193780581156,-21.05843836605376,-10.404015404759301,-0.44171879359658744,0.0,0.0
ES2004d,976,0.3258767823378245,0.3198976715405782,0.17023293177286783,0.5044067402680715,0.9155501921971639,0.1396415593723456,0.2185387909412384,0.9999810854593912,-18.70697849579928,-11.436613236012976,-0.34407095573436464,0.0,0.0
ES2004d,977,0.3239940603574117,0.1361458177367846,0.40958593289057416,0.08179305742184322,0.031430148209134735,0.3150787949562073,0.41296206911404926,0.025369351729750633,-21.06024524840662,-22.26000720991878,-2.456476235416849,0.0,0.0
ES2004d,978,0.3585747182369232,0.1488775114218394,0.4551380972067515,0.09010993192593257,0.03401197865605354,0.1744595244526863,0.3891701300938924,0.06083347725992402,-24.680623736980248,-30.309896702803243,5.078883606913673,0.0,0.0
ES2004d,979,0.33952436844507855,0.15956598023573557,0.33430225650469464,0.08644343167543411,0.0308224701633056,0.20728198190530142,0.3335743546485901,0.09557010481754939,-24.251612873958933,-31.993105565968932,5.702913841730727,0.0,0.0
ES2004d,980,0.3663683533668518,0.1468637560804685,0.4449501732985179,0.09443330764770508,0.02629155603547891,0.17080729206403097,0.3635062575340271,0.0398559778307875,-24.135853992782142,-31.286922823362563,5.301159014032909,0.0,0.0
ES2004d,981,0.34113507469495136,0.1424939309557279,0.3905651122331619,0.09867998957633972,0.042878190676371254,0.12518308808406195,0.43082594871520996,0.13060693691174188,-22.744193414859694,-28.827136726090306,4.611316645324455,0.0,0.0
ES2004d,982,0.5133112172285715,0.3082381685574849,0.5616715550422668,0.07878220826387405,0.021446151038010914,0.4503405789534251,0.5586415827274323,0.17332365612188974,-11.654344070772758,21.823608865593837,-11.757539937921793,0.0,0.0
ES2004d,983,0.5481492578983307,0.24622640510400137,0.49694162607192993,0.0695667453110218,0.032878972589969635,0.510923425356547,0.4819065531094869,0.654489462574323,-2.7353116785281926,0.8593612637483901,-5.912370716316712,0.0,0.0
ES2004d,984,0.6545945405960083,0.5212280750274658,0.18237189700206122,0.34107181429862976,0.27645442138115567,0.3545987159013748,0.41717633605003357,0.7870469689369202,-6.026008699727605,11.980132518266158,-6.998445606609568,0.0,0.0
ES2004d,985,0.594643235206604,0.29001477360725403,0.19085900485515594,0.3413664400577545,0.16400150954723358,0.45280736684799194,0.38622286915779114,0.9799409508705139,-5.556312177081335,11.141029179429152,-6.3644182530556925,0.0,0.0
ES2004d,986,0.0,0.0,0.0,0.0,0.0,0.0,0.0,0.0,0.0,0.0,0.0,0.0,0.0
ES2004d,987,0.0,0.0,0.0,0.0,0.0,0.0,0.0,0.0,0.0,0.0,0.0,0.0,0.0
ES2004d,988,0.0,0.0,0.0,0.0,0.0,0.0,0.0,0.0,0.0,0.0,0.0,0.0,0.0
ES2004d,989,0.0,0.0,0.0,0.0,0.0,0.0,0.0,0.0,0.0,0.0,0.0,0.0,0.0
