meeting_id,segment_id,AU01,AU02,AU04,AU06,AU12,AU15,AU17,AU25,head_pitch,head_yaw,head_roll,gaze_x,gaze_y
ES2003c,0,0.665860633055369,0.370171199242274,0.6132278641064962,0.1455903798341751,0.1514442414045334,0.41094131271044415,0.6100649833679199,0.5590820467720429,-12.802916405243996,41.380454775678515,-14.780582984338778,0.0,0.0
ES2003c,1,0.6698227922121683,0.42291294535001117,0.4661431511243184,0.2540864298741023,0.19623350103696188,0.2604223241408666,0.321338747938474,0.9196613828341166,49.55165770239277,64.54473732443775,51.84276785238139,0.0,0.0
ES2003c,2,0.5904466311136881,0.30881650745868683,0.3802039871613185,0.3863312602043152,0.18859566251436868,0.5210051039854685,0.3498261074225108,0.9927950898806254,15.237597675482547,81.05972500777722,18.128387330274894,0.0,0.0
ES2003c,3,0.562244196732839,0.3765307664871216,0.32572823266188305,0.2664075543483098,0.2946550101041794,0.4026451110839844,0.4633164207140605,0.9769168297449747,-14.019921907112945,73.37266648608284,-12.120839949093506,0.0,0.0
ES2003c,4,0.5307149291038513,0.30949637293815613,0.24428284168243408,0.19218749304612479,0.09099794179201126,0.5448908507823944,0.5485906302928925,0.6484660767018795,-38.18070691538636,38.38306232106442,-37.25490868628737,0.0,0.0
ES2003c,5,0.5928987463315328,0.48070823152860004,0.3893116960922877,0.07133843377232552,0.029821534951527912,0.40444334348042804,0.4912041624387105,0.13599430645505586,-5.743086620037946,-2.8399135846317516,-13.666745426553534,0.0,0.0
ES2003c,6,0.6590182781219482,0.42421568433443707,0.5815922617912292,0.120234581331412,0.13461020154257616,0.21344470977783203,0.45511581500371295,0.25682675652205944,-7.4759309484198075,19.103707300492605,-14.269621264869171,0.0,0.0
ES2003c,7,0.5912928382555643,0.39847565690676373,0.4032837947209676,0.24902703364690146,0.17073808858791986,0.42888520161310834,0.4589257637659709,0.7829323609670004,-39.03393042156184,55.41899401165822,-41.95970371095334,0.0,0.0
ES2003c,8,0.49291125933329266,0.2935230880975723,0.23588319371143976,0.26508598029613495,0.12875707199176153,0.21483427782853445,0.5255341033140818,0.4837811241547267,-48.430416206798135,67.73885217594677,-44.822310330718985,0.0,0.0
ES2003c,9,0.42957786719004315,0.19383606066306433,0.3305610467990239,0.23521733283996582,0.10853583365678787,0.5590424537658691,0.6284236907958984,0.3844229377185305,-29.916913545962704,66.56698192529866,-22.628238385774125,0.0,0.0
ES2003c,10,0.4303780694802602,0.18479026854038239,0.4492566188176473,0.16294543196757635,0.05118377134203911,0.5078821877638499,0.5771492520968119,0.5586710323890051,-30.082174169112008,65.94980904839734,-23.36222342407292,0.0,0.0
ES2003c,11,0.31902273495992023,0.2001569370428721,0.3039778023958206,0.13184734185536703,0.07850466668605804,0.1578944524129232,0.3512209753195445,0.40260112285614014,-18.80831746903662,34.27766367232419,-18.61474420498524,0.0,0.0
ES2003c,12,0.3605967660744985,0.27131007611751556,0.27636902530988056,0.06812197715044022,0.02972874479989211,0.27193139990170795,0.29008880257606506,0.13850255807240805,0.5623523409805588,-8.67141680688477,-1.91827066516723,0.0,0.0
ES2003c,13,0.5525699555873871,0.3172568927208583,0.4141203860441844,0.10110870003700256,0.054283556838830314,0.4863537549972534,0.4044586221377055,0.2461825329810381,1.304681975672119,-17.227408136463783,-2.077764014116958,0.0,0.0
ES2003c,14,0.6352139314015707,0.2803725153207779,0.46467264493306476,0.10222964733839035,0.03392229353388151,0.4241822858651479,0.48457955320676166,0.2906282553449273,5.344819239012883,3.8285569535336244,-4.8749188599625635,0.0,0.0
ES2003c,15,0.7234187920888265,0.3827326148748398,0.4619690179824829,0.08667624493439992,0.0361348744481802,0.462473064661026,0.5320215225219727,0.3061881021906932,3.0762750307121216,6.02994716370209,-4.447547921955462,0.0,0.0
ES2003c,16,0.6297871271769205,0.39068035284678143,0.3093789666891098,0.08482789248228073,0.04004189372062683,0.42675134539604187,0.3631598949432373,0.13281104620546103,1.5795814144373592,4.969533389687317,-2.7747049584779853,0.0,0.0
ES2003c,17,0.5572100381056467,0.3025258978207906,0.28161730865637463,0.07094667355219524,0.03686758937935034,0.5074612696965536,0.45036513606707257,0.3000791386390726,0.2192908563192336,2.967306213567129,-2.6014274123247634,0.0,0.0
ES2003c,18,0.5189769268035889,0.4065777162710826,0.19644716009497643,0.08108847091595332,0.0379987396299839,0.5243134001890818,0.4393685559431712,0.30443759604046744,-1.8566757167968462,-3.3139351911630173,-4.6871487034905766,0.0,0.0
ES2003c,19,0.5137409766515096,0.2676650087038676,0.30223262558380765,0.06151082242528597,0.0230578426271677,0.18860665957132974,0.41309571266174316,0.055819885805249214,-0.6882415855424148,-6.922717260580011,-4.573887485287102,0.0,0.0
ES2003c,20,0.6595699389775594,0.3556117018063863,0.36697570482889813,0.08311892300844193,0.030310734485586483,0.30037296811739606,0.4216229319572449,0.034309654186169304,0.5870065299304345,9.214875824170475,-1.6556904569049113,0.0,0.0
ES2003c,21,0.7105430563290914,0.42845600843429565,0.23660420378049216,0.1295745149254799,0.07227737084031105,0.38608338435490924,0.47024596730868023,0.36599038789669674,-7.242990760465347,34.01044546756783,-6.700482916755393,0.0,0.0
ES2003c,22,0.5475100378195444,0.3114289343357086,0.5876470903555552,0.20841141293446222,0.09368076175451279,0.48366352915763855,0.459426482518514,0.6615686813990275,-16.03480367198711,45.72171099087291,-14.3120977517893,0.0,0.0
ES2003c,23,0.5242887238661448,0.3988237778345744,0.39493026336034137,0.22202123701572418,0.17016365379095078,0.3923824727535248,0.402664711078008,0.4605796088774999,-8.147928853803363,26.656324853258166,-10.444212608311638,0.0,0.0
ES2003c,24,0.6924676497777303,0.2996031790971756,0.4206211566925049,0.1183019479115804,0.05148858701189359,0.4954339563846588,0.4646971623102824,0.2854810853799184,4.29355855477223,13.373303926306827,-3.222184708757729,0.0,0.0
ES2003c,25,0.6386959751447042,0.30008795857429504,0.32699524362881977,0.1196387733022372,0.03461820383866628,0.3278987209002177,0.5188133716583252,0.15488040447235107,5.1346992252798636,15.011662530464378,1.4961573678151805,0.0,0.0
ES2003c,26,0.7330187360445658,0.318410724401474,0.2183371459444364,0.09964816520611446,0.05034690350294113,0.4119123617808024,0.48204925656318665,0.04815264822294315,3.417603048708609,15.526524827084819,-0.30785656339877465,0.0,0.0
ES2003c,27,0.6574106613794962,0.5012336671352386,0.21797843277454376,0.09080515181024869,0.030874074747165043,0.6054307421048483,0.5213079253832499,0.16953153535723686,2.147356305819346,12.366389089207658,-2.7445137287145442,0.0,0.0
ES2003c,28,0.7384923895200094,0.4706673224767049,0.15291209518909454,0.07383410135904948,0.045466056714455284,0.5590975284576416,0.5178085068861643,0.26426887737276655,-0.9174719885440963,6.208421836816153,-5.476714879242226,0.0,0.0
ES2003c,29,0.5274662872155508,0.27492526670296985,0.3001564194758733,0.14348813146352768,0.1628647098938624,0.3316926558812459,0.4874936540921529,0.2619791316489379,-15.345538169153116,25.266892297134145,-16.327451895165712,0.0,0.0
ES2003c,30,0.5512675046920776,0.31548677881558734,0.3876546969016393,0.1753681922952334,0.19523733233412108,0.35443077484766644,0.49266117811203003,0.3624482462182641,-17.684331013810837,26.586295687300076,-19.379041642801607,0.0,0.0
ES2003c,31,0.6972702741622925,0.40134676297505695,0.43196767568588257,0.09786889950434367,0.04883726189533869,0.40103402733802795,0.46696141362190247,0.15270380427440008,-0.04514499368510272,10.691262426663641,-4.398124764986503,0.0,0.0
ES2003c,32,0.6603007117907206,0.30881883203983307,0.44956039388974506,0.09944328665733337,0.04339919922252496,0.44880910714467365,0.44525623321533203,0.2545245798925559,4.06168743330029,12.068462464810183,-0.1931259109472737,0.0,0.0
ES2003c,33,0.7168543934822083,0.4351448615392049,0.31597237785657245,0.09180307139952977,0.06520635883013408,0.4037591318289439,0.4015451669692993,0.09785574053724606,4.0474298266422695,9.983362754967287,-1.2516456098714002,0.0,0.0
ES2003c,34,0.6994757652282715,0.48677371939023334,0.2608344728748004,0.12066169579823811,0.06705175029734771,0.5727132757504781,0.45745402574539185,0.13890348995725313,4.182419600143152,12.641105135226715,-1.0489087775473303,0.0,0.0
ES2003c,35,0.5847583015759786,0.30280130604902905,0.31882747014363605,0.1263031909863154,0.08243825534979503,0.2695861409107844,0.48233946164449054,0.2301562443996469,-12.870968656791971,33.52551827669404,-14.06901357958707,0.0,0.0
ES2003c,36,0.4288497070471446,0.16087104131778082,0.6135439475377401,0.19021968295176825,0.0803891612837712,0.4758276641368866,0.42817242940266925,0.37436256371438503,-19.836291344869945,51.2251375651967,-18.708788206088396,0.0,0.0
ES2003c,37,0.5499231318632761,0.2359949251015981,0.6027537186940511,0.12953776369492212,0.04292169896264871,0.2503311187028885,0.4286971688270569,0.6680243114630381,-7.823884911508455,39.03034417293284,-6.07080068774487,0.0,0.0
ES2003c,38,0.5510621070861816,0.32340717564026517,0.5733330249786377,0.1793185050288836,0.09135494753718376,0.5115950703620911,0.495776226123174,0.3436058188478152,-14.858931489777774,43.681422508676214,-12.735472091673932,0.0,0.0
ES2003c,39,0.476704607407252,0.26021134853363037,0.4451909164587657,0.2481964627901713,0.08438368638356526,0.34014729658762616,0.5123820106188456,0.8576757311820984,-24.358580153284933,49.61748173344898,-23.01518106010776,0.0,0.0
ES2003c,40,0.4848376313845317,0.36246048907438916,0.310873298595349,0.18544378379980722,0.10014999285340309,0.35191915432612103,0.6266781489054362,0.5219049950440725,-32.605403390263284,56.48627502667467,-29.763301933308497,0.0,0.0
ES2003c,41,0.5284570554892222,0.34859635929266614,0.4692149758338928,0.19530059397220612,0.09247210000952084,0.4339461127916972,0.5955113967259725,0.5646844853957494,-24.677848846347818,43.74017456461343,-27.846060201505225,0.0,0.0
ES2003c,42,0.6914159059524536,0.5043290853500366,0.3797643134991328,0.14907353123029074,0.06412368143598239,0.5901510020097097,0.5274496674537659,0.3206201686213414,-0.7405392021460818,11.551814551643133,-14.608998153396191,0.0,0.0
ES2003c,43,0.595141589641571,0.3564288566509883,0.4850474198659261,0.15906215210755667,0.10033016589780648,0.3755575815836589,0.5820456743240356,0.5691321591536204,-25.699141640754615,53.43832696666666,-23.450108317522137,0.0,0.0
ES2003c,44,0.6721602082252502,0.46030622720718384,0.4314890404542287,0.18477483838796616,0.1305613468090693,0.3948797384897868,0.4871763189633687,0.3812318990627925,-12.443377218272948,35.40347599743373,-12.887510346746824,0.0,0.0
ES2003c,45,0.6045739650726318,0.432350551088651,0.41927258173624676,0.24227358400821686,0.19926761835813522,0.3813985784848531,0.5215251048405966,0.5489157636960348,-15.984204671812625,40.07390475180307,-16.84093323132291,0.0,0.0
ES2003c,46,0.623251756032308,0.4854075113932292,0.268210435907046,0.16440303872028986,0.12272661303480466,0.39073123037815094,0.5578739047050476,0.3272972865961492,-22.36665629409345,26.42789937322368,-10.188307163451183,0.0,0.0
ES2003c,47,0.5013309220472971,0.3868719240029653,0.22477489709854126,0.12485868732134502,0.13334487875302634,0.32884948949019116,0.5772705674171448,0.17791657273968062,-32.46612483908595,32.63651599988819,-15.037476209412704,0.0,0.0
ES2003c,48,0.2740942637125651,0.11560661097367604,0.19939572115739188,0.15901981790860495,0.06610451887051265,0.1615581214427948,0.3577778140703837,0.21001086321969828,-29.952305365489707,33.558807076423854,-25.271326545581374,0.0,0.0
ES2003c,49,0.0,0.0,0.0,0.0,0.0,0.0,0.0,0.0,0.0,0.0,0.0,0.0,0.0
ES2003c,50,0.16866312424341837,0.08246326446533203,0.060557588934898376,0.05348974963029226,0.010531734675168991,0.04049679636955261,0.18518590927124023,0.06564104557037354,-27.151915078914367,20.123338713011304,-26.001470309533243,0.0,0.0
ES2003c,51,0.37919461727142334,0.21089682976404825,0.19132345914840698,0.131361057360967,0.03831302374601364,0.1635653426249822,0.35093854864438373,0.3502246141433716,-42.232466389416146,43.56926950791117,-40.01815120493982,0.0,0.0
ES2003c,52,0.3631742000579834,0.3007264981667201,0.21977805097897848,0.22271310289700827,0.09577072163422902,0.21858746806780496,0.2964710295200348,0.6248674790064493,-25.977888329568696,40.65358929097823,-26.512457621681747,0.0,0.0
ES2003c,53,0.532298723856608,0.4099291463692983,0.4007899910211563,0.28012670079867047,0.254778486986955,0.3256746679544449,0.5867988467216492,0.844177762667338,-42.73837328934071,58.98828279124024,-40.386085691447875,0.0,0.0
ES2003c,54,0.5555112461249033,0.516008734703064,0.29336975142359734,0.23792002846797308,0.11534946287671725,0.39847389856974286,0.4595859944820404,0.3747145915403962,-16.478850042520275,42.03930877328161,-17.75661926963957,0.0,0.0
ES2003c,55,0.6209514141082764,0.3059914434949557,0.47305356959501904,0.16611872365077338,0.06949684272209804,0.5763370990753174,0.5221213499704996,0.37192367762327194,-10.86808752132841,31.15710690203613,-15.207101635841319,0.0,0.0
ES2003c,56,0.6483477751413981,0.4318806529045105,0.3301481107870738,0.1089239368836085,0.0886159564057986,0.515687108039856,0.4648594955603282,0.06295754263798396,-2.9171448455945064,23.450286121415456,-8.40602001753666,0.0,0.0
ES2003c,57,0.6358447472254435,0.5048961738745371,0.357863428692023,0.08963858336210251,0.04275138924519221,0.45093392332394916,0.5358382960160574,0.20198814570903778,1.3853539519396698,8.169535812358083,-8.44384023261899,0.0,0.0
ES2003c,58,0.6090760429700216,0.47077134251594543,0.28277522325515747,0.12891331315040588,0.053202581902345024,0.5022395650545756,0.5496390362580618,0.17729200422763824,3.7621648166995105,6.833291583320357,-10.882913487335452,0.0,0.0
ES2003c,59,0.648713747660319,0.3068246642748515,0.6071156859397888,0.11442215492328008,0.04542451910674572,0.566548635562261,0.4879097243150075,0.2691325172781944,3.7439165731693564,13.033032682614916,-12.442452753650846,0.0,0.0
ES2003c,60,0.4240899483362834,0.24083596467971802,0.5406193335851034,0.07926492268840472,0.02224676062663396,0.3265476847688357,0.4754401246706645,0.20122676839431128,-2.4902188858811147,4.833712804833481,3.9458034525102454,0.0,0.0
ES2003c,61,0.770179808139801,0.4502843916416168,0.2668483356634776,0.13106556236743927,0.1472186048825582,0.45974310239156085,0.5307978987693787,0.4148702770471573,-4.2807204144121,26.23096105241483,-7.544903401579539,0.0,0.0
ES2003c,62,0.6931385000546774,0.3419978817303975,0.46995816628138226,0.130942369500796,0.12303659071524937,0.5745755831400553,0.5127262572447459,0.6763181587060293,-1.328802896210982,28.5349311492274,-8.169527765278296,0.0,0.0
ES2003c,63,0.7027866840362549,0.28611260652542114,0.6096301476160685,0.11767893781264623,0.08484230687220891,0.31860436002413434,0.43929214278856915,0.4839853843053182,1.1606850441943821,27.883532534612822,-6.115614925906104,0.0,0.0
ES2003c,64,0.7014975547790527,0.23952611784140268,0.3784849097331365,0.11912190665801366,0.13702491422494253,0.45619285106658936,0.5444417297840118,0.5761424601078033,5.870867758152095,28.593712195981848,-4.421201976136257,0.0,0.0
ES2003c,65,0.6735467116038004,0.28977668782075244,0.3665140320857366,0.16494023303190866,0.17689151068528494,0.3226890563964844,0.5723182559013367,0.6544383863608042,4.887077834089129,27.725832640624017,-4.806409359184578,0.0,0.0
ES2003c,66,0.7363922595977783,0.3106877903143565,0.3449554890394211,0.1597481518983841,0.20013603568077087,0.390132615963618,0.5888843735059103,0.701494832833608,3.1941852540739712,26.16097619737603,-4.225075568963923,0.0,0.0
ES2003c,67,0.6750437219937643,0.39454185962677,0.3305235207080841,0.14485826591650644,0.1741855889558792,0.3882430096467336,0.5639280279477438,0.3563459912935893,4.009270806685147,27.145809096858354,-4.451347985961784,0.0,0.0
ES2003c,68,0.564275324344635,0.1718579332033793,0.6119054357210795,0.0838170846303304,0.031770856430133186,0.5845188498497009,0.37201977769533795,0.1605206442375978,-4.651372541574354,38.244088993172014,13.379753339113806,0.0,0.0
ES2003c,69,0.5657280484835306,0.1295932208498319,0.6838167309761047,0.07545067618290584,0.027574560915430386,0.5868122478326162,0.41000982125600177,0.29939570316734415,-5.797866607861287,36.001619055994276,11.148642745427495,0.0,0.0
ES2003c,70,0.5506989359855652,0.1802425185839335,0.6939437389373779,0.06936044991016388,0.02894821638862292,0.5799111624558767,0.3065943121910095,0.07614986101786296,-5.909390102179792,34.373113098920776,11.377719744861707,0.0,0.0
ES2003c,71,0.5442608594894409,0.1655071626106898,0.6677396297454834,0.06688589230179787,0.0262129083275795,0.5640060106913248,0.34138720234235126,0.03320775926113129,-6.034142318961018,33.600264555047254,10.833113318470149,0.0,0.0
ES2003c,72,0.557863732179006,0.16505182286103567,0.6562337080637614,0.0679532637198766,0.028228172411521275,0.5801195899645487,0.31059908866882324,0.13943203911185265,-6.242115149583316,33.11376386103234,10.484459236961664,0.0,0.0
ES2003c,73,0.5335771441459656,0.19887924691041312,0.7480776111284891,0.06898273279269536,0.02667599357664585,0.5386038323243459,0.33600383003552753,0.24219939236839613,-5.760256156169162,31.764806572743396,10.385367625694483,0.0,0.0
ES2003c,74,0.5307012995084127,0.2158144066731135,0.6465186675389608,0.0732787624001503,0.025501066197951634,0.4866670072078705,0.3297903736432393,0.12483405694365501,-4.4838781044549885,32.409092073970754,10.32668113364905,0.0,0.0
ES2003c,75,0.5439124504725138,0.22926248610019684,0.5664518276850382,0.061529260128736496,0.02722027525305748,0.37114142378171283,0.3343557318051656,0.17432598490267992,-3.2675900660313206,32.96483147397353,11.063940813797833,0.0,0.0
ES2003c,76,0.5048091014226278,0.24866082270940146,0.4752125342686971,0.06060893957813581,0.024651284019152325,0.4449540575345357,0.4294093648592631,0.023787559010088444,-3.29265856988156,32.94425370167372,10.590255512195043,0.0,0.0
ES2003c,77,0.5312265952428182,0.2500912894805272,0.5918609499931335,0.06324291229248047,0.02717188062767188,0.3630281388759613,0.36273417870203656,0.042723303039868675,-5.495687565182905,32.78751931709398,11.120601897728255,0.0,0.0
ES2003c,78,0.5435149868329366,0.16313419242699942,0.6403805414835612,0.06524624675512314,0.02340475097298622,0.4783150951067607,0.36815295616785687,0.06174467923119664,-5.599927863580398,32.53012909494465,11.63945106581591,0.0,0.0
ES2003c,79,0.5690782765547434,0.22151331106821695,0.5736103455225626,0.08191477631529172,0.018253466735283535,0.3808767149845759,0.36951005458831787,0.3004300035536289,-3.9137181686728426,27.151508142416088,6.923298193852497,0.0,0.0
ES2003c,80,0.5061076084772745,0.28840895493825275,0.5033946931362152,0.07857661321759224,0.01851107304294904,0.3240729173024495,0.36334673563639325,0.5488273501396179,0.6693857014835499,15.778030309608653,1.2766834507012907,0.0,0.0
ES2003c,81,0.50780122478803,0.25875124335289,0.5353404879570007,0.11878644675016403,0.0225166001667579,0.47234563529491425,0.4582919180393219,0.6116695900758108,1.0321170106085449,10.790368803311935,1.5483525643457794,0.0,0.0
ES2003c,82,0.5608195861180624,0.2769700288772583,0.5458663602670034,0.15426266193389893,0.032659366726875305,0.16605438788731894,0.47470904390017193,0.6601845473051071,3.158707785900408,-9.78544720438253,-1.0611042285062002,0.0,0.0
ES2003c,83,0.6104828914006551,0.3292166292667389,0.40292731920878094,0.1339292178551356,0.035537773122390114,0.14833560834328333,0.36350346108277637,0.39176295200983685,2.2782385371784493,-8.627430004081083,1.1788059942395266,0.0,0.0
ES2003c,84,0.5511869688828787,0.3889794647693634,0.4844079216321309,0.12966227531433105,0.031163702408472698,0.30321502188841504,0.39719539880752563,0.5666581952633957,-7.32299506171751,-8.737430976434448,-3.6142867660659754,0.0,0.0
ES2003c,85,0.3779590328534444,0.20123856017986932,0.6662585139274597,0.0781900758544604,0.028783711915214855,0.3069298068682353,0.3438926935195923,0.011040713172405958,-18.326314415679803,-29.48914695741657,-18.3954136430219,0.0,0.0
ES2003c,86,0.44957516590754193,0.2658519248167674,0.5127900987863541,0.08554198841253917,0.029679498945673306,0.24209109197060266,0.34059027830759686,0.12041291315108538,-18.943076575340665,-17.48668683020392,-12.49300382009032,0.0,0.0
ES2003c,87,0.5508045554161072,0.3608032464981079,0.5445077220598856,0.08679734418789546,0.021577545752127964,0.4365633924802144,0.39792970816294354,0.18680076797803244,-2.5294972162701383,8.644805449667862,-0.8905317072837443,0.0,0.0
ES2003c,88,0.4783310790856679,0.27343478550513584,0.7214035391807556,0.12400744607051213,0.043410307417313256,0.4778136710325877,0.46009326974550885,0.3232682968179385,9.43922531404756,25.028208540885544,7.919550070096655,0.0,0.0
ES2003c,89,0.5284751852353414,0.3879159490267436,0.7905835310618082,0.16596655050913492,0.06493867312868436,0.4723430275917053,0.4696053663889567,0.3443093200524648,14.145130229158076,30.22419300689653,10.09902409228326,0.0,0.0
ES2003c,90,0.526331752538681,0.3617193301518758,0.759134848912557,0.17247561862071356,0.1025472196439902,0.4140133559703827,0.4879481295744578,0.4263971795638402,12.493579694435182,29.889481969318236,10.616904663587903,0.0,0.0
ES2003c,91,0.5255612134933472,0.3369730810324351,0.8458750049273173,0.16249793271223703,0.06140978137652079,0.3537316521008809,0.45875205596288043,0.37830719351768494,10.847344310103637,30.476041971434935,10.230631973044881,0.0,0.0
ES2003c,92,0.5370711187521616,0.34127803643544513,0.6279235680898031,0.09436934565504392,0.03113936074078083,0.26843877633412677,0.3948999842007955,0.2620440498770525,-3.0932857046228306,17.37537239282928,7.004413037537717,0.0,0.0
ES2003c,93,0.5437425971031189,0.36177076399326324,0.6760798394680023,0.11345199992259343,0.03208386152982712,0.39136239886283875,0.42714324593544006,0.3692324347794056,-11.49771626391568,22.10916641683418,9.75985274297809,0.0,0.0
ES2003c,94,0.6171688834826151,0.3603280484676361,0.7969646056493124,0.16284118592739105,0.06634708990653355,0.5285697182019552,0.4992843767007192,0.3229542175928752,5.5798407236050735,35.341733906115934,13.223120645655584,0.0,0.0
ES2003c,95,0.6771985292434692,0.4279700616995494,0.6913252274195353,0.1990847090880076,0.12409492333730061,0.47143057982126874,0.4937184949715932,0.3818657298882802,10.03468601801154,38.564955451765336,15.13657468501689,0.0,0.0
ES2003c,96,0.5574132402737936,0.40666725238164264,0.7263217369715372,0.2502475132544835,0.20005664229393005,0.5476114451885223,0.45694732666015625,0.6045892536640167,12.747351388856378,40.44052883029872,16.055870481460754,0.0,0.0
ES2003c,97,0.6455345352490743,0.33874979615211487,0.6620185971260071,0.23668906092643738,0.19994387030601501,0.3737373848756154,0.5329355597496033,0.6692394812901815,12.30308206678489,40.47627839654031,15.606904379389784,0.0,0.0
ES2003c,98,0.5662090380986532,0.4252599577109019,0.6801988879839579,0.2637939254442851,0.2623831977446874,0.512250746289889,0.5062905550003052,0.6816950043042501,10.673850453198506,39.887480819170825,14.801080791830833,0.0,0.0
ES2003c,99,0.5832098722457886,0.3734513322512309,0.6246984402338663,0.23012598852316538,0.23711001624663672,0.316572830080986,0.5031959116458893,0.5004343390464783,10.951981589232929,39.56762296214388,14.28048697804733,0.0,0.0
ES2003c,100,0.5662588477134705,0.46359147628148395,0.673996369043986,0.30259353419144946,0.26153864959875744,0.5310637553532919,0.5081973969936371,0.5060757696628571,11.057184616988549,40.23655794529381,15.128248649896554,0.0,0.0
ES2003c,101,0.5809375643730164,0.41599241892496747,0.7420056263605753,0.26818889876206714,0.24527058005332947,0.62549755970637,0.5056369801362356,0.2677810887495677,10.197647767641486,39.162407510274555,14.658199052877494,0.0,0.0
ES2003c,102,0.5189786752065023,0.3919912775357564,0.7020846605300903,0.34268855055173236,0.23150663574536642,0.4775857925415039,0.4914090832074483,0.8343164126078287,12.41871168635709,40.96323155888711,15.51329025598718,0.0,0.0
ES2003c,103,0.4550218383471171,0.39199023445447284,0.5257830520470937,0.34430291255315143,0.2534914215405782,0.45018590490023297,0.49007949233055115,0.4647742658853531,12.763818520394366,41.676238821251935,16.499298900275253,0.0,0.0
ES2003c,104,0.507831871509552,0.4610109329223633,0.6668901443481445,0.3543052176634471,0.23793176313241324,0.3560350139935811,0.48189835747083026,0.49701982736587524,13.181178111722522,42.17202216027414,16.537892713481494,0.0,0.0
ES2003c,105,0.5319026509920756,0.47022853295008343,0.5661365389823914,0.35790444413820904,0.32794424891471863,0.49892054001490277,0.46851809819539386,0.42545687158902484,12.560266794273273,43.197860917338204,16.31542901035215,0.0,0.0
ES2003c,106,0.5541005531946818,0.34931497772534686,0.6201896667480469,0.3131360560655594,0.30562272171179455,0.3891182541847229,0.5149774650732676,0.3154294143120448,12.409702941826689,44.77170470325393,15.60807944632897,0.0,0.0
ES2003c,107,0.4722098112106323,0.32661399245262146,0.5533446967601776,0.44235817591349286,0.33507585525512695,0.4920036892096202,0.5312146544456482,0.6218907833099365,12.818730823692924,45.6016616170474,16.259519549594717,0.0,0.0
ES2003c,108,0.5401286780834198,0.43227677543958026,0.6511480112870535,0.409022053082784,0.3481319447358449,0.3695416748523712,0.46409202615420025,0.5165851811567942,13.27566564538997,45.564707010157385,16.950572828318087,0.0,0.0
ES2003c,109,0.494399497906367,0.3450769583384196,0.4372543195883433,0.348848894238472,0.29312908959885436,0.6849730014801025,0.5308688382307688,0.5998123089472452,8.171702928820272,35.70287890381505,11.241303502451444,0.0,0.0
ES2003c,110,0.5059457719326019,0.278668612241745,0.38518889248371124,0.07385889689127605,0.041183105669915676,0.21291008591651917,0.44082634647687274,0.21300496781865755,-10.692345160802583,26.470912953403637,3.9305056170014976,0.0,0.0
ES2003c,111,0.5189409951368967,0.2703176687161128,0.7174472212791443,0.08983335147301356,0.0478725495437781,0.4904873271783193,0.4446363051732381,0.4390413860479991,-4.882171234392771,41.14510082287948,12.745063315188824,0.0,0.0
ES2003c,112,0.5854341983795166,0.37672396500905353,0.7016157706578573,0.15668264279762903,0.08097554929554462,0.4495559831460317,0.45311898986498517,0.5228076577186584,10.744749425744013,41.593183972757544,19.52744909568087,0.0,0.0
ES2003c,113,0.6890660921732584,0.33889474471410114,0.3617519537607829,0.1520412564277649,0.1437809020280838,0.3608293980360031,0.5199804107348124,0.24914990738034248,12.672823297400479,23.363196276189115,-2.051003661971358,0.0,0.0
ES2003c,114,0.6928879022598267,0.3106278379758199,0.2916135787963867,0.1590874120593071,0.13600564251343408,0.30660347640514374,0.5368288358052572,0.6096594432989756,11.281371886547012,24.688946257147435,-3.5827914375501018,0.0,0.0
ES2003c,115,0.7268271843592325,0.3451596250136693,0.43368438879648846,0.15378103653589884,0.08439679692188899,0.42231346170107525,0.5179890096187592,0.4899444431066513,8.297197782312269,18.068292949793914,-9.699632108708466,0.0,0.0
ES2003c,116,0.6883548895517985,0.40050332248210907,0.6843673785527548,0.16478794316450754,0.06621541207035382,0.5068816045920054,0.5146314402421316,0.534287266433239,6.445591220358572,14.676617830467924,-14.8405204303427,0.0,0.0
ES2003c,117,0.6374515096346537,0.26278966168562573,0.7559641798337301,0.22348305583000183,0.07796246434251468,0.3274285892645518,0.5017290910085043,0.5705874413251877,8.688161196390299,20.98129220870082,-11.338723667562045,0.0,0.0
ES2003c,118,0.5710839827855428,0.3185914059480031,0.6214743057886759,0.21720221638679504,0.1379310960570971,0.2917463580767314,0.4921060899893443,0.7792109251022339,6.81280911715863,24.059074449676938,-11.392491934926396,0.0,0.0
ES2003c,119,0.6438757379849752,0.30310869216918945,0.5492669939994812,0.17726953824361166,0.11018345008293788,0.21617762496074042,0.5365232229232788,0.5159437358379364,6.317371587193804,27.12471583226998,-10.420323725800886,0.0,0.0
ES2003c,120,0.6655747493108114,0.3415914128224055,0.6861021121342977,0.150729700922966,0.08776620278755824,0.33613165219624835,0.495364785194397,0.3557418609658877,3.184386651443647,29.63808474710741,-9.91073633009188,0.0,0.0
ES2003c,121,0.6590866446495056,0.36964382727940875,0.5821866095066071,0.13522832840681076,0.1192626381913821,0.2413583149512609,0.5030785799026489,0.3531500498453776,2.8916321207781412,29.739116877216457,-9.339148080736953,0.0,0.0
ES2003c,122,0.5630160570144653,0.2523650676012039,0.3769645690917969,0.23569360872109732,0.32142191504438716,0.27711669603983563,0.4847205579280853,0.846590260664622,22.27254654185066,56.93781480457617,20.882972643289126,0.0,0.0
ES2003c,123,0.535858670870463,0.2285503844420115,0.5088642736275991,0.1081409715116024,0.08017214325567086,0.35166432956854504,0.47707492113113403,0.7340922057628632,42.44048563192863,57.61958814034998,38.044059527324706,0.0,0.0
ES2003c,124,0.7050875226656595,0.5944409916798273,0.3836631377538045,0.08763398105899493,0.042612697929143906,0.48769429326057434,0.402347336212794,0.9721073706944784,9.711666001449256,-9.328622755764835,-6.509173949802889,0.0,0.0
ES2003c,125,0.711196223894755,0.4630173146724701,0.39025960365931195,0.0789907897512118,0.033741251875956856,0.47572701176007587,0.32400135199228924,0.5161584069331487,9.215864097900962,24.9358373840923,10.188252049014325,0.0,0.0
ES2003c,126,0.7124168475468954,0.5233735740184784,0.4502123196919759,0.08485094582041104,0.030229879543185234,0.38997334241867065,0.3137906591097514,0.5441314975420634,8.526798603840545,27.77779081394199,8.444721206687943,0.0,0.0
ES2003c,127,0.6875948508580526,0.4555470943450928,0.3647172848383586,0.07631653050581615,0.02669325036307176,0.5765944619973501,0.33297568559646606,0.5980541209379832,6.454055888938549,28.58965053162441,7.162734455640859,0.0,0.0
ES2003c,128,0.6540923118591309,0.4576997955640157,0.44151657819747925,0.07625055064757665,0.03064018798371156,0.42632997532685596,0.3107415934403737,0.38166500131289166,4.662110962716923,29.838278760078804,4.76281542023298,0.0,0.0
ES2003c,129,0.6509684324264526,0.4281264046827952,0.5493938426176707,0.07725152870019276,0.02731209248304367,0.4142421285311381,0.3220895131429036,0.7040009995301565,3.138144479645337,30.85893700033331,3.4284830350301996,0.0,0.0
ES2003c,130,0.6707135438919067,0.41418294111887616,0.1923855096101761,0.07879042873779933,0.01867721602320671,0.22658744951089224,0.37941116094589233,0.325920894742012,1.3084263575123647,10.818382194745375,1.8048863615868527,0.0,0.0
ES2003c,131,0.6060783664385477,0.34502318501472473,0.29597427944342297,0.06811979785561562,0.01967302740861972,0.32082242518663406,0.3816463351249695,0.0823292297621568,3.5917989798554646,19.193020918606717,5.18256782781322,0.0,0.0
ES2003c,132,0.5840837756792704,0.37434040506680805,0.30773594975471497,0.07229410732785861,0.021458508757253487,0.44207195192575455,0.38047805428504944,0.04698702289412419,1.0158688800274343,21.265715634849695,5.9053333859977615,0.0,0.0
ES2003c,133,0.43598243594169617,0.4283786614735921,0.5328605671723684,0.09831247727076213,0.03581337879101435,0.18125506987174353,0.4481687843799591,0.009224164842938384,-35.7900209710778,-23.6757588108149,-9.19225257325793,0.0,0.0
ES2003c,134,0.5793716410795847,0.3901039958000183,0.50407741467158,0.22810479501883188,0.11305287728706996,0.3758515616257985,0.5019036730130514,0.6702558795611063,-9.657395811967397,42.51237108441248,-13.728345333137852,0.0,0.0
ES2003c,135,0.6312551995118459,0.42821207642555237,0.25431564450263977,0.0711447037756443,0.028135073681672413,0.4696542409559091,0.32146387298901874,0.21525471657514572,-4.41331631287035,22.141795142817667,5.96833513291066,0.0,0.0
ES2003c,136,0.5435402790705363,0.31365570425987244,0.4312155644098918,0.060512710362672806,0.016901873983442783,0.3871787190437317,0.30370277166366577,0.1075162769605716,-6.807114819633379,13.21338887067131,9.212159328730001,0.0,0.0
ES2003c,137,0.5094616909821829,0.31371427575747174,0.39329569538434345,0.052975146720806755,0.019927069544792175,0.3487546220421791,0.28012320399284363,0.2804255187511444,-3.4326183909065917,16.350284321230646,11.093023475767938,0.0,0.0
ES2003c,138,0.6078840692838033,0.4431908428668976,0.4318734109401703,0.0654875785112381,0.026277267684539158,0.5114309787750244,0.29804689685503644,0.4569852550824483,6.029591068154726,27.780994884180966,12.745087125739984,0.0,0.0
ES2003c,139,0.6220171054204305,0.3388971835374832,0.37474435567855835,0.06714754675825436,0.02551240598162015,0.40496047337849933,0.35459911823272705,0.2469759831825892,-1.9365609316569798,12.009546375918456,6.779297040307381,0.0,0.0
ES2003c,140,0.5010890563329061,0.31138377885023755,0.35219278434912366,0.08219454810023308,0.03361121037354072,0.13931241383155188,0.3433734526236852,0.04289725795388222,-19.471314853966025,-21.00983306434914,0.7969161136519629,0.0,0.0
ES2003c,141,0.4858156243960063,0.32385992507139844,0.41751856605211896,0.11633127679427464,0.05706284319361051,0.3502613976597786,0.4231937726338704,0.038478686629484095,-29.548994236354947,-33.97006538563178,0.41006852081681283,0.0,0.0
ES2003c,142,0.4798715313275655,0.36873065928618115,0.5672160188357035,0.08401762197415034,0.04238422525425752,0.2817339946826299,0.4254594345887502,0.0294583076708174,-15.374697696270951,-8.874045542883936,-0.00038246441838030165,0.0,0.0
ES2003c,143,0.46980499227841693,0.28340786695480347,0.41070441404978436,0.3618032857775688,0.3294398660461108,0.37535197536150616,0.5414797166983286,0.5579457953572273,13.955084369519419,30.452770658356922,7.047098770771531,0.0,0.0
ES2003c,144,0.6040104329586029,0.48168336351712543,0.3305985579888026,0.3665517047047615,0.26349283133943874,0.40209631125132245,0.5003742078940073,0.3739768962065379,16.96370198711929,24.10774973902987,11.500365014694248,0.0,0.0
ES2003c,145,0.7224656144777933,0.5456608335177103,0.552646279335022,0.2502611180146535,0.1281835436820984,0.28102370103200275,0.45646607875823975,0.5586448063453039,8.157688213937876,4.079105447694864,11.821625989998282,0.0,0.0
ES2003c,146,0.7029822071393331,0.47267797589302063,0.5378274917602539,0.11687337110439937,0.05574654166897138,0.22015182425578436,0.4194378952185313,0.4178677201271057,9.462379690118867,7.850909389860301,10.691826809793033,0.0,0.0
ES2003c,147,0.6090136766433716,0.42706499497095746,0.6483481327692667,0.18216740091641745,0.12954310327768326,0.5251108010609945,0.514151394367218,0.4200025697549184,17.700504052456175,30.7618563259049,8.764148348015583,0.0,0.0
ES2003c,148,0.5337518950303396,0.35583799580732983,0.5424171884854635,0.3297840654850006,0.23716371754805246,0.5677288969357809,0.5359556178251902,0.35420699914296466,17.023644827544917,32.884092270093355,8.500149846076965,0.0,0.0
ES2003c,149,0.3753383954366048,0.38459726174672443,0.2355940838654836,0.061735173066457115,0.05850884815057119,0.23359756668408713,0.2779204547405243,0.35690540075302124,14.562355615849548,-26.459853196346803,-12.689109668895036,0.0,0.0
ES2003c,150,0.3740092118581136,0.2900198499361674,0.23023814459641775,0.06020231544971466,0.023872409326334793,0.2573624551296234,0.2660425404707591,0.45171719789505005,10.381681218315878,-3.197698645676725,-5.799793470147889,0.0,0.0
ES2003c,151,0.5068554679552714,0.3230566680431366,0.2846907824277878,0.10778757184743881,0.049201205683251224,0.40254634618759155,0.4460645417372386,0.44630612681309384,5.092412343434418,15.06104837652181,8.528761090544661,0.0,0.0
ES2003c,152,0.580352246761322,0.42164213458697003,0.5261497336129347,0.18834849695364633,0.10619626939296722,0.4737866222858429,0.45584548513094586,0.1277489922940731,13.215690871665878,25.47072843321906,10.242225278477699,0.0,0.0
ES2003c,153,0.6828590035438538,0.40095025300979614,0.49119608849287033,0.1117764338850975,0.05207300465553999,0.4453433354695638,0.44767820835113525,0.15932881832122803,9.946961118432382,19.930858549972267,7.507164465803425,0.0,0.0
ES2003c,154,0.5587911307811737,0.34456121921539307,0.6406283775965372,0.16703386728962263,0.10701757048567136,0.3323020537694295,0.5580851833025614,0.5667535935839018,50.07455232005856,54.509544587417764,44.71184798605048,0.0,0.0
ES2003c,155,0.5202428996562958,0.2547859052817027,0.6690974632898966,0.131839357316494,0.17505057156085968,0.4707789520422618,0.4563891092936198,0.9697718818982443,78.48066335796392,70.4912250253618,79.85696271030969,0.0,0.0
ES2003c,156,0.4965054889520009,0.27219484249750775,0.6650177439053854,0.15081456303596497,0.18726061036189398,0.5740881959597269,0.4689329167207082,0.7182637353738149,59.298050590251506,62.017221012492975,60.33145250303941,0.0,0.0
ES2003c,157,0.6098643740018209,0.2948586493730545,0.676986296971639,0.1476675420999527,0.10530763864517212,0.22195860743522644,0.48708953460057575,0.618902862071991,30.275395364589816,34.897392166867085,19.483170977883862,0.0,0.0
ES2003c,158,0.6688339312871298,0.38867751757303876,0.6702572902043661,0.1577881226936976,0.10027953237295151,0.40776029229164124,0.49337899684906006,0.44198188185691833,8.765738457572406,17.813025399154377,-5.603691119081389,0.0,0.0
ES2003c,159,0.7132403055826823,0.3555107116699219,0.6181955337524414,0.26557956635951996,0.1360566367705663,0.3305867662032445,0.5222607751687368,0.5843603511651357,11.400867474238867,17.64427248675122,-2.3777652794886643,0.0,0.0
ES2003c,160,0.6052812536557516,0.2693835993607839,0.5199845135211945,0.12244983514149983,0.07804014533758163,0.4911591311295827,0.524273027976354,0.7210167050361633,38.613409949868675,41.91891273129098,34.41253824223989,0.0,0.0
ES2003c,161,0.45149673024813336,0.1975811024506887,0.6080017189184824,0.07025800521175067,0.06892020006974538,0.5060114562511444,0.41462181011835736,0.8421616156895956,69.58075199599834,64.4924746655915,70.38486175600275,0.0,0.0
ES2003c,162,0.5765355030695597,0.22989550481239954,0.6606067816416422,0.12226397047440211,0.10934779047966003,0.4295873244603475,0.5266645948092142,0.5641118884086609,46.59519408005861,58.37720726473225,46.223786103695836,0.0,0.0
ES2003c,163,0.6512242356936137,0.4549192289511363,0.15511308113733926,0.08107982327540715,0.014530138733486334,0.06901352107524872,0.3598632017771403,0.44354628026485443,3.668368863629853,7.071437555510347,3.9968860335168963,0.0,0.0
ES2003c,164,0.6447616020838419,0.5351459781328837,0.10423051317532857,0.07413626462221146,0.012518662959337234,0.09143868585427602,0.368977427482605,0.43571863571802777,3.418498197772989,6.967481825656878,4.123272031358699,0.0,0.0
ES2003c,165,0.6469909151395162,0.5018577178319296,0.14319032430648804,0.07920960833628972,0.013763072900474072,0.10017335042357445,0.37097535530726117,0.37656236688296,4.0859039934196195,7.654042294842501,4.540477174260565,0.0,0.0
ES2003c,166,0.6256430149078369,0.47031253576278687,0.177666703859965,0.07736094295978546,0.014874864059189955,0.07217092936237653,0.37092703580856323,0.3990748276313146,4.102926564584514,7.436697688710438,4.445890002927918,0.0,0.0
ES2003c,167,0.5674244364102682,0.4781835079193115,0.1634803513685862,0.08867545177539189,0.015881382239361603,0.11780011902252834,0.38859139879544574,0.4234369024634361,3.552457018503013,7.0863150285761565,4.400210777644361,0.0,0.0
ES2003c,168,0.5989589095115662,0.43122295538584393,0.18593411644299826,0.08656250685453415,0.017520742490887642,0.11490934093793233,0.38778310020764667,0.2823092093070348,2.982494717890356,6.235925203622169,4.9098012242989135,0.0,0.0
ES2003c,169,0.6489976843198141,0.48500033219655353,0.145543764034907,0.08514111985762914,0.014294142524401346,0.1071833868821462,0.36716805895169574,0.31326310336589813,2.826875780945547,6.677864837156014,4.662771463934708,0.0,0.0
ES2003c,170,0.5839046835899353,0.4309581418832143,0.1573762372136116,0.08577154825131099,0.017759963249166805,0.08658927927414577,0.36092812816301983,0.2474451462427775,3.1284954529654496,6.328098019908949,4.7004770385235535,0.0,0.0
ES2003c,171,0.6313129464785258,0.43548161784807843,0.1914690136909485,0.08371838927268982,0.015775580580035847,0.12274212141831715,0.39357804258664447,0.3820040027300517,3.5292021903830064,6.231351767628205,5.199522837575413,0.0,0.0
ES2003c,172,0.6198060512542725,0.44057872891426086,0.17108376820882162,0.07727344830830891,0.016382727771997452,0.14266754935185114,0.36166446407636005,0.6681733131408691,4.0367022272747555,6.851876008895803,5.904281452771392,0.0,0.0
ES2003c,173,0.5865079363187155,0.4140675862630208,0.2167286823193232,0.07794621338446935,0.014055753747622171,0.14366641889015833,0.37861039241154987,0.23297172039747238,4.071992415237982,7.2157058343180305,6.191458681111782,0.0,0.0
ES2003c,174,0.6199093262354533,0.3403821388880412,0.7643029888470968,0.1553559054931005,0.024959223965803783,0.2787136137485504,0.5493762393792471,0.5731928994258245,4.490740202769491,10.165611757027015,-26.991193013534755,0.0,0.0
ES2003c,175,0.6565874218940735,0.36602512498696643,0.5967770914236704,0.13051625341176987,0.028767352923750877,0.25807103017965954,0.4998560945192973,0.38955553714185953,6.392046359740312,7.045277191401353,-13.607327035600257,0.0,0.0
ES2003c,176,0.6767457723617554,0.3531845013300578,0.4858236809571584,0.11571983993053436,0.031762552758057915,0.23823904494444528,0.4112778802712758,0.3786897410949071,2.9825463329988686,-2.666933512838087,0.21252455974628623,0.0,0.0
ES2003c,177,0.7015584707260132,0.44196059306462604,0.41748733321825665,0.11165914684534073,0.031176659589012463,0.11639837920665741,0.3995591402053833,0.24594792475303015,1.4496869350833335,-6.365451320359437,6.101151220084096,0.0,0.0
ES2003c,178,0.6229056914647421,0.3809920748074849,0.3954346974690755,0.14146319031715393,0.03227232148249944,0.10440230617920558,0.46975113948186237,0.3981364195545514,-2.736372459100451,-7.3284977735444095,8.954738043665422,0.0,0.0
ES2003c,179,0.6898987889289856,0.3494721055030823,0.2751287966966629,0.08941493431727092,0.0281886775046587,0.15318912516037622,0.41905681292215985,0.2884993354479472,1.8257642848354674,-0.2974969775900358,7.600161448526314,0.0,0.0
ES2003c,180,0.6833029985427856,0.40661218762397766,0.38992446660995483,0.10176051656405131,0.031257156282663345,0.12313245981931686,0.4696271816889445,0.4807478686173757,4.307089245188272,2.5202236699171663,7.268218632074792,0.0,0.0
ES2003c,181,0.7233652472496033,0.38802940646807355,0.34111199776331586,0.08438630650440852,0.021173127616445225,0.15986332794030508,0.419665922721227,0.5989383856455485,4.140154646408191,2.7203533095723365,7.243721427503565,0.0,0.0
ES2003c,182,0.663409431775411,0.36854684352874756,0.2585497597853343,0.0820821722348531,0.022498000413179398,0.12338824570178986,0.41575196385383606,0.20129983127117157,4.307916372649413,1.3808036174468707,7.39610847642093,0.0,0.0
ES2003c,183,0.6725464661916097,0.3858916362126668,0.4365988572438558,0.0838424563407898,0.02219848396877448,0.13440089424451193,0.43162405490875244,0.5493827164173126,3.8458402071258178,-0.03332217049513068,7.309600118967413,0.0,0.0
ES2003c,184,0.6708463033040365,0.39159104228019714,0.3020688196023305,0.07984936982393265,0.020648682489991188,0.13098919888337454,0.4035525619983673,0.19281364604830742,4.063175492922718,4.282053615727361,6.524376764470266,0.0,0.0
ES2003c,185,0.6581497192382812,0.42916404207547504,0.25887255370616913,0.07783284783363342,0.018783300494154293,0.12623808532953262,0.38639575242996216,0.3549552063147227,3.9959634267939603,4.706323749945297,6.181357703577838,0.0,0.0
ES2003c,186,0.6880515217781067,0.40459081530570984,0.2962096730868022,0.08075367162624995,0.021563367297252018,0.13179692129294077,0.4023534059524536,0.3863123307625453,3.995874035715818,4.812430049306092,6.032047029597788,0.0,0.0
ES2003c,187,0.6381476918856303,0.43975332379341125,0.2978508919477463,0.08181536942720413,0.020163480813304584,0.133619653681914,0.3969569007555644,0.3742571026086807,3.8138052143655905,4.912031024962327,6.4270963448556175,0.0,0.0
ES2003c,188,0.6180569728215536,0.4697725574175517,0.27034461001555127,0.08760856837034225,0.02323956290880839,0.13979413857062659,0.3880871037642161,0.40872932473818463,3.9214213416712815,4.942380244967418,6.166703522349143,0.0,0.0
ES2003c,189,0.6522726019223531,0.3705751101175944,0.6506911913553873,0.23087616761525473,0.1679870287577311,0.6806263327598572,0.5430221458276113,0.2505238925417264,23.427592245540563,28.647026203574626,23.245002659906067,0.0,0.0
ES2003c,190,0.44308194518089294,0.42729003230730694,0.10586393624544144,0.09275931119918823,0.013515759880344072,0.20216510196526846,0.3493661979834239,0.5193579296271006,7.924358743157389,12.773277168263647,10.265866201853704,0.0,0.0
ES2003c,191,0.4545307656129201,0.44421494007110596,0.10023312518994014,0.09022949635982513,0.01358623057603836,0.2360428124666214,0.35287928581237793,0.7772194147109985,7.868062403165813,11.856123177634467,10.69304490641841,0.0,0.0
ES2003c,192,0.43111098806063336,0.3665567835172017,0.08818153043588002,0.0871460313598315,0.013882797211408615,0.17973236242930093,0.3432688315709432,0.676315446694692,7.263089980554007,10.64003972970886,11.649409290947474,0.0,0.0
ES2003c,193,0.5728813707828522,0.334718257188797,0.2388608381152153,0.09430130322774251,0.01956344023346901,0.23524312178293863,0.3674909671147664,0.19473821173111597,-0.629017599066889,-0.042182504764574226,11.15694727575501,0.0,0.0
ES2003c,194,0.5712616443634033,0.3155064235130946,0.4697578251361847,0.08315828690926234,0.02258827319989602,0.39173199733098346,0.38990165789922077,0.3167024912933509,-3.3128652468900572,-2.3004406015738503,11.771249597446868,0.0,0.0
ES2003c,195,0.5071551501750946,0.3352487285931905,0.6071340243021647,0.07791950056950252,0.02786865395804246,0.24285578106840452,0.38707972566286725,0.17408929641048113,7.547046860265682,14.77132323960455,12.234195806151895,0.0,0.0
ES2003c,196,0.5161031484603882,0.2949076195557912,0.5622464766105016,0.08442644526561101,0.02361188766856988,0.266260360678037,0.36991257468859357,0.27157195657491684,12.975112813832132,20.726685379897987,14.055140149587643,0.0,0.0
ES2003c,197,0.369368036588033,0.3367106815179189,0.11183153837919235,0.09428961823383968,0.015270719304680824,0.3436397612094879,0.4108509421348572,0.6995584567387899,8.414032171330506,11.4937412124357,15.13564145207737,0.0,0.0
ES2003c,198,0.4001365502675374,0.3566090961297353,0.11124687641859055,0.08783302456140518,0.012968479034801325,0.19801453749338785,0.38515156507492065,0.5174198945363363,7.710109332918795,10.835168182906676,14.339524922615134,0.0,0.0
ES2003c,199,0.3987399439016978,0.29742516080538434,0.259282186627388,0.08196497956911723,0.010903870997329554,0.2774360080560048,0.40949352582295734,0.310158334672451,8.641320837892847,11.78908223697408,14.898845234113452,0.0,0.0
ES2003c,200,0.5076204439004263,0.2935432195663452,0.5678475896517435,0.08537485698858897,0.01886557632436355,0.2600825975338618,0.35435442129770917,0.31228596965471905,10.912179876958104,21.194963156416065,13.330220894421101,0.0,0.0
ES2003c,201,0.6681171854337057,0.42718181014060974,0.5183161199092865,0.08479408423105876,0.034104177728295326,0.3123917331298192,0.3212054918209712,0.2853050244351228,0.6237980753971749,4.150869765635796,2.951090711997725,0.0,0.0
ES2003c,202,0.5968612531820933,0.3643276294072469,0.6424496869246165,0.07157822450002034,0.014873208167652288,0.33415423333644867,0.36191293597221375,0.33525933511555195,-5.10944551313363,-5.668450436023661,-9.248043592469951,0.0,0.0
ES2003c,203,0.6314865946769714,0.4508104821046193,0.5566291709740957,0.1002728429933389,0.025981697564323742,0.46195825934410095,0.3810693273941676,0.6758862833182017,-0.8371712240066435,1.7486296254393736,-2.8616841532390396,0.0,0.0
ES2003c,204,0.5801597038904825,0.39626017212867737,0.7216775019963583,0.12171186258395512,0.05986327802141508,0.3503839125235875,0.4622662365436554,0.2251384456952413,8.70855015249456,30.19711897085482,9.88091713018524,0.0,0.0
ES2003c,205,0.5755235552787781,0.33901532491048175,0.574308176835378,0.09481184432903926,0.03989244997501373,0.38654637336730957,0.4002603590488434,0.16356961242854595,6.911720530621817,31.77904003286949,10.59012533395192,0.0,0.0
ES2003c,206,0.5690917372703552,0.28540916244188946,0.6823118329048157,0.08515909810860951,0.03143363259732723,0.4423651297887166,0.3443409899870555,0.33779751261075336,7.0058432270634485,31.629247200962386,10.145507594675463,0.0,0.0
ES2003c,207,0.5412711699803671,0.2898719757795334,0.741322656472524,0.10185901323954265,0.034553791085879006,0.4458715518315633,0.3218948543071747,0.5908081432183584,5.9851711240535534,32.18178385816791,9.702753674986662,0.0,0.0
ES2003c,208,0.5698358217875162,0.36280137300491333,0.6868619322776794,0.08671215176582336,0.035542032370964684,0.36446406443913776,0.3042361338933309,0.3494853104154269,6.0827679356809945,31.738473640231575,10.265183602742345,0.0,0.0
ES2003c,209,0.5657620628674825,0.3335764855146408,0.6671378215154012,0.0768999308347702,0.028292732313275337,0.3497861822446187,0.31740208466847736,0.45155248542626697,7.353589114247115,27.910815721667955,11.515628923651299,0.0,0.0
ES2003c,210,0.577862024307251,0.26953814923763275,0.5293342669804891,0.0730905756354332,0.027204377576708794,0.4248785972595215,0.29946176211039227,0.4416199326515198,7.0088143102663585,26.37062171658531,11.282339549604613,0.0,0.0
ES2003c,211,0.5077135761578878,0.26715268194675446,0.5930779973665873,0.09361074616511662,0.01720367930829525,0.5601641039053599,0.3637532889842987,0.43230265378952026,9.89771007594067,21.670941127478567,4.087670537393984,0.0,0.0
ES2003c,212,0.638754665851593,0.28955085575580597,0.44214609016974765,0.08500590175390244,0.019593126140534878,0.4635760684808095,0.3184582094351451,0.3097805355985959,1.3702630700542653,13.120145990807593,2.460722455925282,0.0,0.0
ES2003c,213,0.5520845651626587,0.3757275889317195,0.2104097604751587,0.07551102712750435,0.021659512693683308,0.17863687127828598,0.40880725781122845,0.10308650881052017,-9.26837034175375,5.274550876469733,-0.3488131439545583,0.0,0.0
ES2003c,214,0.41098620494206745,0.28794697920481366,0.39230318864186603,0.06336461752653122,0.012919571250677109,0.18014180411895117,0.37435991565386456,0.08767631587882836,-16.02965301901269,-0.19820396447250244,-6.69190256234118,0.0,0.0
ES2003c,215,0.46589382489522296,0.2377306471268336,0.4820552468299866,0.05673976863423983,0.01227653305977583,0.2665795534849167,0.3614487946033478,0.3014850939313571,-13.724162115460523,-1.8024928213597657,-6.618526656972549,0.0,0.0
ES2003c,216,0.4987700879573822,0.32090797026952106,0.5630560219287872,0.041894237200419106,0.008260879820833603,0.24856608112653097,0.37305639187494916,0.07393695910771687,-16.62477864718233,-0.037360598703359414,-1.9252331351979626,0.0,0.0
ES2003c,217,0.35420455535252887,0.17179124553998312,0.4681464731693268,0.044121878842512764,0.011315703857690096,0.19802085061868033,0.32657795151074726,0.03107673426469167,-15.121424820775147,0.41637631987250584,0.087488477954479,0.0,0.0
ES2003c,218,0.43204279740651447,0.24671180546283722,0.44267656405766803,0.056317551682392754,0.012036122381687164,0.24478618303934732,0.33273911476135254,0.015466566197574139,-15.523559104499343,-3.108237135309034,-2.079344907463874,0.0,0.0
ES2003c,219,0.3734043935934703,0.19519565999507904,0.454567551612854,0.04599088182051977,0.015193115298946699,0.33579154809316,0.23204322159290314,0.15915701538324356,-18.4805721614612,-4.6137132668524865,-4.447602555078375,0.0,0.0
ES2003c,220,0.346525639295578,0.18478386600812277,0.6627323428789774,0.04005018249154091,0.010666378463308016,0.338361918926239,0.23920799295107523,0.01962170097976923,-20.81166749963721,-8.125540751564605,-6.917346416069983,0.0,0.0
ES2003c,221,0.3092167526483536,0.19952939450740814,0.6871611475944519,0.04695591330528259,0.011826397851109505,0.32611509164174396,0.29468485713005066,0.019217302712301414,-22.152973991322607,-7.748366523105361,-6.604227468123656,0.0,0.0
ES2003c,222,0.3252282937367757,0.2576062927643458,0.772953192392985,0.046006341775258384,0.014160045112172762,0.34837578733762103,0.3339284559090932,0.05738107052942117,-25.985302488535794,-6.951742822931877,-5.857844395732184,0.0,0.0
ES2003c,223,0.4338357249895732,0.2919394373893738,0.6210399667421976,0.10514543329675992,0.03594373849531015,0.42016785343488056,0.3938589592774709,0.14484680001623929,-6.847723993529741,11.412774274761754,-0.9564114494715593,0.0,0.0
ES2003c,224,0.5212513407071432,0.3639116783936818,0.7047787110010783,0.28853068749109906,0.17153041313091913,0.4078177710374196,0.49412546555201214,0.5644058982531229,11.84220496390808,26.5662194665238,2.640464915333144,0.0,0.0
ES2003c,225,0.6738383968671163,0.4465893904368083,0.3851410249869029,0.14404266575972238,0.07033913830916087,0.42742689450581867,0.48340359330177307,0.25421640525261563,6.752453573863929,21.356494419338674,2.240050718491933,0.0,0.0
ES2003c,226,0.5174754361311594,0.3968498359123866,0.4745642642180125,0.10984677076339722,0.04330388239274422,0.23099944988886514,0.35424919923146564,0.3872140521804492,-7.549845648291904,5.382084441798566,-0.2593881286118976,0.0,0.0
ES2003c,227,0.34490718444188434,0.24551181495189667,0.63004203637441,0.04218364879488945,0.015162942310174307,0.38357750574747723,0.2409674475590388,0.13403992603222528,-17.940143280690236,-11.066435590920369,-1.8060767304887346,0.0,0.0
ES2003c,228,0.31087350845336914,0.20988738040129343,0.6275772154331207,0.03901111086209615,0.011420865543186665,0.4050956517457962,0.21200931568940481,0.0774994397846361,-20.190607857199854,-7.031763376612158,-4.08240425884948,0.0,0.0
ES2003c,229,0.35680410265922546,0.20865925153096518,0.6067671378453573,0.046636643509070076,0.015675812338789303,0.4957679013411204,0.2853322774171829,0.010939984504754344,-21.668418001610124,-7.380024230902321,-5.456392348932611,0.0,0.0
ES2003c,230,0.29778121411800385,0.16373705863952637,0.7636318604151408,0.04180332397421201,0.013579488111039003,0.4055223862330119,0.28688934445381165,0.07802535065760215,-23.23082255234627,-7.655395684914924,-5.336281667823424,0.0,0.0
ES2003c,231,0.3665473659833272,0.24143680930137634,0.7890724539756775,0.1164051741361618,0.040506791012982525,0.4575912853082021,0.39716145396232605,0.14722723824282488,-9.208134320505213,3.199579840789017,-4.538419936714547,0.0,0.0
ES2003c,232,0.5087757209936777,0.21371924877166748,0.6620099345842997,0.13549161205689111,0.03743006909886996,0.4778425594170888,0.3503948946793874,0.30894381552934647,-0.5259380652209232,7.90921221275861,-0.8595078630254575,0.0,0.0
ES2003c,233,0.5465283195177714,0.22740132610003153,0.33502575755119324,0.15620296945174536,0.030314307970305283,0.2974809855222702,0.3457457820574443,0.6246763070424398,6.7684120230505656,13.32733316939247,6.095060075583844,0.0,0.0
ES2003c,234,0.6039710541566213,0.35279051462809247,0.29041020572185516,0.119179867208004,0.0289740189909935,0.29923922071854275,0.3976537485917409,0.6045671204725901,0.23555030288760057,3.2772647265304804,9.889135541473102,0.0,0.0
ES2003c,235,0.45737914244333905,0.2984432578086853,0.3641001383463542,0.07701773941516876,0.023706437088549137,0.15021192282438278,0.34531211853027344,0.43065124067167443,-6.94332828132394,-6.78595716905378,11.816471532930146,0.0,0.0
ES2003c,236,0.5288366476694742,0.19573385020097098,0.5081610878308614,0.07862087339162827,0.022466354072093964,0.34086424112319946,0.3170301715532939,0.12176752587159474,-0.8057192044270929,10.763782911652763,14.379569728662645,0.0,0.0
ES2003c,237,0.5454499920209249,0.2611434559027354,0.4907318552335103,0.0670747881134351,0.02498626398543517,0.43973155816396076,0.2781464060147603,0.44697905083497363,7.444059674409405,29.116836516626744,15.811788259466496,0.0,0.0
ES2003c,238,0.5272613366444906,0.242476557691892,0.6403996348381042,0.07388559480508168,0.028859155252575874,0.4430525302886963,0.3043077488740285,0.3467094401518504,6.645549147802275,28.36625486312546,15.897735914864397,0.0,0.0
ES2003c,239,0.542296568552653,0.22850453853607178,0.6318536599477133,0.07864447931448619,0.024458564817905426,0.4875780940055847,0.3101355234781901,0.3449191488325596,4.8689518065892825,29.036743225911763,16.138247834607487,0.0,0.0
ES2003c,240,0.5782396594683329,0.2975626587867737,0.4185989374915759,0.08719657858212788,0.06699337686101596,0.33837633828322095,0.5168730417887369,0.4345356027285258,18.262586661110408,71.61281550762291,22.077455953666647,0.0,0.0
ES2003c,241,0.43599114815394086,0.386176735162735,0.13358011345068613,0.15654135992129645,0.08876221999526024,0.2317749708890915,0.47824719548225403,0.3314123886326949,-8.110288476576349,67.65772532937304,-1.0669289984938206,0.0,0.0
ES2003c,242,0.46562524636586505,0.39281468590100604,0.12064653635025024,0.16432717939217886,0.10206001996994019,0.41965041557947796,0.5574609835942587,0.22563254336516061,-9.796406424500288,66.39183954034895,-2.986003669578974,0.0,0.0
ES2003c,243,0.4452492992083232,0.34507814049720764,0.26456132034460705,0.14665901909271875,0.07807548716664314,0.468320498863856,0.44802791873613995,0.568334956963857,14.585747095154241,70.29998278929361,20.626158361515174,0.0,0.0
ES2003c,244,0.46222564578056335,0.21810980141162872,0.42454061408837634,0.22907982766628265,0.18284906695286432,0.47918981313705444,0.4843897521495819,0.697698786854744,6.558851617832292,73.8476910292208,11.664393417822778,0.0,0.0
ES2003c,245,0.45277405778567,0.21680448452631632,0.4705859323342641,0.24570321788390478,0.2082968776424726,0.3952735662460327,0.41569530963897705,0.9044796029726664,39.016655838197,75.20121308327666,43.92803735385686,0.0,0.0
ES2003c,246,0.6290555894374847,0.599773903687795,0.5469126651684443,0.14579057693481445,0.0544755719602108,0.3035909980535507,0.47930959860483807,0.39422650759418804,-3.628877344174404,25.325958304214158,8.885241769366703,0.0,0.0
ES2003c,247,0.5362362861633301,0.3812747895717621,0.4770888686180115,0.10915980239709218,0.022395567347606022,0.21616177757581076,0.44547077020009357,0.4609917451937993,-0.5774624370231359,7.208289301276558,-4.552920219922581,0.0,0.0
ES2003c,248,0.660033384958903,0.32215820749600727,0.4418594439824422,0.11800988887747128,0.02287960642327865,0.2128188187877337,0.4046050210793813,0.3356226185957591,0.1144446658677681,7.335866943423274,-8.30749689822226,0.0,0.0
ES2003c,249,0.4862728863954544,0.3970167090495427,0.4609128435452779,0.06680699686209361,0.015248279087245464,0.3003673156102498,0.3419203857580821,0.024606603275363643,-16.73592610485522,0.7953324596741602,-0.7365703096544286,0.0,0.0
ES2003c,250,0.3461778461933136,0.2749627927939097,0.4646858374277751,0.04576284935077032,0.01928114208082358,0.17471163223187128,0.3263384203116099,0.2771374086538951,-24.144196072047237,-3.073188297571464,-1.7302801230667242,0.0,0.0
ES2003c,251,0.2851913968722026,0.22037579119205475,0.7492998043696085,0.0520259253680706,0.016042979744573433,0.19139178593953451,0.3331124236186345,0.15691881945046285,-24.49620459839582,-3.469996375252458,-4.759818517766294,0.0,0.0
ES2003c,252,0.31001955767472583,0.17466497421264648,0.7824582656224569,0.05546828359365463,0.014016805216670036,0.3473007281621297,0.3099498202403386,0.2564834564303358,-22.97264591060241,-3.029766517260157,-4.177322630246167,0.0,0.0
ES2003c,253,0.5071442921956381,0.28419995307922363,0.5566608011722565,0.09136087944110234,0.1082337498664856,0.1888311505317688,0.483623743057251,0.6482170311113199,55.18654420017282,73.16861751819549,58.23507493973864,0.0,0.0
ES2003c,254,0.5656807521979014,0.2148065467675527,0.5687644084294637,0.06850249071915944,0.062377230574687324,0.31087352832158405,0.4874931474526723,0.23709326703101397,48.15999611122586,72.97038072602192,51.25154192493857,0.0,0.0
ES2003c,255,0.5017058849334717,0.24684597551822662,0.4536571304003398,0.1776085446278254,0.15524329617619514,0.28994448482990265,0.47769397497177124,0.5500125139951706,44.61530241325941,71.87365850737636,48.20496369520104,0.0,0.0
ES2003c,256,0.4987068672974904,0.17350963254769644,0.3644050732254982,0.17268596837917963,0.18806859230001768,0.31100527942180634,0.46353710691134137,0.744609534740448,56.22328484512968,71.63781086785771,59.11811835776434,0.0,0.0
ES2003c,257,0.5300687253475189,0.2508234729369481,0.6314478119214376,0.19891535739103952,0.17088603725035986,0.45843010147412616,0.5011477768421173,0.6257306771973768,44.96927743181413,70.70598580633023,49.32319144210202,0.0,0.0
ES2003c,258,0.5452606678009033,0.28535281121730804,0.5407956341902415,0.17064015567302704,0.12032647927602132,0.35654198626677197,0.5772679845492045,0.7571978271007538,21.657456962045803,62.75724293498191,26.360166612609152,0.0,0.0
ES2003c,259,0.5405033826828003,0.29754669964313507,0.5132742126782736,0.23462407290935516,0.18543372054894766,0.45268428325653076,0.5371737678845724,0.7209223608175913,20.32112867057842,66.43702663051984,23.90032219550501,0.0,0.0
ES2003c,260,0.6389634013175964,0.5277868310610453,0.34191051373879117,0.15977817525466284,0.0649213558062911,0.5035737752914429,0.4724426070849101,0.43412552277247113,7.407861644019687,-5.273544457032892,-23.004010378920455,0.0,0.0
ES2003c,261,0.7531226674715678,0.381060391664505,0.5188481708367666,0.2566838165124257,0.2133957693974177,0.5120112697283427,0.5191815396149954,0.7291138370831808,13.806297236296698,31.7816360380028,2.3991213520406207,0.0,0.0
ES2003c,262,0.6546245416005453,0.45922597000996274,0.4613865613937378,0.22059328109025955,0.15150313638150692,0.3774042824904124,0.5291607777277628,0.710594117641449,23.869469060503576,44.18383608162387,14.683080087227358,0.0,0.0
ES2003c,263,0.6323941349983215,0.36963627735773724,0.6417760252952576,0.29405879974365234,0.23063785831133524,0.5306127667427063,0.48985978960990906,0.5329866806666056,26.185998987371878,42.695504632586925,13.843170868043122,0.0,0.0
ES2003c,264,0.6732375621795654,0.4267853995164235,0.5311841865380605,0.3743615349133809,0.2640952914953232,0.43783585727214813,0.4690701762835185,0.5302748282750448,16.500688643158483,29.6715572546092,-2.94116133088462,0.0,0.0
ES2003c,265,0.6105246345202128,0.4181646804014842,0.6383232474327087,0.35688072443008423,0.24104722837607065,0.42111162344614667,0.4711145261923472,0.5510554214318594,14.274378433571696,30.447727334279012,-5.669276609813948,0.0,0.0
ES2003c,266,0.6643333037694296,0.469017634789149,0.5008939901987711,0.23903181155522665,0.1778305172920227,0.36150531967480976,0.4702967604001363,0.691283126672109,12.325643230631792,29.154890849830583,-3.803953317786051,0.0,0.0
ES2003c,267,0.7092928290367126,0.3413859009742737,0.5354061226050059,0.19300934672355652,0.1644163622210423,0.4524543186028798,0.4199979404608409,0.5544496774673462,17.11805856839878,45.28459124364377,12.75091058051485,0.0,0.0
ES2003c,268,0.6789294481277466,0.3672231634457906,0.6242954730987549,0.1499216929078102,0.15720686626931032,0.4371752589941025,0.4928801357746124,0.6672051946322123,18.42732695202609,50.69025539075104,19.59807610220103,0.0,0.0
ES2003c,269,0.6622060736020406,0.29742510120073956,0.6359476844469706,0.12392129004001617,0.15637852251529694,0.4511576195557912,0.609538714090983,0.30147357285022736,3.5126248246418723,42.01652258561986,5.598526967074089,0.0,0.0
ES2003c,270,0.6886162161827087,0.2938589851061503,0.4354812999566396,0.16344630966583887,0.14925667643547058,0.36325449744860333,0.5666413903236389,0.14900336290399233,6.397361140922243,29.7407205060607,3.823145914798929,0.0,0.0
ES2003c,271,0.7288407882054647,0.38783760865529376,0.467951238155365,0.113616776963075,0.14140902956326803,0.42673705021540326,0.49339759349823,0.22116504361232123,8.370553420186093,25.46136313548538,-0.036590373628951955,0.0,0.0
ES2003c,272,0.6697112520535787,0.3552670230468114,0.6105079452196757,0.17605880399545035,0.14598309993743896,0.34566202263037366,0.5421673059463501,0.37382833162943524,9.016754695912999,30.938606997301218,-0.578937005194494,0.0,0.0
ES2003c,273,0.7720545927683512,0.5440341830253601,0.5229453444480896,0.2169600153962771,0.14696090295910835,0.4391431411107381,0.5563958684603373,0.3676166708270709,20.905375645812843,44.58902796609723,13.225707334555281,0.0,0.0
ES2003c,274,0.7613738973935446,0.6598886847496033,0.39336394270261127,0.10831000904242198,0.06456044316291809,0.5624952018260956,0.5561772584915161,0.23339003945390382,29.095133016374522,64.49597579297672,28.701694196251665,0.0,0.0
ES2003c,275,0.6213290592034658,0.3334868500630061,0.4976474543412526,0.14973539859056473,0.12683123101790747,0.39116668701171875,0.5457431077957153,0.6629148572683334,24.128202421358534,61.20129335672757,28.06649654054108,0.0,0.0
ES2003c,276,0.608014722665151,0.3764102558294932,0.4210958480834961,0.2849372327327728,0.25651902457078296,0.39411528905232746,0.5030983885129293,0.6980589032173157,22.637076438610194,51.62877840093366,24.82391031798761,0.0,0.0
ES2003c,277,0.7104147473971049,0.6287398338317871,0.43893755475680035,0.2170691837867101,0.157135970890522,0.23504546284675598,0.5716860890388489,0.41587089498837787,14.54080157663257,44.95677981171004,8.457846483923305,0.0,0.0
ES2003c,278,0.7859513560930887,0.6308858195940653,0.5690848628679911,0.1216789111495018,0.04651421929399172,0.39773552616437274,0.4550150732199351,0.29023213187853497,11.902399012126102,17.0547906201367,-3.153906656761606,0.0,0.0
ES2003c,279,0.73238072792689,0.5673663516839346,0.28157807886600494,0.1675871511300405,0.07799639801184337,0.39238302906354267,0.4110594391822815,0.10805949196219444,12.6120649261342,13.13416492249396,-1.1071160090813368,0.0,0.0
ES2003c,280,0.7084304094314575,0.46214895447095233,0.22355772803227106,0.1567925214767456,0.07398068656524022,0.20710675418376923,0.39159106214841205,0.05192171409726143,13.210197250579213,13.600142835522028,-0.5355671103585055,0.0,0.0
ES2003c,281,0.7191054423650106,0.3677919904390971,0.27857450147469837,0.11338564256827037,0.07934233422080676,0.25276774168014526,0.47383637229601544,0.017774510197341442,10.309085678816233,15.820966921402297,-1.4946228801355688,0.0,0.0
ES2003c,282,0.6872897744178772,0.3468406895796458,0.32665006816387177,0.11395203570524852,0.08167911569277446,0.2884165396293004,0.4639728864034017,0.21809460471073785,7.634244035283854,17.963811778546297,-2.014025407968562,0.0,0.0
ES2003c,283,0.7435402274131775,0.3822685678799947,0.4626707484324773,0.11461915572484334,0.06369539350271225,0.22405516107877096,0.4644819994767507,0.06149011244997382,6.782111227048129,20.977857631826662,-2.125976108822089,0.0,0.0
ES2003c,284,0.7636853456497192,0.40975578625996906,0.3516654123862584,0.11642217139403026,0.1608430321017901,0.40260371565818787,0.5218001306056976,0.13419662912686667,6.462508210720472,25.356637308764686,-1.966615519796763,0.0,0.0
ES2003c,285,0.7141109307607015,0.40837367872397107,0.5478781561056772,0.1061771959066391,0.09099263697862625,0.503710409005483,0.4917425811290741,0.3045174852013588,5.222482731535715,30.0689994376894,-2.237803760340095,0.0,0.0
ES2003c,286,0.68973175684611,0.37531013290087384,0.583026647567749,0.09982254107793172,0.08014855533838272,0.34975854059060413,0.5199258426825205,0.4726388951142629,6.128654918426659,30.36174966231302,-1.5886811304560353,0.0,0.0
ES2003c,287,0.6777246395746866,0.37036194403966266,0.5966542462507883,0.10385066519180934,0.0933057429889838,0.3490164379278819,0.5028546849886576,0.22787322041889033,7.295577149420359,29.6216043471705,-0.6894364216650933,0.0,0.0
ES2003c,288,0.7882558504740397,0.4205506543318431,0.42893438537915546,0.12174528340498607,0.1033576453725497,0.3082628647486369,0.4862714509169261,0.40378298113743466,6.229996182655146,27.44722341776181,-0.2676447614731589,0.0,0.0
ES2003c,289,0.7030054529507955,0.5733339587847391,0.5176985065142313,0.13228576630353928,0.14753302931785583,0.2421972006559372,0.48300156990687054,0.5157318487763405,17.114151979548307,44.42637896855863,13.161544781494698,0.0,0.0
ES2003c,290,0.7250192364056905,0.5319814284642538,0.3226725732286771,0.17796443402767181,0.08936399345596631,0.4483574728171031,0.47579358021418255,0.6302561064561208,22.137101839657294,36.153904754921605,13.767028321245606,0.0,0.0
ES2003c,291,0.5038217504819235,0.32436329623063404,0.6077952682971954,0.10590552786986034,0.03547484055161476,0.4562268555164337,0.42860569556554157,0.30725644404689473,7.11643855209464,33.33686970298418,16.459088518039795,0.0,0.0
ES2003c,292,0.5289942920207977,0.4036317666371663,0.7443474133809408,0.08436188846826553,0.034965229531129204,0.3376942574977875,0.4292359948158264,0.45398292193810147,9.738485338535602,42.95418073681186,19.69605890389594,0.0,0.0
ES2003c,293,0.514300654331843,0.3742024799187978,0.7150304913520813,0.09209184845288594,0.03836840639511744,0.3612944434086482,0.41851608951886493,0.2544955809911092,7.935465390775647,42.59828624490791,17.647489700305837,0.0,0.0
ES2003c,294,0.5761868158976237,0.4068909188111623,0.8396881818771362,0.12218323598305385,0.05440838634967804,0.31815160314242047,0.48665761947631836,0.08586696783701579,5.918069297333232,43.153901607789344,15.288623057083697,0.0,0.0
ES2003c,295,0.5376783609390259,0.41588590542475384,0.7432824571927389,0.1878123035033544,0.12263414263725281,0.49916382630666095,0.5054631431897482,0.12947740902503332,5.8953337938066745,42.659061270372085,15.560647402383688,0.0,0.0
ES2003c,296,0.6668494542439779,0.403324822584788,0.761070986588796,0.1715850830078125,0.09045268595218658,0.640190859635671,0.5315179427464803,0.6984462141990662,7.499881695883917,43.4554880756121,15.897259184992857,0.0,0.0
ES2003c,297,0.5451327363650004,0.4407726625601451,0.7210283080736796,0.19840371857086816,0.11776231601834297,0.3563125431537628,0.5227935314178467,0.1858397920926412,6.755972178701467,41.71786072456148,15.1151361289853,0.0,0.0
ES2003c,298,0.5666033426920573,0.45208901166915894,0.692705492178599,0.1413640851775805,0.04524224499861399,0.40665820240974426,0.49950624505678815,0.29523544013500214,5.1788830513070705,40.74817216553097,14.195073951669679,0.0,0.0
ES2003c,299,0.5524965325991312,0.3573678135871887,0.6787278453509012,0.10102834800879161,0.04053602615992228,0.5793336828549703,0.3979346851507823,0.24731586749354997,4.033355721987163,39.15936688412656,13.998870570677544,0.0,0.0
ES2003c,300,0.5604389707247416,0.3398004174232483,0.6394872466723124,0.07798077166080475,0.03258432820439339,0.5617918868859609,0.33840710918108624,0.5476977725823721,2.044979067787924,36.70522798732487,12.929612576294332,0.0,0.0
ES2003c,301,0.5536360541979471,0.33958887060483295,0.7118827104568481,0.08515586207310359,0.03545705849925677,0.4584198196729024,0.3158481816450755,0.6765950322151184,0.38831325062402233,36.46684538667511,12.585056402180276,0.0,0.0
ES2003c,302,0.569179356098175,0.263574481010437,0.5567939877510071,0.06898226588964462,0.03716141482194265,0.5334926744302114,0.3144891560077667,0.49418551723162335,0.45796696431740536,36.648304881651484,12.849308234400986,0.0,0.0
ES2003c,303,0.5882105032602946,0.28625516096750897,0.6294676264127096,0.07005760073661804,0.03210160198311011,0.45720600088437396,0.3279964327812195,0.49747317532698315,1.0875028037025702,39.049816583343166,13.602943192933763,0.0,0.0
ES2003c,304,0.5422446330388387,0.27465201417605084,0.6580653190612793,0.0708596408367157,0.03377953233818213,0.44886871178944904,0.3231129248936971,0.7707358797391256,2.0149815519636873,39.43528654668091,13.888494151741243,0.0,0.0
ES2003c,305,0.5254725515842438,0.19008717437585196,0.5687923630078634,0.061370305716991425,0.023754599193731945,0.5680095454057058,0.36407487591107685,0.30610768993695575,-0.7590142432130823,38.27002258770484,18.0219946526776,0.0,0.0
ES2003c,306,0.5443816880385081,0.23483269413312277,0.6483697295188904,0.06655186414718628,0.017772173509001732,0.4774755636850993,0.3724736074606578,0.26219966635107994,-0.2941672549198397,35.05334241972398,16.40321314869892,0.0,0.0
ES2003c,307,0.5789610346158346,0.25751323997974396,0.6461767554283142,0.07212920238574345,0.03989005461335182,0.45685338973999023,0.34876344601313275,0.5283282498518626,1.481215402352892,38.78736475743265,14.823727562544468,0.0,0.0
ES2003c,308,0.5609315236409506,0.28542060653368634,0.6345323522885641,0.07013429080446561,0.039038059612115227,0.5166173974672953,0.361747682094574,0.7492677569389343,4.509916426634855,38.68429361985237,14.836215967800134,0.0,0.0
ES2003c,309,0.5735276738802592,0.318373570839564,0.7260776360829672,0.07759798566500346,0.04570586482683817,0.3871616721153259,0.3554723560810089,0.49442144731680554,3.6922460415686484,40.63775377675447,14.289524049167808,0.0,0.0
ES2003c,310,0.5514240264892578,0.32817767063776654,0.6707647442817688,0.06777927776177724,0.04037840043505033,0.3890865743160248,0.35627757509549457,0.33725691338380176,1.914387731319947,42.1956441838796,13.394591038013504,0.0,0.0
ES2003c,311,0.49541152517000836,0.3424389759699504,0.7613775928815206,0.07578772058089574,0.026922509695092838,0.5162601172924042,0.37574540575345355,0.4004868318637212,0.5838842633877587,33.747392947210436,12.118519542482085,0.0,0.0
ES2003c,312,0.4851594765981038,0.302383691072464,0.570720891157786,0.07256856188178062,0.024487071360150974,0.34541816512743634,0.43594203392664593,0.3175516960521539,-1.8529781914861914,26.78468718086479,11.530996705583929,0.0,0.0
ES2003c,313,0.45019955436388653,0.25885850191116333,0.6227631767590841,0.06497130667169888,0.013751052630444368,0.4731896718343099,0.40515268842379254,0.13841326534748077,-5.264894215803324,20.64126821294886,10.031284433107395,0.0,0.0
ES2003c,314,0.47002190351486206,0.2638510962327321,0.558145190278689,0.06342561046282451,0.01572634217639764,0.27063193917274475,0.40064674615859985,0.1535598337650299,-5.6560809042197775,23.150818236261784,10.486434995804537,0.0,0.0
ES2003c,315,0.48615989089012146,0.2698803246021271,0.626982311407725,0.06020427122712135,0.011560180534919104,0.6058079997698466,0.40177232027053833,0.15909048728644848,-4.997766311912373,14.782840947041066,4.124058175534043,0.0,0.0
ES2003c,316,0.5653364062309265,0.2700357933839162,0.5427590310573578,0.09861999874313672,0.02196303817133109,0.24625361959139505,0.37880826989809674,0.553296814362208,-3.2074251110006244,-6.4140624811186235,-0.9845786615189587,0.0,0.0
ES2003c,317,0.5336790283521017,0.26521967848141986,0.5073698262373606,0.13017743080854416,0.02560095613201459,0.2669288714726766,0.37575921416282654,0.43477195998032886,7.536446787496942,2.5877905523653175,3.9641263822906363,0.0,0.0
ES2003c,318,0.5823486646016439,0.27526133755842846,0.3943960616985957,0.09557956705490749,0.015548071203132471,0.27262963851292926,0.3567091127236684,0.4428449124097824,3.6510193351149227,6.996629873142912,3.642553852641545,0.0,0.0
ES2003c,319,0.40980060895284015,0.10916561136643092,0.3670581554373105,0.19542715946833292,0.15176097303628922,0.5847560664017996,0.5611088474591573,0.8842863241831461,72.39543470096923,73.5746427072185,75.48539253184961,0.0,0.0
ES2003c,320,0.4084865252176921,0.19292851289113364,0.29542527596155804,0.20871832966804504,0.21704238653182983,0.2965461313724518,0.5544673204421997,0.6512099802494049,71.62807761577172,72.74142486803676,74.46196789267005,0.0,0.0
ES2003c,321,0.38160555561383563,0.17273338635762533,0.3416827569405238,0.21253934254248938,0.11185255274176598,0.6874619523684183,0.5415878693262736,0.7258922507365545,45.702583979691035,75.30935786756176,49.44138897569709,0.0,0.0
ES2003c,322,0.3949654201666514,0.18522491057713827,0.43406978249549866,0.26349788904190063,0.2876789594690005,0.5654626786708832,0.4331811269124349,0.8211320439974467,56.10088576035022,75.322276218717,60.00006736915674,0.0,0.0
ES2003c,323,0.49742649992307025,0.2517511347929637,0.4102121988932292,0.25583494702974957,0.24037840714057288,0.3905063370863597,0.4007592697938283,0.94366455078125,35.53025613981599,68.77287930520106,39.4808950851829,0.0,0.0
ES2003c,324,0.5684423347314199,0.27800727883974713,0.5986211597919464,0.12083138277133305,0.0775179968525966,0.5067059695720673,0.4225993851820628,0.6806934326887131,18.775433456771864,39.57647293256591,12.08839264708714,0.0,0.0
ES2003c,325,0.6675785382588705,0.3392322063446045,0.3699403703212738,0.1353117028872172,0.06992178534468015,0.38367392619450885,0.4140729308128357,0.48758448908726376,1.858628960786515,23.913263918477643,-9.350133447042028,0.0,0.0
ES2003c,326,0.6868929862976074,0.34828926622867584,0.5555696785449982,0.14730801184972128,0.1412793050209681,0.2703438401222229,0.43426162004470825,0.7834256092707316,1.741941227499485,27.262536344573874,-9.245968933740867,0.0,0.0
ES2003c,327,0.6594516436258951,0.40787473320961,0.4543761412302653,0.07225185508529346,0.06877586431801319,0.33587706089019775,0.3733062545458476,0.3450509160757065,3.3020449022997878,2.8071038673583932,3.9492968532071338,0.0,0.0
ES2003c,328,0.6800882816314697,0.4024294813474019,0.3057690312465032,0.05571142335732778,0.012130686392386755,0.37821993231773376,0.3905678391456604,0.4559982717037201,1.8997056528742442,-9.141847569607927,-0.3849972941041628,0.0,0.0
ES2003c,329,0.6015190680821737,0.36233822504679364,0.2780296156803767,0.05739123746752739,0.013106651914616426,0.34550705552101135,0.401739368836085,0.5679551462332407,0.3648067464049696,-9.429332818896457,-0.47293770932955076,0.0,0.0
ES2003c,330,0.5569466650485992,0.2943563361962636,0.40888778368632,0.057181984186172485,0.012851973374684652,0.41753151019414264,0.4139784475167592,0.2931867515047391,-3.0803102991228095,-7.430152740850846,-10.062718513941485,0.0,0.0
ES2003c,331,0.5141599774360657,0.20531047383944193,0.5683780908584595,0.07313770552476247,0.01604724923769633,0.4453556736310323,0.34340966741244,0.4631038059790929,2.2817707839114676,-6.834124242564761,-19.585510572929827,0.0,0.0
ES2003c,332,0.5338131189346313,0.2903112918138504,0.49517903725306195,0.055489992101987205,0.013051815330982208,0.4233681658903758,0.3682129979133606,0.2151975678279996,4.37615746067624,-7.104667173428973,-11.722844247442817,0.0,0.0
ES2003c,333,0.6815113425254822,0.36445702612400055,0.3562443405389786,0.06499930595358212,0.017777529855569203,0.5300988157590231,0.4306281904379527,0.7002095580101013,4.262032614978447,-4.620356426418035,-7.414151747221638,0.0,0.0
ES2003c,334,0.6661158402760824,0.338639497756958,0.38808704415957135,0.05614204332232475,0.015629939114054043,0.44150527318318683,0.408067911863327,0.8135150869687399,3.1179919833913345,-7.3563331749083325,-4.411615722503374,0.0,0.0
ES2003c,335,0.5195123255252838,0.2900695602099101,0.43914681673049927,0.0791742317378521,0.02820763022949298,0.4650881588459015,0.421277383963267,0.5803704361120859,2.520626039692074,6.401459502421339,-2.3832248320680147,0.0,0.0
ES2003c,336,0.6597018937269846,0.35562609632809955,0.25934846699237823,0.07713596646984418,0.02457270895441373,0.3433123330275218,0.4169796109199524,0.6443193505207697,5.799052839984063,3.129701516367748,1.67268662524737,0.0,0.0
ES2003c,337,0.7782573103904724,0.3460006316502889,0.20192649960517883,0.05685402577122053,0.01668210979551077,0.4077785114447276,0.4065262973308563,0.7434831460316976,5.805200705009395,-4.018917007388544,1.7640925632904179,0.0,0.0
ES2003c,338,0.7135190566380819,0.317071129878362,0.19414774576822916,0.057332951575517654,0.012510483153164387,0.468240221341451,0.43527034918467206,0.5347797671953837,3.3407680616917346,-4.258540536298117,1.2123479240314035,0.0,0.0
ES2003c,339,0.6228738824526469,0.2080526202917099,0.3214150269826253,0.056155987083911896,0.013694056930641333,0.6196750601132711,0.41039085388183594,0.4973358412583669,6.145214829592429,-1.5546331754325855,1.1197999833219587,0.0,0.0
ES2003c,340,0.6522122025489807,0.18857391923666,0.3133363922437032,0.05434656764070193,0.013669589534401894,0.6793288588523865,0.42364516854286194,0.5801739643017451,6.843522118494509,-0.958944973223946,1.0978303041263886,0.0,0.0
ES2003c,341,0.7084545691808065,0.28352630138397217,0.2705579747756322,0.055477436631917953,0.011534244132538637,0.5411816736062368,0.42831873893737793,0.42824940880139667,4.580856168929125,-1.7418030489368646,1.069541539043349,0.0,0.0
ES2003c,342,0.674486517906189,0.25688184301058453,0.27991963426272076,0.05618524799744288,0.012648002244532108,0.5133350690205892,0.4113751947879791,0.6559542020161947,5.472691087543758,-0.40892498775188185,1.1653497440933804,0.0,0.0
ES2003c,343,0.6323105494181315,0.29090497891108197,0.3129298985004425,0.05650239561994871,0.012810718889037767,0.45013170937697095,0.41546284159024555,0.7537949482599894,2.0568524270832955,-3.0639991870618926,1.2684469168653492,0.0,0.0
ES2003c,344,0.588056763013204,0.3319263855616252,0.33068062861760456,0.09963623806834221,0.10103052109479904,0.5281083782513937,0.45813360810279846,0.5467771403491497,4.3811018578751195,-2.46025780137256,0.8204451350495284,0.0,0.0
ES2003c,345,0.523766040802002,0.2894207586844762,0.407802939414978,0.26544374724229175,0.2865556428829829,0.37898258368174237,0.5380305151144663,0.6649591525395712,1.8937171106362254,-3.8434315138208213,0.7930817346564248,0.0,0.0
ES2003c,346,0.5747458934783936,0.30028078456719715,0.36857042213280994,0.1366481234629949,0.07265346652517717,0.33623503148555756,0.4358966251214345,0.7721154590447744,1.8522320822769291,3.8516747935876423,2.577327976608561,0.0,0.0
ES2003c,347,0.5820125738779703,0.3294242521127065,0.6735076904296875,0.1417625993490219,0.07131031279762585,0.25821590920289356,0.37193689743677777,0.47813064729173976,9.67134584037076,15.819949864051608,5.7770383871024364,0.0,0.0
ES2003c,348,0.45199288924535114,0.17795420438051224,0.35830483833948773,0.2643811454375585,0.35210877160231274,0.3114027331272761,0.47027770678202313,0.9045700828234354,53.578973790522035,76.97481737739002,56.089501178036265,0.0,0.0
ES2003c,349,0.38574059804280597,0.13838839530944824,0.3639783461888631,0.2473150541385015,0.2104900379975637,0.4306208888689677,0.43992123007774353,0.8624716798464457,69.19613138027314,76.99780998798087,71.88930354035045,0.0,0.0
ES2003c,350,0.5479094187418619,0.2760705277323723,0.428635040918986,0.1639173999428749,0.10749429215987523,0.5894463956356049,0.40938278039296466,0.7804065843423208,50.48386787798797,56.6405897803126,48.977123240978386,0.0,0.0
ES2003c,351,0.7003185153007507,0.6432439386844635,0.2390341361363729,0.13309065128366152,0.11947698580722015,0.4070170323053996,0.5211915175120035,0.3940144646912813,19.864587324633675,23.572965803067785,15.946004432970021,0.0,0.0
ES2003c,352,0.41382403175036114,0.20601197083791098,0.2640296270449956,0.2895497952898343,0.3129386690755685,0.33928580085436505,0.47427065173784894,0.7611661851406097,50.68484539340445,46.098948018261545,48.949485862689414,0.0,0.0
ES2003c,353,0.49462080001831055,0.2715400457382202,0.4301341772079468,0.1539595698316892,0.09886378670732181,0.527133047580719,0.45150906840960187,0.9912883838017782,67.85099693323595,75.35476135321372,69.96294400695352,0.0,0.0
ES2003c,354,0.4214726785818736,0.15521311511596045,0.49348416924476624,0.13861413796742758,0.1279014547665914,0.3920322855313619,0.5031909247239431,0.9302056034406027,63.972071079682415,73.35667757698937,66.59235150353106,0.0,0.0
ES2003c,355,0.46585309505462646,0.28239281475543976,0.6286045412222544,0.14586460838715234,0.09458147486050923,0.5375733971595764,0.44054200251897174,0.9923012455304464,62.56560900557215,73.56738797301543,64.54844574326084,0.0,0.0
ES2003c,356,0.6220764517784119,0.390453040599823,0.42078649004300434,0.1307908222079277,0.15852579226096472,0.4609145869811376,0.4734966556231181,0.5827450652917227,33.2321290315244,59.00379879398855,31.408946441995894,0.0,0.0
ES2003c,357,0.651975949605306,0.4011020213365555,0.30110591650009155,0.12274167438348134,0.09193198879559834,0.4860949416955312,0.48873382806777954,0.26365437110265094,29.465935695625973,37.23563550256565,22.391429811491225,0.0,0.0
ES2003c,358,0.6969207723935446,0.6280839890241623,0.27948657671610516,0.07438579698403676,0.07154592499136925,0.41135579347610474,0.42912277579307556,0.11123464380701382,21.76854805305516,27.518855851274505,14.166435712621734,0.0,0.0
ES2003c,359,0.7433322668075562,0.6933280030886332,0.25988336900870007,0.10402074952920277,0.03376460696260134,0.4416997929414113,0.47350674867630005,0.12673436353603998,1.3785694994731472,8.012698274794895,-8.831554089318821,0.0,0.0
ES2003c,360,0.7649761041005453,0.5524962445100149,0.25362391273180646,0.07484895860155423,0.02727263079335292,0.36633069813251495,0.3762539823849996,0.6085701833168665,8.77936532591724,-10.583194949509457,-5.054287800129825,0.0,0.0
ES2003c,361,0.8177811702092489,0.7166317303975424,0.3170131246248881,0.05298288414875666,0.0258820957193772,0.3875015576680501,0.33900216221809387,0.9950002034505209,6.225040331651507,-5.793871530577932,-1.2872309860699074,0.0,0.0
ES2003c,362,0.7645366191864014,0.7290989557902018,0.3612929781277974,0.05308379605412483,0.02923687423268954,0.4297896722952525,0.3655421733856201,0.9961830973625183,6.900651029550368,-5.212627490749473,-1.7113231444828392,0.0,0.0
ES2003c,363,0.7406873305638632,0.6822508772214254,0.3578318953514099,0.060918169716993965,0.028125975901881855,0.3237883448600769,0.3313633402188619,0.9987401564915975,8.502419291391385,-5.2119554589076955,-1.4283605657879122,0.0,0.0
ES2003c,364,0.7467250227928162,0.5133968691031138,0.26484570652246475,0.08828534185886383,0.04047294954458872,0.35237282514572144,0.4632890522480011,0.1290965899825096,1.4052269613108168,5.533610954743492,-9.442778521113224,0.0,0.0
ES2003c,365,0.6610779960950216,0.4392872254053752,0.25168534616629284,0.10149165739615758,0.03540233646829923,0.4057619571685791,0.4539513091246287,0.07717928321411212,2.574854489660912,7.375981856231687,-6.389158895549477,0.0,0.0
ES2003c,366,0.6575111349423727,0.4766310155391693,0.26904867092768353,0.08970238516728084,0.04279606603085995,0.23265306651592255,0.3759716947873433,0.26839502807706594,1.592076100208964,12.614533115768218,-8.284220033888493,0.0,0.0
ES2003c,367,0.5452717542648315,0.342331866423289,0.2201594760020574,0.08269792795181274,0.029179842521746952,0.5618307888507843,0.3590969145298004,0.14851222342501083,-2.8817295526648263,-6.828351933127389,-11.910717548396121,0.0,0.0
ES2003c,368,0.41450023651123047,0.3252489964167277,0.254726121822993,0.07397037247816722,0.021702958270907402,0.33889227112134296,0.3833625415960948,0.025856386171653867,-3.0503088015101896,-21.679104608044934,-13.789568458384892,0.0,0.0
ES2003c,369,0.6315872569878896,0.49349119265874225,0.22129612416028976,0.08431958282987277,0.027450117593010265,0.5041612188021342,0.49134646852811176,0.08344259959024687,-3.68992677093866,1.7805046490999092,-8.423363420592436,0.0,0.0
ES2003c,370,0.8153054714202881,0.5342870851357778,0.17412917936841646,0.09925711154937744,0.05359488415221373,0.5307736496130625,0.43388670682907104,0.1575004548455278,1.0172586870278268,15.82415802210599,-4.40998147547671,0.0,0.0
ES2003c,371,0.8122201959292094,0.7148451010386149,0.28312188386917114,0.09446233883500099,0.044938466822107635,0.3428266644477844,0.4871603548526764,0.10886709795643885,1.7695211266582156,10.026996405751223,-8.744338848294523,0.0,0.0
ES2003c,372,0.626368780930837,0.35030890504519147,0.47817497452100116,0.10878848036130269,0.02479621364424626,0.4106339712937673,0.4572944442431132,0.18413201781610647,16.981706872504535,-21.69184444773668,-11.068132365773714,0.0,0.0
ES2003c,373,0.7190762956937155,0.4564382533232371,0.46184539794921875,0.0951590562860171,0.023407381648818653,0.4624780019124349,0.5342829724152883,0.5547095735867819,14.339787735789407,9.174128091479538,2.2180722744856456,0.0,0.0
ES2003c,374,0.7141348520914713,0.32854247093200684,0.5964975754419962,0.09305137395858765,0.029009804750482242,0.4217602064212163,0.4393361111481984,0.49130265911420185,13.230853574832546,6.991733608894134,1.8548209683183183,0.0,0.0
ES2003c,375,0.7109712362289429,0.4825648069381714,0.4816821018854777,0.08531961093346278,0.022782932346065838,0.422555536031723,0.4753626783688863,0.2507707041998704,13.671005829038736,5.470482507264067,0.9114698748050456,0.0,0.0
ES2003c,376,0.6135798891385397,0.34992940723896027,0.40369512637456256,0.07658347114920616,0.025994886333743732,0.23433909813563028,0.3885786235332489,0.4406094253063202,6.425152225144585,-10.247716633407551,-7.675731077406993,0.0,0.0
ES2003c,377,0.450515349706014,0.2868732412656148,0.4823040763537089,0.08900391558806102,0.0267734049508969,0.33518914381663006,0.41083351771036786,0.2544378638267517,6.820412456097429,-23.94860310978197,-15.152997563943186,0.0,0.0
ES2003c,378,0.6061139106750488,0.37005720535914105,0.49438056349754333,0.07708634684483211,0.032140484700600304,0.19114468495051065,0.38707512617111206,0.3640093704064687,6.8735482580978235,-15.680287477806884,-6.684573920483046,0.0,0.0
ES2003c,379,0.5762810111045837,0.2729494621356328,0.4232584734757741,0.0836852639913559,0.03152718270818392,0.21169957021872202,0.4391753176848094,0.6539157330989838,18.23386498890194,-33.63345667084197,-19.608534630330027,0.0,0.0
ES2003c,380,0.5987278421719869,0.2980412691831589,0.3575694461663564,0.09423263122638066,0.02596728689968586,0.23041199644406637,0.4340902368227641,0.713033139705658,17.798693989288115,-35.63193134882622,-17.58869344040696,0.0,0.0
ES2003c,381,0.6263720194498698,0.35377811392148334,0.33992760876814526,0.09007370471954346,0.03582166383663813,0.40769410133361816,0.4120855430761973,0.8556185364723206,17.3558270553586,-38.53870264267881,-16.266954681044393,0.0,0.0
ES2003c,382,0.5816664099693298,0.3066008786360423,0.4911073346932729,0.09046251823504765,0.029112956797083218,0.2569676736990611,0.4263257881005605,0.5455386141935984,15.894478718646425,-37.532866718660664,-14.90330871263018,0.0,0.0
ES2003c,383,0.5576351483662924,0.3294747471809387,0.4130937159061432,0.08659872909386952,0.024504635483026505,0.35672586659590405,0.3751557370026906,0.5153600772221884,17.240234320701294,-37.12027018438953,-15.876747436948568,0.0,0.0
ES2003c,384,0.6383827129999796,0.2930825352668762,0.28140951693058014,0.08345412462949753,0.02710470308860143,0.3585753341515859,0.4249381522337596,0.6324907640616099,17.19510810613761,-37.14862413219337,-16.036703068809942,0.0,0.0
ES2003c,385,0.6046968102455139,0.31287847956021625,0.3080394963423411,0.08526441951592763,0.022932684669891994,0.33641540507475537,0.37858792146046955,0.6490501264731089,16.80209544892674,-35.77867615188124,-15.783182737264072,0.0,0.0
ES2003c,386,0.5818246603012085,0.34799924492836,0.4517833888530731,0.0765979749461015,0.04482656282683214,0.3445928692817688,0.412489781777064,0.7861021955808004,10.369525460468418,-23.120853178045014,-12.743325373699479,0.0,0.0
ES2003c,387,0.5740622083346049,0.3664619028568268,0.4115350345770518,0.10122132673859596,0.06995035335421562,0.27771949271361035,0.3953544696172078,0.5553121566772461,3.7235121960431363,-18.60088712725717,-10.557978540139853,0.0,0.0
ES2003c,388,0.6497977574666342,0.3829593062400818,0.32084429264068604,0.12487226848800977,0.07505401472250621,0.41971928874651593,0.43853668371836346,0.41234909122188884,8.532306713903658,-10.611896462339386,-11.10487362948354,0.0,0.0
ES2003c,389,0.5065514047940572,0.24148356914520264,0.4914243221282959,0.10041355962554614,0.04870636761188507,0.20801503707965216,0.404658704996109,0.33836326003074646,5.595993647473409,-12.522073036434264,-9.156112316677575,0.0,0.0
ES2003c,390,0.5249458849430084,0.26569735010464984,0.6068210403124491,0.11686087399721146,0.0346173457801342,0.5899585982163748,0.3896496295928955,0.601750781138738,16.894146216266638,-15.800721591039926,-15.701217567609282,0.0,0.0
ES2003c,391,0.4883686304092407,0.2682635684808095,0.6945559779802958,0.09515459090471268,0.034944540510574974,0.46133001645406085,0.35876989364624023,0.9218118190765381,16.026979386058446,-15.396824650431137,-14.7767561820824,0.0,0.0
ES2003c,392,0.47400856018066406,0.2139363040526708,0.6485464572906494,0.1178703506787618,0.03275099458793799,0.3709070881207784,0.34265069166819256,0.8050780296325684,16.16012711714318,-17.103373953009378,-13.121877970617836,0.0,0.0
ES2003c,393,0.4395437041918437,0.20070397853851318,0.6905056635538737,0.10207187384366989,0.04271081338326136,0.46044503649075824,0.36735905210177106,0.8741599321365356,14.763538907059564,-16.715007633021226,-13.632908878655945,0.0,0.0
ES2003c,394,0.4998163878917694,0.21908761064211527,0.6870814164479574,0.09609277298053105,0.03448150493204594,0.2559532622496287,0.3644319673379262,0.9549543658892313,13.58890617113075,-16.981944696285495,-13.214512624565534,0.0,0.0
ES2003c,395,0.49835026264190674,0.26502930621306103,0.6976619164148966,0.10052190472682317,0.05296171208222707,0.34188370903333026,0.38707993427912396,0.977628250916799,15.445365560676015,-16.711956482882368,-12.095669045387302,0.0,0.0
ES2003c,396,0.4973316589991252,0.24871259927749634,0.7193447351455688,0.12781388064225516,0.05861259996891022,0.35859546065330505,0.37051581343015033,0.9747162858645121,15.680109188881824,-17.195185594950498,-9.626001806171946,0.0,0.0
ES2003c,397,0.46576545635859173,0.1954105794429779,0.6650605400403341,0.10405540714661281,0.04484528054793676,0.4847746392091115,0.3801452120145162,0.9894295930862427,17.33417026390234,-16.574651041301205,-11.539442847352248,0.0,0.0
ES2003c,398,0.4940205216407776,0.2859584093093872,0.45684732993443805,0.09680190434058507,0.044317675133546196,0.5409094591935476,0.4399986465771993,0.980878492196401,18.449141415290594,-15.980850370093627,-12.125582092639313,0.0,0.0
ES2003c,399,0.5091247856616974,0.3265831073125203,0.6610850890477499,0.10838271180788676,0.050341871877511345,0.5003519058227539,0.43863556782404584,0.9939114451408386,18.428788524765917,-16.59205175448653,-10.972076795388254,0.0,0.0
ES2003c,400,0.5155510207017263,0.2623756726582845,0.6748662789662679,0.11244232952594757,0.04597388828794161,0.5346734424432119,0.43500544627507526,0.9858319759368896,18.618764253946928,-16.72949236557206,-10.84080267058283,0.0,0.0
ES2003c,401,0.5076899925867716,0.21898764868577322,0.628828227519989,0.10831652084986369,0.04260106633106867,0.7358793020248413,0.44582823912302655,0.9779372612635294,16.52764968477275,-16.353555339423526,-11.505342755952482,0.0,0.0
ES2003c,402,0.5038771828015646,0.1558594654003779,0.5676406820615133,0.09554590533177058,0.05248262360692024,0.47082921862602234,0.45207639535268146,0.9745879371960958,15.508834964618169,-16.48108898545759,-10.981974421570882,0.0,0.0
ES2003c,403,0.4926302532354991,0.2013990804553032,0.6906357606252035,0.09700999160607655,0.0501839704811573,0.48493000864982605,0.45367321372032166,0.8819341858228048,15.486126735586566,-16.82774969934214,-10.571461929955227,0.0,0.0
ES2003c,404,0.5073055724302927,0.2670968919992447,0.6378834247589111,0.10996070007483165,0.0432708611090978,0.4054447412490845,0.40611570080121356,0.9635171492894491,15.756305815957548,-16.67501785589363,-10.31711510970896,0.0,0.0
ES2003c,405,0.5162163575490316,0.23771337668100992,0.6090267101923624,0.10418254137039185,0.04510089258352915,0.45051788290341693,0.371610164642334,0.9699226220448812,15.378909317917149,-16.391741073009797,-9.105563033753187,0.0,0.0
ES2003c,406,0.5077523688475291,0.26841744283835095,0.6350926160812378,0.10331439226865768,0.04486203442017237,0.4252678801616033,0.35761870940526325,0.9467572371164957,16.253052435452727,-16.47149450395061,-7.390525215547515,0.0,0.0
ES2003c,407,0.5320700605710348,0.23646673560142517,0.5639374752839407,0.11197259773810704,0.03968030959367752,0.26733870804309845,0.3442530333995819,0.9755681753158569,16.583936858581588,-17.099141261857866,-7.507941920550171,0.0,0.0
ES2003c,408,0.498215784629186,0.24203945199648538,0.7012452284495035,0.1012207642197609,0.045383828381697335,0.41517842809359234,0.3922688364982605,0.9806939959526062,14.904383517662,-16.682757805537875,-8.398791356857831,0.0,0.0
ES2003c,409,0.5130850970745087,0.3160916070143382,0.6167064706484476,0.1054610659678777,0.04032996545235316,0.6299982666969299,0.41800568501154584,0.9216169118881226,15.66095527485158,-17.66359040198824,-7.900706785140343,0.0,0.0
ES2003c,410,0.5029994050661722,0.27523895104726154,0.6809514363606771,0.10203977922598521,0.06052165850996971,0.5489203333854675,0.3406442900498708,0.9568849205970764,14.676755745844446,-17.45518262400269,-8.781185754721525,0.0,0.0
ES2003c,411,0.48848607142766315,0.16343964636325836,0.7107467850049337,0.09977844605843227,0.046187917391459145,0.6196866432825724,0.3823475241661072,0.9802306691805521,13.985669683149249,-17.515724575466155,-8.751704124260264,0.0,0.0
ES2003c,412,0.4893491367499034,0.23334289093812308,0.6547399759292603,0.1061263879140218,0.06200663869579633,0.4517321288585663,0.37179891268412274,0.9717216293017069,12.967117918115052,-17.891542828400627,-7.897522412678666,0.0,0.0
ES2003c,413,0.5256264408429464,0.26101558407147724,0.7290619015693665,0.12006218979756038,0.04601367066303889,0.7933982809384664,0.3693462312221527,0.8649176557858785,15.92466615546484,-17.863791296307785,-6.992537256177026,0.0,0.0
ES2003c,414,0.5117706954479218,0.31174612045288086,0.6668541431427002,0.13758685688177744,0.0455607275168101,0.7606314420700073,0.41699262460072833,0.8208348552385966,15.495941875503112,-18.31538771529249,-5.76308744519755,0.0,0.0
ES2003c,415,0.5012120207150778,0.2475350002447764,0.5309175451596578,0.13600201159715652,0.04218031590183576,0.543971965710322,0.386093407869339,0.8715185125668844,14.848366288216994,-18.196908449289513,-6.377840907977093,0.0,0.0
ES2003c,416,0.506118893623352,0.2341526448726654,0.5104567408561707,0.12271975974241893,0.04696505765120188,0.31771652897198993,0.34385553002357483,0.6646743963162104,14.776286165207042,-17.543832177784708,-6.838429211152262,0.0,0.0
ES2003c,417,0.5130017697811127,0.23645048836867014,0.5966302951176962,0.11375267555316289,0.0547995480398337,0.36876673499743146,0.3671086331208547,0.927895208199819,14.17301723580635,-17.038073940491458,-5.927943846967966,0.0,0.0
ES2003c,418,0.518069197734197,0.263765349984169,0.6518355409304301,0.11187265813350677,0.05618739128112793,0.33614593247572583,0.3820608854293823,0.9319412112236023,15.734957392073632,-16.791377958229454,-6.673087016120701,0.0,0.0
ES2003c,419,0.4666145245234172,0.20625229676564535,0.7557272712389628,0.10786182681719463,0.0393931120634079,0.29136034846305847,0.3973112603028615,0.8155477444330851,15.00025212109349,-16.584002474524215,-8.95718756894914,0.0,0.0
ES2003c,420,0.43571319182713825,0.16019290685653687,0.5525984366734823,0.1009623905022939,0.04053510849674543,0.357156162460645,0.41394980748494464,0.45877866943677265,16.18780727435193,-15.266813733705929,-9.862575280304787,0.0,0.0
ES2003c,421,0.5077536205450693,0.28278692066669464,0.650762140750885,0.11763932059208553,0.02812051773071289,0.6026846369107565,0.4002405603726705,0.32734564195076626,17.64631630012953,-14.680076638369586,-11.245452403325823,0.0,0.0
ES2003c,422,0.5443682869275411,0.22990167637666067,0.6354098518689474,0.11844865729411443,0.0328230249385039,0.47962920864423114,0.409358670314153,0.41244171063105267,20.126492844095853,-15.79940122648704,-9.988061367982702,0.0,0.0
ES2003c,423,0.4932565589745839,0.24636843303839365,0.670216312011083,0.09967447568972905,0.032372587670882545,0.40742606421311695,0.430319865544637,0.8606071273485819,19.860589988576212,-16.008597866200166,-11.731467601858588,0.0,0.0
ES2003c,424,0.4750233093897502,0.2776842961708705,0.6040190855662028,0.10261030743519466,0.04107981671889623,0.43639424443244934,0.4103308419386546,0.5940092901388804,20.637382495709698,-15.365267006495188,-12.243183184700532,0.0,0.0
ES2003c,425,0.4741615951061249,0.22319662074247995,0.6506791909535726,0.1000446230173111,0.02301880220572154,0.43149063487847644,0.40224642554918927,0.5541426837444305,18.917307913491243,-15.466223379699434,-12.373350840426761,0.0,0.0
ES2003c,426,0.5047644476095835,0.2520304322242737,0.5780331989129385,0.1025885318716367,0.027841979016860325,0.41120560963948566,0.4019404848416646,0.6801236669222513,19.11513348300114,-15.31955912094535,-12.363484801590367,0.0,0.0
ES2003c,427,0.5151888231436411,0.24021762609481812,0.7051630616188049,0.11342728137969971,0.02496747424205144,0.45936743418375653,0.40543214480082196,0.5074285864830017,18.44496916460679,-14.5586122937331,-12.392633300792633,0.0,0.0
ES2003c,428,0.5120060940583547,0.21511573096116385,0.6112512151400248,0.10416099180777867,0.03359488149483999,0.3270815908908844,0.4047529697418213,0.37405405441919964,19.741802380711295,-14.322089854760579,-12.109432937260204,0.0,0.0
ES2003c,429,0.4901966055234273,0.2869572043418884,0.5743699471155802,0.11905852208534877,0.04384235541025797,0.5090489983558655,0.3920292854309082,0.5750435541073481,22.866880647336647,-14.181940431402396,-12.54511617046225,0.0,0.0
ES2003c,430,0.508432020743688,0.2942446867624919,0.34354477127393085,0.11329835404952367,0.043645650148391724,0.48805761337280273,0.34219786524772644,0.945426364739736,23.789228916241402,-14.38570398029163,-13.353951533762176,0.0,0.0
ES2003c,431,0.4947313666343689,0.2755117118358612,0.451660692691803,0.11268465469280879,0.05165772450466951,0.5700345039367676,0.3829846680164337,0.9205300807952881,25.584310393201093,-14.43907734115034,-12.497024836731137,0.0,0.0
ES2003c,432,0.5422546366850535,0.25765664378801983,0.4643631378809611,0.15095497419436774,0.07532737217843533,0.6251242756843567,0.3950974444548289,0.9463375608126322,24.07429121988045,-15.031489136291997,-9.572776146849503,0.0,0.0
ES2003c,433,0.619506816069285,0.3111540178457896,0.5065291027228037,0.1420074204603831,0.14641895393530527,0.4635601242383321,0.35850738485654193,0.9836456576983134,23.713555916902436,-15.69781204025663,-8.367203837418982,0.0,0.0
ES2003c,434,0.5788905024528503,0.2691476394732793,0.5090863207976023,0.1324860230088234,0.07991388812661171,0.40949033697446185,0.35864179333051044,0.9826704263687134,24.340343753585618,-15.89957800707942,-12.004753579925604,0.0,0.0
ES2003c,435,0.5016755958398184,0.26920974751313526,0.43414320548375446,0.1191764051715533,0.050593556836247444,0.4704303542772929,0.3494139115015666,0.9492329160372416,22.02913849965437,-15.969613577595238,-10.867388491667525,0.0,0.0
ES2003c,436,0.5084584256013235,0.27995022634665173,0.6655644178390503,0.11418955524762471,0.05475187860429287,0.46404420336087543,0.3443843126296997,0.8971505959828695,19.73767132015517,-16.463115808552626,-10.66487173465576,0.0,0.0
ES2003c,437,0.4640780985355377,0.25460537771383923,0.6872296929359436,0.08961884180704753,0.03866453468799591,0.3113809823989868,0.35702867309252423,0.9655484159787496,20.07585532693017,-18.00130500919801,-8.694230603546018,0.0,0.0
ES2003c,438,0.4832346936066945,0.2729818671941757,0.7150859236717224,0.09715566039085388,0.04112798596421877,0.43857558568318683,0.3358311752478282,0.9820283253987631,17.592285323551646,-16.98615856149615,-10.441531928997877,0.0,0.0
ES2003c,439,0.5234195590019226,0.2477897653977076,0.6717672745386759,0.10513094067573547,0.051884823789199196,0.3489190141359965,0.3292374511559804,0.805577298005422,16.278376915148204,-16.411798553827136,-10.52421768239771,0.0,0.0
ES2003c,440,0.4829997221628825,0.27065806090831757,0.7017179727554321,0.10739161322514217,0.040763456374406815,0.3444337844848633,0.3695046603679657,0.7062406241893768,18.018331660791265,-16.623306094470156,-10.380064001448304,0.0,0.0
ES2003c,441,0.5091009438037872,0.28417202333609265,0.47034722566604614,0.10805107404788335,0.046561763932307564,0.32464665174484253,0.3567389150460561,0.9301643371582031,14.515991901462913,-16.076674020564514,-9.7432865334107,0.0,0.0
ES2003c,442,0.5065038601557413,0.2670414050420125,0.6472984353701273,0.10919580360253651,0.03683808073401451,0.4447779953479767,0.34740667541821796,0.9351888298988342,13.711075272637835,-16.524469858024073,-9.91547664362062,0.0,0.0
ES2003c,443,0.5138051410516103,0.2193810443083445,0.6423847675323486,0.10467353214820226,0.03697335533797741,0.5430228610833486,0.40266866485277814,0.8359776139259338,14.752998375707302,-16.415916391553214,-9.563865224574803,0.0,0.0
ES2003c,444,0.5499480664730072,0.23496341208616892,0.5953253706296285,0.10473072280486424,0.04391785648961862,0.4889543950557709,0.35894572734832764,0.8733922441800436,15.144456089353929,-15.177170829418586,-10.866087374175253,0.0,0.0
ES2003c,445,0.5047848224639893,0.2434595823287964,0.5649905204772949,0.08158040543397267,0.04315075154105822,0.3156888435284297,0.3505394558111827,0.9649883310000101,14.533837845516368,-16.130392195951796,-9.796896194796412,0.0,0.0
ES2003c,446,0.5121636092662811,0.24034744004408518,0.5270133018493652,0.08236342916886012,0.03800198808312416,0.32512688140074414,0.3450745443503062,0.9382897019386292,13.837362059826667,-15.780977136235345,-9.776770666499814,0.0,0.0
ES2003c,447,0.5267530282338461,0.25450236598650616,0.5801092882951101,0.10478406399488449,0.043926856170097985,0.45110554496447247,0.33282358447710675,0.9785798986752828,14.267315475645923,-15.75291787889504,-9.483386634730431,0.0,0.0
ES2003c,448,0.5006574392318726,0.2276136875152588,0.5266656676928202,0.08634972820679347,0.04052524889508883,0.42308732867240906,0.327228844165802,0.9640392661094666,12.377511686366548,-15.716382699130557,-11.292000921111535,0.0,0.0
ES2003c,449,0.48681721091270447,0.24371466040611267,0.6095995306968689,0.08701595664024353,0.04194933051864306,0.4600391685962677,0.3243827720483144,0.9256403843561808,12.195444167958621,-16.247378219757326,-11.017835681596628,0.0,0.0
ES2003c,450,0.5141342977682749,0.25028271476427716,0.7494605580965678,0.11025117586056392,0.04837328319748243,0.36883917450904846,0.3417281409104665,0.9767094055811564,13.864952236378171,-17.181059520149713,-9.274222505334448,0.0,0.0
ES2003c,451,0.47519007325172424,0.23210679491360983,0.699715276559194,0.09366974731286366,0.04718911275267601,0.6493572394053141,0.33018102248509723,0.951639453570048,12.322313461370973,-16.702067891667816,-9.911741219690752,0.0,0.0
ES2003c,452,0.4588201443354289,0.2351210961739222,0.6494198044141134,0.08928669492403667,0.04358464106917381,0.4993694871664047,0.35111738244692486,0.448759480069081,14.896735691708528,-15.242303219836435,-10.377050745978464,0.0,0.0
ES2003c,453,0.46144193410873413,0.1783680965503057,0.5388996700445811,0.08514009043574333,0.04221042742331823,0.5482807656129202,0.358379065990448,0.8227980732917786,15.260119487982555,-14.206365491366155,-11.386443869171238,0.0,0.0
ES2003c,454,0.49775609374046326,0.2395294706026713,0.5675375064214071,0.08392371485630672,0.038182515650987625,0.6012119948863983,0.347089687983195,0.9127374490102133,14.646615526800787,-14.722405273089853,-11.49025657541633,0.0,0.0
ES2003c,455,0.4699835578600566,0.1942174732685089,0.4687272806962331,0.06958099206288655,0.03988071158528328,0.4732251664002736,0.38121304909388226,0.9657729268074036,14.575925293467199,-14.445355549088513,-12.490856286052235,0.0,0.0
ES2003c,456,0.4723923405011495,0.26246453324953717,0.6248443226019541,0.0828835020462672,0.03933978949983915,0.5464870631694794,0.3382437229156494,0.7552781899770101,13.546724681565811,-14.21568174621971,-12.916876461635368,0.0,0.0
ES2003c,457,0.47751856843630475,0.2012559175491333,0.6361430784066519,0.07560219367345174,0.03332881008585294,0.4612099726994832,0.3322692811489105,0.8192325433095297,12.878351990542738,-14.168838840001394,-12.247931173356406,0.0,0.0
ES2003c,458,0.5183103283246359,0.21074224511782327,0.6763681173324585,0.09295270840326945,0.040722193817297615,0.38687990109125775,0.3662869930267334,0.9720555146535238,13.615662366648815,-14.657844402081205,-11.528364088607274,0.0,0.0
ES2003c,459,0.577783207098643,0.24476068218549094,0.42760078112284344,0.11486842731634776,0.060210902243852615,0.4921734531720479,0.37045448025067645,0.8746501207351685,14.522974066622531,-16.968529537257083,-7.725559915481188,0.0,0.0
ES2003c,460,0.5164046982924143,0.2476164549589157,0.48049066464106244,0.09110047419865926,0.04234925905863444,0.5288523236910502,0.3803916076819102,0.6606494809190432,14.421935343721115,-15.107782324983079,-12.04472185821401,0.0,0.0
ES2003c,461,0.5117141008377075,0.25219180931647617,0.6176294982433319,0.12420683105786641,0.043356381356716156,0.46642954150835675,0.40399932861328125,0.7165342768033346,16.438564030998695,-17.59094889707923,-7.7650723540061755,0.0,0.0
ES2003c,462,0.5286370317141215,0.31389962136745453,0.4843820631504059,0.11713249981403351,0.08927093135813872,0.3343158041437467,0.4508238434791565,0.6426635086536407,20.39815150334908,-18.34337243946781,-9.375665014596875,0.0,0.0
ES2003c,463,0.47263966004053753,0.2648859868446986,0.5002132803201675,0.09258415549993515,0.03595617972314358,0.4481062889099121,0.2976066966851552,0.7452155152956644,14.628767067903942,-17.625888402100117,-11.257981887134653,0.0,0.0
ES2003c,464,0.47300973534584045,0.2112472504377365,0.5735853215058645,0.11405864854653676,0.03356592419246832,0.47617243727048236,0.3452475070953369,0.7070047954718272,15.436103898273961,-18.38360128664156,-10.91722684520181,0.0,0.0
ES2003c,465,0.5123834609985352,0.21229680379231772,0.4713909327983856,0.08966426054636638,0.03544645135601362,0.439998060464859,0.3960579037666321,0.7013506094614664,15.68550225838291,-18.284144503028042,-11.066201555619244,0.0,0.0
ES2003c,466,0.5821627179781595,0.4198102156321208,0.6868155002593994,0.22196588416894278,0.14175210148096085,0.4537147084871928,0.3572892944018046,0.9973672032356262,57.31668487664658,75.28771596442016,58.048406134215725,0.0,0.0
ES2003c,467,0.5861283739407858,0.4004811843236287,0.6152616540590922,0.22982172667980194,0.18890363971392313,0.36267780264218646,0.4009018341700236,0.7292445302009583,37.206777311266755,57.988338170744896,32.38174443512829,0.0,0.0
ES2003c,468,0.6162358522415161,0.48355350891749066,0.5158287783463796,0.27619292835394543,0.21103698511918387,0.303322638074557,0.5356361269950867,0.6658764978249868,11.251507044334495,27.362973390381285,-4.832846227132684,0.0,0.0
ES2003c,469,0.48014719287554425,0.23831956585248312,0.506642202536265,0.11414660265048344,0.04672327637672424,0.407384196917216,0.34975965817769367,0.6407459676265717,12.37163988343506,-19.147639506831265,-6.872722043303647,0.0,0.0
ES2003c,470,0.47949665784835815,0.2474361459414164,0.5493209560712179,0.12811595698197684,0.04111228014032046,0.31394440432389575,0.38719884554545086,0.6290227572123209,11.952975174975592,-20.894499547155736,-2.1446097179364756,0.0,0.0
ES2003c,471,0.6588183442751566,0.4008041322231293,0.4450729389985402,0.11872366070747375,0.040598463267087936,0.319301038980484,0.3611319065093994,0.6435795327027639,11.781825255293107,-18.05286424158329,-3.1822256920328833,0.0,0.0
ES2003c,472,0.6594306230545044,0.4053551256656647,0.2918314387400945,0.08467153583963712,0.027861531202991802,0.41740351915359497,0.341031551361084,0.17864830419421196,7.002978501515933,-16.99113122462634,-1.583868544685514,0.0,0.0
ES2003c,473,0.5649469991525015,0.40519359707832336,0.4188235402107239,0.06921250248948733,0.03213523452480634,0.5880123972892761,0.29679957032203674,0.18609538053472838,7.4136079770668735,-17.508350048483905,-3.121109372042864,0.0,0.0
ES2003c,474,0.5630462567011515,0.2997742295265198,0.3509184817473094,0.09409964084625244,0.05346691111723582,0.36320893963177997,0.2932229737440745,0.22396170223752657,12.081972336186396,-16.557316782898273,-8.293439477099781,0.0,0.0
ES2003c,475,0.5316196183363596,0.26487428446610767,0.42833567162354785,0.10129450261592865,0.04339356844623884,0.5591502090295156,0.38916157682736713,0.3259565730889638,16.086549208687824,-15.227366057126298,-14.689951812642816,0.0,0.0
ES2003c,476,0.4987417856852214,0.3106302122275035,0.33358710010846454,0.08340029170115788,0.03839430088798205,0.38483570019404095,0.37033572793006897,0.5295767138401667,13.880061041475132,-13.55874744555606,-15.81814485181377,0.0,0.0
ES2003c,477,0.48166005810101825,0.224593256910642,0.3221030533313751,0.0825052335858345,0.034595527996619545,0.4286947151025136,0.3576719065507253,0.5797447462876638,13.924525380717249,-15.603894021513865,-15.796299299938902,0.0,0.0
ES2003c,478,0.45457615454991657,0.19974379738171896,0.28228069345156354,0.07417652755975723,0.03268982718388239,0.36670446395874023,0.32920146981875104,0.5316767791906992,12.994093378960072,-15.542846214727014,-15.285593200917091,0.0,0.0
ES2003c,479,0.4041008750597636,0.21606610218683878,0.4367130597432454,0.06448470801115036,0.03088710829615593,0.29319211343924206,0.27917518218358356,0.32400617748498917,14.845768137624,-16.16023051944435,-13.902276113870569,0.0,0.0
ES2003c,480,0.46733424067497253,0.23060965538024902,0.3552825450897217,0.06176413968205452,0.03018965572118759,0.4447547098000844,0.3232916096846263,0.3881586864590645,14.080216774291245,-16.035064914013066,-12.686275588555953,0.0,0.0
ES2003c,481,0.5170521636803945,0.18385003010431925,0.49222394824028015,0.06769590079784393,0.03452603084345659,0.35338692863782245,0.3578425149122874,0.4868932118018468,13.007926922601799,-16.13272128176044,-12.232172867298042,0.0,0.0
ES2003c,482,0.5052525997161865,0.24699981013933817,0.606492688258489,0.08046639710664749,0.04326582575837771,0.32297017176946,0.3534369667371114,0.6949819326400757,13.09694399579393,-15.245489213340653,-12.52926999466321,0.0,0.0
ES2003c,483,0.47769665718078613,0.21958975990613303,0.5443437099456787,0.06943641106287639,0.03728692606091499,0.4015098214149475,0.31281227866808575,0.6418011486530304,12.162804700994784,-15.555021172059403,-11.444430862738733,0.0,0.0
ES2003c,484,0.43308233221371967,0.2246477653582891,0.4449009299278259,0.06431646769245465,0.03967289254069328,0.32490943868954975,0.30562175313631695,0.9146645466486613,9.600195740546758,-14.98843940904401,-9.92691018155058,0.0,0.0
ES2003c,485,0.4902507464090983,0.26925330857435864,0.4046811560789744,0.06376444672544797,0.036343867580095925,0.41920878489812213,0.25812119245529175,0.7301698426405588,11.203901418402126,-15.889216087818426,-9.296711187368828,0.0,0.0
ES2003c,486,0.46674172083536786,0.18775410950183868,0.4293869733810425,0.07621939728657405,0.04872415090600649,0.36888282497723895,0.33921457827091217,0.6503359576066335,10.856688230477468,-16.79532693916788,-8.53647572049746,0.0,0.0
ES2003c,487,0.4246956408023834,0.22490054865678152,0.5047609905401865,0.06463208546241124,0.042835851510365806,0.450626403093338,0.2894049882888794,0.6741809546947479,10.764376357909034,-16.6818578499167,-8.796503598196706,0.0,0.0
ES2003c,488,0.45198508103688556,0.30736441413561505,0.39053022861480713,0.07505243519941966,0.03931884840130806,0.42899105946222943,0.30711375176906586,0.6720001697540283,10.996235985558735,-17.249187312914486,-9.096628361021944,0.0,0.0
ES2003c,489,0.4298417866230011,0.34527761737505597,0.41966670751571655,0.07040049384037654,0.03664693608880043,0.38370079298814136,0.3280698259671529,0.8023441632588705,10.966020082583299,-16.221790602376718,-9.610802668957712,0.0,0.0
ES2003c,490,0.5224312742551168,0.2455116162697474,0.49683794379234314,0.08018215000629425,0.036985594779253006,0.37623480955759686,0.2973644534746806,0.843298335870107,11.121522630463547,-16.23753811349054,-9.05883373382955,0.0,0.0
ES2003c,491,0.5253946979840597,0.22857221961021423,0.5660704473654429,0.08536928643782933,0.044620711356401443,0.5240889489650726,0.3344145615895589,0.8824815352757772,12.543792817585858,-17.138003387453313,-8.559977562489946,0.0,0.0
ES2003c,492,0.4964014192422231,0.24139859278996786,0.508449782927831,0.06399674713611603,0.038754054655631386,0.4068862895170848,0.30807621280352276,0.953287661075592,12.259404132746832,-17.04878772092255,-9.146652424144948,0.0,0.0
ES2003c,493,0.4517710506916046,0.26964446902275085,0.3178413112958272,0.07751009861628215,0.05620781456430753,0.3668227394421895,0.25419238209724426,0.9191898703575134,10.849624577372836,-17.53073228890462,-8.166136306109328,0.0,0.0
ES2003c,494,0.4925207992394765,0.24157921969890594,0.43172435959180194,0.0716787117222945,0.040513029942909874,0.4697004159291585,0.28320154547691345,0.872902492682139,11.879397675012717,-17.410832485590937,-7.611761175545122,0.0,0.0
ES2003c,495,0.4959146777788798,0.23198006053765616,0.4841381907463074,0.0825441579023997,0.044305652379989624,0.4251537124315898,0.3020429660876592,0.892394224802653,11.961578075624944,-17.336377468977105,-7.792594370787931,0.0,0.0
ES2003c,496,0.4867227375507355,0.23158101240793863,0.4343906243642171,0.07413534820079803,0.04942553490400314,0.4233340372641881,0.2730478346347809,0.9002289175987244,12.62998223566502,-16.769688137021408,-8.811917284808818,0.0,0.0
ES2003c,497,0.5117026269435883,0.24427724877993265,0.4826030532519023,0.0708072582880656,0.04076316021382809,0.48387059569358826,0.29883262515068054,0.9160096247990926,12.360693785385777,-16.79402301801751,-8.952178327857384,0.0,0.0
ES2003c,498,0.6166652242342631,0.3482154111067454,0.37049340705076855,0.0881921003262202,0.0719800554215908,0.4092685754100482,0.3352985978126526,0.7495884994665781,3.2953119228509955,-11.188771430722797,-3.1068795208987603,0.0,0.0
ES2003c,499,0.5484082500139872,0.27873145540555316,0.48713956276575726,0.2458131064971288,0.24204257130622864,0.2749696870644887,0.27757373452186584,0.9997576673825582,99.52850582291262,76.99143339321138,102.06320543242452,0.0,0.0
ES2003c,500,0.5144287943840027,0.3040599077939987,0.45231399436791736,0.25378259023030597,0.1791991020242373,0.2318158025542895,0.30447494983673096,0.9985369841257731,91.2995447157511,77.30176192783536,93.7900704958389,0.0,0.0
ES2003c,501,0.44690875212351483,0.23914393285910288,0.4667086104551951,0.07062145819266637,0.04635652154684067,0.4478703737258911,0.30571649471918744,0.9159355958302816,12.146765404282634,-15.936114487177234,-12.81886306672107,0.0,0.0
ES2003c,502,0.46164389451344806,0.18004537125428519,0.47546202937761944,0.0710860180358092,0.04722643022735914,0.3497499128182729,0.30958593885103863,0.9233934283256531,12.977646752989804,-16.8727796803457,-11.052680313792502,0.0,0.0
ES2003c,503,0.46209678053855896,0.25416824221611023,0.5321641862392426,0.09962683916091919,0.04272548481822014,0.45410799980163574,0.3502641022205353,0.7375224431355795,19.066525407090847,-24.90843909631324,-17.744341401961705,0.0,0.0
ES2003c,504,0.4676249821980794,0.22108867764472961,0.7473661104838053,0.11417883137861888,0.06099017212788264,0.34797589977582294,0.32373637954394024,0.9751339356104533,20.026552484005137,-21.834102572107223,-12.831834847569871,0.0,0.0
ES2003c,505,0.4869641264279683,0.24921790262063345,0.6870643893877665,0.12482540061076482,0.0817636176943779,0.3292262901862462,0.28387050827344257,0.9932674964269003,19.61428703939285,-21.42574329079871,-12.889029162628981,0.0,0.0
ES2003c,506,0.5063065886497498,0.2747081021467845,0.6250076095263163,0.11076839764912923,0.06589608018596967,0.5149681766827902,0.2873426377773285,0.9936051170031229,19.451944608046006,-21.506493356986066,-12.467045475376928,0.0,0.0
ES2003c,507,0.5029405852158865,0.24949368834495544,0.5364794333775839,0.1297423541545868,0.10794774939616521,0.38084618250528973,0.2998155951499939,0.993067185084025,18.52866543043718,-21.468015295989762,-11.194690100362912,0.0,0.0
ES2003c,508,0.4512416919072469,0.23866727451483408,0.5487625002861023,0.1079034556945165,0.0568710540731748,0.45584537585576373,0.3177478114763896,0.9861053228378296,18.202568835278093,-21.50377857460597,-10.3935343419229,0.0,0.0
ES2003c,509,0.46083798011144,0.1893309404452642,0.6224585572878519,0.10549768805503845,0.04329527293642362,0.3902495851119359,0.32753048340479535,0.9964631597201029,17.72483572302106,-21.213889334950835,-9.593487557311427,0.0,0.0
ES2003c,510,0.48327123125394184,0.20228387912114462,0.6098053455352783,0.10860877732435863,0.03971227010091146,0.41483720143636066,0.3242320915063222,0.9859203497568766,17.921653989701706,-21.449128269301042,-9.509646408570086,0.0,0.0
ES2003c,511,0.4683569272359212,0.2195146381855011,0.6098173459370931,0.1050172025958697,0.050186281402905784,0.30864663422107697,0.3102141221364339,0.9542105396588644,16.859121570351252,-20.535697322408993,-8.00052431822518,0.0,0.0
ES2003c,512,0.4805398980776469,0.1933903694152832,0.6310544411341349,0.12072566399971645,0.06402506182591121,0.4364146689573924,0.31370381514231366,0.9897777438163757,17.621479921158,-20.981751060807756,-7.6853638849737775,0.0,0.0
ES2003c,513,0.5506157676378886,0.23256209989388785,0.6868113279342651,0.10785248875617981,0.06188749149441719,0.411644180615743,0.31245942910512287,0.9973850250244141,17.58869167848741,-21.41386628801439,-7.6985374836910045,0.0,0.0
ES2003c,514,0.49269630511601764,0.25028325617313385,0.5620692869027456,0.12305090576410294,0.08219441026449203,0.40125641723473865,0.26880505681037903,0.9945191343625387,17.607833460020874,-21.664377130399856,-8.650475287102637,0.0,0.0
ES2003c,515,0.5202593406041464,0.22062897185484567,0.7211279471715292,0.11469985793034236,0.04348869745930036,0.46853111187616986,0.30956554412841797,0.9793642163276672,15.961443338610314,-22.25566258697495,-6.999621665178036,0.0,0.0
ES2003c,516,0.4981993834177653,0.23075745006402335,0.7469285527865092,0.11881577720244725,0.06435599302252133,0.29546977082888287,0.30870939294497174,0.9923850695292155,16.306613250905887,-21.716706874891468,-7.042491464667747,0.0,0.0
ES2003c,517,0.49462154507637024,0.23638380567232767,0.7898238301277161,0.10932833949724834,0.053259732822577156,0.3587767332792282,0.33004244168599445,0.9907714327176412,16.903720201089975,-21.94221161718981,-6.861701260830523,0.0,0.0
ES2003c,518,0.5140294432640076,0.19706577559312186,0.8003103335698446,0.10109984129667282,0.06571427111824353,0.47812849283218384,0.3157011568546295,0.9771002133687338,14.888711631136154,-22.049771673142036,-6.495758299664282,0.0,0.0
ES2003c,519,0.4430096745491028,0.26427816847960156,0.5483643710613251,0.10216210285822551,0.030098271866639454,0.3167435924212138,0.3801173269748688,0.5208677053451538,14.777743409104774,-29.999175458351587,-5.653461432039507,0.0,0.0
ES2003c,520,0.446501761674881,0.2660764902830124,0.43488561113675434,0.09767987827459972,0.03296630767484506,0.5413346091906229,0.38124752044677734,0.4361085096995036,16.928756790730873,-34.64777181413001,-6.4025130062110405,0.0,0.0
ES2003c,521,0.4900464912255605,0.284173642595609,0.5418403347333273,0.09731036176284154,0.027659103895227116,0.5289247532685598,0.355978399515152,0.610525906085968,17.778924455001007,-34.91019010903634,-8.630995318026413,0.0,0.0
ES2003c,522,0.5184264679749807,0.26997258762518567,0.4555378754933675,0.09506016224622726,0.03455748284856478,0.570773204167684,0.3121590813000997,0.5607933104038239,23.42090329824873,-39.04561129451668,-15.638843529217118,0.0,0.0
ES2003c,523,0.5530543526013693,0.37505315740903217,0.33367395401000977,0.09864851584037145,0.03672392728428046,0.4856085777282715,0.3489314417044322,0.6348608831564585,29.69662753073385,-43.8484956598741,-22.965816629963452,0.0,0.0
ES2003c,524,0.531782885392507,0.28367896874745685,0.3116291215022405,0.11769756426413854,0.0527303492029508,0.49695582191149396,0.3853026231129964,0.42471423496802646,32.704285991063294,-44.92222793573054,-21.201585870338032,0.0,0.0
ES2003c,525,0.5466105143229166,0.2999388476212819,0.34467871983846027,0.13718687742948532,0.04725778972109159,0.5652754704157511,0.3503347933292389,0.47329741964737576,33.626655857507636,-46.42893334952863,-22.740865723710396,0.0,0.0
ES2003c,526,0.4891277054945628,0.25784678757190704,0.35264361401398975,0.11338518311580022,0.03779234612981478,0.3422754605611165,0.3588879505793254,0.5805323719978333,33.16829536933591,-46.409830196901105,-22.580060138903217,0.0,0.0
ES2003c,527,0.5080035130182902,0.27983358502388,0.5084367593129476,0.10391479730606079,0.04275871813297272,0.6164171497027079,0.34937090675036114,0.5999636103709539,33.39808061918598,-45.95470705994892,-22.36930945654852,0.0,0.0
ES2003c,528,0.47077643871307373,0.3013366957505544,0.3881339281797409,0.10977182288964589,0.033663428078095116,0.4790765047073364,0.3718501230080922,0.4383665124575297,32.8540498326754,-44.03254343992314,-22.19292866249651,0.0,0.0
ES2003c,529,0.5564821163813273,0.3080368439356486,0.2370436986287435,0.1436077579855919,0.048791526506344475,0.4985590974489848,0.3474876085917155,0.36595868567625683,34.648740690402946,-45.853809340040755,-23.928532431374194,0.0,0.0
ES2003c,530,0.5137621760368347,0.2903224428494771,0.3179299533367157,0.15323975930611292,0.057804174721241,0.5925952990849813,0.3945320745309194,0.4223736524581909,34.74064771334061,-45.85501181205604,-24.200648274259347,0.0,0.0
ES2003c,531,0.5618689656257629,0.36473578214645386,0.43689878284931183,0.11774475624163945,0.0597599558532238,0.46342816948890686,0.31598783532778424,0.4630366265773773,35.03656203345892,-45.38490806782003,-25.809528186329715,0.0,0.0
ES2003c,532,0.5492714842160543,0.28915780782699585,0.38228759666283924,0.12330119560162227,0.050655233363310494,0.5949309666951498,0.3549176553885142,0.6869788070519766,34.87708368506315,-44.04722655823665,-25.97374510079814,0.0,0.0
ES2003c,533,0.5534934004147848,0.38772036631902057,0.3145720760027568,0.11836372812589009,0.0367664967974027,0.4732300241788228,0.39427027106285095,0.4266317238410314,34.65278246022132,-44.984181003864116,-25.89164465601435,0.0,0.0
ES2003c,534,0.5057154695192972,0.28127463658650714,0.4208551247914632,0.08923903355995814,0.042350551734368004,0.5590686202049255,0.3618258436520894,0.7135354081789652,34.19237800097702,-45.72397253336337,-25.29235434574098,0.0,0.0
ES2003c,535,0.5382117132345835,0.3973231812318166,0.3919232835372289,0.11930368343989055,0.04211699590086937,0.4807933072249095,0.38403497139612836,0.7395723660786947,33.491992270884616,-45.397028778436066,-23.800959295094277,0.0,0.0
ES2003c,536,0.550694207350413,0.3157051006952922,0.3890424569447835,0.09848301361004512,0.03477211917440096,0.4983243743578593,0.3873792290687561,0.5597980419794718,34.085171632861616,-45.078371048437475,-23.95634214472795,0.0,0.0
ES2003c,537,0.5502758224805196,0.29999352991580963,0.33405407269795734,0.13563814262549082,0.04668403292695681,0.4898976882298787,0.38889429966608685,0.3223356877764066,33.717856832362884,-45.27645638534051,-23.791326622934047,0.0,0.0
ES2003c,538,0.5685308972994486,0.3555239538351695,0.19534198443094888,0.12136760105689366,0.038668264945348106,0.5083776513735453,0.3839857578277588,0.29007168114185333,34.98883474607002,-45.82345201913819,-23.787119812285223,0.0,0.0
ES2003c,539,0.5282092789808909,0.3620661695798238,0.405667245388031,0.09813855091730754,0.039510359366734825,0.591151088476181,0.3951537410418193,0.4885593851407369,33.680382674119336,-45.67146705599032,-22.70751435390716,0.0,0.0
ES2003c,540,0.5443245569864908,0.38033878803253174,0.33574894070625305,0.13141748309135437,0.04219302535057068,0.38933037718137103,0.41927556196848553,0.3617190668980281,33.038791857178275,-46.28206818493032,-22.36307096645666,0.0,0.0
ES2003c,541,0.5210047364234924,0.3216370443503062,0.33251221974690753,0.12876626600821814,0.046114002664883934,0.4160766104857127,0.3848537902037303,0.5308916370073954,31.7342085830383,-46.42564326481246,-22.00085753214394,0.0,0.0
ES2003c,542,0.5240897635618845,0.34546539187431335,0.30093389252821606,0.14266501118739447,0.04559868015348911,0.516694039106369,0.40597673257191974,0.4871905446052551,30.276857494342938,-47.75149235277465,-21.160172321464973,0.0,0.0
ES2003c,543,0.47797587513923645,0.24924394488334656,0.2920545240243276,0.12898527334133783,0.0393715196599563,0.5083878040313721,0.3920138676961263,0.15850745141506195,29.94333516027935,-47.17456940927121,-20.593506781682414,0.0,0.0
ES2003c,544,0.4806511104106903,0.25047897299130756,0.4316701889038086,0.12512826671202978,0.040518769373496376,0.5717302362124125,0.36189613739649457,0.23565427462259927,31.866595167208242,-48.06553735091243,-21.939504428762916,0.0,0.0
ES2003c,545,0.5361932913462321,0.32635947068532306,0.34304486215114594,0.1440154785911242,0.054464418441057205,0.42119960983594257,0.39173783858617145,0.6014529665311178,32.59126052547544,-48.06184072461238,-22.15059750253971,0.0,0.0
ES2003c,546,0.549698273340861,0.3014891942342122,0.35701217254002887,0.11269201089938481,0.03313336210946242,0.43779950340588886,0.4186663826306661,0.35198815663655597,32.763358761911945,-50.45053794309053,-22.369806292837808,0.0,0.0
ES2003c,547,0.5439411203066508,0.30084462960561115,0.26531589527924854,0.1682313730319341,0.06294034918149312,0.35731077194213867,0.3718547622362773,0.2787833611170451,30.02288011304398,-53.03659071693655,-22.05528473954639,0.0,0.0
ES2003c,548,0.5485881169637045,0.3415454427401225,0.20257198810577393,0.1562607934077581,0.058595930536588035,0.5105463266372681,0.4210500220457713,0.4890916645526886,30.772250211799967,-52.84553650489469,-21.448194178952008,0.0,0.0
ES2003c,549,0.5452599028746287,0.33565667768319446,0.32772820194562274,0.15012285113334656,0.05963292345404625,0.6015140016873678,0.3670237958431244,0.34515150388081867,30.761027045602972,-51.96964639406921,-20.697397745247137,0.0,0.0
ES2003c,550,0.5506150921185812,0.32157906889915466,0.4547348916530609,0.12026118983825047,0.0348421111702919,0.4607006212075551,0.40358900030454,0.45572978258132935,30.613628965506052,-53.952244627518674,-21.33835889731812,0.0,0.0
ES2003c,551,0.5411758224169413,0.35869396726290387,0.41295377910137177,0.14197243998448053,0.045014782498280205,0.4641057848930359,0.39885730544726056,0.5458031396071116,30.637766339502537,-52.435674735099376,-20.462769780431554,0.0,0.0
ES2003c,552,0.49238985776901245,0.3337497015794118,0.3791649043560028,0.12908955166737238,0.05009894693891207,0.44497913122177124,0.3760313888390859,0.6349090139071146,31.289950065941536,-55.47803909945631,-21.749638970322177,0.0,0.0
ES2003c,553,0.5215649803479513,0.31104642152786255,0.37381450831890106,0.11826533327500026,0.037964521596829094,0.4307849903901418,0.4087795714537303,0.2632642313838005,32.019659838296256,-54.700898449592096,-22.536349648649235,0.0,0.0
ES2003c,554,0.5295049150784811,0.2978176474571228,0.39427971839904785,0.14737499505281448,0.04707451661427816,0.5741819341977438,0.3893791437149048,0.4631536950667699,31.687969089445772,-53.37399503722741,-21.919542682117424,0.0,0.0
ES2003c,555,0.5118450224399567,0.2869069476922353,0.43377601106961566,0.11911998689174652,0.038889980564514794,0.46729832887649536,0.39537035425504047,0.552875022093455,32.57435519645859,-52.24376219786851,-22.582047659384155,0.0,0.0
ES2003c,556,0.4967190623283386,0.30897390842437744,0.42077762881914776,0.12262018273274104,0.03908082967003187,0.3917222221692403,0.42112844189008075,0.40176773567994434,31.505191434756913,-48.48736245161481,-19.476287299223543,0.0,0.0
ES2003c,557,0.5242483019828796,0.27177322407563526,0.38310013214747113,0.12674003591140112,0.04438807815313339,0.4429729680220286,0.38636253277460736,0.534452756245931,31.046468951608876,-48.86181048114036,-18.9976006189121,0.0,0.0
ES2003c,558,0.5283254782358805,0.3090352515379588,0.37981129189332324,0.14181752999623617,0.06296840248008569,0.3380902608235677,0.3853924473126729,0.335430974761645,32.3902734291011,-44.393887569803745,-22.78301861138064,0.0,0.0
ES2003c,559,0.5526606241861979,0.28936417400836945,0.21867073575655618,0.18593580027421316,0.07219004134337108,0.4424597720305125,0.4134407341480255,0.4764513323704402,35.70830342983598,-44.04995138287368,-29.10636476530095,0.0,0.0
ES2003c,560,0.5577340324719747,0.30943920214970905,0.2921866575876872,0.16415861248970032,0.04644606759150823,0.4023297031720479,0.38005295395851135,0.6122885545094808,35.27629706723709,-40.50894714416956,-31.38402244011535,0.0,0.0
ES2003c,561,0.5282070835431417,0.370430847009023,0.42889530460039776,0.10785322388013203,0.028744119529922802,0.545784056186676,0.4019792874654134,0.40085195004940033,33.62635132576586,-43.87022523209308,-27.50444796195883,0.0,0.0
ES2003c,562,0.5731068849563599,0.34841859340667725,0.25767330825328827,0.17395471036434174,0.05383479967713356,0.4852149287859599,0.4007954001426697,0.5797179838021597,35.17392813920188,-45.954740563897836,-25.987760319985615,0.0,0.0
ES2003c,563,0.535608967145284,0.2919357617696126,0.2600476344426473,0.1692460278669993,0.05419169987241427,0.36772362391153973,0.4266257385412852,0.31609289596478146,37.59920512455164,-49.47781601643135,-26.600554679575556,0.0,0.0
ES2003c,564,0.5238787631193796,0.2517623056968053,0.31290439267953235,0.11597957958777745,0.04123656079173088,0.4421084423859914,0.34799272815386456,0.3309560716152191,29.126581073458098,-42.45815195161595,-20.379421216901466,0.0,0.0
ES2003c,565,0.4795265793800354,0.3170265704393387,0.5727426807085673,0.09366955856482188,0.03292033076286316,0.5749393999576569,0.37403159340222675,0.4133531053860982,21.37679860478066,-48.112249852899886,-16.14636634014185,0.0,0.0
ES2003c,566,0.5441404481728872,0.3448297282059987,0.16530766089757284,0.15155149747927985,0.05495613316694895,0.5868639647960663,0.37523961067199707,0.3635412206252416,30.689340351384192,-51.02247685830921,-23.792713052095674,0.0,0.0
ES2003c,567,0.6372600992520651,0.3273458282152812,0.23911609252293906,0.19721433520317078,0.07092566912372907,0.49044008056322735,0.4006534119447072,0.38448581099510193,41.726150903572766,-57.17842174504538,-34.41686016032047,0.0,0.0
ES2003c,568,0.6497036814689636,0.29813283681869507,0.17156900962193808,0.18740843733151755,0.06391690919796626,0.42735857764879864,0.3430919349193573,0.22749458253383636,47.20527865406689,-55.38887625666473,-39.032871450009026,0.0,0.0
ES2003c,569,0.6401232878367106,0.33300257722536725,0.13636272152264914,0.1565499355395635,0.053325107942024864,0.5151825646559397,0.3917110860347748,0.1649958019455274,47.33071636953895,-58.04673147640103,-40.70926882136998,0.0,0.0
ES2003c,570,0.5630825956662496,0.3286025623480479,0.4429718355337779,0.16216456641753516,0.0521392785012722,0.47504140933354694,0.40454445282618207,0.47509971261024475,33.87280491149803,-53.13415453905204,-24.291220725445168,0.0,0.0
ES2003c,571,0.4244360327720642,0.22697322567303976,0.4923150638739268,0.09686454385519028,0.0460510328412056,0.4964631199836731,0.41382257143656415,0.17792890220880508,23.35667628909003,-49.38462425095987,-13.295580580821921,0.0,0.0
ES2003c,572,0.4602026641368866,0.2723730852206548,0.4534632662932078,0.09851654370625813,0.03361340177555879,0.4045755863189697,0.3944113453229268,0.4151615227262179,20.349095256563974,-46.86790472137333,-9.845056938632158,0.0,0.0
ES2003c,573,0.48020588358243305,0.28951095541318256,0.4794810116291046,0.10959993799527486,0.042321338007847466,0.6129993697007498,0.36163615187009174,0.17613557974497476,19.427402717208864,-45.259699522643636,-8.25862570186681,0.0,0.0
ES2003c,574,0.48852720856666565,0.29004885752995807,0.5029719372590383,0.10753306249777476,0.034951635946830116,0.5331691801548004,0.31054728229840595,0.27149782578150433,17.660087660236215,-45.17901055555013,-5.995088718716008,0.0,0.0
ES2003c,575,0.531954159339269,0.29734670122464496,0.3148129979769389,0.14718659967184067,0.049248456954956055,0.6116243004798889,0.3273664514223735,0.38511307537555695,15.513307068265805,-37.46992350424782,-2.9679862019138468,0.0,0.0
ES2003c,576,0.4810979763666789,0.2699364672104518,0.39150717854499817,0.11103177318970363,0.03080230454603831,0.3665128747622172,0.3479683001836141,0.30305990142126876,15.908579580733127,-30.84580403286043,-0.5839744492245037,0.0,0.0
ES2003c,577,0.5007416109244028,0.27500705420970917,0.4812896450360616,0.11013190696636836,0.0394744003812472,0.4114949603875478,0.3828229407469432,0.5537459254264832,23.236255665411775,-35.95289121255402,-10.359653664921119,0.0,0.0
ES2003c,578,0.4973255693912506,0.35454721252123517,0.4906274875005086,0.09168440848588943,0.03317289551099142,0.5287755926450094,0.3355734050273895,0.4589499309659004,25.72582100598306,-47.4306409171351,-17.53370953921922,0.0,0.0
ES2003c,579,0.5312005778153738,0.3376629849274953,0.402261142929395,0.1380760297179222,0.04671955294907093,0.5820779502391815,0.46541165312131244,0.249234509964784,28.02093719718074,-50.48027352163172,-20.377544577034826,0.0,0.0
ES2003c,580,0.5228541692097982,0.29899659256140393,0.3103466182947159,0.11922170966863632,0.037827430913845696,0.6044568419456482,0.37824761867523193,0.4227294723192851,31.561315595420258,-49.52358538065102,-21.138384972120647,0.0,0.0
ES2003c,581,0.49625980854034424,0.2690454771121343,0.41155211130777997,0.09251537919044495,0.030358927324414253,0.5454344352086385,0.3812895317872365,0.19666659832000732,24.392212039354035,-45.25772202901229,-13.497239107105132,0.0,0.0
ES2003c,582,0.4875260293483734,0.2761682718992233,0.5533143579959869,0.09350687265396118,0.03187483176589012,0.6114245454470316,0.3494504690170288,0.44221247484286624,21.74499973607492,-38.06551063444768,-7.253295729422084,0.0,0.0
ES2003c,583,0.4396306276321411,0.27140219509601593,0.5202492376168569,0.09306638687849045,0.02589660945038001,0.41038811206817627,0.3258093496163686,0.4060010388493538,21.79614157367639,-35.81918131640581,-6.6534473147452955,0.0,0.0
ES2003c,584,0.49459585547447205,0.26788429915905,0.3578399022420247,0.11366873482863109,0.02962343581020832,0.49439628918965656,0.3495447834332784,0.3425916184981664,20.12295832008417,-35.562054545887285,-4.73012091684477,0.0,0.0
ES2003c,585,0.4624955455462138,0.2886021286249161,0.3632962505022685,0.1212470109264056,0.041584802170594536,0.3560110628604889,0.36658210555712384,0.20743069052696228,18.706029385928552,-32.271922451779055,-2.1534951368960407,0.0,0.0
ES2003c,586,0.5037910441557566,0.2623235036929448,0.391716202100118,0.15629497667153677,0.03899037713805834,0.426839143037796,0.3521582583586375,0.4185653527577718,15.795915779324268,-27.786143178342513,0.12712957621340196,0.0,0.0
ES2003c,587,0.5039224326610565,0.2421922485033671,0.350009486079216,0.1500216325124105,0.03619712218642235,0.5071175595124563,0.3694286147753398,0.19902304311593375,14.523600898747537,-29.060902332050304,2.6713197496952703,0.0,0.0
ES2003c,588,0.5622552633285522,0.28625332315762836,0.4698970566193263,0.13650103906790415,0.03788821895917257,0.4896587332089742,0.36981897552808124,0.4771331051985423,14.35241285849744,-29.32161827336539,4.447881170995126,0.0,0.0
ES2003c,589,0.5181913574536642,0.2674281895160675,0.30291748046875,0.13008113702138266,0.04120960086584091,0.39366330703099567,0.37276168664296466,0.26398227115472156,15.36419547250444,-29.71006241019508,5.474849113244268,0.0,0.0
ES2003c,590,0.5010363956292471,0.34277354677518207,0.42544082800547284,0.13819113870461783,0.04044834400216738,0.4087242583433787,0.37447574734687805,0.20674852592249712,16.45052874194721,-30.464755368394545,6.011303318703249,0.0,0.0
ES2003c,591,0.5200718641281128,0.2679644227027893,0.3120250900586446,0.1535105456908544,0.04963248843948046,0.4334038893381755,0.38909053802490234,0.3426874081293742,14.9431780088317,-31.348334114175945,7.018000774497985,0.0,0.0
ES2003c,592,0.5894721249739329,0.23463296393553415,0.29610155522823334,0.16022508839766184,0.05953237290183703,0.44363951683044434,0.36590760946273804,0.3795124577979247,14.80284141423722,-31.802784322977942,6.403533122976451,0.0,0.0
ES2003c,593,0.5638996164004008,0.2735784451166789,0.2836734006802241,0.15752812723318735,0.0555826835334301,0.5034188131491343,0.38138704498608905,0.466117799282074,14.915867481225293,-32.49910709546952,6.108643108115117,0.0,0.0
ES2003c,594,0.5197093486785889,0.3019399444262187,0.38596372306346893,0.16168905794620514,0.05619820455710093,0.3906846543153127,0.40163344144821167,0.6040093700091044,14.616610004192387,-33.601711992202524,5.726887901552343,0.0,0.0
ES2003c,595,0.5429308811823527,0.30856767296791077,0.2667231212059657,0.16462371249993643,0.04715423906842867,0.35888002316157025,0.39156536261240643,0.3524646610021591,15.730705674722918,-33.72084791899335,4.993917807558644,0.0,0.0
ES2003c,596,0.5716445644696554,0.33357737958431244,0.2520084430774053,0.15672882397969565,0.04809743041793505,0.4426027536392212,0.3807486593723297,0.5618755519390106,16.514155314348255,-33.758960405777366,5.0404642632316845,0.0,0.0
ES2003c,597,0.5499771138032278,0.38280413548151654,0.21923371652762094,0.15296749273935953,0.061123766005039215,0.37577712039152783,0.3166750868161519,0.44311627745628357,17.780937276015855,-33.745931474123665,5.321383858632051,0.0,0.0
ES2003c,598,0.5600104729334513,0.3096522092819214,0.31557366251945496,0.1498215844233831,0.047062000880638756,0.4625713725884755,0.39718712369600934,0.20624704162279764,16.774570876246905,-34.86427752796869,4.1452145901919115,0.0,0.0
ES2003c,599,0.5789783199628195,0.3737953007221222,0.3145529230435689,0.1509846399227778,0.060488928109407425,0.5525033672650655,0.3363340000311534,0.48000499109427136,17.183965531012884,-35.119078292370084,5.499545324769389,0.0,0.0
ES2003c,600,0.5460238258043925,0.29672802488009137,0.2773931175470352,0.1576483647028605,0.06195651243130366,0.5164367655913035,0.3644877274831136,0.11192290236552556,15.130749285802978,-34.63134060973764,6.060881851368802,0.0,0.0
ES2003c,601,0.5547593832015991,0.3185555040836334,0.2610262682040532,0.15555748840173086,0.06949941317240398,0.5512495140234629,0.3593950768311818,0.29368386417627335,15.074965850102082,-34.38428913728765,7.148423528866886,0.0,0.0
ES2003c,602,0.5391080578168234,0.24064371486504874,0.2542714426914851,0.1800735741853714,0.05187286312381426,0.489531010389328,0.3570564389228821,0.1507438470919927,16.30510224202551,-35.16189167105936,7.700988977974927,0.0,0.0
ES2003c,603,0.5618705948193868,0.27713583906491596,0.24137035508950552,0.17299420634905496,0.06680445000529289,0.476802130540212,0.34304775794347125,0.4831532835960388,16.006692947007494,-34.67772943037128,7.18476443753958,0.0,0.0
ES2003c,604,0.5367306272188822,0.2761821746826172,0.35480740666389465,0.16499682267506918,0.052631319810946785,0.5876754522323608,0.350193719069163,0.42474136749903363,15.50266629385088,-34.06385710390601,8.187852218090795,0.0,0.0
ES2003c,605,0.5203559994697571,0.24975629150867462,0.45464251438776654,0.1679681440194448,0.05314196522037188,0.547434002161026,0.3467840949694316,0.3431042383114497,14.683399658555771,-33.37178748262853,9.250857149437183,0.0,0.0
ES2003c,606,0.6454292933146158,0.24864262839158377,0.2820740044116974,0.19747881094614664,0.07782428214947383,0.58208496371905,0.38842130700747174,0.41835151116053265,16.71261966370839,-33.15379507638778,8.258050971837166,0.0,0.0
ES2003c,607,0.6110015710194906,0.2330140918493271,0.24440457920233408,0.1836510201295217,0.06677808115879695,0.6601308385531107,0.3577515482902527,0.514339953660965,15.83264082341222,-33.76984821892203,8.222292523372985,0.0,0.0
ES2003c,608,0.5482054948806763,0.2513511578241984,0.2718323270479838,0.18393057584762573,0.06475827594598134,0.6562128663063049,0.39596299330393475,0.48159589370091754,16.60234270089529,-34.626800711061485,8.155726894326657,0.0,0.0
ES2003c,609,0.5380363265673319,0.2846377193927765,0.2614820251862208,0.17994907995065054,0.058891807993253074,0.5351034502188364,0.36544524629910785,0.2325766682624817,16.53879269540866,-34.66311611547641,8.212650778503654,0.0,0.0
ES2003c,610,0.5494584441184998,0.3084721118211746,0.27903041740258533,0.17153764764467874,0.05319226657350858,0.6163877844810486,0.36250298221906024,0.16559782500068346,13.831654463894248,-33.38782336773844,10.73623090549556,0.0,0.0
ES2003c,611,0.5654145280520121,0.27084484199682873,0.37354087829589844,0.14622815946737924,0.04852349869906902,0.40491119027137756,0.38137715061505634,0.0749676302075386,12.559010313401759,-30.23651688386523,12.65565440103227,0.0,0.0
ES2003c,612,0.0,0.0,0.0,0.0,0.0,0.0,0.0,0.0,0.0,0.0,0.0,0.0,0.0
ES2003c,613,0.0,0.0,0.0,0.0,0.0,0.0,0.0,0.0,0.0,0.0,0.0,0.0,0.0
ES2003c,614,0.0,0.0,0.0,0.0,0.0,0.0,0.0,0.0,0.0,0.0,0.0,0.0,0.0
ES2003c,615,0.0,0.0,0.0,0.0,0.0,0.0,0.0,0.0,0.0,0.0,0.0,0.0,0.0
ES2003c,616,0.0,0.0,0.0,0.0,0.0,0.0,0.0,0.0,0.0,0.0,0.0,0.0,0.0
ES2003c,617,0.0,0.0,0.0,0.0,0.0,0.0,0.0,0.0,0.0,0.0,0.0,0.0,0.0
ES2003c,618,0.0,0.0,0.0,0.0,0.0,0.0,0.0,0.0,0.0,0.0,0.0,0.0,0.0
ES2003c,619,0.0,0.0,0.0,0.0,0.0,0.0,0.0,0.0,0.0,0.0,0.0,0.0,0.0
ES2003c,620,0.0,0.0,0.0,0.0,0.0,0.0,0.0,0.0,0.0,0.0,0.0,0.0,0.0
ES2003c,621,0.0,0.0,0.0,0.0,0.0,0.0,0.0,0.0,0.0,0.0,0.0,0.0,0.0
ES2003c,622,0.0,0.0,0.0,0.0,0.0,0.0,0.0,0.0,0.0,0.0,0.0,0.0,0.0
ES2003c,623,0.0,0.0,0.0,0.0,0.0,0.0,0.0,0.0,0.0,0.0,0.0,0.0,0.0
ES2003c,624,0.0,0.0,0.0,0.0,0.0,0.0,0.0,0.0,0.0,0.0,0.0,0.0,0.0
ES2003c,625,0.0,0.0,0.0,0.0,0.0,0.0,0.0,0.0,0.0,0.0,0.0,0.0,0.0
ES2003c,626,0.0,0.0,0.0,0.0,0.0,0.0,0.0,0.0,0.0,0.0,0.0,0.0,0.0
ES2003c,627,0.0,0.0,0.0,0.0,0.0,0.0,0.0,0.0,0.0,0.0,0.0,0.0,0.0
ES2003c,628,0.0,0.0,0.0,0.0,0.0,0.0,0.0,0.0,0.0,0.0,0.0,0.0,0.0
ES2003c,629,0.0,0.0,0.0,0.0,0.0,0.0,0.0,0.0,0.0,0.0,0.0,0.0,0.0
ES2003c,630,0.0,0.0,0.0,0.0,0.0,0.0,0.0,0.0,0.0,0.0,0.0,0.0,0.0
ES2003c,631,0.0,0.0,0.0,0.0,0.0,0.0,0.0,0.0,0.0,0.0,0.0,0.0,0.0
ES2003c,632,0.0,0.0,0.0,0.0,0.0,0.0,0.0,0.0,0.0,0.0,0.0,0.0,0.0
ES2003c,633,0.0,0.0,0.0,0.0,0.0,0.0,0.0,0.0,0.0,0.0,0.0,0.0,0.0
ES2003c,634,0.0,0.0,0.0,0.0,0.0,0.0,0.0,0.0,0.0,0.0,0.0,0.0,0.0
ES2003c,635,0.0,0.0,0.0,0.0,0.0,0.0,0.0,0.0,0.0,0.0,0.0,0.0,0.0
ES2003c,636,0.0,0.0,0.0,0.0,0.0,0.0,0.0,0.0,0.0,0.0,0.0,0.0,0.0
ES2003c,637,0.0,0.0,0.0,0.0,0.0,0.0,0.0,0.0,0.0,0.0,0.0,0.0,0.0
ES2003c,638,0.0,0.0,0.0,0.0,0.0,0.0,0.0,0.0,0.0,0.0,0.0,0.0,0.0
ES2003c,639,0.0,0.0,0.0,0.0,0.0,0.0,0.0,0.0,0.0,0.0,0.0,0.0,0.0
ES2003c,640,0.0,0.0,0.0,0.0,0.0,0.0,0.0,0.0,0.0,0.0,0.0,0.0,0.0
ES2003c,641,0.0,0.0,0.0,0.0,0.0,0.0,0.0,0.0,0.0,0.0,0.0,0.0,0.0
ES2003c,642,0.0,0.0,0.0,0.0,0.0,0.0,0.0,0.0,0.0,0.0,0.0,0.0,0.0
ES2003c,643,0.0,0.0,0.0,0.0,0.0,0.0,0.0,0.0,0.0,0.0,0.0,0.0,0.0
ES2003c,644,0.0,0.0,0.0,0.0,0.0,0.0,0.0,0.0,0.0,0.0,0.0,0.0,0.0
ES2003c,645,0.0,0.0,0.0,0.0,0.0,0.0,0.0,0.0,0.0,0.0,0.0,0.0,0.0
ES2003c,646,0.0,0.0,0.0,0.0,0.0,0.0,0.0,0.0,0.0,0.0,0.0,0.0,0.0
ES2003c,647,0.0,0.0,0.0,0.0,0.0,0.0,0.0,0.0,0.0,0.0,0.0,0.0,0.0
ES2003c,648,0.0,0.0,0.0,0.0,0.0,0.0,0.0,0.0,0.0,0.0,0.0,0.0,0.0
ES2003c,649,0.0,0.0,0.0,0.0,0.0,0.0,0.0,0.0,0.0,0.0,0.0,0.0,0.0
ES2003c,650,0.0,0.0,0.0,0.0,0.0,0.0,0.0,0.0,0.0,0.0,0.0,0.0,0.0
ES2003c,651,0.0,0.0,0.0,0.0,0.0,0.0,0.0,0.0,0.0,0.0,0.0,0.0,0.0
ES2003c,652,0.0,0.0,0.0,0.0,0.0,0.0,0.0,0.0,0.0,0.0,0.0,0.0,0.0
ES2003c,653,0.0,0.0,0.0,0.0,0.0,0.0,0.0,0.0,0.0,0.0,0.0,0.0,0.0
ES2003c,654,0.0,0.0,0.0,0.0,0.0,0.0,0.0,0.0,0.0,0.0,0.0,0.0,0.0
ES2003c,655,0.0,0.0,0.0,0.0,0.0,0.0,0.0,0.0,0.0,0.0,0.0,0.0,0.0
ES2003c,656,0.0,0.0,0.0,0.0,0.0,0.0,0.0,0.0,0.0,0.0,0.0,0.0,0.0
ES2003c,657,0.0,0.0,0.0,0.0,0.0,0.0,0.0,0.0,0.0,0.0,0.0,0.0,0.0
ES2003c,658,0.0,0.0,0.0,0.0,0.0,0.0,0.0,0.0,0.0,0.0,0.0,0.0,0.0
ES2003c,659,0.0,0.0,0.0,0.0,0.0,0.0,0.0,0.0,0.0,0.0,0.0,0.0,0.0
ES2003c,660,0.0,0.0,0.0,0.0,0.0,0.0,0.0,0.0,0.0,0.0,0.0,0.0,0.0
ES2003c,661,0.0,0.0,0.0,0.0,0.0,0.0,0.0,0.0,0.0,0.0,0.0,0.0,0.0
ES2003c,662,0.0,0.0,0.0,0.0,0.0,0.0,0.0,0.0,0.0,0.0,0.0,0.0,0.0
ES2003c,663,0.0,0.0,0.0,0.0,0.0,0.0,0.0,0.0,0.0,0.0,0.0,0.0,0.0
ES2003c,664,0.0,0.0,0.0,0.0,0.0,0.0,0.0,0.0,0.0,0.0,0.0,0.0,0.0
ES2003c,665,0.0,0.0,0.0,0.0,0.0,0.0,0.0,0.0,0.0,0.0,0.0,0.0,0.0
ES2003c,666,0.0,0.0,0.0,0.0,0.0,0.0,0.0,0.0,0.0,0.0,0.0,0.0,0.0
ES2003c,667,0.0,0.0,0.0,0.0,0.0,0.0,0.0,0.0,0.0,0.0,0.0,0.0,0.0
ES2003c,668,0.0,0.0,0.0,0.0,0.0,0.0,0.0,0.0,0.0,0.0,0.0,0.0,0.0
ES2003c,669,0.0,0.0,0.0,0.0,0.0,0.0,0.0,0.0,0.0,0.0,0.0,0.0,0.0
ES2003c,670,0.0,0.0,0.0,0.0,0.0,0.0,0.0,0.0,0.0,0.0,0.0,0.0,0.0
ES2003c,671,0.0,0.0,0.0,0.0,0.0,0.0,0.0,0.0,0.0,0.0,0.0,0.0,0.0
ES2003c,672,0.0,0.0,0.0,0.0,0.0,0.0,0.0,0.0,0.0,0.0,0.0,0.0,0.0
ES2003c,673,0.0,0.0,0.0,0.0,0.0,0.0,0.0,0.0,0.0,0.0,0.0,0.0,0.0
ES2003c,674,0.0,0.0,0.0,0.0,0.0,0.0,0.0,0.0,0.0,0.0,0.0,0.0,0.0
ES2003c,675,0.0,0.0,0.0,0.0,0.0,0.0,0.0,0.0,0.0,0.0,0.0,0.0,0.0
ES2003c,676,0.0,0.0,0.0,0.0,0.0,0.0,0.0,0.0,0.0,0.0,0.0,0.0,0.0
ES2003c,677,0.0,0.0,0.0,0.0,0.0,0.0,0.0,0.0,0.0,0.0,0.0,0.0,0.0
ES2003c,678,0.5467755794525146,0.17181341350078583,0.5908371309439341,0.1086692065000534,0.026127321024735767,0.7886897524197897,0.5178486307462057,0.41569317628939945,3.809680085895178,12.361665521169906,-2.4743544539176408,0.0,0.0
ES2003c,679,0.4714701573053996,0.12818410495917001,0.8419946034749349,0.09784317016601562,0.019795078163345654,0.43871768315633136,0.5325776040554047,0.4640962580839793,-0.29623429013435115,0.8743555039892393,-7.740941426721281,0.0,0.0
ES2003c,680,0.4230390191078186,0.10998473316431046,0.7677643895149231,0.08249106506506602,0.026634354144334793,0.2665419677893321,0.5056347250938416,0.6412340005238851,-1.8669750628731363,-1.080309543403536,-10.693258230754111,0.0,0.0
ES2003c,681,0.3863813479741414,0.14335310210784277,0.6723557511965433,0.06663841257492702,0.017094301680723827,0.4987795452276866,0.5415868560473124,0.17786379034320512,-1.1961560468333934,-0.5839854882699681,-10.558169611102075,0.0,0.0
ES2003c,682,0.0,0.0,0.0,0.0,0.0,0.0,0.0,0.0,0.0,0.0,0.0,0.0,0.0
ES2003c,683,0.0,0.0,0.0,0.0,0.0,0.0,0.0,0.0,0.0,0.0,0.0,0.0,0.0
ES2003c,684,0.0,0.0,0.0,0.0,0.0,0.0,0.0,0.0,0.0,0.0,0.0,0.0,0.0
ES2003c,685,0.0,0.0,0.0,0.0,0.0,0.0,0.0,0.0,0.0,0.0,0.0,0.0,0.0
ES2003c,686,0.0,0.0,0.0,0.0,0.0,0.0,0.0,0.0,0.0,0.0,0.0,0.0,0.0
ES2003c,687,0.0,0.0,0.0,0.0,0.0,0.0,0.0,0.0,0.0,0.0,0.0,0.0,0.0
ES2003c,688,0.0,0.0,0.0,0.0,0.0,0.0,0.0,0.0,0.0,0.0,0.0,0.0,0.0
ES2003c,689,0.0,0.0,0.0,0.0,0.0,0.0,0.0,0.0,0.0,0.0,0.0,0.0,0.0
ES2003c,690,0.0,0.0,0.0,0.0,0.0,0.0,0.0,0.0,0.0,0.0,0.0,0.0,0.0
ES2003c,691,0.0,0.0,0.0,0.0,0.0,0.0,0.0,0.0,0.0,0.0,0.0,0.0,0.0
ES2003c,692,0.0,0.0,0.0,0.0,0.0,0.0,0.0,0.0,0.0,0.0,0.0,0.0,0.0
ES2003c,693,0.0,0.0,0.0,0.0,0.0,0.0,0.0,0.0,0.0,0.0,0.0,0.0,0.0
ES2003c,694,0.0,0.0,0.0,0.0,0.0,0.0,0.0,0.0,0.0,0.0,0.0,0.0,0.0
ES2003c,695,0.0,0.0,0.0,0.0,0.0,0.0,0.0,0.0,0.0,0.0,0.0,0.0,0.0
ES2003c,696,0.0,0.0,0.0,0.0,0.0,0.0,0.0,0.0,0.0,0.0,0.0,0.0,0.0
ES2003c,697,0.0,0.0,0.0,0.0,0.0,0.0,0.0,0.0,0.0,0.0,0.0,0.0,0.0
ES2003c,698,0.0,0.0,0.0,0.0,0.0,0.0,0.0,0.0,0.0,0.0,0.0,0.0,0.0
ES2003c,699,0.0,0.0,0.0,0.0,0.0,0.0,0.0,0.0,0.0,0.0,0.0,0.0,0.0
ES2003c,700,0.0,0.0,0.0,0.0,0.0,0.0,0.0,0.0,0.0,0.0,0.0,0.0,0.0
ES2003c,701,0.0,0.0,0.0,0.0,0.0,0.0,0.0,0.0,0.0,0.0,0.0,0.0,0.0
ES2003c,702,0.0,0.0,0.0,0.0,0.0,0.0,0.0,0.0,0.0,0.0,0.0,0.0,0.0
ES2003c,703,0.0,0.0,0.0,0.0,0.0,0.0,0.0,0.0,0.0,0.0,0.0,0.0,0.0
ES2003c,704,0.0,0.0,0.0,0.0,0.0,0.0,0.0,0.0,0.0,0.0,0.0,0.0,0.0
ES2003c,705,0.0,0.0,0.0,0.0,0.0,0.0,0.0,0.0,0.0,0.0,0.0,0.0,0.0
ES2003c,706,0.0,0.0,0.0,0.0,0.0,0.0,0.0,0.0,0.0,0.0,0.0,0.0,0.0
ES2003c,707,0.0,0.0,0.0,0.0,0.0,0.0,0.0,0.0,0.0,0.0,0.0,0.0,0.0
ES2003c,708,0.0,0.0,0.0,0.0,0.0,0.0,0.0,0.0,0.0,0.0,0.0,0.0,0.0
ES2003c,709,0.0,0.0,0.0,0.0,0.0,0.0,0.0,0.0,0.0,0.0,0.0,0.0,0.0
ES2003c,710,0.0,0.0,0.0,0.0,0.0,0.0,0.0,0.0,0.0,0.0,0.0,0.0,0.0
ES2003c,711,0.0,0.0,0.0,0.0,0.0,0.0,0.0,0.0,0.0,0.0,0.0,0.0,0.0
ES2003c,712,0.0,0.0,0.0,0.0,0.0,0.0,0.0,0.0,0.0,0.0,0.0,0.0,0.0
ES2003c,713,0.0,0.0,0.0,0.0,0.0,0.0,0.0,0.0,0.0,0.0,0.0,0.0,0.0
ES2003c,714,0.0,0.0,0.0,0.0,0.0,0.0,0.0,0.0,0.0,0.0,0.0,0.0,0.0
ES2003c,715,0.0,0.0,0.0,0.0,0.0,0.0,0.0,0.0,0.0,0.0,0.0,0.0,0.0
ES2003c,716,0.0,0.0,0.0,0.0,0.0,0.0,0.0,0.0,0.0,0.0,0.0,0.0,0.0
ES2003c,717,0.0,0.0,0.0,0.0,0.0,0.0,0.0,0.0,0.0,0.0,0.0,0.0,0.0
ES2003c,718,0.0,0.0,0.0,0.0,0.0,0.0,0.0,0.0,0.0,0.0,0.0,0.0,0.0
ES2003c,719,0.0,0.0,0.0,0.0,0.0,0.0,0.0,0.0,0.0,0.0,0.0,0.0,0.0
ES2003c,720,0.0,0.0,0.0,0.0,0.0,0.0,0.0,0.0,0.0,0.0,0.0,0.0,0.0
ES2003c,721,0.0,0.0,0.0,0.0,0.0,0.0,0.0,0.0,0.0,0.0,0.0,0.0,0.0
ES2003c,722,0.0,0.0,0.0,0.0,0.0,0.0,0.0,0.0,0.0,0.0,0.0,0.0,0.0
ES2003c,723,0.0,0.0,0.0,0.0,0.0,0.0,0.0,0.0,0.0,0.0,0.0,0.0,0.0
ES2003c,724,0.0,0.0,0.0,0.0,0.0,0.0,0.0,0.0,0.0,0.0,0.0,0.0,0.0
ES2003c,725,0.0,0.0,0.0,0.0,0.0,0.0,0.0,0.0,0.0,0.0,0.0,0.0,0.0
ES2003c,726,0.0,0.0,0.0,0.0,0.0,0.0,0.0,0.0,0.0,0.0,0.0,0.0,0.0
ES2003c,727,0.0,0.0,0.0,0.0,0.0,0.0,0.0,0.0,0.0,0.0,0.0,0.0,0.0
ES2003c,728,0.0,0.0,0.0,0.0,0.0,0.0,0.0,0.0,0.0,0.0,0.0,0.0,0.0
ES2003c,729,0.0,0.0,0.0,0.0,0.0,0.0,0.0,0.0,0.0,0.0,0.0,0.0,0.0
ES2003c,730,0.0,0.0,0.0,0.0,0.0,0.0,0.0,0.0,0.0,0.0,0.0,0.0,0.0
ES2003c,731,0.0,0.0,0.0,0.0,0.0,0.0,0.0,0.0,0.0,0.0,0.0,0.0,0.0
ES2003c,732,0.0,0.0,0.0,0.0,0.0,0.0,0.0,0.0,0.0,0.0,0.0,0.0,0.0
ES2003c,733,0.0,0.0,0.0,0.0,0.0,0.0,0.0,0.0,0.0,0.0,0.0,0.0,0.0
ES2003c,734,0.0,0.0,0.0,0.0,0.0,0.0,0.0,0.0,0.0,0.0,0.0,0.0,0.0
ES2003c,735,0.0,0.0,0.0,0.0,0.0,0.0,0.0,0.0,0.0,0.0,0.0,0.0,0.0
ES2003c,736,0.0,0.0,0.0,0.0,0.0,0.0,0.0,0.0,0.0,0.0,0.0,0.0,0.0
ES2003c,737,0.0,0.0,0.0,0.0,0.0,0.0,0.0,0.0,0.0,0.0,0.0,0.0,0.0
ES2003c,738,0.0,0.0,0.0,0.0,0.0,0.0,0.0,0.0,0.0,0.0,0.0,0.0,0.0
ES2003c,739,0.0,0.0,0.0,0.0,0.0,0.0,0.0,0.0,0.0,0.0,0.0,0.0,0.0
ES2003c,740,0.0,0.0,0.0,0.0,0.0,0.0,0.0,0.0,0.0,0.0,0.0,0.0,0.0
ES2003c,741,0.0,0.0,0.0,0.0,0.0,0.0,0.0,0.0,0.0,0.0,0.0,0.0,0.0
ES2003c,742,0.0,0.0,0.0,0.0,0.0,0.0,0.0,0.0,0.0,0.0,0.0,0.0,0.0
ES2003c,743,0.0,0.0,0.0,0.0,0.0,0.0,0.0,0.0,0.0,0.0,0.0,0.0,0.0
ES2003c,744,0.0,0.0,0.0,0.0,0.0,0.0,0.0,0.0,0.0,0.0,0.0,0.0,0.0
ES2003c,745,0.0,0.0,0.0,0.0,0.0,0.0,0.0,0.0,0.0,0.0,0.0,0.0,0.0
ES2003c,746,0.0,0.0,0.0,0.0,0.0,0.0,0.0,0.0,0.0,0.0,0.0,0.0,0.0
ES2003c,747,0.0,0.0,0.0,0.0,0.0,0.0,0.0,0.0,0.0,0.0,0.0,0.0,0.0
ES2003c,748,0.0,0.0,0.0,0.0,0.0,0.0,0.0,0.0,0.0,0.0,0.0,0.0,0.0
ES2003c,749,0.0,0.0,0.0,0.0,0.0,0.0,0.0,0.0,0.0,0.0,0.0,0.0,0.0
ES2003c,750,0.0,0.0,0.0,0.0,0.0,0.0,0.0,0.0,0.0,0.0,0.0,0.0,0.0
ES2003c,751,0.0,0.0,0.0,0.0,0.0,0.0,0.0,0.0,0.0,0.0,0.0,0.0,0.0
ES2003c,752,0.0,0.0,0.0,0.0,0.0,0.0,0.0,0.0,0.0,0.0,0.0,0.0,0.0
ES2003c,753,0.0,0.0,0.0,0.0,0.0,0.0,0.0,0.0,0.0,0.0,0.0,0.0,0.0
ES2003c,754,0.0,0.0,0.0,0.0,0.0,0.0,0.0,0.0,0.0,0.0,0.0,0.0,0.0
ES2003c,755,0.0,0.0,0.0,0.0,0.0,0.0,0.0,0.0,0.0,0.0,0.0,0.0,0.0
ES2003c,756,0.0,0.0,0.0,0.0,0.0,0.0,0.0,0.0,0.0,0.0,0.0,0.0,0.0
ES2003c,757,0.0,0.0,0.0,0.0,0.0,0.0,0.0,0.0,0.0,0.0,0.0,0.0,0.0
ES2003c,758,0.0,0.0,0.0,0.0,0.0,0.0,0.0,0.0,0.0,0.0,0.0,0.0,0.0
ES2003c,759,0.0,0.0,0.0,0.0,0.0,0.0,0.0,0.0,0.0,0.0,0.0,0.0,0.0
ES2003c,760,0.0,0.0,0.0,0.0,0.0,0.0,0.0,0.0,0.0,0.0,0.0,0.0,0.0
ES2003c,761,0.0,0.0,0.0,0.0,0.0,0.0,0.0,0.0,0.0,0.0,0.0,0.0,0.0
ES2003c,762,0.0,0.0,0.0,0.0,0.0,0.0,0.0,0.0,0.0,0.0,0.0,0.0,0.0
ES2003c,763,0.0,0.0,0.0,0.0,0.0,0.0,0.0,0.0,0.0,0.0,0.0,0.0,0.0
ES2003c,764,0.0,0.0,0.0,0.0,0.0,0.0,0.0,0.0,0.0,0.0,0.0,0.0,0.0
ES2003c,765,0.0,0.0,0.0,0.0,0.0,0.0,0.0,0.0,0.0,0.0,0.0,0.0,0.0
ES2003c,766,0.0,0.0,0.0,0.0,0.0,0.0,0.0,0.0,0.0,0.0,0.0,0.0,0.0
ES2003c,767,0.0,0.0,0.0,0.0,0.0,0.0,0.0,0.0,0.0,0.0,0.0,0.0,0.0
ES2003c,768,0.0,0.0,0.0,0.0,0.0,0.0,0.0,0.0,0.0,0.0,0.0,0.0,0.0
ES2003c,769,0.0,0.0,0.0,0.0,0.0,0.0,0.0,0.0,0.0,0.0,0.0,0.0,0.0
ES2003c,770,0.0,0.0,0.0,0.0,0.0,0.0,0.0,0.0,0.0,0.0,0.0,0.0,0.0
ES2003c,771,0.0,0.0,0.0,0.0,0.0,0.0,0.0,0.0,0.0,0.0,0.0,0.0,0.0
ES2003c,772,0.0,0.0,0.0,0.0,0.0,0.0,0.0,0.0,0.0,0.0,0.0,0.0,0.0
ES2003c,773,0.0,0.0,0.0,0.0,0.0,0.0,0.0,0.0,0.0,0.0,0.0,0.0,0.0
ES2003c,774,0.0,0.0,0.0,0.0,0.0,0.0,0.0,0.0,0.0,0.0,0.0,0.0,0.0
ES2003c,775,0.0,0.0,0.0,0.0,0.0,0.0,0.0,0.0,0.0,0.0,0.0,0.0,0.0
ES2003c,776,0.0,0.0,0.0,0.0,0.0,0.0,0.0,0.0,0.0,0.0,0.0,0.0,0.0
ES2003c,777,0.0,0.0,0.0,0.0,0.0,0.0,0.0,0.0,0.0,0.0,0.0,0.0,0.0
ES2003c,778,0.0,0.0,0.0,0.0,0.0,0.0,0.0,0.0,0.0,0.0,0.0,0.0,0.0
ES2003c,779,0.0,0.0,0.0,0.0,0.0,0.0,0.0,0.0,0.0,0.0,0.0,0.0,0.0
ES2003c,780,0.0,0.0,0.0,0.0,0.0,0.0,0.0,0.0,0.0,0.0,0.0,0.0,0.0
ES2003c,781,0.0,0.0,0.0,0.0,0.0,0.0,0.0,0.0,0.0,0.0,0.0,0.0,0.0
ES2003c,782,0.0,0.0,0.0,0.0,0.0,0.0,0.0,0.0,0.0,0.0,0.0,0.0,0.0
ES2003c,783,0.11775047580401103,0.09344492355982463,0.09251896540323894,0.028844083348910015,0.0221100648244222,0.11193945010503133,0.17458019653956094,0.009728222464521727,-1.8413696485502395,6.53521439452076,-5.67601008240025,0.0,0.0
ES2003c,784,0.3637606203556061,0.30891645948092145,0.23415189484755197,0.11561448375384013,0.042843130727609,0.3074883719285329,0.3121819496154785,0.017531253087023895,-12.445057338692289,1.2190294814300353,0.8205628951647332,0.0,0.0
ES2003c,785,0.5614599386850992,0.39725648363431293,0.2992589473724365,0.29649938146273297,0.25025808314482373,0.2455641229947408,0.5488044222195944,0.6085516065359116,-22.742351545850994,60.357585794864725,-24.52038102245859,0.0,0.0
ES2003c,786,0.590508778889974,0.30445940295855206,0.5538295606772105,0.14282465601960817,0.10590153497954209,0.6336931586265564,0.4851405620574951,0.8209754625956217,24.883644568637134,60.73566585138977,23.949060753799813,0.0,0.0
ES2003c,787,0.6247661113739014,0.3107301890850067,0.4902498821417491,0.19154920056462288,0.12289052891234557,0.36267340183258057,0.4363178114096324,0.8441673517227173,23.823956581969416,44.63932427638486,17.744510183760116,0.0,0.0
ES2003c,788,0.7209450999895731,0.3545106252034505,0.41982292135556537,0.12312804907560349,0.11959345266222954,0.48581958810488385,0.44393456975619,0.30436957875887555,7.724961584953459,24.950588921160307,-2.9119138993868945,0.0,0.0
ES2003c,789,0.6933986147244772,0.3491751750310262,0.4139621357123057,0.136056457956632,0.11902016028761864,0.24285548428694406,0.46299641331036884,0.54681596159935,6.237852184673952,24.092569396749756,-6.663638077603422,0.0,0.0
ES2003c,790,0.7609095970789591,0.4093376398086548,0.25276360909144086,0.1310723622639974,0.15513480206330618,0.4131449858347575,0.4319788118203481,0.6095014909903208,7.59814651624702,30.306520489395922,-8.266985238634687,0.0,0.0
ES2003c,791,0.7483801047007242,0.4383813142776489,0.3855542888243993,0.15536515911420187,0.17310519019762674,0.4509727160135905,0.4363032877445221,0.7588192820549011,3.7098817328365468,30.958611920166458,-9.088655568560352,0.0,0.0
ES2003c,792,0.6995981931686401,0.5503917137781779,0.28844012320041656,0.14233257124821344,0.10580168540279071,0.2579879363377889,0.44674917062123615,0.49542733281850815,2.765981204967255,21.579941435574117,-10.048922603005485,0.0,0.0
ES2003c,793,0.5317489306131998,0.2397825469573339,0.36229650179545086,0.09966770311196645,0.045722962046662964,0.5491345326105753,0.3576662838459015,0.1144180918733279,2.408251908386624,-23.877039568935402,-3.927967877500078,0.0,0.0
ES2003c,794,0.6496328512827555,0.440073624253273,0.26741253087917966,0.15965800484021506,0.09148356442650159,0.44762391845385235,0.48037955164909363,0.3895240140457948,0.9626282012505486,-7.255717290592872,-0.8573789707400404,0.0,0.0
ES2003c,795,0.41710952917734784,0.2557862599690755,0.21284760783116022,0.3574650188287099,0.24354511002699533,0.16718550274769464,0.4837108055750529,0.8895110885302225,-37.56138620245915,64.3751420908577,-35.70746745019739,0.0,0.0
ES2003c,796,0.5583746234575907,0.33193714420000714,0.5290864805380503,0.19445393979549408,0.061999026065071426,0.42482417821884155,0.5308254361152649,0.34198421984910965,-10.552036175069748,29.140384338954348,-20.175295400464194,0.0,0.0
ES2003c,797,0.7480955918629965,0.6902683774630228,0.23370179533958435,0.06721763809521993,0.033103713765740395,0.38260290026664734,0.5105529129505157,0.16021794204910597,3.336245680751015,2.0742682854788277,-13.555926738425361,0.0,0.0
ES2003c,798,0.6845434109369913,0.5206347306569418,0.2998993322253227,0.20975643396377563,0.08168409516414006,0.26304716368516284,0.44035547971725464,0.3908991167942683,-10.530600740468975,34.345039473218144,-17.4256425237093,0.0,0.0
ES2003c,799,0.5105600655078888,0.30841659506162006,0.2820046842098236,0.37307428816954297,0.2409569720427195,0.37179162601629895,0.37381906310717267,0.9949769973754883,-40.39705532954659,72.10796493876005,-39.1817051721464,0.0,0.0
ES2003c,800,0.533005823691686,0.30824846029281616,0.4394017457962036,0.30766693502664566,0.16291608288884163,0.39843882123629254,0.38885263601938885,0.6780954549709955,-27.629375737620737,49.17666263706756,-32.56420463728694,0.0,0.0
ES2003c,801,0.60707954565684,0.3752196530501048,0.3642204850912094,0.10331776489814122,0.07847153457502525,0.5908622841040293,0.44647444287935895,0.49253512422243756,-0.6475011035541253,8.373036953006642,-15.22536218873462,0.0,0.0
ES2003c,802,0.6524508198102316,0.3862900485595067,0.3092110902070999,0.05676430960496267,0.030798544486363728,0.3743431170781453,0.424665242433548,0.04324088664725423,-1.2715810319021577,-8.441129631527795,-10.669451922178181,0.0,0.0
ES2003c,803,0.5187157193819681,0.3200286626815796,0.25709400574366253,0.06596870720386505,0.05844550331433614,0.3922441452741623,0.4418906668821971,0.2662409180775285,0.2547868401188334,-9.454454550375871,-11.482358559034294,0.0,0.0
ES2003c,804,0.7311023672421774,0.45220280190308887,0.19054105381170908,0.05821632221341133,0.024374969924489658,0.34995414316654205,0.4966355562210083,0.1692935743679603,2.465636787336121,-8.370735251853818,-11.876209030095309,0.0,0.0
ES2003c,805,0.7350107828776041,0.5223103165626526,0.33808695276578266,0.06457850088675816,0.024625804275274277,0.3287787238756816,0.5348060329755148,0.2988728992640972,4.7036073125945554,-4.724768971736769,-13.262090865658626,0.0,0.0
ES2003c,806,0.7454994916915894,0.5997048517068228,0.2894614537556966,0.09953777988751729,0.04675945515433947,0.3779310981432597,0.4687024454275767,0.4270780434211095,3.9811839145554413,-3.684403436152429,-13.358533333923276,0.0,0.0
ES2003c,807,0.7520343065261841,0.5744763811429342,0.19560976326465607,0.08029259492953618,0.08870734895269076,0.4234861383835475,0.4880439539750417,0.31278220812479657,3.3562019867633297,-6.196169824750593,-12.82186218216357,0.0,0.0
ES2003c,808,0.8157851099967957,0.6513505379358927,0.276314839720726,0.11506582051515579,0.08295573418339093,0.43214574456214905,0.5432893137137095,0.4256669341896971,8.00526595309988,9.054669160379023,-8.430967639668904,0.0,0.0
ES2003c,809,0.7370965480804443,0.5207783182462057,0.44752004742622375,0.20724438627560934,0.17299186686674753,0.335386723279953,0.5114262104034424,0.8244821031888326,14.22161946030677,24.299708870501792,1.9275032984676403,0.0,0.0
ES2003c,810,0.7208035190900167,0.4869384467601776,0.3798065533240636,0.28847317894299823,0.24698188404242197,0.56114528576533,0.5288915534814199,0.41023558378219604,15.22282613858311,22.912970204729152,2.5231354418241496,0.0,0.0
ES2003c,811,0.7714962760607401,0.5823286970456442,0.3655205915371577,0.20899980763594309,0.15313030841449896,0.46216850479443866,0.41750097274780273,0.6216276089350382,12.151074227524935,18.755302472420354,-0.6061836543461899,0.0,0.0
ES2003c,812,0.7454907099405924,0.6813973585764567,0.1899468625585238,0.13634353379408518,0.0555272518346707,0.2770504454771678,0.47879597544670105,0.20269444026052952,8.318326826176119,9.931192963499534,-7.7615023489001205,0.0,0.0
ES2003c,813,0.8180529276529948,0.7165641585985819,0.29250818987687427,0.08462321509917577,0.04738003325959047,0.4013429085413615,0.4999207357565562,0.5142005930344263,5.1304323664505525,-3.0091894107746575,-12.350584396729486,0.0,0.0
ES2003c,814,0.8441877762476603,0.795924166838328,0.22920342534780502,0.07188516482710838,0.03653922056158384,0.47940797607103985,0.47304638226826984,0.35159914940595627,3.694483281956154,-2.141427904281852,-12.109063110407305,0.0,0.0
ES2003c,815,0.8626195391019186,0.8287235299746195,0.13876873751481375,0.08605094626545906,0.0432962483416001,0.25677594542503357,0.5466445485750834,0.1869952604174614,5.310584215513157,0.8379661406879994,-15.25817008025104,0.0,0.0
ES2003c,816,0.8294580181439718,0.813062310218811,0.14693927268187204,0.06694164747993152,0.02062340887884299,0.275315523147583,0.4383252263069153,0.08201973885297775,7.400562820083846,-2.961611082554582,5.835230921870145,0.0,0.0
ES2003c,817,0.7902301152547201,0.7484505573908488,0.18302893141905466,0.07411850243806839,0.022115398819247883,0.36007897059122723,0.42486793796221417,0.15158076335986456,7.4993026341415705,-2.5455484386737113,5.282859284825233,0.0,0.0
ES2003c,818,0.8126070896784464,0.8060957988103231,0.13595413664976755,0.07444760203361511,0.023249415680766106,0.33616018295288086,0.4719471236069997,0.20789625744024912,7.155789373937971,-2.6587465671939725,5.998154562856378,0.0,0.0
ES2003c,819,0.8218180139859518,0.774988035360972,0.10407488296429317,0.07461551452676456,0.020265910153587658,0.34267204999923706,0.4356746971607208,0.15521007403731346,6.7374686156328325,-2.748738604608942,6.025557471254456,0.0,0.0
ES2003c,820,0.8256896734237671,0.79708464940389,0.16918872793515524,0.07104724645614624,0.020779845615228016,0.2850142568349838,0.4508257607618968,0.06352559477090836,6.7137011863190175,-2.7588242194831323,6.004026795782235,0.0,0.0
ES2003c,821,0.8102642893791199,0.8204982082049052,0.16305063416560492,0.07358943670988083,0.02476390202840169,0.324226235349973,0.44283434748649597,0.20009532570838928,7.241046769316854,-1.7551213187190848,5.411051469798132,0.0,0.0
ES2003c,822,0.6920751134554545,0.4648704032103221,0.41828292111555737,0.1330912932753563,0.050206741938988365,0.40860748539368313,0.36105747024218243,0.7167947093645731,10.225431329670966,-7.792103869576221,-4.5015120779910935,0.0,0.0
ES2003c,823,0.5469003617763519,0.3336227834224701,0.4206796685854594,0.3184457818667094,0.14804154137770334,0.3557572066783905,0.5029119253158569,0.7985240618387858,-25.938974688052184,59.06703123031406,-28.631714195822383,0.0,0.0
ES2003c,824,0.5087611178557078,0.25264494121074677,0.402018462618192,0.33706846336523694,0.17185608049233755,0.5087102850278219,0.44074533383051556,0.8203255633513132,-29.940964359110747,58.04801167578216,-30.841424046314728,0.0,0.0
ES2003c,825,0.7146772940953573,0.465281402071317,0.2869034061829249,0.13066006700197855,0.12270646790663402,0.3393929104010264,0.48961324493090314,0.33191614629079896,-0.46410401859224076,12.410092906232785,-9.060790187075469,0.0,0.0
ES2003c,826,0.6597536404927572,0.48193661371866864,0.2576803018649419,0.17794459561506906,0.1509959058215221,0.3242757171392441,0.5242408712704977,0.47123968104521435,-14.88214678010793,22.855897032150946,-20.230536652288098,0.0,0.0
ES2003c,827,0.5675161083539327,0.3873107135295868,0.6019680698712667,0.33889712889989215,0.21898036201794943,0.216138889392217,0.4058460493882497,0.6604817012945811,-18.79377454118822,46.799060384134435,-23.730706348346008,0.0,0.0
ES2003c,828,0.6724751393000284,0.39437729120254517,0.25229448080062866,0.23041162639856339,0.11889821415146191,0.4826913078625997,0.48236366113026935,0.3622133017828067,-18.668796566796004,30.092475185491292,-24.851829145838433,0.0,0.0
ES2003c,829,0.6734692653020223,0.5330517292022705,0.2460621843735377,0.07650260254740715,0.04378905023137728,0.4267306427160899,0.4981607397397359,0.04977885105957588,2.409662688690134,9.60045969154906,-6.632954829579819,0.0,0.0
ES2003c,830,0.6810745795567831,0.5053162624438604,0.15476939330498377,0.09475820263226827,0.04296687121192614,0.4877423644065857,0.5069461266199747,0.22381296303744116,3.175387542319726,8.246397931090618,-7.553389564854974,0.0,0.0
ES2003c,831,0.6936193704605103,0.5637488265832266,0.31543120990196866,0.15120895951986313,0.10558741663893063,0.3966720054546992,0.4606342613697052,0.35850624678035575,-6.302467010803075,32.34477459721793,-11.91690964358213,0.0,0.0
ES2003c,832,0.5442166229089102,0.4161384602387746,0.453716645638148,0.3284529745578766,0.2528621777892113,0.5299375355243683,0.3218436042467753,0.8685007890065511,-41.84084615334145,78.99209497115744,-39.27282681555598,0.0,0.0
ES2003c,833,0.39026812712351483,0.28135623534520465,0.3956746260325114,0.5491690933704376,0.49155305822690326,0.21860191722710928,0.446982483069102,0.874625007311503,-54.36616060533723,76.14416928302609,-52.642785878189805,0.0,0.0
ES2003c,834,0.5174926221370697,0.4267548720041911,0.4840325117111206,0.42488036553064984,0.3652378221352895,0.33610489467779797,0.4183309078216553,0.8689095377922058,-33.537230523279156,63.30992364101715,-34.69684874249169,0.0,0.0
ES2003c,835,0.6404271721839905,0.47764970858891803,0.3761347482601802,0.2779201492667198,0.25168702751398087,0.3039611950516701,0.45663169026374817,0.36141663417220116,-12.01017928942055,31.074948751488265,-18.976086044806824,0.0,0.0
ES2003c,836,0.5506510535875956,0.40503860513369244,0.33278604845205945,0.2017485797405243,0.14058327674865723,0.4658415714899699,0.43049706021944684,0.4296238621075948,-9.986931447815541,29.762644216638986,-17.11981406240383,0.0,0.0
ES2003c,837,0.5821601748466492,0.512882282336553,0.3323115756114324,0.23354715605576834,0.20920477186640105,0.2980442891518275,0.4237760603427887,0.6334389100472132,-21.972880194606503,48.04720479770939,-24.67712579459429,0.0,0.0
ES2003c,838,0.525247722864151,0.3164634356896083,0.30102544526259106,0.20808299630880356,0.12474171693126361,0.31233016649882,0.5985631942749023,0.6722425147891045,-30.259267936009223,50.20953377959017,-32.78880715828688,0.0,0.0
ES2003c,839,0.6798034509023031,0.48409674564997357,0.44242847959200543,0.15128116806348166,0.09475497901439667,0.5821162064870199,0.4578576882680257,0.5125243589282036,-0.05506682235548214,11.866833573689425,-6.788233799678637,0.0,0.0
ES2003c,840,0.7085610628128052,0.4694635371367137,0.1930228273073832,0.08013150220115979,0.05565619096159935,0.34425173203150433,0.4464324414730072,0.17647551263992986,1.5041276304916762,4.400626323574172,-8.244627201540828,0.0,0.0
ES2003c,841,0.569969634215037,0.3092054526011149,0.3769316573937734,0.17067310710748038,0.06942148134112358,0.41137053569157916,0.49213796854019165,0.3682047699888547,-1.030211630443515,16.876498301888528,-12.77850055222398,0.0,0.0
ES2003c,842,0.6334395011266073,0.2076841543118159,0.2353914131720861,0.2113015130162239,0.06673005471626918,0.378992423415184,0.46037185192108154,0.5561840496957302,-14.521178890966388,33.13663817089312,-24.155016587265635,0.0,0.0
ES2003c,843,0.6318850715955099,0.4426736036936442,0.2767379929622014,0.12473632891972859,0.04973298559586207,0.4510252873102824,0.4719409743944804,0.143840029835701,2.9230299255600496,5.127527771781474,-14.578318279119765,0.0,0.0
ES2003c,844,0.7572910189628601,0.6227054198582967,0.25179096311330795,0.05828301981091499,0.019640734419226646,0.42785154779752094,0.4561551908651988,0.44869109988212585,2.126783734322577,-1.1393374822212108,-2.1062692136603993,0.0,0.0
ES2003c,845,0.8415517409642538,0.7513704498608907,0.16852432489395142,0.060032871862252556,0.02278870219985644,0.4154944072167079,0.4567440152168274,0.6114698648452759,3.727581535329477,-1.4207553384377014,-1.0306564168564478,0.0,0.0
ES2003c,846,0.7999341686566671,0.721092939376831,0.27345380187034607,0.057284786055485405,0.020108274494608242,0.5724593698978424,0.48090510567029315,0.5057625820239385,3.3310379811672575,-0.18764960912706022,-1.9032664662608625,0.0,0.0
ES2003c,847,0.7620807488759359,0.6267992854118347,0.32737744847933453,0.05191252256433169,0.02653517077366511,0.3030877436200778,0.49712181091308594,0.2326038678487142,3.131578561420154,-2.1967994914485978,-1.5718102596527403,0.0,0.0
ES2003c,848,0.7743042707443237,0.6901564399401346,0.23883794248104095,0.05161117638150851,0.02872618722418944,0.4994966487089793,0.4780946969985962,0.335808868209521,4.433054943116267,-3.1323465159650485,-0.74806946929719,0.0,0.0
ES2003c,849,0.7661622961362203,0.6958908637364706,0.2411076178153356,0.05461169282595316,0.026336543262004852,0.558136930068334,0.47468046347300213,0.6359827667474747,5.142865340489388,-3.3443511020407932,0.41674515268696366,0.0,0.0
ES2003c,850,0.7768040696779887,0.5828952590624491,0.30387621621290845,0.05156409492095312,0.030629458526770275,0.476075142621994,0.5001130302747091,0.32440448614458245,3.997399449784083,-4.493359112788678,3.005383784925563,0.0,0.0
ES2003c,851,0.7680368820826212,0.6100981036822001,0.276852011680603,0.052894058326880135,0.024702752009034157,0.5722643534342448,0.5389441748460134,0.35673852761586505,4.004787546395637,-5.368161934238752,3.550289022126148,0.0,0.0
ES2003c,852,0.789677103360494,0.6719590226809183,0.22683098912239075,0.05372833957274755,0.020048961664239567,0.690865675608317,0.4800964295864105,0.0936023195584615,2.2656320019184863,-4.1831905084826255,2.169880112578502,0.0,0.0
ES2003c,853,0.73353377978007,0.5671288867791494,0.3002375115950902,0.09408543134729068,0.03699243565400442,0.6924523711204529,0.4251263340314229,0.158683684344093,17.571945714375826,-23.995831757787432,-13.784630334546046,0.0,0.0
ES2003c,854,0.4453254242738088,0.3016700545946757,0.3017738113800685,0.2231089100241661,0.22576401134332022,0.49621116121610004,0.3688289026419322,0.3677105742196242,34.30031864091015,-66.45888563121885,-38.36801200091045,0.0,0.0
ES2003c,855,0.6382355093955994,0.25429655114809674,0.5738286674022675,0.22506335377693176,0.18312526990969977,0.29642895857493085,0.4929696520169576,0.38757101943095523,19.954609586030777,14.53449446938125,7.689071489668869,0.0,0.0
ES2003c,856,0.6961419383684794,0.38172321518262226,0.3493024657169978,0.13041399916013083,0.06471327568093936,0.25501828889052075,0.4747167428334554,0.256808544198672,15.376162632645643,6.7643450226277935,-2.537991410694724,0.0,0.0
ES2003c,857,0.7287373741467794,0.45334873100121814,0.4101247141758601,0.11165127158164978,0.0582033588240544,0.27916794021924335,0.454300989707311,0.4810101439555486,7.291426901527388,-4.463111330784778,-9.157239061925537,0.0,0.0
ES2003c,858,0.6896503567695618,0.3832234938939412,0.424530029296875,0.12403809900085132,0.040035986031095185,0.288003866871198,0.45722652475039166,0.15301735885441303,11.613508910861631,8.153043497705944,-1.9894168266277268,0.0,0.0
ES2003c,859,0.666002094745636,0.4328788419564565,0.3510562876860301,0.14439523220062256,0.06483677215874195,0.39996276795864105,0.5004733999570211,0.24061431689187884,7.4841242937635455,2.4852458883703843,-6.620858203888804,0.0,0.0
ES2003c,860,0.6675295829772949,0.4175318380196889,0.3827112019062042,0.07637142141660054,0.03604396929343542,0.4417611360549927,0.4530091881752014,0.09124224384625752,2.879016800816275,-8.476325342111544,-12.573417351120753,0.0,0.0
ES2003c,861,0.6681172847747803,0.3532605469226837,0.6711920499801636,0.05420198788245519,0.021270786722501118,0.4135350187619527,0.44603559374809265,0.37910349170366925,-4.159356839242058,15.243941779235762,0.9694373985958346,0.0,0.0
ES2003c,862,0.6549636522928873,0.34793607393900555,0.2849266529083252,0.20122753332058588,0.22539054229855537,0.45629678169886273,0.39627212285995483,0.805963138739268,18.01623101446374,-15.918527432464193,-7.519789037029784,0.0,0.0
ES2003c,863,0.6906966765721639,0.5266812443733215,0.21186419079701105,0.5444348454475403,0.4382903724908829,0.6372489829858144,0.36168280243873596,0.9761813680330912,16.289863490939094,-1.9155583892055585,-6.765754506015813,0.0,0.0
ES2003c,864,0.7514412601788839,0.547690232594808,0.24585951368014017,0.2951751972238223,0.30312205851078033,0.3859175443649292,0.42389512062072754,0.6984172960122427,4.9774002846414325,0.7160499870747454,-5.692100405533242,0.0,0.0
ES2003c,865,0.7726874351501465,0.7953479687372843,0.11415742089351018,0.0907098799943924,0.08683914318680763,0.3766143471002579,0.44423895080884296,0.31464575106898945,-1.0278985069680193,-3.4015697431562657,-5.933995501977955,0.0,0.0
ES2003c,866,0.8131816983222961,0.8032341400782267,0.12425465633471806,0.08342462033033371,0.06983574852347374,0.32894464830557507,0.4609052340189616,0.18245229870080948,-0.6202523823829439,-3.4451953561285578,-6.156580980623564,0.0,0.0
ES2003c,867,0.7532954017321268,0.5967714985211691,0.1545577570796013,0.05852678914864858,0.021588475443422794,0.32528573274612427,0.42791762948036194,0.370935986439387,-0.4555205126782995,-3.533202479040218,-5.0101382589189996,0.0,0.0
ES2003c,868,0.7559756437937418,0.6743097305297852,0.12866119792064032,0.051438880463441215,0.020999908447265625,0.27903889616330463,0.41404008865356445,0.18877467513084412,0.5592612029252029,-3.6075970082725317,-3.2166014381756676,0.0,0.0
ES2003c,869,0.7196021676063538,0.6272339920202891,0.18705551326274872,0.05776354422171911,0.01569009603311618,0.3881625334421794,0.44566453496615094,0.20206783587733904,-0.6010868246793458,-2.460966273243262,-4.230884971342783,0.0,0.0
ES2003c,870,0.7479590773582458,0.6356337269147238,0.18506323794523874,0.06101405123869578,0.015920750486354034,0.27665871878465015,0.4288313289483388,0.18066530550519624,-0.5642139880417615,-2.2657462643763324,-3.911901937024904,0.0,0.0
ES2003c,871,0.736848771572113,0.6486640771230062,0.18364051977793375,0.06108240162332853,0.016715805046260357,0.27722052733103436,0.4730607767899831,0.1449329617122809,-0.7657037144173818,-0.7003513425635971,-3.5534174690177593,0.0,0.0
ES2003c,872,0.7177715301513672,0.6673279205958048,0.15504527340332666,0.05422000462810198,0.018949628186722595,0.28107518951098126,0.44775334000587463,0.1520731896162033,0.10482698761737368,-0.8400699013653122,-2.7039224417024266,0.0,0.0
ES2003c,873,0.7729840278625488,0.7213253577550253,0.12818207095066705,0.064844927440087,0.020313681103289127,0.39121200640996295,0.4782316982746124,0.4507017532984416,0.8541276868595505,0.3638646356999215,-2.3331742414498167,0.0,0.0
ES2003c,874,0.7036506334940592,0.6094570755958557,0.1650237888097763,0.05040495718518893,0.013827278278768063,0.34593971570332843,0.5138741135597229,0.3292970806360245,0.22208042744843118,-0.7132165634115143,-2.9670850262115107,0.0,0.0
ES2003c,875,0.7085269093513489,0.6637051502863566,0.26425280173619586,0.05423021813233694,0.014964106492698193,0.5524631341298422,0.5326652129491171,0.1112312451004982,0.7644954247251209,-0.8807504936555688,-2.425435471108463,0.0,0.0
ES2003c,876,0.7377991477648417,0.6570079127947489,0.2012921174367269,0.05350017175078392,0.01638397015631199,0.3341338982184728,0.44322073459625244,0.21485447386900583,1.5314150497573065,-1.8273686164190586,-2.5653506824569337,0.0,0.0
ES2003c,877,0.6693960428237915,0.6508861382802328,0.1634439875682195,0.04925847053527832,0.01426198830207189,0.35751446584860486,0.46863868832588196,0.11275602380434673,1.036304661501839,-0.8450438004034454,-2.747507277616675,0.0,0.0
ES2003c,878,0.7056549588839213,0.6353717048962911,0.20476588606834412,0.05001255745689074,0.015636480413377285,0.27206051846345264,0.46052388350168866,0.3128704975048701,1.933874955891211,-1.5892204509208643,-2.389109529310818,0.0,0.0
ES2003c,879,0.7641976078351339,0.6630109548568726,0.21771165976921716,0.054498083889484406,0.023067717750867207,0.5075956384340922,0.49691420793533325,0.5166853268941244,2.960808103316065,-2.0277916226475274,-2.1063833506796903,0.0,0.0
ES2003c,880,0.8531575004259745,0.7754544615745544,0.21449766059716543,0.05156891296307246,0.030762281268835068,0.37873831391334534,0.43278337518374127,0.5464429954687754,4.493878589001196,-2.121166477148544,-2.0693900244151,0.0,0.0
ES2003c,881,0.8616580963134766,0.7494814991950989,0.16456099847952524,0.06830875078837077,0.0356187659005324,0.3822872241338094,0.45957855383555096,0.313699667652448,4.036428232225399,-2.686538131408487,-2.067979469763597,0.0,0.0
ES2003c,882,0.7155962288379669,0.5964388996362686,0.22002796083688736,0.07610097900032997,0.04154651053249836,0.37227856119473773,0.4692131181557973,0.03371139530402919,10.449237815377607,-20.002846172730617,-12.040475730125214,0.0,0.0
ES2003c,883,0.6127996842066447,0.42662668228149414,0.23493565122286478,0.08916920175155003,0.0510235403974851,0.4811022679011027,0.4315945903460185,0.16221139331658682,22.351340129799954,-31.890890498154985,-25.20409412028023,0.0,0.0
ES2003c,884,0.4714885155359904,0.41695229212443036,0.20162429908911386,0.046171424289544426,0.023087794582049053,0.265964537858963,0.29490480820337933,0.12116792052984238,0.8603153763271562,-3.8795246307647298,-5.6312411970840195,0.0,0.0
ES2003c,885,0.7687006195386251,0.7219005823135376,0.08680438622832298,0.11234367017944653,0.2590659838169813,0.4000438004732132,0.4809158941109975,0.5393902907768885,-1.717685208659807,-2.1980497740485165,-3.5394484564703856,0.0,0.0
ES2003c,886,0.6601911584536234,0.4497871696949005,0.47662196556727093,0.1698434849580129,0.15235420068105063,0.3787542978922526,0.5240975419680277,0.29926041265328723,7.51389352128641,34.75766729864918,3.01991090156772,0.0,0.0
ES2003c,887,0.7064042290051779,0.3964013655980428,0.5726769169171652,0.18749341368675232,0.11792300206919511,0.5016025553146998,0.47314708431561786,0.5297317470734318,6.5582294736572555,32.5995899288615,0.49004632184953084,0.0,0.0
ES2003c,888,0.6658610900243124,0.5050494074821472,0.34572725494702655,0.19434252878030142,0.10448289662599564,0.48482497533162433,0.49303072690963745,0.3717861771583557,3.494885630825672,18.738075789781533,-6.944179220773248,0.0,0.0
ES2003c,889,0.7363202571868896,0.4443329970041911,0.46319091816743213,0.10407210638125737,0.07638209934035937,0.5379697581132253,0.5308646758397421,0.2913622309764226,7.757101232215561,30.568342366212335,-0.05690317243581037,0.0,0.0
ES2003c,890,0.6394336620966593,0.3427785535653432,0.4549536307652791,0.12974326312541962,0.06807643050948779,0.44730231165885925,0.5258104304472605,0.1223954123755296,9.757064282672546,34.42623503043462,2.8053018202631854,0.0,0.0
ES2003c,891,0.6963490843772888,0.5908083915710449,0.2889724870522817,0.19866291681925455,0.12816819548606873,0.4249706268310547,0.4973859190940857,0.32517494703643024,8.458659984778636,21.307251686836352,-4.667740293873073,0.0,0.0
ES2003c,892,0.7308112382888794,0.6355654795964559,0.1732484077413877,0.1733422428369522,0.07990022127827008,0.4501707951227824,0.549810508886973,0.23512866472204527,2.885246240127215,12.056738126713734,-8.34910487606409,0.0,0.0
ES2003c,893,0.7107468446095785,0.6323107282320658,0.3953491151332855,0.14696596562862396,0.09139133555193742,0.3367009957631429,0.5167746742566427,0.3917095251381397,6.495351817150738,23.71246633874178,-2.7401722913707123,0.0,0.0
ES2003c,894,0.7026032010714213,0.5239447951316833,0.40602333347002667,0.17003068576256433,0.13724475602308908,0.4188428819179535,0.5370719035466512,0.3200394942735632,14.852734157556595,39.02894666309546,8.149074667595782,0.0,0.0
ES2003c,895,0.704524040222168,0.4634401798248291,0.37467482189337414,0.1235715001821518,0.09209585438172023,0.3624045302470525,0.4627448419729869,0.12168628101547559,17.031807678661295,25.06548708391928,5.397352900867065,0.0,0.0
ES2003c,896,0.755975345770518,0.7356077631314596,0.2183083419998487,0.1040714830160141,0.04623593514164289,0.537363737821579,0.5628341635068258,0.1005405920247237,4.4555022126824735,1.8802309443688197,-4.952225665715758,0.0,0.0
ES2003c,897,0.7725650270779928,0.6330400506655375,0.41657422482967377,0.08958970010280609,0.04023988669117292,0.5379045605659485,0.5110204418500265,0.32773470133543015,1.50467624419639,11.42616406877112,-1.433862876404378,0.0,0.0
ES2003c,898,0.7312051852544149,0.7026127576828003,0.2547756681839625,0.05789236848553022,0.03348107015093168,0.36761317650477093,0.44847744703292847,0.3076147784789403,1.8640550980133284,-6.97393523284471,-4.497212279595821,0.0,0.0
ES2003c,899,0.5073067843914032,0.28044677277406055,0.48715688784917194,0.16446044047673544,0.06791238238414128,0.5072776873906454,0.3199283878008525,0.7686907847722372,9.14313834636561,-22.542583444935065,-8.218562656442503,0.0,0.0
ES2003c,900,0.5392644703388214,0.37643100321292877,0.3553704967101415,0.2215228279431661,0.1811663694679737,0.5897213121255239,0.3288934826850891,0.8894626299540201,15.923970683296185,-20.45349777835925,-5.035973955042038,0.0,0.0
ES2003c,901,0.6603195071220398,0.48893706997235614,0.411389817794164,0.2435629963874817,0.16301186879475912,0.4579973518848419,0.3708750605583191,0.7322609821955363,16.293328264140644,-6.378519817635286,-4.844824378372963,0.0,0.0
ES2003c,902,0.6355662147204081,0.5352718333403269,0.5653757651646932,0.0778069905936718,0.040718451142311096,0.3917387475570043,0.42637287576993305,0.6092443925638994,12.773835746001653,1.2247465625502336,-1.8568553859030015,0.0,0.0
ES2003c,903,0.6406176090240479,0.5668829083442688,0.7188907265663147,0.34147119522094727,0.23585976908604303,0.4969990750153859,0.3668851951758067,0.9279836018880209,8.382498117303031,-4.562527256662872,-2.543438382443681,0.0,0.0
ES2003c,904,0.6739747722943624,0.5272577504316965,0.3174366354942322,0.367261677980423,0.20454573134581247,0.24573582907517752,0.25748078028361004,0.9645267128944397,7.146520191682431,3.536787877459997,-0.7950855306301469,0.0,0.0
ES2003c,905,0.6296766797701517,0.42506355543931323,0.3698357691367467,0.31756960103909176,0.3066967874765396,0.4392979294061661,0.3187236338853836,0.965314785639445,6.243295227917784,4.278366458177691,-1.7083499612172426,0.0,0.0
ES2003c,906,0.6752933263778687,0.5565708378950754,0.2392838497956594,0.6718252499898275,0.6832594275474548,0.3816794405380885,0.25332481662432355,0.999692420164744,5.667589224803795,-2.35352329509675,0.08822957670407526,0.0,0.0
ES2003c,907,0.7372748653093973,0.5859062274297079,0.25306298832098645,0.6206059157848358,0.5466511448224386,0.4509339431921641,0.2274022251367569,0.9977265397707621,3.6159488102652646,0.9077679000999206,-1.0553562330368833,0.0,0.0
ES2003c,908,0.7411776383717855,0.6851359009742737,0.17569229006767273,0.09709872553745906,0.06703752651810646,0.5282282829284668,0.4370446701844533,0.78012948234876,2.3184129202797714,0.8393276101542056,-3.8908845606908997,0.0,0.0
ES2003c,909,0.6776107549667358,0.6164394120375315,0.28532761583725613,0.24214106301466623,0.3075045980513096,0.5066424508889517,0.36692269643147785,0.912004292011261,2.112356478021433,-3.6595306726630716,-4.20853570607743,0.0,0.0
ES2003c,910,0.5763411819934845,0.43293657898902893,0.4329184790452321,0.315943107008934,0.2631675104300181,0.6089710096518198,0.41818390289942425,0.8657476504643759,5.515238827616488,-1.9450600663958157,-3.1559935501793768,0.0,0.0
ES2003c,911,0.6685668031374613,0.5951517224311829,0.3190472324689229,0.6727370619773865,0.7825456658999125,0.4497296412785848,0.3212556441624959,0.9945606390635172,3.002216989126938,-3.9969458595988443,-1.5713472001905526,0.0,0.0
ES2003c,912,0.585387647151947,0.5219578246275584,0.3048044989506404,0.3029526124397914,0.2854788800080617,0.44121264417966205,0.37398528059323627,0.7953559756278992,-0.6404111797113599,-3.4663533079118554,-0.386747956725032,0.0,0.0
ES2003c,913,0.6123699247837067,0.43542290727297467,0.25586601346731186,0.41510599354902905,0.5139120668172836,0.47468410929044086,0.265437771876653,0.9888109167416891,4.173759413872944,-5.185323842243304,2.515122892250217,0.0,0.0
ES2003c,914,0.6030847827593485,0.53887739777565,0.30233560999234516,0.41751891871293384,0.45284578452507657,0.49025577306747437,0.3419203460216522,0.9927537639935812,5.434138491315639,-0.4628930141168988,1.0405149118645454,0.0,0.0
ES2003c,915,0.8386681079864502,0.8427935043970743,0.14430377135674158,0.07410798966884613,0.05993871142466863,0.33560115098953247,0.4961261550585429,0.6562053586045901,5.228158878658553,1.140797820899876,4.74472100001276,0.0,0.0
ES2003c,916,0.8843149940172831,0.7960615158081055,0.2812606195608775,0.07444893692930539,0.040111836045980453,0.3982337812582652,0.45315128564834595,0.7989916801452637,6.90330589433231,-0.9299516790950627,2.8005070174709696,0.0,0.0
ES2003c,917,0.8565743962923685,0.7842080195744833,0.11577715228001277,0.06679725895325343,0.045327009012301765,0.40427189071973163,0.43674108386039734,0.5582434435685476,4.814732234985242,-0.7954104749250203,-0.4304940088016474,0.0,0.0
ES2003c,918,0.6275927225748698,0.40004993478457135,0.2823994755744934,0.08140443017085393,0.037411849945783615,0.5265237291653951,0.41151561339696247,0.4174094945192337,4.829059976757839,-8.170591969738213,-7.652166930786767,0.0,0.0
ES2003c,919,0.5759576857089996,0.33775149782498676,0.5086532334486643,0.0633765198290348,0.04737905599176884,0.3122760554154714,0.3327286144097646,0.6139759781459967,4.048898036445284,-9.023306559428095,-7.042066201689824,0.0,0.0
ES2003c,920,0.6348515152931213,0.46382376551628113,0.4578450471162796,0.09269419188300769,0.046083872516949974,0.5141562024752299,0.36181137959162396,0.9668722351392111,5.804662397113501,-7.280596309290698,-9.441709222323373,0.0,0.0
ES2003c,921,0.6315996845563253,0.6011302272478739,0.2701604316631953,0.08095909655094147,0.09672708933552106,0.42673492431640625,0.3190523485342662,0.9196502566337585,8.613247708197107,-6.33608806213294,-13.741923696497317,0.0,0.0
ES2003c,922,0.6751871109008789,0.6023143927256266,0.34343001743157703,0.21641945590575537,0.17306153600414595,0.3817094763120015,0.3651334245999654,0.8655428290367126,10.745042347106297,-9.330717015236695,-10.529228780569882,0.0,0.0
ES2003c,923,0.6843164563179016,0.576539138952891,0.40286410599946976,0.17355728894472122,0.20384631492197514,0.39204491178194684,0.4126039346059163,0.9725778897603353,7.316665581550978,-8.325115116537381,-11.10211223721965,0.0,0.0
ES2003c,924,0.7183687090873718,0.63230961561203,0.32292237877845764,0.07423361142476399,0.06556393827001254,0.5294417838255564,0.46423640847206116,0.6601045330365499,7.3350289131167665,-7.143273499486732,-9.237193253191649,0.0,0.0
ES2003c,925,0.5948400894800822,0.5090027004480362,0.4844772219657898,0.10659461716810863,0.052179865539073944,0.5512329836686453,0.43431636691093445,0.9365992546081543,6.82261578504173,-9.059060142390997,-6.6386377462184605,0.0,0.0
ES2003c,926,0.6266804734865824,0.476774940888087,0.36119527121384937,0.10856732726097107,0.04431418205300967,0.6236899296442667,0.4086584746837616,0.5676652789115906,9.71815721864216,-9.470856692252758,-2.3122546807339464,0.0,0.0
ES2003c,927,0.6094312866528829,0.39608824253082275,0.45525355140368146,0.11381473143895467,0.13467410827676454,0.40854278206825256,0.2797299971183141,0.9867938359578451,10.853718456900205,-11.453281381588141,-1.3922296785904376,0.0,0.0
ES2003c,928,0.6950057049592336,0.44915981590747833,0.39506059885025024,0.06617645422617595,0.03071730025112629,0.47437342007954914,0.448694109916687,0.7611305713653564,6.655351947056914,-13.371581982089241,-4.761904072699545,0.0,0.0
ES2003c,929,0.7654386957486471,0.698951244354248,0.3954711506764094,0.052464257925748825,0.028498085215687752,0.44137054681777954,0.4294319450855255,0.9619101285934448,5.8400423336333676,-3.3980760791563447,0.3853881565024926,0.0,0.0
ES2003c,930,0.8021443486213684,0.748278538386027,0.18609952926635742,0.05461888636151949,0.03092985724409421,0.6115883588790894,0.4205244978268941,0.8909216324488322,3.9098087975642106,-3.1300671884618656,2.100925831083231,0.0,0.0
ES2003c,931,0.8174283504486084,0.7488811413447062,0.25735218326250714,0.06729581827918689,0.027938876921931904,0.6446406046549479,0.3929970959822337,0.9409302671750387,5.861619407070662,-2.86534975171751,1.7377364873576149,0.0,0.0
ES2003c,932,0.846339742342631,0.752283771832784,0.20848209162553152,0.05517768611510595,0.02861165131131808,0.6212103764216105,0.43862290183703107,0.93508380651474,4.945220867896718,-3.5576945311064487,1.7446276028172285,0.0,0.0
ES2003c,933,0.8052836060523987,0.6650761961936951,0.2770104606946309,0.055004484951496124,0.030518258611361187,0.5568175911903381,0.4670673608779907,0.7162661552429199,5.262160152645424,-0.6675372703031236,1.7773000216381216,0.0,0.0
ES2003c,934,0.8123069206873575,0.6875359217325846,0.2088407501578331,0.0543667326370875,0.029680320372184116,0.5227873226006826,0.4482508401075999,0.4889828364054362,4.820677797195427,-0.9834666009797983,2.220970973870425,0.0,0.0
ES2003c,935,0.8520182768503824,0.7833326458930969,0.23677508533000946,0.05328134447336197,0.02399393357336521,0.5988450447718302,0.4351160228252411,0.9691874583562216,3.943224146177849,-2.777875276002598,2.265174961369263,0.0,0.0
ES2003c,936,0.862541933854421,0.7705676356951395,0.2090640366077423,0.054515564193328224,0.014502368246515593,0.676679790019989,0.4310760696729024,0.9530525604883829,3.976157504163797,-2.6538842968290846,2.453627907242421,0.0,0.0
ES2003c,937,0.8562998572985331,0.8622966210047404,0.21024932463963827,0.05131575589378675,0.015021376001338163,0.522724856932958,0.4122224946816762,0.8552894989649454,3.5188518117178647,-3.4240495171509955,2.5669798144521163,0.0,0.0
ES2003c,938,0.8087254563967387,0.7237260540326437,0.19169325629870096,0.055985438326994576,0.021403052223225433,0.6596030195554098,0.4269628624121348,0.9057768781979879,4.182435461032349,-2.4490291864755975,3.814031915447563,0.0,0.0
ES2003c,939,0.8082918326059977,0.621094286441803,0.21973209579785666,0.052616542826096215,0.01640814480682214,0.4943469862143199,0.45263023177782696,0.8833446105321249,4.133367227927302,-2.4758523281419573,4.384013335471441,0.0,0.0
ES2003c,940,0.7863609393437704,0.6344204147656759,0.1398306836684545,0.05006168534358343,0.017743888621528942,0.6844557722409567,0.46275705099105835,0.8007648984591166,3.3787249126718475,-3.0348865545947414,4.487821982320522,0.0,0.0
ES2003c,941,0.7375040849049886,0.715476910273234,0.15133975694576898,0.0477344145377477,0.016828300120929878,0.5210774838924408,0.4761844575405121,0.7045424183209738,2.8719684757629125,-2.4426164964899093,4.532935590794894,0.0,0.0
ES2003c,942,0.7490083773930868,0.7112378478050232,0.24461943904558817,0.04720025509595871,0.01777538936585188,0.6222175359725952,0.48529813687006634,0.7616724769274393,2.913712882260351,-2.398099680697302,3.886160552098307,0.0,0.0
ES2003c,943,0.8094461957613627,0.7792898217837015,0.3325666586558024,0.05194126566251119,0.016358535426358383,0.6762783924738566,0.4872769812742869,0.829501748085022,3.235283708551894,-2.726636565299968,4.086666229344192,0.0,0.0
ES2003c,944,0.8431390325228373,0.7580686410268148,0.2963756521542867,0.053737143675486244,0.014036159651974836,0.6098980108896891,0.47679198781649273,0.9523688753445944,3.3704071829275377,-2.5720126235609944,4.072401546391351,0.0,0.0
ES2003c,945,0.8136692047119141,0.8389081756273905,0.3285486300786336,0.056496262550354004,0.013745737262070179,0.47317298253377277,0.49557584524154663,0.9628297289212545,2.887919438710893,-2.089515563637427,3.4568934836885474,0.0,0.0
ES2003c,946,0.8453169067700704,0.815800686677297,0.3720785677433014,0.05326886475086212,0.01358116821696361,0.5903561611970266,0.44606633981068927,0.9738307197888693,3.5123634130202714,-2.7838415063826862,3.0466598866263155,0.0,0.0
ES2003c,947,0.8256237109502157,0.793470541636149,0.29138994713624317,0.054148158679405846,0.01567640497038762,0.6135693987210592,0.44806937376658124,0.6336375968530774,3.5453963989502477,-3.0250796618008375,3.126730635516419,0.0,0.0
ES2003c,948,0.8133935928344727,0.7878588835398356,0.19710260878006616,0.05501909554004669,0.01860043654839198,0.6774084369341532,0.45831383268038434,0.32099563876787823,3.695472579685985,-2.1589539441447188,2.8350048125895495,0.0,0.0
ES2003c,949,0.6796650290489197,0.6701778670152029,0.18355966359376907,0.04769632344444593,0.016726902996500332,0.5019254485766093,0.4525603751341502,0.09282599886258443,-7.563097577378438,-0.3285897044586756,1.9066919754316645,0.0,0.0
ES2003c,950,0.5215630630652109,0.47644785046577454,0.1702903856833776,0.044485447307427727,0.01692626190682252,0.28139670193195343,0.4575277268886566,0.04258427342089514,-12.395092151657579,-0.06098531621326764,2.14761933269425,0.0,0.0
ES2003c,951,0.719101627667745,0.5305721759796143,0.17342710743347803,0.04891968766848246,0.024165332627793152,0.45394450426101685,0.4764021734396617,0.17188580706715584,-12.707297634367803,2.3751591587430547,-1.8076978322386859,0.0,0.0
ES2003c,952,0.6403836011886597,0.5174862146377563,0.16842105984687805,0.052083669851223625,0.027448095381259918,0.5373560686906179,0.5545814832051595,0.2885928774873416,-14.380140846101241,4.0366753131665805,-5.235927794581552,0.0,0.0
ES2003c,953,0.5600178837776184,0.5726508895556132,0.3936863938967387,0.05323449522256851,0.02086773452659448,0.5107650558153788,0.4100344479084015,0.8816519776980082,4.0504571853959535,-3.6382756431401284,-2.8703204948508794,0.0,0.0
ES2003c,954,0.560785154501597,0.4365384678045909,0.3834415872891744,0.04248172417283058,0.019695986683170002,0.47343673308690387,0.40359336137771606,0.36422960460186005,3.0412628176728416,-6.487215480546415,-3.6503374416663443,0.0,0.0
ES2003c,955,0.4004763464132945,0.24507503708203635,0.40703611572583515,0.07180068145195644,0.025580931454896927,0.47790013750394184,0.33950401345888775,0.2659788529078166,1.5162046855642624,-24.801040419523677,-15.79297892395554,0.0,0.0
ES2003c,956,0.3588099976380666,0.21726792305707932,0.19674400488535562,0.10168195143342018,0.053812894970178604,0.3037952284018199,0.23388883471488953,0.24412104114890099,2.9719579963242206,-10.371628978009605,-13.607816048884915,0.0,0.0
ES2003c,957,0.4729379415512085,0.43109552065531415,0.19891121983528137,0.05786810566981634,0.055247750133275986,0.18146144847075144,0.2053675353527069,0.5733212431271871,3.5404993994762024,-6.288871069518321,-12.039635778931782,0.0,0.0
ES2003c,958,0.6818873683611552,0.6179030040899912,0.3825269391139348,0.05725786586602529,0.015857089931766193,0.3751372694969177,0.3941426972548167,0.6368502900004387,9.78187527183985,-5.365859965795658,-4.008923616499892,0.0,0.0
ES2003c,959,0.7575962146123251,0.7755319873491923,0.23295425872008005,0.05520561834176382,0.015469669053951899,0.5610742469628652,0.43565478920936584,0.7714362343152364,6.0761134196378075,-2.3081028809548,3.5513338932173544,0.0,0.0
ES2003c,960,0.7334183851877848,0.6964921951293945,0.216855655113856,0.04591929167509079,0.013195769861340523,0.5499785244464874,0.4732379416624705,0.5235857764879862,1.3271666389005066,-1.2784435274862262,2.7257441716942665,0.0,0.0
ES2003c,961,0.7605009277661642,0.7115164001782736,0.11188956846793492,0.04189199581742287,0.015267643456657728,0.41658275326093036,0.48144686222076416,0.1545662513623635,-3.0867530417722953,-0.7966415419043077,2.7154285055716287,0.0,0.0
ES2003c,962,0.7568181753158569,0.6971750855445862,0.13408194979031882,0.041700957963864006,0.019565536330143612,0.2779366423686345,0.4839134116967519,0.22540814677874246,-4.903477847387299,-0.9304919172041699,2.826715783288156,0.0,0.0
ES2003c,963,0.758504847685496,0.6620433727900187,0.14703780909379324,0.04195652032891909,0.013298078750570616,0.3938795377810796,0.48108628392219543,0.3198412706454595,-6.265732867356715,0.0793369094829008,1.9855283866636892,0.0,0.0
ES2003c,964,0.6339628795782725,0.5912892818450928,0.2160081813732783,0.04316813747088114,0.01539748286207517,0.2434749553600947,0.4522487719853719,0.24910038461287817,-0.19268152183638584,1.1433069318680265,3.4513603072936587,0.0,0.0
ES2003c,965,0.5258799393971761,0.29656531910101575,0.5153212249279022,0.09839922934770584,0.026034946863849957,0.4226379692554474,0.3891703387101491,0.13214201480150223,-1.9542148674758686,8.574749348644596,-4.007524570191384,0.0,0.0
ES2003c,966,0.6825889746348063,0.39030149579048157,0.3964996337890625,0.10289983203013738,0.04786316677927971,0.3197934130827586,0.4136996765931447,0.2904295042778055,7.12323383155817,21.094612887802512,2.3019306115999316,0.0,0.0
ES2003c,967,0.7255929112434387,0.41743578513463336,0.3579987088839213,0.11355902254581451,0.08400435621539752,0.34267158309618634,0.410904457171758,0.2973592672497034,8.513827843699483,20.42425190371237,1.6136810220571502,0.0,0.0
ES2003c,968,0.7723739941914877,0.5938212076822916,0.3988647560278575,0.12852615118026733,0.06359885136286418,0.3911669850349426,0.43955063819885254,0.5456503828366598,7.48684122400421,16.63642538126268,1.4501475624191384,0.0,0.0
ES2003c,969,0.5950104494889578,0.36946094532807666,0.29061469932397205,0.0835225482781728,0.04460162172714869,0.3538587987422943,0.360011488199234,0.34225383152564365,2.3509217828396194,-5.364605438112339,-3.375946043500915,0.0,0.0
ES2003c,970,0.4165191849072774,0.17960424721240997,0.41757112741470337,0.10066369672616322,0.04980040341615677,0.6220269401868185,0.35568809509277344,0.245126209842662,1.459358577984167,-27.158050050444775,-7.730864572928799,0.0,0.0
ES2003c,971,0.5429533620675405,0.304227814078331,0.26236849029858905,0.08709951490163803,0.03749115082124869,0.6080048183600107,0.3525707225004832,0.03331673773936927,0.48043634792542633,-18.80258271896531,-7.237051418387047,0.0,0.0
ES2003c,972,0.6763338247934977,0.5189941028753916,0.1503123864531517,0.075800405194362,0.053425230706731476,0.484594722588857,0.46131078402201336,0.03813428323095044,-1.9776255420687259,3.383788171109458,-6.263013152223077,0.0,0.0
ES2003c,973,0.6478942433993021,0.5210792720317841,0.2193129062652588,0.05603743717074394,0.022108645799259346,0.5324056545893351,0.5768706401189169,0.0449441047385335,-5.336883561480299,-2.3311817983989678,-8.490722311506689,0.0,0.0
ES2003c,974,0.5237037539482117,0.37826887766520184,0.3619971126317978,0.05847557385762533,0.022896382647256058,0.34649339814980823,0.37938304742177326,0.041543763130903244,-8.75014552433082,-9.50363326786473,-7.6011836618134305,0.0,0.0
ES2003c,975,0.5672562917073568,0.3234689235687256,0.44961467385292053,0.06974770873785019,0.030497288952271145,0.284076064825058,0.2813232938448588,0.27744310597578686,-2.8658864243228934,-18.700975313021363,-6.622887276002473,0.0,0.0
ES2003c,976,0.501323531071345,0.3112817009290059,0.2779512157042821,0.07086340710520744,0.0290274644891421,0.3152514447768529,0.3880087435245514,0.19296813011169434,2.41588679234027,-16.576583502755373,-3.501378522015876,0.0,0.0
ES2003c,977,0.6796644528706869,0.6065324048201243,0.266182745496432,0.09619130070010821,0.06825666377941768,0.5532406270503998,0.4903833369414012,0.04213639348745346,2.6346193273856495,-1.5090949142841197,0.06881211175847923,0.0,0.0
ES2003c,978,0.7442184289296468,0.5929251313209534,0.1406656155983607,0.09667942424615224,0.057590387451152004,0.41934457421302795,0.47185702125231427,0.05314170258740584,5.060725119528949,6.645136400611176,3.752414354580916,0.0,0.0
ES2003c,979,0.7432136336962382,0.5080178678035736,0.2916909505923589,0.0946911374727885,0.041716607908407845,0.37927453219890594,0.5212031900882721,0.10465710734327634,6.771911953448185,14.317881734694252,4.665386256829524,0.0,0.0
ES2003c,980,0.6683827737967173,0.5026385386784872,0.2598790377378464,0.10214848071336746,0.039542486891150475,0.32337450981140137,0.4231955210367839,0.05209903201709191,6.525829075361794,-5.42875253233354,-0.9327260737816315,0.0,0.0
ES2003c,981,0.5306479831536611,0.28107773264249164,0.33955805500348407,0.10184480746587117,0.048605404794216156,0.2972053239742915,0.33292428652445477,0.17410380889972052,7.244594941431083,-27.31658643517277,-3.362130678519261,0.0,0.0
ES2003c,982,0.547053337097168,0.3496731122334798,0.2310435970624288,0.206086998184522,0.14319914331038794,0.3532632688681285,0.4089413384596507,0.781349798043569,17.803225944887945,-18.941381016426888,1.3785734821462465,0.0,0.0
ES2003c,983,0.45383838812510174,0.21286763747533163,0.3364955981572469,0.14971085886160532,0.07293904324372609,0.6233377059300741,0.4350251853466034,0.15803435817360878,9.908483909291446,-17.72978543346787,1.6269372279442613,0.0,0.0
ES2003c,984,0.4897841413815816,0.3123330771923065,0.4239661196867625,0.16883786022663116,0.08320579056938489,0.49683770537376404,0.3256204624970754,0.732749859491984,9.223693481826867,-22.669719025339436,0.02439972593398269,0.0,0.0
ES2003c,985,0.48118547598520917,0.3592836062113444,0.3209514816602071,0.14108064025640488,0.06601479773720105,0.6197324097156525,0.39687920610109967,0.5581009785334269,12.968650562996936,-26.431263674063114,-2.833621247096343,0.0,0.0
ES2003c,986,0.45324915647506714,0.3091501494248708,0.42263562480608624,0.13784227271874747,0.049325170616308846,0.36993735531965893,0.4727981785933177,0.1229872964322567,9.967722727339357,-26.845563759006513,-10.113143967907142,0.0,0.0
ES2003c,987,0.4650531013806661,0.4281003773212433,0.2224563161532084,0.17831192910671234,0.11623418827851613,0.6311628421147665,0.4545546968777974,0.24154131611188254,10.240831606214547,-22.0505872864951,-8.949411289422102,0.0,0.0
ES2003c,988,0.4835638701915741,0.3465283513069153,0.3304361005624135,0.1635186324516932,0.10126412908236186,0.7336491743723551,0.3680405219395955,0.4432441641887029,8.037713491273236,-20.07311166233608,-2.9892130650863655,0.0,0.0
ES2003c,989,0.5576102534929911,0.4176395038763682,0.3893644909063975,0.1314006969332695,0.06292649979392688,0.6315200527509054,0.3643110891183217,0.6444821407397588,5.478924201032046,-16.535931503843305,-6.5192960352139435,0.0,0.0
ES2003c,990,0.5979269941647848,0.3332192152738571,0.3921929895877838,0.10216708729664485,0.05136922001838684,0.480695515871048,0.32051166892051697,0.3989981735746066,3.8499511278031258,-14.68024409947621,-6.26865789193869,0.0,0.0
ES2003c,991,0.4554612934589386,0.519332081079483,0.310947706302007,0.04700476676225662,0.030714502558112144,0.23206190764904022,0.6055001219113668,0.4623940785725911,-21.728472057156825,0.2818887928364247,-0.6696110027087946,0.0,0.0
ES2003c,992,0.518144557873408,0.49727102120717365,0.29507119456926983,0.049415502697229385,0.02574730571359396,0.49270468950271606,0.5369008978207906,0.3369245206316312,-7.823251834879517,1.7628707549950837,6.794565890195066,0.0,0.0
ES2003c,993,0.7038714090983073,0.6641817092895508,0.27066712578137714,0.05190225690603256,0.01903909134368102,0.42374012370904285,0.49246517817179364,0.12978846952319145,8.1109186934309,5.379503817040334,10.499298574178066,0.0,0.0
ES2003c,994,0.6615141034126282,0.7056310574213663,0.15725098550319672,0.05194969599445661,0.02284645413359006,0.28090615570545197,0.4906633098920186,0.016643244152267773,8.20350827799842,3.8807789945673896,10.581881066733812,0.0,0.0
ES2003c,995,0.6695424516995748,0.6548904776573181,0.18007566034793854,0.048114389181137085,0.019044078265627224,0.407740851243337,0.5002095897992452,0.03831202412645022,6.961189360484522,4.1555459053364565,10.845177255616063,0.0,0.0
ES2003c,996,0.719844381014506,0.7343425353368124,0.20886398355166116,0.05180193608005842,0.01730255534251531,0.4443157911300659,0.483944704135259,0.010807789862155914,8.35261943713754,3.585932234661479,10.144966317728189,0.0,0.0
ES2003c,997,0.6939436594645182,0.6161681811014811,0.19499212503433228,0.04741400976975759,0.02166616978744666,0.4153273602326711,0.5050921142101288,0.031034049888451893,8.485276510374463,3.511137403763099,10.242131271849319,0.0,0.0
ES2003c,998,0.7308053175608317,0.6620503067970276,0.18400732924540839,0.05409606794516245,0.021729425216714542,0.5642595688501993,0.5019660294055939,0.1103368711968263,8.619192559654552,3.8261126173218467,9.076683857710073,0.0,0.0
ES2003c,999,0.4033748110135396,0.5292794307072958,0.1496877521276474,0.05451145023107529,0.0443951648970445,0.3612128496170044,0.5025176405906677,0.028854033909738064,1.7174341621631644,2.950142483462717,6.3177391074298015,0.0,0.0
ES2003c,1000,0.5446781516075134,0.4919915695985158,0.2192478527625402,0.04746628304322561,0.02518447736899058,0.41454456249872845,0.5293904840946198,0.062070298939943314,0.5956238457900677,3.71699401759104,8.468905834400966,0.0,0.0
ES2003c,1001,0.5541637043158213,0.5445578495661417,0.1548419271906217,0.05588505292932192,0.025285191213091213,0.5248884558677673,0.5125916004180908,0.008932469529099762,5.337585902829559,5.955269381676492,8.977902015665391,0.0,0.0
ES2003c,1002,0.4366738001505534,0.47814177473386127,0.23674371341864267,0.05059419944882393,0.027608344952265423,0.557343324025472,0.47664956251780194,0.02713398076593876,5.372820475752693,4.740543234949758,8.497702601046402,0.0,0.0
ES2003c,1003,0.5879446963469187,0.5221070051193237,0.15222624192635217,0.0476684495806694,0.019458633847534657,0.5172271927197775,0.4685975710550944,0.0872043992082278,4.656140896441921,1.457696314813636,7.494029370482953,0.0,0.0
ES2003c,1004,0.5507707794507345,0.35948194563388824,0.3133343532681465,0.06660792728265126,0.030932928745945294,0.5702726542949677,0.44037605325380963,0.7044467230637869,13.329821185939522,-13.164960497130801,-12.265074068474789,0.0,0.0
ES2003c,1005,0.5320778489112854,0.23702637354532877,0.4779627025127411,0.08161615083614986,0.046096526086330414,0.41336551308631897,0.33174873391787213,0.98467089732488,13.730338610875137,-23.28911655678496,-21.498077137924582,0.0,0.0
ES2003c,1006,0.741021732489268,0.2840184470017751,0.46552085876464844,0.10681040585041046,0.06565651670098305,0.39592984815438587,0.433205525080363,0.28450510402520496,4.441759393492587,23.914209228486357,-1.8886285955359037,0.0,0.0
ES2003c,1007,0.7217104832331339,0.3214254081249237,0.5259816149870554,0.11007343232631683,0.08659726629654567,0.44037409623463947,0.46470356980959576,0.3597271032631397,6.091581976608648,23.628629307722154,-1.4503375717748044,0.0,0.0
ES2003c,1008,0.8019561568895975,0.5028848052024841,0.4184471070766449,0.12816312412420908,0.11572843541701634,0.3318641483783722,0.4712875386079152,0.0897690833856662,6.70929178798347,24.86639496059159,-1.355997548863849,0.0,0.0
ES2003c,1009,0.6696385145187378,0.37654415269692737,0.41651339332262677,0.1195630207657814,0.11038901284337044,0.5165713628133138,0.49509193499883014,0.07247319196661313,3.2126137387086504,23.989125771836814,-2.4163874369497047,0.0,0.0
ES2003c,1010,0.5502444307009379,0.22299651304880777,0.3905070275068283,0.09825039654970169,0.047490138560533524,0.3856509327888489,0.3792064388593038,0.16943369215975204,-2.235877433322307,21.946513558696154,-3.4963438353368814,0.0,0.0
ES2003c,1011,0.5084033012390137,0.23713141679763794,0.400235652923584,0.08708527187506358,0.034631686906019844,0.2142292062441508,0.40988648931185406,0.5084253698587418,-2.3576798393676275,21.636464029609467,-4.155819746616935,0.0,0.0
ES2003c,1012,0.5728166302045187,0.32572514812151593,0.38726020852724713,0.11555921783049901,0.05833387623230616,0.48571203152338666,0.4167356789112091,0.5263789097468058,-2.460580826801945,22.428487340623448,-4.366592700972778,0.0,0.0
ES2003c,1013,0.5649634599685669,0.28400052587191266,0.48245810468991596,0.11751214787364006,0.06575670465826988,0.3555496732393901,0.4202419916788737,0.23451713224252066,-2.515204704968878,21.6453914376813,-4.071637948466885,0.0,0.0
ES2003c,1014,0.5913124481836954,0.3665430545806885,0.40083392957846325,0.1259449745217959,0.06949755425254504,0.3582249979178111,0.4599603811899821,0.21013669824848571,-2.707538083001708,22.30638538134581,-5.607915657229367,0.0,0.0
ES2003c,1015,0.6131243109703064,0.33704639474550885,0.49080804983774823,0.13517293830712637,0.10183528314034145,0.29494550824165344,0.4679754277070363,0.18848962895572186,-1.6774396808430518,21.696582629661787,-4.868729968030899,0.0,0.0
ES2003c,1016,0.6313107411066691,0.25743162135283154,0.39214924971262616,0.12641225010156631,0.08906136453151703,0.30696867406368256,0.4156300922234853,0.08477395089964072,-1.9660057371267572,21.482202624132224,-5.585958410242508,0.0,0.0
ES2003c,1017,0.6056774159272512,0.3986246685187022,0.21492668489615122,0.1323646605014801,0.09102611740430196,0.3009074181318283,0.513850748538971,0.06494553666561842,0.17367346404551723,16.97832505510035,-7.733550636774299,0.0,0.0
ES2003c,1018,0.7116566697756449,0.6261821786562601,0.34021182854970294,0.12124364574750264,0.04511381809910139,0.3007024625937144,0.47752800583839417,0.24870238080620766,1.190663245694464,3.3682856555160074,-8.326141752087004,0.0,0.0
ES2003c,1019,0.7285781105359396,0.3943304419517517,0.37710675100485486,0.11637445042530696,0.04531460131208102,0.424437274535497,0.499033659696579,0.17538854107260704,3.84296919745613,7.435858948806941,-4.777830126646178,0.0,0.0
ES2003c,1020,0.6604095498720804,0.40108856558799744,0.28775563339392346,0.14096264292796454,0.0731977807978789,0.5735297103722891,0.4862152934074402,0.07508809926609199,5.912448371338999,19.650346490219274,-2.0666007494966383,0.0,0.0
ES2003c,1021,0.6824461221694946,0.354434331258138,0.5164965589841207,0.11975422253211339,0.08126353099942207,0.42775023976961773,0.4244460165500641,0.4079755935817957,4.4667183546704665,22.66171704240294,-1.7171643540095272,0.0,0.0
ES2003c,1022,0.7296115756034851,0.337413489818573,0.5051260391871134,0.13051786770423254,0.10426660875479381,0.3623461127281189,0.45556409160296124,0.24248693883419037,2.1424471891273327,22.261593903205263,-2.761038733427093,0.0,0.0
ES2003c,1023,0.720396101474762,0.35399966438611347,0.470252404610316,0.15280978878339133,0.07995399336020152,0.2198218653599421,0.42334266503651935,0.10021393094211817,4.354879868172228,20.679380906375183,-1.9499739705603145,0.0,0.0
ES2003c,1024,0.7178672552108765,0.4641690750916799,0.5084014137585958,0.1287920003135999,0.06920205429196358,0.2968810548384984,0.44356967012087506,0.5455856112142404,7.047153239963646,20.629191003893553,-2.399297162422171,0.0,0.0
ES2003c,1025,0.7354553937911987,0.4456471800804138,0.31314708789189655,0.12351934611797333,0.07529492676258087,0.25355054438114166,0.44300427039464313,0.31474658846855164,7.678166970556394,23.209767258651453,-2.501528750814829,0.0,0.0
ES2003c,1026,0.6525016029675802,0.35426409045855206,0.37798553705215454,0.10671601444482803,0.06701137063403924,0.3127696265776952,0.5083276232083639,0.3752841502428055,14.628098601032356,38.39789314066042,9.756786540806177,0.0,0.0
ES2003c,1027,0.5985092222690582,0.37464920183022815,0.36562731365362805,0.16788932184378305,0.18004277224342027,0.48953476548194885,0.37262957294782,0.8065445025761923,28.125568950553987,65.6832565771004,29.927062644306357,0.0,0.0
ES2003c,1028,0.6673527161280314,0.5887603461742401,0.3472726047039032,0.06429839879274368,0.05537374193469683,0.3306385626395543,0.4533681074778239,0.38037803086141747,16.08716764668932,20.070701849575855,10.988305168937634,0.0,0.0
ES2003c,1029,0.7661725083986918,0.5671538958946863,0.3276521364847819,0.07936403155326843,0.06545508404572804,0.20564395189285278,0.5342561503251394,0.35168165899813175,4.554728192286487,-9.800057806228223,-5.407350373623939,0.0,0.0
ES2003c,1030,0.6533157229423523,0.6120811700820923,0.3676745320359866,0.061441960434118904,0.03216441720724106,0.13943673421939215,0.46673423051834106,0.13909077644348145,1.2406509238822687,-7.017339690553398,-5.212402020147741,0.0,0.0
ES2003c,1031,0.5821893016497294,0.3689102232456207,0.3658061623573303,0.09184777860840161,0.07418346280852954,0.4071076114972432,0.4125954608122508,0.5382234156131744,3.342155143111478,-0.36694794085112764,-1.9559601167057208,0.0,0.0
ES2003c,1032,0.585840622584025,0.5532351632912954,0.5483014682928721,0.07474833602706592,0.08892025363941987,0.315909040470918,0.4646272361278534,0.6871286233266195,23.33325729058682,44.8214939869437,24.50414232889929,0.0,0.0
ES2003c,1033,0.4540361662705739,0.1780103693405787,0.3691229820251465,0.2149382159113884,0.1657027726372083,0.32563843826452893,0.4708833297093709,0.866515040397644,41.53685228419244,71.32971001600491,46.128831650210664,0.0,0.0
ES2003c,1034,0.499642938375473,0.2649843593438466,0.620665560166041,0.2122227648893992,0.21001632511615753,0.4420991539955139,0.493704487880071,0.7097986290852228,32.86684016860435,64.83347189078951,36.65796779275599,0.0,0.0
ES2003c,1035,0.6939959327379862,0.46341999371846515,0.5704004069169363,0.12216283629337947,0.07963563005129497,0.45791686077912647,0.4778236250082652,0.7054246862729391,19.265487410520887,57.313593461851525,22.103635890009897,0.0,0.0
ES2003c,1036,0.7051576972007751,0.39101649324099225,0.5301608840624491,0.1646625796953837,0.1268571118513743,0.40494504570961,0.4438830117384593,0.7044126391410828,16.99597722226621,46.9913700522225,15.166587899813962,0.0,0.0
ES2003c,1037,0.5843562285105387,0.3173469752073288,0.571705569823583,0.18298177421092987,0.1442637840906779,0.6041986644268036,0.440601646900177,0.5227138300736746,10.237076921767068,45.44198143795748,10.299875777798691,0.0,0.0
ES2003c,1038,0.5916139483451843,0.38699425260225934,0.5718150933583578,0.10015912850697835,0.047151499738295875,0.5000915626684824,0.4799379309018453,0.5141675472259521,11.302578285912212,52.32151599367535,12.07940348841936,0.0,0.0
ES2003c,1039,0.4790431757767995,0.332878977060318,0.4773550232251485,0.07332827895879745,0.025103788822889328,0.4064651106794675,0.5061995685100555,0.4706284947072466,19.827855309272095,71.30868350675638,23.521234757648063,0.0,0.0
ES2003c,1040,0.38496485352516174,0.16151836762825647,0.4779803554217021,0.1122673898935318,0.0655668464799722,0.3151599019765854,0.552267591158549,0.40961823364098865,32.487082865795365,72.25433802204621,37.4104297472087,0.0,0.0
ES2003c,1041,0.43386001388231915,0.23734507958094278,0.39851488669713336,0.08974036574363708,0.05788376679023107,0.2926786144574483,0.5540893077850342,0.5649712483088175,32.138297840121936,70.99602482900114,37.26891640082983,0.0,0.0
ES2003c,1042,0.45175222555796307,0.21699785689512888,0.5239011943340302,0.07553123931090037,0.04229318847258886,0.41905078291893005,0.5091507136821747,0.30038047581911087,37.11640248616692,70.20046798035743,42.98008323277214,0.0,0.0
ES2003c,1043,0.5305004119873047,0.3126235256592433,0.5029950340588888,0.06665024161338806,0.0324386985351642,0.31009594599405926,0.5071058571338654,0.10159775894135237,37.182739376932,69.48393743257017,43.75701828561697,0.0,0.0
ES2003c,1044,0.46968350807825726,0.18817914774020514,0.4837794452905655,0.11337114373842876,0.06876794931789239,0.4121158917744954,0.5204770068327585,0.46880531311035156,30.51622861539892,66.33237672801127,37.72586620118755,0.0,0.0
ES2003c,1045,0.5513864457607269,0.4890462060769399,0.3834096888701121,0.06406175593535106,0.044844107081492744,0.22741520156462988,0.47372230887413025,0.17203312770773968,8.833440852981015,18.772250298191626,6.44045481487273,0.0,0.0
ES2003c,1046,0.6729298830032349,0.45030707120895386,0.4538516104221344,0.07546251515547435,0.032166234528024994,0.3897254019975662,0.49130704005559284,0.03521526791155338,9.16753535041949,14.678689915520245,3.5833597099611953,0.0,0.0
ES2003c,1047,0.601446787516276,0.401070902744929,0.3173975187043349,0.08709476888179779,0.06422220915555954,0.3885318736235301,0.559521476427714,0.35282774548977613,13.70151783006862,31.17150328520319,10.873260369668628,0.0,0.0
ES2003c,1048,0.6950063109397888,0.4524874687194824,0.4964303473631541,0.18711544076601663,0.11911707123120625,0.20045257111390433,0.5154208342234293,0.20248467537264028,17.132008878384582,21.336474898169126,13.982627079495039,0.0,0.0
ES2003c,1049,0.6998440424601237,0.4794892966747284,0.2198734531799952,0.186558465162913,0.06870475908120473,0.37924089034398395,0.4839988748232524,0.3449866796533267,13.121109824774038,7.01458367183925,11.639250193220429,0.0,0.0
ES2003c,1050,0.5223832329114279,0.21701323986053467,0.5163853069146475,0.0774348055322965,0.02922373761733373,0.3037183533112208,0.3625813027222951,0.351680185024937,2.2395838822828495,-2.8810537677203705,-2.9985575649294396,0.0,0.0
ES2003c,1051,0.5915020207564036,0.3870066702365875,0.3626487006743749,0.08042605717976888,0.04676194364825884,0.2675630698601405,0.37973297635714215,0.061767169584830604,2.3735300573505955,-0.2860047205771039,-6.233478470546667,0.0,0.0
ES2003c,1052,0.5750130414962769,0.3593740115563075,0.32894963522752124,0.0837331513563792,0.052715604503949486,0.19318422675132751,0.3301241099834442,0.14536670843760172,4.485979354077825,-1.8472215881429204,-5.70889284383937,0.0,0.0
ES2003c,1053,0.6175492405891418,0.32576922575632733,0.3635646502176921,0.1332719698548317,0.09305577476819356,0.3059461712837219,0.3656580050786336,0.31609142820040387,6.468724332039372,-2.5625114691269126,-5.549379418764629,0.0,0.0
ES2003c,1054,0.6467360854148865,0.4637337327003479,0.48635831475257874,0.0734165571630001,0.045751391599575676,0.3052723656098048,0.49564985434214276,0.24057320753733316,6.793251289892783,-0.584705310127878,-3.1431785865764503,0.0,0.0
ES2003c,1055,0.3867024779319763,0.24703810115655264,0.3534272809823354,0.07780689001083374,0.05636837830146154,0.4303162892659505,0.3768062988917033,0.9731417496999105,9.855327880132998,-10.657649191190602,-22.254544503086663,0.0,0.0
ES2003c,1056,0.4362907310326894,0.255037064353625,0.3320377767086029,0.09171736240386963,0.05562333017587662,0.36207475264867145,0.4219980339209239,0.9618854522705078,9.198981600406727,-10.99948478175007,-21.266503521232174,0.0,0.0
ES2003c,1057,0.43901631236076355,0.25970574220021564,0.27133238315582275,0.09598023196061452,0.05886273458600044,0.4441249668598175,0.3969028393427531,0.9448695580164591,9.428991078227323,-11.654448303809327,-20.729079986358997,0.0,0.0
ES2003c,1058,0.43478743235270184,0.24784719944000244,0.36280439297358197,0.09943679720163345,0.05280396342277527,0.4414510627587636,0.3724200526873271,0.8853830893834432,9.686821836877945,-12.809122217128325,-22.177403653448323,0.0,0.0
ES2003c,1059,0.4958206315835317,0.23401575783888498,0.3583597441514333,0.103472833832105,0.06688471262653668,0.5683807531992594,0.4502449333667755,0.9656147360801697,11.055319845021094,-13.052217210896288,-24.325856614082635,0.0,0.0
ES2003c,1060,0.4979109565416972,0.24683105945587158,0.3910871148109436,0.09622341146071751,0.06331810106833775,0.5814074675242106,0.4282529850800832,0.9223597645759583,11.423900300434918,-12.843202521480556,-24.017873800954245,0.0,0.0
ES2003c,1061,0.5893819530804952,0.36855946977933246,0.411901851495107,0.0870451753338178,0.06899433334668477,0.46246204773585003,0.4016075034936269,0.9767873684565226,10.577348647395807,-9.39231481886612,-18.52621899361584,0.0,0.0
ES2003c,1062,0.5775776704152426,0.3416009744008382,0.37283971905708313,0.07745946571230888,0.04104019453128179,0.23481269677480063,0.2981436351935069,0.991509755452474,9.613251523763198,-7.34171815369774,-15.666902047631828,0.0,0.0
ES2003c,1063,0.4595475097497304,0.26679443816343945,0.5062706371148428,0.08729689071575801,0.05211659396688143,0.45847204327583313,0.42466025551160175,0.9806053439776102,13.491515964777106,-11.858433774470058,-26.151540928489748,0.0,0.0
ES2003c,1064,0.5838319261868795,0.4316446880499522,0.32060663402080536,0.07428452248374622,0.048363834619522095,0.39449090758959454,0.3728739122549693,0.9864511092503866,10.896413766926065,-7.945492387394242,-16.099747104073654,0.0,0.0
ES2003c,1065,0.5040718217690786,0.34139305353164673,0.4771806796391805,0.0814492218196392,0.04531930387020111,0.3073422263065974,0.3763772447903951,0.9818262855211893,14.136246171915753,-9.569145973279257,-23.095869287112603,0.0,0.0
ES2003c,1066,0.45125965277353924,0.2564348429441452,0.4028213421503703,0.09043799340724945,0.056992492328087486,0.3009589612483978,0.36105239391326904,0.9092008074124655,11.127295559084251,-10.815895812004028,-24.647298230684754,0.0,0.0
ES2003c,1067,0.4847431778907776,0.2664298564195633,0.3855483482281367,0.09356534729401271,0.0419941321015358,0.49768728017807007,0.3756424884001414,0.9890552560488383,10.590885679651688,-12.176440098967149,-20.6682114894592,0.0,0.0
ES2003c,1068,0.5542963147163391,0.28720223903656006,0.5004305938879648,0.08896281818548839,0.06356662139296532,0.4593191246191661,0.32054029901822406,0.9873683651288351,9.657164115758642,-11.381242132592265,-19.091550650635078,0.0,0.0
ES2003c,1069,0.5159160395463308,0.26024767259756726,0.4007118145624797,0.09654551992813747,0.10419699549674988,0.598006139198939,0.3314836124579112,0.9861724972724915,11.456235457654131,-11.516345924556978,-20.476144376483997,0.0,0.0
ES2003c,1070,0.515138198932012,0.32463447252909344,0.4299853245417277,0.08768295496702194,0.07433620343605678,0.4360203544298808,0.34106417496999103,0.9912805755933126,11.746002222205455,-11.426030870596117,-21.657278554151493,0.0,0.0
ES2003c,1071,0.5870506366093954,0.34136849641799927,0.4610430101553599,0.0855113019545873,0.06768463055292766,0.42682238419850665,0.347722460826238,0.987092932065328,10.75421908828045,-9.380655688125104,-16.48200951555538,0.0,0.0
ES2003c,1072,0.6621010700861613,0.5306334495544434,0.45249587297439575,0.10104937106370926,0.04909456893801689,0.5679671963055929,0.36843445897102356,0.9764916300773621,10.739091042732062,-9.720408359120482,-7.368263996458097,0.0,0.0
ES2003c,1073,0.610703726609548,0.4563569625218709,0.4967397650082906,0.09149086723725001,0.04535553604364395,0.44739630818367004,0.3196992079416911,0.9490225116411845,9.842247633928745,-11.711189388228869,1.1516492650448955,0.0,0.0
ES2003c,1074,0.6090182662010193,0.3771579960982005,0.5042963822682699,0.08010003839929898,0.044511051227649055,0.42563624680042267,0.2926675081253052,0.9386105537414551,10.598559825335723,-12.631902528802788,1.2164364719755651,0.0,0.0
ES2003c,1075,0.6500135461489359,0.3512768546740214,0.40646467606226605,0.07997782031695048,0.03055660178263982,0.3070477098226547,0.29574023683865863,0.9742134610811869,10.317478430312935,-13.606512418367743,1.3661913236129528,0.0,0.0
ES2003c,1076,0.6189234256744385,0.38370393713315326,0.43397345145543414,0.0864201287428538,0.036373994002739586,0.24037540952364603,0.29938676953315735,0.966525653998057,9.919122286986989,-13.37491730159283,1.5372210903909842,0.0,0.0
ES2003c,1077,0.5642929077148438,0.3350372115770976,0.46845028797785443,0.10488460212945938,0.04531276226043701,0.533441811800003,0.3416748146216075,0.9651008248329163,9.685427931614443,-13.10025591036257,1.6295269689579133,0.0,0.0
ES2003c,1078,0.5957774122556051,0.37320968012015027,0.41677526632944745,0.08404213314255078,0.04272430700560411,0.5170353253682455,0.3582105040550232,0.9638697703679403,8.954297537327799,-12.42652643992423,0.1021880505666936,0.0,0.0
ES2003c,1079,0.5701924959818522,0.38549569249153137,0.5432178974151611,0.0992552066842715,0.05136391147971153,0.42699020107587177,0.3111158311367035,0.9680335919062296,8.162171504300362,-12.502676504898218,-0.19790953040545714,0.0,0.0
ES2003c,1080,0.6825354099273682,0.5095457037289938,0.4608869751294454,0.11132068932056427,0.0593032551308473,0.4262196520964305,0.34074606498082477,0.9097703893979391,7.625452222044099,-10.400734924067033,-0.2701819171849858,0.0,0.0
ES2003c,1081,0.6108315785725912,0.5064033269882202,0.4082562029361725,0.09627264241377513,0.057064572970072426,0.35890978078047436,0.3011331955591838,0.875694473584493,7.805198380541924,-11.673486770900075,-0.3181247747638097,0.0,0.0
ES2003c,1082,0.7654514312744141,0.6209039986133575,0.27672554552555084,0.1000428522626559,0.041965036342541374,0.371698518594106,0.4192643364270528,0.7732846736907959,5.978701774081884,-9.084077540784959,2.019721788121458,0.0,0.0
ES2003c,1083,0.5521975457668304,0.3449515451987584,0.5195375283559164,0.1831567039092382,0.12109686185916264,0.4348778824011485,0.4257850646972656,0.7749547958374023,14.740744614670268,55.34015805197246,14.545517135767062,0.0,0.0
ES2003c,1084,0.34390150507291156,0.21973907947540283,0.16927689810593924,0.10304944217205048,0.05496674900253614,0.47447530428568524,0.2357349395751953,0.21123655140399933,5.305712811438148,-11.560085576227557,-4.073380249177011,0.0,0.0
ES2003c,1085,0.44141096870104474,0.21322718759377798,0.3465472608804703,0.1136779636144638,0.057128190994262695,0.49988805254300434,0.31821706891059875,0.3244827787081401,9.201460269701675,-20.467718116409994,-4.234740212221704,0.0,0.0
ES2003c,1086,0.335511714220047,0.29297489921251935,0.3381740351517995,0.07179173330465953,0.027753638724486034,0.267935832341512,0.2531650165716807,0.5101264119148254,13.707584313616836,-21.46872849251406,-4.094423923187643,0.0,0.0
ES2003c,1087,0.2867297927538554,0.23072596391042074,0.22355537613232931,0.07090303798516591,0.029383086909850437,0.3046193818251292,0.22890013456344604,0.2202539841334025,5.839204292693918,-20.731960408608945,-4.975889855164669,0.0,0.0
ES2003c,1088,0.2844533423582713,0.10789171854654948,0.2200832962989807,0.058032761017481484,0.020794030278921127,0.31129329403241474,0.23437456289927164,0.5122116605440775,3.3498350936362247,-15.724903421726886,-6.749352726213689,0.0,0.0
ES2003c,1089,0.5917570392290751,0.3229596068461736,0.6180402040481567,0.12155360728502274,0.06556464917957783,0.3443487882614136,0.5260768234729767,0.46581746886173886,19.41685624633197,52.16305976594027,15.137016975612118,0.0,0.0
ES2003c,1090,0.6845022042592367,0.4636896749337514,0.6073303620020548,0.23962795982758203,0.15183341378966966,0.407360444466273,0.587185800075531,0.13872471327582994,13.808022409478466,43.22784444252037,6.214900383286934,0.0,0.0
ES2003c,1091,0.7110123435656229,0.5273420910040537,0.5698218842347463,0.2562318841616313,0.21150195598602295,0.2721190353234609,0.5457686086495718,0.4735775242249171,10.916110168816708,32.18685565893402,-4.312663414820917,0.0,0.0
ES2003c,1092,0.7361000974973043,0.5214990774790446,0.5627719263235728,0.23494712263345718,0.19673845171928406,0.3518967529137929,0.490980863571167,0.4223905901114146,12.026204137853526,31.560188532493687,-4.154855249693006,0.0,0.0
ES2003c,1093,0.6889350215593973,0.4609309732913971,0.4385453164577484,0.1753511851032575,0.14356229702631632,0.47892682751019794,0.5215144256750742,0.5895741085211436,10.00221915732355,30.36144330897692,-3.390920075922841,0.0,0.0
ES2003c,1094,0.6926668087641398,0.49929626782735187,0.34185890853405,0.13696634521087012,0.11017548789580663,0.3824436068534851,0.5045247574647268,0.3718232437968254,5.663011726057071,31.887522245684618,-4.751708665711527,0.0,0.0
ES2003c,1095,0.6302941044171652,0.4921347200870514,0.4598653217156728,0.13808744649092355,0.1008442963163058,0.3560642600059509,0.5404443740844727,0.10034897054235141,3.3377253998501115,33.39227437018223,-4.848554358716555,0.0,0.0
ES2003c,1096,0.6832825541496277,0.5207432508468628,0.43511805931727093,0.19156423211097717,0.17266966154177985,0.5775458117326101,0.5514535109202067,0.34188880026340485,6.231187613275057,32.87205418420317,-3.4951586776329235,0.0,0.0
ES2003c,1097,0.6290761431058248,0.344953993956248,0.5869342883427938,0.20846408357222876,0.13779175902406374,0.3088887333869934,0.41196440656979877,0.5007024183869362,14.348153363312802,44.76889646590672,8.491714933191632,0.0,0.0
ES2003c,1098,0.6901601552963257,0.45952874422073364,0.488213578859965,0.2065783143043518,0.1701117381453514,0.6031036724646887,0.5580427845319113,0.5855943560600281,15.287739656415724,42.08784604415495,4.759849107461252,0.0,0.0
ES2003c,1099,0.7198195656140646,0.4095923900604248,0.4479005038738251,0.23547100027402243,0.1902062917749087,0.43383556604385376,0.5262443820635477,0.4377111792564392,10.499278634465703,28.277696275459757,-3.548694423265621,0.0,0.0
ES2003c,1100,0.7321892182032267,0.3827843765417735,0.44797299305597943,0.10126513242721558,0.06341753403345744,0.217360849181811,0.47851434350013733,0.20998387411236763,7.996226876906167,25.92636694189299,-1.9774431343582979,0.0,0.0
ES2003c,1101,0.7136052250862122,0.5233441789944967,0.2414935827255249,0.11424413820107777,0.0707934411863486,0.294191375374794,0.5456832051277161,0.22203591465950012,9.435429847854289,23.79722167270867,-0.9296889932918821,0.0,0.0
ES2003c,1102,0.7409223516782125,0.4910256465276082,0.43172181646029156,0.12904007732868195,0.09717206408580144,0.3078191081682841,0.5261330207188925,0.3927607759833336,9.477721975705114,26.756279728405193,-3.2891001429262126,0.0,0.0
ES2003c,1103,0.7258962194124857,0.5208120544751486,0.46572527289390564,0.19389545917510986,0.20516934245824814,0.20144374668598175,0.498898446559906,0.47325119376182556,3.4658838926935984,34.61894664837715,-13.79895388344672,0.0,0.0
ES2003c,1104,0.7134257157643636,0.5175511141618093,0.32775633533795673,0.2242505600055059,0.2362350970506668,0.26809842387835187,0.5093493759632111,0.5280037025610606,6.988807405370319,31.589131742651915,-9.945108996874525,0.0,0.0
ES2003c,1105,0.7010267376899719,0.5625418225924174,0.5461994012196859,0.25569115082422894,0.20729827135801315,0.27474398414293927,0.5245328942934672,0.2261277437210083,12.354510132652287,28.305161424243384,-4.482592174026018,0.0,0.0
ES2003c,1106,0.7380147576332092,0.5372055371602377,0.3577188154061635,0.12570959577957788,0.10825539877017339,0.2931672930717468,0.47229116161664325,0.2251990387837092,8.699323645075578,31.703554403797416,-9.012127453316502,0.0,0.0
ES2003c,1107,0.733872135480245,0.5067352056503296,0.3431057383616765,0.1516060158610344,0.12335984408855438,0.22765486935774484,0.4732050100962321,0.2804112657904625,6.270849502592552,32.88957576177508,-7.618640507311892,0.0,0.0
ES2003c,1108,0.6702460050582886,0.5009009142716726,0.39654541015625,0.23431497067213058,0.24261664847532907,0.5077991882960001,0.5257916847864786,0.64307976141572,10.275633850078988,32.252512938076705,-9.672679295429159,0.0,0.0
ES2003c,1109,0.6058922211329142,0.41369815667470294,0.5786104996999105,0.35498511294523877,0.24737693866093954,0.3879539569218953,0.48052047689755756,0.47155748804410297,10.036717047415939,30.52589370264099,-9.081895918708923,0.0,0.0
ES2003c,1110,0.28641535838445026,0.19974746306737265,0.15728151301542917,0.060434430837631226,0.03136390199263891,0.2711699406305949,0.29514766732851666,0.029553748667240143,11.758506426786491,-26.87540708674719,-8.197980578226632,0.0,0.0
ES2003c,1111,0.43038705984751385,0.3853602111339569,0.22921086102724075,0.09391535570224126,0.05340516691406568,0.4290553530057271,0.358785480260849,0.07516700526078542,11.853650901435495,-40.88753793095322,-8.444287506851877,0.0,0.0
ES2003c,1112,0.4860857625802358,0.2315109670162201,0.4384758671124776,0.08061449850598972,0.05041345829765002,0.48517340421676636,0.37789222598075867,0.5035955260197321,6.572548636357876,-28.165925769201476,-3.9254013910721675,0.0,0.0
ES2003c,1113,0.6314181884129842,0.38446350395679474,0.48787222305933636,0.19848297039667764,0.12426911542812984,0.32873163123925525,0.505397230386734,0.16666250179211298,6.053227297698097,26.98707523901268,-4.941672388482228,0.0,0.0
ES2003c,1114,0.6687612930933634,0.3618565897146861,0.5596049825350443,0.13779949396848679,0.0704420655965805,0.23778156439463297,0.41776198148727417,0.22470572963356972,7.659519674512356,25.14086092143518,-6.289551880401082,0.0,0.0
ES2003c,1115,0.7306496302286783,0.36805004874865216,0.30477601289749146,0.1449591393272082,0.08914073929190636,0.4034328758716583,0.4574542244275411,0.4905731479326884,8.045796212848478,23.499334229308264,-5.405217472852783,0.0,0.0
ES2003c,1116,0.7067064841588339,0.37009576956431073,0.4384446044762929,0.12101752310991287,0.07630218317111333,0.4632956584294637,0.4384736220041911,0.503200888633728,7.71466556707622,22.423055362301024,-4.370627297575059,0.0,0.0
ES2003c,1117,0.6717293659845988,0.43523921569188434,0.3475500742594401,0.12153313805659612,0.06816661482055981,0.3236357867717743,0.4886505901813507,0.35945536692937213,7.429439450319183,21.071081148298347,-1.545237732600447,0.0,0.0
ES2003c,1118,0.6791191299756368,0.39057014385859173,0.307477002342542,0.10132235040267308,0.0391403641551733,0.37211041152477264,0.48651112119356793,0.2616399070248008,7.669979404280795,20.55913412489105,1.7104247153798795,0.0,0.0
ES2003c,1119,0.6961402297019958,0.42818281054496765,0.31607044239838916,0.1177452156941096,0.055013845985134445,0.3960917095343272,0.4644959072271983,0.47471419473489124,5.264629426524441,20.921756232037904,-2.23866218427003,0.0,0.0
ES2003c,1120,0.6591062545776367,0.40636606017748517,0.45163192351659137,0.10488612080613773,0.057442775617043175,0.28950701157251996,0.36971965432167053,0.3717598846803109,2.6080685819493876,9.50628769231283,-3.1972382094623613,0.0,0.0
ES2003c,1121,0.6846810777982076,0.46152369181315106,0.27647679050763446,0.0933911104996999,0.051607360442479454,0.43328429261843365,0.4878320594628652,0.3484873982767264,2.9991740614890947,12.698049614352973,-2.4062745006909334,0.0,0.0
ES2003c,1122,0.7354011336962382,0.46718089779218036,0.5387139370044073,0.13900682081778845,0.09030139570434888,0.4405076603094737,0.42621171474456787,0.4747106085220973,7.085578780814724,23.605933598530573,-2.971579624309617,0.0,0.0
ES2003c,1123,0.731426735719045,0.5483283003171285,0.5873002906640371,0.15409792711337408,0.12805905689795813,0.3978312462568283,0.5158168574174246,0.5893465280532837,9.917278641532011,27.505684802656237,-7.670361171094534,0.0,0.0
ES2003c,1124,0.7193189859390259,0.6021608710289001,0.6871814926465353,0.14887643853823343,0.07368847355246544,0.3395802279313405,0.44664549827575684,0.47174278150002164,8.666742850869596,23.064063787849335,-7.757424464132402,0.0,0.0
ES2003c,1125,0.7602352301279703,0.5053029755751292,0.4241860707600911,0.10137772560119629,0.03602501501639684,0.1804772118727366,0.41634124517440796,0.47057920694351196,6.673180223663657,24.072730832223044,-3.203598408747275,0.0,0.0
ES2003c,1126,0.7011395494143168,0.5025048653284708,0.4009120191136996,0.13591733823219934,0.0925616684059302,0.4631788333257039,0.434996356566747,0.36814017593860626,8.506582269632691,19.520367714336643,-0.9742902567356442,0.0,0.0
ES2003c,1127,0.7733814120292664,0.5198886891206106,0.24705706040064493,0.10359157373507817,0.060795831183592476,0.32167402903238934,0.45753883322079975,0.15236674870053926,8.743526448836475,19.26937035714047,0.47562651293607705,0.0,0.0
ES2003c,1128,0.7217183510462443,0.5308466653029124,0.42121631900469464,0.11322072396675746,0.0702478252351284,0.44324731826782227,0.483549028635025,0.19744118054707846,8.099918221521385,22.391163951521563,1.5618241317884631,0.0,0.0
ES2003c,1129,0.7705288132031759,0.41796472171942395,0.38168058296044666,0.08504164467255275,0.075452812636892,0.4466316302617391,0.3879486819108327,0.32839372505744296,7.540494500540607,21.944254541885552,-0.6230916702267616,0.0,0.0
ES2003c,1130,0.6539122561613718,0.3706492781639099,0.4446025590101878,0.11290988822778066,0.0928870898981889,0.2959388693173726,0.43885130683581036,0.3843830078840256,7.51649249374974,26.207100615192186,-4.384693612923258,0.0,0.0
ES2003c,1131,0.775296946366628,0.4703780512015025,0.43674755096435547,0.12357394893964131,0.09621410071849823,0.31411145130793255,0.4844122628370921,0.23112136808534464,8.768888438664531,22.74936081074273,-2.5916723786579383,0.0,0.0
ES2003c,1132,0.7716392676035563,0.4357242286205292,0.4753889838854472,0.11577337731917699,0.06435270234942436,0.3391646941502889,0.46374614040056866,0.3706805432836215,7.327836342220979,22.876861201233236,-2.5095543520266825,0.0,0.0
ES2003c,1133,0.7373732924461365,0.3798772195974986,0.47486310203870136,0.12865223983923593,0.09554337089260419,0.16292248666286469,0.4023136893908183,0.6561509966850281,8.945658648832259,27.232716364160783,-7.992742867634288,0.0,0.0
ES2003c,1134,0.745690127213796,0.456231951713562,0.4787222643693288,0.1397126168012619,0.1106316198905309,0.2617819731434186,0.460198571284612,0.40140243371327716,9.486755090459637,27.08546858772509,-7.651753688383368,0.0,0.0
ES2003c,1135,0.7214290301005045,0.39084650576114655,0.3074990014235179,0.11454606304566066,0.07901790241400401,0.25530344247817993,0.4677390356858571,0.3494361440340678,9.61262879411955,26.911429168930443,-6.42977755489767,0.0,0.0
ES2003c,1136,0.760462482770284,0.511142502228419,0.38453444838523865,0.10466235131025314,0.11206718037525813,0.512576033671697,0.48061733444531757,0.13338996966679892,7.652374277763528,28.36345405585808,-4.966566703243724,0.0,0.0
ES2003c,1137,0.7115742762883505,0.43761877218882245,0.4975553850332896,0.1590316245953242,0.14140999565521875,0.26095372438430786,0.42184261480967206,0.20754318063457808,11.48003240202486,27.34531886039048,0.5825003909498764,0.0,0.0
ES2003c,1138,0.696605920791626,0.42244218786557514,0.37713327010472614,0.1791922797759374,0.13994305084149042,0.2699846824010213,0.47484420736630756,0.4443768362204234,16.95635584041261,26.80136582616871,5.182067413556811,0.0,0.0
ES2003c,1139,0.5328944623470306,0.3258883108695348,0.3813851475715637,0.14893784125645956,0.16696870947877565,0.4525490999221802,0.39031269152959186,0.4738231524825096,7.749752657020971,-5.4219612211432455,-4.6912147271757405,0.0,0.0
ES2003c,1140,0.5394075214862823,0.305472453435262,0.353559081753095,0.10675127804279327,0.06905859957138698,0.44388025005658466,0.3314592142899831,0.15770255401730537,6.764300690644743,-10.009661665338468,-1.3825578754208447,0.0,0.0
ES2003c,1141,0.7007297873497009,0.42125755548477173,0.3819833807647228,0.09519582241773605,0.05714718500773112,0.34313271443049115,0.5259956816832224,0.3372955148418744,5.640447003703859,22.995064323639195,1.696328565407514,0.0,0.0
ES2003c,1142,0.6534221569697062,0.49275275071461994,0.5406799713770548,0.23995772004127502,0.14579689999421439,0.26852847635746,0.5015836556752523,0.5402015248934428,12.721347993794081,48.628522667434076,9.954460377939123,0.0,0.0
ES2003c,1143,0.72591233253479,0.4459091126918793,0.5314051111539205,0.16496407985687256,0.13745486736297607,0.4818943738937378,0.528785914182663,0.43790534883737564,0.692855763359689,33.80137199717483,-3.5799891498063894,0.0,0.0
ES2003c,1144,0.7092379331588745,0.4096427063147227,0.4533904194831848,0.08991112063328426,0.12991730372111002,0.36711540321509045,0.5291723509629568,0.08906213318308194,-2.6121408309130696,17.97743707728468,-5.470510226290172,0.0,0.0
ES2003c,1145,0.6671669681866964,0.440486878156662,0.3131583829720815,0.08607602243622144,0.06234144295255343,0.29666828115781146,0.43747865160306293,0.21447846914331117,-1.3635086582030562,4.225266950799313,-7.080397314070924,0.0,0.0
ES2003c,1146,0.5923438866933187,0.4969765742619832,0.3505638937155406,0.052043888717889786,0.017367443380256493,0.36340104043483734,0.5333978335062662,0.2675555671254794,-1.33505414612627,-4.835986296117895,-7.599168619896926,0.0,0.0
ES2003c,1147,0.5658275485038757,0.385680228471756,0.3397607058286667,0.047152950117985405,0.018245146609842777,0.17544491589069366,0.4062366485595703,0.03404421887050072,-1.346228036390521,-6.346390013378842,-8.065920483037017,0.0,0.0
ES2003c,1148,0.5187694231669108,0.3510337124268214,0.445702185233434,0.05283858378728231,0.020916253949205082,0.49984527627627057,0.3748822609583537,0.06263844668865204,-0.15182604464806299,-7.267916435133863,-7.118813633945995,0.0,0.0
ES2003c,1149,0.6065580646197001,0.3677644928296407,0.43121640880902606,0.06174634024500847,0.020164772557715576,0.37814641495545703,0.48783304293950397,0.02715823318188389,-1.9157044365355986,-1.422902904367336,-7.239640734189966,0.0,0.0
ES2003c,1150,0.6005091468493143,0.3331996401151021,0.3356993893782298,0.09985462824503581,0.04766197999318441,0.41287940243879956,0.4350639581680298,0.2001002791027228,-1.0461564471747946,11.841716678936452,-4.853105750391573,0.0,0.0
ES2003c,1151,0.5700024366378784,0.32459566990534466,0.4632810155550639,0.08121402064959209,0.04171550398071607,0.3253495792547862,0.34140831728776294,0.3502264991402626,-4.448319382904626,1.9252295446711187,-5.732216786684812,0.0,0.0
ES2003c,1152,0.48118314146995544,0.36458728710810345,0.402757207552592,0.04672083382805189,0.02031583897769451,0.30904464423656464,0.34035123387972516,0.10867135475079219,-4.691305387157637,-8.876857205370426,-6.981142748495529,0.0,0.0
ES2003c,1153,0.5230242212613424,0.3448886473973592,0.4217130243778229,0.05008077000578245,0.025341157491008442,0.2508158211906751,0.31724469860394794,0.2101153309146563,-4.030900999854926,-8.783978208113139,-5.5742028262887215,0.0,0.0
ES2003c,1154,0.7043419281641642,0.5915433565775553,0.3039270838101705,0.16127270956834158,0.08164901907245319,0.5139552056789398,0.45258358120918274,0.39396271606286365,10.025852427095053,17.731575652338005,-3.772565288642074,0.0,0.0
ES2003c,1155,0.7798192302385966,0.47313838203748065,0.31782806913057965,0.1604767988125483,0.0738764771570762,0.48637155691782635,0.4981694221496582,0.45976367344458896,8.025205178166486,16.43333025770141,-5.427355160629503,0.0,0.0
ES2003c,1156,0.7466579476992289,0.6523328622182211,0.2611652861038844,0.130813496808211,0.06832263929148515,0.4906384348869324,0.4678826332092285,0.31675894496341545,7.931036043765915,14.877168816261282,-7.113189565610193,0.0,0.0
ES2003c,1157,0.7377161184946696,0.7302584052085876,0.4090781013170878,0.14412779112656912,0.10498233139514923,0.4131449560324351,0.5027957757314047,0.10783746093511581,5.856881243136365,9.417893500482608,-7.113480319416584,0.0,0.0
ES2003c,1158,0.7798094948132833,0.7049127221107483,0.30859678486982983,0.13563958058754602,0.0727875605225563,0.6266309916973114,0.6011976202329,0.1143332648401459,4.206223041751568,3.3010490941317667,-5.551548522116618,0.0,0.0
ES2003c,1159,0.7549871404965719,0.6680329938729604,0.2340406725804011,0.1558443307876587,0.12313029045859973,0.5397137900193533,0.5233675142129263,0.5607324900726477,11.285301394198248,8.509167671213241,-0.7383923198152157,0.0,0.0
ES2003c,1160,0.7323603431383768,0.5326263606548309,0.40220963458220166,0.12280809382597606,0.10333055009444554,0.40870510538419086,0.533943365017573,0.3819747020800908,8.725521652393699,2.1254082918154347,-2.6840361177049163,0.0,0.0
ES2003c,1161,0.7598381241162618,0.715627908706665,0.2054388771454493,0.09242913623650868,0.05255298316478729,0.5062331060568491,0.5321356256802877,0.23145737871527672,5.027702246049016,-1.558268179437011,-8.390774645373716,0.0,0.0
ES2003c,1162,0.6692062020301819,0.4541131357351939,0.5058067937692007,0.1534526844819387,0.09235810674726963,0.42070865631103516,0.4366082350413005,0.370968555410703,5.946577891695196,14.163202425306244,-5.826145005262809,0.0,0.0
ES2003c,1163,0.6431396802266439,0.4950183530648549,0.2421573301156362,0.1338767185807228,0.05440663049618403,0.4309588670730591,0.4552327295144399,0.12171138326327006,0.3004660125748086,13.50032316570092,-10.396807504757147,0.0,0.0
ES2003c,1164,0.6870677272478739,0.4748197893301646,0.1890921543041865,0.10890901585419972,0.1017797626554966,0.43047895034154254,0.4805996815363566,0.20381134375929832,6.8684148005583765,14.450446509779859,-6.143346882190567,0.0,0.0
ES2003c,1165,0.7075411279996237,0.5877204140027364,0.2012069672346115,0.14634956667820612,0.1348943511644999,0.42365048825740814,0.5633900364240011,0.2551515108595292,6.122613094783122,13.53246760001217,-3.887119808860214,0.0,0.0
ES2003c,1166,0.6965343554814657,0.6398424108823141,0.20374126732349396,0.1769608904918035,0.10609041154384613,0.4952619473139445,0.4949582616488139,0.03659892516831557,5.4626973111155435,10.515396711059685,-6.723411716111424,0.0,0.0
ES2003c,1167,0.6559867858886719,0.4502497712771098,0.3687780300776164,0.2058850129445394,0.12230248500903447,0.5616036752859751,0.40948983033498126,0.6186966641495625,13.59285644965992,32.13182718100502,3.5643401858088866,0.0,0.0
ES2003c,1168,0.6808326244354248,0.4703529179096222,0.5265808403491974,0.20020641386508942,0.13421442359685898,0.3846510946750641,0.514875203371048,0.7956866224606832,14.591011847743466,45.67560248708901,8.830135303290122,0.0,0.0
ES2003c,1169,0.6894837617874146,0.47978752851486206,0.41571565469106037,0.23872530460357666,0.21924185256163278,0.44060861070950824,0.535618782043457,0.5928212304910024,1.8040541845894336,35.60165886147413,-2.8787787891386842,0.0,0.0
ES2003c,1170,0.5412234763304392,0.3385401169459025,0.4405873119831085,0.07576131820678711,0.05014489280680815,0.6410117745399475,0.4049520194530487,0.08435666374862194,-2.5393882466755686,3.593887081937217,-8.305684139148545,0.0,0.0
ES2003c,1171,0.43917566537857056,0.20396854480107626,0.3679549793402354,0.060999793310960136,0.030206622555851936,0.3596554696559906,0.32056647539138794,0.1504533247401317,-5.467015083614303,-13.687976083672085,-9.298310331435339,0.0,0.0
ES2003c,1172,0.5004967550436655,0.3034045199553172,0.40381304423014325,0.19110127786795297,0.11384402463833491,0.5730907022953033,0.3802796204884847,0.4464584408948819,13.69371526984107,-21.19437408383271,2.8844404747977705,0.0,0.0
ES2003c,1173,0.4848335285981496,0.3110581537087758,0.3441738486289978,0.1757940948009491,0.11592612167199452,0.7507162690162659,0.3339262902736664,0.6712299187978109,12.134172973526589,-18.832331643199552,-0.7349659626620916,0.0,0.0
ES2003c,1174,0.5432247916857401,0.3298761347929637,0.2895967960357666,0.19241714974244437,0.13180099924405417,0.5750080744425455,0.32759953538576764,0.8987616896629333,14.93118996604158,-17.629175820214428,-2.9038630835179924,0.0,0.0
ES2003c,1175,0.535287469625473,0.41782185435295105,0.38268014788627625,0.1255418062210083,0.09337039788564046,0.4701891342798869,0.2922678192456563,0.9115426937739054,12.003970754798587,-12.661427867525516,-4.857750091064009,0.0,0.0
ES2003c,1176,0.5231435398260752,0.3707667936881383,0.3001054525375366,0.12639702608187994,0.038583155100544296,0.4513721664746602,0.4903906583786011,0.3327227979898453,-19.749381127710517,-1.6231790083125335,-23.606014831934036,0.0,0.0
ES2003c,1177,0.47409499684969586,0.47296662131945294,0.3248668412367503,0.11711610356966655,0.043296205500761666,0.2890541652838389,0.5191223422686259,0.4733824705084165,-15.421857094423936,-3.363541035630424,-26.42590905102693,0.0,0.0
ES2003c,1178,0.3886427680651347,0.28255412479241687,0.32089681426684064,0.07480429609616597,0.02510264329612255,0.37270275751749676,0.42141955097516376,0.25401737354695797,-8.477532339157584,-10.130015550168924,-23.877553720113756,0.0,0.0
ES2003c,1179,0.6140405038992564,0.5495370974143347,0.2930770715077718,0.06721466158827145,0.016390818481643993,0.32916344205538434,0.458630512158076,0.2727932905157407,2.390427999192374,-7.493609743155478,-15.356510270855305,0.0,0.0
ES2003c,1180,0.6308467586835226,0.5088052302598953,0.2882469991842906,0.0673721507191658,0.019586287438869476,0.22864890098571777,0.5031438767910004,0.1453480590134859,2.0608823441773683,-7.359899084859493,-15.063183522385458,0.0,0.0
ES2003c,1181,0.5264287789662679,0.2216028024752935,0.2243292232354482,0.058756171415249504,0.03838066508372625,0.2782258540391922,0.31869086623191833,0.27546442051728565,5.968029965889339,-16.35001924344273,-19.632195517894427,0.0,0.0
ES2003c,1182,0.5549784104029337,0.3573162655035655,0.19144865373770395,0.06130759418010712,0.024682207653919857,0.19437154630819956,0.37383031845092773,0.4029177352786064,6.427648824048352,-13.860347982671728,-16.87836866170754,0.0,0.0
ES2003c,1183,0.6717672546704611,0.641536017258962,0.2012525349855423,0.048078070084253945,0.019983217120170593,0.3034512947003047,0.44635247190793353,0.5110512673854828,4.720895409576575,-8.890345757592874,-10.592151343852308,0.0,0.0
ES2003c,1184,0.6063287456830343,0.6120769580205282,0.2969912737607956,0.05029162516196569,0.023546867072582245,0.26303356389204663,0.3892920911312103,0.3963766445716222,4.512872658423313,-10.389023371993076,-11.088738109401987,0.0,0.0
ES2003c,1185,0.5938891470432281,0.5866292317708334,0.40565850337346393,0.05193659539024035,0.02170976499716441,0.2597699860731761,0.34096717834472656,0.18360168238480887,2.1819134808135368,-11.075964888235598,-12.214528398087742,0.0,0.0
ES2003c,1186,0.5663441022237142,0.4860807955265045,0.4963491956392924,0.04810430730382601,0.02296886344750722,0.14328923573096594,0.3135843674341838,0.17136002083619437,-0.29506716388607995,-10.744026057060225,-11.980373546091728,0.0,0.0
ES2003c,1187,0.6351247032483419,0.5559704204400381,0.3367956479390462,0.046967835476001106,0.022043781355023384,0.34791281819343567,0.30010740955670673,0.3848446806271871,-0.7427218861283174,-9.807504199468346,-12.07496974533916,0.0,0.0
ES2003c,1188,0.6509268085161845,0.53009761373202,0.40411310394605,0.05273091668883959,0.023229175557692845,0.4847531020641327,0.3614840805530548,0.6698095897833506,-0.7636896081051755,-9.137044391221533,-12.985552655999166,0.0,0.0
ES2003c,1189,0.5420344273249308,0.42046935359636944,0.2851986239353816,0.05984489371379217,0.024913764248291653,0.32042356580495834,0.4183510442574819,0.12682250266273817,1.3540357717781166,-10.383611046340986,-15.473641415029865,0.0,0.0
ES2003c,1190,0.5821008086204529,0.36905889213085175,0.20563449213902155,0.06990920131405194,0.02381139248609543,0.3726087311903636,0.4020494719346364,0.07114595298965772,2.2156051280116467,-10.832194948549926,-19.599768110162127,0.0,0.0
ES2003c,1191,0.47971869508425397,0.34235680600007373,0.2896534502506256,0.0508233147362868,0.023187361657619476,0.303316409389178,0.455985963344574,0.091603289047877,-4.357146092840701,-7.004401224792228,-16.789424789901528,0.0,0.0
ES2003c,1192,0.5366883079210917,0.48364609479904175,0.2601677676041921,0.047373510897159576,0.024706929301222164,0.16274729371070862,0.5521595279375712,0.058211818958322205,-9.318960229308514,-2.4224303444228146,-17.621134563579997,0.0,0.0
ES2003c,1193,0.5947416623433431,0.5290559530258179,0.2951608995596568,0.04453421135743459,0.025972848758101463,0.2186165452003479,0.5061830282211304,0.041767582297325134,-7.773705864875564,-2.894394331792515,-17.13744651440398,0.0,0.0
ES2003c,1194,0.6074963013331095,0.39937278131643933,0.3316172609726588,0.04690811286369959,0.017431659313539665,0.2654638886451721,0.4183471202850342,0.0950741358101368,-6.12067789047358,-6.073838396291216,-17.628328661364456,0.0,0.0
ES2003c,1195,0.558237353960673,0.4006155530611674,0.3502361675103505,0.051513357708851494,0.023042372117439907,0.2874976595242818,0.493342528740565,0.16513682529330254,-0.17751387798941032,-5.148307843149012,-17.34425644791771,0.0,0.0
ES2003c,1196,0.6282203793525696,0.5391754309336344,0.37402530511220294,0.057521952937046684,0.026981596524516743,0.35398241380850476,0.4559681713581085,0.40796489516894024,6.796452281365305,-5.553763163606448,-16.677189052204085,0.0,0.0
ES2003c,1197,0.724340538183848,0.6711715658505758,0.300218070546786,0.05575339123606682,0.03406342243154844,0.28992942969004315,0.5096203486124674,0.31091499080260593,7.602631057100655,-4.999963155312826,-15.932681949077889,0.0,0.0
ES2003c,1198,0.743367612361908,0.7279278437296549,0.22620325038830438,0.05867622792720795,0.02988036908209324,0.2955936441818873,0.5031736294428507,0.5628966689109802,7.701496986129368,-4.408152258665552,-16.81241987967334,0.0,0.0
ES2003c,1199,0.7268228928248087,0.6007039149602255,0.19065421322981516,0.05630938708782196,0.024446458245317142,0.37566515803337097,0.5517575144767761,0.3937181333700816,6.201745524052709,-4.037703007502322,-15.680339569261294,0.0,0.0
ES2003c,1200,0.675321618715922,0.5778746604919434,0.3537823259830475,0.052505798637866974,0.02551936296125253,0.3090282728274663,0.5281471411387125,0.45941810806592304,7.331891376398533,-4.434818831150637,-16.490002137381055,0.0,0.0
ES2003c,1201,0.7061368823051453,0.6092585523923238,0.34643155336380005,0.053429332872231804,0.026572642227013905,0.28961753845214844,0.4936654170354207,0.42252124349276227,6.861106321502561,-5.855811567746836,-16.75188272596193,0.0,0.0
ES2003c,1202,0.5492001473903656,0.38546666006247204,0.4308258791764577,0.06252196927865346,0.02305552301307519,0.30711759130160016,0.3971960445245107,0.30771499623854953,2.483489763111295,-15.984217028277982,-17.686375761703996,0.0,0.0
ES2003c,1203,0.5082819660504659,0.23537710309028625,0.3923003375530243,0.08164066076278687,0.024877693504095078,0.37950318058331806,0.35072679320971173,0.15698413675030073,5.325133477636094,-21.332246733081426,-22.271377794914752,0.0,0.0
ES2003c,1204,0.6936617890993754,0.4134749074776967,0.478913535674413,0.1076522668202718,0.06702863921721776,0.3841763287782669,0.4049807091554006,0.36155545711517334,4.292351164813632,21.299041741859483,-5.4740702372065115,0.0,0.0
ES2003c,1205,0.7705272634824117,0.4330445130666097,0.4874061147371928,0.12943140168984732,0.06440777455766995,0.535398801167806,0.4169727961222331,0.2987756182750066,4.622989163786852,20.83378247613895,-3.2064598999660094,0.0,0.0
ES2003c,1206,0.735293467839559,0.3481818636258443,0.49053547779719037,0.13517982761065164,0.09426706035931905,0.4795587956905365,0.4616484045982361,0.5452299490571022,4.63339640937862,23.98887288087785,-4.412376104486444,0.0,0.0
ES2003c,1207,0.6356796423594157,0.45833022395769757,0.5242964526017507,0.1942239130536715,0.13711092869440714,0.4700984259446462,0.4615832269191742,0.6783294677734375,8.014590805228556,52.60688341706075,3.8434879342557298,0.0,0.0
ES2003c,1208,0.571436196565628,0.43029191593329114,0.3744971553484599,0.26587623606125516,0.21642973273992538,0.45797200004259747,0.4340696334838867,0.9169259667396545,7.268957218158121,69.91539362514696,8.004873568277437,0.0,0.0
ES2003c,1209,0.6357294321060181,0.4200247824192047,0.45867831508318585,0.11892110606034596,0.07138287958999474,0.677447497844696,0.5385266741116842,0.5681044360001882,3.243786929672767,48.22975308773238,2.1728774418070675,0.0,0.0
ES2003c,1210,0.5771704912185669,0.34943532943725586,0.29625076055526733,0.11931475748618443,0.07726442317167918,0.4025958776473999,0.41567133863766986,0.28457237283388775,1.8642187586543555,23.340301501433803,-5.067595774480565,0.0,0.0
ES2003c,1211,0.5663177371025085,0.3891599178314209,0.41160739461580914,0.11904668559630711,0.07170122116804123,0.39447277784347534,0.44405614336331684,0.16156426693002382,2.946977257225587,14.239803818725122,-5.4984034852735055,0.0,0.0
ES2003c,1212,0.6530205806096395,0.5343960523605347,0.20667214194933572,0.08138255899151166,0.033079356576005615,0.390103022257487,0.570004532734553,0.08104441749552886,-0.7636160187549379,2.737363940129756,-3.562798018832338,0.0,0.0
ES2003c,1213,0.5857893427213033,0.41818128029505414,0.3654143263896306,0.08614795655012131,0.03486341362198194,0.4220616618792216,0.45070768396059674,0.11555864941328764,-3.2594390864852976,6.5163218307732365,-2.159597032487986,0.0,0.0
ES2003c,1214,0.5260059535503387,0.30563080807526904,0.23129916191101074,0.12462798009316127,0.05010820676883062,0.4394268790880839,0.36398130655288696,0.039585222490131855,-1.0847208543275844,16.70892179333423,-2.1553220618728237,0.0,0.0
ES2003c,1215,0.5976763367652893,0.4253542522589366,0.1631996507445971,0.14085981249809265,0.09155529985825221,0.5619963904221853,0.5170233349005381,0.18957261244455972,-3.83540027521992,12.910262904408098,-10.321474935236372,0.0,0.0
ES2003c,1216,0.5391730268796285,0.2904369980096817,0.27870845297972363,0.12027405202388763,0.06293521324793498,0.4867893159389496,0.5059691667556763,0.3126130361730854,0.10873883450835169,-2.283307340605164,-16.031884953154407,0.0,0.0
ES2003c,1217,0.4883726239204407,0.18353569010893503,0.46388407548268634,0.11554373055696487,0.06250713144739468,0.3381726145744324,0.31945526599884033,0.27865305729210377,2.915872588367586,-20.617043693155235,-10.312947912328324,0.0,0.0
ES2003c,1218,0.41514189044634503,0.21332470575968424,0.37978624800841015,0.08686935901641846,0.032914492612083755,0.18797670304775238,0.317334105571111,0.11015217006206512,-1.3025315309827719,-20.801351094504827,-11.733433559130198,0.0,0.0
ES2003c,1219,0.35253873467445374,0.21181621154149374,0.2814114987850189,0.08526065448919933,0.027813326567411423,0.32621462643146515,0.3381384213765462,0.5361801336208979,-4.208948330811475,-21.647957591588902,-13.156169421245648,0.0,0.0
ES2003c,1220,0.6561724742253622,0.4912045846382777,0.2336958646774292,0.08951124052206676,0.04041190445423126,0.386508842309316,0.5071425437927246,0.13125290907919407,0.3012965024391458,-9.449762329912897,-6.347401951728908,0.0,0.0
ES2003c,1221,0.724010169506073,0.49171345432599384,0.1659205506245295,0.11150644222895305,0.06871538360913594,0.5356905460357666,0.48685766259829205,0.026950563304126263,7.436085535378409,7.751855817174991,1.7032510230278435,0.0,0.0
ES2003c,1222,0.6723605990409851,0.4975893596808116,0.2115191693107287,0.10743918269872665,0.10443934922417004,0.3888551592826843,0.5412829418977102,0.03757935420920452,-1.0935003446636593,-3.5519981051760197,-5.187780301143138,0.0,0.0
ES2003c,1223,0.7665337522824606,0.580211341381073,0.13191819936037064,0.2211966613928477,0.2527773603796959,0.477481077114741,0.5674091478188833,0.03548588386426369,1.2575351517868585,4.944790536001127,-2.310924058674362,0.0,0.0
ES2003c,1224,0.7083348433176676,0.6814995408058167,0.14685573428869247,0.24331163863341013,0.14284062633911768,0.4573808088898659,0.5622766812642416,0.21196559257805347,1.709888903672919,10.424451689280398,-4.304968767739521,0.0,0.0
ES2003c,1225,0.5459843675295512,0.30869678656260174,0.3338228116432826,0.21639175961414972,0.18931791000068188,0.38180285692214966,0.43126074473063153,0.3673186848560969,-3.8522901808240753,-4.923567684383355,-10.52190472614828,0.0,0.0
ES2003c,1226,0.5950298806031545,0.35989561180273694,0.178092360496521,0.16003231704235077,0.10750296711921692,0.5355451504389445,0.4448988636334737,0.24242196697741747,-4.690323140268651,0.3033861437714851,-11.53654220734537,0.0,0.0
ES2003c,1227,0.6406344572703043,0.5462822914123535,0.11455766608317693,0.32450473805268604,0.25348196427027386,0.5702197949091593,0.5272160371144613,0.35555020595590275,-2.054320113911432,12.312076319162193,-7.982854701117772,0.0,0.0
ES2003c,1228,0.6211375594139099,0.40988455216089886,0.22781343758106232,0.15911258260409036,0.0572762576242288,0.3864285151163737,0.4154956837495168,0.24654627094666162,1.7720332007672415,11.789912324754765,-2.7729201608620886,0.0,0.0
ES2003c,1229,0.6828320622444153,0.4549529155095418,0.09803366909424464,0.13315971692403158,0.10165597125887871,0.36205747723579407,0.48615480462710065,0.18773878614107767,5.748329481232456,11.765223492138025,-1.9394144015019972,0.0,0.0
ES2003c,1230,0.6137095093727112,0.3305590848128001,0.34587977329889935,0.09193432455261548,0.049856179083387055,0.29627252618471783,0.40100300312042236,0.13336691819131374,1.600571457609662,5.890837995401609,-5.076232285379205,0.0,0.0
ES2003c,1231,0.6951589584350586,0.37719350059827167,0.5510102113087972,0.07301268726587296,0.025193740303317707,0.3337212602297465,0.39164846142133075,0.5203832586606344,-4.962838059245572,11.510945805171373,-10.293347585172445,0.0,0.0
ES2003c,1232,0.6868684887886047,0.43962687253952026,0.46784259875615436,0.05076400563120842,0.014740755781531334,0.2416249910990397,0.3758321702480316,0.24277817209561667,-3.8662275485977524,1.5631844752982065,-13.21941562773108,0.0,0.0
ES2003c,1233,0.7400306264559428,0.3886245886484782,0.6091459194819132,0.06658724322915077,0.01935371259848277,0.3186481048663457,0.3592654267946879,0.5427634318669637,-4.348187668565658,2.0163616734974252,-11.656771132887338,0.0,0.0
ES2003c,1234,0.6737832625706991,0.3192622462908427,0.3289807140827179,0.11719875534375508,0.08420469363530476,0.5200305779774984,0.49356932441393536,0.10068163834512234,2.292033083585902,17.132351577927995,-11.61990300801272,0.0,0.0
ES2003c,1235,0.8268032471338908,0.7915464043617249,0.22693100571632385,0.05104111507534981,0.04050777852535248,0.37995851039886475,0.3555525243282318,0.7280139972766241,6.623854634898664,-6.00125339286949,-6.720802078659972,0.0,0.0
ES2003c,1236,0.7865753769874573,0.8235001961390177,0.2204787333806356,0.07172282040119171,0.07076460495591164,0.3697121838728587,0.3470996022224426,0.9871678551038107,7.421329970424661,-5.585803254485017,-5.711245733543322,0.0,0.0
ES2003c,1237,0.7716285188992819,0.8032785455385844,0.19701714317003885,0.07721337924400966,0.060059111565351486,0.6010649005572001,0.365001122156779,0.9951343933741251,5.996272174913901,-6.157357699035939,-7.470702797752113,0.0,0.0
ES2003c,1238,0.7784875830014547,0.7488717635472616,0.27143118778864544,0.12318971753120422,0.17784762879212698,0.30896414319674176,0.38335652152697247,0.9872362017631531,2.651604878985291,-7.333110921848237,-10.022292890139477,0.0,0.0
ES2003c,1239,0.7337822914123535,0.743866483370463,0.16088554759820303,0.09015931685765584,0.067774698138237,0.57236980398496,0.49664731820424396,0.795001486937205,-1.6203252771385115,0.8213694794633826,-10.242638499133973,0.0,0.0
ES2003c,1240,0.813053568204244,0.7255589763323466,0.14920879155397415,0.08861023684342702,0.05371169994274775,0.34988876680533093,0.5071377158164978,0.9104445377985636,0.3761971278128089,-0.0646742369639998,-10.676472142299879,0.0,0.0
ES2003c,1241,0.6374536951382955,0.4310562014579773,0.3094674547513326,0.13142466296752295,0.07269714772701263,0.4391848146915436,0.4908216595649719,0.26372516093154746,1.5284789199249549,13.300614905495463,-12.13058484683904,0.0,0.0
ES2003c,1242,0.5879563093185425,0.43916311860084534,0.4241179923216502,0.15304677188396454,0.07885012030601501,0.29417577385902405,0.43729232748349506,0.09245642259096105,2.070748108714645,19.586480519634218,-12.532608563171985,0.0,0.0
ES2003c,1243,0.6636242866516113,0.46716410915056866,0.3923969765504201,0.1524286369482676,0.05126908918221792,0.513717770576477,0.5047904849052429,0.3639161040385564,2.59685609014171,20.351992430481165,-12.028926419888071,0.0,0.0
ES2003c,1244,0.783002773920695,0.6858616272608439,0.11133689433336258,0.0496478962401549,0.014166451369722685,0.46419670184453327,0.4991651276747386,0.6660306627551714,1.635338305816649,-1.3317390252210561,-2.5432562866798403,0.0,0.0
ES2003c,1245,0.7380851904551188,0.6567684809366862,0.2560334901014964,0.06826132411758105,0.021712541269759338,0.3710612654685974,0.47818970680236816,0.8041534821192423,3.651646837209509,4.659906427554472,1.3881271588399826,0.0,0.0
ES2003c,1246,0.7636717557907104,0.621420681476593,0.38555299242337543,0.07214229553937912,0.02350316507120927,0.26514801383018494,0.4521002471446991,0.9438132047653198,2.3832778860767636,2.3564016897975617,6.35935166706257,0.0,0.0
ES2003c,1247,0.7319850126902262,0.5750687917073568,0.14093084384997687,0.057185438772042595,0.031042422478397686,0.4758641521135966,0.43488427996635437,0.9915066560109457,1.196788018478604,-2.112344836251553,6.422395298860139,0.0,0.0
ES2003c,1248,0.7881517211596171,0.671910802523295,0.1482387731472651,0.08062398806214333,0.061045702546834946,0.342402587334315,0.4341440697511037,0.9969935218493143,2.002805572316482,-4.1783728534242845,6.3869444898690375,0.0,0.0
ES2003c,1249,0.7877333760261536,0.5483259856700897,0.2830829123655955,0.1556353767712911,0.16443892319997153,0.4868730107943217,0.4272981286048889,0.9532638788223267,8.746157168397657,-9.793998824379528,0.05611328078012554,0.0,0.0
ES2003c,1250,0.5615271329879761,0.42107977469762164,0.28588604430357617,0.11127071703473727,0.05195151890317599,0.3654756049315135,0.34680017828941345,0.6831891338030497,2.699206599266521,-15.98853649020851,-8.960539011489802,0.0,0.0
ES2003c,1251,0.5326677759488424,0.4192703664302826,0.2296016663312912,0.0849524587392807,0.03789978598554929,0.5752742091814677,0.32207733392715454,0.5947348276774088,4.949779137501713,-18.888834575608943,-7.839659162861298,0.0,0.0
ES2003c,1252,0.6287243167559305,0.3470941384633382,0.2881639053424199,0.13737922658522925,0.1360856480896473,0.3499854604403178,0.3698568145434062,0.33436248676540953,6.119497726894899,36.4557775264716,2.3646714515077694,0.0,0.0
ES2003c,1253,0.729866107304891,0.5439236362775167,0.46954241394996643,0.16680902739365897,0.20179767906665802,0.4540874163309733,0.4961417814095815,0.49237839380900067,12.19747127112057,43.04111965850705,4.689264523869666,0.0,0.0
ES2003c,1254,0.7031587163607279,0.388553261756897,0.3716350297133128,0.11228181173404057,0.07120426123340924,0.46470362941424054,0.45618249972661334,0.3771902571121852,11.450036780544032,23.721789958813975,3.704865583469141,0.0,0.0
ES2003c,1255,0.726712703704834,0.5248534679412842,0.4148895939191182,0.1150672510266304,0.08445674180984497,0.3955807387828827,0.5162713627020518,0.3774932771921158,15.428380838264681,20.94372371624122,13.007413855302408,0.0,0.0
ES2003c,1256,0.7040239572525024,0.3383891085783641,0.3373238444328308,0.08209776133298874,0.04626942674318949,0.30987964073816937,0.4075909157594045,0.09267933915058772,16.45714026408199,19.499611957106527,21.889658593688505,0.0,0.0
ES2003c,1257,0.7536782622337341,0.34400905172030133,0.35371456543604535,0.12361464649438858,0.06854583943883578,0.5969797273476919,0.48881388703982037,0.19359876463810602,17.346726785384217,18.757852693696346,27.507375654689827,0.0,0.0
ES2003c,1258,0.6344655156135559,0.4693092505137126,0.41068051258722943,0.19192847857872644,0.10728008796771367,0.5806575020154318,0.5130838851133982,0.1941477625320355,15.69080215694573,18.498578573154838,26.3535575409887,0.0,0.0
ES2003c,1259,0.6755152146021525,0.32793278495470685,0.5155333081881205,0.17076432208220163,0.08945225800077121,0.5054732412099838,0.5133992632230123,0.10621348395943642,17.472097364629125,17.738807193222097,20.18884096600293,0.0,0.0
ES2003c,1260,0.0,0.0,0.0,0.0,0.0,0.0,0.0,0.0,0.0,0.0,0.0,0.0,0.0
ES2003c,1261,0.5188873807589213,0.437233030796051,0.16316411395867667,0.03791107113162676,0.021255528554320335,0.42876164118448895,0.33612032731374103,0.5125372211138407,7.819620573566443,-6.185175429542588,4.804734918233019,0.0,0.0
ES2003c,1262,0.8688616454601288,0.7836990356445312,0.18700261414051056,0.09853668883442879,0.038691505789756775,0.7960247993469238,0.4375274330377579,0.6897739470005035,15.637573136736194,-8.18403283756378,7.072395254329567,0.0,0.0
ES2003c,1263,0.0,0.0,0.0,0.0,0.0,0.0,0.0,0.0,0.0,0.0,0.0,0.0,0.0
ES2003c,1264,0.0,0.0,0.0,0.0,0.0,0.0,0.0,0.0,0.0,0.0,0.0,0.0,0.0
ES2003c,1265,0.0,0.0,0.0,0.0,0.0,0.0,0.0,0.0,0.0,0.0,0.0,0.0,0.0
ES2003c,1266,0.0,0.0,0.0,0.0,0.0,0.0,0.0,0.0,0.0,0.0,0.0,0.0,0.0
ES2003c,1267,0.0,0.0,0.0,0.0,0.0,0.0,0.0,0.0,0.0,0.0,0.0,0.0,0.0
ES2003c,1268,0.0,0.0,0.0,0.0,0.0,0.0,0.0,0.0,0.0,0.0,0.0,0.0,0.0
