segment_id,start,end,speaker_id,transcript,asr_confidence
0,0.0,3.0,SPEAKER_01,to do now is to decide how to fulfill,0.6358
1,1.5,4.5,SPEAKER_01,decide how to fulfill what your stuff is.,0.6358
2,6.0,9.0,SPEAKER_02,"OK. It kind of does make sense, doesn't it? Because when we",0.6926
3,7.5,10.5,SPEAKER_02,"does make sense, doesn't it? Because when we get into the end of meeting,",0.6133
4,9.0,12.0,SPEAKER_02,"get into the end of meeting, we're kind of talking about action",0.7322
5,10.5,13.5,SPEAKER_02,we're kind of talking about action and design as opposed to background.,0.7322
6,12.0,15.0,SPEAKER_02,and design as opposed to background. Everything I have is kind of background.,0.7725
7,15.0,18.0,SPEAKER_00,"Okay, we're all ready to do. We'll have it in",0.7125
8,16.5,19.5,SPEAKER_00,We'll have it in this meeting then.,0.6603
9,18.0,21.0,SPEAKER_00,this meeting then. If we...,0.7487
10,19.5,22.5,SPEAKER_00,If we... I'll,0.8275
11,21.0,24.0,SPEAKER_00,I'll just recap on the minutes,0.818
12,22.5,25.5,SPEAKER_00,just recap on the minutes from the last meeting.,0.818
13,24.0,27.0,SPEAKER_00,from the last meeting. We,0.8695
14,28.5,31.5,SPEAKER_00,on... decided on our target,0.8688
15,30.0,33.0,SPEAKER_00,decided on our target group being 15 to,0.8688
16,31.5,34.5,SPEAKER_00,group being 15 to 35.,0.8166
17,33.0,36.0,SPEAKER_00,35. We decided,0.8028
18,34.5,37.5,SPEAKER_00,We decided that it was,0.789
19,36.0,39.0,SPEAKER_00,that it was going to be,0.789
20,37.5,40.5,SPEAKER_00,going to be normally chargeable battery,0.789
21,39.0,42.0,SPEAKER_00,"normally chargeable battery power, that we're",0.789
22,40.5,43.5,SPEAKER_00,"power, that we're going to group our",0.789
23,42.0,45.0,SPEAKER_00,going to group our audio visual and,0.789
24,43.5,46.5,SPEAKER_00,audio visual and other functions into,0.789
25,45.0,48.0,SPEAKER_00,other functions into those categories. And,0.7553
26,46.5,49.5,SPEAKER_00,those categories. And I told you guys,0.7553
27,48.0,51.0,SPEAKER_00,I told you guys about the three,0.7216
28,49.5,52.5,SPEAKER_00,about the three new requirements about ignoring,0.7216
29,51.0,54.0,SPEAKER_00,"new requirements about ignoring teletext, ignoring everything except",0.7216
30,52.5,55.5,SPEAKER_00,"teletext, ignoring everything except the TV, and",0.7216
31,54.0,57.0,SPEAKER_00,"the TV, and trying to incorporate the",0.7216
32,55.5,58.5,SPEAKER_00,trying to incorporate the corporate color and slogan.,0.7216
33,57.0,60.0,SPEAKER_00,corporate color and slogan. So that was,0.7337
34,58.5,61.5,SPEAKER_00,So that was the last meeting. Is there anything?,0.7915
35,60.0,63.0,SPEAKER_00,the last meeting. Is there anything? Have I forgotten anything?,0.7764
36,64.5,67.5,SPEAKER_00,"we have the three presentations, and then if you have anything",0.7636
37,66.0,69.0,SPEAKER_00,then if you have anything that you know you're going,0.7636
38,67.5,70.5,SPEAKER_00,"that you know you're going to want to discuss, maybe",0.7636
39,69.0,72.0,SPEAKER_00,"to want to discuss, maybe just make a note of",0.7636
40,70.5,73.5,SPEAKER_00,just make a note of it and then we'll have,0.7636
41,72.0,75.0,SPEAKER_00,it and then we'll have all the discussion at the,0.7636
42,73.5,76.5,SPEAKER_00,all the discussion at the end. That might be a better idea this time.,0.5726
43,75.0,78.0,SPEAKER_00,end. That might be a better idea this time. And so if,0.6431
44,76.5,79.5,SPEAKER_00,And so if we start off with,0.7843
45,78.0,81.0,SPEAKER_00,we start off with Andrew and then Craig,0.7843
46,79.5,82.5,SPEAKER_00,"Andrew and then Craig and then David, is",0.7843
47,81.0,84.0,SPEAKER_00,"and then David, is that all right?",0.7843
48,82.5,85.5,SPEAKER_00,that all right? And,0.8068
49,84.0,87.0,SPEAKER_00,And then after,0.8292
50,85.5,88.5,SPEAKER_00,then after that we'll,0.8292
51,87.0,90.0,SPEAKER_00,that we'll have to,0.8292
52,88.5,91.5,SPEAKER_00,have to make some,0.8292
53,90.0,93.0,SPEAKER_00,make some decisions about,0.8292
54,91.5,94.5,SPEAKER_00,decisions about stuff.,0.5241
55,106.5,109.5,SPEAKER_00,How did we leave it,0.643
56,108.0,111.0,SPEAKER_00,How did we leave it with speech recognition now?,0.643
57,109.5,112.5,SPEAKER_00,with speech recognition now? Should we say,0.6089
58,111.0,114.0,SPEAKER_00,"Should we say we're going to try maybe incorporate it, but",0.5749
59,112.5,115.5,SPEAKER_00,"we're going to try maybe incorporate it, but we hadn't made a definite decision on that?",0.5749
60,114.0,117.0,SPEAKER_00,we hadn't made a definite decision on that?,0.5749
61,115.5,118.5,SPEAKER_00,We should also,0.7169
62,117.0,120.0,SPEAKER_00,We should also point out that the,0.8589
63,118.5,121.5,SPEAKER_00,point out that the final objective of this,0.8589
64,120.0,123.0,SPEAKER_00,final objective of this meeting is to,0.8589
65,121.5,124.5,SPEAKER_00,meeting is to reach a decision on,0.8589
66,123.0,126.0,SPEAKER_00,reach a decision on the concepts of the,0.8589
67,124.5,127.5,SPEAKER_00,the concepts of the product.,0.8589
68,126.0,129.0,SPEAKER_00,product. That's kind,0.7766
69,127.5,130.5,SPEAKER_00,"That's kind of the end result, hopefully.",0.6943
70,129.0,132.0,SPEAKER_00,"of the end result, hopefully.",0.6943
71,133.5,136.5,SPEAKER_02,Does it function,0.6907
72,135.0,138.0,SPEAKER_02,it function F8?,0.6907
73,144.0,147.0,SPEAKER_02,Come on. I think,0.7811
74,150.0,153.0,SPEAKER_02,me just start this.,0.5142
75,156.0,159.0,SPEAKER_02,"OK, great. So",0.6683
76,162.0,165.0,SPEAKER_02,"on. Oh, where did all go?",0.618
77,163.5,166.5,SPEAKER_02,"Oh, where did all go? It's not good.",0.6227
78,165.0,168.0,SPEAKER_02,"It's not good. OK,",0.6329
79,171.0,174.0,SPEAKER_02,just see where,0.5795
80,172.5,175.5,SPEAKER_02,see where I,0.5795
81,177.0,180.0,SPEAKER_02,find it. This,0.5446
82,178.5,181.5,SPEAKER_02,it. This looks more like it.,0.5446
83,180.0,183.0,SPEAKER_02,looks more like it. I think I,0.6314
84,181.5,184.5,SPEAKER_02,"I think I just open up the template. Okay,",0.6572
85,183.0,186.0,SPEAKER_02,"just open up the template. Okay, all right, so let's have",0.6572
86,184.5,187.5,SPEAKER_02,"all right, so let's have a look here. Okay, so",0.6835
87,186.0,189.0,SPEAKER_02,"a look here. Okay, so this is the method that I've taken.",0.6835
88,187.5,190.5,SPEAKER_02,this is the method that I've taken. Basically what I want,0.8038
89,189.0,192.0,SPEAKER_02,Basically what I want to do here before we get into,0.8038
90,190.5,193.5,SPEAKER_02,to do here before we get into it too far is I want to,0.8021
91,192.0,195.0,SPEAKER_02,it too far is I want to show you all the background information,0.8021
92,193.5,196.5,SPEAKER_02,show you all the background information I have that I think we need,0.8021
93,195.0,198.0,SPEAKER_02,I have that I think we need to acknowledge if we want this to,0.8021
94,196.5,199.5,SPEAKER_02,to acknowledge if we want this to be successful.,0.7822
95,198.0,201.0,SPEAKER_02,be successful. And then sort of go through,0.7822
96,199.5,202.5,SPEAKER_02,And then sort of go through some of the way that I've,0.7622
97,201.0,204.0,SPEAKER_02,some of the way that I've dealt with that information and then,0.7622
98,202.5,205.5,SPEAKER_02,dealt with that information and then sort of bring us all,0.7622
99,204.0,207.0,SPEAKER_02,sort of bring us all together into it to see how,0.7622
100,205.5,208.5,SPEAKER_02,together into it to see how this fits in with the overall,0.7622
101,207.0,210.0,SPEAKER_02,this fits in with the overall vision. So I've tried,0.7627
102,208.5,211.5,SPEAKER_02,vision. So I've tried to take a whole,0.7627
103,210.0,213.0,SPEAKER_02,to take a whole lot of market research,0.7631
104,211.5,214.5,SPEAKER_02,lot of market research and summarize it for,0.7631
105,213.0,216.0,SPEAKER_02,and summarize it for us and then identify,0.7631
106,214.5,217.5,SPEAKER_02,us and then identify trends that are sort,0.7631
107,216.0,219.0,SPEAKER_02,trends that are sort of in sync and,0.7631
108,217.5,220.5,SPEAKER_02,of in sync and are important to our,0.7631
109,219.0,222.0,SPEAKER_02,are important to our project plan that we,0.7631
110,220.5,223.5,SPEAKER_02,project plan that we have so far and,0.7631
111,222.0,225.0,SPEAKER_02,have so far and then initiate a,0.7631
112,223.5,226.5,SPEAKER_02,then initiate a kind of discussion on,0.7631
113,225.0,228.0,SPEAKER_02,kind of discussion on design options so that,0.7631
114,226.5,229.5,SPEAKER_02,design options so that it sort of helps,0.7631
115,228.0,231.0,SPEAKER_02,it sort of helps us to narrow in,0.7631
116,229.5,232.5,SPEAKER_02,us to narrow in on aspects that will,0.7631
117,231.0,234.0,SPEAKER_02,on aspects that will inform other elements of,0.7631
118,232.5,235.5,SPEAKER_02,inform other elements of the project. Does that,0.6966
119,234.0,237.0,SPEAKER_02,the project. Does that make sense? That sort of strategy. I,0.7314
120,235.5,238.5,SPEAKER_02,make sense? That sort of strategy. I thought that that will impact on the,0.7209
121,237.0,240.0,SPEAKER_02,"thought that that will impact on the rest of what we do, so that's",0.7529
122,238.5,241.5,SPEAKER_02,"rest of what we do, so that's why I suggested we do this.",0.7768
123,240.0,243.0,SPEAKER_02,"why I suggested we do this. Okay, so out of",0.7768
124,241.5,244.5,SPEAKER_02,"Okay, so out of different figures and",0.8006
125,243.0,246.0,SPEAKER_02,different figures and ratings of people in,0.8006
126,244.5,247.5,SPEAKER_02,"ratings of people in general, consumers in",0.8006
127,246.0,249.0,SPEAKER_02,"general, consumers in general, the number one",0.8006
128,247.5,250.5,SPEAKER_02,"general, the number one thing that was",0.8006
129,249.0,252.0,SPEAKER_02,thing that was found was that the,0.8006
130,250.5,253.5,SPEAKER_02,found was that the television remote control,0.8006
131,252.0,255.0,SPEAKER_02,television remote control of a fancy look,0.8006
132,253.5,256.5,SPEAKER_02,"of a fancy look and feel, okay,",0.8006
133,255.0,258.0,SPEAKER_02,"and feel, okay, and not, and specify",0.8006
134,256.5,259.5,SPEAKER_02,"and not, and specify not a functional look",0.8006
135,258.0,261.0,SPEAKER_02,"not a functional look or feel, fancy.",0.8326
136,259.5,262.5,SPEAKER_02,"or feel, fancy. However, this is where",0.8326
137,261.0,264.0,SPEAKER_02,"However, this is where we have to be",0.8645
138,262.5,265.5,SPEAKER_02,we have to be very creative about it.,0.8645
139,264.0,267.0,SPEAKER_02,very creative about it. Number two was that it,0.8828
140,265.5,268.5,SPEAKER_02,Number two was that it be innovative.,0.9011
141,267.0,270.0,SPEAKER_02,be innovative. That tells,0.8827
142,268.5,271.5,SPEAKER_02,That tells me that we have to,0.8643
143,270.0,273.0,SPEAKER_02,me that we have to find a way to,0.8643
144,271.5,274.5,SPEAKER_02,find a way to be innovative without adding,0.8643
145,273.0,276.0,SPEAKER_02,be innovative without adding unnecessary functional bits to,0.8643
146,274.5,277.5,SPEAKER_02,unnecessary functional bits to it. and third priority,0.8263
147,276.0,279.0,SPEAKER_02,it. and third priority for ease of,0.8263
148,277.5,280.5,SPEAKER_02,for ease of use. So again,0.8209
149,279.0,282.0,SPEAKER_02,use. So again that kind of gives,0.8209
150,280.5,283.5,SPEAKER_02,that kind of gives us a general picture,0.8535
151,282.0,285.0,SPEAKER_02,us a general picture of how it has,0.8535
152,283.5,286.5,SPEAKER_02,of how it has to be quite user-friendly,0.8535
153,285.0,288.0,SPEAKER_02,to be quite user-friendly while still having technology.,0.8535
154,286.5,289.5,SPEAKER_02,while still having technology. So I'll just say,0.8262
155,288.0,291.0,SPEAKER_02,So I'll just say right away as a bit,0.8262
156,289.5,292.5,SPEAKER_02,right away as a bit of a foreshadowing into how we,0.7989
157,291.0,294.0,SPEAKER_02,of a foreshadowing into how we proceed with this in terms,0.7989
158,292.5,295.5,SPEAKER_02,proceed with this in terms of marketing is that I,0.7989
159,294.0,297.0,SPEAKER_02,of marketing is that I think what we should think about,0.7989
160,295.5,298.5,SPEAKER_02,think what we should think about is how the,0.7989
161,297.0,300.0,SPEAKER_02,is how the,0.8381
162,298.5,301.5,SPEAKER_02,about how the innovation,0.8774
163,300.0,303.0,SPEAKER_02,about how the innovation contributes to the look,0.8774
164,301.5,304.5,SPEAKER_02,"contributes to the look and feel, and not",0.8774
165,303.0,306.0,SPEAKER_02,"and feel, and not so much to the",0.8774
166,304.5,307.5,SPEAKER_02,so much to the functionality of it.,0.8774
167,306.0,309.0,SPEAKER_02,"functionality of it. For example, when you pick it up",0.8243
168,307.5,310.5,SPEAKER_02,"For example, when you pick it up and push it like it all lights up",0.7713
169,309.0,312.0,SPEAKER_02,"and push it like it all lights up or something, you know what I mean?",0.7713
170,310.5,313.5,SPEAKER_02,"or something, you know what I mean? Or it's got something",0.8091
171,312.0,315.0,SPEAKER_02,Or it's got something else to it that,0.8091
172,313.5,316.5,SPEAKER_02,else to it that just seems innovative. Because obviously,0.8243
173,315.0,318.0,SPEAKER_02,just seems innovative. Because obviously the thing at the message here,0.8243
174,316.5,319.5,SPEAKER_02,the thing at the message here is ease of use.,0.8018
175,318.0,321.0,SPEAKER_02,is ease of use. So how do you,0.8314
176,319.5,322.5,SPEAKER_02,So how do you make innovation make something more,0.8609
177,321.0,324.0,SPEAKER_02,"make innovation make something more easy to use? Well, that's,",0.8766
178,322.5,325.5,SPEAKER_02,"easy to use? Well, that's, I guess, where we're going to go with",0.8766
179,324.0,327.0,SPEAKER_02,"I guess, where we're going to go with this. Okay, then the",0.8628
180,325.5,328.5,SPEAKER_02,"this. Okay, then the other aspect of the",0.8628
181,327.0,330.0,SPEAKER_02,other aspect of the market research I,0.8333
182,328.5,331.5,SPEAKER_02,market research I have here is on,0.8333
183,330.0,333.0,SPEAKER_02,"have here is on fashion style, which",0.8333
184,331.5,334.5,SPEAKER_02,"fashion style, which as we've agreed is",0.8333
185,333.0,336.0,SPEAKER_02,as we've agreed is a priority.,0.8333
186,334.5,337.5,SPEAKER_02,a priority. Top European,0.8319
187,336.0,339.0,SPEAKER_02,Top European fashion trend that,0.8306
188,337.5,340.5,SPEAKER_02,fashion trend that I read about,0.8306
189,339.0,342.0,SPEAKER_02,I read about says there's this,0.8306
190,340.5,343.5,SPEAKER_02,says there's this emerging theme of,0.8306
191,342.0,345.0,SPEAKER_02,emerging theme of fruit and vegetables.,0.8306
192,343.5,346.5,SPEAKER_02,fruit and vegetables. especially in clothes and furniture.,0.778
193,345.0,348.0,SPEAKER_02,especially in clothes and furniture. And when I first saw that,0.798
194,346.5,349.5,SPEAKER_02,"And when I first saw that I thought, well, do we want to",0.7817
195,348.0,351.0,SPEAKER_02,"I thought, well, do we want to actually try and think about this trend",0.838
196,349.5,352.5,SPEAKER_02,"actually try and think about this trend and how we add something to it,",0.838
197,351.0,354.0,SPEAKER_02,"and how we add something to it, or we get right into it,",0.838
198,352.5,355.5,SPEAKER_02,"or we get right into it, or we completely steer away from it?",0.838
199,354.0,357.0,SPEAKER_02,or we completely steer away from it? Do you know what I mean?,0.661
200,355.5,358.5,SPEAKER_02,Do you know what I mean? My feeling is that we,0.6606
201,357.0,360.0,SPEAKER_02,My feeling is that we do want to observe this,0.8373
202,358.5,361.5,SPEAKER_02,"do want to observe this trend, but we want",0.8373
203,360.0,363.0,SPEAKER_02,"trend, but we want to think also about the",0.8373
204,361.5,364.5,SPEAKER_02,to think also about the fact that it sort of,0.8373
205,363.0,366.0,SPEAKER_02,fact that it sort of has to fit in with,0.8373
206,364.5,367.5,SPEAKER_02,has to fit in with something which is not specifically,0.8373
207,366.0,369.0,SPEAKER_02,something which is not specifically electronics.,0.8373
208,367.5,370.5,SPEAKER_02,electronics. Because I think what,0.8289
209,369.0,372.0,SPEAKER_02,Because I think what we're in is partly sort,0.8205
210,370.5,373.5,SPEAKER_02,"we're in is partly sort of home decor, partly",0.8205
211,372.0,375.0,SPEAKER_02,"of home decor, partly something like a computer. So",0.8141
212,373.5,376.5,SPEAKER_02,something like a computer. So I think we might want to,0.8141
213,375.0,378.0,SPEAKER_02,I think we might want to be careful about how quickly we,0.8077
214,376.5,379.5,SPEAKER_02,be careful about how quickly we create like a remote control in,0.8077
215,378.0,381.0,SPEAKER_02,create like a remote control in the shape of an apple or,0.8077
216,379.5,382.5,SPEAKER_02,the shape of an apple or something. I think that would be pushing it.,0.6245
217,381.0,384.0,SPEAKER_02,something. I think that would be pushing it. And then,0.7007
218,382.5,385.5,SPEAKER_02,And then in terms of material trends,0.8531
219,384.0,387.0,SPEAKER_02,in terms of material trends are for things to,0.8531
220,385.5,388.5,SPEAKER_02,are for things to be soft and spongy and,0.8531
221,387.0,390.0,SPEAKER_02,be soft and spongy and sort of might say,0.8531
222,388.5,391.5,SPEAKER_02,"sort of might say ergonomic or friendly to handle,",0.8531
223,390.0,393.0,SPEAKER_02,"ergonomic or friendly to handle, which also indicated that",0.8531
224,391.5,394.5,SPEAKER_02,which also indicated that last year this was not,0.8531
225,393.0,396.0,SPEAKER_02,last year this was not the case. So probably,0.8581
226,394.5,397.5,SPEAKER_02,the case. So probably a lot of the,0.8581
227,396.0,399.0,SPEAKER_02,a lot of the competition on the market,0.8631
228,397.5,400.5,SPEAKER_02,competition on the market will be still,0.8631
229,399.0,402.0,SPEAKER_02,will be still in last year's mode.,0.868
230,400.5,403.5,SPEAKER_02,in last year's mode. So if we try and,0.868
231,402.0,405.0,SPEAKER_02,"So if we try and really capitalize on that,",0.8729
232,403.5,406.5,SPEAKER_02,"really capitalize on that, I think that'll be in",0.8729
233,405.0,408.0,SPEAKER_02,I think that'll be in our favor.,0.8729
234,408.0,411.0,SPEAKER_02,So this is the summary of,0.8259
235,409.5,412.5,SPEAKER_02,So this is the summary of everything. Style,0.8349
236,411.0,414.0,SPEAKER_02,everything. Style is number one thing in,0.8349
237,412.5,415.5,SPEAKER_02,is number one thing in the market of who we're,0.8439
238,414.0,417.0,SPEAKER_02,the market of who we're selling to.,0.8439
239,415.5,418.5,SPEAKER_02,selling to. Innovative design technology is,0.8494
240,417.0,420.0,SPEAKER_02,Innovative design technology is also a must in,0.8549
241,418.5,421.5,SPEAKER_02,also a must in that it seemed to,0.8549
242,420.0,423.0,SPEAKER_02,"that it seemed to be cutting edge, but ease",0.8549
243,421.5,424.5,SPEAKER_02,"be cutting edge, but ease of use has to",0.8549
244,423.0,426.0,SPEAKER_02,of use has to be ensured throughout. That was,0.8358
245,424.5,427.5,SPEAKER_02,be ensured throughout. That was like the number three thing.,0.828
246,426.0,429.0,SPEAKER_02,like the number three thing. And then they're,0.8145
247,427.5,430.5,SPEAKER_02,And then they're vibrant natural,0.8123
248,429.0,432.0,SPEAKER_02,vibrant natural colors. That's the way,0.8603
249,430.5,433.5,SPEAKER_02,colors. That's the way I interpreted it anyway.,0.8603
250,432.0,435.0,SPEAKER_02,"I interpreted it anyway. Softness and material,",0.8899
251,433.5,436.5,SPEAKER_02,"Softness and material, shape and function.",0.8899
252,435.0,438.0,SPEAKER_02,shape and function. And so I've written at the,0.8507
253,436.5,439.5,SPEAKER_02,And so I've written at the bottom to give us sort of a,0.8299
254,438.0,441.0,SPEAKER_02,bottom to give us sort of a context of discussion. Mac,0.7858
255,439.5,442.5,SPEAKER_02,"context of discussion. Mac iPods, something which is,",0.7858
256,441.0,444.0,SPEAKER_02,"iPods, something which is, I'd have to say",0.7417
257,442.5,445.5,SPEAKER_02,"I'd have to say very high tech, 10",0.7417
258,444.0,447.0,SPEAKER_02,"very high tech, 10 gigabytes or whatever.",0.7417
259,445.5,448.5,SPEAKER_02,"gigabytes or whatever. But when you hold it in your hand, there's like",0.7604
260,447.0,450.0,SPEAKER_02,"But when you hold it in your hand, there's like no buttons. You know",0.5575
261,448.5,451.5,SPEAKER_02,no buttons. You know what a Mac iPod is? I'm thinking,0.635
262,450.0,453.0,SPEAKER_02,what a Mac iPod is? I'm thinking however Mac iPod is sort,0.5629
263,451.5,454.5,SPEAKER_02,however Mac iPod is sort of last year's because it's very,0.7898
264,453.0,456.0,SPEAKER_02,of last year's because it's very hard and sort of glassy,0.7898
265,454.5,457.5,SPEAKER_02,hard and sort of glassy and glossy so I'm thinking,0.7898
266,456.0,459.0,SPEAKER_02,and glossy so I'm thinking if we imagine that we're,0.7898
267,457.5,460.5,SPEAKER_02,if we imagine that we're taking some of the features of,0.7898
268,459.0,462.0,SPEAKER_02,taking some of the features of a Mac iPod and we're,0.7898
269,460.5,463.5,SPEAKER_02,a Mac iPod and we're then making it's more of,0.7898
270,462.0,465.0,SPEAKER_02,then making it's more of like a more of like,0.7898
271,463.5,466.5,SPEAKER_02,like a more of like a comfortable type of more of,0.7898
272,465.0,468.0,SPEAKER_02,a comfortable type of more of like,0.7898
273,466.5,469.5,SPEAKER_02,like maybe more,0.7703
274,468.0,471.0,SPEAKER_02,"maybe more vibrant, friendly thing",0.7509
275,469.5,472.5,SPEAKER_02,"vibrant, friendly thing to have. And",0.8003
276,471.0,474.0,SPEAKER_02,"to have. And then so this is,",0.8003
277,472.5,475.5,SPEAKER_02,"then so this is, with all that information,",0.8497
278,474.0,477.0,SPEAKER_02,"with all that information, what I'm suggesting in",0.8497
279,475.5,478.5,SPEAKER_02,what I'm suggesting in this slide here is,0.8497
280,477.0,480.0,SPEAKER_02,this slide here is that we take these,0.8497
281,478.5,481.5,SPEAKER_02,that we take these ideas and as we,0.8497
282,480.0,483.0,SPEAKER_02,"ideas and as we get into more, the",0.8497
283,481.5,484.5,SPEAKER_02,"get into more, the more, like sort of",0.8497
284,483.0,486.0,SPEAKER_02,"more, like sort of production side of things",0.8497
285,484.5,487.5,SPEAKER_02,production side of things that we think about,0.8497
286,486.0,489.0,SPEAKER_02,"that we think about shape, materials and themes",0.8497
287,487.5,490.5,SPEAKER_02,"shape, materials and themes or series that",0.8497
288,489.0,492.0,SPEAKER_02,"or series that go throughout, sort of",0.8497
289,490.5,493.5,SPEAKER_02,"go throughout, sort of like,",0.8497
290,492.0,495.0,SPEAKER_02,"like, I don't know, we",0.8537
291,493.5,496.5,SPEAKER_02,"I don't know, we think of some kind of a",0.8577
292,495.0,498.0,SPEAKER_02,think of some kind of a theme that unifies it all that,0.8577
293,496.5,499.5,SPEAKER_02,theme that unifies it all that we agree on.,0.755
294,498.0,501.0,SPEAKER_02,we agree on. Sort of like,0.755
295,499.5,502.5,SPEAKER_02,Sort of like a marketing identity.,0.6522
296,501.0,504.0,SPEAKER_02,a marketing identity. Does that,0.6581
297,502.5,505.5,SPEAKER_02,Does that make sense? Yeah.,0.658
298,504.0,507.0,SPEAKER_02,make sense? Yeah. So I threw out,0.6993
299,505.5,508.5,SPEAKER_02,So I threw out a few ideas there,0.717
300,507.0,510.0,SPEAKER_02,a few ideas there just to kind of get,0.782
301,508.5,511.5,SPEAKER_02,"just to kind of get us thinking along those lines,",0.782
302,510.0,513.0,SPEAKER_02,"us thinking along those lines, like lemon, lime, I don't",0.782
303,511.5,514.5,SPEAKER_02,"like lemon, lime, I don't know, green colors, whatever.",0.6215
304,513.0,516.0,SPEAKER_02,"know, green colors, whatever. Just an idea. Because I'm",0.6915
305,514.5,517.5,SPEAKER_02,Just an idea. Because I'm thinking that some of these,0.6463
306,516.0,519.0,SPEAKER_02,thinking that some of these ideas will seem quite coherent if,0.8316
307,517.5,520.5,SPEAKER_02,ideas will seem quite coherent if we use them in terms,0.8316
308,519.0,522.0,SPEAKER_02,we use them in terms of what people associate them,0.8316
309,520.5,523.5,SPEAKER_02,"of what people associate them with in terms of texture,",0.8316
310,522.0,525.0,SPEAKER_02,"with in terms of texture, shape, colors, things like that.",0.8316
311,526.5,529.5,SPEAKER_02,The ones which I'm most fond of,0.7849
312,528.0,531.0,SPEAKER_02,I'm most fond of in terms of giving,0.7849
313,529.5,532.5,SPEAKER_02,in terms of giving a theme to it,0.7849
314,531.0,534.0,SPEAKER_02,a theme to it would be lemon or,0.7849
315,532.5,535.5,SPEAKER_02,would be lemon or something like that.,0.8003
316,534.0,537.0,SPEAKER_02,something like that. Something which you,0.8003
317,535.5,538.5,SPEAKER_02,Something which you see a lot,0.8156
318,537.0,540.0,SPEAKER_02,see a lot in other,0.8156
319,538.5,541.5,SPEAKER_02,in other areas. I see,0.8231
320,540.0,543.0,SPEAKER_02,areas. I see lots of websites and,0.8231
321,541.5,544.5,SPEAKER_02,lots of websites and things that seem to,0.8305
322,543.0,546.0,SPEAKER_02,things that seem to associate with lemon and,0.8305
323,544.5,547.5,SPEAKER_02,associate with lemon and lime. Just an,0.8782
324,546.0,549.0,SPEAKER_02,lime. Just an idea. I'm thinking maybe,0.8696
325,547.5,550.5,SPEAKER_02,idea. I'm thinking maybe we could incorporate some,0.8892
326,549.0,552.0,SPEAKER_02,we could incorporate some of these features into,0.8524
327,550.5,553.5,SPEAKER_02,of these features into a fairly into something which,0.8524
328,552.0,555.0,SPEAKER_02,a fairly into something which is which seems to,0.8524
329,553.5,556.5,SPEAKER_02,is which seems to have something to which,0.8524
330,555.0,558.0,SPEAKER_02,have something to which is almost gimmicky because like,0.8524
331,556.5,559.5,SPEAKER_02,is almost gimmicky because like like something to do,0.8524
332,558.0,561.0,SPEAKER_02,like something to do with like lighting within it,0.8524
333,559.5,562.5,SPEAKER_02,with like lighting within it like you know just,0.8524
334,561.0,564.0,SPEAKER_02,like you know just in the simple sense,0.8524
335,562.5,565.5,SPEAKER_02,in the simple sense when you pick up a,0.8524
336,564.0,567.0,SPEAKER_02,when you pick up a phone and touch a,0.8524
337,565.5,568.5,SPEAKER_02,phone and touch a button it lights up,0.7956
338,567.0,570.0,SPEAKER_02,button it lights up Usually the buttons light up.,0.7956
339,568.5,571.5,SPEAKER_02,Usually the buttons light up. How can we build on that?,0.7818
340,570.0,573.0,SPEAKER_02,How can we build on that? Maybe like it could light up,0.8164
341,571.5,574.5,SPEAKER_02,Maybe like it could light up in different colors or something. Or,0.8237
342,573.0,576.0,SPEAKER_02,in different colors or something. Or people could buy,0.8232
343,574.5,577.5,SPEAKER_02,people could buy the control and,0.7609
344,576.0,579.0,SPEAKER_02,the control and then it comes,0.7609
345,577.5,580.5,SPEAKER_02,then it comes with different covers,0.7609
346,579.0,582.0,SPEAKER_02,"with different covers or something. Anyway, that's",0.7775
347,580.5,583.5,SPEAKER_02,"or something. Anyway, that's all I have, but",0.7775
348,582.0,585.0,SPEAKER_02,"all I have, but hopefully we can revisit",0.7942
349,583.5,586.5,SPEAKER_02,hopefully we can revisit those ideas when we,0.7942
350,585.0,588.0,SPEAKER_02,those ideas when we get into...,0.7942
351,589.5,592.5,SPEAKER_00,great. Thank you for,0.7349
352,591.0,594.0,SPEAKER_00,"Thank you for that. Craig, do you",0.5777
353,592.5,595.5,SPEAKER_00,"that. Craig, do you want to...",0.5777
354,594.0,597.0,SPEAKER_00,want to... Plug,0.4663
355,595.5,598.5,SPEAKER_00,Plug yours in.,0.58
356,640.5,643.5,SPEAKER_02,Is it working?,0.3587
357,660.0,663.0,SPEAKER_00,There we go.,0.2683
358,661.5,664.5,SPEAKER_00,There we go.,0.2683
359,664.5,667.5,SPEAKER_03,That's a database concept.,0.6462
360,666.0,669.0,SPEAKER_03,database concept. To research,0.5498
361,667.5,670.5,SPEAKER_03,"To research it, I've had a",0.4535
362,669.0,672.0,SPEAKER_03,"it, I've had a look on the home",0.4535
363,670.5,673.5,SPEAKER_03,look on the home page again. It's provided me,0.4768
364,672.0,675.0,SPEAKER_03,page again. It's provided me with more examples of,0.4768
365,673.5,676.5,SPEAKER_03,with more examples of previous existing control controls.,0.5001
366,675.0,678.0,SPEAKER_03,previous existing control controls.,0.5001
367,676.5,679.5,SPEAKER_03,There's a wee bit,0.6994
368,678.0,681.0,SPEAKER_03,There's a wee bit of discussion about the existing,0.6994
369,679.5,682.5,SPEAKER_03,of discussion about the existing ones there. So I've,0.5825
370,681.0,684.0,SPEAKER_03,ones there. So I've taken the suggestions from,0.5825
371,682.5,685.5,SPEAKER_03,taken the suggestions from them and tried,0.4656
372,684.0,687.0,SPEAKER_03,them and tried to incorporate them into,0.4656
373,685.5,688.5,SPEAKER_03,to incorporate them into this.,0.4656
374,687.0,690.0,SPEAKER_03,this. At the end of,0.5659
375,688.5,691.5,SPEAKER_03,"At the end of this, we're looking for",0.6663
376,690.0,693.0,SPEAKER_03,"this, we're looking for suggestions on the size of",0.6663
377,691.5,694.5,SPEAKER_03,"suggestions on the size of the control and the buttons,",0.6663
378,693.0,696.0,SPEAKER_03,"the control and the buttons, the shape of the",0.6663
379,694.5,697.5,SPEAKER_03,"the shape of the control, and where the buttons",0.6663
380,696.0,699.0,SPEAKER_03,"control, and where the buttons should be located on",0.6663
381,697.5,700.5,SPEAKER_03,should be located on the control.,0.6663
382,700.5,703.5,SPEAKER_03,What I found,0.5359
383,702.0,705.0,SPEAKER_03,What I found from the research is that most of,0.5359
384,703.5,706.5,SPEAKER_03,from the research is that most of the current controls are just basically,0.5359
385,705.0,708.0,SPEAKER_03,the current controls are just basically big bricks with loads of buttons all,0.5359
386,706.5,709.5,SPEAKER_03,big bricks with loads of buttons all over them.,0.5359
387,708.0,711.0,SPEAKER_03,over them. They're not,0.6187
388,709.5,712.5,SPEAKER_03,They're not very attractive to look at and they're,0.7014
389,711.0,714.0,SPEAKER_03,very attractive to look at and they're not very comfortable to hold. They are,0.6854
390,712.5,715.5,SPEAKER_03,not very comfortable to hold. They are just holding big bricks and,0.6854
391,714.0,717.0,SPEAKER_03,just holding big bricks and they're very easily lost.,0.6693
392,715.5,718.5,SPEAKER_03,they're very easily lost. They tend to be,0.6203
393,717.0,720.0,SPEAKER_03,"They tend to be very dark colors, so if they're",0.5713
394,718.5,721.5,SPEAKER_03,"very dark colors, so if they're shadowy places down inside the couches,",0.5713
395,720.0,723.0,SPEAKER_03,"shadowy places down inside the couches, you can't really see them.",0.5771
396,721.5,724.5,SPEAKER_03,you can't really see them. The controls themselves,0.5771
397,723.0,726.0,SPEAKER_03,The controls themselves tend to use,0.5828
398,724.5,727.5,SPEAKER_03,tend to use a very consistent,0.5828
399,726.0,729.0,SPEAKER_03,a very consistent color scheme.,0.5828
400,727.5,730.5,SPEAKER_03,"color scheme. For instance,",0.6117
401,729.0,732.0,SPEAKER_03,"For instance, the standby button isn't",0.6406
402,730.5,733.5,SPEAKER_03,the standby button isn't always red. It really should be. It's,0.5544
403,732.0,735.0,SPEAKER_03,always red. It really should be. It's something that the user then,0.5544
404,733.5,736.5,SPEAKER_03,something that the user then identify with. This is a,0.5895
405,735.0,738.0,SPEAKER_03,identify with. This is a red switch off. That's how it should,0.5527
406,736.5,739.5,SPEAKER_03,red switch off. That's how it should be.,0.544
407,738.0,741.0,SPEAKER_03,be. I'm not sure if there's any,0.4983
408,739.5,742.5,SPEAKER_03,"I'm not sure if there's any other examples of that, but something to",0.5175
409,741.0,744.0,SPEAKER_03,"other examples of that, but something to look out for.",0.5175
410,742.5,745.5,SPEAKER_03,look out for. So from,0.5648
411,744.0,747.0,SPEAKER_03,So from that I've got a,0.6122
412,745.5,748.5,SPEAKER_03,that I've got a couple of preferences,0.6122
413,747.0,750.0,SPEAKER_03,couple of preferences for the end control.,0.6122
414,748.5,751.5,SPEAKER_03,for the end control.,0.6122
415,750.0,753.0,SPEAKER_03,Again with the red,0.6406
416,751.5,754.5,SPEAKER_03,Again with the red color button for standby and,0.6691
417,753.0,756.0,SPEAKER_03,color button for standby and the other examples of that.,0.6691
418,754.5,757.5,SPEAKER_03,the other examples of that.,0.6691
419,756.0,759.0,SPEAKER_03,"The buttons should be large, they shouldn't",0.6378
420,757.5,760.5,SPEAKER_03,"The buttons should be large, they shouldn't be tiny little things like you get",0.6065
421,759.0,762.0,SPEAKER_03,"be tiny little things like you get on some mobile phones, they should be",0.6065
422,760.5,763.5,SPEAKER_03,"on some mobile phones, they should be easy to press, very comfortable.",0.6065
423,762.0,765.0,SPEAKER_03,"easy to press, very comfortable. One of",0.6789
424,763.5,766.5,SPEAKER_03,One of the examples given on,0.7513
425,765.0,768.0,SPEAKER_03,the examples given on the home page was,0.7513
426,766.5,769.5,SPEAKER_03,the home page was there's an up and,0.7513
427,768.0,771.0,SPEAKER_03,there's an up and down volume button. Both of,0.6864
428,769.5,772.5,SPEAKER_03,down volume button. Both of them have a V on them. So the,0.6263
429,771.0,774.0,SPEAKER_03,them have a V on them. So the up volume button looks like it should be a,0.5637
430,772.5,775.5,SPEAKER_03,up volume button looks like it should be a down volume button. That's kind of confusing.,0.4735
431,774.0,777.0,SPEAKER_03,down volume button. That's kind of confusing. It should,0.5785
432,775.5,778.5,SPEAKER_03,It should avoid things like that.,0.7885
433,777.0,780.0,SPEAKER_03,avoid things like that.,0.7885
434,778.5,781.5,SPEAKER_03,If the corporate color,0.6806
435,780.0,783.0,SPEAKER_03,"If the corporate color scheme allows it, we should have",0.6806
436,781.5,784.5,SPEAKER_03,"scheme allows it, we should have a very bright color so that",0.6806
437,783.0,786.0,SPEAKER_03,a very bright color so that it can be identified anywhere.,0.6806
438,784.5,787.5,SPEAKER_03,it can be identified anywhere. Obviously trying,0.6307
439,786.0,789.0,SPEAKER_03,Obviously trying to avoid being tacky,0.5808
440,787.5,790.5,SPEAKER_03,to avoid being tacky there but it could time,0.5808
441,789.0,792.0,SPEAKER_03,there but it could time very easily with your alignment,0.5808
442,795.0,798.0,SPEAKER_00,think it's yellow because the website is yellow and there's a,0.6451
443,796.5,799.5,SPEAKER_00,website is yellow and there's a band at the bottom of,0.6451
444,798.0,801.0,SPEAKER_00,band at the bottom of the yellow. The Play,0.5969
445,799.5,802.5,SPEAKER_00,the yellow. The Play Doh is yellow.,0.5969
446,801.0,804.0,SPEAKER_00,Doh is yellow. Definitely,0.5345
447,802.5,805.5,SPEAKER_00,Definitely food for thought they're,0.5345
448,804.0,807.0,SPEAKER_00,food for thought they're ever-keegering and we'll discuss,0.5203
449,805.5,808.5,SPEAKER_00,ever-keegering and we'll discuss that.,0.5203
450,808.5,811.5,SPEAKER_03,Any extra features we add beyond the basic ones should be hidden.,0.7873
451,810.0,813.0,SPEAKER_03,the basic ones should be hidden. They shouldn't be,0.61
452,811.5,814.5,SPEAKER_03,They shouldn't be visible without something being,0.4328
453,813.0,816.0,SPEAKER_03,visible without something being opened or some,0.4328
454,814.5,817.5,SPEAKER_03,opened or some sort of special,0.4328
455,816.0,819.0,SPEAKER_03,sort of special extra effort.,0.4328
456,817.5,820.5,SPEAKER_03,extra effort. If we do decide to go,0.5325
457,819.0,822.0,SPEAKER_03,"If we do decide to go for voice activation, this should all",0.6322
458,820.5,823.5,SPEAKER_03,"for voice activation, this should all be about a misalternative, possibly hidden",0.6322
459,822.0,825.0,SPEAKER_03,"be about a misalternative, possibly hidden in the opened up section.",0.6322
460,823.5,826.5,SPEAKER_03,in the opened up section. In case something was,0.5978
461,825.0,828.0,SPEAKER_03,In case something was wrong with it or,0.5635
462,826.5,829.5,SPEAKER_03,"wrong with it or something used voice, maybe they",0.5635
463,828.0,831.0,SPEAKER_03,"something used voice, maybe they got a cold or... We",0.5635
464,829.5,832.5,SPEAKER_03,got a cold or... We should definitely avoid the,0.5635
465,831.0,834.0,SPEAKER_03,should definitely avoid the big square block.,0.5631
466,832.5,835.5,SPEAKER_03,big square block. That's just wrong.,0.5631
467,834.0,837.0,SPEAKER_03,That's just wrong. And we've,0.6261
468,835.5,838.5,SPEAKER_03,And we've got an email from,0.6261
469,837.0,840.0,SPEAKER_03,got an email from the research department and they've,0.6895
470,838.5,841.5,SPEAKER_03,the research department and they've said that the voice,0.6895
471,840.0,843.0,SPEAKER_03,said that the voice control can now talk back,0.6895
472,841.5,844.5,SPEAKER_03,control can now talk back if you ask it,0.6895
473,843.0,846.0,SPEAKER_03,if you ask it a question.,0.6895
474,844.5,847.5,SPEAKER_03,a question. So it could be good to,0.6287
475,846.0,849.0,SPEAKER_03,So it could be good to have them confirm any action you take.,0.5679
476,847.5,850.5,SPEAKER_03,have them confirm any action you take. That's,0.4009
477,849.0,852.0,SPEAKER_03,That's a good possibility.,0.234
478,850.5,853.5,SPEAKER_03,a good possibility.,0.234
479,852.0,855.0,SPEAKER_03,Right. These are,0.3282
480,853.5,856.5,SPEAKER_03,Right. These are problems I've had with it. I,0.4138
481,855.0,858.0,SPEAKER_03,"problems I've had with it. I don't know where the slogan should go,",0.5292
482,856.5,859.5,SPEAKER_03,"don't know where the slogan should go, or really what the slogan is.",0.5071
483,858.0,861.0,SPEAKER_03,or really what the slogan is. I think it's fashion into,0.5071
484,859.5,862.5,SPEAKER_03,I think it's fashion into electronics. Yeah.,0.4672
485,861.0,864.0,SPEAKER_03,electronics. Yeah. And we don't know if that's what the color scheme,0.4672
486,862.5,865.5,SPEAKER_03,And we don't know if that's what the color scheme is. You can say,0.4832
487,864.0,867.0,SPEAKER_03,"is. You can say you want the corporate colors, but",0.4832
488,865.5,868.5,SPEAKER_03,"you want the corporate colors, but they don't say if we can use",0.5969
489,867.0,870.0,SPEAKER_03,they don't say if we can use any other colors at all.,0.5969
490,879.0,882.0,SPEAKER_00,"Yeah, that was very",0.4724
491,895.5,898.5,SPEAKER_02,It's a shame the cable,0.6902
492,897.0,900.0,SPEAKER_02,a shame the cable wasn't just in,0.6902
493,898.5,901.5,SPEAKER_02,wasn't just in the middle of,0.6902
494,900.0,903.0,SPEAKER_02,the middle of the table. I know,0.4837
495,901.5,904.5,SPEAKER_02,"the table. I know it would be handy, wouldn't it?",0.4948
496,903.0,906.0,SPEAKER_02,"it would be handy, wouldn't it?",0.3971
497,916.5,919.5,SPEAKER_00,"you want to sit in the liner side of this? OK,",0.6118
498,918.0,921.0,SPEAKER_00,"liner side of this? OK, let me just",0.6118
499,919.5,922.5,SPEAKER_00,let me just get this going first.,0.5826
500,921.0,924.0,SPEAKER_00,get this going first.,0.5826
501,924.0,927.0,SPEAKER_01,There it is.,0.4173
502,925.5,928.5,SPEAKER_01,There it is.,0.4173
503,957.0,960.0,SPEAKER_01,"Okay, I guess the same thing",0.8168
504,958.5,961.5,SPEAKER_01,"I guess the same thing again, I started with",0.8168
505,960.0,963.0,SPEAKER_01,"again, I started with something very basic.",0.8168
506,961.5,964.5,SPEAKER_01,something very basic. So just so you,0.7972
507,963.0,966.0,SPEAKER_01,So just so you guys have some idea of what's,0.7775
508,964.5,967.5,SPEAKER_01,"guys have some idea of what's involved in my process, and",0.7775
509,966.0,969.0,SPEAKER_01,"involved in my process, and then you can just work through",0.7775
510,967.5,970.5,SPEAKER_01,then you can just work through it and we'll either modify,0.7775
511,969.0,972.0,SPEAKER_01,"it and we'll either modify it or start from scratch, depending",0.7775
512,970.5,973.5,SPEAKER_01,"it or start from scratch, depending on what your needs are.",0.7966
513,972.0,975.0,SPEAKER_01,on what your needs are. The components are exactly the,0.7966
514,973.5,976.5,SPEAKER_01,The components are exactly the same.,0.7879
515,975.0,978.0,SPEAKER_01,"same. I think, like what you",0.7879
516,976.5,979.5,SPEAKER_01,"I think, like what you guys said, the most input",0.7601
517,978.0,981.0,SPEAKER_01,"guys said, the most input that's needed is basically in",0.7601
518,979.5,982.5,SPEAKER_01,that's needed is basically in the user interface. The rest,0.8154
519,981.0,984.0,SPEAKER_01,"the user interface. The rest of the components, they do",0.8154
520,982.5,985.5,SPEAKER_01,"of the components, they do have an impact in terms",0.8706
521,984.0,987.0,SPEAKER_01,have an impact in terms of cost and complexity.,0.8706
522,985.5,988.5,SPEAKER_01,"of cost and complexity. Like you said, time to",0.8602
523,987.0,990.0,SPEAKER_01,"Like you said, time to market was a problem. And",0.7557
524,988.5,991.5,SPEAKER_01,market was a problem. And how many components are physically in there,0.7557
525,990.0,993.0,SPEAKER_01,how many components are physically in there and cost. And the power is,0.7708
526,991.5,994.5,SPEAKER_01,and cost. And the power is basically a factor of that.,0.7708
527,993.0,996.0,SPEAKER_01,"basically a factor of that. And the lower components,",0.8159
528,994.5,997.5,SPEAKER_01,"And the lower components, the power, the logic, the",0.7517
529,996.0,999.0,SPEAKER_01,"the power, the logic, the transmitter, and the infrared, they",0.7517
530,997.5,1000.5,SPEAKER_01,"transmitter, and the infrared, they affect you in terms of",0.7517
531,999.0,1002.0,SPEAKER_01,affect you in terms of the size. of your device,0.7739
532,1000.5,1003.5,SPEAKER_01,the size. of your device and that would have,0.7739
533,1002.0,1005.0,SPEAKER_01,and that would have some impact on how I,0.796
534,1003.5,1006.5,SPEAKER_01,some impact on how I think more how you hold,0.796
535,1005.0,1008.0,SPEAKER_01,think more how you hold rather than the actual,0.796
536,1006.5,1009.5,SPEAKER_01,rather than the actual use using the remote control,0.796
537,1008.0,1011.0,SPEAKER_01,use using the remote control because like we've said we've,0.796
538,1009.5,1012.5,SPEAKER_01,because like we've said we've defined like we only,0.796
539,1011.0,1014.0,SPEAKER_01,defined like we only want the basic things that,0.796
540,1012.5,1015.5,SPEAKER_01,want the basic things that to be visible in the,0.796
541,1014.0,1017.0,SPEAKER_01,to be visible in the rest of them we,0.796
542,1015.5,1018.5,SPEAKER_01,rest of them we try to hide so you,0.796
543,1017.0,1020.0,SPEAKER_01,try to hide so you know it's just a matter,0.796
544,1018.5,1021.5,SPEAKER_01,know it's just a matter of working out space.,0.8051
545,1020.0,1023.0,SPEAKER_01,of working out space. So I guess,0.8051
546,1021.5,1024.5,SPEAKER_01,"So I guess three things, cost,",0.8142
547,1023.0,1026.0,SPEAKER_01,"three things, cost, complexity and the",0.8142
548,1024.5,1027.5,SPEAKER_01,complexity and the size. These are the,0.8108
549,1026.0,1029.0,SPEAKER_01,size. These are the three things that will have an impact,0.8108
550,1027.5,1030.5,SPEAKER_01,three things that will have an impact on you. So just go,0.8139
551,1029.0,1032.0,SPEAKER_01,on you. So just go through the components.,0.8139
552,1030.5,1033.5,SPEAKER_01,through the components. These are the options,0.7871
553,1032.0,1035.0,SPEAKER_01,These are the options that are available to you.,0.779
554,1033.5,1036.5,SPEAKER_01,that are available to you. I'm not very sure about,0.779
555,1035.0,1038.0,SPEAKER_01,I'm not very sure about the voice thing because I got,0.8043
556,1036.5,1039.5,SPEAKER_01,the voice thing because I got another email and it was,0.8043
557,1038.0,1041.0,SPEAKER_01,another email and it was quite sketchy on what the voice,0.8043
558,1039.5,1042.5,SPEAKER_01,quite sketchy on what the voice options are. It said it could,0.837
559,1041.0,1044.0,SPEAKER_01,"options are. It said it could talk to you, but I never",0.837
560,1042.5,1045.5,SPEAKER_01,"talk to you, but I never said anything about being able to listen.",0.8696
561,1044.0,1047.0,SPEAKER_01,said anything about being able to listen. It said something about,0.8972
562,1045.5,1048.5,SPEAKER_01,"It said something about a sensor, but I never clarified",0.8972
563,1047.0,1050.0,SPEAKER_01,"a sensor, but I never clarified that. So maybe if you,",0.8164
564,1048.5,1051.5,SPEAKER_01,"that. So maybe if you, well, I could see the",0.8164
565,1050.0,1053.0,SPEAKER_01,"well, I could see the other email that they sent",0.708
566,1051.5,1054.5,SPEAKER_01,other email that they sent you because they got back,0.708
567,1053.0,1056.0,SPEAKER_01,you because they got back to me with different requirements,0.708
568,1054.5,1057.5,SPEAKER_01,to me with different requirements or different offerings of,0.708
569,1056.0,1059.0,SPEAKER_01,"or different offerings of what components are available. Okay, so",0.6936
570,1057.5,1060.5,SPEAKER_01,"what components are available. Okay, so your basic components are buttons.",0.6936
571,1059.0,1062.0,SPEAKER_01,"your basic components are buttons. Okay, and you have",0.7049
572,1060.5,1063.5,SPEAKER_01,"Okay, and you have a wheel available, like a mouse scroll wheel.",0.7305
573,1062.0,1065.0,SPEAKER_01,"a wheel available, like a mouse scroll wheel. Okay, there's an",0.7033
574,1063.5,1066.5,SPEAKER_01,"Okay, there's an LCD display.",0.7033
575,1065.0,1068.0,SPEAKER_01,LCD display. I think these are,0.668
576,1071.0,1074.0,SPEAKER_01,"No. Well, in a sense, these are all the options available for you.",0.5331
577,1072.5,1075.5,SPEAKER_01,these are all the options available for you. I explained to you the complexity and the,0.7996
578,1074.0,1077.0,SPEAKER_01,I explained to you the complexity and the cost thing again a bit later.,0.8288
579,1075.5,1078.5,SPEAKER_01,cost thing again a bit later. OK. Then,0.8475
580,1077.0,1080.0,SPEAKER_01,OK. Then there's how the case,0.8662
581,1078.5,1081.5,SPEAKER_01,there's how the case actually looks. It,0.854
582,1080.0,1083.0,SPEAKER_01,actually looks. It can actually be flat or it can,0.854
583,1081.5,1084.5,SPEAKER_01,can actually be flat or it can be curved.,0.8418
584,1083.0,1086.0,SPEAKER_01,be curved. And then the different types of,0.8542
585,1084.5,1087.5,SPEAKER_01,And then the different types of materials that you can use. I,0.8575
586,1086.0,1089.0,SPEAKER_01,materials that you can use. I don't think you can use them in,0.8575
587,1087.5,1090.5,SPEAKER_01,don't think you can use them in a combination.,0.8483
588,1089.0,1092.0,SPEAKER_01,a combination. But I could,0.8531
589,1090.5,1093.5,SPEAKER_01,But I could check back for you. But,0.8552
590,1092.0,1095.0,SPEAKER_01,check back for you. But I don't think you can actually use them in,0.8552
591,1098.0,1101.0,SPEAKER_01,"think plastic and rubber would be fine, but plastic,",0.8217
592,1099.5,1102.5,SPEAKER_01,"would be fine, but plastic, rubber and wood, I'm not",0.8217
593,1101.0,1104.0,SPEAKER_01,"rubber and wood, I'm not very sure about the titanium.",0.8217
594,1102.5,1105.5,SPEAKER_01,very sure about the titanium. They had some,0.8438
595,1104.0,1107.0,SPEAKER_01,They had some restrictions on using the rubber and the,0.8659
596,1105.5,1108.5,SPEAKER_01,restrictions on using the rubber and the titanium. The rubber,0.8735
597,1107.0,1110.0,SPEAKER_01,titanium. The rubber was a restriction on the,0.8735
598,1108.5,1111.5,SPEAKER_01,was a restriction on the kind of power source you could,0.8811
599,1110.0,1113.0,SPEAKER_01,"kind of power source you could use, but the titanium had",0.8811
600,1111.5,1114.5,SPEAKER_01,"use, but the titanium had a different kind of things",0.8811
601,1113.0,1116.0,SPEAKER_01,a different kind of things on the shape of the thing.,0.8811
602,1114.5,1117.5,SPEAKER_01,on the shape of the thing. So I think that,0.8423
603,1116.0,1119.0,SPEAKER_01,"So I think that there is some restriction on,",0.8423
604,1117.5,1120.5,SPEAKER_01,"there is some restriction on, I think you could probably",0.8036
605,1119.0,1122.0,SPEAKER_01,"I think you could probably group plastic and rubber together,",0.8036
606,1120.5,1123.5,SPEAKER_01,"group plastic and rubber together, wood and titanium, but it",0.8036
607,1122.0,1125.0,SPEAKER_01,"wood and titanium, but it might be easier from a",0.8036
608,1123.5,1126.5,SPEAKER_01,might be easier from a cost perspective and a complexity,0.8036
609,1125.0,1128.0,SPEAKER_01,cost perspective and a complexity just to use one.,0.6899
610,1126.5,1129.5,SPEAKER_01,just to use one. as opposed to,0.6899
611,1128.0,1131.0,SPEAKER_01,as opposed to two. And the,0.7419
612,1129.5,1132.5,SPEAKER_01,two. And the other components are logic chips.,0.7419
613,1131.0,1134.0,SPEAKER_01,"other components are logic chips. Again, I'll",0.9088
614,1132.5,1135.5,SPEAKER_01,"Again, I'll go back to the component chips.",0.91
615,1134.0,1137.0,SPEAKER_01,go back to the component chips. How complex,0.8652
616,1135.5,1138.5,SPEAKER_01,"How complex or how easy the logic is,",0.8652
617,1137.0,1140.0,SPEAKER_01,"or how easy the logic is, it depends on how many",0.8204
618,1138.5,1141.5,SPEAKER_01,it depends on how many functions you have on the,0.8204
619,1140.0,1143.0,SPEAKER_01,functions you have on the unit. And that,0.8076
620,1141.5,1144.5,SPEAKER_01,unit. And that impacts cost. I don't think,0.8297
621,1143.0,1146.0,SPEAKER_01,impacts cost. I don't think the logic chip has an issue about size,0.8343
622,1144.5,1147.5,SPEAKER_01,the logic chip has an issue about size because they should be about the same size.,0.8738
623,1146.0,1149.0,SPEAKER_01,because they should be about the same size. Power consumption should be about,0.8366
624,1147.5,1150.5,SPEAKER_01,Power consumption should be about the same. I think the,0.8087
625,1149.0,1152.0,SPEAKER_01,the same. I think the main impact is complexity.,0.8087
626,1150.5,1153.5,SPEAKER_01,main impact is complexity. And,0.7609
627,1152.0,1155.0,SPEAKER_01,And the other thing,0.7036
628,1153.5,1156.5,SPEAKER_01,the other thing is the power,0.7036
629,1155.0,1158.0,SPEAKER_01,is the power options. The first one is,0.6266
630,1156.5,1159.5,SPEAKER_01,options. The first one is the standard battery. The,0.6662
631,1158.0,1161.0,SPEAKER_01,"the standard battery. The second one, I think, is more",0.6475
632,1159.5,1162.5,SPEAKER_01,"second one, I think, is more of a gimmick than actually",0.7453
633,1161.0,1164.0,SPEAKER_01,of a gimmick than actually a usable thing. It's,0.6988
634,1162.5,1165.5,SPEAKER_01,a usable thing. It's a,0.6988
635,1164.0,1167.0,SPEAKER_01,a wind-up. But that,0.7435
636,1165.5,1168.5,SPEAKER_01,"wind-up. But that might be something, I",0.7435
637,1167.0,1170.0,SPEAKER_01,"might be something, I think that's more of",0.8348
638,1168.5,1171.5,SPEAKER_01,think that's more of a look and,0.8348
639,1170.0,1173.0,SPEAKER_01,a look and feel decision because I,0.8348
640,1171.5,1174.5,SPEAKER_01,feel decision because I don't think you can,0.8348
641,1173.0,1176.0,SPEAKER_01,don't think you can have one power source,0.8348
642,1174.5,1177.5,SPEAKER_01,have one power source if you're using,0.8348
643,1176.0,1179.0,SPEAKER_01,if you're using the alternative power sources.,0.8348
644,1177.5,1180.5,SPEAKER_01,the alternative power sources. I think whatever it,0.8312
645,1179.0,1182.0,SPEAKER_01,I think whatever it is you still need a battery because,0.8276
646,1180.5,1183.5,SPEAKER_01,is you still need a battery because I don't think anybody wants to,0.8276
647,1182.0,1185.0,SPEAKER_01,"I don't think anybody wants to keep doing one thing. Okay, the",0.7738
648,1183.5,1186.5,SPEAKER_01,"keep doing one thing. Okay, the other ones are a solar powered",0.7738
649,1185.0,1188.0,SPEAKER_01,"other ones are a solar powered cell, which may not be",0.7201
650,1186.5,1189.5,SPEAKER_01,"cell, which may not be a great idea in Europe or",0.7201
651,1188.0,1191.0,SPEAKER_01,a great idea in Europe or any country that has seasons because,0.7201
652,1189.5,1192.5,SPEAKER_01,any country that has seasons because half the year you'd be,0.7201
653,1191.0,1194.0,SPEAKER_01,half the year you'd be dead. So like what,0.778
654,1192.5,1195.5,SPEAKER_01,"dead. So like what I said, you probably need like",0.778
655,1194.0,1197.0,SPEAKER_01,"I said, you probably need like a battery and something else.",0.8359
656,1195.5,1198.5,SPEAKER_01,"a battery and something else. And the kinetic one, I",0.8097
657,1197.0,1200.0,SPEAKER_01,"And the kinetic one, I guess for me is the most",0.7835
658,1198.5,1201.5,SPEAKER_01,guess for me is the most interesting one because it's movement and,0.7835
659,1200.0,1203.0,SPEAKER_01,interesting one because it's movement and people like to fiddle with,0.7835
660,1201.5,1204.5,SPEAKER_01,people like to fiddle with there. And it's,0.7574
661,1203.0,1206.0,SPEAKER_01,"there. And it's a nice sales gimmick, I think, from",0.7574
662,1204.5,1207.5,SPEAKER_01,"a nice sales gimmick, I think, from a marketing gimmick. It's a",0.7944
663,1206.0,1209.0,SPEAKER_01,"a marketing gimmick. It's a technology thing, it's a shake",0.7944
664,1207.5,1210.5,SPEAKER_01,"technology thing, it's a shake it. It doesn't",0.7949
665,1209.0,1212.0,SPEAKER_01,"it. It doesn't work, shake it, knock it or something,",0.7949
666,1210.5,1213.5,SPEAKER_01,"work, shake it, knock it or something, you know. Have you had those",0.7694
667,1212.0,1215.0,SPEAKER_01,"you know. Have you had those balls, you know, those stress",0.7694
668,1213.5,1216.5,SPEAKER_01,"balls, you know, those stress balls where you bounce the",0.8066
669,1215.0,1218.0,SPEAKER_01,balls where you bounce the ball and it lights up and,0.8066
670,1216.5,1219.5,SPEAKER_01,"ball and it lights up and it goes, you know, that",0.8066
671,1218.0,1221.0,SPEAKER_01,"it goes, you know, that might be a gimmick combined",0.8066
672,1219.5,1222.5,SPEAKER_01,might be a gimmick combined with rubber.,0.8066
673,1221.0,1224.0,SPEAKER_01,"with rubber. You know, just to,",0.7709
674,1222.5,1225.5,SPEAKER_01,"You know, just to, if you get frustrated with remote",0.7351
675,1224.0,1227.0,SPEAKER_01,"if you get frustrated with remote control, you can throw it",0.7351
676,1225.5,1228.5,SPEAKER_01,"control, you can throw it kind of, you know, just",0.7351
677,1227.0,1230.0,SPEAKER_01,"kind of, you know, just the, you know.",0.7351
678,1228.5,1231.5,SPEAKER_01,"the, you know. So, okay, my,",0.7659
679,1230.0,1233.0,SPEAKER_01,"So, okay, my, from my role, I",0.7968
680,1231.5,1234.5,SPEAKER_01,"from my role, I don't think there are",0.7968
681,1233.0,1236.0,SPEAKER_01,"don't think there are personal preferences, but role",0.7968
682,1234.5,1237.5,SPEAKER_01,"personal preferences, but role preferences, I think something",0.8557
683,1236.0,1239.0,SPEAKER_01,"preferences, I think something comfortable to",0.8557
684,1237.5,1240.5,SPEAKER_01,comfortable to hold.,0.9145
685,1239.0,1242.0,SPEAKER_01,hold. Small and slim I,0.8374
686,1240.5,1243.5,SPEAKER_01,Small and slim I guess that's more in the,0.7603
687,1242.0,1245.0,SPEAKER_01,guess that's more in the sense of small and slim,0.7603
688,1243.5,1246.5,SPEAKER_01,sense of small and slim in terms of comfortable not so,0.7603
689,1245.0,1248.0,SPEAKER_01,in terms of comfortable not so small you can't you know,0.7603
690,1246.5,1249.5,SPEAKER_01,small you can't you know like a phone or some too,0.7603
691,1248.0,1251.0,SPEAKER_01,like a phone or some too small phone and the other,0.7603
692,1249.5,1252.5,SPEAKER_01,small phone and the other thing is from a production point,0.7603
693,1251.0,1254.0,SPEAKER_01,thing is from a production point of view the less components,0.7603
694,1252.5,1255.5,SPEAKER_01,of view the less components we use and the simpler the,0.7603
695,1254.0,1257.0,SPEAKER_01,we use and the simpler the components means you reduce your,0.7603
696,1255.5,1258.5,SPEAKER_01,components means you reduce your cost and you increase your,0.7603
697,1257.0,1260.0,SPEAKER_01,cost and you increase your profit. And also the,0.7981
698,1258.5,1261.5,SPEAKER_01,profit. And also the time to market and,0.7981
699,1260.0,1263.0,SPEAKER_01,"time to market and the complexity of developing,",0.836
700,1261.5,1264.5,SPEAKER_01,"the complexity of developing, designing and debugging",0.836
701,1263.0,1266.0,SPEAKER_01,"designing and debugging it. So,",0.7702
702,1264.5,1267.5,SPEAKER_01,"it. So, okay, let me just",0.7702
703,1266.0,1269.0,SPEAKER_01,"okay, let me just go back and",0.7044
704,1267.5,1270.5,SPEAKER_01,go back and talk about some of,0.7044
705,1269.0,1272.0,SPEAKER_01,talk about some of the restrictions.,0.7044
706,1270.5,1273.5,SPEAKER_01,the restrictions. The user,0.7511
707,1272.0,1275.0,SPEAKER_01,The user interface restrictions basically means that,0.7979
708,1273.5,1276.5,SPEAKER_01,interface restrictions basically means that if you use more,0.7979
709,1275.0,1278.0,SPEAKER_01,"if you use more complicated features, the buttons are",0.7979
710,1276.5,1279.5,SPEAKER_01,"complicated features, the buttons are standard.",0.7746
711,1278.0,1281.0,SPEAKER_01,standard. The LCD panel and,0.7746
712,1279.5,1282.5,SPEAKER_01,"The LCD panel and the scroll wheel,",0.7512
713,1281.0,1284.0,SPEAKER_01,"the scroll wheel, you need more complicated",0.7512
714,1282.5,1285.5,SPEAKER_01,you need more complicated logic.,0.7512
715,1284.0,1287.0,SPEAKER_01,"logic. With a rubber case, you",0.7984
716,1285.5,1288.5,SPEAKER_01,"With a rubber case, you can't have the solar panels.",0.8455
717,1287.0,1290.0,SPEAKER_01,can't have the solar panels.,0.7439
718,1290.0,1293.0,SPEAKER_01,"With the titanium case, let",0.6423
719,1291.5,1294.5,SPEAKER_01,"titanium case, let me just",0.6423
720,1293.0,1296.0,SPEAKER_01,me just check that.,0.6423
721,1296.0,1299.0,SPEAKER_01,titanium case can't be curved,0.6985
722,1297.5,1300.5,SPEAKER_01,titanium case can't be curved it has to be square,0.7546
723,1299.0,1302.0,SPEAKER_01,it has to be square okay okay um there's no,0.7546
724,1300.5,1303.5,SPEAKER_01,okay okay um there's no restriction on the plastic it,0.7546
725,1302.0,1305.0,SPEAKER_01,restriction on the plastic it can't be curved it can't be,0.7546
726,1303.5,1306.5,SPEAKER_01,can't be curved it can't be curved on the wood so,0.7546
727,1305.0,1308.0,SPEAKER_01,curved on the wood so that's again I don't think,0.7546
728,1306.5,1309.5,SPEAKER_01,that's again I don't think you can use them in,0.7546
729,1308.0,1311.0,SPEAKER_01,you can use them in a combination okay um especially the,0.7546
730,1309.5,1312.5,SPEAKER_01,a combination okay um especially the titanium I suspect they're very,0.7546
731,1311.0,1314.0,SPEAKER_01,titanium I suspect they're very fixed to a particular need,0.7546
732,1312.5,1315.5,SPEAKER_01,fixed to a particular need so um mixing them may,0.7546
733,1314.0,1317.0,SPEAKER_01,so um mixing them may not be a good idea,0.7578
734,1315.5,1318.5,SPEAKER_01,not be a good idea Can I,0.7578
735,1317.0,1320.0,SPEAKER_01,Can I ask,0.761
736,1318.5,1321.5,SPEAKER_01,ask a question?,0.761
737,1321.5,1324.5,SPEAKER_00,I'm quite keen to get,0.7871
738,1323.0,1326.0,SPEAKER_00,quite keen to get the discussion going with the,0.7871
739,1324.5,1327.5,SPEAKER_00,the discussion going with the time we've left.,0.7871
740,1327.5,1330.5,SPEAKER_02,Can we power a light in,0.8106
741,1329.0,1332.0,SPEAKER_02,power a light in this? Can we get a strong,0.812
742,1330.5,1333.5,SPEAKER_02,this? Can we get a strong enough battery to power a light?,0.812
743,1333.5,1336.5,SPEAKER_01,I think we could because the LCD panel requires power,0.7753
744,1335.0,1338.0,SPEAKER_01,because the LCD panel requires power and the LCD is a,0.7753
745,1336.5,1339.5,SPEAKER_01,and the LCD is a form of a light.,0.7753
746,1339.5,1342.5,SPEAKER_02,So maybe one of the things we can just try and include,0.7715
747,1341.0,1344.0,SPEAKER_02,things we can just try and include is a really good battery.,0.7715
748,1347.0,1350.0,SPEAKER_02,"I mean, I'm thinking it might be that for",0.7934
749,1348.5,1351.5,SPEAKER_02,it might be that for this to be a high,0.7934
750,1350.0,1353.0,SPEAKER_02,"this to be a high tech thing, it's going",0.7934
751,1351.5,1354.5,SPEAKER_02,"tech thing, it's going to have to have something",0.7934
752,1353.0,1356.0,SPEAKER_02,to have to have something high tech about it.,0.7934
753,1354.5,1357.5,SPEAKER_02,high tech about it. And it's going to take battery power.,0.7834
754,1357.5,1360.5,SPEAKER_01,And to make that to make that,0.8186
755,1359.0,1362.0,SPEAKER_01,"that to make that a realistic goal, I think",0.8186
756,1360.5,1363.5,SPEAKER_01,"a realistic goal, I think one of the issues",0.8186
757,1362.0,1365.0,SPEAKER_01,one of the issues that will come up later,0.8186
758,1363.5,1366.5,SPEAKER_01,that will come up later is are you thinking,0.8186
759,1365.0,1368.0,SPEAKER_01,is are you thinking of a light in the,0.8186
760,1366.5,1369.5,SPEAKER_01,of a light in the sense of a light,0.8186
761,1368.0,1371.0,SPEAKER_01,sense of a light light or a light in,0.8186
762,1369.5,1372.5,SPEAKER_01,light or a light in the sense of it,0.8186
763,1371.0,1374.0,SPEAKER_01,the sense of it glows kind I know,0.775
764,1375.5,1378.5,SPEAKER_02,I'm thinking along the lines of you you're in the,0.8204
765,1377.0,1380.0,SPEAKER_02,of you you're in the dark watching a DVD and,0.8204
766,1378.5,1381.5,SPEAKER_02,dark watching a DVD and you you find the thing,0.8204
767,1380.0,1383.0,SPEAKER_02,you you find the thing in the dark and you go,0.8204
768,1381.5,1384.5,SPEAKER_02,in the dark and you go like this and that's what,0.8204
769,1383.0,1386.0,SPEAKER_02,like this and that's what everybody does always the volume,0.8204
770,1384.5,1387.5,SPEAKER_02,everybody does always the volume button in the dark okay,0.8204
771,1386.0,1389.0,SPEAKER_02,button in the dark okay and you just touch it,0.8204
772,1387.5,1390.5,SPEAKER_02,and you just touch it or you just pick it,0.8204
773,1389.0,1392.0,SPEAKER_02,or you just pick it up and it lights up,0.8204
774,1390.5,1393.5,SPEAKER_02,up and it lights up or something like a phone,0.8204
775,1392.0,1395.0,SPEAKER_02,or something like a phone okay okay Whereas with phones,0.8524
776,1393.5,1396.5,SPEAKER_02,okay okay Whereas with phones people charge them once,0.8524
777,1395.0,1398.0,SPEAKER_02,people charge them once a week. We're going,0.7961
778,1396.5,1399.5,SPEAKER_02,a week. We're going to need to put in,0.7961
779,1398.0,1401.0,SPEAKER_02,to need to put in a really good battery,0.7078
780,1399.5,1402.5,SPEAKER_02,a really good battery so people don't have to,0.7078
781,1401.0,1404.0,SPEAKER_02,so people don't have to charge their remote control every,0.7078
782,1405.5,1408.5,SPEAKER_01,the option of the kinetic thing which basically means as long as you shake it,0.8583
783,1407.0,1410.0,SPEAKER_01,means as long as you shake it like a watch. Are people going,0.7015
784,1408.5,1411.5,SPEAKER_01,like a watch. Are people going to want to shake their movie controller?,0.7015
785,1410.0,1413.0,SPEAKER_01,to want to shake their movie controller? It's probably sensitive enough when,0.68
786,1411.5,1414.5,SPEAKER_01,"It's probably sensitive enough when you fiddle it, so",0.8152
787,1413.0,1416.0,SPEAKER_01,"you fiddle it, so you could trigger that to",0.8152
788,1414.5,1417.5,SPEAKER_01,"you could trigger that to a light, like I said,",0.8152
789,1416.0,1419.0,SPEAKER_01,"a light, like I said, the bouncing ball thing,",0.8152
790,1417.5,1420.5,SPEAKER_01,"the bouncing ball thing, or you could trigger that",0.8152
791,1419.0,1422.0,SPEAKER_01,or you could trigger that to use that to power,0.8152
792,1420.5,1423.5,SPEAKER_01,"to use that to power the light as opposed to,",0.8152
793,1422.0,1425.0,SPEAKER_01,"the light as opposed to, so when they pick",0.8152
794,1423.5,1426.5,SPEAKER_01,"so when they pick it up, right, and then",0.8152
795,1425.0,1428.0,SPEAKER_01,"it up, right, and then that sort of triggers the",0.8152
796,1429.5,1432.5,SPEAKER_00,go right back to the marketing ideas,0.817
797,1431.0,1434.0,SPEAKER_00,the marketing ideas for a start. And it's,0.7657
798,1432.5,1435.5,SPEAKER_00,for a start. And it's keeping an eye on the time. We've,0.7615
799,1434.0,1437.0,SPEAKER_00,keeping an eye on the time. We've got about 15 minutes to,0.7338
800,1435.5,1438.5,SPEAKER_00,got about 15 minutes to play with at most.,0.7978
801,1437.0,1440.0,SPEAKER_00,"play with at most. So, yeah, so just",0.7978
802,1438.5,1441.5,SPEAKER_00,"So, yeah, so just to bear in mind",0.8424
803,1440.0,1443.0,SPEAKER_00,to bear in mind that the ultimate goal,0.8424
804,1441.5,1444.5,SPEAKER_00,that the ultimate goal of this meeting is,0.8424
805,1443.0,1446.0,SPEAKER_00,of this meeting is to reach an absolute,0.8424
806,1444.5,1447.5,SPEAKER_00,to reach an absolute decision on the concepts,0.8424
807,1446.0,1449.0,SPEAKER_00,decision on the concepts of the product. So,0.8274
808,1447.5,1450.5,SPEAKER_00,of the product. So back to your idea,0.8274
809,1449.0,1452.0,SPEAKER_00,back to your idea about incorporating the idea of,0.8124
810,1450.5,1453.5,SPEAKER_00,about incorporating the idea of like fruit and veg,0.8124
811,1452.0,1455.0,SPEAKER_00,like fruit and veg and the corporate color,0.8124
812,1453.5,1456.5,SPEAKER_00,and the corporate color and things like that.,0.8124
813,1455.0,1458.0,SPEAKER_00,and things like that.,0.8124
814,1456.5,1459.5,SPEAKER_00,I mean what does everybody,0.8149
815,1458.0,1461.0,SPEAKER_00,I mean what does everybody think about? Does anybody have,0.7535
816,1459.5,1462.5,SPEAKER_00,think about? Does anybody have any ideas about how,0.7535
817,1461.0,1464.0,SPEAKER_00,any ideas about how we can fit all,0.6921
818,1462.5,1465.5,SPEAKER_00,we can fit all that in together? I,0.6908
819,1464.0,1467.0,SPEAKER_00,that in together? I mean that's kind of the user,0.6908
820,1465.5,1468.5,SPEAKER_00,mean that's kind of the user interface type of thing. What are your,0.5894
821,1470.0,1473.0,SPEAKER_03,maybe are we,0.7353
822,1471.5,1474.5,SPEAKER_03,are we thinking something,0.7353
823,1473.0,1476.0,SPEAKER_03,thinking something that could,0.7353
824,1474.5,1477.5,SPEAKER_03,that could sit in,0.7353
825,1476.0,1479.0,SPEAKER_03,sit in your,0.7353
826,1477.5,1480.5,SPEAKER_03,your hand comfortably,0.7353
827,1479.0,1482.0,SPEAKER_03,hand comfortably or that,0.7353
828,1480.5,1483.5,SPEAKER_03,or that you'd hold,0.7353
829,1482.0,1485.0,SPEAKER_03,you'd hold on to,0.7353
830,1483.5,1486.5,SPEAKER_03,on to comfortably?,0.5677
831,1485.0,1488.0,SPEAKER_03,comfortably? I'm posting this in your hand,0.5677
832,1489.5,1492.5,SPEAKER_00,"quite curvy, okay.",0.5613
833,1492.5,1495.5,SPEAKER_00,"Right, okay. Color-wise, I mean, you",0.6794
834,1494.0,1497.0,SPEAKER_00,"Color-wise, I mean, you made a... I can't remember who",0.6443
835,1495.5,1498.5,SPEAKER_00,made a... I can't remember who made the point about how if you have,0.6443
836,1497.0,1500.0,SPEAKER_00,"made the point about how if you have a nice bright color, you'll not lose",0.6245
837,1498.5,1501.5,SPEAKER_00,"a nice bright color, you'll not lose it, was that?",0.6245
838,1500.0,1503.0,SPEAKER_00,"it, was that? What's that mean? About how",0.6475
839,1501.5,1504.5,SPEAKER_00,"What's that mean? About how if you have a bright color, you'll not",0.6591
840,1503.0,1506.0,SPEAKER_00,"if you have a bright color, you'll not lose it so much.",0.7951
841,1504.5,1507.5,SPEAKER_00,lose it so much. Yeah. And when,0.6043
842,1506.0,1509.0,SPEAKER_00,Yeah. And when the corporate color is,0.5089
843,1507.5,1510.5,SPEAKER_00,"the corporate color is yellow, I mean, maybe",0.7317
844,1509.0,1512.0,SPEAKER_00,"yellow, I mean, maybe we could think about",0.7317
845,1510.5,1513.5,SPEAKER_00,we could think about the color of the whole,0.7317
846,1512.0,1515.0,SPEAKER_00,"the color of the whole product being yellow, I",0.7317
847,1513.5,1516.5,SPEAKER_00,"product being yellow, I don't know. And",0.7672
848,1515.0,1518.0,SPEAKER_00,don't know. And then obviously,0.7672
849,1516.5,1519.5,SPEAKER_00,then obviously the materials.,0.8028
850,1518.0,1521.0,SPEAKER_00,the materials. Has anybody got,0.822
851,1519.5,1522.5,SPEAKER_00,Has anybody got an overall picture in their mind,0.8413
852,1521.0,1524.0,SPEAKER_00,an overall picture in their mind about what might work?,0.8413
853,1524.0,1527.0,SPEAKER_02,"Well, I'm thinking that what we need to",0.872
854,1525.5,1528.5,SPEAKER_02,that what we need to do is have something that,0.872
855,1527.0,1530.0,SPEAKER_02,do is have something that unifies a lot of the different,0.872
856,1528.5,1531.5,SPEAKER_02,unifies a lot of the different concepts. And if we,0.8622
857,1530.0,1533.0,SPEAKER_02,concepts. And if we think that what we are,0.8622
858,1531.5,1534.5,SPEAKER_02,"think that what we are number one, marketing",0.8586
859,1533.0,1536.0,SPEAKER_02,"number one, marketing motive is the",0.8586
860,1534.5,1537.5,SPEAKER_02,motive is the look and feel.,0.8646
861,1536.0,1539.0,SPEAKER_02,look and feel. So for the,0.8399
862,1537.5,1540.5,SPEAKER_02,So for the look and feel to seem,0.8152
863,1539.0,1542.0,SPEAKER_02,look and feel to seem coherent and not just sort,0.8152
864,1540.5,1543.5,SPEAKER_02,coherent and not just sort of bits and pieces of,0.8152
865,1542.0,1545.0,SPEAKER_02,"of bits and pieces of concept and technology or fashion,",0.8152
866,1543.5,1546.5,SPEAKER_02,"concept and technology or fashion, then we should have it",0.8152
867,1545.0,1548.0,SPEAKER_02,then we should have it kind of come back to,0.8152
868,1546.5,1549.5,SPEAKER_02,kind of come back to one thing that we kind,0.8152
869,1548.0,1551.0,SPEAKER_02,one thing that we kind of all sort of can,0.8152
870,1549.5,1552.5,SPEAKER_02,of all sort of can visualize. Maybe what,0.8416
871,1551.0,1554.0,SPEAKER_02,visualize. Maybe what we could,0.8416
872,1552.5,1555.5,SPEAKER_02,we could do is think,0.8679
873,1554.0,1557.0,SPEAKER_02,do is think about a,0.8679
874,1555.5,1558.5,SPEAKER_02,about a concept which touches,0.8679
875,1557.0,1560.0,SPEAKER_02,concept which touches back to the,0.8679
876,1558.5,1561.5,SPEAKER_02,back to the color. You said,0.85
877,1560.0,1563.0,SPEAKER_02,"color. You said company color, yellow. I mean",0.8141
878,1561.5,1564.5,SPEAKER_02,"company color, yellow. I mean if we think of something like",0.7872
879,1563.0,1566.0,SPEAKER_02,if we think of something like I was saying also lime and,0.7422
880,1564.5,1567.5,SPEAKER_02,"I was saying also lime and lemon, what can we come up",0.7422
881,1566.0,1569.0,SPEAKER_02,"lemon, what can we come up with something where we try and",0.7422
882,1567.5,1570.5,SPEAKER_02,with something where we try and associate it with the series? We,0.7782
883,1569.0,1572.0,SPEAKER_02,associate it with the series? We just come up with,0.7782
884,1570.5,1573.5,SPEAKER_02,just come up with something like we kind,0.8141
885,1572.0,1575.0,SPEAKER_02,something like we kind of use it as,0.8141
886,1573.5,1576.5,SPEAKER_02,of use it as a theme to inspire,0.8141
887,1575.0,1578.0,SPEAKER_02,a theme to inspire the shapes and things.,0.8141
888,1579.5,1582.5,SPEAKER_01,a particular shape that you're interested,0.8038
889,1581.0,1584.0,SPEAKER_01,that you're interested in? Does marketing,0.7893
890,1582.5,1585.5,SPEAKER_01,in? Does marketing have any research on?,0.7893
891,1584.0,1587.0,SPEAKER_01,have any research on? Does it need to be long?,0.6672
892,1585.5,1588.5,SPEAKER_01,Does it need to be long? Does it need like a square,0.6134
893,1594.5,1597.5,SPEAKER_00,material. I was kind of thinking about it,0.718
894,1596.0,1599.0,SPEAKER_00,of thinking about it as well. You know how,0.6343
895,1597.5,1600.5,SPEAKER_00,as well. You know how you get these shock resistant,0.6343
896,1599.0,1602.0,SPEAKER_00,"you get these shock resistant mobile phones, and they're plastic, but",0.7098
897,1600.5,1603.5,SPEAKER_00,"mobile phones, and they're plastic, but they also have rubber around",0.7098
898,1602.0,1605.0,SPEAKER_00,they also have rubber around the outside. It kind,0.7308
899,1603.5,1606.5,SPEAKER_00,the outside. It kind of feels warmer to the,0.7308
900,1605.0,1608.0,SPEAKER_00,"of feels warmer to the touch, feels a bit more comfortable.",0.7518
901,1606.5,1609.5,SPEAKER_00,"touch, feels a bit more comfortable. Maybe we",0.7778
902,1608.0,1611.0,SPEAKER_00,Maybe we could incorporate plastic and,0.7778
903,1609.5,1612.5,SPEAKER_00,"could incorporate plastic and rubber into it, and then",0.8039
904,1611.0,1614.0,SPEAKER_00,"rubber into it, and then we could have curved",0.8039
905,1612.5,1615.5,SPEAKER_00,"we could have curved chips, because what are",0.8039
906,1614.0,1617.0,SPEAKER_00,"chips, because what are titanium? Yeah, it's going",0.8021
907,1615.5,1618.5,SPEAKER_00,"titanium? Yeah, it's going to have to be",0.8021
908,1617.0,1620.0,SPEAKER_00,"to have to be boxy and rectangular, and",0.8004
909,1618.5,1621.5,SPEAKER_00,"boxy and rectangular, and I think we might",0.8004
910,1620.0,1623.0,SPEAKER_00,I think we might be moving away from,0.8004
911,1621.5,1624.5,SPEAKER_00,be moving away from that.,0.8004
912,1624.5,1627.5,SPEAKER_00,Do we really want it in the,0.6962
913,1626.0,1629.0,SPEAKER_00,we really want it in the shape of a lemon?,0.6962
914,1627.5,1630.5,SPEAKER_00,"shape of a lemon? No, I don't think we",0.709
915,1632.0,1635.0,SPEAKER_02,just that we think about what it,0.8258
916,1633.5,1636.5,SPEAKER_02,think about what it is we're trying,0.8258
917,1635.0,1638.0,SPEAKER_02,"is we're trying to achieve, and",0.8258
918,1636.5,1639.5,SPEAKER_02,"to achieve, and then we have",0.8258
919,1638.0,1641.0,SPEAKER_02,then we have one sort of theme,0.8258
920,1639.5,1642.5,SPEAKER_02,one sort of theme that we stick,0.8258
921,1641.0,1644.0,SPEAKER_02,that we stick with.,0.8258
922,1644.0,1647.0,SPEAKER_00,"So, thoughts about the actual shape of the thing?",0.8548
923,1653.0,1656.0,SPEAKER_03,in your hand. And then you've got to be another and bubble it up for,0.3874
924,1654.5,1657.5,SPEAKER_03,to be another and bubble it up for just any other funky you need.,0.3612
925,1657.5,1660.5,SPEAKER_00,"That's quite a distinctive shape. That would be good,",0.5156
926,1659.0,1662.0,SPEAKER_00,"That would be good, wouldn't it? Yeah.",0.3039
927,1660.5,1663.5,SPEAKER_00,"wouldn't it? Yeah. Yeah. So yeah, should we go with",0.2741
928,1662.0,1665.0,SPEAKER_00,"Yeah. So yeah, should we go with that?",0.2895
929,1665.0,1668.0,SPEAKER_02,"Can we, yeah, like, to, and what, like, do",0.4901
930,1666.5,1669.5,SPEAKER_02,"and what, like, do you ever... Do you want",0.4901
931,1668.0,1671.0,SPEAKER_02,you ever... Do you want to draw it on the,0.4901
932,1669.5,1672.5,SPEAKER_02,"to draw it on the board? Yeah, just to be visualise",0.4691
933,1671.0,1674.0,SPEAKER_02,"board? Yeah, just to be visualise it.",0.4691
934,1689.0,1692.0,SPEAKER_03,Something like that. You've,0.392
935,1690.5,1693.5,SPEAKER_03,Something like that. You've got two groups there.,0.392
936,1692.0,1695.0,SPEAKER_03,got two groups there. Maybe you could fold up and,0.4381
937,1702.5,1705.5,SPEAKER_00,So call that,0.7383
938,1704.0,1707.0,SPEAKER_00,So call that the snowman,0.8006
939,1705.5,1708.5,SPEAKER_00,the snowman shape trademark.,0.8006
940,1710.0,1713.0,SPEAKER_00,"Yeah, that's cool.",0.6593
941,1711.5,1714.5,SPEAKER_00,"Yeah, that's cool. And I mean, colour-wise, what",0.5963
942,1713.0,1716.0,SPEAKER_00,"And I mean, colour-wise, what does everybody think? I think it",0.6378
943,1714.5,1717.5,SPEAKER_00,does everybody think? I think it is quite important to get yellow in,0.6378
944,1716.0,1719.0,SPEAKER_00,"is quite important to get yellow in there somewhere. I mean, do you",0.732
945,1717.5,1720.5,SPEAKER_00,"there somewhere. I mean, do you want the whole thing yellow? Maybe yellow",0.7251
946,1719.0,1722.0,SPEAKER_00,want the whole thing yellow? Maybe yellow and white? Do you want something?,0.5963
947,1722.0,1725.0,SPEAKER_03,I think it would look quite nice if I just add this,0.4125
948,1723.5,1726.5,SPEAKER_03,look quite nice if I just add this bit around here. They start,0.4813
949,1725.0,1728.0,SPEAKER_03,bit around here. They start background yellow. And then,0.5328
950,1726.5,1729.5,SPEAKER_03,background yellow. And then have a nice bold colour for,0.5929
951,1731.0,1734.0,SPEAKER_00,"And also, I mean, how are we going",0.6054
952,1732.5,1735.5,SPEAKER_00,"I mean, how are we going to incorporate this slogan in?",0.7287
953,1734.0,1737.0,SPEAKER_00,to incorporate this slogan in? The fact that it talks to,0.7287
954,1735.5,1738.5,SPEAKER_00,"The fact that it talks to you, I mean, it might be",0.7975
955,1737.0,1740.0,SPEAKER_00,"you, I mean, it might be quite cool if when you first",0.7975
956,1738.5,1741.5,SPEAKER_00,"quite cool if when you first start using it, it says, what",0.7975
957,1740.0,1743.0,SPEAKER_00,"start using it, it says, what is it, putting fashion into electronics",0.7975
958,1741.5,1744.5,SPEAKER_00,"is it, putting fashion into electronics or something, I don't know.",0.7975
959,1743.0,1746.0,SPEAKER_00,"or something, I don't know. Or when you, like, if",0.7789
960,1744.5,1747.5,SPEAKER_00,"Or when you, like, if you turn it off or something.",0.7603
961,1746.0,1749.0,SPEAKER_00,"you turn it off or something. If it can speak, if you could actually",0.7143
962,1747.5,1750.5,SPEAKER_00,"If it can speak, if you could actually say this slogan, it might be a bit",0.6682
963,1749.0,1752.0,SPEAKER_00,"say this slogan, it might be a bit more powerful than just having it written on",0.6682
964,1750.5,1753.5,SPEAKER_00,more powerful than just having it written on it somewhere.,0.6682
965,1752.0,1755.0,SPEAKER_00,it somewhere. Any thoughts on that at all?,0.6827
966,1758.0,1761.0,SPEAKER_00,your computer. I,0.7432
967,1759.5,1762.5,SPEAKER_00,computer. I know. I,0.6993
968,1761.0,1764.0,SPEAKER_00,"know. I mean, if you",0.7252
969,1762.5,1765.5,SPEAKER_00,"mean, if you also, like, if we",0.6114
970,1764.0,1767.0,SPEAKER_00,"also, like, if we wanted to incorporate an",0.6114
971,1765.5,1768.5,SPEAKER_00,"wanted to incorporate an LCD display, where would",0.6114
972,1767.0,1770.0,SPEAKER_00,"LCD display, where would we put that? Would",0.6562
973,1768.5,1771.5,SPEAKER_00,we put that? Would we put that on the inside?,0.6562
974,1771.5,1774.5,SPEAKER_01,Do we need an LCD,0.8127
975,1773.0,1776.0,SPEAKER_01,we need an LCD display? What's the functionality,0.7043
976,1780.5,1783.5,SPEAKER_01,are we using it? What would we achieve from it? Putting,0.7418
977,1782.0,1785.0,SPEAKER_01,"we achieve from it? Putting in lights is cheap, but putting an LCD",0.7203
978,1783.5,1786.5,SPEAKER_01,"in lights is cheap, but putting an LCD panel just to make it glow is a",0.5668
979,1788.0,1791.0,SPEAKER_02,"thinking, I wonder what that would be about. And the thing I could",0.5968
980,1789.5,1792.5,SPEAKER_02,And the thing I could see it helping with would,0.8147
981,1791.0,1794.0,SPEAKER_02,see it helping with would be if it was somehow,0.8147
982,1792.5,1795.5,SPEAKER_02,be if it was somehow connected with listings. So as,0.8113
983,1794.0,1797.0,SPEAKER_02,"connected with listings. So as you scroll through, because we said",0.8113
984,1795.5,1798.5,SPEAKER_02,"you scroll through, because we said we might have a jog",0.8078
985,1797.0,1800.0,SPEAKER_02,"we might have a jog dial, as you scroll through your",0.8078
986,1798.5,1801.5,SPEAKER_02,"dial, as you scroll through your stations, you actually tells you",0.8078
987,1803.0,1806.0,SPEAKER_01,be a problem because we don't have an input device to get the,0.818
988,1804.5,1807.5,SPEAKER_01,have an input device to get the listings into it. So it's a,0.7332
989,1806.0,1809.0,SPEAKER_01,listings into it. So it's a bit nuts to get,0.7332
990,1807.5,1810.5,SPEAKER_01,"bit nuts to get the user there. Monday,",0.7326
991,1815.0,1818.0,SPEAKER_01,"there's no need for an LCD display, but what would",0.8255
992,1816.5,1819.5,SPEAKER_01,"LCD display, but what would it tell the user? Because",0.727
993,1818.0,1821.0,SPEAKER_01,it tell the user? Because the LCD tends to be an,0.727
994,1819.5,1822.5,SPEAKER_01,the LCD tends to be an output as opposed to an input.,0.6285
995,1821.0,1824.0,SPEAKER_01,output as opposed to an input. So does the,0.6903
996,1822.5,1825.5,SPEAKER_01,So does the remote control need,0.6903
997,1824.0,1827.0,SPEAKER_01,remote control need to talk back,0.752
998,1825.5,1828.5,SPEAKER_01,to talk back to the,0.752
999,1827.0,1830.0,SPEAKER_01,to the user? We have the option of the,0.7384
1000,1828.5,1831.5,SPEAKER_01,user? We have the option of the speaker as well. The same thing goes for,0.7634
1001,1830.0,1833.0,SPEAKER_01,speaker as well. The same thing goes for the speaker. Is there a,0.7426
1002,1831.5,1834.5,SPEAKER_01,the speaker. Is there a need for a remote,0.7515
1003,1833.0,1836.0,SPEAKER_01,need for a remote control to talk back?,0.6894
1004,1834.5,1837.5,SPEAKER_01,control to talk back?,0.6894
1005,1837.5,1840.5,SPEAKER_00,I would say no,0.8614
1006,1839.0,1842.0,SPEAKER_00,I would say no need for a talk back. Does,0.8852
1007,1840.5,1843.5,SPEAKER_00,need for a talk back. Does anybody disagree with that?,0.8852
1008,1843.5,1846.5,SPEAKER_01,You could put a,0.6353
1009,1845.0,1848.0,SPEAKER_01,could put a game on,0.6353
1010,1846.5,1849.5,SPEAKER_01,"game on it. Easy. When the TV dies, you",0.4464
1011,1848.0,1851.0,SPEAKER_01,"it. Easy. When the TV dies, you can play with the remote control.",0.4464
1012,1851.0,1854.0,SPEAKER_00,"OK. Right, so you're",0.5438
1013,1852.5,1855.5,SPEAKER_00,"Right, so you're going to have the",0.5167
1014,1854.0,1857.0,SPEAKER_00,going to have the three different sets of,0.5167
1015,1855.5,1858.5,SPEAKER_00,three different sets of functionalities. I,0.5823
1016,1857.0,1860.0,SPEAKER_00,"functionalities. I mean, do you want to group them",0.5823
1017,1858.5,1861.5,SPEAKER_00,"mean, do you want to group them into head of the snowman, body",0.6478
1018,1860.0,1863.0,SPEAKER_00,"into head of the snowman, body of the snowman, inside of the",0.6478
1019,1861.5,1864.5,SPEAKER_00,"of the snowman, inside of the snowman? Is that what you're thinking?",0.7212
1020,1864.5,1867.5,SPEAKER_03,"Well, I think the advanced ones, the ones you don't usually",0.5553
1021,1866.0,1869.0,SPEAKER_03,"ones, the ones you don't usually use, can be hidden inside.",0.5553
1022,1870.5,1873.5,SPEAKER_03,I think the three groups we had were pretty basic ones. They'd have to go on,0.4783
1023,1876.5,1879.5,SPEAKER_00,What else do,0.4135
1024,1878.0,1881.0,SPEAKER_00,What else do you need to talk about?,0.4135
1025,1881.0,1884.0,SPEAKER_01,Why would you physically position the buttons?,0.8499
1026,1882.5,1885.5,SPEAKER_01,position the buttons? I think that has,0.8611
1027,1884.0,1887.0,SPEAKER_01,I think that has some impact on many,0.8724
1028,1885.5,1888.5,SPEAKER_01,some impact on many things. Maybe,0.7402
1029,1887.0,1890.0,SPEAKER_01,things. Maybe you want to,0.7402
1030,1891.5,1894.5,SPEAKER_00,So I'm just going to pop this in here because I,0.4241
1031,1893.0,1896.0,SPEAKER_00,this in here because I have a slide about decision making.,0.4241
1032,1894.5,1897.5,SPEAKER_00,have a slide about decision making.,0.4241
1033,1896.0,1899.0,SPEAKER_00,Which I've forgotten about.,0.4508
1034,1897.5,1900.5,SPEAKER_00,Which I've forgotten about.,0.4775
1035,1909.5,1912.5,SPEAKER_00,"Oh, God, we've got five minutes.",0.6727
1036,1911.0,1914.0,SPEAKER_00,"we've got five minutes. Okay,",0.6268
1037,1915.5,1918.5,SPEAKER_00,"again. Energy, do you",0.6061
1038,1917.0,1920.0,SPEAKER_00,"Energy, do you think that's suggesting we're",0.6313
1039,1918.5,1921.5,SPEAKER_00,think that's suggesting we're power powering the thing?,0.6313
1040,1920.0,1923.0,SPEAKER_00,power powering the thing? I really,0.6921
1041,1921.5,1924.5,SPEAKER_00,I really like the idea of this,0.7529
1042,1923.0,1926.0,SPEAKER_00,like the idea of this kinetic thing where you'd have the,0.7529
1043,1924.5,1927.5,SPEAKER_00,kinetic thing where you'd have the backup of the battery but,0.7529
1044,1929.0,1932.0,SPEAKER_02,kinetic things before and the one issue we need to,0.7734
1045,1930.5,1933.5,SPEAKER_02,one issue we need to keep in mind with them,0.7734
1046,1932.0,1935.0,SPEAKER_02,keep in mind with them is that you're committing the,0.7734
1047,1936.5,1939.5,SPEAKER_01,"like I said, we have a hybrid kind of thing, so",0.6323
1048,1938.0,1941.0,SPEAKER_01,"a hybrid kind of thing, so it's not going to charge",0.6323
1049,1939.5,1942.5,SPEAKER_01,it's not going to charge the battery. It's,0.6367
1050,1941.0,1944.0,SPEAKER_01,the battery. It's just a port for,0.6367
1051,1945.5,1948.5,SPEAKER_02,worth pointing out because I've known people to have kinetic watches,0.7731
1052,1947.0,1950.0,SPEAKER_02,people to have kinetic watches that they wear all the,0.7731
1053,1948.5,1951.5,SPEAKER_02,"that they wear all the time, and it's just like magic",0.7731
1054,1950.0,1953.0,SPEAKER_02,"time, and it's just like magic because it's always powered and",0.7731
1055,1951.5,1954.5,SPEAKER_02,because it's always powered and there's no battery. I've,0.7572
1056,1953.0,1956.0,SPEAKER_02,there's no battery. I've also known people to have things,0.7572
1057,1954.5,1957.5,SPEAKER_02,also known people to have things like a jewelry watch they wear,0.7414
1058,1956.0,1959.0,SPEAKER_02,"like a jewelry watch they wear from time to time, and",0.7414
1059,1957.5,1960.5,SPEAKER_02,"from time to time, and they eventually just say it's just",0.7414
1060,1959.0,1962.0,SPEAKER_02,they eventually just say it's just too much of a nuisance because,0.7414
1061,1960.5,1963.5,SPEAKER_02,too much of a nuisance because I don't wear it all the,0.7414
1062,1962.0,1965.0,SPEAKER_02,"I don't wear it all the time. Look, remote control",0.7802
1063,1963.5,1966.5,SPEAKER_02,"time. Look, remote control is similar. You're way on",0.7354
1064,1965.0,1968.0,SPEAKER_02,"is similar. You're way on vacation, I don't know. Whatever,",0.6152
1065,1966.5,1969.5,SPEAKER_02,"vacation, I don't know. Whatever, something, and it just starts to",0.5132
1066,1968.0,1971.0,SPEAKER_02,"something, and it just starts to get worn down, so we should take",0.3808
1067,1972.5,1975.5,SPEAKER_00,"suppose that if you're away and you're not using it, then you're not using any power",0.7235
1068,1974.0,1977.0,SPEAKER_00,"using it, then you're not using any power either. So you'd have the",0.7815
1069,1975.5,1978.5,SPEAKER_00,either. So you'd have the battery as the kind,0.7815
1070,1977.0,1980.0,SPEAKER_00,battery as the kind of to keep it,0.8395
1071,1978.5,1981.5,SPEAKER_00,of to keep it ticking over idea. I'm,0.6424
1072,1980.0,1983.0,SPEAKER_00,ticking over idea. I'm really sure we're going to have to wrap up quite,0.6424
1073,1981.5,1984.5,SPEAKER_00,really sure we're going to have to wrap up quite quickly. We don't have as much time as I thought.,0.5117
1074,1983.0,1986.0,SPEAKER_00,quickly. We don't have as much time as I thought. So I think,0.5989
1075,1984.5,1987.5,SPEAKER_00,So I think that's what energy is referring to,0.7734
1076,1986.0,1989.0,SPEAKER_00,that's what energy is referring to here. Chip on print.,0.8367
1077,1987.5,1990.5,SPEAKER_00,here. Chip on print. Is that an industrial,0.8507
1078,1989.0,1992.0,SPEAKER_00,"Is that an industrial design thing, is it, David?",0.8786
1079,1990.5,1993.5,SPEAKER_00,"design thing, is it, David? Yes, yes. Okay, as",0.7633
1080,1992.0,1995.0,SPEAKER_00,"Yes, yes. Okay, as for the case,",0.7633
1081,1993.5,1996.5,SPEAKER_00,"for the case, kind of discussed",0.7664
1082,2001.0,2004.0,SPEAKER_00,and we're going to have rubber buttons that,0.5651
1083,2005.5,2008.5,SPEAKER_02,Okay. Just a lot of...,0.7573
1084,2007.0,2010.0,SPEAKER_02,Just a lot of...,0.9357
1085,2008.5,2011.5,SPEAKER_02,"I mean, one of",0.7912
1086,2010.0,2013.0,SPEAKER_02,"I mean, one of the things running through my mind right",0.6467
1087,2011.5,2014.5,SPEAKER_02,"the things running through my mind right now, I realize we're being efficient to",0.6467
1088,2013.0,2016.0,SPEAKER_02,"now, I realize we're being efficient to wrap up the meeting and have lots",0.6467
1089,2014.5,2017.5,SPEAKER_02,wrap up the meeting and have lots of decisions made. But,0.7467
1090,2016.0,2019.0,SPEAKER_02,of decisions made. But we are leaning quite a,0.7467
1091,2017.5,2020.5,SPEAKER_02,we are leaning quite a bit to the side of being,0.8466
1092,2019.0,2022.0,SPEAKER_02,"bit to the side of being low tech, rubber buttons, plastic frame.",0.8466
1093,2020.5,2023.5,SPEAKER_02,"low tech, rubber buttons, plastic frame. It's almost like we're reproducing",0.7807
1094,2022.0,2025.0,SPEAKER_02,It's almost like we're reproducing the same old remote,0.7807
1095,2023.5,2026.5,SPEAKER_02,the same old remote control that's out there. Should,0.7352
1096,2025.0,2028.0,SPEAKER_02,control that's out there. Should we think about,0.7352
1097,2026.5,2029.5,SPEAKER_02,we think about how we,0.7556
1098,2028.0,2031.0,SPEAKER_02,how we are actually getting,0.7556
1099,2029.5,2032.5,SPEAKER_02,are actually getting this high tech,0.7556
1100,2031.0,2034.0,SPEAKER_02,this high tech user friendly theme?,0.8001
1101,2032.5,2035.5,SPEAKER_02,user friendly theme? Like what is it,0.8001
1102,2034.0,2037.0,SPEAKER_02,Like what is it that we're using to,0.8446
1103,2038.5,2041.5,SPEAKER_01,like backlighting the buttons and,0.7827
1104,2040.0,2043.0,SPEAKER_01,the buttons and stuff like that,0.7827
1105,2041.5,2044.5,SPEAKER_01,stuff like that or even a,0.7827
1106,2043.0,2046.0,SPEAKER_01,or even a clear case you,0.7827
1107,2044.5,2047.5,SPEAKER_01,clear case you know a glowing,0.7827
1108,2046.0,2049.0,SPEAKER_01,know a glowing a glowing yellow,0.7827
1109,2047.5,2050.5,SPEAKER_01,a glowing yellow type case where,0.7827
1110,2049.0,2052.0,SPEAKER_01,type case where the yellow showbo,0.7827
1111,2050.5,2053.5,SPEAKER_01,the yellow showbo but in the,0.7827
1112,2052.0,2055.0,SPEAKER_01,but in the dark it's sort,0.7827
1113,2056.5,2059.5,SPEAKER_00,a slightly transparent case. So,0.7766
1114,2058.0,2061.0,SPEAKER_00,"transparent case. So it's yellow, like tinted yellow,",0.7766
1115,2059.5,2062.5,SPEAKER_00,"it's yellow, like tinted yellow, but you can maybe see",0.768
1116,2064.0,2067.0,SPEAKER_01,"light running through it like a mouse. You know, you have color's",0.7627
1117,2065.5,2068.5,SPEAKER_01,"You know, you have color's mice and they don't need that much power.",0.7882
1118,2067.0,2070.0,SPEAKER_01,mice and they don't need that much power. So the battery,0.8064
1119,2068.5,2071.5,SPEAKER_01,"So the battery in that sense,",0.8064
1120,2070.0,2073.0,SPEAKER_01,"in that sense, we have one or",0.8246
1121,2071.5,2074.5,SPEAKER_01,we have one or two strategically placed lights.,0.8246
1122,2076.0,2079.0,SPEAKER_02,because the case is transparent so it gives,0.8305
1123,2077.5,2080.5,SPEAKER_02,transparent so it gives it a little,0.8305
1124,2079.0,2082.0,SPEAKER_02,it a little bit of a glow,0.8305
1125,2080.5,2083.5,SPEAKER_02,bit of a glow and then the other,0.8305
1126,2082.0,2085.0,SPEAKER_02,and then the other thing that we,0.8305
1127,2083.5,2086.5,SPEAKER_02,thing that we were we've committed ourselves,0.8305
1128,2085.0,2088.0,SPEAKER_02,were we've committed ourselves achieving is simplicity and,0.8305
1129,2086.5,2089.5,SPEAKER_02,achieving is simplicity and so I'm thinking,0.8305
1130,2088.0,2091.0,SPEAKER_02,so I'm thinking maybe should we try,0.8305
1131,2089.5,2092.5,SPEAKER_02,maybe should we try and think about having,0.8305
1132,2091.0,2094.0,SPEAKER_02,and think about having something like some kind,0.8117
1133,2092.5,2095.5,SPEAKER_02,something like some kind of an innovative concept about,0.8117
1134,2094.0,2097.0,SPEAKER_02,of an innovative concept about how the volume and the,0.7929
1135,2095.5,2098.5,SPEAKER_02,"how the volume and the channels are controlled, because that's",0.7929
1136,2097.0,2100.0,SPEAKER_02,"channels are controlled, because that's the main thing people just",0.7929
1137,2098.5,2101.5,SPEAKER_02,the main thing people just want to do.,0.7888
1138,2100.0,2103.0,SPEAKER_02,"want to do. Can we use like a jog dial, like",0.7888
1139,2101.5,2104.5,SPEAKER_02,"Can we use like a jog dial, like a nice to sort of round somewhere",0.7847
1140,2106.0,2109.0,SPEAKER_01,"The question is when you're rolling it, how do you want to roll it? Do you want them to roll",0.6833
1141,2107.5,2110.5,SPEAKER_01,want to roll it? Do you want them to roll it like that? Do you want them to,0.7073
1142,2109.0,2112.0,SPEAKER_01,it like that? Do you want them to roll it like that? Because in a,0.7525
1143,2110.5,2113.5,SPEAKER_01,"roll it like that? Because in a mouse, your hand's in a",0.772
1144,2112.0,2115.0,SPEAKER_01,"mouse, your hand's in a position to roll it.",0.7888
1145,2113.5,2116.5,SPEAKER_01,position to roll it. Whereas the other thing,0.8234
1146,2115.0,2118.0,SPEAKER_01,Whereas the other thing about having a jog dial,0.8579
1147,2116.5,2119.5,SPEAKER_01,"about having a jog dial this way, it tends to",0.8579
1148,2121.0,2124.0,SPEAKER_00,you're holding it,0.7077
1149,2122.5,2125.5,SPEAKER_00,it in your,0.7077
1150,2127.0,2130.0,SPEAKER_01,"a very unnatural motion to, yeah.",0.7484
1151,2128.5,2131.5,SPEAKER_01,"motion to, yeah. Can you imagine you have",0.7446
1152,2130.0,2133.0,SPEAKER_01,Can you imagine you have to scroll a lot? It might,0.7195
1153,2131.5,2134.5,SPEAKER_01,to scroll a lot? It might work for volume and maybe,0.705
1154,2133.0,2136.0,SPEAKER_01,work for volume and maybe some of the brightness controls,0.6692
1155,2134.5,2137.5,SPEAKER_01,"some of the brightness controls and stuff like that, but",0.6692
1156,2136.0,2139.0,SPEAKER_01,"and stuff like that, but not for channels, right? If",0.6438
1157,2137.5,2140.5,SPEAKER_01,"not for channels, right? If you have a tele-west",0.6438
1158,2139.0,2142.0,SPEAKER_01,"you have a tele-west box, you don't have to",0.6183
1159,2140.5,2143.5,SPEAKER_01,"box, you don't have to buy all the channels,",0.6183
1160,2142.0,2145.0,SPEAKER_01,"buy all the channels, you've got 50 channels,",0.6183
1161,2143.5,2146.5,SPEAKER_01,"you've got 50 channels, can you imagine trying to?",0.6183
1162,2145.0,2148.0,SPEAKER_01,can you imagine trying to? And,0.6705
1163,2146.5,2149.5,SPEAKER_01,And I don't think having that too,0.6705
1164,2148.0,2151.0,SPEAKER_01,"I don't think having that too quick, too slow, it's confusing",0.7227
1165,2149.5,2152.5,SPEAKER_01,"quick, too slow, it's confusing to the, I don't know.",0.7227
1166,2157.0,2160.0,SPEAKER_01,to use that. And once they lose out in the,0.7224
1167,2158.5,2161.5,SPEAKER_01,"they lose out in the user experience, they're like, because",0.6845
1168,2160.0,2163.0,SPEAKER_01,"user experience, they're like, because that becomes the most accessible.",0.7143
1169,2164.5,2167.5,SPEAKER_02,"it? Yes. Because if you think about it, the alternative is",0.7035
1170,2166.0,2169.0,SPEAKER_02,"think about it, the alternative is to go push the button.",0.6479
1171,2167.5,2170.5,SPEAKER_02,to go push the button. Jogdolls are much easier than,0.6902
1172,2172.0,2175.0,SPEAKER_00,wouldn't it would need to make a decision whether we,0.7697
1173,2173.5,2176.5,SPEAKER_00,make a decision whether we want to incorporate a,0.7697
1174,2175.0,2178.0,SPEAKER_00,want to incorporate a job dial in nice and,0.7697
1175,2176.5,2179.5,SPEAKER_00,job dial in nice and quickly I will for them,0.7697
1176,2178.0,2181.0,SPEAKER_00,quickly I will for them actually. I think they're quite,0.7847
1177,2179.5,2182.5,SPEAKER_00,actually. I think they're quite unique very quick to,0.7847
1178,2181.0,2184.0,SPEAKER_00,unique very quick to use So does anybody oppose,0.7997
1179,2182.5,2185.5,SPEAKER_00,use So does anybody oppose the idea of incorporating one,0.7997
1180,2184.0,2187.0,SPEAKER_00,the idea of incorporating one into the design at all,0.7997
1181,2185.5,2188.5,SPEAKER_00,into the design at all new and the other,0.7997
1182,2187.0,2190.0,SPEAKER_00,new and the other thing was Can we think,0.7997
1183,2188.5,2191.5,SPEAKER_00,thing was Can we think of any way of getting,0.7997
1184,2190.0,2193.0,SPEAKER_00,of any way of getting the slogan into this,0.7997
1185,2194.5,2197.5,SPEAKER_02,"if we keep coming back to this board here,",0.827
1186,2196.0,2199.0,SPEAKER_02,"to this board here, I wouldn't be surprised if",0.827
1187,2197.5,2200.5,SPEAKER_02,I wouldn't be surprised if we could take this idea.,0.827
1188,2199.0,2202.0,SPEAKER_02,"we could take this idea. Imagine that, I don't know,",0.8213
1189,2200.5,2203.5,SPEAKER_02,"Imagine that, I don't know, that it's within the shape of",0.8213
1190,2202.0,2205.0,SPEAKER_02,that it's within the shape of the hand. It's quite small.,0.7956
1191,2206.5,2209.5,SPEAKER_00,OK. Really got to wrap up. Yeah.,0.6801
1192,2209.5,2212.5,SPEAKER_02,It's small. And then we've got the slogan somewhere,0.7978
1193,2211.0,2214.0,SPEAKER_02,we've got the slogan somewhere like on the casing,0.7031
1194,2212.5,2215.5,SPEAKER_02,like on the casing of the side.,0.7031
1195,2218.5,2221.5,SPEAKER_02,"I mean, isn't that what we just said we just have to",0.7552
1196,2223.0,2226.0,SPEAKER_00,"Yeah. Let's, let's try and get the slogan on there.",0.6562
1197,2226.0,2229.0,SPEAKER_02,"And then like a jog dial, somewhere",0.7985
1198,2227.5,2230.5,SPEAKER_02,"a jog dial, somewhere that fits in with",0.7985
1199,2229.0,2232.0,SPEAKER_02,that fits in with the shape of it.,0.7985
1200,2233.5,2236.5,SPEAKER_01,like here in with that might have one problem in,0.6897
1201,2235.0,2238.0,SPEAKER_01,"might have one problem in terms of, um, in terms",0.6897
1202,2236.5,2239.5,SPEAKER_01,"terms of, um, in terms of whether you're left",0.6897
1203,2238.0,2241.0,SPEAKER_01,"of whether you're left handed or your right handed,",0.6897
1204,2239.5,2242.5,SPEAKER_01,"handed or your right handed, you might be locking yourself",0.6897
1205,2241.0,2244.0,SPEAKER_01,you might be locking yourself in. Or maybe just fit it in,0.683
1206,2242.5,2245.5,SPEAKER_01,in. Or maybe just fit it in like down the middle here. Can,0.6844
1207,2244.0,2247.0,SPEAKER_01,like down the middle here. Can I just jump in and,0.6818
1208,2248.5,2251.5,SPEAKER_00,have to hurry on here because we're actually over time.,0.6897
1209,2250.0,2253.0,SPEAKER_00,actually over time. Is there anything anybody's,0.6897
1210,2251.5,2254.5,SPEAKER_00,Is there anything anybody's unsure about? Just,0.7933
1211,2253.0,2256.0,SPEAKER_00,"unsure about? Just for enclosing, the next meeting is",0.7933
1212,2254.5,2257.5,SPEAKER_00,"for enclosing, the next meeting is going to be in 30 minutes.",0.7598
1213,2256.0,2259.0,SPEAKER_00,going to be in 30 minutes. And so you can see in the screen here,0.7582
1214,2257.5,2260.5,SPEAKER_00,And so you can see in the screen here what each of you are going to hopefully be,0.7582
1215,2259.0,2262.0,SPEAKER_00,what each of you are going to hopefully be doing. And I know that the,0.6822
1216,2260.5,2263.5,SPEAKER_00,doing. And I know that the designers are going to be working with,0.6822
1217,2262.0,2265.0,SPEAKER_00,designers are going to be working with Play Doh and that. So,0.7076
1218,2263.5,2266.5,SPEAKER_00,Play Doh and that. So that will,0.7076
1219,2265.0,2268.0,SPEAKER_00,that will be good.,0.8074
1220,2266.5,2269.5,SPEAKER_00,be good. And I'll get,0.7434
1221,2268.0,2271.0,SPEAKER_00,And I'll get the minutes up as,0.6794
1222,2269.5,2272.5,SPEAKER_00,the minutes up as soon as possible. Anything,0.7704
1223,2271.0,2274.0,SPEAKER_00,soon as possible. Anything at all you think we haven't discussed that,0.7704
1224,2272.5,2275.5,SPEAKER_00,at all you think we haven't discussed that we need to? Is everybody,0.6923
1225,2274.0,2277.0,SPEAKER_00,we need to? Is everybody kind of happy about,0.6923
1226,2275.5,2278.5,SPEAKER_00,kind of happy about what they're going to,0.5231
1227,2280.0,2283.0,SPEAKER_01,be the jog dial because that's going to have quite a big impact,0.7355
1228,2281.5,2284.5,SPEAKER_01,to have quite a big impact on yeah I think jog dial you,0.7355
1229,2283.0,2286.0,SPEAKER_01,on yeah I think jog dial you know it just after you do,0.7355
1230,2284.5,2287.5,SPEAKER_01,know it just after you do that what if it was flat yeah,0.7355
1231,2286.0,2289.0,SPEAKER_01,that what if it was flat yeah that's what I was thinking the,0.7355
1232,2287.5,2290.5,SPEAKER_01,that's what I was thinking the slide because then you you don't have,0.7355
1233,2289.0,2292.0,SPEAKER_01,slide because then you you don't have to put the hand I think incorporating,0.7355
1234,2290.5,2293.5,SPEAKER_01,to put the hand I think incorporating the logo is quite straightforward there's,0.7355
1235,2299.5,2302.5,SPEAKER_02,"And materials, we sort of said we do plastic and",0.7573
1236,2301.0,2304.0,SPEAKER_02,"said we do plastic and rubber, didn't we? Yeah. And",0.7413
1237,2302.5,2305.5,SPEAKER_02,"rubber, didn't we? Yeah. And I think maybe we should try",0.7413
1238,2304.0,2307.0,SPEAKER_02,I think maybe we should try and stay away from just the,0.7945
1239,2305.5,2308.5,SPEAKER_02,"and stay away from just the big protruding rubber buttons, because that'll",0.7945
1240,2311.5,2314.5,SPEAKER_02,"a bit more flush, yeah. Or maybe have rubber incorporated",0.782
1241,2313.0,2316.0,SPEAKER_02,Or maybe have rubber incorporated into the case as well.,0.8305
1242,2314.5,2317.5,SPEAKER_02,into the case as well. And also plastic,0.7799
1243,2316.0,2319.0,SPEAKER_02,And also plastic I've seen can get,0.7293
1244,2317.5,2320.5,SPEAKER_02,I've seen can get really textured. So you can,0.7688
1245,2319.0,2322.0,SPEAKER_02,really textured. So you can get plastics that actually feel soft in,0.7688
1246,2320.5,2323.5,SPEAKER_02,get plastics that actually feel soft in your hand. They feel,0.697
1247,2322.0,2325.0,SPEAKER_02,your hand. They feel like fruit skins. They feel,0.7273
1248,2323.5,2326.5,SPEAKER_02,"like fruit skins. They feel kind of like, you get pins",0.6868
1249,2325.0,2328.0,SPEAKER_02,"kind of like, you get pins now and then that you'd",0.7879
1250,2326.5,2329.5,SPEAKER_02,"now and then that you'd think that they were rubber, but",0.7879
1251,2328.0,2331.0,SPEAKER_02,"think that they were rubber, but they're not. They're actually",0.784
1252,2329.5,2332.5,SPEAKER_02,they're not. They're actually just plastic,0.784
1253,2334.0,2337.0,SPEAKER_00,have to call us to your clothes because we're away every time.,0.722
1254,2335.5,2338.5,SPEAKER_00,because we're away every time. So that's really,0.722
1255,2337.0,2340.0,SPEAKER_00,So that's really good. We've had,0.8157
1256,2338.5,2341.5,SPEAKER_00,good. We've had so much to talk about that,0.8157
1257,2340.0,2343.0,SPEAKER_00,so much to talk about that we've pretty much run out of,0.7749
1258,2341.5,2344.5,SPEAKER_00,we've pretty much run out of time to do so. So,0.752
1259,2343.0,2346.0,SPEAKER_00,time to do so. So off you,0.752
1260,2344.5,2347.5,SPEAKER_00,off you go and design,0.729
1261,2346.0,2349.0,SPEAKER_00,go and design stuff.,0.796
1262,2349.0,2352.0,SPEAKER_00,"Woo! Played all down. Yeah, quite",0.6853
1263,2350.5,2353.5,SPEAKER_00,"Played all down. Yeah, quite jealous actually.",0.5965
1264,2355.0,2358.0,SPEAKER_01,You got to choose first.,0.768
1265,2356.5,2359.5,SPEAKER_01,"You got to choose first. No, I'm very",0.5495
1266,2358.0,2361.0,SPEAKER_01,"No, I'm very kidding.",0.331
1267,2364.0,2367.0,SPEAKER_01,"Okay, can I just swipe",0.5374
1268,2365.5,2368.5,SPEAKER_01,can I just swipe pure power cable? I don't think,0.7274
1269,2367.0,2370.0,SPEAKER_01,pure power cable? I don't think it matters.,0.7274
1270,2373.0,2376.0,SPEAKER_01,"Okay, I'm gonna pull everybody",0.7799
1271,2374.5,2377.5,SPEAKER_01,"Okay, I'm gonna pull everybody out first and then",0.7799
1272,2376.0,2379.0,SPEAKER_01,out first and then put in whoever needs,0.7799
1273,2377.5,2380.5,SPEAKER_01,put in whoever needs to be left.,0.7799
1274,2379.0,2382.0,SPEAKER_01,to be left.,0.7799
1275,2394.0,2397.0,SPEAKER_01,This is a real,0.7864
1276,2395.5,2398.5,SPEAKER_01,a real hassle. Oops.,0.8097
1277,2398.5,2401.5,SPEAKER_01,I'm going to take,0.4381
1278,2400.0,2403.0,SPEAKER_01,I'm going to take the microphones because,0.4381
1279,2401.5,2404.5,SPEAKER_01,the microphones because it's too lazy to,0.4381
1280,2403.0,2406.0,SPEAKER_01,it's too lazy to take them off again.,0.4381
