meeting_id,segment_id,AU01,AU02,AU04,AU06,AU12,AU15,AU17,AU25,head_pitch,head_yaw,head_roll,gaze_x,gaze_y
ES2003d,0,0.609611839056015,0.4959934155146281,0.5421775281429291,0.09236277639865875,0.06716687666873138,0.5630171298980713,0.5054061810175577,0.5567188250521818,63.5356362551073,-66.99227793580756,-61.41108291200556,0.0,0.0
ES2003d,1,0.3699140151341756,0.3691348036130269,0.4034775495529175,0.062487135330835976,0.04914223775267601,0.44182664155960083,0.3353727459907532,0.3625100751717885,-0.11003202214183895,-5.842408233548528,-6.571685575573784,0.0,0.0
ES2003d,2,0.39724139372507733,0.25971977412700653,0.3106590509414673,0.09667645891507466,0.042286752412716545,0.4301712115605672,0.2734740873177846,0.3242322864631812,3.2178095049176645,-9.23628971495397,-7.5666352730551685,0.0,0.0
ES2003d,3,0.33546972274780273,0.18291262785593668,0.38319897651672363,0.08583599577347438,0.03466723362604777,0.27051660418510437,0.28640063603719074,0.4156433443228404,3.228755157187748,-12.628468563205665,-7.882467066251924,0.0,0.0
ES2003d,4,0.0,0.0,0.0,0.0,0.0,0.0,0.0,0.0,0.0,0.0,0.0,0.0,0.0
ES2003d,5,0.0,0.0,0.0,0.0,0.0,0.0,0.0,0.0,0.0,0.0,0.0,0.0,0.0
ES2003d,6,0.0,0.0,0.0,0.0,0.0,0.0,0.0,0.0,0.0,0.0,0.0,0.0,0.0
ES2003d,7,0.0,0.0,0.0,0.0,0.0,0.0,0.0,0.0,0.0,0.0,0.0,0.0,0.0
ES2003d,8,0.41139767567316693,0.3356802662213643,0.2770108183224996,0.14198639492193857,0.09079790860414505,0.35203779737154645,0.23333640893300375,0.47962812582651776,17.145573764289235,-10.255369280775698,-16.195146173599884,0.0,0.0
ES2003d,9,0.39435120423634845,0.35027076800664264,0.37081899245580036,0.1343721201022466,0.07009727259476979,0.47391362984975177,0.24625382820765176,0.30095212658246356,15.523940058828686,-9.467984658160404,-13.0257193195829,0.0,0.0
ES2003d,10,0.6225883364677429,0.5451728999614716,0.4606889983018239,0.22295727829138437,0.09597392628590266,0.5644918382167816,0.43957939743995667,0.2889574946214755,22.267497223680024,-11.297492095106392,-15.702917043331011,0.0,0.0
ES2003d,11,0.6918338934580485,0.4835718671480815,0.39706359306971234,0.19686518609523773,0.0683147410551707,0.6658471425374349,0.44214948018391925,0.2017945647239685,21.653225182397577,-8.71836790665936,-14.865712531294628,0.0,0.0
ES2003d,12,0.6264590620994568,0.4578700562318166,0.5010674794514974,0.1843832085529963,0.07545747111241023,0.4490826427936554,0.43139248092969257,0.22707174345850945,21.416822916132002,-10.714561510403742,-13.691844471072471,0.0,0.0
ES2003d,13,0.6015301744143168,0.5579057733217875,0.30275801320870716,0.21136260032653809,0.07829516132672627,0.5685927867889404,0.5048213998476664,0.15408412677546343,20.57620643923345,-12.225906871476438,-12.317204233680918,0.0,0.0
ES2003d,14,0.6599130233128866,0.49240557352701825,0.2875203490257263,0.2161670078833898,0.06816432625055313,0.6023816267649332,0.563122014204661,0.08517083277304967,17.720698626821413,-11.92374969944803,-13.073955892492203,0.0,0.0
ES2003d,15,0.641420304775238,0.5120152334372202,0.3342859049638112,0.18603581190109253,0.07395273943742116,0.5426618655522665,0.45212600628534955,0.15242011348406473,17.477090310913695,-11.696494567286805,-11.208423068666704,0.0,0.0
ES2003d,16,0.6528096397717794,0.409839004278183,0.21964111427466074,0.18652126689751944,0.09542185813188553,0.45017778873443604,0.5454038878281912,0.10582813434302807,16.702852381611777,-13.038820288948832,-12.164060986280305,0.0,0.0
ES2003d,17,0.6077717542648315,0.5020334422588348,0.22181614736715952,0.2200425664583842,0.14800449709097543,0.5336583952109019,0.46874114871025085,0.47847191989421844,15.796888720382427,-10.611740261165222,-14.376318513167012,0.0,0.0
ES2003d,18,0.5808620055516561,0.42934921383857727,0.4497046222289403,0.1395095239082972,0.07125067835052808,0.41275084018707275,0.444861243168513,0.1785785915950934,2.0686372035950367,-14.903662330570919,-16.837742136128096,0.0,0.0
ES2003d,19,0.5467221538225809,0.4829208552837372,0.27987442662318546,0.08277921875317891,0.03546753525733948,0.4972018003463745,0.38764872153600055,0.32314378519852954,2.9999866656746708,-15.770691091713866,-19.80480605835244,0.0,0.0
ES2003d,20,0.5646475652853647,0.4966568946838379,0.3879118164380391,0.0686626210808754,0.027575287347038586,0.5037452181180319,0.4095507264137268,0.8480638066927592,-1.9498063542815693,-8.172477015729143,-14.25044854305825,0.0,0.0
ES2003d,21,0.5176751911640167,0.4607713023821513,0.37718844413757324,0.0941906211276849,0.05876809048155943,0.33888046940167743,0.4015511969725291,0.815191407998403,-2.5216242746088557,-11.53493154345167,-16.111732809375585,0.0,0.0
ES2003d,22,0.49985916415850323,0.35418734947840375,0.39318127433458966,0.060810660322507225,0.028946630656719208,0.30440807342529297,0.4373752375443776,0.1523439163963,-3.957741468450351,-13.722402372095969,-16.301520779494094,0.0,0.0
ES2003d,23,0.30400171875953674,0.2227614919344584,0.15467335283756256,0.05248009910186132,0.028419140726327896,0.33830557266871136,0.23998185992240906,0.03781622710327307,-0.5333889719992545,-8.975625523236523,-9.921345944290671,0.0,0.0
ES2003d,24,0.4683178762594859,0.3175311287244161,0.4148167222738266,0.09666643291711807,0.03784076248606046,0.44396719336509705,0.38918037215868634,0.2997680368522803,1.5973131643611609,-17.515327046504524,-20.08129583896091,0.0,0.0
ES2003d,25,0.4459146559238434,0.32386381924152374,0.2872036149104436,0.08170378704865773,0.03257346463700136,0.5696691672007242,0.41537739833196,0.026637633020679157,-11.51378186188326,-15.33882990749533,-15.844102212122928,0.0,0.0
ES2003d,26,0.5319664180278778,0.47581587235132855,0.508334199587504,0.0761866420507431,0.03987005352973938,0.5386402606964111,0.40867558121681213,0.3241292539363106,-6.786081956484648,-9.393561128818586,-14.925481214038031,0.0,0.0
ES2003d,27,0.6505787372589111,0.5152767896652222,0.24798835317293802,0.043919771909713745,0.022215850030382473,0.4093936085700989,0.40293189883232117,0.2760317634480695,-5.977416838923659,-6.8855012339630575,-10.681498184109833,0.0,0.0
ES2003d,28,0.4288845360279083,0.40695486466089886,0.24123782416184744,0.046516009916861854,0.03136534367998441,0.3427795469760895,0.4030672113100688,0.061418380898733936,-12.251746207899096,-3.1289836420597474,-6.860010262454234,0.0,0.0
ES2003d,29,0.4632818599541982,0.327279657125473,0.3721908926963806,0.045828431844711304,0.02508286697169145,0.3586560785770416,0.4555865426858266,0.21261404703060785,-10.604868744392293,-3.295131041255042,-5.633814328971773,0.0,0.0
ES2003d,30,0.6022323568662008,0.4122423430283864,0.15348332871993384,0.04576451828082403,0.024617421130339306,0.5823647578557333,0.5161762038866679,0.007725632827108105,-13.186281628760762,-0.7611307660006862,-4.172583184587104,0.0,0.0
ES2003d,31,0.614434560139974,0.28861692547798157,0.2552092174688975,0.04309088612596194,0.021517310291528702,0.4960577388604482,0.4708572228749593,0.060020944103598595,-14.566599061161675,0.0019403768031494573,-1.427522449085582,0.0,0.0
ES2003d,32,0.64479527870814,0.5464447538057963,0.4060581525166829,0.042732637375593185,0.025251736864447594,0.3792167156934738,0.4246681531270345,0.2976476897795995,-8.763474552162927,-3.382370139657771,-2.2191856354938366,0.0,0.0
ES2003d,33,0.5952335000038147,0.5895219147205353,0.4533402621746063,0.06470705817143123,0.027935278912385304,0.5865576267242432,0.47570406397183734,0.44741324583689374,-6.1392586997373515,-3.3164995849343737,-0.38488195805238146,0.0,0.0
ES2003d,34,0.6499061584472656,0.5670671959718069,0.35454625884691876,0.054606848706801735,0.025177698582410812,0.3838976224263509,0.3873961766560872,0.5538221100966135,2.160356548732612,-2.31094654784186,-3.127096617913858,0.0,0.0
ES2003d,35,0.5771726171175638,0.49081555008888245,0.2906511773665746,0.06067539503177007,0.02158047507206599,0.5178837776184082,0.47304293513298035,0.3679489667216937,-0.33409440506225724,-8.332102865770748,-8.199476827054738,0.0,0.0
ES2003d,36,0.4834153155485789,0.4077141384283702,0.48783452312151593,0.0810192475716273,0.0377522607644399,0.6101744174957275,0.4179117977619171,0.1938154622912407,-4.474291620002272,-12.977323285820866,-8.824801322481148,0.0,0.0
ES2003d,37,0.47356898585955304,0.4092116157213847,0.3638904094696045,0.08006498714288075,0.04576451890170574,0.5401175121466318,0.3635183572769165,0.3192860136429469,-5.481816148023494,-13.186006066198544,-6.987078610618543,0.0,0.0
ES2003d,38,0.5258887012799581,0.40469252069791156,0.35104044278462726,0.05331727614005407,0.026155102998018265,0.4043084532022476,0.4367936352888743,0.41951988637447357,-3.1885772033971596,-8.508047477459373,-7.823284682811168,0.0,0.0
ES2003d,39,0.5779073933760325,0.451384296019872,0.43722908695538837,0.05686082070072492,0.0211001339678963,0.4408433636029561,0.43191057443618774,0.40170222520828247,1.6945300670399437,-3.9115175951656713,-9.494932005352224,0.0,0.0
ES2003d,40,0.6068118214607239,0.5511712630589803,0.38676944375038147,0.05981079116463661,0.02301815276344617,0.4457164406776428,0.4867140551408132,0.6698661049207052,0.1649128171579983,-2.451364058358988,-7.768667407900405,0.0,0.0
ES2003d,41,0.6538148919741312,0.593555748462677,0.2668524583180745,0.05913981422781944,0.023638021821777027,0.32280728220939636,0.5103489955266317,0.9290017088254293,-0.8231903322803017,-2.6679244180459847,-7.042999534729776,0.0,0.0
ES2003d,42,0.5520614584287008,0.5072842041651408,0.35777681072552997,0.0817990427215894,0.0224584083383282,0.4851384262243907,0.40232765674591064,0.2911775456741452,2.8711011371478072,-1.4350376564739051,-8.688407455314277,0.0,0.0
ES2003d,43,0.6601094305515289,0.47358476122220355,0.31459836661815643,0.06564811368783315,0.022805300851662953,0.5706844826539358,0.5066903531551361,0.6686636743446192,2.7328887700732793,-2.059564498792974,-10.283597011336445,0.0,0.0
ES2003d,44,0.4173886179924011,0.2769430826107661,0.19951178630193075,0.0666299859682719,0.027176445970932644,0.27156608800093335,0.2912351091702779,0.29628648546834785,-4.51951618435623,-16.92185554186066,1.76486121384636,0.0,0.0
ES2003d,45,0.0,0.0,0.0,0.0,0.0,0.0,0.0,0.0,0.0,0.0,0.0,0.0,0.0
ES2003d,46,0.0,0.0,0.0,0.0,0.0,0.0,0.0,0.0,0.0,0.0,0.0,0.0,0.0
ES2003d,47,0.0,0.0,0.0,0.0,0.0,0.0,0.0,0.0,0.0,0.0,0.0,0.0,0.0
ES2003d,48,0.0,0.0,0.0,0.0,0.0,0.0,0.0,0.0,0.0,0.0,0.0,0.0,0.0
ES2003d,49,0.0,0.0,0.0,0.0,0.0,0.0,0.0,0.0,0.0,0.0,0.0,0.0,0.0
ES2003d,50,0.0,0.0,0.0,0.0,0.0,0.0,0.0,0.0,0.0,0.0,0.0,0.0,0.0
ES2003d,51,0.0,0.0,0.0,0.0,0.0,0.0,0.0,0.0,0.0,0.0,0.0,0.0,0.0
ES2003d,52,0.0,0.0,0.0,0.0,0.0,0.0,0.0,0.0,0.0,0.0,0.0,0.0,0.0
ES2003d,53,0.0,0.0,0.0,0.0,0.0,0.0,0.0,0.0,0.0,0.0,0.0,0.0,0.0
ES2003d,54,0.0,0.0,0.0,0.0,0.0,0.0,0.0,0.0,0.0,0.0,0.0,0.0,0.0
ES2003d,55,0.0,0.0,0.0,0.0,0.0,0.0,0.0,0.0,0.0,0.0,0.0,0.0,0.0
ES2003d,56,0.0,0.0,0.0,0.0,0.0,0.0,0.0,0.0,0.0,0.0,0.0,0.0,0.0
ES2003d,57,0.0,0.0,0.0,0.0,0.0,0.0,0.0,0.0,0.0,0.0,0.0,0.0,0.0
ES2003d,58,0.0,0.0,0.0,0.0,0.0,0.0,0.0,0.0,0.0,0.0,0.0,0.0,0.0
ES2003d,59,0.0,0.0,0.0,0.0,0.0,0.0,0.0,0.0,0.0,0.0,0.0,0.0,0.0
ES2003d,60,0.0,0.0,0.0,0.0,0.0,0.0,0.0,0.0,0.0,0.0,0.0,0.0,0.0
ES2003d,61,0.0,0.0,0.0,0.0,0.0,0.0,0.0,0.0,0.0,0.0,0.0,0.0,0.0
ES2003d,62,0.0,0.0,0.0,0.0,0.0,0.0,0.0,0.0,0.0,0.0,0.0,0.0,0.0
ES2003d,63,0.0,0.0,0.0,0.0,0.0,0.0,0.0,0.0,0.0,0.0,0.0,0.0,0.0
ES2003d,64,0.0,0.0,0.0,0.0,0.0,0.0,0.0,0.0,0.0,0.0,0.0,0.0,0.0
ES2003d,65,0.0,0.0,0.0,0.0,0.0,0.0,0.0,0.0,0.0,0.0,0.0,0.0,0.0
ES2003d,66,0.0,0.0,0.0,0.0,0.0,0.0,0.0,0.0,0.0,0.0,0.0,0.0,0.0
ES2003d,67,0.0,0.0,0.0,0.0,0.0,0.0,0.0,0.0,0.0,0.0,0.0,0.0,0.0
ES2003d,68,0.0,0.0,0.0,0.0,0.0,0.0,0.0,0.0,0.0,0.0,0.0,0.0,0.0
ES2003d,69,0.0,0.0,0.0,0.0,0.0,0.0,0.0,0.0,0.0,0.0,0.0,0.0,0.0
ES2003d,70,0.0,0.0,0.0,0.0,0.0,0.0,0.0,0.0,0.0,0.0,0.0,0.0,0.0
ES2003d,71,0.0,0.0,0.0,0.0,0.0,0.0,0.0,0.0,0.0,0.0,0.0,0.0,0.0
ES2003d,72,0.0,0.0,0.0,0.0,0.0,0.0,0.0,0.0,0.0,0.0,0.0,0.0,0.0
ES2003d,73,0.0,0.0,0.0,0.0,0.0,0.0,0.0,0.0,0.0,0.0,0.0,0.0,0.0
ES2003d,74,0.0,0.0,0.0,0.0,0.0,0.0,0.0,0.0,0.0,0.0,0.0,0.0,0.0
ES2003d,75,0.0,0.0,0.0,0.0,0.0,0.0,0.0,0.0,0.0,0.0,0.0,0.0,0.0
ES2003d,76,0.0,0.0,0.0,0.0,0.0,0.0,0.0,0.0,0.0,0.0,0.0,0.0,0.0
ES2003d,77,0.0,0.0,0.0,0.0,0.0,0.0,0.0,0.0,0.0,0.0,0.0,0.0,0.0
ES2003d,78,0.0,0.0,0.0,0.0,0.0,0.0,0.0,0.0,0.0,0.0,0.0,0.0,0.0
ES2003d,79,0.0,0.0,0.0,0.0,0.0,0.0,0.0,0.0,0.0,0.0,0.0,0.0,0.0
ES2003d,80,0.0,0.0,0.0,0.0,0.0,0.0,0.0,0.0,0.0,0.0,0.0,0.0,0.0
ES2003d,81,0.0,0.0,0.0,0.0,0.0,0.0,0.0,0.0,0.0,0.0,0.0,0.0,0.0
ES2003d,82,0.0,0.0,0.0,0.0,0.0,0.0,0.0,0.0,0.0,0.0,0.0,0.0,0.0
ES2003d,83,0.0,0.0,0.0,0.0,0.0,0.0,0.0,0.0,0.0,0.0,0.0,0.0,0.0
ES2003d,84,0.0,0.0,0.0,0.0,0.0,0.0,0.0,0.0,0.0,0.0,0.0,0.0,0.0
ES2003d,85,0.0,0.0,0.0,0.0,0.0,0.0,0.0,0.0,0.0,0.0,0.0,0.0,0.0
ES2003d,86,0.0,0.0,0.0,0.0,0.0,0.0,0.0,0.0,0.0,0.0,0.0,0.0,0.0
ES2003d,87,0.0,0.0,0.0,0.0,0.0,0.0,0.0,0.0,0.0,0.0,0.0,0.0,0.0
ES2003d,88,0.0,0.0,0.0,0.0,0.0,0.0,0.0,0.0,0.0,0.0,0.0,0.0,0.0
ES2003d,89,0.0,0.0,0.0,0.0,0.0,0.0,0.0,0.0,0.0,0.0,0.0,0.0,0.0
ES2003d,90,0.0,0.0,0.0,0.0,0.0,0.0,0.0,0.0,0.0,0.0,0.0,0.0,0.0
ES2003d,91,0.0,0.0,0.0,0.0,0.0,0.0,0.0,0.0,0.0,0.0,0.0,0.0,0.0
ES2003d,92,0.0,0.0,0.0,0.0,0.0,0.0,0.0,0.0,0.0,0.0,0.0,0.0,0.0
ES2003d,93,0.0,0.0,0.0,0.0,0.0,0.0,0.0,0.0,0.0,0.0,0.0,0.0,0.0
ES2003d,94,0.0,0.0,0.0,0.0,0.0,0.0,0.0,0.0,0.0,0.0,0.0,0.0,0.0
ES2003d,95,0.0,0.0,0.0,0.0,0.0,0.0,0.0,0.0,0.0,0.0,0.0,0.0,0.0
ES2003d,96,0.0,0.0,0.0,0.0,0.0,0.0,0.0,0.0,0.0,0.0,0.0,0.0,0.0
ES2003d,97,0.0,0.0,0.0,0.0,0.0,0.0,0.0,0.0,0.0,0.0,0.0,0.0,0.0
ES2003d,98,0.0,0.0,0.0,0.0,0.0,0.0,0.0,0.0,0.0,0.0,0.0,0.0,0.0
ES2003d,99,0.0,0.0,0.0,0.0,0.0,0.0,0.0,0.0,0.0,0.0,0.0,0.0,0.0
ES2003d,100,0.5778606732686361,0.4376566410064697,0.4379786749680837,0.199612687031428,0.09996182471513748,0.49640384316444397,0.44005438685417175,0.6661055708924929,17.31185023399293,-17.451681459871313,-21.38687739508775,0.0,0.0
ES2003d,101,0.0,0.0,0.0,0.0,0.0,0.0,0.0,0.0,0.0,0.0,0.0,0.0,0.0
ES2003d,102,0.0,0.0,0.0,0.0,0.0,0.0,0.0,0.0,0.0,0.0,0.0,0.0,0.0
ES2003d,103,0.0,0.0,0.0,0.0,0.0,0.0,0.0,0.0,0.0,0.0,0.0,0.0,0.0
ES2003d,104,0.0,0.0,0.0,0.0,0.0,0.0,0.0,0.0,0.0,0.0,0.0,0.0,0.0
ES2003d,105,0.0,0.0,0.0,0.0,0.0,0.0,0.0,0.0,0.0,0.0,0.0,0.0,0.0
ES2003d,106,0.0,0.0,0.0,0.0,0.0,0.0,0.0,0.0,0.0,0.0,0.0,0.0,0.0
ES2003d,107,0.0,0.0,0.0,0.0,0.0,0.0,0.0,0.0,0.0,0.0,0.0,0.0,0.0
ES2003d,108,0.0,0.0,0.0,0.0,0.0,0.0,0.0,0.0,0.0,0.0,0.0,0.0,0.0
ES2003d,109,0.0,0.0,0.0,0.0,0.0,0.0,0.0,0.0,0.0,0.0,0.0,0.0,0.0
ES2003d,110,0.0,0.0,0.0,0.0,0.0,0.0,0.0,0.0,0.0,0.0,0.0,0.0,0.0
ES2003d,111,0.0,0.0,0.0,0.0,0.0,0.0,0.0,0.0,0.0,0.0,0.0,0.0,0.0
ES2003d,112,0.0,0.0,0.0,0.0,0.0,0.0,0.0,0.0,0.0,0.0,0.0,0.0,0.0
ES2003d,113,0.0,0.0,0.0,0.0,0.0,0.0,0.0,0.0,0.0,0.0,0.0,0.0,0.0
ES2003d,114,0.0,0.0,0.0,0.0,0.0,0.0,0.0,0.0,0.0,0.0,0.0,0.0,0.0
ES2003d,115,0.0,0.0,0.0,0.0,0.0,0.0,0.0,0.0,0.0,0.0,0.0,0.0,0.0
ES2003d,116,0.0,0.0,0.0,0.0,0.0,0.0,0.0,0.0,0.0,0.0,0.0,0.0,0.0
ES2003d,117,0.0,0.0,0.0,0.0,0.0,0.0,0.0,0.0,0.0,0.0,0.0,0.0,0.0
ES2003d,118,0.0,0.0,0.0,0.0,0.0,0.0,0.0,0.0,0.0,0.0,0.0,0.0,0.0
ES2003d,119,0.0,0.0,0.0,0.0,0.0,0.0,0.0,0.0,0.0,0.0,0.0,0.0,0.0
ES2003d,120,0.0,0.0,0.0,0.0,0.0,0.0,0.0,0.0,0.0,0.0,0.0,0.0,0.0
ES2003d,121,0.0,0.0,0.0,0.0,0.0,0.0,0.0,0.0,0.0,0.0,0.0,0.0,0.0
ES2003d,122,0.0,0.0,0.0,0.0,0.0,0.0,0.0,0.0,0.0,0.0,0.0,0.0,0.0
ES2003d,123,0.0,0.0,0.0,0.0,0.0,0.0,0.0,0.0,0.0,0.0,0.0,0.0,0.0
ES2003d,124,0.0,0.0,0.0,0.0,0.0,0.0,0.0,0.0,0.0,0.0,0.0,0.0,0.0
ES2003d,125,0.0,0.0,0.0,0.0,0.0,0.0,0.0,0.0,0.0,0.0,0.0,0.0,0.0
ES2003d,126,0.0,0.0,0.0,0.0,0.0,0.0,0.0,0.0,0.0,0.0,0.0,0.0,0.0
ES2003d,127,0.0,0.0,0.0,0.0,0.0,0.0,0.0,0.0,0.0,0.0,0.0,0.0,0.0
ES2003d,128,0.0,0.0,0.0,0.0,0.0,0.0,0.0,0.0,0.0,0.0,0.0,0.0,0.0
ES2003d,129,0.0,0.0,0.0,0.0,0.0,0.0,0.0,0.0,0.0,0.0,0.0,0.0,0.0
ES2003d,130,0.0,0.0,0.0,0.0,0.0,0.0,0.0,0.0,0.0,0.0,0.0,0.0,0.0
ES2003d,131,0.0,0.0,0.0,0.0,0.0,0.0,0.0,0.0,0.0,0.0,0.0,0.0,0.0
ES2003d,132,0.0,0.0,0.0,0.0,0.0,0.0,0.0,0.0,0.0,0.0,0.0,0.0,0.0
ES2003d,133,0.0,0.0,0.0,0.0,0.0,0.0,0.0,0.0,0.0,0.0,0.0,0.0,0.0
ES2003d,134,0.5699878334999084,0.46879292527834576,0.5165640711784363,0.4954940179983775,0.3804838905731837,0.5818527936935425,0.4114093283812205,0.5311640501022339,25.989931049200376,70.09900842179626,21.594226785501746,0.0,0.0
ES2003d,135,0.6702635089556376,0.5602891047795614,0.5379069248835245,0.35696153342723846,0.2892032414674759,0.5608575741449991,0.5816282232602438,0.2527417888243993,28.386931385826696,67.74487522713805,23.768049026315783,0.0,0.0
ES2003d,136,0.5742451250553131,0.4948417544364929,0.41863096753756207,0.3293924232323964,0.38229530056317645,0.532574862241745,0.5173258582750956,0.35503799219926196,28.272217087763256,71.24283627381435,24.942970632994967,0.0,0.0
ES2003d,137,0.6584798494974772,0.5549148817857107,0.5815695524215698,0.267115260163943,0.2137872874736786,0.5247183640797933,0.5211369792620341,0.19748995701471964,24.348911575637842,72.70439425888766,21.48392399366286,0.0,0.0
ES2003d,138,0.5827962160110474,0.46597322821617126,0.2983812987804413,0.3478224277496338,0.2448998217781385,0.5652915239334106,0.528181771437327,0.3075796527167161,25.31175513117337,73.1097935976876,22.778883991973895,0.0,0.0
ES2003d,139,0.6767961780230204,0.4187757174173991,0.5651569465796152,0.22939984997113547,0.1880477319161097,0.5732181767622629,0.5461509823799133,0.3689402788877487,25.968471793709295,73.6912876594735,23.88323064199648,0.0,0.0
ES2003d,140,0.7076738278071085,0.42483506600062054,0.6404264171918234,0.16401580224434534,0.10118259613712628,0.5331664284070333,0.5248698194821676,0.2645768076181412,23.864702947952356,73.82669968415847,22.03605642179772,0.0,0.0
ES2003d,141,0.6629658738772074,0.4453074832757314,0.5895001192887624,0.24882349371910095,0.2022151177128156,0.5011110603809357,0.537067691485087,0.37142927199602127,28.270113192326367,74.16117625329873,26.516959271583673,0.0,0.0
ES2003d,142,0.6625255445639292,0.4546823004881541,0.6456868847211202,0.2699086591601372,0.2648099238673846,0.555910567442576,0.530958354473114,0.5900803208351135,27.109719734343326,75.15173696273057,25.46966588290741,0.0,0.0
ES2003d,143,0.5578042268753052,0.3873352309068044,0.38630587855974835,0.3141281008720398,0.3576330890258153,0.4896915753682454,0.5750327507654825,0.7785195310910543,30.62934760182296,76.85865916015736,29.051456434793863,0.0,0.0
ES2003d,144,0.5123544037342072,0.3632956345876058,0.4815962811311086,0.25722062091032666,0.27880126734574634,0.6046873529752096,0.4713591933250427,0.9372816880544027,26.007183377803372,77.34219522395307,24.670271265428923,0.0,0.0
ES2003d,145,0.6133047342300415,0.3456717332204183,0.5851361354192098,0.2884540955225627,0.20535921802123389,0.6014902591705322,0.54686372478803,0.8231183687845866,23.639460484726012,76.46900141484373,22.13599240736423,0.0,0.0
ES2003d,146,0.0,0.0,0.0,0.0,0.0,0.0,0.0,0.0,0.0,0.0,0.0,0.0,0.0
ES2003d,147,0.0,0.0,0.0,0.0,0.0,0.0,0.0,0.0,0.0,0.0,0.0,0.0,0.0
ES2003d,148,0.0,0.0,0.0,0.0,0.0,0.0,0.0,0.0,0.0,0.0,0.0,0.0,0.0
ES2003d,149,0.0,0.0,0.0,0.0,0.0,0.0,0.0,0.0,0.0,0.0,0.0,0.0,0.0
ES2003d,150,0.0,0.0,0.0,0.0,0.0,0.0,0.0,0.0,0.0,0.0,0.0,0.0,0.0
ES2003d,151,0.0,0.0,0.0,0.0,0.0,0.0,0.0,0.0,0.0,0.0,0.0,0.0,0.0
ES2003d,152,0.0,0.0,0.0,0.0,0.0,0.0,0.0,0.0,0.0,0.0,0.0,0.0,0.0
ES2003d,153,0.0,0.0,0.0,0.0,0.0,0.0,0.0,0.0,0.0,0.0,0.0,0.0,0.0
ES2003d,154,0.0,0.0,0.0,0.0,0.0,0.0,0.0,0.0,0.0,0.0,0.0,0.0,0.0
ES2003d,155,0.0,0.0,0.0,0.0,0.0,0.0,0.0,0.0,0.0,0.0,0.0,0.0,0.0
ES2003d,156,0.0,0.0,0.0,0.0,0.0,0.0,0.0,0.0,0.0,0.0,0.0,0.0,0.0
ES2003d,157,0.0,0.0,0.0,0.0,0.0,0.0,0.0,0.0,0.0,0.0,0.0,0.0,0.0
ES2003d,158,0.0,0.0,0.0,0.0,0.0,0.0,0.0,0.0,0.0,0.0,0.0,0.0,0.0
ES2003d,159,0.0,0.0,0.0,0.0,0.0,0.0,0.0,0.0,0.0,0.0,0.0,0.0,0.0
ES2003d,160,0.0,0.0,0.0,0.0,0.0,0.0,0.0,0.0,0.0,0.0,0.0,0.0,0.0
ES2003d,161,0.0,0.0,0.0,0.0,0.0,0.0,0.0,0.0,0.0,0.0,0.0,0.0,0.0
ES2003d,162,0.0,0.0,0.0,0.0,0.0,0.0,0.0,0.0,0.0,0.0,0.0,0.0,0.0
ES2003d,163,0.3792119324207306,0.4128427505493164,0.18796255191167197,0.1178632527589798,0.08879694466789563,0.31094469626744586,0.28486398855845135,0.5797769824663798,12.331338400346086,-37.438444622245015,-10.169444311057282,0.0,0.0
ES2003d,164,0.0,0.0,0.0,0.0,0.0,0.0,0.0,0.0,0.0,0.0,0.0,0.0,0.0
ES2003d,165,0.533203125,0.3580893675486247,0.6510998606681824,0.07620119427641232,0.049325803915659584,0.5040534983078638,0.46769391496976215,0.4657762994368871,-24.328006572999758,8.750302371260185,-31.817165627681106,0.0,0.0
ES2003d,166,0.4747981329758962,0.3181377351284027,0.5279689828554789,0.25135835508505505,0.20891587932904562,0.4127216339111328,0.46538002292315167,0.7856440544128418,-1.4891909846236426,17.53280740005133,-8.871107383139583,0.0,0.0
ES2003d,167,0.5580852925777435,0.27633630732695263,0.6891862452030182,0.18307232360045114,0.056321909030278526,0.6047419706980387,0.44852446516354877,0.8787162105242411,-1.0885271306772148,29.974775504860045,-10.467722016314468,0.0,0.0
ES2003d,168,0.635323166847229,0.30908549825350445,0.8919759392738342,0.24632197121779123,0.08075174068411191,0.4671901563803355,0.42609530687332153,0.8190701802571615,4.6245677769613245,31.770938029080252,-8.728991607087625,0.0,0.0
ES2003d,169,0.5807685454686483,0.23886806766192117,0.9004623691240946,0.2063356637954712,0.04673709347844124,0.5841911435127258,0.49059609572092694,0.6920336385567983,4.398818326478519,30.778977124350103,-7.8830205085768545,0.0,0.0
ES2003d,170,0.5835492511590322,0.38872336347897846,0.8145511547724406,0.3055528849363327,0.13298017531633377,0.5631383061408997,0.47511645158131915,0.7179257273674011,4.735571850376378,32.43793032269398,-11.525543087402637,0.0,0.0
ES2003d,171,0.6154581109682719,0.36979831258455914,0.7299559315045675,0.2900103231271108,0.14730020115772882,0.4295687476793925,0.5237817565600077,0.25036414464314777,4.809364914748783,34.46290097521306,-12.1923668274765,0.0,0.0
ES2003d,172,0.561728815237681,0.2941231280565262,0.7381436626116434,0.19635835786660513,0.059664273634552956,0.3439338852961858,0.4725286066532135,0.6710536181926727,4.316221373111396,30.678229126389265,-10.363609435642749,0.0,0.0
ES2003d,173,0.49885796507199603,0.20881829659144083,0.6706002950668335,0.15477359791596731,0.04589968485136827,0.47215419511000317,0.45291637380917865,0.43085742741823196,4.528179229560322,26.85861592868672,-5.986877562334389,0.0,0.0
ES2003d,174,0.485233207543691,0.20938578248023987,0.617908775806427,0.1517798031369845,0.036107066397865616,0.6938436627388,0.438705712556839,0.3397989173730214,1.8033878644363177,21.939391171416712,-5.076206806147113,0.0,0.0
ES2003d,175,0.46803370118141174,0.21770665546258292,0.4353035092353821,0.1583220437169075,0.039718439181645714,0.45748690764109295,0.44601526856422424,0.5819436088204384,-7.012588826357522,17.91185628589687,-4.778939839669582,0.0,0.0
ES2003d,176,0.4744882881641388,0.29124606649080914,0.5198664466540018,0.15355206529299417,0.03620999430616697,0.28748386601607007,0.47237149874369305,0.24379236002763113,-11.853021096329641,14.601154318314236,-5.7072913178804905,0.0,0.0
ES2003d,177,0.5302267074584961,0.1819610893726349,0.700413723786672,0.1753311182061831,0.04613257137437662,0.6190155645211538,0.45968056718508404,0.5482202594478925,-0.7521881509017767,22.473052350920778,-8.833898040038134,0.0,0.0
ES2003d,178,0.5028786063194275,0.20012866457303366,0.7456828753153483,0.11001332849264145,0.026687837826708954,0.23786035180091858,0.42968325813611347,0.9003870089848837,9.386827262343818,22.46806533055805,-0.881275048323134,0.0,0.0
ES2003d,179,0.531947910785675,0.2064229150613149,0.6372989614804586,0.07597588996092479,0.014031135166684786,0.3803844749927521,0.42809708913167316,0.9260145823160807,4.732810458076991,26.54611677459377,-1.322243410675789,0.0,0.0
ES2003d,180,0.5393822193145752,0.1791995664437612,0.5735466877619425,0.11122127125660579,0.016854347971578438,0.3181961327791214,0.43847087025642395,0.9074419140815735,-0.06830940290247363,24.204478301972387,-4.132039547393038,0.0,0.0
ES2003d,181,0.5055280725161234,0.19983134170373282,0.6859287023544312,0.10608460009098053,0.01684356325616439,0.3695472876230876,0.4211733837922414,0.7894214491049448,-1.6578023382844957,24.042054288447456,-5.447772024774626,0.0,0.0
ES2003d,182,0.516317884127299,0.19159086048603058,0.6410333514213562,0.11474989106257756,0.022603821009397507,0.4350166122118632,0.3988068799177806,0.9022426207860311,2.6313283780753762,23.011181501354027,-2.9944838938728524,0.0,0.0
ES2003d,183,0.5731232762336731,0.16502718875805536,0.6905445655186971,0.12759698927402496,0.022548670570055645,0.34387865165869397,0.40938588976860046,0.9579023321469625,6.735278838885637,23.204910839921926,0.17034672318388858,0.0,0.0
ES2003d,184,0.5645167430241903,0.21616329749425253,0.5114997327327728,0.12620397408803305,0.03383729234337807,0.36286508043607074,0.3908083736896515,0.9499535957972208,5.015032956739191,24.29752605934028,-0.8114208206165308,0.0,0.0
ES2003d,185,0.5498773157596588,0.1886536106467247,0.5678172012170156,0.12078199535608292,0.029272225374976795,0.3901291663448016,0.41398463646570843,0.9334167639414469,3.4978692219937138,26.285369605286885,-2.109989269262641,0.0,0.0
ES2003d,186,0.4846948484579722,0.17526299754778543,0.7503201166788737,0.10949500401814778,0.020202284678816795,0.5609246591726939,0.37373970945676166,0.8868931929270426,3.9059740400792773,27.961089868667756,-2.255521381614772,0.0,0.0
ES2003d,187,0.5263379017512003,0.17235414187113443,0.6829587817192078,0.09911574671665828,0.019753713781634968,0.3271700044473012,0.4109969635804494,0.9199815591176351,6.027849321312009,28.309935528455743,-1.2031151722795432,0.0,0.0
ES2003d,188,0.5267681777477264,0.22510017454624176,0.583737775683403,0.11421344925959905,0.024522085363666218,0.4214588503042857,0.4339751998583476,0.7704054713249207,2.230099441172001,24.660607644928564,-1.5056236224199575,0.0,0.0
ES2003d,189,0.4818445642789205,0.150696262717247,0.5659812092781067,0.12547307213147482,0.02145781833678484,0.33536532521247864,0.41789451241493225,0.7699024875958761,2.3344223444527215,25.95537552521492,-1.6075301232226182,0.0,0.0
ES2003d,190,0.4905477662881215,0.1316820109883944,0.5130075812339783,0.0940594623486201,0.01952759176492691,0.38306785623232525,0.4216136833031972,0.8612062335014343,5.088282278761015,27.39645016941078,-0.19481609762869687,0.0,0.0
ES2003d,191,0.4751996000607808,0.17532816032568613,0.6434797048568726,0.10745466252168019,0.015181907763083776,0.36239583293596905,0.4855205913384755,0.6368588705857595,2.673759695540824,24.005606810272372,2.71722307615016,0.0,0.0
ES2003d,192,0.44943398237228394,0.24186172087987265,0.6507401466369629,0.08123374606172244,0.015207420413692793,0.3605606406927109,0.5498875975608826,0.801698625087738,1.0014004700327934,28.46806521416873,-1.1551962618343616,0.0,0.0
ES2003d,193,0.5806561509768168,0.24515261252721152,0.5734320282936096,0.08362109586596489,0.022348439941803615,0.43053147196769714,0.504577100276947,0.9180010159810384,-1.3827965623095337,26.993528131596392,-2.8078094874054886,0.0,0.0
ES2003d,194,0.45623494187990826,0.20670687158902487,0.55458731452624,0.11048718790213267,0.02140704356133938,0.3794434368610382,0.5041071573893229,0.3316711448132992,-15.771086520395508,18.433108102360404,-6.264966257502185,0.0,0.0
ES2003d,195,0.3783676028251648,0.28844066460927326,0.5808460017045339,0.13837345937887827,0.02461221069097519,0.46048863728841144,0.44451220830281574,0.34137579798698425,-15.950045444164488,16.272208943045744,-1.4899678931170899,0.0,0.0
ES2003d,196,0.525350014368693,0.26995230714480084,0.6696970264116923,0.08028635382652283,0.020007416605949402,0.4436446527640025,0.37284089128176373,0.6961288551489512,12.356223147184409,28.618479030018648,3.9250474083511087,0.0,0.0
ES2003d,197,0.48261242111523944,0.29755555589993793,0.6349013447761536,0.07872619728247325,0.0248457429309686,0.40149566531181335,0.35361286004384357,0.8708361983299255,10.62588915622101,30.202987280683132,1.8079399066290966,0.0,0.0
ES2003d,198,0.49624067544937134,0.2787884970506032,0.7435751358668009,0.08123802642027537,0.023008501157164574,0.32155586779117584,0.35555219650268555,0.8689922491709391,10.486944149217019,30.297902839899535,1.8096265526618545,0.0,0.0
ES2003d,199,0.49486760298411053,0.3355543911457062,0.6047800978024801,0.08127934485673904,0.02217583730816841,0.42834970851739246,0.3698700467745463,0.7847896218299866,9.46924606689585,30.01472528513541,0.7242545731181042,0.0,0.0
ES2003d,200,0.5076027711232504,0.33525140086809796,0.5872394641240438,0.08346085002024968,0.020354873190323513,0.30704326430956524,0.367216835419337,0.8285471796989441,8.611804802325208,30.30403550351018,0.22004380829086245,0.0,0.0
ES2003d,201,0.5321188469727834,0.27946285406748456,0.5962027311325073,0.08869586884975433,0.023215496291716892,0.2953263570864995,0.3964378635088603,0.8969842394193014,8.207582949809511,30.693061710542356,0.03916601523356864,0.0,0.0
ES2003d,202,0.5192417105038961,0.26535698274771374,0.6040543913841248,0.10410512487093608,0.02353007656832536,0.4641457100709279,0.36984072128931683,0.9202070633570353,8.21934712213426,30.808408021585432,0.09392453554069911,0.0,0.0
ES2003d,203,0.5169025560220083,0.2549334367116292,0.6785169442494711,0.07800898949305217,0.02150978520512581,0.34152649839719135,0.37409476439158124,0.8216623266537985,7.2713597635090785,30.468132603308636,-0.4295547913233668,0.0,0.0
ES2003d,204,0.5508234202861786,0.25880588591098785,0.6477541327476501,0.10595123718182246,0.018980763231714565,0.26932641863822937,0.3891594211260478,0.7042340040206909,6.387654160409291,30.603569374895812,-0.897792175813827,0.0,0.0
ES2003d,205,0.5282959938049316,0.3182997703552246,0.7079872091611227,0.11338461935520172,0.019899699216087658,0.40067803859710693,0.36370237668355304,0.60768261551857,6.996491842345798,30.121660198288993,-0.7152887313310209,0.0,0.0
ES2003d,206,0.5320111711819967,0.3488895893096924,0.6798184315363566,0.10243903348843257,0.021784086401263874,0.21965990960597992,0.38704749941825867,0.6013769209384918,7.322565595178221,29.746237223804098,-0.7660925563518618,0.0,0.0
ES2003d,207,0.5163463950157166,0.24398947258790335,0.729864259560903,0.08435273170471191,0.019337128847837448,0.3250146259864171,0.37255621949831647,0.8089387615521749,7.478086882679179,28.334385263033273,-0.18154560939289857,0.0,0.0
ES2003d,208,0.5685132741928101,0.20871204634507498,0.8002478281656901,0.12886511037747064,0.018136631697416306,0.46554391582806903,0.39566928148269653,0.8871003190676371,8.906827348532374,24.36539015992267,1.1941906797883852,0.0,0.0
ES2003d,209,0.6620645721753439,0.17628678679466248,0.837114671866099,0.1471088007092476,0.02131161466240883,0.49996984004974365,0.3989175260066986,0.6382524271806082,8.670997172021323,22.346706625500147,-0.18097778483994956,0.0,0.0
ES2003d,210,0.56990314523379,0.26986081898212433,0.6088297267754873,0.11385068049033482,0.021801467364033062,0.2645072291294734,0.42739670475323993,0.7559691866238912,3.2912246618407974,10.834533914623945,-5.484177535718355,0.0,0.0
ES2003d,211,0.7135312954584757,0.5943159461021423,0.16798358162244162,0.07001232480009396,0.01287162055571874,0.12647212793429694,0.5500799218813578,0.2139477195839087,6.532338639809013,13.978104196525733,1.9709072589332937,0.0,0.0
ES2003d,212,0.6106204787890116,0.4792138735453288,0.22012609740098318,0.0736071728169918,0.01255515373001496,0.1250989908973376,0.4952428638935089,0.6857159932454427,6.433301579004074,14.015450689832042,1.1105770780455149,0.0,0.0
ES2003d,213,0.7006573677062988,0.6067036191622416,0.22444750368595123,0.060140009969472885,0.011357255280017853,0.183852752049764,0.5572850306828817,0.4295374850432078,5.601337944898422,13.14856343998298,1.075203431532375,0.0,0.0
ES2003d,214,0.6992029150327047,0.41876429319381714,0.37267476320266724,0.0539829321205616,0.014476519698897997,0.25170591473579407,0.50824507077535,0.11827718839049339,9.759638694668423,20.785209096334324,6.184539743276528,0.0,0.0
ES2003d,215,0.6532291571299235,0.3384856681029002,0.44370511174201965,0.10292532915870349,0.03033938817679882,0.20702776064475378,0.45539875825246173,0.6178270479043325,11.16840657212684,21.30365819031722,1.434545891912002,0.0,0.0
ES2003d,216,0.6074108481407166,0.32093125581741333,0.42235419154167175,0.13574077685674033,0.052520133554935455,0.1305506850282351,0.4180805484453837,0.8623242974281311,7.047018367342254,15.198194902682934,-5.419043721162391,0.0,0.0
ES2003d,217,0.6061103145281473,0.33308717608451843,0.4449288348356883,0.1748174081246058,0.07282145818074544,0.2042055775721868,0.45901063084602356,0.3804665207862854,7.485797692513025,15.484574902176718,-2.7958736544184926,0.0,0.0
ES2003d,218,0.7037553389867147,0.42077262202898663,0.4089544216791789,0.199329674243927,0.0990919495622317,0.1766896347204844,0.41314852237701416,0.8521042664845785,9.271246540030878,15.985276227859751,3.4152372048341637,0.0,0.0
ES2003d,219,0.6551516453425089,0.35575492680072784,0.40253107746442157,0.15066439906756082,0.06238448371489843,0.23566019783417383,0.45945186416308087,0.4857853551705678,10.780538911454407,19.26702517796996,6.171377871766825,0.0,0.0
ES2003d,220,0.621859590212504,0.3402316172917684,0.29160704215367633,0.09939516087373097,0.03197653032839298,0.19935314853986105,0.48228829105695087,0.21609880030155182,8.75133955875611,20.965547940092694,1.5690913457130453,0.0,0.0
ES2003d,221,0.6825666626294454,0.45872076352437335,0.4158264100551605,0.11305943628152211,0.04258279254039129,0.19102666278680167,0.4746261537075043,0.6204937597115835,9.282695629132498,17.456990719206466,-2.9711087694531613,0.0,0.0
ES2003d,222,0.7499032219250997,0.5254485209782919,0.454724778731664,0.13281447192033133,0.04812359313170115,0.1234059954682986,0.4629300832748413,0.5112572759389877,7.03692874309083,14.35152265481607,-8.047713063896325,0.0,0.0
ES2003d,223,0.7012142539024353,0.42535964647928876,0.34636319677035016,0.12663257867097855,0.03949119026462237,0.1271666611234347,0.4437531034151713,0.6467315455277761,6.4695993253292166,13.996402381357512,-8.120104606018165,0.0,0.0
ES2003d,224,0.7341784238815308,0.47638092438379925,0.35185639063517254,0.1257427136103312,0.05271927018960317,0.1847838411728541,0.463454266389211,0.5710761745770773,7.133881148666961,13.708456085920803,-7.480376257469554,0.0,0.0
ES2003d,225,0.7047793865203857,0.4672846893469493,0.4043010473251343,0.13657050331433615,0.04077401260534922,0.1397353708744049,0.4232453207174937,0.5788388848304749,7.105565729587322,13.229394491900583,-7.320829197011338,0.0,0.0
ES2003d,226,0.42377009987831116,0.255683829387029,0.389663169781367,0.08179796735445659,0.02973337657749653,0.5210113575061163,0.3694779972235362,0.49702584743499756,13.911408306514915,-26.493194372316125,-15.12847408599375,0.0,0.0
ES2003d,227,0.5452871123949686,0.42072035868962604,0.5466147263844808,0.19506585349639258,0.1624279667933782,0.42147286732991535,0.5260485410690308,0.8064885338147482,1.8332625037882142,-14.909528592316477,2.37066547133184,0.0,0.0
ES2003d,228,0.5154471397399902,0.4194280405839284,0.4249616314967473,0.11064358800649643,0.04087004562218984,0.49256932735443115,0.4434572557608287,0.4957791318496068,6.171336438931346,-12.111362773912598,-1.9445365193140607,0.0,0.0
ES2003d,229,0.48938114444414776,0.3018258561690648,0.2010765721400579,0.09129084398349126,0.05696788802742958,0.35931655764579773,0.3650473753611247,0.5719125705460707,6.846144461959985,-10.75306800532004,-1.5858020111589803,0.0,0.0
ES2003d,230,0.5142688055833181,0.31801822284857434,0.39163543780644733,0.5098418618241946,0.5533169594903787,0.5670102039972941,0.44169790546099347,0.39639710014065105,9.595521143834702,-8.928657807951296,-9.597770812514229,0.0,0.0
ES2003d,231,0.5684118270874023,0.5304330587387085,0.17342219998439154,0.207238199810187,0.15627237036824226,0.5632196366786957,0.4483085374037425,0.34359730283419293,15.968539764658408,-27.647736322647717,-18.468571728186024,0.0,0.0
ES2003d,232,0.5227499703566233,0.43158302704493207,0.4304681718349457,0.11415354162454605,0.06732391193509102,0.35531190037727356,0.3704639474550883,0.8554981549580892,6.873638734351718,-14.971588814960661,-10.740731355248386,0.0,0.0
ES2003d,233,0.7148326635360718,0.5032551487286886,0.2915128469467163,0.13062675793965658,0.06842820843060811,0.37580614785353345,0.4270554681619008,0.3239830881357193,17.418146418976615,-8.22228053366788,14.680045161455993,0.0,0.0
ES2003d,234,0.7254965305328369,0.5750555992126465,0.5046945412953695,0.10143791884183884,0.04358076055844625,0.383907546599706,0.34863462050755817,0.17571970323721567,20.09252988653229,-1.3895860263614448,18.59148813181828,0.0,0.0
ES2003d,235,0.5768585403760275,0.32028021415074664,0.6058184107144674,0.42001136640707654,0.3161293963591258,0.2682851701974869,0.3319079875946045,0.6831897223989168,9.39571769022137,21.07355997948881,-4.129396763554815,0.0,0.0
ES2003d,236,0.7246868213017782,0.3510611156622569,0.723743756612142,0.16275325417518616,0.07476326202352841,0.3279925932486852,0.5186692277590433,0.518712321917216,11.421320879313077,20.43299349274174,-5.614736096080249,0.0,0.0
ES2003d,237,0.6602866450945536,0.2995378077030182,0.7463046709696451,0.2354772835969925,0.09007206062475841,0.47654983898003894,0.4884977638721466,0.9235749244689941,9.554121175692304,18.046356489171387,-7.840380160072041,0.0,0.0
ES2003d,238,0.6055674155553182,0.3401669959227244,0.4794374654690425,0.15841537714004517,0.057619139552116394,0.20208663245042166,0.46015144387880963,0.9148151477177938,9.51542967214092,24.858732319803718,-5.188060684674904,0.0,0.0
ES2003d,239,0.6507822473843893,0.36661648750305176,0.6348470151424408,0.16863460342089334,0.058321947852770485,0.2021961435675621,0.47063664595286053,0.9535197218259176,8.42256815705583,21.94706094360734,-6.15502973267989,0.0,0.0
ES2003d,240,0.5804751118024191,0.2616725265979767,0.5846624374389648,0.18327017625172934,0.043932270258665085,0.45049239695072174,0.4314897159735362,0.9508658448855082,5.165451731863897,17.57981941164947,-8.971806828692875,0.0,0.0
ES2003d,241,0.45442841450373334,0.3953799208005269,0.36229007442792255,0.05033787339925766,0.03405974805355072,0.15148508052031198,0.2483789324760437,0.560362716515859,9.224818629081938,-0.8826136557384633,6.854704461639398,0.0,0.0
ES2003d,242,0.7058644692103068,0.5686314006646475,0.5550238192081451,0.07927950471639633,0.03152236777047316,0.2916257878144582,0.3762054244677226,0.8135098814964294,13.882089018528305,-2.241105444942113,10.717276042684242,0.0,0.0
ES2003d,243,0.7355581919352213,0.6011320153872172,0.5211956202983856,0.07867882400751114,0.046020528922478356,0.3197311262289683,0.3923129041989644,0.9020616412162781,14.854349258310691,-3.413690115820257,10.296144060632855,0.0,0.0
ES2003d,244,0.6962469816207886,0.536578893661499,0.5611268977324168,0.08342592418193817,0.03391903390487035,0.2982238431771596,0.39459269245465595,0.9193785389264425,14.966868619797259,-4.2140749330479235,10.213490439755484,0.0,0.0
ES2003d,245,0.7155382633209229,0.5211586554845175,0.6330730319023132,0.07904431472222011,0.034781904270251594,0.2372694412867228,0.3987528185049693,0.9522054394086202,14.927529417446115,-4.730055171035065,10.148546932756206,0.0,0.0
ES2003d,246,0.7189163764317831,0.5393201808134714,0.543176273504893,0.07438466077049573,0.031083342308799427,0.22924127678076425,0.3613885243733724,0.8138289650281271,14.541576458556728,-3.743231570524013,10.319647172959536,0.0,0.0
ES2003d,247,0.7523904840151469,0.5442565977573395,0.5889309843381246,0.08474873751401901,0.03397838771343231,0.28656866153081256,0.4024208088715871,0.6536166965961456,13.792717151629965,-2.5871655549524073,10.185210683758726,0.0,0.0
ES2003d,248,0.7338190873463949,0.5686449805895487,0.48792072137196857,0.09004234025875728,0.038201045244932175,0.19965713719526926,0.41173218687375385,0.7190499504407247,13.50434734795072,-2.100686782847382,10.725835139606133,0.0,0.0
ES2003d,249,0.7134096423784891,0.4819813668727875,0.44999395807584125,0.09465907762447993,0.03735655918717384,0.20216815918684006,0.3644926647345225,0.8817644317944845,13.75051979101299,-2.385771282489776,10.84121126413725,0.0,0.0
ES2003d,250,0.7442262570063273,0.5702482064565023,0.5223424931367239,0.09346181650956471,0.03461230359971523,0.25691739718119305,0.36474062005678815,0.7434348364671072,14.32705508939025,-3.1479086651952435,10.503120208494169,0.0,0.0
ES2003d,251,0.6829195022583008,0.3106568555037181,0.339778666694959,0.11540012806653976,0.09158708900213242,0.4838844984769821,0.38815314571062726,0.3452918604016304,1.4088644677462085,24.909983842836624,-4.509697463246752,0.0,0.0
ES2003d,252,0.6302406589190165,0.27001770337422687,0.2941371450821559,0.10617280503114064,0.06531059183180332,0.5334538420041403,0.42184507846832275,0.21346403658390045,1.4094170581226877,24.9601274573341,-4.406697107017665,0.0,0.0
ES2003d,253,0.5679424305756887,0.23646272222201029,0.27271005014578503,0.10540396720170975,0.03415472432971001,0.4994715650876363,0.3374937077363332,0.08092435946067174,1.4150321349186583,23.73038344443494,-4.378148174958851,0.0,0.0
ES2003d,254,0.7256226340929667,0.3295527497927348,0.25201813876628876,0.09544149537881215,0.06021518260240555,0.5122247437636057,0.35866355895996094,0.10884609880546729,1.8569327158874007,24.67671753720312,-4.328189807448708,0.0,0.0
ES2003d,255,0.6205296218395233,0.3194113572438558,0.22098419815301895,0.10717210918664932,0.08593230818708737,0.587884932756424,0.34926175077756244,0.15022296334306398,3.1693594075089337,22.228661892842236,-4.650871042502825,0.0,0.0
ES2003d,256,0.6051202416419983,0.36816809078057605,0.13245733082294464,0.10861919571955998,0.046342882017294564,0.3237099548180898,0.36278412739435834,0.016167345456779003,3.513497905016749,16.92187209865747,-6.150405232764098,0.0,0.0
ES2003d,257,0.69534832239151,0.3797816038131714,0.13219411671161652,0.1404919574658076,0.07511282215515773,0.3850265443325043,0.40360482533772785,0.019564539194107056,4.240515262322966,17.80229297325623,-6.148290249513644,0.0,0.0
ES2003d,258,0.7416782776514689,0.45195530851682025,0.11494951943556468,0.13469124833742777,0.07373874758680661,0.3805231253306071,0.4028011957804362,0.03176404256373644,5.144191208074569,18.444817417929354,-6.62871980985047,0.0,0.0
ES2003d,259,0.6384978095690409,0.45939942200978595,0.23302468160788217,0.1732440690199534,0.10288270314534505,0.39209182063738507,0.34368489185969037,0.06519728510951002,5.990957821017762,19.54379333151734,-6.152371028152757,0.0,0.0
ES2003d,260,0.7345059712727865,0.5160198708375295,0.2720823834339778,0.19154731432596842,0.0984997699658076,0.3343903621037801,0.4067949553330739,0.10988930845633149,7.910960301002537,22.95746418000854,-1.321486280952812,0.0,0.0
ES2003d,261,0.5764003992080688,0.30769020815690357,0.4089116056760152,0.09785041709740956,0.061826283733050026,0.31254024306933087,0.47470683852831524,0.4491535735627015,24.04381881652488,50.95550562004744,21.937487584219966,0.0,0.0
ES2003d,262,0.5012365380922953,0.3358982602755229,0.21990975737571716,0.10063680882255237,0.04548170790076256,0.27783268690109253,0.3729023238023122,0.0967334508895874,-42.942426255583804,28.72885688011735,-45.08248132790873,0.0,0.0
ES2003d,263,0.40971700350443524,0.3080766598383586,0.2529563109079997,0.05205343166987101,0.017866104220350582,0.3093518714110057,0.3513129750887553,0.03585768242677053,-2.603260540930707,11.945502271939533,-10.11008504632617,0.0,0.0
ES2003d,264,0.5453579227129618,0.4214387834072113,0.269540011882782,0.17011172324419022,0.09020328273375829,0.4237453838189443,0.43650790055592853,0.5372185905774435,-26.464440500169662,-3.3597768131167407,-59.745753082459515,0.0,0.0
ES2003d,265,0.5974460442860922,0.5266868571440378,0.2720879912376404,0.0885648379723231,0.03626882222791513,0.4899468918641408,0.4071005682150523,0.6609883705774943,26.04319600112902,-49.77397271220101,-25.56402524892442,0.0,0.0
ES2003d,266,0.648776908715566,0.7569727301597595,0.16399283707141876,0.08600411067406337,0.035492718840638794,0.542129228512446,0.42116302251815796,0.6656720489263535,23.804818351298422,-42.78162037410299,-19.705343414362662,0.0,0.0
ES2003d,267,0.7022908926010132,0.6504305203755697,0.16912312805652618,0.11363041152556737,0.038813396667440735,0.5294947425524393,0.4771030644575755,0.41935525834560394,20.692184910581005,-43.28825193267312,-15.785630439677591,0.0,0.0
ES2003d,268,0.5890057682991028,0.5114669402440389,0.286276638507843,0.11607598016659419,0.0873965211212635,0.4724874993165334,0.4694380561510722,0.6553206220269203,20.00407148423889,-40.82456273821216,-20.428439758892832,0.0,0.0
ES2003d,269,0.6343141794204712,0.6885973215103149,0.21249300241470337,0.15874080111583075,0.15937057261665663,0.4374531904856364,0.46890467405319214,0.6152531901995341,29.40200952773563,-56.60137448373874,-27.62715388386,0.0,0.0
ES2003d,270,0.6245648662249247,0.6050016283988953,0.17477329075336456,0.1807169442375501,0.18350751077135405,0.32345415900150937,0.5172389149665833,0.5835251486860216,17.536627732637044,-38.62814004883773,-19.414638033964053,0.0,0.0
ES2003d,271,0.5914157231648763,0.578357607126236,0.2138632188240687,0.16350475947062174,0.18149275953571,0.5622663299242655,0.4946671923001607,0.6224367031827569,21.62444991192182,-39.44135543909718,-23.15089933564717,0.0,0.0
ES2003d,272,0.4610784153143565,0.5125546157360077,0.33899424970149994,0.07683117687702179,0.03710986549655596,0.5625077188014984,0.43449312448501587,0.5374711578090986,27.985171743992495,-48.781087439208356,-29.8000494871886,0.0,0.0
ES2003d,273,0.4604008197784424,0.40421169996261597,0.406476969520251,0.19848198940356573,0.15161457347373167,0.4499974499146144,0.5296499927838644,0.4031118303537369,52.410697930777395,-65.90914553911462,-55.06388609120634,0.0,0.0
ES2003d,274,0.6979916095733643,0.5476204057534536,0.39548298716545105,0.11340174575646718,0.05740289017558098,0.4000331411759059,0.6508727669715881,0.10555152284602325,59.56508025569561,-62.04022533169018,-61.53141806644876,0.0,0.0
ES2003d,275,0.619983990987142,0.5880990028381348,0.22552600502967834,0.1849010537068049,0.07238244265317917,0.48111776014169055,0.6179992953936259,0.415087653324008,56.95610054525259,-64.5230615684269,-58.49304850905645,0.0,0.0
ES2003d,276,0.6755797266960144,0.5747789243857065,0.22943687935670218,0.2448951005935669,0.16492516795794168,0.6257633566856384,0.527698427438736,0.6984004577000936,30.164267785392223,-37.64357786720536,-19.64620064797569,0.0,0.0
ES2003d,277,0.644018550713857,0.4992934763431549,0.326149841149648,0.21842078367869058,0.1468712016940117,0.5503803193569183,0.5094502170880636,0.738304336865743,14.306230784643509,-25.60062566007979,1.3134671180383666,0.0,0.0
ES2003d,278,0.6605098048845927,0.4169757862885793,0.44935913880666095,0.1812020242214203,0.1394132822751999,0.44794278343518573,0.4815354545911153,0.6319799224535624,10.072539093635804,-23.90417632225377,2.5704807306066333,0.0,0.0
ES2003d,279,0.6844318310419718,0.5117657482624054,0.39250442385673523,0.25043723980585736,0.19171011447906494,0.528568704922994,0.5425064464410146,0.6987702747186025,9.010944818508827,-29.055041472220193,5.0899222953560415,0.0,0.0
ES2003d,280,0.5749678015708923,0.40715686480204266,0.39812325437863666,0.15862275660037994,0.08681001886725426,0.487209548552831,0.4057145317395528,0.6555061737696329,32.7815893673388,-43.09751356201801,-25.95230070956166,0.0,0.0
ES2003d,281,0.3988710840543111,0.29758697748184204,0.41289521257082623,0.12041908005873363,0.11342201692362626,0.446283499399821,0.3404579162597656,0.17902465785543123,18.353161591452338,-30.759497466533208,-14.312033567437624,0.0,0.0
ES2003d,282,0.15148188670476279,0.08052352567513783,0.2876645127932231,0.023789723714192707,0.00616606076558431,0.13142837087313333,0.1527507801850637,0.15531211098035178,15.718644486167953,-23.305183204387465,-16.746700943839766,0.0,0.0
ES2003d,283,0.5187593400478363,0.16009075939655304,0.3468821744124095,0.11302009721597035,0.026543450852235157,0.32761839032173157,0.5645861426989237,0.5933541854222616,2.185932265673205,22.896812196686756,5.821939568867268,0.0,0.0
ES2003d,284,0.5084657867749532,0.1642681360244751,0.31564268966515857,0.09820116559664409,0.023020630702376366,0.3963725169499715,0.5366434653600057,0.648005485534668,4.20373304332664,22.248010502890093,6.17048824957421,0.0,0.0
ES2003d,285,0.5060993731021881,0.1383044198155403,0.2821592539548874,0.1007989024122556,0.024837985013922054,0.4041013816992442,0.549150546391805,0.618245263894399,5.332012553696902,22.18394837575809,6.211614897429787,0.0,0.0
ES2003d,286,0.5125080545743307,0.15624805788199106,0.3289746145407359,0.09380944818258286,0.02400704100728035,0.2937459846337636,0.5259571274121603,0.8051446278889974,5.108533398594883,22.030723382569125,6.213884482513369,0.0,0.0
ES2003d,287,0.5452858606974283,0.16172297795613608,0.30116979281107586,0.10634120802084605,0.028462347264091175,0.42129193743069965,0.5675436854362488,0.924731453259786,6.298232458041693,22.718790588580358,6.5599100743041845,0.0,0.0
ES2003d,288,0.5931801597277323,0.16783541440963745,0.2032173126935959,0.10056476294994354,0.027872856085499127,0.4651903510093689,0.5183858176072439,0.7304513653119405,6.791709956612354,23.70760066699366,6.0085615987421015,0.0,0.0
ES2003d,289,0.5678860942522684,0.1941296011209488,0.2469151516755422,0.10061850150426228,0.027192709346612293,0.37951459487279254,0.507001519203186,0.7100270986557007,6.451461223855156,23.867187677295117,6.378943211053849,0.0,0.0
ES2003d,290,0.6041075587272644,0.20808184643586478,0.24762212733427683,0.11913954466581345,0.02568819435934226,0.4753686785697937,0.4829316933949788,0.6179691553115845,6.46876186570637,23.26502602647538,6.1344905691439315,0.0,0.0
ES2003d,291,0.5532065431276957,0.17272610465685526,0.28575849036375683,0.10243641833464305,0.025527996942400932,0.38699086507161456,0.5100098450978597,0.8320192694664001,5.542379823041568,23.32491346992667,6.298240818655164,0.0,0.0
ES2003d,292,0.5064253111680349,0.18831408520539603,0.33242438236872357,0.09346059709787369,0.02274896390736103,0.40124062200387317,0.48454513152440387,0.6099101006984711,4.229846420485329,22.214682232109308,6.156687293250317,0.0,0.0
ES2003d,293,0.5248992641766866,0.1826604207356771,0.41755261023839313,0.10098473479350407,0.02030825677017371,0.39686599373817444,0.5201168060302734,0.6993636687596639,3.374914842896511,21.76166237504725,6.204479615188696,0.0,0.0
ES2003d,294,0.5311161478360494,0.19281674921512604,0.23701212306817374,0.10077926019827525,0.023207730303208034,0.4588272273540497,0.5008850991725922,0.694767028093338,4.837907909587249,22.3198792157208,6.0366992591057835,0.0,0.0
ES2003d,295,0.595573216676712,0.17636672159036001,0.24287293354670206,0.10842425872882207,0.02569752869506677,0.40437719225883484,0.5255096753438314,0.6738816251357397,5.723356653489557,23.512738986114716,5.3954317381317525,0.0,0.0
ES2003d,296,0.576846162478129,0.167478546500206,0.3089606463909149,0.09938075393438339,0.02710009862979253,0.46988818049430847,0.47140054901440936,0.7494798401991526,6.34700820346828,25.730463028938157,4.0118140492946806,0.0,0.0
ES2003d,297,0.5375360051790873,0.1545569101969401,0.35064053535461426,0.1093954046567281,0.028189564123749733,0.36295077701409656,0.4673285981019338,0.9402529199918112,7.369054299441351,25.77141343889498,3.3216107640504453,0.0,0.0
ES2003d,298,0.5706890225410461,0.16369192798932394,0.2474599927663803,0.1160881370306015,0.02588524545232455,0.40281355381011963,0.4243093430995941,0.97181236743927,5.9826463486670045,24.193764650119075,3.7986586742648254,0.0,0.0
ES2003d,299,0.568594753742218,0.27097974717617035,0.2530319094657898,0.12247898677984874,0.03763594105839729,0.3147587478160858,0.49824278553326923,0.7844330271085104,-0.2566008745468058,23.92170802930961,2.305445350627751,0.0,0.0
ES2003d,300,0.5612519284089407,0.289130965868632,0.44865332047144574,0.14804724107186,0.05468271983166536,0.4309311509132385,0.5273739596207937,0.8890285889307658,-1.7983903678889632,23.02058804205578,2.342131854031573,0.0,0.0
ES2003d,301,0.4982156852881114,0.17866902550061545,0.35134414831797284,0.11964734395345052,0.02915899579723676,0.53728715578715,0.5051475465297699,0.8969620068868002,-0.8794880572774978,22.878202746356706,3.1267446390228972,0.0,0.0
ES2003d,302,0.4799768030643463,0.1387631098429362,0.4854143460591634,0.11275488883256912,0.022149914875626564,0.3920014202594757,0.5227231085300446,0.8381731112798055,0.17932446469601038,22.888151141022316,3.0748039641223794,0.0,0.0
ES2003d,303,0.4574107627073924,0.163222869237264,0.4068102240562439,0.10704897592465083,0.023343839372197788,0.3169446388880412,0.5195196469624838,0.8204347292582194,0.7682861288304396,23.281850904497546,3.558079394404173,0.0,0.0
ES2003d,304,0.5196527441342672,0.1619077722231547,0.4222661256790161,0.10331107179323833,0.026871698598066967,0.37540114919344586,0.4741036395231883,0.7448127269744873,0.5977794344516828,23.599676557407236,3.4580832970153197,0.0,0.0
ES2003d,305,0.5207376976807913,0.16581319520870844,0.38334575295448303,0.1252142389615377,0.029670601710677147,0.5217677553494772,0.48546408613522846,0.7250974376996359,0.8284543496853582,22.980524783522387,3.528149173170178,0.0,0.0
ES2003d,306,0.49908244609832764,0.15818634629249573,0.3992450435956319,0.11487806340058644,0.02432345040142536,0.4716069499651591,0.5065652132034302,0.9644061724344889,0.8057607400640706,22.66381451483638,3.930012669701808,0.0,0.0
ES2003d,307,0.4757239023844401,0.13979375610748926,0.332425057888031,0.09845822552839915,0.02593193327387174,0.3357619245847066,0.5403875112533569,0.8581059177716573,0.9240346484306915,22.834986288606228,4.282454204707371,0.0,0.0
ES2003d,308,0.4905999203523,0.13551283379395804,0.3647337754567464,0.10667382677396138,0.020716956506172817,0.4215078254540761,0.5011788705984751,0.7648630936940511,1.3258342269951937,22.91426135795102,4.403447846470455,0.0,0.0
ES2003d,309,0.5154642264048258,0.14124424755573273,0.3230080306529999,0.10940984388192494,0.023147989064455032,0.3712519556283951,0.504561314980189,0.8195107380549113,1.533401862679021,22.989974081855674,4.472337267607991,0.0,0.0
ES2003d,310,0.4705892602602641,0.1661780575911204,0.3211827476819356,0.1093350425362587,0.02280469797551632,0.33471184472242993,0.5122002959251404,0.6971691250801086,1.613538048204376,23.208960644271027,4.473884325359798,0.0,0.0
ES2003d,311,0.5166464547316233,0.1765426198641459,0.39885937174161273,0.10360852132240932,0.028816061094403267,0.3898995717366536,0.49634573856989544,0.8621858954429626,1.4977514322077365,22.834474934714425,4.35747417949444,0.0,0.0
ES2003d,312,0.523444930712382,0.15018132825692496,0.403399258852005,0.09668016185363133,0.0242141205817461,0.39456580579280853,0.5109421809514364,0.881795346736908,1.4399895840632808,22.729386908581162,4.275768150907278,0.0,0.0
ES2003d,313,0.4976699948310852,0.1497509777545929,0.3252188464005788,0.10001359631617864,0.024502469847599666,0.25889923175175983,0.5495881835619608,0.9378082354863485,1.4842455998749318,23.402033602647347,4.751595482925389,0.0,0.0
ES2003d,314,0.1699889898300171,0.1582942803700765,0.2323573430379232,0.12348065773646037,0.11022030313809712,0.21558932463328043,0.16561355193456015,0.17010627190272012,0.0,0.0,0.0,0.0,0.0
ES2003d,315,0.12188616394996643,0.09221346179644267,0.2212398648262024,0.04536402225494385,0.019409740964571636,0.20920389890670776,0.18737779060999551,0.0013149625932176907,-1.8280697536749482,2.196218664764182,-3.7893746221653086,0.0,0.0
ES2003d,316,0.14644893010457358,0.10320696234703064,0.09093050161997478,0.024576423068841297,0.008940444017450014,0.17914928992589316,0.18448261419932047,0.026559424897034962,9.408175168137115,-20.726104312353282,-9.371909722160146,0.0,0.0
ES2003d,317,0.18243539333343506,0.11618807911872864,0.16252987583478293,0.05711892247200012,0.021306057771046955,0.19634471337000528,0.1972988247871399,0.12321789065996806,0.0,0.0,0.0,0.0,0.0
ES2003d,318,0.0,0.0,0.0,0.0,0.0,0.0,0.0,0.0,0.0,0.0,0.0,0.0,0.0
ES2003d,319,0.0,0.0,0.0,0.0,0.0,0.0,0.0,0.0,0.0,0.0,0.0,0.0,0.0
ES2003d,320,0.0,0.0,0.0,0.0,0.0,0.0,0.0,0.0,0.0,0.0,0.0,0.0,0.0
ES2003d,321,0.0,0.0,0.0,0.0,0.0,0.0,0.0,0.0,0.0,0.0,0.0,0.0,0.0
ES2003d,322,0.0,0.0,0.0,0.0,0.0,0.0,0.0,0.0,0.0,0.0,0.0,0.0,0.0
ES2003d,323,0.0,0.0,0.0,0.0,0.0,0.0,0.0,0.0,0.0,0.0,0.0,0.0,0.0
ES2003d,324,0.0,0.0,0.0,0.0,0.0,0.0,0.0,0.0,0.0,0.0,0.0,0.0,0.0
ES2003d,325,0.0,0.0,0.0,0.0,0.0,0.0,0.0,0.0,0.0,0.0,0.0,0.0,0.0
ES2003d,326,0.0,0.0,0.0,0.0,0.0,0.0,0.0,0.0,0.0,0.0,0.0,0.0,0.0
ES2003d,327,0.0,0.0,0.0,0.0,0.0,0.0,0.0,0.0,0.0,0.0,0.0,0.0,0.0
ES2003d,328,0.0,0.0,0.0,0.0,0.0,0.0,0.0,0.0,0.0,0.0,0.0,0.0,0.0
ES2003d,329,0.0,0.0,0.0,0.0,0.0,0.0,0.0,0.0,0.0,0.0,0.0,0.0,0.0
ES2003d,330,0.0,0.0,0.0,0.0,0.0,0.0,0.0,0.0,0.0,0.0,0.0,0.0,0.0
ES2003d,331,0.0,0.0,0.0,0.0,0.0,0.0,0.0,0.0,0.0,0.0,0.0,0.0,0.0
ES2003d,332,0.0,0.0,0.0,0.0,0.0,0.0,0.0,0.0,0.0,0.0,0.0,0.0,0.0
ES2003d,333,0.0,0.0,0.0,0.0,0.0,0.0,0.0,0.0,0.0,0.0,0.0,0.0,0.0
ES2003d,334,0.0,0.0,0.0,0.0,0.0,0.0,0.0,0.0,0.0,0.0,0.0,0.0,0.0
ES2003d,335,0.0,0.0,0.0,0.0,0.0,0.0,0.0,0.0,0.0,0.0,0.0,0.0,0.0
ES2003d,336,0.0,0.0,0.0,0.0,0.0,0.0,0.0,0.0,0.0,0.0,0.0,0.0,0.0
ES2003d,337,0.0,0.0,0.0,0.0,0.0,0.0,0.0,0.0,0.0,0.0,0.0,0.0,0.0
ES2003d,338,0.0,0.0,0.0,0.0,0.0,0.0,0.0,0.0,0.0,0.0,0.0,0.0,0.0
ES2003d,339,0.0,0.0,0.0,0.0,0.0,0.0,0.0,0.0,0.0,0.0,0.0,0.0,0.0
ES2003d,340,0.0,0.0,0.0,0.0,0.0,0.0,0.0,0.0,0.0,0.0,0.0,0.0,0.0
ES2003d,341,0.0,0.0,0.0,0.0,0.0,0.0,0.0,0.0,0.0,0.0,0.0,0.0,0.0
ES2003d,342,0.0,0.0,0.0,0.0,0.0,0.0,0.0,0.0,0.0,0.0,0.0,0.0,0.0
ES2003d,343,0.0,0.0,0.0,0.0,0.0,0.0,0.0,0.0,0.0,0.0,0.0,0.0,0.0
ES2003d,344,0.0,0.0,0.0,0.0,0.0,0.0,0.0,0.0,0.0,0.0,0.0,0.0,0.0
ES2003d,345,0.0,0.0,0.0,0.0,0.0,0.0,0.0,0.0,0.0,0.0,0.0,0.0,0.0
ES2003d,346,0.0,0.0,0.0,0.0,0.0,0.0,0.0,0.0,0.0,0.0,0.0,0.0,0.0
ES2003d,347,0.0,0.0,0.0,0.0,0.0,0.0,0.0,0.0,0.0,0.0,0.0,0.0,0.0
ES2003d,348,0.0,0.0,0.0,0.0,0.0,0.0,0.0,0.0,0.0,0.0,0.0,0.0,0.0
ES2003d,349,0.0,0.0,0.0,0.0,0.0,0.0,0.0,0.0,0.0,0.0,0.0,0.0,0.0
ES2003d,350,0.0,0.0,0.0,0.0,0.0,0.0,0.0,0.0,0.0,0.0,0.0,0.0,0.0
ES2003d,351,0.0,0.0,0.0,0.0,0.0,0.0,0.0,0.0,0.0,0.0,0.0,0.0,0.0
ES2003d,352,0.0,0.0,0.0,0.0,0.0,0.0,0.0,0.0,0.0,0.0,0.0,0.0,0.0
ES2003d,353,0.0,0.0,0.0,0.0,0.0,0.0,0.0,0.0,0.0,0.0,0.0,0.0,0.0
ES2003d,354,0.0,0.0,0.0,0.0,0.0,0.0,0.0,0.0,0.0,0.0,0.0,0.0,0.0
ES2003d,355,0.0,0.0,0.0,0.0,0.0,0.0,0.0,0.0,0.0,0.0,0.0,0.0,0.0
ES2003d,356,0.0,0.0,0.0,0.0,0.0,0.0,0.0,0.0,0.0,0.0,0.0,0.0,0.0
ES2003d,357,0.0,0.0,0.0,0.0,0.0,0.0,0.0,0.0,0.0,0.0,0.0,0.0,0.0
ES2003d,358,0.0,0.0,0.0,0.0,0.0,0.0,0.0,0.0,0.0,0.0,0.0,0.0,0.0
ES2003d,359,0.0,0.0,0.0,0.0,0.0,0.0,0.0,0.0,0.0,0.0,0.0,0.0,0.0
ES2003d,360,0.0,0.0,0.0,0.0,0.0,0.0,0.0,0.0,0.0,0.0,0.0,0.0,0.0
ES2003d,361,0.0,0.0,0.0,0.0,0.0,0.0,0.0,0.0,0.0,0.0,0.0,0.0,0.0
ES2003d,362,0.0,0.0,0.0,0.0,0.0,0.0,0.0,0.0,0.0,0.0,0.0,0.0,0.0
ES2003d,363,0.0,0.0,0.0,0.0,0.0,0.0,0.0,0.0,0.0,0.0,0.0,0.0,0.0
ES2003d,364,0.0,0.0,0.0,0.0,0.0,0.0,0.0,0.0,0.0,0.0,0.0,0.0,0.0
ES2003d,365,0.0,0.0,0.0,0.0,0.0,0.0,0.0,0.0,0.0,0.0,0.0,0.0,0.0
ES2003d,366,0.0,0.0,0.0,0.0,0.0,0.0,0.0,0.0,0.0,0.0,0.0,0.0,0.0
ES2003d,367,0.0,0.0,0.0,0.0,0.0,0.0,0.0,0.0,0.0,0.0,0.0,0.0,0.0
ES2003d,368,0.0,0.0,0.0,0.0,0.0,0.0,0.0,0.0,0.0,0.0,0.0,0.0,0.0
ES2003d,369,0.0,0.0,0.0,0.0,0.0,0.0,0.0,0.0,0.0,0.0,0.0,0.0,0.0
ES2003d,370,0.0,0.0,0.0,0.0,0.0,0.0,0.0,0.0,0.0,0.0,0.0,0.0,0.0
ES2003d,371,0.0,0.0,0.0,0.0,0.0,0.0,0.0,0.0,0.0,0.0,0.0,0.0,0.0
ES2003d,372,0.0,0.0,0.0,0.0,0.0,0.0,0.0,0.0,0.0,0.0,0.0,0.0,0.0
ES2003d,373,0.0,0.0,0.0,0.0,0.0,0.0,0.0,0.0,0.0,0.0,0.0,0.0,0.0
ES2003d,374,0.0,0.0,0.0,0.0,0.0,0.0,0.0,0.0,0.0,0.0,0.0,0.0,0.0
ES2003d,375,0.0,0.0,0.0,0.0,0.0,0.0,0.0,0.0,0.0,0.0,0.0,0.0,0.0
ES2003d,376,0.0,0.0,0.0,0.0,0.0,0.0,0.0,0.0,0.0,0.0,0.0,0.0,0.0
ES2003d,377,0.0,0.0,0.0,0.0,0.0,0.0,0.0,0.0,0.0,0.0,0.0,0.0,0.0
ES2003d,378,0.0,0.0,0.0,0.0,0.0,0.0,0.0,0.0,0.0,0.0,0.0,0.0,0.0
ES2003d,379,0.0,0.0,0.0,0.0,0.0,0.0,0.0,0.0,0.0,0.0,0.0,0.0,0.0
ES2003d,380,0.0,0.0,0.0,0.0,0.0,0.0,0.0,0.0,0.0,0.0,0.0,0.0,0.0
ES2003d,381,0.0,0.0,0.0,0.0,0.0,0.0,0.0,0.0,0.0,0.0,0.0,0.0,0.0
ES2003d,382,0.35967185099919635,0.22190452615420023,0.17946496605873108,0.07366090516249339,0.03681588297088941,0.4437764684359233,0.24827195207277933,0.09970006098349889,10.043415502614991,-10.71130890339601,-7.799180593138256,0.0,0.0
ES2003d,383,0.5245999296506246,0.34633902708689374,0.4887927174568176,0.11631669849157333,0.04639343793193499,0.5922362407048544,0.36542155345280963,0.37861162920792896,6.085070492905956,-15.061422464145707,-9.96389081793899,0.0,0.0
ES2003d,384,0.36332325140635174,0.2906617720921834,0.2763838469982147,0.04159262155493101,0.013605597739418348,0.4827495217323303,0.2967406709988912,0.13232963780562082,0.041229497874630226,-10.735660378502457,-4.427445015628072,0.0,0.0
ES2003d,385,0.3657387892405192,0.28171542286872864,0.2775787115097046,0.07455358405907948,0.04655970881382624,0.5607485771179199,0.2572742700576782,0.5838681062062582,-4.293195194914067,-10.271117265420395,-4.527038793456771,0.0,0.0
ES2003d,386,0.6652127305666605,0.5926294326782227,0.43562909960746765,0.0962939237554868,0.07655532223482926,0.7602109511693319,0.4068854848543803,0.43680032591025036,-2.4354682527005194,-13.965694198039335,-4.863183570417163,0.0,0.0
ES2003d,387,0.5399479568004608,0.5102774500846863,0.4611651698748271,0.1624682346979777,0.12853326151768366,0.7363856236139933,0.3837103247642517,0.5627863928675652,-9.448560600642216,-17.275414584044544,-5.655639441909418,0.0,0.0
ES2003d,388,0.611620565255483,0.5849859317143759,0.4664479196071625,0.12814382215340933,0.10098708420991898,0.6530134975910187,0.3983658254146576,0.5388387044270834,-5.171211938950743,-18.694756992531804,-5.868945925854157,0.0,0.0
ES2003d,389,0.5704085032145182,0.5497543811798096,0.40844134986400604,0.11710137625535329,0.06300747642914455,0.6019387940565745,0.44438140590985614,0.4532679468393326,14.006659700284466,-35.12429328522395,-22.830655102584018,0.0,0.0
ES2003d,390,0.15952984491984049,0.15121563275655112,0.06101073821385702,0.041122039159139,0.02036082123716672,0.22304985920588175,0.1007590393225352,0.00540035218000412,2.6578108036764196,-8.90506605013836,-2.085768720195684,0.0,0.0
ES2003d,391,0.23569192488988241,0.22377276420593262,0.08552868167559306,0.042457337180773415,0.02059473842382431,0.10319801171620686,0.1549411416053772,0.3109593391418457,23.922017342699707,-19.4191529955379,-23.192344565733862,0.0,0.0
ES2003d,392,0.0,0.0,0.0,0.0,0.0,0.0,0.0,0.0,0.0,0.0,0.0,0.0,0.0
ES2003d,393,0.6417331099510193,0.4851592282454173,0.20384028802315393,0.12205756952365239,0.05389078209797541,0.5575243631998698,0.33611035346984863,0.7235869367917379,0.7294772672149072,-43.29917128998742,4.721951255468818,0.0,0.0
ES2003d,394,0.589016338189443,0.37336792548497516,0.19800830880800882,0.12991548081239065,0.06095059091846148,0.4812989632288615,0.3442104160785675,0.4620157480239868,8.317950527939884,-28.004076336669073,-1.7083742459003473,0.0,0.0
ES2003d,395,0.6116041739781698,0.4536672631899516,0.22493143876393637,0.14862209806839624,0.04656711965799332,0.635406494140625,0.3863040308157603,0.14509661744038263,4.74342403521156,-30.01134075603396,-0.2086280526727361,0.0,0.0
ES2003d,396,0.6076531807581583,0.3563404828310013,0.208331897854805,0.1481549565990766,0.05594510088364283,0.5003277262051901,0.33210540811220807,0.3413303252309561,3.7388353308133104,-29.972499790006463,-0.28152422209727734,0.0,0.0
ES2003d,397,0.632748564084371,0.42024924357732135,0.29544387261072796,0.14722728729248047,0.07968442390362422,0.47606806953748065,0.36663246154785156,0.4941024382909139,3.1177563849461376,-29.03447194523106,-1.095261507026726,0.0,0.0
ES2003d,398,0.5367540717124939,0.3547515670458476,0.12389029065767924,0.11489819983641307,0.06335013980666797,0.519822508096695,0.3241554796695709,0.7207164764404297,2.3668996265985385,-29.055597841055956,-1.485512307956304,0.0,0.0
ES2003d,399,0.5340316891670227,0.2971727252006531,0.19268587728341421,0.10340289523204167,0.04618613049387932,0.6181967854499817,0.340930978457133,0.44216978053251904,1.0960993940336745,-28.754292166092117,-0.7293127954858566,0.0,0.0
ES2003d,400,0.5306102534135183,0.4364178379376729,0.30156028767426807,0.1068134531378746,0.04408021147052447,0.5889818867047628,0.34783147772153217,0.20520417268077532,-0.5936530766766225,-26.041966334865435,-2.0027761349264668,0.0,0.0
ES2003d,401,0.6146875619888306,0.5186303357283274,0.3361346373955409,0.06862049177289009,0.02918657970925172,0.5781806409358978,0.357709397872289,0.42576845549046993,-0.06546044686999021,-13.911040615402266,-0.33806450957622963,0.0,0.0
ES2003d,402,0.6055465936660767,0.4460275669892629,0.32153964042663574,0.05535871908068657,0.024419140070676804,0.2910101314385732,0.44274961948394775,0.4588761441409588,0.27037012718980974,-5.238888887876951,-11.035173997358436,0.0,0.0
ES2003d,403,0.7030404607454935,0.5780385434627533,0.23859315613905588,0.051451330383618675,0.01955192070454359,0.3721661667029063,0.4649488528569539,0.4225345055262248,2.600230011282243,0.512167478954844,-2.46126885283387,0.0,0.0
ES2003d,404,0.7838325500488281,0.710387110710144,0.2524540225664775,0.0526157890756925,0.015117333270609379,0.3049502621094386,0.42535709341367084,0.5653734356164932,3.86316617449033,-0.09222548058241553,-1.6445012349531722,0.0,0.0
ES2003d,405,0.7829668919245402,0.6468378106753031,0.19812752803166708,0.052964008102814354,0.012566320908566317,0.35885311166445416,0.4245487054189046,0.7980834046999613,4.243089091320678,-0.733329520304015,-1.877068765493321,0.0,0.0
ES2003d,406,0.7979689041773478,0.7325720389684042,0.17507642259200415,0.06274289761980374,0.02026611628631751,0.3299795339504878,0.44891275962193805,0.47862714404861134,3.664705406916717,-0.18204592934292188,-1.5346452342081445,0.0,0.0
ES2003d,407,0.7711880008379618,0.6272181272506714,0.18180598318576813,0.05526155730088552,0.023610393206278484,0.2544060746828715,0.4128594398498535,0.7530413071314493,3.2969489738979525,-0.0007165459039620939,-2.189067877001891,0.0,0.0
ES2003d,408,0.7422399123509725,0.6975862185160319,0.18360168238480887,0.058186148603757225,0.022375534599026043,0.2514125605424245,0.440476397673289,0.9565866788228353,3.130266301913822,-0.06273830332476305,-2.7373440827963833,0.0,0.0
ES2003d,409,0.5879449844360352,0.3946589529514313,0.20888912181059519,0.06303273513913155,0.031235693643490475,0.6568206747372946,0.5159832735856374,0.1763566912462314,-7.958218130794342,-4.255890740591846,1.932843137728904,0.0,0.0
ES2003d,410,0.4616018235683441,0.23042161762714386,0.38663741449515027,0.14432495832443237,0.02683756748835246,0.31964996457099915,0.43008042375246686,0.3715297083059947,-6.541678276300575,19.371144970114972,-6.720371357751374,0.0,0.0
ES2003d,411,0.4553476770718892,0.23542766273021698,0.5608986914157867,0.1968245655298233,0.03942069783806801,0.5957299073537191,0.4218645989894867,0.8168853720029196,3.597530530922029,6.497556769044432,-2.011522574094234,0.0,0.0
ES2003d,412,0.4887949426968892,0.18895662327607474,0.6597233712673187,0.14730972796678543,0.030738497152924538,0.5637710293134054,0.38719497124354046,0.8449450929959615,10.71272195656563,17.93422245881921,1.851159147288324,0.0,0.0
ES2003d,413,0.5137987534205118,0.20608554780483246,0.6941070159276327,0.10617762058973312,0.027254783858855564,0.4352829356988271,0.35088865955670673,0.8672072291374207,11.682794687030727,25.629755759686194,6.785613882587003,0.0,0.0
ES2003d,414,0.5640061100323995,0.5045288403828939,0.5004955530166626,0.08101083834966023,0.04336543691655,0.5146688123544058,0.34814342856407166,0.6594883600870768,3.171043236133609,-16.583858376314414,-9.676463030785248,0.0,0.0
ES2003d,415,0.5485817988713583,0.44624388217926025,0.2161319156487783,0.06707127516468366,0.037018160646160446,0.42486927409966785,0.43030203382174176,0.29258912801742554,38.70734620838167,-46.71643768074707,-40.65140541439988,0.0,0.0
ES2003d,416,0.3776373068491618,0.31347959240277606,0.270702987909317,0.044547210137049355,0.03949328511953354,0.3104824324448903,0.31663434704144794,0.03909771020213763,44.31147091017937,-44.368844823464656,-43.7074232460304,0.0,0.0
ES2003d,417,0.33988579114278156,0.20310581227143606,0.2005746215581894,0.11498746772607167,0.04641731455922127,0.32167025407155353,0.39253785212834674,0.36071744561195374,52.98633203065523,-45.528238109045674,-51.89312300288079,0.0,0.0
ES2003d,418,0.5929495096206665,0.42178837458292645,0.5417633155981699,0.07456573471426964,0.027018897856275242,0.5955894390741984,0.4779976507027944,0.34959572456621874,81.03577741995491,-68.4391839486638,-78.9218542832388,0.0,0.0
ES2003d,419,0.18006793657938638,0.09951552748680115,0.17878206570943198,0.020448570450146992,0.013419111569722494,0.2197292447090149,0.17943519353866577,0.010099191218614578,26.033275464618594,-22.602177730522794,-25.41107801047499,0.0,0.0
ES2003d,420,0.4115439256032308,0.24640350540479025,0.34558626015981037,0.04264922688404719,0.020832803721229236,0.38936755061149597,0.3500752051671346,0.06981222952405612,54.17271168998891,-44.283398073651256,-52.15888364179846,0.0,0.0
ES2003d,421,0.6095075011253357,0.49003302057584125,0.5927920341491699,0.07561546315749486,0.033317268205185734,0.6099156737327576,0.46359459559122723,0.17178807159264883,84.9378895929595,-66.30849698779272,-82.88526847183866,0.0,0.0
ES2003d,422,0.562141497929891,0.47475285331408185,0.5096693535645803,0.07648643230398496,0.03896258771419525,0.5361217359701792,0.5465977787971497,0.04767281096428633,83.75890792039554,-66.67673633749614,-81.85839939179859,0.0,0.0
ES2003d,423,0.19756277402242026,0.11893282334009807,0.26039395729700726,0.023587157328923542,0.007638655602931976,0.23667136828104654,0.15707972645759583,0.008172847951451937,28.768393813406988,-22.173589052774314,-28.126030622936597,0.0,0.0
ES2003d,424,0.35025379061698914,0.25175302227338153,0.2709200580914815,0.04365279773871104,0.024945930267373722,0.37373794118563336,0.36159058411916095,0.027139538588623207,55.3875638193324,-44.27327313534423,-54.343998432359314,0.0,0.0
ES2003d,425,0.3802721897761027,0.2206465701262156,0.38839807113011676,0.04219006995360056,0.01840321657558282,0.3743337392807007,0.3362496892611186,0.14157158136367798,52.666027097850694,-44.298025610475065,-51.94952113724141,0.0,0.0
ES2003d,426,0.37167733907699585,0.21043943365414938,0.2655137777328491,0.04558562239011129,0.015483586738506952,0.2897555430730184,0.3627648949623108,0.013000023046818873,54.41158553711703,-44.24583528461276,-53.596949589255225,0.0,0.0
ES2003d,427,0.3671042323112488,0.21474563082059225,0.3097086747487386,0.07999546577533086,0.023670407943427563,0.4310873548189799,0.3982846736907959,0.13422998785972595,54.92986061257769,-44.421480267726146,-53.989871686903825,0.0,0.0
ES2003d,428,0.570805549621582,0.20409605900446573,0.3963760534922282,0.07014263918002446,0.03212520542244116,0.5086065928141276,0.5235952734947205,0.07056987999627988,82.62418443374145,-67.48770935234793,-81.64503672281404,0.0,0.0
ES2003d,429,0.3484685818354289,0.24835644662380219,0.22852885723114014,0.09868787229061127,0.03549224634965261,0.49174312750498456,0.33624879519144696,0.07960259914398193,54.24508104566063,-45.19184003545994,-53.71529188339931,0.0,0.0
ES2003d,430,0.2079266905784607,0.06787043313185374,0.2583996653556824,0.029544043044249218,0.013369770099719366,0.2630128860473633,0.13853533069292703,0.15666293104489645,28.280273713933212,-22.425606853080193,-28.036655058079713,0.0,0.0
ES2003d,431,0.5581532617410024,0.3631298840045929,0.38210585713386536,0.10101421425739925,0.05738212416569392,0.4544389049212138,0.5226903955141703,0.1826540601129333,82.48455554067166,-67.61269688033197,-81.38893440494435,0.0,0.0
ES2003d,432,0.5384927491346995,0.25093498826026917,0.2272286464770635,0.15547245989243189,0.07452997068564098,0.693496435880661,0.5416567524274191,0.17765254775683084,82.23490427666492,-67.48928614816319,-81.02471462732285,0.0,0.0
ES2003d,433,0.19580858945846558,0.06328846017519633,0.16816522677739462,0.02604781836271286,0.007643083110451698,0.16991142431894937,0.13799606760342917,0.011405453085899353,26.958028992322784,-22.612631241336533,-26.658356734810408,0.0,0.0
ES2003d,434,0.42487072944641113,0.1961235006650289,0.19070874154567719,0.07219077895085017,0.0368563092003266,0.31595320502916974,0.3839984933535258,0.07916929728041093,55.48908264540858,-45.353717859053155,-54.350383231180864,0.0,0.0
ES2003d,435,0.38943811257680255,0.24814391632874808,0.4161497950553894,0.052456180254618325,0.023860086997350056,0.4558511972427368,0.3145160873730977,0.07700007905562718,51.735329430317734,-45.48781136260831,-50.82492688039972,0.0,0.0
ES2003d,436,0.11855918169021606,0.08489526311556499,0.1195761760075887,0.05723781883716583,0.046832114458084106,0.171284019947052,0.20410154263178507,0.08969718217849731,27.9768578186615,-22.223460468898875,-27.331988251731243,0.0,0.0
ES2003d,437,0.4420256515343984,0.21526986360549927,0.6145208775997162,0.06403567145268123,0.02195674367249012,0.6237486004829407,0.470451553662618,0.07269369283070166,84.33578950745924,-68.35071012319231,-82.48610004753307,0.0,0.0
ES2003d,438,0.3360052903493245,0.17459680636723837,0.4043247004350026,0.048083752393722534,0.018934944023688633,0.43000614643096924,0.37457555532455444,0.02716110770901044,55.93913440214512,-45.13600403743734,-54.484049111666764,0.0,0.0
ES2003d,439,0.2932855983575185,0.18973608314990997,0.22109527389208475,0.04227265218893687,0.0212845541536808,0.32000946005185443,0.3388510048389435,0.005890434763083856,56.816972802261944,-45.681636579835335,-55.64742684223393,0.0,0.0
ES2003d,440,0.0,0.0,0.0,0.0,0.0,0.0,0.0,0.0,0.0,0.0,0.0,0.0,0.0
ES2003d,441,0.1520527402559916,0.054627925157547,0.25541619459788006,0.0451439768075943,0.005113200594981511,0.2082407275835673,0.11092613140741985,0.019267674535512924,27.239092213525357,-21.936630893069417,-26.800389562654797,0.0,0.0
ES2003d,442,0.12975014249483743,0.10653286178906758,0.08660784363746643,0.032605412105719246,0.013444144278764725,0.2160969376564026,0.1767370899518331,0.04064245273669561,31.79336230536238,-21.935087667341445,-31.0388562089354,0.0,0.0
ES2003d,443,0.3555651605129242,0.2672411898771922,0.29269158840179443,0.09288282692432404,0.0263031671444575,0.365521361430486,0.27447251478830975,0.2964441990479827,58.46091214380929,-39.37504005797856,-56.56802757655904,0.0,0.0
ES2003d,444,0.3119009534517924,0.21586585541566214,0.22006811946630478,0.1485233555237452,0.14127801855405173,0.33435360590616864,0.30409641067186993,0.33282763852427405,58.77955464497851,-45.26685304223465,-56.921182119389435,0.0,0.0
ES2003d,445,0.4320351978143056,0.2531524250904719,0.38926184674104053,0.12216624369223912,0.057345292220513024,0.4170103222131729,0.49026644229888916,0.42984761266658705,91.40656111289518,-67.39622217166749,-88.73063535077206,0.0,0.0
ES2003d,446,0.2693321108818054,0.21425974369049072,0.209720179438591,0.084461510181427,0.05519132440288862,0.10037836929162343,0.3148893217245738,0.2963618704428275,58.918999401527344,-47.60587524842337,-57.564517801775644,0.0,0.0
ES2003d,447,0.13125679890314737,0.1211315890153249,0.08025735119978587,0.04437259833017985,0.025380308429400127,0.023899676899115246,0.1643724044164022,0.0033814770479997,28.8386485378863,-24.182512534056528,-28.038582503466074,0.0,0.0
ES2003d,448,0.0,0.0,0.0,0.0,0.0,0.0,0.0,0.0,0.0,0.0,0.0,0.0,0.0
ES2003d,449,0.4759601255257924,0.2161503185828527,0.5382291972637177,0.1584493393699328,0.053620858738819756,0.5762294630209605,0.5705433189868927,0.4955037043740352,90.8394665495869,-65.17441104331526,-88.50677897602851,0.0,0.0
ES2003d,450,0.37676482399304706,0.23635847866535187,0.4945648709932963,0.19223365187644958,0.10119861985246341,0.533839613199234,0.6015352606773376,0.3669096929952502,93.12589892409544,-62.55048173132524,-90.30690652458433,0.0,0.0
ES2003d,451,0.4468258321285248,0.29887473583221436,0.23564888536930084,0.19460736215114594,0.0915967474381129,0.4447677731513977,0.5209704438845316,0.392496054371198,94.48085289453321,-62.87736399537702,-91.56238219105076,0.0,0.0
ES2003d,452,0.4619184931119283,0.18518762042125067,0.6658384799957275,0.2302747517824173,0.0956489269932111,0.709106316169103,0.6435916026433309,0.31141341601808864,92.94945565981384,-62.53032972183119,-89.97812288377787,0.0,0.0
ES2003d,453,0.39548031489054364,0.25909487903118134,0.4007167120774587,0.14053058624267578,0.059386309857169785,0.552126387755076,0.5383568306763967,0.22275060648098588,94.92578614806342,-63.10801343225225,-91.8342238330924,0.0,0.0
ES2003d,454,0.45111358165740967,0.29244127372900647,0.5501575767993927,0.13550295184055963,0.051241084933280945,0.6206671595573425,0.49238072832425434,0.09074648811171453,93.8239064875453,-62.753845669129724,-91.10537191706628,0.0,0.0
ES2003d,455,0.45290522774060565,0.21424672504266104,0.4324078857898712,0.15174167603254318,0.03926685700813929,0.4629706044991811,0.49773956338564557,0.1040377498138696,93.64563801375994,-62.90976662627032,-91.01970330798174,0.0,0.0
ES2003d,456,0.4608563482761383,0.27750388781229657,0.3042883624633153,0.1919251432021459,0.09082916254798572,0.5843518575032552,0.5406705935796102,0.03901844875266155,93.55939618112706,-64.60927858846996,-90.86096579073732,0.0,0.0
ES2003d,457,0.3705007831255595,0.19179132084051767,0.478161484003067,0.1832702954610189,0.06152332884569963,0.5980927149454752,0.5723411937554678,0.1866318474834164,94.06474561286682,-62.51347599443476,-91.08072250069138,0.0,0.0
ES2003d,458,0.41677818695704144,0.23482408126195273,0.6155999898910522,0.10430071006218593,0.027689754962921143,0.5648505489031473,0.5651618639628092,0.030759754590690136,93.50469115487483,-62.11830731948627,-90.569031297726,0.0,0.0
ES2003d,459,0.5129547119140625,0.3587598204612732,0.287862628698349,0.1328007603685061,0.060677473743756614,0.7067520618438721,0.49778680006663006,0.2852716053215166,94.30288979131323,-62.86151738303304,-91.5400009662656,0.0,0.0
ES2003d,460,0.4957757790883382,0.307608425617218,0.36928780873616535,0.14379875858624777,0.05809220547477404,0.5440896153450012,0.5529031455516815,0.08940986295541127,94.12041496630793,-62.69039226532336,-91.8956890225531,0.0,0.0
ES2003d,461,0.495122770468394,0.34497515857219696,0.3207912892103195,0.1777655010422071,0.10172034924228986,0.51809028784434,0.551399032274882,0.018215838625716668,94.16929640868294,-63.32745980228744,-92.10117592567009,0.0,0.0
ES2003d,462,0.44143609205881756,0.2856535017490387,0.41430944204330444,0.12060429155826569,0.05203555772701899,0.6095737020174662,0.4711282551288605,0.04795624564091364,92.41228764395494,-62.902264258553345,-90.29610705275029,0.0,0.0
ES2003d,463,0.5276110271612803,0.5762521326541901,0.14181048174699148,0.1912791778643926,0.12384456023573875,0.4848810335000356,0.4306435187657674,0.4074163834253947,55.72388667189983,-57.68766708973077,-53.53336031921915,0.0,0.0
ES2003d,464,0.4742014706134796,0.25581049422423047,0.4766936202843984,0.08195970704158147,0.039868807420134544,0.5444959402084351,0.40789514780044556,0.28872819244861603,57.52994964217015,-54.40239763239856,-55.820057134052604,0.0,0.0
ES2003d,465,0.5124676525592804,0.26834636926651,0.6622097690900167,0.09799118588368098,0.023016635328531265,0.3553524663050969,0.37487371762593585,0.7886385520299276,8.480986715245514,24.184230722941496,3.4501081192140592,0.0,0.0
ES2003d,466,0.5067629714806875,0.2758287191390991,0.5918447971343994,0.09545320024092992,0.021011849865317345,0.2014217327038447,0.35915984710057575,0.6005642811457316,9.458014107395107,23.873163613801278,3.610820430898375,0.0,0.0
ES2003d,467,0.5159099300702413,0.2457308222850164,0.7188610037167867,0.14491171141465506,0.023174821088711422,0.2406061738729477,0.3727996249993642,0.6328965127468109,11.052534274598022,24.225905774779125,3.2572826332948206,0.0,0.0
ES2003d,468,0.5444520314534506,0.224002073208491,0.7761377294858297,0.1376358022292455,0.024683477357029915,0.33492426077524823,0.41074331601460773,0.7960269649823507,11.374348953422983,24.37246401656395,3.017120608951487,0.0,0.0
ES2003d,469,0.5083510180314382,0.2295582890510559,0.8043250640233358,0.11756846805413564,0.021456974868973095,0.33685322602589923,0.3702320158481598,0.6359940270582835,11.86268660043747,24.4474551568191,3.1566811214583494,0.0,0.0
ES2003d,470,0.5506293773651123,0.2629273136456807,0.3029988904794057,0.13468682517608008,0.05639063008129597,0.5356505115826925,0.3986399670441945,0.16242851316928864,7.935172882595631,-35.014985439308184,-7.355078793460414,0.0,0.0
ES2003d,471,0.5202416181564331,0.3532751401265462,0.221718097726504,0.11607430378595988,0.035638924688100815,0.5897820293903351,0.31652331352233887,0.35242636998494464,4.81942824371889,-29.87994638131155,-4.1898802107791715,0.0,0.0
ES2003d,472,0.47951144973436993,0.3918099105358124,0.4553028444449107,0.12401228149731953,0.09134785085916519,0.7747714519500732,0.5416145821412405,0.36679211879769963,57.79437067685094,-53.684321587335,-55.04259435182445,0.0,0.0
ES2003d,473,0.2337663769721985,0.15747820834318796,0.2819630304972331,0.08379168311754863,0.047741142412026726,0.3195316692193349,0.3941987951596578,0.16960987945397696,53.04520590473911,-52.09744642366996,-52.092140037728534,0.0,0.0
ES2003d,474,0.43005890647570294,0.21951576073964438,0.6515470345815023,0.21643460790316263,0.10916610062122345,0.3904600242773692,0.6507445375124613,0.11885814741253853,84.58677223599592,-74.80476534413128,-82.66420147448277,0.0,0.0
ES2003d,475,0.18832113345464072,0.15899421771367392,0.20907564957936606,0.04275253415107727,0.024792611598968506,0.20018031199773154,0.20638251304626465,0.009351534148057302,27.606452839624087,-25.20379246595236,-27.166255864128797,0.0,0.0
ES2003d,476,0.18582467238108316,0.04268905520439148,0.17266072829564413,0.025458512206872303,0.007952078556021055,0.21189341942469278,0.2096999684969584,0.004688999926050504,28.302437822360087,-23.50099296777057,-27.6595136919594,0.0,0.0
ES2003d,477,0.40150588750839233,0.21374136209487915,0.40557225545247394,0.040334890286127724,0.020487140864133835,0.32303247849146527,0.37021339933077496,0.03894427170356115,53.427650779088594,-49.0138664483174,-52.21961875524509,0.0,0.0
ES2003d,478,0.48336957891782123,0.367183377345403,0.5802564819653829,0.09084326525529225,0.04085074240962664,0.5318152606487274,0.6428832610448202,0.1971408591295282,83.46528833788956,-73.49432006930687,-81.5024012413478,0.0,0.0
ES2003d,479,0.520308256149292,0.36371679107348126,0.45834968487421673,0.1060833955804507,0.04340507214268049,0.3576511840025584,0.5896275043487549,0.002449753927066922,84.6300410980558,-72.34613605142043,-82.57707165161513,0.0,0.0
ES2003d,480,0.5132411619027456,0.48123474915822345,0.48091934124628705,0.12495178232590358,0.056604028989871345,0.566872368256251,0.5954270561536154,0.05023215959469477,84.20281639352221,-72.53958159932039,-82.33636523330361,0.0,0.0
ES2003d,481,0.4013534188270569,0.35757237672805786,0.3993080159028371,0.05292185644308726,0.01559133796642224,0.3792680501937866,0.3434705634911855,0.018641358551879723,56.83541146801741,-48.702738499062036,-55.78006211595281,0.0,0.0
ES2003d,482,0.16650041937828064,0.11522367596626282,0.10792633891105652,0.030982069671154022,0.01427103579044342,0.11852420369784038,0.14300100008646646,0.041957542300224304,28.365414804777895,-23.82436150051603,-27.72601572309469,0.0,0.0
ES2003d,483,0.3364850680033366,0.3140937288602193,0.07249807566404343,0.07969425867001216,0.08024399975935619,0.28586429357528687,0.33926499883333844,0.03370702359825373,49.030970823722384,-45.20885186792159,-47.79987292633803,0.0,0.0
ES2003d,484,0.3816044330596924,0.3853253722190857,0.13276677330334982,0.0565812885761261,0.018786681195100147,0.38544506827990216,0.2818445960680644,0.13491986195246378,45.20023980665574,-44.66505595157181,-44.48463200235275,0.0,0.0
ES2003d,485,0.3348224659760793,0.2782623991370201,0.40622339646021527,0.06169058755040169,0.013745498533050219,0.34179694453875226,0.26777587334314984,0.09274954410890739,51.20106820186603,-44.93324788214927,-49.744435314355464,0.0,0.0
ES2003d,486,0.15406591693560281,0.11439527074495952,0.09798442324002583,0.02873050918181737,0.011673190941413244,0.26119089126586914,0.14591386914253235,0.08719423413276672,26.19510663285537,-22.79746456867402,-25.691917600994287,0.0,0.0
ES2003d,487,0.0,0.0,0.0,0.0,0.0,0.0,0.0,0.0,0.0,0.0,0.0,0.0,0.0
ES2003d,488,0.0,0.0,0.0,0.0,0.0,0.0,0.0,0.0,0.0,0.0,0.0,0.0,0.0
ES2003d,489,0.1313085357348124,0.07777896523475647,0.18387277921040854,0.022887734075387318,0.008455353478590647,0.15204498171806335,0.1280834674835205,0.03253265470266342,27.736301929465018,-22.999501325223843,-27.174661372351938,0.0,0.0
ES2003d,490,0.0,0.0,0.0,0.0,0.0,0.0,0.0,0.0,0.0,0.0,0.0,0.0,0.0
ES2003d,491,0.145402729511261,0.0896025796731313,0.030119600395361584,0.028128241499265034,0.0119997871418794,0.046986013650894165,0.15155222018559775,0.029701982935269673,24.165381600660726,-22.418211788307833,-23.7260778194568,0.0,0.0
ES2003d,492,0.5939121842384338,0.3489750027656555,0.7083016435305277,0.13338758051395416,0.04463095342119535,0.23168210685253143,0.5005471309026083,0.8867629766464233,12.832668398850723,31.29624417336402,0.09745864876521639,0.0,0.0
ES2003d,493,0.5830354889233907,0.3366386791070302,0.7542339166005453,0.13460956513881683,0.046217879901329674,0.20726142326990762,0.4909385045369466,0.9308333595593771,12.230826292026501,31.715530979961358,-0.09500834150858312,0.0,0.0
ES2003d,494,0.5662499268849691,0.23032172520955405,0.7533138394355774,0.12688307712475458,0.057290891806284584,0.39795918265978497,0.49272998174031574,0.7140710751215616,8.563266347619408,31.923223957522225,0.22747946383013737,0.0,0.0
ES2003d,495,0.504301905632019,0.251475657025973,0.5930967728296915,0.11968555301427841,0.045172397047281265,0.2783895432949066,0.4700618386268616,0.5560189889123043,2.879445901479188,31.247068153418866,4.0733944486990685,0.0,0.0
ES2003d,496,0.5339466134707133,0.29967854420344037,0.687576582034429,0.1838018832107385,0.057277451579769455,0.3584109842777252,0.460843950510025,0.5172352890173594,3.372722751512732,29.939192782615038,-0.6364943474311963,0.0,0.0
ES2003d,497,0.5647796193758646,0.337009459733963,0.7005276481310526,0.2845527231693268,0.14802315086126328,0.3258882363637288,0.5094653069972992,0.5427451729774475,13.37905519333585,31.34546448748139,-4.987043855172021,0.0,0.0
ES2003d,498,0.5492324233055115,0.2711620529492696,0.6916518608729044,0.100887231528759,0.03417595103383064,0.23872313151756921,0.47032931447029114,0.750557025273641,10.856968834779849,35.658493220201024,4.914510060351794,0.0,0.0
ES2003d,499,0.5738564133644104,0.28375008702278137,0.6563219924767812,0.10017959773540497,0.029115303109089535,0.22217117995023727,0.4555095434188843,0.6197495410839716,9.5046758527576,35.69635802868506,5.2490854272454825,0.0,0.0
ES2003d,500,0.5428710381189982,0.24380489190419516,0.7258538206418356,0.13875699788331985,0.028265588606397312,0.3959469795227051,0.48756324251492816,0.5776199201742808,5.932990413946116,27.07297566437541,0.27711849000129146,0.0,0.0
ES2003d,501,0.6139586369196574,0.27954300741354626,0.6389765838781992,0.09925846258799235,0.03609433397650719,0.2141041780511538,0.432597021261851,0.42744343479474384,0.8477132277098193,36.157963073800055,-3.4239069942303506,0.0,0.0
ES2003d,502,0.6095680793126425,0.31092024842898053,0.521179735660553,0.07765750586986542,0.029211691270271938,0.31064875423908234,0.41051692763964337,0.500809575120608,-0.6493659641378141,47.743796246321104,0.43609960009074067,0.0,0.0
ES2003d,503,0.5088889002799988,0.3024667253096898,0.2468638221422831,0.058105348298947014,0.023924048990011215,0.4578191836675008,0.4893462856610616,0.13022235687822104,0.9807436991874446,-16.391562328276713,-4.0039810855401905,0.0,0.0
ES2003d,504,0.5705506304899851,0.4131188790003459,0.22803124288717905,0.137913279235363,0.10136735253036022,0.5826357007026672,0.4348734716574351,0.32462899200618267,6.76306341609244,-27.291044510038137,-10.203899937865627,0.0,0.0
ES2003d,505,0.35127365589141846,0.41879220803578693,0.17618597547213236,0.057838745415210724,0.033081457018852234,0.2846479018529256,0.3056844373544057,0.2751225332419078,19.554569382888527,-30.437309659607433,-23.265431742803298,0.0,0.0
ES2003d,506,0.0,0.0,0.0,0.0,0.0,0.0,0.0,0.0,0.0,0.0,0.0,0.0,0.0
ES2003d,507,0.23887972036997476,0.1705061992009481,0.05228322744369507,0.027444953719774883,0.008250206708908081,0.20053080717722574,0.15917599201202393,0.030454933643341064,2.786350104324479,-5.153831360184444,-4.76974495843875,0.0,0.0
ES2003d,508,0.6447097063064575,0.4254287580649058,0.33022886514663696,0.09189174820979436,0.03030289337038994,0.49780328075091046,0.36636672417322796,0.558658609787623,7.948530781588602,-19.02837099509108,-13.370939543465852,0.0,0.0
ES2003d,509,0.39564313491185504,0.29153650005658466,0.10423524926106136,0.06109664589166641,0.01927184748152892,0.42463262875874835,0.314867228269577,0.19842246174812317,4.680825777257891,-12.304491618391616,-9.439897448501098,0.0,0.0
ES2003d,510,0.47895480195681256,0.2198104610045751,0.2996784100929896,0.11521904170513153,0.02360835423072179,0.3634413580099742,0.44141369064648944,0.7665919860204061,5.455358895431232,16.80097934569498,8.812277928447491,0.0,0.0
ES2003d,511,0.45374048749605816,0.2229858636856079,0.3833538889884949,0.10680001974105835,0.028166590879360836,0.20177529255549112,0.4551708499590556,0.6079227725664774,5.11336794730827,16.72053628029248,8.771118582606535,0.0,0.0
ES2003d,512,0.47270583113034564,0.23205173015594482,0.34184251228968304,0.1054081271092097,0.028700993085900944,0.2340480238199234,0.41224977374076843,0.4504774709542592,5.505567812758204,15.792769685314601,8.477971184749673,0.0,0.0
ES2003d,513,0.11659800012906392,0.08187112212181091,0.21231406927108765,0.0608865221341451,0.05303894976774851,0.11243329445521037,0.13640561699867249,0.3292936484018962,10.309193472488762,-15.492247661686335,-12.252931463784124,0.0,0.0
ES2003d,514,0.3908800780773163,0.26559701065222424,0.3893785874048869,0.21323922276496887,0.15526529401540756,0.17684787760178247,0.39880390961964923,0.9438936114311218,30.535529515726505,-49.474052455899276,-36.621798237308475,0.0,0.0
ES2003d,515,0.3309120237827301,0.3141113917032878,0.20235496759414673,0.10773179431756337,0.1041596457362175,0.09064394980669022,0.24676445126533508,0.5951664249102274,15.501851057191283,-27.677360156302942,-20.62717210014792,0.0,0.0
ES2003d,516,0.5566955506801605,0.37380199631055194,0.296794056892395,0.20020394027233124,0.12861081957817078,0.8147833744684855,0.5303386151790619,0.35105879480640095,34.88607451744162,-63.10457196973713,-30.787808445010572,0.0,0.0
ES2003d,517,0.39238540331522626,0.28443796435991925,0.4016553958257039,0.17608512938022614,0.09398097669084866,0.1967205653587977,0.21353396773338318,0.48361584544181824,17.93491643806424,-32.204685511834064,-12.170516355920588,0.0,0.0
ES2003d,518,0.6293987035751343,0.5101873179276785,0.47377003232638043,0.25957854588826496,0.19538803150256476,0.586526115735372,0.3677341441313426,0.7596347431341807,5.537901908967476,-46.657579478349334,3.118830893410008,0.0,0.0
ES2003d,519,0.43155040343602497,0.22329974422852197,0.33796974023183185,0.19194753468036652,0.17223512257138887,0.35464830199877423,0.36455055077870685,0.6175457102557024,32.35793753103275,-63.16590721500379,-30.9648326208479,0.0,0.0
ES2003d,520,0.682534913221995,0.4296603699525197,0.38494662940502167,0.3008317252000173,0.25167689472436905,0.4789616862932841,0.45174522201220196,0.6836572488149008,16.11108868926162,46.26212487427697,10.102957663386535,0.0,0.0
ES2003d,521,0.6758842468261719,0.5227362414201101,0.29711968700091046,0.22631732622782388,0.10930615042646726,0.31664274136225384,0.508912980556488,0.5589998364448547,9.954884539019092,19.448461957809624,-6.795807098787093,0.0,0.0
ES2003d,522,0.6093916495641073,0.5461166401704153,0.3276368975639343,0.0909882312019666,0.07539733499288559,0.31877801318963367,0.39340553681055707,0.46163372695446014,40.482028177684136,-51.42770335329366,-42.684803103101025,0.0,0.0
ES2003d,523,0.550919234752655,0.19592827558517456,0.6631277402242025,0.14135480920473734,0.025499182442824047,0.37954089045524597,0.5349795122941335,0.4216320365667343,14.988941786583078,26.119121989740822,10.820706738181327,0.0,0.0
ES2003d,524,0.4885844389597575,0.2644478380680084,0.6247244278589884,0.11426024387280147,0.02607565838843584,0.24241402745246887,0.5665898323059082,0.13903014734387398,14.366577330299842,24.32873065362968,10.548415699475806,0.0,0.0
ES2003d,525,0.5139044125874838,0.36647247274716693,0.5360183517138163,0.09302258988221486,0.020808315525452297,0.32436154782772064,0.5438610514005026,0.17425795644521713,12.078368461875224,23.543612601837367,9.515588870371523,0.0,0.0
ES2003d,526,0.510223795970281,0.35346444447835285,0.5260080595811208,0.07288318872451782,0.018970747167865436,0.4181160628795624,0.5834835767745972,0.16551163295904794,12.95859328027293,23.14205555373246,9.914229000257404,0.0,0.0
ES2003d,527,0.5646186570326487,0.3198607365290324,0.5261917114257812,0.09674617896477382,0.02378036268055439,0.28418489297231037,0.5949329535166422,0.1742647352317969,12.938843862896453,23.08510744007474,9.78807365863789,0.0,0.0
ES2003d,528,0.5260748267173767,0.35229525963465375,0.5828935503959656,0.08287068953116734,0.019042020042737324,0.24712983767191568,0.5878216425577799,0.25348658363024396,12.761467461838572,23.009308821964563,9.864749582794675,0.0,0.0
ES2003d,529,0.5436706145604452,0.2744893531004588,0.5009131828943888,0.07967135061820348,0.01758322895814975,0.2932766874631246,0.5950876474380493,0.12349649022022884,10.510679165868979,22.198991117432527,8.068538386373186,0.0,0.0
ES2003d,530,0.5608026484648386,0.2753422160943349,0.631651242574056,0.08528969685236613,0.018451938405632973,0.48110506931940716,0.5647037625312805,0.05454039511581262,9.954611641343446,20.80773032674148,9.971982855645413,0.0,0.0
ES2003d,531,0.5643289486567179,0.4097760021686554,0.21610084176063538,0.08072411268949509,0.0343290480474631,0.6614033579826355,0.4476679861545563,0.12850940615559617,4.443447151468402,-18.467200176419343,0.1776351998486098,0.0,0.0
ES2003d,532,0.45607126752535504,0.3340092599391937,0.29594845076402027,0.11547279978791873,0.04093864715347687,0.5258744359016418,0.41883940001328784,0.15802749680976072,-1.8083154157972763,-18.4940431695921,7.308924728828754,0.0,0.0
ES2003d,533,0.4353100856145223,0.267209067940712,0.39938007791837055,0.12545801202456155,0.04898788904150327,0.575907975435257,0.37207268675168353,0.0994850645462672,-3.458528314266763,-24.69277560781624,9.09054958937306,0.0,0.0
ES2003d,534,0.501063734292984,0.31680533289909363,0.4035709897677104,0.08432475849986076,0.030023881544669468,0.6732686559359232,0.43988343079884845,0.3732951935380697,19.591592291437607,-42.66462053590133,-15.687160717899047,0.0,0.0
ES2003d,535,0.5655383169651031,0.37905851006507874,0.3329374094804128,0.057406446586052574,0.024338302202522755,0.3988722066084544,0.4969860315322876,0.09374935925006866,49.130367073575485,-44.57258659117796,-48.694823614604246,0.0,0.0
ES2003d,536,0.6558278203010559,0.5420719484488169,0.21223285794258118,0.06821794187029202,0.041909257570902504,0.5146924952665964,0.4437561631202698,0.20609861115614572,21.081772051683085,-44.73308067673028,-15.730180131634937,0.0,0.0
ES2003d,537,0.5720277428627014,0.39857250452041626,0.29521461327870685,0.11528575792908669,0.09099606859187286,0.40875809888044995,0.42173012097676593,0.5089224129915237,15.834014357726327,-50.71536335096702,-11.76900383244184,0.0,0.0
ES2003d,538,0.3652780055999756,0.30117536584536236,0.4491977294286092,0.19413814942042032,0.12446436037619908,0.1373026172320048,0.36020442843437195,0.9957762956619263,14.722890334298407,-65.82825597084876,-16.795396264092343,0.0,0.0
ES2003d,539,0.46553922692934674,0.17073277135690054,0.4023628731568654,0.15528778483470282,0.09961165736118953,0.2635622024536133,0.3493467966715495,0.8496076663335165,25.67003061163756,-63.19207474355841,-27.330518282503352,0.0,0.0
ES2003d,540,0.6978569030761719,0.4734356999397278,0.45283447702725727,0.11884185671806335,0.0717623255526026,0.5561273197333018,0.5457284847895304,0.33293957558150095,11.740549084370677,27.83106281404314,5.1497974360351435,0.0,0.0
ES2003d,541,0.5907841920852661,0.5058189531167349,0.28959984083970386,0.064425944040219,0.04102526418864727,0.2626356432835261,0.4237382411956787,0.2803480134656032,4.420230221433644,-6.26446363522453,-9.959961259270653,0.0,0.0
ES2003d,542,0.7403110464413961,0.5667410393555959,0.21486211071411768,0.0529512365659078,0.019749101251363754,0.20880248149236044,0.49363867441813153,0.40607957045237225,1.2236616891201517,-0.22288235734375714,-8.11677919567081,0.0,0.0
ES2003d,543,0.6893310149510702,0.5329576929410299,0.1935104380051295,0.042155555138985314,0.013773386677106222,0.22610298792521158,0.40420204401016235,0.310057873527209,0.9149446669530993,-1.9861514371170943,-7.955779552826233,0.0,0.0
ES2003d,544,0.6970362663269043,0.6156471967697144,0.12416299059987068,0.12395567074418068,0.25666442854950827,0.33887292444705963,0.49270346760749817,0.253261998295784,2.065878311662201,-0.10660961841085122,-7.612881661139241,0.0,0.0
ES2003d,545,0.6592232783635458,0.5850422978401184,0.08732173343499501,0.1474458302060763,0.372734971344471,0.39635953307151794,0.5133815407752991,0.39580051104227704,2.916869123040176,-0.6274654554453974,-7.028822654064452,0.0,0.0
ES2003d,546,0.674518883228302,0.5655822654565176,0.14995731165011725,0.06898582354187965,0.1291941963136196,0.2270359347263972,0.5154914359251658,0.23038014272848764,1.9471397276222449,-2.253206055324473,-7.72356908356898,0.0,0.0
ES2003d,547,0.6535190343856812,0.4039131502310435,0.1482489878932635,0.06245578701297442,0.024110713352759678,0.558265229066213,0.49495001633961994,0.3458943987886111,6.5111137246689665,-15.270767145961733,-12.16553190051931,0.0,0.0
ES2003d,548,0.5320298969745636,0.39162883162498474,0.33757929007212323,0.08614763617515564,0.03024560275177161,0.6506516635417938,0.3623819549878438,0.09929772124936183,8.344993154840292,-22.06888200742323,-15.81618326002824,0.0,0.0
ES2003d,549,0.5833019415537516,0.4438939293225606,0.2668542166550954,0.09656928231318791,0.03674237492183844,0.4615351657072703,0.33786524335543316,0.23211459070444107,17.907683499574365,-29.853132835689934,-20.847416617383868,0.0,0.0
ES2003d,550,0.577523003021876,0.36930469671885174,0.17981454730033875,0.07828885813554128,0.026426154499252636,0.40542887647946674,0.34991403420766193,0.5314102868239085,19.628724912428215,-35.286270611358695,-21.667185470031416,0.0,0.0
ES2003d,551,0.5621680617332458,0.37225863337516785,0.3228828509648641,0.11832153797149658,0.0529739148914814,0.4035775164763133,0.4162355164686839,0.28846953560908634,14.253926316317527,-29.187379980943167,-15.183019625606725,0.0,0.0
ES2003d,552,0.48147783676783246,0.35132673382759094,0.32155043880144757,0.11661979556083679,0.06881913542747498,0.5273938775062561,0.3689461847146352,0.5149017175038656,11.327462541086893,-27.098734254894023,-13.561853975623988,0.0,0.0
ES2003d,553,0.5772379636764526,0.21578722695509592,0.5566854278246561,0.07598969091971715,0.028912392134467762,0.2942853420972824,0.38345197836558026,0.5852818886439005,4.887491771249076,39.09191917209137,7.380153703895497,0.0,0.0
ES2003d,554,0.5492879152297974,0.2411831816037496,0.5457872947057089,0.08179820328950882,0.03175145015120506,0.40908029675483704,0.37758971254030865,0.755014051993688,7.460902668066563,36.42615092471236,8.983531719012086,0.0,0.0
ES2003d,555,0.5472448070844015,0.25191520651181537,0.4518320957819621,0.08848105122645696,0.022242434322834015,0.3764408926169078,0.38774043321609497,0.5719445962458849,7.637009016999213,25.842812567737635,4.154534655514839,0.0,0.0
ES2003d,556,0.5333640078703562,0.22802620629469553,0.2740705907344818,0.0865493764479955,0.027214063331484795,0.34185414016246796,0.3685899078845978,0.16587509090701738,10.319182212006323,27.57445436922062,4.001698853476139,0.0,0.0
ES2003d,557,0.48227981726328534,0.20257719854513803,0.4254169861475627,0.10196492324272792,0.026500830426812172,0.3515491336584091,0.34846387306849164,0.30136026938756305,13.043134095485454,28.68887738321946,6.312189875592275,0.0,0.0
ES2003d,558,0.5487944583098093,0.22003007928530374,0.48476765553156537,0.11419006437063217,0.031253703559438385,0.27015061179796857,0.413424551486969,0.4855669091145198,13.18254569996035,28.54186882401557,6.429564341101124,0.0,0.0
ES2003d,559,0.5450308918952942,0.2755085577567418,0.5269837280114492,0.11265489459037781,0.026408581684033077,0.3295728613932927,0.4327792823314667,0.2756434129551053,12.510221685483499,24.5583701131259,6.182908796212999,0.0,0.0
ES2003d,560,0.4323539932568868,0.29899128278096515,0.3701700270175934,0.09736979256073634,0.046607522914807,0.5997955799102783,0.3142164647579193,0.6177351276079813,7.040981128596599,-22.001500951000224,-6.927706957940512,0.0,0.0
ES2003d,561,0.4915614426136017,0.36243297656377155,0.3071346879005432,0.1008775606751442,0.04001600295305252,0.5477529962857565,0.345785786708196,0.1958420326312383,10.518602843938421,-31.41193298992332,-10.266711771648092,0.0,0.0
ES2003d,562,0.4685609042644501,0.3730311592419942,0.13111401349306107,0.09186764061450958,0.05354404201110204,0.7125438650449117,0.36885538697242737,0.17180381963650385,23.85756097471928,-57.880854749357546,-23.406065105621945,0.0,0.0
ES2003d,563,0.5592884421348572,0.4038158853848775,0.30662911136945087,0.09123892833789189,0.05637677510579427,0.5428365170955658,0.33489758769671124,0.4457734376192093,25.334131812354617,-55.40737487251243,-24.533535449972476,0.0,0.0
ES2003d,564,0.6069075465202332,0.4786055286725362,0.16310798625151315,0.0853052685658137,0.03384546252588431,0.3055114249388377,0.39633065462112427,0.24603752295176187,28.48661958399042,-54.26385169894997,-28.60019641817838,0.0,0.0
ES2003d,565,0.5663897196451823,0.46361515919367474,0.14288623134295145,0.08184109379847844,0.03815315105021,0.6275021930535635,0.35781063636144,0.17192025234301886,26.6328828077489,-52.99095543679133,-27.52752194190978,0.0,0.0
ES2003d,566,0.56246950229009,0.507114052772522,0.14606269200642905,0.08999222765366237,0.042706179743011795,0.6028742988904318,0.3303436239560445,0.31228087345759076,28.35349190530741,-52.843266484187154,-28.815590543642845,0.0,0.0
ES2003d,567,0.6347591082255045,0.7209252913792928,0.17158746719360352,0.08536216616630554,0.04155666567385197,0.6216251055399576,0.37024367849032086,0.504164586464564,28.155034822422465,-51.55614465191198,-28.029036661840035,0.0,0.0
ES2003d,568,0.6050909757614136,0.7350898385047913,0.25362223386764526,0.08958205829064052,0.04144174853960673,0.37894997994105023,0.37777169545491535,0.6187975406646729,26.80499695289434,-51.39583129703314,-26.38316813847689,0.0,0.0
ES2003d,569,0.5498443146546682,0.49483802914619446,0.27145684758822125,0.10778035596013069,0.05919606238603592,0.45370061198870343,0.358843058347702,0.5889231363932291,15.810629027562754,-37.95577965854133,-17.089342694817738,0.0,0.0
ES2003d,570,0.5104567309220632,0.3664497534434001,0.334471474091212,0.07539559031526248,0.04492030665278435,0.31769244372844696,0.39466504255930585,0.5231675505638123,-0.8739098933890158,-16.64708012834044,-4.264119210264079,0.0,0.0
ES2003d,571,0.438178151845932,0.343951811393102,0.3519645680983861,0.09803299109141032,0.06554816787441571,0.370176762342453,0.4175255497296651,0.48161716759204865,-1.333146833772803,-13.72709692743058,6.244705016200896,0.0,0.0
ES2003d,572,0.4896043340365092,0.23739332457383475,0.30119966467221576,0.17117019991079965,0.07176027446985245,0.40053413311640423,0.4387085735797882,0.432406743367513,-2.5251803459481548,-26.88873748198726,12.63233336612547,0.0,0.0
ES2003d,573,0.4938398798306783,0.3172967533270518,0.29329033692677814,0.13543053468068442,0.07547307883699735,0.3843461374441783,0.500357578198115,0.47348684320847195,26.874134237210942,-45.832890439412914,-15.438747702699333,0.0,0.0
ES2003d,574,0.5743357340494791,0.456186980009079,0.3394695594906807,0.09504128495852153,0.03911788761615753,0.44765294591585797,0.4851292073726654,0.3668513198693593,61.557080293311365,-68.08239489479134,-59.73821094579864,0.0,0.0
ES2003d,575,0.6354208588600159,0.5274969339370728,0.2979291578133901,0.07263765732447307,0.025982316583395004,0.4937923749287923,0.3475314974784851,0.6434359451135,32.71027632840662,-55.39416901500082,-29.243666170382586,0.0,0.0
ES2003d,576,0.7293727993965149,0.732877771059672,0.33987965683142346,0.0871196078757445,0.03949374953905741,0.43230462570985156,0.4090340733528137,0.7625267306963602,24.87331457144246,-41.523565540324775,-21.51190357607261,0.0,0.0
ES2003d,577,0.6425424218177795,0.671358605225881,0.24044846991697946,0.05904867872595787,0.04148841090500355,0.4195731282234192,0.40392396847407025,0.6700068414211273,28.108545084176402,-42.13598671845302,-27.37898086104293,0.0,0.0
ES2003d,578,0.6480753421783447,0.5717934767405192,0.4293522735436757,0.09998747954765956,0.03855413384735584,0.5778237879276276,0.40463990966478985,0.500779482225577,26.697115846411425,-38.84685667148137,-26.726736565610157,0.0,0.0
ES2003d,579,0.7039687832196554,0.6129507422447205,0.34350306292374927,0.13881720354159674,0.07227836549282074,0.4597846269607544,0.36851892868677777,0.45093881090482074,18.19640668683192,-31.995638738682118,-14.706856142839783,0.0,0.0
ES2003d,580,0.6689566373825073,0.6297006209691366,0.3182884305715561,0.2319979965686798,0.18051894878347716,0.33048584560553235,0.3631688555081685,0.8190040985743204,21.576743704425372,-35.61549007657362,-17.268944293841933,0.0,0.0
ES2003d,581,0.5648244718710581,0.4066520780324936,0.2297155981262525,0.06964150567849477,0.05179555341601372,0.24156845609347025,0.535516619682312,0.25541015962759656,4.765979385540004,-7.475106108177655,-11.346401427006725,0.0,0.0
ES2003d,582,0.8099053899447123,0.7785677115122477,0.18497429291407266,0.05897293984889984,0.03193016412357489,0.20876301328341165,0.45131511489550274,0.45205967624982196,6.045404161084245,0.6935701002072364,-6.985337660508709,0.0,0.0
ES2003d,583,0.8115530610084534,0.7431948979695638,0.24011947214603424,0.0636241485675176,0.033581241965293884,0.2647455434004466,0.48978524406750995,0.3508868416150411,6.041687841426356,0.3353137959651223,-6.944071217938657,0.0,0.0
ES2003d,584,0.5831506649653116,0.4421338240305583,0.3932975232601166,0.06888781736294429,0.04744172344605128,0.19628198693195978,0.4369497299194336,0.2764219244321187,8.073047374079207,-6.664801429382713,-10.150042007469667,0.0,0.0
ES2003d,585,0.7077024181683859,0.6323129783074061,0.21389813224474588,0.06897138804197311,0.03143754477302233,0.40830274919668835,0.402463177839915,0.3616724908351898,5.713572256272918,-2.8944732495007153,-11.046256039643644,0.0,0.0
ES2003d,586,0.6643880407015482,0.584817240635554,0.2798447757959366,0.28333817919095355,0.38203946749369305,0.47070882717768353,0.5295642614364624,0.4850121736526489,26.389724678520555,-22.461508510272058,-5.145812255837099,0.0,0.0
ES2003d,587,0.43449072043100995,0.3413759370644887,0.22226189573605856,0.13302457829316458,0.18789643049240112,0.36919687191645306,0.35902367035547894,0.4204492966334025,13.269510086634787,-17.352404674888202,-4.020281561825208,0.0,0.0
ES2003d,588,0.7071109414100647,0.6238064169883728,0.4380836983521779,0.1587199941277504,0.2042098380625248,0.5373804171880087,0.48552684982617694,0.7125750382741293,20.436721308179656,-28.373871651999423,-10.070895306714169,0.0,0.0
ES2003d,589,0.4540124336878459,0.38288138310114544,0.15100383261839548,0.07435061037540436,0.054926253855228424,0.2472400665283203,0.23668299118677774,0.6195103526115417,13.273711633627244,-25.138892512855005,-13.468252214141067,0.0,0.0
ES2003d,590,0.4711541136105855,0.42751361926396686,0.22139258682727814,0.06240146607160568,0.05003006880482038,0.39193840821584064,0.21669052044550577,0.6120566924413046,10.891664285191652,-27.43501662076913,-11.856288243480003,0.0,0.0
ES2003d,591,0.20583011706670126,0.2056865096092224,0.14036011695861816,0.025227844715118408,0.011874726663033167,0.06371682385603587,0.09985373417536418,0.13581929604212442,5.667269346877101,-14.925403076576735,-5.786770879691647,0.0,0.0
ES2003d,592,0.5776380300521851,0.32851531108220416,0.34900293747584027,0.06316286697983742,0.056043144315481186,0.33628566066424054,0.3509420355161031,0.5423356145620346,7.618413969403979,-5.948084766498323,-15.311136465266692,0.0,0.0
ES2003d,593,0.6959522465864817,0.5495682011047999,0.29967033366362256,0.08613833536704381,0.043210603296756744,0.3426397641499837,0.37110796570777893,0.8937689065933228,9.317816989655114,-6.902015333111376,-11.450591720055135,0.0,0.0
ES2003d,594,0.7868438164393107,0.7338984211285909,0.15280393262704214,0.06070330490668615,0.027728897829850514,0.14520007620255151,0.41761534412701923,0.40653303265571594,5.916132993799869,-3.9462424517902446,-7.406138686097805,0.0,0.0
ES2003d,595,0.7034823695818583,0.5768575171629587,0.25627680619557697,0.0477122887969017,0.033454361061255135,0.20798391352097192,0.35913361112276715,0.6696179310480753,4.62114651361432,-4.28701198436282,-5.700344702242444,0.0,0.0
ES2003d,596,0.6418192187945048,0.4941970805327098,0.20090254147847494,0.0474944623808066,0.028267522652943928,0.16206218302249908,0.3426102300484975,0.6664739350477854,6.179862539313095,-5.312151850311174,-4.825357377736811,0.0,0.0
ES2003d,597,0.6257190505663554,0.5103071133295695,0.4506191164255142,0.15089043726523718,0.06134935840964317,0.25754336019357044,0.49291255076726276,0.4752194906274478,12.138225115683554,17.980730976177306,1.2228042985212673,0.0,0.0
ES2003d,598,0.6391501824061075,0.5274525284767151,0.21452835202217102,0.08485311269760132,0.018683626626928646,0.15151607990264893,0.4736776649951935,0.03401149809360504,7.788247215561236,14.731802450826876,1.3258691962324505,0.0,0.0
ES2003d,599,0.6756421128908793,0.47381112972895306,0.2291009177764257,0.06356531133254369,0.0161410141736269,0.27064116795857746,0.49952415625254315,0.24396257102489471,7.826087644557629,14.112245251476864,1.0261324114563917,0.0,0.0
ES2003d,600,0.6534800330797831,0.42598941922187805,0.18637797236442566,0.06417634338140488,0.009867666910092035,0.21789324035247168,0.45424537857373554,0.24558720489343008,6.629971303161125,12.354532231475057,0.9042106101626665,0.0,0.0
ES2003d,601,0.6232866446177164,0.46687910954157513,0.2462796817223231,0.061747552206118904,0.009658261978377899,0.24241286516189575,0.3939756055672963,0.4113371471563975,6.082845676410378,12.86281746566597,0.36513481243956103,0.0,0.0
ES2003d,602,0.5983911156654358,0.38459129134813946,0.2730302686492602,0.05853256955742836,0.010233462943385044,0.20815715193748474,0.43237531185150146,0.3169194559256236,5.980423632154813,11.77401282450004,0.11510940861207529,0.0,0.0
ES2003d,603,0.7145612438519796,0.6251584390799204,0.20480773349603018,0.06874481464425723,0.012980277960499128,0.3867976615826289,0.5289075573285421,0.09230109925071399,2.561296269286104,5.276538755292438,-6.426202132836252,0.0,0.0
ES2003d,604,0.6191355387369791,0.39576148490111035,0.4474808871746063,0.05459421252210935,0.012368643035491308,0.4054734210173289,0.4935852686564128,0.16961460188031197,4.1624587841496625,12.433079274481665,7.554734365292018,0.0,0.0
ES2003d,605,0.6922313570976257,0.5348603626092275,0.2940611590941747,0.05797520155707995,0.011373292344311873,0.29949236909548443,0.447531799475352,0.40700626869996387,5.797085345047178,16.55752895859497,10.427416931591507,0.0,0.0
ES2003d,606,0.7578235467274984,0.6384268403053284,0.13095210989316305,0.06045922761162122,0.011957554146647453,0.16223957389593124,0.46885108947753906,0.15373283624649048,1.81343984695324,11.998700270223841,3.6770528153645263,0.0,0.0
ES2003d,607,0.7711480855941772,0.6866044998168945,0.10471990083654721,0.05603014056881269,0.013095956295728683,0.1842892269293467,0.4248705406983693,0.17596550161639848,1.794001852199336,5.3697998778684335,3.426427983036818,0.0,0.0
ES2003d,608,0.7637001276016235,0.6830326318740845,0.125018077592055,0.04771557201941808,0.019142554452021916,0.22953503330548605,0.41629864772160846,0.38677456974983215,2.0445784661249338,2.0276975842140543,4.827809816998175,0.0,0.0
ES2003d,609,0.6185481746991476,0.4176274339358012,0.16735170657436052,0.07842649395267169,0.018569147835175197,0.31401487191518146,0.4473518629868825,0.8736896514892578,6.405662508724475,8.5043783495514,-0.16615243338711227,0.0,0.0
ES2003d,610,0.7506070931752523,0.6862236062685648,0.0996955210963885,0.051893812914689384,0.01971557488044103,0.3740379810333252,0.45451895395914715,0.49322926501433056,1.9005026395220082,0.15308324625791658,5.827253812730826,0.0,0.0
ES2003d,611,0.6608723799387614,0.556496928135554,0.19010261197884878,0.04724248622854551,0.02171855295697848,0.4411945740381877,0.41705910364786786,0.2694484243790309,1.1394501959050634,0.3002919638413037,5.675621049550913,0.0,0.0
ES2003d,612,0.6341096758842468,0.4791830778121948,0.19039550175269446,0.049981982757647835,0.021517278626561165,0.4710366626580556,0.4346434772014618,0.28184235095977783,1.5212236203121694,-1.6282752490585448,6.061722702013725,0.0,0.0
ES2003d,613,0.6242477496465048,0.4565953811009725,0.21736809611320496,0.0447335292895635,0.01886774692684412,0.3491491625706355,0.441565881172816,0.23658746977647147,1.4808422588468044,-0.8883859694713486,6.029798493530425,0.0,0.0
ES2003d,614,0.7778618931770325,0.6277414560317993,0.1595011701186498,0.058487094938755035,0.026391590634981792,0.362765630086263,0.43629928429921466,0.36787182092666626,1.9094369094037198,-1.8726511811980757,12.306566528551334,0.0,0.0
ES2003d,615,0.527084877093633,0.41041793425877887,0.3295604685942332,0.06098423898220062,0.020956284056107204,0.13458571086327234,0.37278105815251666,0.27337590263535577,-8.292212038474256,-0.6364880590279104,14.52365807932982,0.0,0.0
ES2003d,616,0.6331543326377869,0.4602230091889699,0.35911689201990765,0.06939454873402913,0.01827413123100996,0.37671953936417896,0.46085143089294434,0.2735241713623206,0.7487818150016121,7.861730191308493,19.8235943275271,0.0,0.0
ES2003d,617,0.7727623581886292,0.6931314965089163,0.14917473991711935,0.05934185286362966,0.014392613433301449,0.5584349930286407,0.49070313572883606,0.4939158260822296,6.647688188565492,11.141069290228119,14.84862496220667,0.0,0.0
ES2003d,618,0.7156921029090881,0.7362253467241923,0.14823542535305023,0.05565474306543668,0.021087946991125744,0.35762285192807514,0.46185075243314105,0.5028273562590281,8.00182158730501,11.616214803058844,16.60853639223495,0.0,0.0
ES2003d,619,0.7747785647710165,0.7453499635060629,0.17147214462359747,0.04897641514738401,0.019859109694759052,0.4606267710526784,0.45553479592005414,0.3112119734287262,8.766624239338126,7.128853709735964,17.99981835585193,0.0,0.0
ES2003d,620,0.5799671014149984,0.3801764150460561,0.39932024478912354,0.09392169366280238,0.054623364160458245,0.47259848316510517,0.4070885479450226,0.3720604827006658,31.173363406396422,-53.85879284176959,-29.586464958844534,0.0,0.0
ES2003d,621,0.49286990364392597,0.31288476785024005,0.23605542878309885,0.08064176142215729,0.04791437710324923,0.5032643874486288,0.43378686904907227,0.4830182728668054,47.9948021414261,-68.72082762293091,-46.93969611217392,0.0,0.0
ES2003d,622,0.5289923946062723,0.4297136465708415,0.24734708418448767,0.08204810818036397,0.043727818255623184,0.4898740251859029,0.42452749609947205,0.5450663530888656,42.39439614264444,-53.020635463112704,-41.35189895014264,0.0,0.0
ES2003d,623,0.4851631025473277,0.34702972571055096,0.4757874011993408,0.0828087367117405,0.05835456649462382,0.6113566954930624,0.44821568330128986,0.07535357897480328,49.781363485923464,-57.18724995920498,-48.241966596617395,0.0,0.0
ES2003d,624,0.49051761627197266,0.37455853323141736,0.4449610908826192,0.09084315101305644,0.042986754328012466,0.5165848433971405,0.441188246011734,0.18398603610694408,55.749472955463716,-70.94213801795117,-54.69179965832919,0.0,0.0
ES2003d,625,0.48393795887629193,0.40587618947029114,0.4125506679217021,0.08530692507823308,0.07018949339787166,0.5332852403322855,0.4795040786266327,0.3223152769108613,67.10706003260935,-72.53287415177167,-66.30051603696894,0.0,0.0
ES2003d,626,0.4719150960445404,0.3006354173024495,0.42570852239926654,0.0723211665948232,0.06378682951132457,0.541070302327474,0.5129308501879374,0.1282978244125843,71.60827400391928,-72.88183661465116,-71.06661610254679,0.0,0.0
ES2003d,627,0.49901684125264484,0.37036114434401196,0.6059843699137369,0.0602865902086099,0.047824847822388016,0.519955188035965,0.5373164812723795,0.365575835108757,72.5112373807574,-72.948191183454,-71.70718165032797,0.0,0.0
ES2003d,628,0.4720040261745453,0.22478517393271127,0.5026059647401174,0.06838655471801758,0.06682164346178372,0.5288937290509542,0.5144625206788381,0.24892929196357727,71.57437342769023,-72.13644531229636,-70.600434438157,0.0,0.0
ES2003d,629,0.40283024311065674,0.16416250665982565,0.45809999108314514,0.07081647341450055,0.07239227866133054,0.4115044176578522,0.5149173339207967,0.07463102291027705,75.27157149718518,-73.57032544702002,-74.09625047184586,0.0,0.0
ES2003d,630,0.48911025126775104,0.305961271127065,0.40796061356862384,0.08935200547178586,0.06933852657675743,0.32659052312374115,0.5102433760960897,0.35328125456968945,78.93929152843494,-73.5697468743014,-77.69604343748024,0.0,0.0
ES2003d,631,0.4624249239762624,0.23392035067081451,0.48418597380320233,0.06937955568234126,0.04000513690213362,0.29153752823670703,0.49764372905095416,0.3900163844227791,77.5091656822158,-74.13350347820291,-76.22366944869373,0.0,0.0
ES2003d,632,0.5698216160138448,0.27608975768089294,0.6412878235181173,0.11936052640279134,0.040919472773869835,0.43022917707761127,0.42366813619931537,0.7588661909103394,14.268004878614272,23.910344155161756,11.838352957596195,0.0,0.0
ES2003d,633,0.5606274406115214,0.24143466850121817,0.7239786585172018,0.12631705651680628,0.03258728111783663,0.19548731048901877,0.3873661557833354,0.6947133739789327,18.28433498924332,23.84660102616814,13.098029666967925,0.0,0.0
ES2003d,634,0.5276383360226949,0.17594303687413534,0.530195027589798,0.10148565967877705,0.02850395751496156,0.32943061987559,0.3484778602917989,0.6103043059508005,14.632567100749228,26.09403664565643,10.388879419626752,0.0,0.0
ES2003d,635,0.177788774172465,0.09464595715204875,0.17808496952056885,0.03298797210057577,0.009122868378957113,0.047936191161473594,0.14138896266619363,0.010130269452929497,31.56320266565076,-21.60743728085485,-30.547840514728232,0.0,0.0
ES2003d,636,0.3134811023871104,0.18274401624997458,0.33763964970906574,0.06284203131993611,0.025853122274080913,0.20408119757970175,0.3168106476465861,0.028448286776741345,61.61920385191335,-50.958363244645575,-60.1116873456551,0.0,0.0
ES2003d,637,0.3620045781135559,0.2880911628405253,0.288782278696696,0.04219532385468483,0.015369376788536707,0.34874531626701355,0.35057199994723004,0.013358195001880327,66.52618801245335,-46.76966862516603,-64.49733204392133,0.0,0.0
ES2003d,638,0.48544807235399884,0.3723507324854533,0.3925303965806961,0.07148126761118571,0.0261878768603007,0.3526630997657776,0.5259045362472534,0.014928202998513976,98.88875009797562,-69.38937809012906,-96.06287411408464,0.0,0.0
ES2003d,639,0.38540642460187274,0.3640504777431488,0.5962461233139038,0.07893351713816325,0.03256958847244581,0.4816596657037735,0.6398020188013712,0.02059034739310543,100.01504192429424,-68.6895776205067,-97.15632255001783,0.0,0.0
ES2003d,640,0.541068414847056,0.25397463142871857,0.2931363085905711,0.12700826426347098,0.06049695238471031,0.6193993091583252,0.5163470904032389,0.46968258668979007,94.62191805832668,-67.28859455182936,-91.79463945238255,0.0,0.0
ES2003d,641,0.5483294725418091,0.2717394133408864,0.7007091840108236,0.16323221226533255,0.039404713859160743,0.6164429485797882,0.3941088418165843,0.6353918214639028,12.305090505939111,27.409780216160474,-3.9329688234344773,0.0,0.0
ES2003d,642,0.532123843828837,0.2432625194390615,0.7804812590281168,0.1613366405169169,0.03993217274546623,0.500713974237442,0.40644697348276776,0.6308674216270447,12.95455124984847,27.12168793509387,0.8037847774788265,0.0,0.0
ES2003d,643,0.5593700806299845,0.19251742959022522,0.5885095099608103,0.1452406942844391,0.03773914650082588,0.4674619138240814,0.4221676190694173,0.72549769282341,11.813320446855462,23.40582597028948,2.9303385382588334,0.0,0.0
ES2003d,644,0.4966125190258026,0.2560596317052841,0.36058807373046875,0.12666172037521997,0.09637993822495143,0.30302781363328296,0.32841650644938153,0.9819514552752177,16.591948342441743,-13.044406022514183,-9.10813278545902,0.0,0.0
ES2003d,645,0.47014058629671734,0.3303985893726349,0.3890565037727356,0.14884858330090842,0.11949727684259415,0.3317115604877472,0.3464031418164571,0.9819466670354208,18.08413601683652,-10.923191018606166,-11.391625524719073,0.0,0.0
ES2003d,646,0.5587604145208994,0.4157179395357768,0.46094387769699097,0.11530839403470357,0.09446731830636661,0.35856913526852924,0.34261282285054523,0.9949944416681925,20.93072856237058,-8.470552545328895,-11.424292639621001,0.0,0.0
ES2003d,647,0.6137904127438863,0.33702688415845233,0.5268044769763947,0.12928963204224905,0.0991750955581665,0.3795662422974904,0.3148297170797984,0.9988832275072733,20.401855954888873,-8.543080953637904,-11.217862604674806,0.0,0.0
ES2003d,648,0.6876651247342428,0.35425226887067157,0.4683478871981303,0.12307586520910263,0.09182280053695042,0.3811107277870178,0.3525741497675578,0.9885349869728088,19.611525078114315,-3.1473551482934496,-3.8186536338387245,0.0,0.0
ES2003d,649,0.7132092714309692,0.3470747619867325,0.44694315393765766,0.09218330681324005,0.06639924521247546,0.4072137226661046,0.3530896107355754,0.988808810710907,16.733663423118568,-1.0648485160427523,0.36907092214934206,0.0,0.0
ES2003d,650,0.646557092666626,0.3148270944754283,0.5769438445568085,0.08137928694486618,0.05169536670049032,0.47044405341148376,0.38574232657750446,0.9971577127774557,15.230013087228244,-2.665798983050111,0.4418689630316992,0.0,0.0
ES2003d,651,0.6509671807289124,0.4235340158144633,0.5631439983844757,0.0756964311003685,0.05528079532086849,0.27683115502198535,0.37233081459999084,0.9715567032496134,12.353612556927208,-2.4969651120917313,-0.5869883155272688,0.0,0.0
ES2003d,652,0.7292776107788086,0.5666290322939554,0.4160063962141673,0.05772195135553678,0.02426437536875407,0.14270471036434174,0.4210379918416341,0.7914991875489553,9.459804505241154,-3.1178491945459452,-1.2101968295465295,0.0,0.0
ES2003d,653,0.726986308892568,0.5792628626028696,0.12806068857510886,0.06226519371072451,0.022976794900993507,0.6213816702365875,0.4954070846239726,0.7750336527824402,5.589861478756643,-4.661445791654139,-2.105812136779345,0.0,0.0
ES2003d,654,0.5226160983244578,0.2753257105747859,0.4716520607471466,0.08148549497127533,0.06747190281748772,0.4285240173339844,0.4158618748188019,0.20981580360482135,87.4425033413821,-70.5867767540248,-86.10784359744953,0.0,0.0
ES2003d,655,0.5507141947746277,0.29485057294368744,0.446885883808136,0.13152611503998438,0.04668076584736506,0.6045328776041666,0.45451460282007855,0.40083229541778564,5.779423492650451,21.86811843949177,2.2822319356625465,0.0,0.0
ES2003d,656,0.48367856939633685,0.31572552025318146,0.3276253441969554,0.10371164480845134,0.06902466838558514,0.3616505563259125,0.3766571084658305,0.6407684981822968,25.85285063092198,-34.867176320141574,-23.87591060419425,0.0,0.0
ES2003d,657,0.5191129346688589,0.32388268411159515,0.24016787111759186,0.10006631414095561,0.05653047002851963,0.3935461491346359,0.4218905170758565,0.17704288110447428,40.42566310339225,-52.63170745687716,-34.78559826047697,0.0,0.0
ES2003d,658,0.512240489323934,0.4553893506526947,0.3525486042102178,0.07789155344168346,0.04667522385716438,0.5402020712693533,0.49985862771670025,0.1850251816213131,40.995966086420715,-68.61921702069691,-40.14745573138388,0.0,0.0
ES2003d,659,0.4410905639330546,0.2944465180238088,0.22701454162597656,0.0861613502105077,0.036670965452988945,0.6340983112653097,0.4012177387873332,0.01161181585242351,52.14110604047059,-67.62719123731843,-52.38954636148976,0.0,0.0
ES2003d,660,0.3507468104362488,0.19969197611014047,0.3232293128967285,0.054100642601648964,0.023110289437075455,0.44701282183329266,0.3035134772459666,0.19027837117513022,27.377034466113003,-34.47393380456717,-28.21565629637117,0.0,0.0
ES2003d,661,0.5113964776198069,0.4456528772910436,0.40965163707733154,0.15438063442707062,0.04918621790905794,0.4477536429961522,0.3463470935821533,0.40661054973800975,2.0943731478528913,-24.251140045485343,-6.697343798420604,0.0,0.0
ES2003d,662,0.5157063901424408,0.42225850621859234,0.4020877778530121,0.12228445957104365,0.05602593036989371,0.3462512840827306,0.37359585364659625,0.7476786077022552,-2.154802249714003,-18.665785003488544,-1.6037717718787194,0.0,0.0
ES2003d,663,0.0,0.0,0.0,0.0,0.0,0.0,0.0,0.0,0.0,0.0,0.0,0.0,0.0
ES2003d,664,0.35639407237370807,0.20151368776957193,0.16897947589556375,0.04523940881093343,0.029344413429498672,0.4351514180501302,0.2146260937054952,0.09656505783398946,25.473382090257996,-43.973474039813745,-25.227745881469474,0.0,0.0
ES2003d,665,0.48629231254259747,0.3622442384560903,0.2681518718600273,0.07055892050266266,0.03987816348671913,0.5744584103425344,0.40856871008872986,0.17301425089438757,38.66317652619082,-68.25057705174856,-39.05160782892817,0.0,0.0
ES2003d,666,0.5123843351999918,0.33841651181379956,0.231286292274793,0.06746658931175868,0.03555696023007234,0.5876129269599915,0.40871577461560565,0.2695749948422114,33.85782887081304,-67.19619800502626,-34.857665684450076,0.0,0.0
ES2003d,667,0.37350473801294964,0.3158696840206782,0.2633449633916219,0.058289144188165665,0.03045651689171791,0.41530845562616986,0.27993107835451764,0.18129949178546667,15.015036493287658,-36.873506795951606,-14.731563942372143,0.0,0.0
ES2003d,668,0.19758208592732748,0.15503602226575217,0.04545922577381134,0.053709531823794045,0.02427247663338979,0.14684365193049112,0.11564123630523682,0.12812791268030801,3.3740655306176435,-11.701716899999846,-3.0916284350814025,0.0,0.0
ES2003d,669,0.17505540450414023,0.19566508134206137,0.20956462621688843,0.025221241017182667,0.008546089753508568,0.19744710127512613,0.15810210506121317,0.05743446946144104,25.87006428948085,-25.03176956783963,-25.33673421065119,0.0,0.0
ES2003d,670,0.1436134179433187,0.10194280743598938,0.08958448966344197,0.03523946056763331,0.017835624516010284,0.18281763792037964,0.09313273429870605,0.01907532662153244,2.4844411670415636,-8.893830111381883,-3.2162053817804193,0.0,0.0
ES2003d,671,0.5053385198116302,0.2890555163224538,0.2821154942115148,0.08683512111504872,0.03316511337955793,0.5809301535288492,0.3801841139793396,0.18786422225336233,26.42716451998078,-42.33013020228979,-27.03556170232436,0.0,0.0
ES2003d,672,0.3579493562380473,0.27264970541000366,0.3622976342837016,0.04552812874317169,0.015953852484623592,0.1998171160618464,0.3012821575005849,0.15757697075605392,56.049219613508036,-49.26536767496733,-54.819139059391425,0.0,0.0
ES2003d,673,0.20295931895573935,0.128664900859197,0.18067216873168945,0.022852393488089245,0.008588610837856928,0.27156877517700195,0.1925938924153646,0.039711982011795044,25.378193866486015,-24.711712865441047,-24.90695178496739,0.0,0.0
ES2003d,674,0.4580162266890208,0.43880338470141095,0.12288546810547511,0.09479309370120366,0.0542349045475324,0.5679147044817606,0.42356128493944806,0.029731868611027796,72.96371055387628,-61.4956895792333,-71.15932179779811,0.0,0.0
ES2003d,675,0.1727261741956075,0.20853650569915771,0.032366459568341575,0.037953056395053864,0.01371677964925766,0.19600902001063028,0.13126562039057413,0.006012321760257085,23.899920112407987,-20.126973031206436,-23.432317242843542,0.0,0.0
ES2003d,676,0.298904150724411,0.2962926924228668,0.1840121770898501,0.07937951137622197,0.054333473245302834,0.30117159088452655,0.27119794487953186,0.015219862728069225,48.60430359168072,-41.174229316245025,-47.98728378756041,0.0,0.0
ES2003d,677,0.15549203753471375,0.10221139589945476,0.08661774794260661,0.04044882456461588,0.023662663996219635,0.08377880851427714,0.14373156428337097,0.0499211847782135,23.753115332708614,-20.318542134897843,-23.532065090589743,0.0,0.0
ES2003d,678,0.0,0.0,0.0,0.0,0.0,0.0,0.0,0.0,0.0,0.0,0.0,0.0,0.0
ES2003d,679,0.6851319074630737,0.5592628022034963,0.3700828055540721,0.07502177109320958,0.035850017641981445,0.3208550661802292,0.38255534569422406,0.47567565739154816,12.759736185924817,-5.701259395030423,-16.231298655982194,0.0,0.0
ES2003d,680,0.6956692536671957,0.626421203215917,0.37001946568489075,0.050703308234612145,0.025082523624102276,0.2800973157087962,0.4470131496588389,0.5503976345062256,8.555640407841844,-4.239289892169332,-11.927219480872994,0.0,0.0
ES2003d,681,0.630403866370519,0.4228983422120412,0.2930440803368886,0.052434670428435005,0.024114643534024555,0.31108303368091583,0.4008381466070811,0.44885414621482295,0.11043596635502044,1.3575456011286597,-10.246998935052856,0.0,0.0
ES2003d,682,0.3523842692375183,0.16876539587974548,0.2987517714500427,0.038287874311208725,0.020324503382047016,0.17335992554823557,0.2655940353870392,0.3538367599248886,-1.352865208103827,-11.549644269943817,-19.29126237864359,0.0,0.0
ES2003d,683,0.597942054271698,0.37012942632039386,0.26844827830791473,0.07469817375143369,0.037028236935536064,0.3728473633527756,0.3979226549466451,0.42434925585985184,11.261583246066948,-14.451887602770569,-19.20867072371856,0.0,0.0
ES2003d,684,0.6191733678181967,0.4270884295304616,0.31565212706724805,0.07216742386420567,0.048864622289935745,0.26147863765557605,0.41042594114939374,0.5242353230714798,11.642577695669162,-14.374805093123284,-15.767974637790564,0.0,0.0
ES2003d,685,0.5076351364453634,0.44531495372454327,0.30099914968013763,0.08407156790296237,0.050819093361496925,0.3765164911746979,0.3824754257996877,0.6138951778411865,5.348104734520647,-12.214610293131386,-6.752429579598787,0.0,0.0
ES2003d,686,0.47737544775009155,0.41818152864774066,0.23640703658262888,0.06781225527326266,0.03553993130723635,0.3925489584604899,0.4698568979899089,0.8263551990191141,4.326053123939394,-11.284166457009833,-6.913246118063007,0.0,0.0
ES2003d,687,0.46643881996472675,0.4606853723526001,0.32066748042901355,0.07460007444024086,0.038863894840081535,0.45261725783348083,0.47713495294253033,0.7553626894950867,3.7388316279443394,-10.032486524874583,-5.357946558642034,0.0,0.0
ES2003d,688,0.47085243463516235,0.4654790461063385,0.3703452944755554,0.08785806596279144,0.04701146731774012,0.4426593631505966,0.4355451166629791,0.6549480855464935,4.0164260121984965,-14.680051695350379,-2.6153897512818696,0.0,0.0
ES2003d,689,0.31613028049468994,0.16319180528322855,0.17335170010725656,0.14381514489650726,0.08032383769750595,0.38335837920506793,0.3933236797650655,0.036439730475346245,27.40491153616385,-26.178076708202898,-26.38440253969257,0.0,0.0
ES2003d,690,0.37300193309783936,0.2622729539871216,0.22607711950937906,0.07248136897881825,0.02073938523729642,0.520110030968984,0.2779017686843872,0.091101735830307,27.710583914502763,-27.965501556296857,-26.97722183631352,0.0,0.0
ES2003d,691,0.17125902573267618,0.11196565628051758,0.04774225254853567,0.051835050185521446,0.02054303636153539,0.17944252490997314,0.1565468708674113,0.055052985747655235,2.4032420605023543,-7.6337369217761895,-1.3528158740459892,0.0,0.0
ES2003d,692,0.0,0.0,0.0,0.0,0.0,0.0,0.0,0.0,0.0,0.0,0.0,0.0,0.0
ES2003d,693,0.0,0.0,0.0,0.0,0.0,0.0,0.0,0.0,0.0,0.0,0.0,0.0,0.0
ES2003d,694,0.16744059324264526,0.1422369380791982,0.03862049927314123,0.024264867107073467,0.007237140089273453,0.11119228601455688,0.14526188373565674,0.045408437649408974,21.7357362528539,-22.607032506426393,-21.035262108275393,0.0,0.0
ES2003d,695,0.3388775090376536,0.14083355168501535,0.2735826373100281,0.05301515261332194,0.0313145878414313,0.32324905196825665,0.2221632699171702,0.14675937592983246,21.76340939541718,-31.29631190810287,-23.29500373118587,0.0,0.0
ES2003d,696,0.46952850619951886,0.23504680891831717,0.28000785410404205,0.09415672222773235,0.048514806975921,0.5881394545237223,0.3800865113735199,0.26924695260822773,21.41661449678102,-44.127370107452144,-25.745431371738874,0.0,0.0
ES2003d,697,0.4562140703201294,0.30900174876054126,0.38637688755989075,0.09705129514137904,0.04858636483550072,0.4532073934872945,0.4280194441477458,0.1879838313907385,-5.888619565460001,-65.50863874284822,4.477797314484756,0.0,0.0
ES2003d,698,0.35763367017110187,0.31980593005816144,0.31010665496190387,0.04915645097692808,0.01890613945821921,0.4545864661534627,0.3381425738334656,0.17293524742126465,38.46274648584343,-54.17440349879991,-37.73590796306173,0.0,0.0
ES2003d,699,0.387944499651591,0.41998223463694256,0.15537287791570029,0.0607318306962649,0.020698219537734985,0.3240742087364197,0.2603214979171753,0.4618184765179952,5.559731399776808,-51.03408959413747,-4.7662166137036355,0.0,0.0
ES2003d,700,0.0,0.0,0.0,0.0,0.0,0.0,0.0,0.0,0.0,0.0,0.0,0.0,0.0
ES2003d,701,0.0,0.0,0.0,0.0,0.0,0.0,0.0,0.0,0.0,0.0,0.0,0.0,0.0
ES2003d,702,0.4256249964237213,0.3612768252690633,0.3050435185432434,0.056451541682084404,0.04392884857952595,0.40911682446797687,0.3472647964954376,0.09461361169815063,-35.91456589856492,27.01871227941611,-38.69111955510426,0.0,0.0
ES2003d,703,0.3612128694852193,0.168994868795077,0.21155563990275064,0.04968655854463577,0.012220312220354876,0.25699089964230853,0.3832022349039714,0.16926027834415436,-0.749955122052738,9.117431842300542,-8.132542883318168,0.0,0.0
ES2003d,704,0.6230634053548177,0.40605761607487995,0.5367399851481119,0.07267703115940094,0.02068545048435529,0.5493747194608053,0.6271195610364279,0.4083339497447014,2.614579769962029,1.634459286622473,-5.0617470763625185,0.0,0.0
ES2003d,705,0.4199397365252177,0.16696729014317194,0.6945688724517822,0.10385327786207199,0.03422036642829577,0.34219754735628766,0.5005205969015757,0.41847701122363407,-16.227223579574602,29.53626565103183,-7.316113706427241,0.0,0.0
ES2003d,706,0.4618694484233856,0.2198942999045054,0.5006860991319021,0.1048256903886795,0.030291701356569927,0.5606556932131449,0.4133558173974355,0.24423048893610635,-4.9442565210324005,26.657664180365757,-1.6562944899340397,0.0,0.0
ES2003d,707,0.4566251039505005,0.23142636815706888,0.44010767340660095,0.09785948445399602,0.036158875872691475,0.4716269373893738,0.38542868693669635,0.394629826148351,5.724394814485848,22.67342293621341,2.9823717799803657,0.0,0.0
ES2003d,708,0.5764511426289877,0.28293176492055255,0.3904074827829997,0.09375541905562083,0.04538864145676295,0.4680602004130681,0.35666423042615253,0.41189320385456085,30.15158654617977,-49.32791969275599,-30.114332415942354,0.0,0.0
ES2003d,709,0.5506194233894348,0.2851647039254506,0.5004712541898092,0.09720517943302791,0.04211088642477989,0.4388381838798523,0.34218424558639526,0.5537515878677368,30.42528872597241,-42.89884649076722,-27.405055225883604,0.0,0.0
ES2003d,710,0.5592545866966248,0.26949629187583923,0.3812026381492615,0.09671842555205028,0.05527812118331591,0.39087871710459393,0.4072372317314148,0.7109943628311157,27.296429099001184,-28.129997486586294,-21.28489890235035,0.0,0.0
ES2003d,711,0.5833461085955302,0.3585222711165746,0.42390600840250653,0.09595218300819397,0.04408466815948486,0.40866843859354657,0.3769148687521617,0.6642506122589111,19.828101550756852,-23.440498085911027,-17.891740047331798,0.0,0.0
ES2003d,712,0.4957088530063629,0.34368271629015607,0.2987155814965566,0.10581904898087184,0.04039700453480085,0.2950865477323532,0.442994087934494,0.4532828778028488,40.5740822771216,-46.08745570406729,-41.833287698437715,0.0,0.0
ES2003d,713,0.536389946937561,0.36649219195048016,0.35498954852422077,0.1351126010219256,0.05955206975340843,0.38065916299819946,0.4434439440568288,0.3724489112695058,54.65492760055567,-58.07018115807626,-56.0760228989599,0.0,0.0
ES2003d,714,0.6970479885737101,0.612869381904602,0.31491534411907196,0.19462300837039948,0.12048888579010963,0.4051036636034648,0.42632367213567096,0.5021206438541412,22.581503224534604,-20.147183967326143,-20.681650781267972,0.0,0.0
ES2003d,715,0.6281502842903137,0.48505281408627826,0.3989383776982625,0.120028056204319,0.052699209501345955,0.2537717322508494,0.42655909061431885,0.3540018747250239,10.906225354390154,-13.485976937278224,-8.28997099399869,0.0,0.0
ES2003d,716,0.6389226118723551,0.39530614018440247,0.2878069132566452,0.09030252570907275,0.04602375874916712,0.24285938839117685,0.4327558974424998,0.44055989384651184,16.704610690223614,-18.819030744610306,-14.79958390076404,0.0,0.0
ES2003d,717,0.7154501477877299,0.5645295530557632,0.18139842400948206,0.058295762787262596,0.03701550761858622,0.3168995529413223,0.36611396074295044,0.28446099953725934,10.41101628233785,-13.333809438410759,-10.210544936029772,0.0,0.0
ES2003d,718,0.4920905629793803,0.17660442491372427,0.4263458053270976,0.09345126152038574,0.036226032922665276,0.26145951449871063,0.35927661259969074,0.06278065281609695,11.999780450470096,-26.88646615746846,-20.400338442242738,0.0,0.0
ES2003d,719,0.5114769240220388,0.12558028598626456,0.28190602362155914,0.0792078748345375,0.0339465985695521,0.2069269915421804,0.39996834595998126,0.2077899898091952,16.13445129415867,-29.168943272119346,-22.72610100210095,0.0,0.0
ES2003d,720,0.5358185172080994,0.22592196861902872,0.2971436654527982,0.08990488201379776,0.04015986124674479,0.4709956993659337,0.3953352669874827,0.5357092420260111,19.653355001983822,-27.554194896116016,-24.31868355776407,0.0,0.0
ES2003d,721,0.4302174250284831,0.1137321541706721,0.6700895428657532,0.33137565354506177,0.16760601848363876,0.5712200204531351,0.3723055919011434,0.9959296981493632,13.319893219330952,26.750776127081398,18.185064797642436,0.0,0.0
ES2003d,722,0.6751100818316141,0.19972834487756094,0.7281040549278259,0.2624824394782384,0.10747077564398448,0.5350109736124674,0.4819041093190511,0.4832603335380554,18.032748704999346,20.760439375506994,-4.3570992195041045,0.0,0.0
ES2003d,723,0.5381560722986857,0.2653454492489497,0.6827661395072937,0.3467860817909241,0.19829105834166208,0.558477520942688,0.47389981150627136,0.8070638577143351,19.932174512346034,24.297174459990917,-4.751544853301692,0.0,0.0
ES2003d,724,0.5545774102210999,0.30500488976637524,0.732904851436615,0.40377793709437054,0.20703275501728058,0.6352367202440897,0.46408405900001526,0.6061569650967916,18.34738665684817,24.249685436173326,-4.998715676807504,0.0,0.0
ES2003d,725,0.5589710672696432,0.23455447455247244,0.7529609600702921,0.36357515056927997,0.1438936690489451,0.5906500617663065,0.4613884389400482,0.34584560990333557,19.044653184345375,23.342747374306352,-4.373038953159946,0.0,0.0
ES2003d,726,0.6517642339070638,0.22644894818464914,0.7238116463025411,0.241126482685407,0.09614227215449016,0.4184676607449849,0.5022348761558533,0.4091316908597946,17.88710810306696,23.44277942618506,-4.553610432769209,0.0,0.0
ES2003d,727,0.6345628897349039,0.2159631053606669,0.7485461235046387,0.2112506479024887,0.08057433863480885,0.4710954229036967,0.4605005880196889,0.6583745181560516,16.30498161119873,22.09350805329061,-4.770922147233699,0.0,0.0
ES2003d,728,0.5049370527267456,0.16946336130301157,0.8094283739725748,0.24998602271080017,0.06277693559726079,0.42128551999727887,0.4096339742342631,0.8500963449478149,14.528944765449458,23.973565794863728,1.5707316138410163,0.0,0.0
ES2003d,729,0.6222560902436575,0.14606947203477225,0.6914866069952647,0.19759532809257507,0.08091503381729126,0.44961194197336835,0.44868988792101544,0.8883868257204691,14.731759404404889,26.12248558159574,11.739496112776019,0.0,0.0
ES2003d,730,0.5578471024831136,0.1863244374593099,0.7740556001663208,0.18058036267757416,0.06688837086160977,0.4793412784735362,0.4022342264652252,0.8425674438476562,10.34694302883043,29.11034900642922,17.294446914122858,0.0,0.0
ES2003d,731,0.48058154185612995,0.18866266310214996,0.5525401830673218,0.17950648069381714,0.07486206665635109,0.6480545798937479,0.428706814845403,0.7826934655507406,9.91045944269974,28.099743212986358,16.809404088363365,0.0,0.0
ES2003d,732,0.4373498558998108,0.12931159138679504,0.650055984656016,0.5013380448023478,0.3114243298768997,0.3531564176082611,0.34662986795107525,0.9939991235733032,-0.1621614809410087,17.252701023275574,-11.895132567617871,0.0,0.0
ES2003d,733,0.48801716168721515,0.27601680159568787,0.6238145430882772,0.40793562928835553,0.189061830441157,0.28258927166461945,0.388779083887736,0.7077360898256302,1.8021971776654977,8.952236129472405,-18.518447907512936,0.0,0.0
ES2003d,734,0.4700976610183716,0.1785187621911367,0.6769816478093466,0.2950030068556468,0.08171566327412923,0.29996997117996216,0.38301340738932294,0.9646524786949158,-0.5349245486021514,9.932342612607249,-19.66287550651046,0.0,0.0
ES2003d,735,0.4581251343091329,0.13605492562055588,0.8163749972979227,0.254563828309377,0.043873111406962075,0.5311669011910757,0.470157911380132,0.903911292552948,-2.4163068895165516,11.33203818185502,-20.06080759238469,0.0,0.0
ES2003d,736,0.5566227833429972,0.3638465404510498,0.2788511961698532,0.6678660809993744,0.7042669256528219,0.44299161434173584,0.4853997031847636,0.9443451563517252,8.741103358749125,20.5243155583662,1.8775533853444237,0.0,0.0
ES2003d,737,0.6539615790049235,0.43951578934987384,0.37744524081548053,0.4630994002024333,0.42920874059200287,0.44267279903093976,0.4489813546339671,0.8717405398686727,0.9599523495380787,23.331016587414467,-6.08127860655157,0.0,0.0
ES2003d,738,0.6167348424593607,0.39387430747350055,0.360819473862648,0.42334724962711334,0.45647795001665753,0.4627259820699692,0.5525107781092325,0.5666827922686934,1.221480443055926,14.748192071007606,-10.673790150552781,0.0,0.0
ES2003d,739,0.5221066474914551,0.2614110956589381,0.46358094612757367,0.15692292153835297,0.09126075605551402,0.5775196899970373,0.4887715280056,0.052994132662812866,3.088296929538728,12.014824567790233,3.3400675624959653,0.0,0.0
ES2003d,740,0.6256857514381409,0.2177059402068456,0.5690657397111257,0.1717835416396459,0.07162689169247945,0.5570572515328726,0.4145851830641429,0.33657646862169105,3.0217463228023234,12.802995517245215,3.1218486776028307,0.0,0.0
ES2003d,741,0.5248960852622986,0.2639472037553787,0.5430070956548055,0.14360196640094122,0.06581281498074532,0.29532088836034137,0.4239051540692647,0.5932400232801834,1.1569418036480201,13.606917464705411,2.5799223805847906,0.0,0.0
ES2003d,742,0.543398509422938,0.23208089172840118,0.4834478696187337,0.20866015553474426,0.08845796932776769,0.4990146855513255,0.43473585446675617,0.8745272755622864,-2.138001005626546,12.478585845256433,1.831745230255927,0.0,0.0
ES2003d,743,0.41996607184410095,0.19631204505761465,0.5486641327540079,0.2321435958147049,0.08623902748028438,0.5075810551643372,0.41766581932703656,0.8964842160542806,-2.8096951811524904,11.312826974800407,3.2636232713491644,0.0,0.0
ES2003d,744,0.5063650012016296,0.2243702014287313,0.36623529593149823,0.16322616736094156,0.042624700193603836,0.4764825701713562,0.4734463393688202,0.38678359240293503,-2.8321004215709102,11.538090842424516,3.368326850605061,0.0,0.0
ES2003d,745,0.52264603972435,0.22085664172967276,0.502452572186788,0.14503000676631927,0.043341925367712975,0.5670172671477,0.4473494788010915,0.3843599657217662,-1.9411234154232675,13.876122025124408,1.605020836027096,0.0,0.0
ES2003d,746,0.507258395353953,0.1771442194779714,0.47775230805079144,0.1556756223241488,0.04394330084323883,0.39078577359517414,0.4211106598377228,0.47436534365018207,0.33667945608754063,17.06922474082856,-0.6999569503318197,0.0,0.0
ES2003d,747,0.5188360810279846,0.24036705493927002,0.5654159486293793,0.23666001359621683,0.0759941836198171,0.4246368904908498,0.45991942286491394,0.17403299982349077,0.2531985184666206,15.789934323271794,1.5112201499441091,0.0,0.0
ES2003d,748,0.5590251882870992,0.23336234192053476,0.5685330828030905,0.2869498332341512,0.11536803344885509,0.3240823249022166,0.463612178961436,0.3786248465379079,-0.5233961362174121,12.960471553015035,4.148931014812832,0.0,0.0
ES2003d,749,0.5017674465974172,0.2744452655315399,0.526784082253774,0.2654717614253362,0.11660573879877727,0.3162793715794881,0.4197638928890228,0.7444712618986765,-0.06336759398504532,13.249552271342225,4.642475465005148,0.0,0.0
ES2003d,750,0.474632332722346,0.2058590203523636,0.4154522220293681,0.2719622453053792,0.11611303935448329,0.38477470477422077,0.44441067179044086,0.4169330249230067,-0.8973753197329852,12.743182611040476,4.04907141017284,0.0,0.0
ES2003d,751,0.6729317605495453,0.55402472615242,0.2592969387769699,0.05777319148182869,0.026946700488527615,0.25389690200487774,0.40777896841367084,0.5292483021815618,4.935158263958268,-8.545449774518918,-12.466306979413211,0.0,0.0
ES2003d,752,0.5756801068782806,0.47562187413374585,0.2696223010619481,0.168171060582002,0.1445146556943655,0.46851250529289246,0.4075117806593577,0.5860451410214106,7.734381788235102,-55.47899140704581,-9.57260812014476,0.0,0.0
ES2003d,753,0.7230698664983114,0.6394543051719666,0.3161442428827286,0.09076801190773646,0.03409165951112906,0.40727033217748004,0.43824881315231323,0.3900929068525632,12.587772977794115,-28.366070852451504,-4.027711137964541,0.0,0.0
ES2003d,754,0.762188990910848,0.6321068008740743,0.3719782034556071,0.06894007697701454,0.02036642034848531,0.2743112196524938,0.4381977915763855,0.6661561131477356,11.236629168017897,2.836093494221963,4.421967965223321,0.0,0.0
ES2003d,755,0.7665103872617086,0.7436543703079224,0.3947402834892273,0.056153371930122375,0.02571442847450574,0.2768486365675926,0.3664389948050181,0.9194914499918619,7.441967224982082,-1.210612311216062,2.785704620695204,0.0,0.0
ES2003d,756,0.7523654898007711,0.7581738034884135,0.3948928117752075,0.05642138918240865,0.02279890576998393,0.3193636437257131,0.4427310725053151,0.9688941836357117,6.299217490694708,0.4272917835012365,0.8533131970248404,0.0,0.0
ES2003d,757,0.7831860582033793,0.7499440709749857,0.22870777050654092,0.05906464407841364,0.025335808595021565,0.34316786626974743,0.43608394265174866,0.7673352559407552,6.032386944881534,-0.38889063853705635,0.8850969095952209,0.0,0.0
ES2003d,758,0.7092817227045695,0.7237752874692281,0.20967932045459747,0.05452911679943403,0.02575884076456229,0.2738962322473526,0.446698933839798,0.9200913508733114,5.448551382928145,-2.0997703876917146,1.9674292652022658,0.0,0.0
ES2003d,759,0.4727717141310374,0.19115219016869864,0.5494895478089651,0.2015259712934494,0.057207122445106506,0.5915499528249105,0.3998435338338216,0.44234175980091095,6.173442815221159,18.305230089483292,-3.0231460479910166,0.0,0.0
ES2003d,760,0.532971461613973,0.23039793968200684,0.5297649403413137,0.19367413222789764,0.04577181984980901,0.3770785729090373,0.4219580988089244,0.38485338787237805,3.082202651603207,16.83400894454228,-1.4649070914010698,0.0,0.0
ES2003d,761,0.5159381628036499,0.20894894003868103,0.5807721217473348,0.18700319528579712,0.04255377749602,0.5545152425765991,0.39205901821454364,0.5152056217193604,1.2889091841747544,14.482141162052777,0.01833968295805018,0.0,0.0
ES2003d,762,0.5515481928984324,0.23069544633229574,0.5455369353294373,0.19107801218827566,0.0564721388121446,0.5722985963026682,0.4059431751569112,0.4142121175924937,3.3295907093648283,16.095990325829334,-1.0942564596826985,0.0,0.0
ES2003d,763,0.5361236035823822,0.17520625392595926,0.49200673898061115,0.1625591740012169,0.07163828114668529,0.7270287871360779,0.46829284230868023,0.3209062119325002,8.194770255641346,8.77096382667983,-8.486518153408115,0.0,0.0
ES2003d,764,0.525080531835556,0.1716049611568451,0.44530828793843585,0.1705468694368998,0.05361461949845155,0.5969607631365458,0.40386558572451275,0.6826049983501434,11.72929774944017,0.5519369256097946,-13.328749927963697,0.0,0.0
ES2003d,765,0.4534008900324504,0.21324053158362707,0.5355808734893799,0.11967176695664723,0.03555738056699435,0.5446501274903616,0.5026062528292338,0.4531266540288925,4.290449914089931,5.185098388779179,-3.7159954774534056,0.0,0.0
ES2003d,766,0.0,0.0,0.0,0.0,0.0,0.0,0.0,0.0,0.0,0.0,0.0,0.0,0.0
ES2003d,767,0.5212483604749044,0.2087960292895635,0.6403285463651022,0.14447768777608871,0.03666058244804541,0.561895360549291,0.37104853987693787,0.6480570832888285,6.798590097168905,19.383864151865797,5.624340765231403,0.0,0.0
ES2003d,768,0.5522665282090505,0.2158651351928711,0.46253515283266705,0.16125644743442535,0.05117760101954142,0.587592363357544,0.3737866481145223,0.577727735042572,4.532150331756931,16.21654618026421,4.498124379783007,0.0,0.0
ES2003d,769,0.6390418807665507,0.47551549474398297,0.2334377666314443,0.1954097325603167,0.14845492566625276,0.5729824801286062,0.5781328280766805,0.12096177662412326,7.746375635624044,6.401688638575345,-1.6919123423674671,0.0,0.0
ES2003d,770,0.4979886015256246,0.4302581151326497,0.3016648491223653,0.29279934366544086,0.2428943564494451,0.7201981345812479,0.5495779911677042,0.09892710484564304,5.6675399604372245,-0.1840580646909856,-11.492880412828834,0.0,0.0
ES2003d,771,0.511205663283666,0.2775212824344635,0.5351605812708536,0.15650837620099387,0.08832009385029475,0.6792135437329611,0.6422707041104635,0.022163584265702713,3.4839983511581525,4.5769877315571454,-26.025730999598437,0.0,0.0
ES2003d,772,0.4544002215067546,0.3321737547715505,0.47947875658671063,0.11624681452910106,0.04059952621658643,0.44879642128944397,0.5367248058319092,0.022467101303239662,-0.6023994498965607,-2.788804114088871,-25.14061150157536,0.0,0.0
ES2003d,773,0.4747095008691152,0.30820371210575104,0.36604077617327374,0.1152463083465894,0.04073630397518476,0.5089700619379679,0.5350250701109568,0.030797458564241726,0.6901971213472468,-1.6752335960338467,-24.950884507484194,0.0,0.0
ES2003d,774,0.5410075684388479,0.3976723949114482,0.36653141180674237,0.22938605149586996,0.19306020066142082,0.31614796817302704,0.5371761123339335,0.052539340841273464,-1.5938124009675587,-0.049271902508643585,-22.126532499678678,0.0,0.0
ES2003d,775,0.49022114276885986,0.2731539060672124,0.6129533151785532,0.13462519894043604,0.04591295619805654,0.5001283586025238,0.5674572587013245,0.23438314038018385,-1.3660451194171614,-1.7622738766546096,-21.195145265942532,0.0,0.0
ES2003d,776,0.5088275969028473,0.18922312557697296,0.4764656623204549,0.11028159409761429,0.02735716849565506,0.6447222630182902,0.3764059543609619,0.45914263154069584,1.9565004462670992,18.695196991040575,0.2906080253335987,0.0,0.0
ES2003d,777,0.5267912050088247,0.2753576437632243,0.3488560716311137,0.21858163177967072,0.10793400059143703,0.5126599868138632,0.4296389619509379,0.9253628651301066,3.3232236981081265,14.578351395201258,7.604509068982726,0.0,0.0
ES2003d,778,0.502932478984197,0.22582679986953735,0.3647168775399526,0.27669288714726764,0.15567766626675925,0.4970102707544963,0.4180416762828827,0.9811627268791199,3.8187028630737743,15.009950811329281,8.0849387069996,0.0,0.0
ES2003d,779,0.5260303219159445,0.2636806070804596,0.38580405712127686,0.2122982144355774,0.12195127705732982,0.4856978456179301,0.4062289198239644,0.9842704137166342,4.405668865520807,14.719433760828274,7.8348876235249945,0.0,0.0
ES2003d,780,0.5137701233228048,0.23119346797466278,0.6232840021451315,0.23889915148417154,0.135495791832606,0.4299587657054265,0.42164618770281476,0.7479385236899058,-1.1790488384324629,21.147623839576156,3.1029092518484394,0.0,0.0
ES2003d,781,0.5359159807364146,0.2171845237414042,0.6027485728263855,0.25553854803244275,0.2268040974934896,0.3983212312062581,0.47114279866218567,0.7152210772037506,-8.704801929396512,26.632697467035843,-4.265606445728307,0.0,0.0
ES2003d,782,0.718897263209025,0.7791653474171957,0.14512315144141516,0.7926164269447327,0.7491257786750793,0.23495618253946304,0.20383395751317343,0.9956427216529846,10.986703265877699,6.671519382606401,4.053289304898878,0.0,0.0
ES2003d,783,0.7975548307100931,0.7636338671048483,0.27220965921878815,0.5823319554328918,0.41944562395413715,0.5312115748723348,0.29004474977652234,0.9897189339001974,8.661615966808954,5.402329916614954,0.3323049441571696,0.0,0.0
ES2003d,784,0.830083986123403,0.786141832669576,0.3307141313950221,0.2587665567795436,0.276385356982549,0.2980769028266271,0.3215723931789398,0.9989157517751058,5.7516068122836606,1.907601918249364,-1.9360750835388283,0.0,0.0
ES2003d,785,0.7664674520492554,0.5960738360881805,0.3068782885869344,0.15410641332467398,0.1748887449502945,0.36970745027065277,0.3696231245994568,0.6750311267872652,22.26387203612086,-18.48268041159721,-22.238323607318296,0.0,0.0
ES2003d,786,0.6413959562778473,0.5052419553200403,0.3077017317215602,0.10331025222937266,0.05432473371426264,0.30974247058232623,0.3623570005098979,0.6085778027772903,5.2750468098648975,-8.767167552110676,-0.9874429614898775,0.0,0.0
ES2003d,787,0.8250529567400614,0.7501192688941956,0.2036485274632772,0.06512821465730667,0.03474546720584234,0.20987516144911447,0.4012141525745392,0.6210133830706278,8.280786144235948,-3.5786831732125357,4.4860395739535965,0.0,0.0
ES2003d,788,0.8149367570877075,0.7534634669621786,0.3306471010049184,0.06789947922031085,0.033966523905595146,0.28474198281764984,0.3650980194409688,0.7175820569197336,8.525864328014732,-3.989087490285143,3.1141770715001846,0.0,0.0
ES2003d,789,0.7684382200241089,0.8197081089019775,0.30914367238680523,0.09661425401767094,0.06844288979967435,0.24748486777146658,0.427105834086736,0.9528205394744873,7.082717410148388,-2.0776712983364956,1.0582403254188668,0.0,0.0
ES2003d,790,0.2674710551897685,0.266777182618777,0.44248825311660767,0.1443554808696111,0.08749683449665706,0.2684582695364952,0.29746604959170025,0.13617890235036612,-20.88898926802511,-12.187264318036414,-12.015821551661801,0.0,0.0
ES2003d,791,0.3072036902109782,0.1557916800181071,0.7336793541908264,0.12877590705951056,0.09733887389302254,0.7675178448359171,0.4357102910677592,0.5549695938825607,-24.570146307753422,-10.696025492033698,-18.802556725222637,0.0,0.0
ES2003d,792,0.6399340033531189,0.43440909186999005,0.4786792000134786,0.19986965010563532,0.13486297676960626,0.42875062425931293,0.4818105896313985,0.15838003903627396,19.820471582438852,36.69779187536249,9.87437367794971,0.0,0.0
ES2003d,793,0.6552100578943888,0.2589799389243126,0.782150387763977,0.2763449350992839,0.1887486850221952,0.4063064058621724,0.537869373957316,0.6614866058031718,25.02583295495224,70.46724836774253,25.060899385295414,0.0,0.0
ES2003d,794,0.5201818446318308,0.48625363906224567,0.5749914248784384,0.08395319680372874,0.03283950313925743,0.6277555028597513,0.42877937356630963,0.2634175556401412,16.43304882401177,-34.53366483794111,-13.365929479723237,0.0,0.0
ES2003d,795,0.4976322452227275,0.267405887444814,0.31685660282770794,0.09756883730491002,0.03918090835213661,0.33199645082155865,0.42369722326596576,0.0733920568600297,4.855965771827796,-25.67804548170135,0.09417984041350717,0.0,0.0
ES2003d,796,0.5519646803538004,0.5380415519078573,0.19760782519976297,0.09173526366551717,0.05340471242864927,0.5316813985506693,0.37101300557454425,0.5250261748830477,5.886491548759255,-25.756304746086215,-0.5121458412585053,0.0,0.0
ES2003d,797,0.5618802110354105,0.5743930339813232,0.31607631345589954,0.1219533234834671,0.02997564772764842,0.4804603656133016,0.5237899919350942,0.5505452255407969,24.68078741971787,-54.65744715265814,-22.61722553162811,0.0,0.0
ES2003d,798,0.5058198968569437,0.21168295045693716,0.3890817513068517,0.21011370420455933,0.06209361677368482,0.4561633418003718,0.46880104144414264,0.9218875964482626,2.22706269206372,19.766600871900533,4.5429398355522945,0.0,0.0
ES2003d,799,0.597454845905304,0.2641956607500712,0.1320182407895724,0.19603746632734934,0.07717711975177129,0.37046707173188526,0.42749173442522687,0.915748675664266,-1.6210501950430032,21.453957815886245,2.1054377369768047,0.0,0.0
ES2003d,800,0.5158647994200388,0.20016183455785116,0.20631146927674612,0.18941607574621835,0.07803454250097275,0.3637640178203583,0.42696147163709003,0.9367767572402954,-1.2096424871223976,20.19974402354127,1.9509943782140597,0.0,0.0
ES2003d,801,0.515924483537674,0.16186519960562387,0.2522282550732295,0.17515015602111816,0.061547974745432533,0.40731888512770337,0.4080137411753337,0.9404615759849548,-0.012745308526510199,21.07327588928349,2.1760216230087015,0.0,0.0
ES2003d,802,0.5943453510602316,0.3017195959885915,0.25605690479278564,0.21246837079524994,0.09974338486790657,0.4071345229943593,0.4640114903450012,0.7031994660695394,-1.1444629934458586,20.350968856063137,6.890674814169592,0.0,0.0
ES2003d,803,0.6571479042371114,0.581043004989624,0.15268110732237497,0.09672006964683533,0.06402557839949925,0.34524233142534894,0.430005540450414,0.054677389562129974,7.345617355969793,-6.323898019953263,-16.914319406042548,0.0,0.0
ES2003d,804,0.6846796870231628,0.5397012134393057,0.37875645359357196,0.16920282691717148,0.16466526687145233,0.3102574348449707,0.40125388900438946,0.7695427536964417,6.749627392063758,-7.667553150151747,-18.169752290045196,0.0,0.0
ES2003d,805,0.7354106903076172,0.7069047888120016,0.21750046809514365,0.16081241021553674,0.1731842209895452,0.3820870816707611,0.39706382155418396,0.9931098222732544,6.5466530373579905,-2.7696510064087705,-15.578457636398005,0.0,0.0
ES2003d,806,0.6833191514015198,0.5996781587600708,0.3189588636159897,0.13852485517660776,0.08980023364226024,0.3030584653218587,0.39462144176165265,0.9675827821095785,6.2141940550883445,-5.792311900097695,-17.65498630671048,0.0,0.0
ES2003d,807,0.48788632949193317,0.1556932876507441,0.7559035817782084,0.13090859601895014,0.034607281908392906,0.5708004236221313,0.5296632250150045,0.4032347922523816,-11.972746320767746,31.92836394938205,-22.37338414808897,0.0,0.0
ES2003d,808,0.41751821835835773,0.15022585541009903,0.7205873529116312,0.15090421587228775,0.03969938866794109,0.636971096197764,0.46176619331041974,0.45851029952367145,-9.317578340826596,24.832025176336227,-14.905603230858345,0.0,0.0
ES2003d,809,0.4234914978345235,0.24305916329224905,0.578542947769165,0.29036690294742584,0.1321264455715815,0.5714195768038431,0.4044221142927806,0.8929774165153503,-1.0449988859553263,14.543693868344297,-10.880587714211195,0.0,0.0
ES2003d,810,0.5830450852711996,0.34192121028900146,0.1990355377395948,0.10979298253854115,0.03858101740479469,0.5757246216138204,0.4939945737520854,0.15801073610782623,8.611107372500745,-2.8843214164611246,-7.021068558949622,0.0,0.0
ES2003d,811,0.5153037707010905,0.2488202452659607,0.3899458746115367,0.10190269847710927,0.04571895798047384,0.5067296226819357,0.3891633450984955,0.3195316419005394,6.716341904480668,-4.795168705244539,-6.862176764582258,0.0,0.0
ES2003d,812,0.4820602039496104,0.15682838608821234,0.6669407884279887,0.38082951307296753,0.30034810304641724,0.4697451094786326,0.38555962840716046,0.9945540229479471,6.390222868285934,21.01108074735652,2.7061498506942763,0.0,0.0
ES2003d,813,0.26717249552408856,0.22384357452392578,0.08060699204603831,0.025605174402395885,0.006621800983945529,0.09110350410143535,0.17180720965067545,0.2793704072634379,1.489912057721846,4.792753007623737,-0.2615472684360981,0.0,0.0
ES2003d,814,0.6655532717704773,0.5219779709974924,0.30773894240458805,0.11163770159085591,0.03754744492471218,0.23027737438678741,0.4907208780447642,0.7008875409762064,3.360963406505117,-2.6639841167910863,-16.138270686362713,0.0,0.0
ES2003d,815,0.7987968722979227,0.7529950737953186,0.2678862065076828,0.1833685984214147,0.14407219365239143,0.2512396176656087,0.37055402994155884,0.9989481170972189,6.716486921536827,1.544873125994022,4.4323285091046,0.0,0.0
ES2003d,816,0.7188875277837118,0.5367463032404581,0.2759539633989334,0.10586896787087123,0.07850802193085353,0.2821473553776741,0.40395453572273254,0.6826598010957241,8.216025884094663,-4.731864903600748,-6.361603937347975,0.0,0.0
ES2003d,817,0.5117279986540476,0.1849329099059105,0.49154892563819885,0.11384948094685872,0.0806864071637392,0.24799802899360657,0.33901463945706684,0.4211558699607849,10.432079335097031,-19.48474516957914,-22.38211916010688,0.0,0.0
ES2003d,818,0.40008779366811115,0.21462625761826834,0.42742876211802167,0.07800247520208359,0.02633872628211975,0.2782535453637441,0.3437556525071462,0.42689648767312366,3.925310010221494,-23.89818354916055,-25.42804396665856,0.0,0.0
ES2003d,819,0.40298957626024884,0.1666396955649058,0.46446510155995685,0.07486920803785324,0.031701444958647094,0.28060435752073926,0.3428170482317607,0.4999275902907054,5.80132288566892,-23.453514701874827,-26.622294220161823,0.0,0.0
ES2003d,820,0.7051865657170614,0.4899527430534363,0.5180024007956187,0.27027979493141174,0.2164942423502604,0.6276728312174479,0.5673856735229492,0.6336395641167959,10.685942813671048,17.457737259196357,-9.764673564813405,0.0,0.0
ES2003d,821,0.4066137174765269,0.2611139764388402,0.3625544359286626,0.09885586053133011,0.022011945645014446,0.3355840841929118,0.42893752455711365,0.2137768461058537,-1.7720044771224586,6.4511517945926995,3.8413597191708426,0.0,0.0
ES2003d,822,0.49872544407844543,0.23450945814450583,0.5753289957841238,0.17134806513786316,0.0560313972334067,0.617805947860082,0.4287468194961548,0.13048322002092996,-5.668649180403503,7.901683525755885,0.9100559067090215,0.0,0.0
ES2003d,823,0.5157088140646616,0.2099033643802007,0.5244232813517252,0.1824864074587822,0.06519364068905513,0.5339330434799194,0.44080878297487897,0.13755871107180914,-6.423539452842978,8.993018742658805,0.6311077192370383,0.0,0.0
ES2003d,824,0.3684456745783488,0.3052905301253001,0.3538522720336914,0.09740643699963887,0.05376415327191353,0.38636373976866406,0.43311386307080585,0.16046901202450195,-4.080858609278221,8.460809081897656,2.0354347250996256,0.0,0.0
ES2003d,825,0.42268110315004986,0.26954354842503864,0.37092753251393634,0.10094018777211507,0.0662749210993449,0.4962025582790375,0.4714132448037465,0.14848982418576875,-3.630119552341034,8.227670827066214,2.573148400011941,0.0,0.0
ES2003d,826,0.4591122269630432,0.2206633041302363,0.5025611420472463,0.1495753824710846,0.03506412357091904,0.6767042676607767,0.4834453761577606,0.18983161635696888,-3.5010382790067136,7.393366290693447,3.274264885496686,0.0,0.0
ES2003d,827,0.42289600769678753,0.22995310525099436,0.3204835851987203,0.1420916939775149,0.04954442630211512,0.5579700668652853,0.4719068507353465,0.20281329254309335,-4.061111633837102,6.7921087942018445,3.6059124789452723,0.0,0.0
ES2003d,828,0.31772662202517193,0.25523148477077484,0.45019908746083576,0.12094509104887645,0.032583815356095634,0.7073489824930826,0.49360892176628113,0.3103449307382107,-4.357167715178464,7.694639420316029,2.6655834491598074,0.0,0.0
ES2003d,829,0.4520549476146698,0.284149706363678,0.45293448368708294,0.15265241513649622,0.04353178789218267,0.5867271721363068,0.4820430775483449,0.3178792546192805,-5.151312868546067,9.166279099042715,1.364072781072504,0.0,0.0
ES2003d,830,0.5377191106478373,0.44813667237758636,0.37222834428151447,0.09730092187722524,0.06903793911139171,0.3917795916398366,0.4268412192662557,0.4899565577507019,19.776678134184646,-26.051388851485466,-24.846998447653828,0.0,0.0
ES2003d,831,0.5016811490058899,0.24944583574930826,0.31471142172813416,0.09595111260811488,0.029151560738682747,0.4001865088939667,0.4554671247800191,0.19113923609256744,-0.6232758378223681,11.256902635237667,5.289554614186062,0.0,0.0
ES2003d,832,0.5030073424180349,0.23501145839691162,0.43085114161173504,0.09690454105536143,0.023480130980412166,0.45412444074948627,0.4526323179403941,0.17076989511648813,1.1513402031598805,12.322267738022282,6.402419673825844,0.0,0.0
ES2003d,833,0.5113756855328878,0.24513318638006845,0.3861338098843892,0.1214885413646698,0.03594120343526205,0.4469091097513835,0.43365482489267987,0.5689405302206675,0.26335251725989894,12.068199259273987,4.955169725728294,0.0,0.0
ES2003d,834,0.557867169380188,0.4169261157512665,0.326323539018631,0.2486109957098961,0.17373224223653475,0.5842316846052805,0.5328120092550913,0.09342128659288089,7.76065103722928,10.419403241668592,-30.54154095148282,0.0,0.0
ES2003d,835,0.4644763767719269,0.31608512500921887,0.3702777326107025,0.2789580821990967,0.27298787732919055,0.6383781035741171,0.5564304987589518,0.01842620192716519,3.5764652812425823,10.510242171207318,-27.989167136986627,0.0,0.0
ES2003d,836,0.49086491266886395,0.2629762937625249,0.5228551725546519,0.24796749899784723,0.1612641140818596,0.602428009112676,0.4976321856180827,0.014675095366934935,3.6323446785384896,5.98505337377031,-26.887413940205473,0.0,0.0
ES2003d,837,0.5416768888632456,0.2553222080071767,0.3405103112260501,0.1624810000260671,0.061300186440348625,0.5349662204583486,0.44792776306470233,0.6823061307271322,-2.5975639805314206,16.794792764865274,4.059059682154307,0.0,0.0
ES2003d,838,0.5980230768521627,0.2719358503818512,0.3121837352712949,0.1141270821293195,0.02186570316553116,0.3546818594137828,0.48141788442929584,0.3284272278348605,-3.6191352356570583,13.123214911612317,2.815683059509029,0.0,0.0
ES2003d,839,0.576612134774526,0.38076457381248474,0.28004875282446545,0.16853425651788712,0.12990635509292284,0.6736939152081808,0.5888815919558207,0.01616151910275221,-1.5758836774630731,13.58697807240882,-18.042681056750016,0.0,0.0
ES2003d,840,0.4561515748500824,0.2749221970637639,0.3864588638146718,0.118555781741937,0.0273956557114919,0.35280244549115497,0.4270143210887909,0.15659080694119135,-1.1713129582403183,21.144836371576872,13.451882745023712,0.0,0.0
ES2003d,841,0.41218998034795123,0.16999705135822296,0.36744703352451324,0.09808363020420074,0.027446730062365532,0.133375513056914,0.45229973395665485,0.3163250262538592,1.9073511141538326,28.069040087614752,24.262234162368443,0.0,0.0
ES2003d,842,0.3618900527556737,0.18350251764059067,0.4924451212088267,0.1075795590877533,0.031215590114394825,0.28407147030035657,0.4174770414829254,0.11411051638424397,0.9061632241932055,29.077874303298557,22.054629339475667,0.0,0.0
ES2003d,843,0.33268144726753235,0.21200289328893027,0.48969857891400653,0.08620017270247142,0.028974151549239952,0.09412008772293727,0.500350832939148,0.43344402809937793,3.3982759231629074,28.058846619065008,21.791795582590737,0.0,0.0
ES2003d,844,0.5928358832995096,0.2263897011677424,0.7130488952000936,0.3349081575870514,0.30238611871997517,0.6298068761825562,0.4362102548281352,0.8663565913836161,20.851466255490745,10.827406283918085,-16.428345775042988,0.0,0.0
ES2003d,845,0.47820042570432025,0.19283352295557657,0.6783836483955383,0.6602992216746012,0.6566194693247477,0.4171554346879323,0.4480595588684082,0.6154989004135132,37.8892683220796,7.539799178617962,-22.54284375690534,0.0,0.0
ES2003d,846,0.4320804178714752,0.18795812129974365,0.35493560632069904,0.15623249361912409,0.05500860015551249,0.3749628762404124,0.42536449432373047,0.8939622640609741,7.596250044316979,16.700900508676877,13.359586043769985,0.0,0.0
ES2003d,847,0.4708019594351451,0.22910615801811218,0.4149331549803416,0.08908247947692871,0.025433300683895748,0.1303762880464395,0.41698063413302106,0.84482741355896,7.134191909221759,23.91240201443645,25.24962286978401,0.0,0.0
ES2003d,848,0.4922613700230916,0.19390766819318137,0.30132975180943805,0.08541158835093181,0.02737484996517499,0.16916771729787192,0.34474711616834003,0.6576283077398936,7.038922901657339,24.48731971359631,24.783577095888045,0.0,0.0
ES2003d,849,0.0,0.0,0.0,0.0,0.0,0.0,0.0,0.0,0.0,0.0,0.0,0.0,0.0
ES2003d,850,0.0,0.0,0.0,0.0,0.0,0.0,0.0,0.0,0.0,0.0,0.0,0.0,0.0
ES2003d,851,0.0,0.0,0.0,0.0,0.0,0.0,0.0,0.0,0.0,0.0,0.0,0.0,0.0
ES2003d,852,0.0,0.0,0.0,0.0,0.0,0.0,0.0,0.0,0.0,0.0,0.0,0.0,0.0
ES2003d,853,0.36988763014475506,0.3112671474615733,0.33627771337827045,0.24640695254007974,0.17289978762467703,0.25312479337056476,0.3556937873363495,0.38186368346214294,13.007971353803137,6.896394492380978,-2.477024208398657,0.0,0.0
ES2003d,854,0.6014582514762878,0.3761700987815857,0.20914651453495026,0.17061823109785715,0.065927904099226,0.7313465476036072,0.5347928106784821,0.1924503774692615,13.113761078774372,-0.9002263749630318,-2.6165724413070244,0.0,0.0
ES2003d,855,0.2496296465396881,0.22286111116409302,0.19609721501668295,0.16086309651533762,0.10128518690665562,0.4224761923154195,0.352137158314387,0.11512563129266103,6.138273991021346,-1.0796717115599586,-3.1531026668129933,0.0,0.0
ES2003d,856,0.33490649859110516,0.2724404533704122,0.09492611140012741,0.16354272762934366,0.08371498063206673,0.3144877056280772,0.38487927118937176,0.04385561166175952,1.0286352465311452,7.405356844297372,-5.197714226370845,0.0,0.0
ES2003d,857,0.24101184805234274,0.16224136451880136,0.47556958595911664,0.052191369235515594,0.022668644785881042,0.27373917897542316,0.3153424660364787,0.02063882335399588,2.645502793604386,-0.07293358129258214,-1.406278746717157,0.0,0.0
ES2003d,858,0.16917995611826578,0.03209531803925832,0.19527777036031088,0.020677998661994934,0.0058317116151253385,0.11685659488042195,0.15749668081601462,0.27034632364908856,1.2808155537020587,0.6816667147884335,0.7494044923986167,0.0,0.0
ES2003d,859,0.0,0.0,0.0,0.0,0.0,0.0,0.0,0.0,0.0,0.0,0.0,0.0,0.0
ES2003d,860,0.0,0.0,0.0,0.0,0.0,0.0,0.0,0.0,0.0,0.0,0.0,0.0,0.0
ES2003d,861,0.0,0.0,0.0,0.0,0.0,0.0,0.0,0.0,0.0,0.0,0.0,0.0,0.0
ES2003d,862,0.0,0.0,0.0,0.0,0.0,0.0,0.0,0.0,0.0,0.0,0.0,0.0,0.0
ES2003d,863,0.0,0.0,0.0,0.0,0.0,0.0,0.0,0.0,0.0,0.0,0.0,0.0,0.0
ES2003d,864,0.0,0.0,0.0,0.0,0.0,0.0,0.0,0.0,0.0,0.0,0.0,0.0,0.0
ES2003d,865,0.48334836959838867,0.39359421531359357,0.24632834394772848,0.2191809117794037,0.154645803074042,0.42201943198839825,0.5853217641512553,0.04131041932851076,10.38813715244887,17.234719286112043,-17.195482444695198,0.0,0.0
ES2003d,866,0.5108228127161661,0.45673443873723346,0.17857076724370322,0.14157286286354065,0.07014817247788112,0.3188450038433075,0.4614811937014262,0.004839739917467038,4.3302242223428085,11.45810298341486,-8.185153301011091,0.0,0.0
ES2003d,867,0.23960447311401367,0.1858538587888082,0.07897374033927917,0.049197991689046226,0.05813125769297282,0.13839014371236166,0.17283429702123007,0.08519647518793742,1.7331987132426467,4.301371329661788,-3.5754907115207466,0.0,0.0
ES2003d,868,0.17555107673009238,0.10967541734377544,0.1643419861793518,0.12845450639724731,0.14710742235183716,0.20211712519327799,0.15683870514233908,0.22803004582722983,1.4428292016384325,1.0764919816115779,-11.727905363811324,0.0,0.0
ES2003d,869,0.30436740318934125,0.29953474799791974,0.29220255215962726,0.20838395257790884,0.24919268488883972,0.3401528298854828,0.30912991364796955,0.32437925847868126,-15.24324952217138,22.331122888857124,-24.299642309270734,0.0,0.0
ES2003d,870,0.0,0.0,0.0,0.0,0.0,0.0,0.0,0.0,0.0,0.0,0.0,0.0,0.0
ES2003d,871,0.0,0.0,0.0,0.0,0.0,0.0,0.0,0.0,0.0,0.0,0.0,0.0,0.0
ES2003d,872,0.0,0.0,0.0,0.0,0.0,0.0,0.0,0.0,0.0,0.0,0.0,0.0,0.0
ES2003d,873,0.0,0.0,0.0,0.0,0.0,0.0,0.0,0.0,0.0,0.0,0.0,0.0,0.0
ES2003d,874,0.0,0.0,0.0,0.0,0.0,0.0,0.0,0.0,0.0,0.0,0.0,0.0,0.0
ES2003d,875,0.0,0.0,0.0,0.0,0.0,0.0,0.0,0.0,0.0,0.0,0.0,0.0,0.0
ES2003d,876,0.0,0.0,0.0,0.0,0.0,0.0,0.0,0.0,0.0,0.0,0.0,0.0,0.0
ES2003d,877,0.0,0.0,0.0,0.0,0.0,0.0,0.0,0.0,0.0,0.0,0.0,0.0,0.0
ES2003d,878,0.0,0.0,0.0,0.0,0.0,0.0,0.0,0.0,0.0,0.0,0.0,0.0,0.0
ES2003d,879,0.0,0.0,0.0,0.0,0.0,0.0,0.0,0.0,0.0,0.0,0.0,0.0,0.0
ES2003d,880,0.0,0.0,0.0,0.0,0.0,0.0,0.0,0.0,0.0,0.0,0.0,0.0,0.0
ES2003d,881,0.0,0.0,0.0,0.0,0.0,0.0,0.0,0.0,0.0,0.0,0.0,0.0,0.0
ES2003d,882,0.4584142168362935,0.28910664717356366,0.39313775797684986,0.1356061448653539,0.04226741443077723,0.5748099982738495,0.45199132959047955,0.38112194774051505,0.6321565786949842,14.461952459476853,-19.948147904139184,0.0,0.0
ES2003d,883,0.5471564133961996,0.3846490681171417,0.1858470762769381,0.14707348744074503,0.06664666160941124,0.3769279321034749,0.43079375227292377,0.47056614235043526,2.011935574817265,14.788125214028932,-20.89749115872583,0.0,0.0
ES2003d,884,0.4994903802871704,0.2738648056983948,0.3407316853602727,0.1612472782532374,0.04583765690525373,0.6458196838696798,0.46643005808194477,0.45322666068871814,1.4231639540625018,16.02805909977873,-20.24936282266764,0.0,0.0
ES2003d,885,0.48879953225453693,0.21398052076498666,0.4802359640598297,0.15916292866071066,0.03788900872071584,0.6411823829015096,0.44159536560376483,0.7358508209387461,2.0122192401738457,15.608561553724007,-18.728340764729055,0.0,0.0
ES2003d,886,0.4927101532618205,0.3339581886927287,0.48422616720199585,0.16324563324451447,0.05544002105792364,0.739067276318868,0.44242873787879944,0.7342071533203125,2.0720574225561434,15.606471869760405,-18.17715247349611,0.0,0.0
ES2003d,887,0.46543679634730023,0.29205958048502606,0.6035659313201904,0.15184626479943594,0.03478363777200381,0.6790085434913635,0.4235770106315613,0.7008904914061228,2.7405214356361136,14.51273376354058,-17.88736246235815,0.0,0.0
ES2003d,888,0.4620610475540161,0.22925006846586862,0.58002769947052,0.15632758537928262,0.04947121441364288,0.6900272568066915,0.3915937940279643,0.8051039775212606,2.2101375907441763,14.320962765846561,-18.322374662048315,0.0,0.0
ES2003d,889,0.5404359002908071,0.27691782514254254,0.5083355804284414,0.10746314749121666,0.027547210454940796,0.5916565557320913,0.41667405764261883,0.7782423992951711,0.7729502196052734,18.75201192259332,-16.409973994602947,0.0,0.0
ES2003d,890,0.50397789478302,0.27914797763029736,0.6660444140434265,0.1033268744746844,0.021247581889232,0.6579973896344503,0.44099100430806476,0.9396713376045227,-0.4155998985849981,17.119298417363847,-13.758916649992235,0.0,0.0
ES2003d,891,0.5735985040664673,0.34352975090344745,0.48986364404360455,0.13842003047466278,0.039730921387672424,0.38576702773571014,0.4616578221321106,0.5309219285845757,0.3797118038517713,19.075465646999664,-17.828661322525665,0.0,0.0
ES2003d,892,0.6408951878547668,0.5096664428710938,0.5372663040955862,0.18563873569170633,0.05878106877207756,0.30100774268309277,0.47793838381767273,0.573435311516126,9.293869101166068,12.309661387002166,-19.41748342058116,0.0,0.0
ES2003d,893,0.6862316131591797,0.31319495538870495,0.5912467241287231,0.20123247057199478,0.026637570932507515,0.38257476687431335,0.38967742522557575,0.7278119723002116,10.265178220209558,5.910673434747149,-4.009968529717171,0.0,0.0
ES2003d,894,0.6319131453831991,0.39184314012527466,0.6417558391888937,0.18131568531195322,0.028378575419386227,0.4076550205548604,0.4010859529177348,0.523189514875412,9.16363579437449,8.554505178888114,-4.40586067674596,0.0,0.0
ES2003d,895,0.6106011271476746,0.34043434262275696,0.6893893877665201,0.22489004085461298,0.032866102953751884,0.5929766496022543,0.435489426056544,0.48506049315134686,6.010044765043735,7.339632398509565,-1.0648871533209217,0.0,0.0
ES2003d,896,0.6832945346832275,0.3686601420243581,0.557123214006424,0.11628933002551396,0.02978905166188876,0.6561448375384012,0.3863293528556824,0.2941886981328328,4.033950431403205,4.627130125761397,5.944258275116515,0.0,0.0
ES2003d,897,0.7180736462275187,0.390813410282135,0.49198077122370404,0.14342278242111206,0.028725439061721165,0.5117301940917969,0.44008295734723407,0.2823680602014065,4.858716179856553,6.617049882730775,3.531135746110925,0.0,0.0
ES2003d,898,0.7024073203404745,0.3125724494457245,0.6045965949694315,0.18305765589078268,0.031358759850263596,0.553643544514974,0.3598892589410146,0.7173497676849365,6.227290096174865,8.648210798133134,1.001829860544346,0.0,0.0
ES2003d,899,0.7355247735977173,0.38254202405611676,0.5495373407999674,0.16743355492750803,0.02386784739792347,0.5245526631673177,0.36981965104738873,0.7903849085172018,3.3802060882713487,7.686203681027272,0.7656648396523343,0.0,0.0
ES2003d,900,0.6806309620539347,0.38510120908419293,0.6726153989632925,0.14662548651297888,0.020454733322064083,0.4465352197488149,0.4169076283772786,0.7030668457349142,3.991205840910786,7.5010633270234495,0.42471318778184264,0.0,0.0
ES2003d,901,0.6765461166699728,0.3196632166703542,0.7266238530476888,0.14366161823272705,0.024694938212633133,0.4424067437648773,0.40711220105489093,0.7145684858163198,5.484438623879409,7.838721844319051,0.4311050292095728,0.0,0.0
ES2003d,902,0.6877493361632029,0.5125620265801748,0.35998644431432086,0.08651255319515865,0.03641366958618164,0.6244135995705923,0.47787238160769147,0.3448529814680417,6.749181440644236,-1.6870571771835454,1.1905910255506533,0.0,0.0
ES2003d,903,0.7851085066795349,0.6842679778734843,0.1649609555800756,0.04950616260369619,0.03115432399014632,0.5221344232559204,0.49027857184410095,0.8106969396273295,5.713213967113202,2.5774804932328226,7.820335283888871,0.0,0.0
ES2003d,904,0.7711246808369955,0.5962586005528768,0.12105843176444371,0.048185210675001144,0.02983938716351986,0.5348718464374542,0.47195573647816974,0.9364907344182333,5.195274920502837,0.26849509487460105,8.248480823724213,0.0,0.0
ES2003d,905,0.6850268244743347,0.560480127731959,0.20866551995277405,0.05026523396372795,0.02192345882455508,0.45988471309343976,0.4011530776818593,0.9726406335830688,3.5865426852856195,-1.0998904208518236,9.28061012663518,0.0,0.0
ES2003d,906,0.797140638033549,0.65305495262146,0.23157528539498648,0.04604668418566386,0.024983993420998257,0.3508838613828023,0.4520236651102702,0.9732698599497477,5.856858163974419,0.333331061300009,10.327213855450735,0.0,0.0
ES2003d,907,0.7304385900497437,0.47675129771232605,0.1758441130320231,0.05503234639763832,0.024412899588545162,0.31662310163180035,0.4131140410900116,0.6618387599786123,5.799956596816231,-1.2757228965055158,9.1498779246401,0.0,0.0
ES2003d,908,0.7309137980143229,0.49954554438591003,0.14809375753005347,0.0466451495885849,0.028990258773167927,0.47425777713457745,0.47101608912150067,0.7027342915534973,5.991505531962614,-4.015440241331597,9.019114048797368,0.0,0.0
ES2003d,909,0.7519087990125021,0.4748163123925527,0.16475921124219894,0.049533446629842125,0.022952973221739132,0.4034983615080516,0.38524869084358215,0.8991845846176147,7.058473502990562,-1.5121148247473313,8.205092791201297,0.0,0.0
ES2003d,910,0.7674194574356079,0.6576067805290222,0.19021139045556387,0.055094645669062935,0.037158443282047905,0.21865378816922507,0.4835575222969055,0.9524235725402832,7.842826423170041,0.5122954921893245,8.318271832987794,0.0,0.0
ES2003d,911,0.7959271669387817,0.6018251379330953,0.22301831344763437,0.04680453737576803,0.026630985861023266,0.2597717344760895,0.45069145162900287,0.837956170241038,7.744412727198444,0.785739718967136,8.759590395121647,0.0,0.0
ES2003d,912,0.736750602722168,0.6040597359339396,0.16505934298038483,0.04608262081940969,0.033780261874198914,0.2828229069709778,0.5045540432135264,0.9067581494649252,7.81741358344826,0.777240821565374,9.369637631330804,0.0,0.0
ES2003d,913,0.7923185427983602,0.6611552238464355,0.18771360317866007,0.0549466647207737,0.03071577784915765,0.39332757393519086,0.49552496274312335,0.8495671153068542,7.2242594312626105,-0.15933536017854613,9.168678692093179,0.0,0.0
ES2003d,914,0.7609515388806661,0.6228855152924856,0.2225993275642395,0.05476512387394905,0.032573105146487556,0.47245081265767414,0.46411407987276715,0.8252436717351278,7.1450340557172725,-0.5460881747760659,9.244892019832825,0.0,0.0
ES2003d,915,0.7699354290962219,0.6194202502568563,0.1347200721502304,0.04894237965345383,0.02990875206887722,0.3435098926226298,0.43229058384895325,0.9699384172757467,7.450338723071579,-0.7357019942119535,8.83055426553673,0.0,0.0
ES2003d,916,0.7115421692530314,0.48674018681049347,0.3761326273282369,0.13541022191445032,0.1586143597960472,0.6495658457279205,0.5975084900856018,0.21141748254497847,2.577912196930391,16.650697330482874,-9.054360656104373,0.0,0.0
ES2003d,917,0.7109783490498861,0.5965393781661987,0.5023482143878937,0.18893219033877054,0.10445503145456314,0.6325249274571737,0.5907938977082571,0.18980541080236435,3.239208591049252,10.303527522844442,-15.48087848561346,0.0,0.0
ES2003d,918,0.6648960709571838,0.6319561004638672,0.40942251185576123,0.19903108477592468,0.13284275929133096,0.49636192123095196,0.4866621692975362,0.07004005151490371,3.7019521528426274,11.739660581695084,-15.94067420610862,0.0,0.0
ES2003d,919,0.6657507022221884,0.7109374403953552,0.3630927999814351,0.16069875160853067,0.07962814966837566,0.6443722049395243,0.570981373389562,0.04938000642384092,3.9836406389016386,10.16487371265741,-16.45306978358806,0.0,0.0
ES2003d,920,0.6747710307439169,0.5774833261966705,0.5168009648720423,0.14938680827617645,0.046709238241116204,0.42208053668340045,0.4910212258497874,0.24758263056476912,3.6481203765864976,12.276145293450538,-15.484598857670449,0.0,0.0
ES2003d,921,0.7743690013885498,0.5167583425839742,0.5022724568843842,0.1376787076393763,0.03743758052587509,0.5482466121514639,0.5952366987864176,0.3568645765384038,3.0286406394219125,11.351448795203671,-15.619060574236187,0.0,0.0
ES2003d,922,0.6944348613421122,0.5373031000296274,0.45052391787370044,0.23019209007422128,0.12279040863116582,0.6132577061653137,0.6015224655469259,0.7236615518728892,4.318183467176094,10.16778769810029,-17.485438937789187,0.0,0.0
ES2003d,923,0.6528166929880778,0.5694280862808228,0.19791229565938315,0.27863313754399616,0.309145987033844,0.4779041310151418,0.5484306613604227,0.18802569806575775,3.860339461539713,15.1969999325708,-21.511700948919525,0.0,0.0
ES2003d,924,0.6412963271141052,0.4047304342190425,0.49881963928540546,0.1800654704372088,0.10925812522570293,0.3987851043542226,0.5175145268440247,0.621956467628479,5.030789509124854,36.50138650164251,-8.056088299125419,0.0,0.0
ES2003d,925,0.6842148900032043,0.47110170125961304,0.36942621568838757,0.17747254172960916,0.13110199570655823,0.43599822123845416,0.5293613970279694,0.194664736588796,5.620044214342937,25.451511926852433,-6.147523208829342,0.0,0.0
ES2003d,926,0.6815311312675476,0.5767301718393961,0.399445836742719,0.24689646065235138,0.14711356411377588,0.563486784696579,0.5349621574083964,0.02472146414220333,4.5994471261089105,14.476057628790157,-10.065494201582878,0.0,0.0
ES2003d,927,0.6498785416285197,0.5554324189821879,0.3714997222026189,0.25851429005463916,0.15339449544747671,0.5801685849825541,0.5343366066614786,0.13879265527551374,5.739965576146168,17.08286211974331,-8.659601142817051,0.0,0.0
ES2003d,928,0.7348140676816305,0.6133594314257304,0.36003995190064114,0.3037965844074885,0.2940279245376587,0.5191585222880045,0.5164120594660441,0.39015234013398487,2.5979806409697703,11.92949881498022,-12.072401606971399,0.0,0.0
ES2003d,929,0.7508830428123474,0.5634243488311768,0.42908382912476856,0.21734751760959625,0.20060402899980545,0.3290676375230153,0.48005156715710956,0.39603562156359357,2.2258628862094234,13.235160900136101,-14.258677536494927,0.0,0.0
ES2003d,930,0.7349567214647929,0.47313498457272846,0.45457399388154346,0.16413667798042297,0.06665814916292827,0.6989584962526957,0.45932794610659283,0.1266285553574562,3.711057713944562,15.011617163400773,-13.648329514819546,0.0,0.0
ES2003d,931,0.713831901550293,0.49322999517122906,0.40766064325968426,0.16429392993450165,0.06681998322407405,0.5850912928581238,0.43398494521776837,0.14951545496781668,4.1852714095181325,14.926066653492294,-13.906556638609464,0.0,0.0
ES2003d,932,0.7052717208862305,0.45746223131815594,0.5775667528311411,0.14533595740795135,0.06086926658948263,0.6744046012560526,0.512351413567861,0.19027608633041382,3.991519639615136,30.132532107702534,-7.678372859759062,0.0,0.0
ES2003d,933,0.5987788041432699,0.36280768116315204,0.3250179886817932,0.23052060107390085,0.16484079758326212,0.35642652710278827,0.39938393235206604,0.5741926034291586,5.804867252581928,30.44611089595126,-6.238823237001189,0.0,0.0
ES2003d,934,0.6595883369445801,0.45458996295928955,0.32259896397590637,0.15483969449996948,0.10618054866790771,0.34471620122591656,0.4345821936925252,0.270873320599397,3.6068817897817405,26.040226248790557,-8.86850622181239,0.0,0.0
ES2003d,935,0.6718036731084188,0.38021478056907654,0.3219753901163737,0.16575569907824197,0.05459275096654892,0.32142631709575653,0.3891705473264058,0.025372271115581196,2.7395214411327076,21.392560456358467,-12.24708235869012,0.0,0.0
ES2003d,936,0.6688759525616964,0.39357683062553406,0.3866085708141327,0.20339584847291312,0.07184226314226787,0.394298995534579,0.4459918240706126,0.04859000273669759,3.2143284611395715,23.27571606796747,-11.817079511700266,0.0,0.0
ES2003d,937,0.7086953123410543,0.38319845000902814,0.30139001210530597,0.1510563244422277,0.08380293846130371,0.21484996875127158,0.44593381881713867,0.03021293335283796,4.706316362178305,24.6057285052885,-11.71794466310248,0.0,0.0
ES2003d,938,0.673147996266683,0.43851377566655475,0.20439258962869644,0.1584846576054891,0.09983587265014648,0.35317186017831165,0.4309870998064677,0.03225479771693548,5.2049860565092105,23.398945970738904,-11.082564106541922,0.0,0.0
ES2003d,939,0.6659160653750101,0.4232234259446462,0.27635254462560016,0.15894546111424765,0.06686563168962796,0.4917740027109782,0.44230741262435913,0.04646278110643228,3.5609771011445077,21.75935470979276,-11.833923591829572,0.0,0.0
ES2003d,940,0.7026076515515646,0.5735858281453451,0.37092456221580505,0.15917369226614633,0.06466944143176079,0.4797492225964864,0.49804698427518207,0.017984246214230854,2.9567411332397846,20.051385623822735,-11.899891248290418,0.0,0.0
ES2003d,941,0.6704408526420593,0.3873211642106374,0.3078952431678772,0.15918338298797607,0.0988205224275589,0.342587485909462,0.44220292568206787,0.057699537525574364,6.266722829678038,22.97476562705531,-10.528829473429111,0.0,0.0
ES2003d,942,0.49461784958839417,0.31134070952733356,0.4333914617697398,0.053289975970983505,0.022505819487075012,0.32364356021086377,0.37911875049273175,0.5335774620374044,-7.138471728467955,-10.250357596810828,-9.819849677602503,0.0,0.0
ES2003d,943,0.2609899838765462,0.19240870078404745,0.30311458309491474,0.03324271490176519,0.013239110509554545,0.17116644978523254,0.2942689855893453,0.49321303764979046,-5.4945489131212994,-7.639774760143567,-6.981134660758527,0.0,0.0
ES2003d,944,0.42956335345904034,0.14228100577990213,0.6468631029129028,0.6802323857943217,0.3259163796901703,0.4021602123975754,0.3380748430887858,0.9921110272407532,-5.057636502208369,10.28384508079405,-19.529445863016196,0.0,0.0
ES2003d,945,0.4479536215464274,0.22326187789440155,0.5937382280826569,0.6802002787590027,0.39191434780756634,0.4601539472738902,0.39850961168607074,0.9969576001167297,3.478025751571581,8.147003432641442,-23.483150740085787,0.0,0.0
ES2003d,946,0.4645625352859497,0.24975097179412842,0.6187171141306559,0.4802472194035848,0.1896608384946982,0.5635172128677368,0.4639507432778676,0.9334455132484436,0.2831263763436206,10.062143194058976,-25.67445899597152,0.0,0.0
ES2003d,947,0.5147093534469604,0.23339620729287466,0.7080288529396057,0.33873026072978973,0.05225502451260885,0.5305241247018179,0.4385857979456584,0.8856802185376486,2.012200717397801,9.209799278928486,-24.447732542897608,0.0,0.0
ES2003d,948,0.5085095763206482,0.2984119951725006,0.6015589833259583,0.3059033155441284,0.03769271324078242,0.7913758953412374,0.45048149426778156,0.6904194951057434,4.673824502059898,10.493825657164221,-25.142308628684987,0.0,0.0
ES2003d,949,0.5225144525369009,0.25687701006730396,0.5934262673060099,0.26352080206076306,0.02953480804959933,0.7232076327006022,0.3734785815080007,0.6884716550509135,5.209462398384389,10.090573230965296,-25.619748066143874,0.0,0.0
ES2003d,950,0.5193374852339426,0.27531397342681885,0.573330303033193,0.2787239154179891,0.037278990571697555,0.7024019757906595,0.4546937743822734,0.6384318868319193,5.177962127471349,10.61113000133384,-25.532945668607024,0.0,0.0
ES2003d,951,0.4505271514256795,0.3068818350632985,0.6587851444880167,0.32130439082781476,0.04033762961626053,0.6645395755767822,0.39397531747817993,0.40246109416087467,4.5966992428118685,10.58766431362704,-26.140610490857625,0.0,0.0
ES2003d,952,0.4794403711954753,0.28326097627480823,0.5512916247049967,0.2786981761455536,0.04497910290956497,0.6214283307393392,0.47547170519828796,0.31664221237103146,2.993083429401354,11.632873030786016,-26.46943767758064,0.0,0.0
ES2003d,953,0.44495247801144916,0.2530607283115387,0.5768430531024933,0.26334481438000995,0.048174126694599785,0.5090178002913793,0.4205077886581421,0.7612882852554321,1.8406957902388512,11.174350395999452,-25.35569894609912,0.0,0.0
ES2003d,954,0.4696970780690511,0.32449445128440857,0.5186958412329356,0.2930682301521301,0.05186563481887182,0.6024207472801208,0.417990763982137,0.8794451951980591,2.281845893832072,11.071669281444487,-24.268653584222616,0.0,0.0
ES2003d,955,0.3694602648417155,0.32797964413960773,0.5833977063496908,0.2901489684979121,0.050800569355487823,0.5837917725245158,0.3988825778166453,0.7535097996393839,1.5389315999038218,11.708782238103964,-23.66869862293513,0.0,0.0
ES2003d,956,0.5026958187421163,0.26390132308006287,0.5080236891905466,0.2667642782131831,0.07265135894219081,0.49217747648557025,0.42737504839897156,0.6347195108731588,2.232078848862154,12.119675376057659,-24.739120505204767,0.0,0.0
ES2003d,957,0.4597942630449931,0.27112404505411786,0.5515101353327433,0.2827586929003398,0.05096620321273804,0.568798671166102,0.4171022872130076,0.6398460070292155,1.4627885518864687,12.288455912563242,-25.706240409019955,0.0,0.0
ES2003d,958,0.43699849645296734,0.2810931255420049,0.5036165515581766,0.2950647274653117,0.04783049474159876,0.47949692606925964,0.4453635613123576,0.7711815237998962,1.636680951307854,12.259656961992656,-25.701875450072833,0.0,0.0
ES2003d,959,0.40814412633577984,0.2565576732158661,0.4968705475330353,0.2602721353371938,0.045448205123345055,0.680527796347936,0.42031829555829364,0.7671651641527811,2.962233390236411,11.686134970589967,-24.92698227640268,0.0,0.0
ES2003d,960,0.3957173724969228,0.2714439531167348,0.5155185659726461,0.25039804975191754,0.0390017901857694,0.6877454320589701,0.4808250566323598,0.5482786397139231,2.370401110481613,11.57060914393976,-24.676545273528614,0.0,0.0
ES2003d,961,0.34957385063171387,0.2671789079904556,0.5258299509684244,0.2685996393362681,0.0415045985331138,0.6409614086151123,0.45003775755564374,0.8390513261159261,3.048151722446249,11.934584106132982,-24.43227075010455,0.0,0.0
ES2003d,962,0.439336230357488,0.3033970892429352,0.5320934553941091,0.2563064893086751,0.04636249194542567,0.5864733954270681,0.4080761472384135,0.7531059185663859,1.8002919960591734,12.969279751569934,-24.77043483784658,0.0,0.0
ES2003d,963,0.8504353562990824,0.7820986111958822,0.20860671500364938,0.04403951515754064,0.028555985540151596,0.2158010651667913,0.5201602876186371,0.48439549282193184,7.985871673130819,2.9691998183543213,-2.3105254344876367,0.0,0.0
ES2003d,964,0.7037809093793234,0.6644533475240072,0.28006474177042645,0.04470401008923849,0.02312606821457545,0.1868753582239151,0.49854356050491333,0.2514420300722122,6.71527362298814,2.9582185901180673,0.7853310963883681,0.0,0.0
ES2003d,965,0.8293445110321045,0.6817949414253235,0.26952534914016724,0.04082402586936951,0.01452902394036452,0.2837714155515035,0.4957377016544342,0.46296889583269757,7.958563341743333,1.8106785005466994,3.0566053343046415,0.0,0.0
ES2003d,966,0.772560179233551,0.77201380332311,0.43277918299039203,0.04467899352312088,0.01618808104346196,0.1457732915878296,0.5160699983437856,0.5227656563123068,8.481754180215718,3.4086631675639794,6.187121355650393,0.0,0.0
ES2003d,967,0.8198357820510864,0.7289671897888184,0.2081241806348165,0.04192108536760012,0.014023983230193457,0.1620404769976934,0.4408908387025197,0.3808583815892537,8.942450729436578,4.484675440965707,9.066996280032347,0.0,0.0
ES2003d,968,0.7912613948186239,0.6856838266054789,0.17816445728143057,0.047260222335656486,0.020598996430635452,0.3677729318539302,0.4474009573459625,0.5000621974468231,9.912164023948641,7.410566296654538,10.992848944841777,0.0,0.0
ES2003d,969,0.8407061298688253,0.6527536312739054,0.22413049638271332,0.04761817927161852,0.018957469301919144,0.298301840821902,0.3920421501000722,0.4570676436026891,10.486872515884459,8.932438187521912,13.640742721547303,0.0,0.0
ES2003d,970,0.8040807247161865,0.6764643589655558,0.2060287445783615,0.07882283379634221,0.02628004364669323,0.3253781000773112,0.4810437659422557,0.19250716641545296,10.235837502777038,10.10889978349399,14.93129023083825,0.0,0.0
ES2003d,971,0.5734095573425293,0.29010912279287976,0.6493867933750153,0.1753316173950831,0.02205679938197136,0.7826265891393026,0.4804500738779704,0.7546870609124502,-4.090428513321839,18.76371059512138,-20.789097427898977,0.0,0.0
ES2003d,972,0.5489037930965424,0.2967552989721298,0.5325033068656921,0.16807115574677786,0.018935113524397213,0.6440547704696655,0.4724252720673879,0.7145596742630005,-4.203308858657553,17.758594552847516,-20.426795094661756,0.0,0.0
ES2003d,973,0.5384307901064554,0.29004807273546857,0.5563711126645406,0.17671014865239462,0.018430281430482864,0.791614294052124,0.49529768029848736,0.655320922533671,-3.242580315576196,18.114070238059764,-20.36640121918034,0.0,0.0
ES2003d,974,0.5190593004226685,0.23106889923413595,0.5992536544799805,0.18150567511717478,0.01917386179169019,0.728983203570048,0.5004814863204956,0.7318640053272247,-2.897192357521168,18.558562239686637,-20.164673592385768,0.0,0.0
ES2003d,975,0.5283218622207642,0.2654497077067693,0.45109737912813824,0.137123242020607,0.018030500660339992,0.675667405128479,0.487649530172348,0.4416872002184391,-6.151134691355884,17.008873758548987,-19.37446222987742,0.0,0.0
ES2003d,976,0.24905421336491904,0.21888530254364014,0.10182342926661174,0.015353113412857056,0.009474335859219233,0.22029197216033936,0.16273507475852966,0.2753767967224121,3.1434326872586813,-0.8084401350811793,-0.21280302197261536,0.0,0.0
ES2003d,977,0.0,0.0,0.0,0.0,0.0,0.0,0.0,0.0,0.0,0.0,0.0,0.0,0.0
ES2003d,978,0.0,0.0,0.0,0.0,0.0,0.0,0.0,0.0,0.0,0.0,0.0,0.0,0.0
ES2003d,979,0.0,0.0,0.0,0.0,0.0,0.0,0.0,0.0,0.0,0.0,0.0,0.0,0.0
ES2003d,980,0.0,0.0,0.0,0.0,0.0,0.0,0.0,0.0,0.0,0.0,0.0,0.0,0.0
ES2003d,981,0.0,0.0,0.0,0.0,0.0,0.0,0.0,0.0,0.0,0.0,0.0,0.0,0.0
ES2003d,982,0.0,0.0,0.0,0.0,0.0,0.0,0.0,0.0,0.0,0.0,0.0,0.0,0.0
ES2003d,983,0.0,0.0,0.0,0.0,0.0,0.0,0.0,0.0,0.0,0.0,0.0,0.0,0.0
ES2003d,984,0.0,0.0,0.0,0.0,0.0,0.0,0.0,0.0,0.0,0.0,0.0,0.0,0.0
ES2003d,985,0.0,0.0,0.0,0.0,0.0,0.0,0.0,0.0,0.0,0.0,0.0,0.0,0.0
ES2003d,986,0.0,0.0,0.0,0.0,0.0,0.0,0.0,0.0,0.0,0.0,0.0,0.0,0.0
ES2003d,987,0.0,0.0,0.0,0.0,0.0,0.0,0.0,0.0,0.0,0.0,0.0,0.0,0.0
ES2003d,988,0.0,0.0,0.0,0.0,0.0,0.0,0.0,0.0,0.0,0.0,0.0,0.0,0.0
ES2003d,989,0.0,0.0,0.0,0.0,0.0,0.0,0.0,0.0,0.0,0.0,0.0,0.0,0.0
ES2003d,990,0.0,0.0,0.0,0.0,0.0,0.0,0.0,0.0,0.0,0.0,0.0,0.0,0.0
ES2003d,991,0.0,0.0,0.0,0.0,0.0,0.0,0.0,0.0,0.0,0.0,0.0,0.0,0.0
ES2003d,992,0.0,0.0,0.0,0.0,0.0,0.0,0.0,0.0,0.0,0.0,0.0,0.0,0.0
ES2003d,993,0.0,0.0,0.0,0.0,0.0,0.0,0.0,0.0,0.0,0.0,0.0,0.0,0.0
ES2003d,994,0.3439325491587321,0.32095085581143695,0.31383567055066425,0.03922937189539274,0.022247356673081715,0.3195890088876088,0.2082176903883616,0.030331910277406376,3.455200801652451,-11.75679785277594,-0.15084513571320493,0.0,0.0
ES2003d,995,0.3500690261522929,0.3266827166080475,0.2669968108336131,0.05174119025468826,0.017747485389312107,0.3627467056115468,0.286966214577357,0.04229741853972276,3.9925090416663394,-12.107680474378965,1.633931775299547,0.0,0.0
ES2003d,996,0.0,0.0,0.0,0.0,0.0,0.0,0.0,0.0,0.0,0.0,0.0,0.0,0.0
ES2003d,997,0.20022408167521158,0.13183432817459106,0.20995992422103882,0.03869471947352091,0.018879002581040066,0.19300580024719238,0.14008845885594687,0.0871851642926534,3.216007872231598,-6.786160177811051,-0.8334594737086669,0.0,0.0
ES2003d,998,0.39933600028355914,0.323300580183665,0.2649838427702586,0.059500316778818764,0.031452253460884094,0.22837152083714804,0.2595577538013458,0.15099011113246283,4.030543213745493,-7.253712325067461,1.7729246730034565,0.0,0.0
ES2003d,999,0.6211554805437723,0.4715782403945923,0.45727094014485675,0.09337950497865677,0.06448350350062053,0.4918009042739868,0.3976588745911916,0.5738048056761423,3.7742172625057937,-4.151873331566959,2.2125592400899183,0.0,0.0
ES2003d,1000,0.4546494682629903,0.4470423261324565,0.45562482873598736,0.10225330044825871,0.06678534050782521,0.3909505407015483,0.4411514699459076,0.5932046708961328,-2.0240966032236387,-5.876132321409454,-1.8202871314599276,0.0,0.0
ES2003d,1001,0.47157446543375653,0.37586812178293866,0.35352911551793414,0.09279679507017136,0.03667701284090678,0.6644965410232544,0.3955859939257304,0.3630101288824032,0.8359716448579935,-13.72645971080901,-0.8574510116534858,0.0,0.0
ES2003d,1002,0.4929340084393819,0.35758385558923084,0.31049102544784546,0.09067265689373016,0.0610401506225268,0.5412415862083435,0.39664092659950256,0.36839689997335273,4.214669899101989,-8.422308072927462,3.4047149979378992,0.0,0.0
ES2003d,1003,0.5046696265538534,0.38505218426386517,0.4446088969707489,0.08499412859479587,0.05851777829229832,0.3871695101261139,0.3674357334772746,0.6134760330120722,3.3020589888613547,-8.437345663760096,2.225793505476392,0.0,0.0
ES2003d,1004,0.5112249255180359,0.3187155028184255,0.5011134743690491,0.061071825524171196,0.025892068942387898,0.2361107418934504,0.4070361057917277,0.6440576910972595,2.2915173247266822,-12.34210081405943,3.2436522488618222,0.0,0.0
ES2003d,1005,0.33298412958780926,0.2706610858440399,0.14810756593942642,0.03886857504645983,0.012306791419784227,0.20638344685236612,0.3278278609116872,0.06198158177236716,3.3249081273501946,16.73779636203714,-2.9899463904059083,0.0,0.0
ES2003d,1006,0.49104853471120197,0.36057764291763306,0.1859115014473597,0.05610708147287369,0.019346322243412335,0.30056459208329517,0.5346360802650452,0.5830486913522085,9.91910725111216,22.21119418843928,0.28554667508353626,0.0,0.0
ES2003d,1007,0.4077514410018921,0.33866289258003235,0.09478493531545003,0.060979182521502175,0.03648099862039089,0.2668009003003438,0.350219190120697,0.4699101646741231,6.892171469327079,16.09167156307046,-4.022386477645661,0.0,0.0
ES2003d,1008,0.0,0.0,0.0,0.0,0.0,0.0,0.0,0.0,0.0,0.0,0.0,0.0,0.0
ES2003d,1009,0.19878357648849487,0.10584858059883118,0.06848528484503429,0.04007403552532196,0.01854339987039566,0.10904938975969951,0.15909122427304587,0.17885822057724,2.897877203398442,7.871982173520018,-0.9533616870928583,0.0,0.0
ES2003d,1010,0.0,0.0,0.0,0.0,0.0,0.0,0.0,0.0,0.0,0.0,0.0,0.0,0.0
ES2003d,1011,0.0,0.0,0.0,0.0,0.0,0.0,0.0,0.0,0.0,0.0,0.0,0.0,0.0
ES2003d,1012,0.0,0.0,0.0,0.0,0.0,0.0,0.0,0.0,0.0,0.0,0.0,0.0,0.0
ES2003d,1013,0.23028504848480225,0.17209372917811075,0.12515424688657126,0.035745322704315186,0.029695371786753338,0.14366578062375387,0.167534073193868,0.09325399001439412,3.5483612533294777,9.009389601054291,-3.1952659500181224,0.0,0.0
ES2003d,1014,0.2274569869041443,0.1325916846593221,0.12176888187726338,0.031006922324498493,0.012621396531661352,0.17342658837636313,0.17124956846237183,0.018633012970288593,4.653087322228941,9.108034939735317,-4.040146014487884,0.0,0.0
ES2003d,1015,0.698827882607778,0.5596477190653483,0.24053101241588593,0.08546647429466248,0.039579749728242554,0.3113792488972346,0.4602259000142415,0.2609658402701219,6.700206623115968,26.65707965032837,-2.6784138959109822,0.0,0.0
ES2003d,1016,0.33406923214594525,0.17210222283999124,0.247516800959905,0.04105083147684733,0.016345844293634098,0.4114644726117452,0.2842432459195455,0.194662315150102,-1.5948373058938365,-11.866541688670175,5.8671738106480475,0.0,0.0
ES2003d,1017,0.5785189270973206,0.21964748203754425,0.3942902982234955,0.06248942017555237,0.026926637937625248,0.6390678286552429,0.3837944765885671,0.20794972653190294,-3.080164827827591,-17.92181259183458,8.771778338098784,0.0,0.0
ES2003d,1018,0.5577383836110433,0.2780647824207942,0.37823784351348877,0.07637854168812434,0.023966705426573753,0.5905317664146423,0.42518267035484314,0.2970573740700881,0.7424046409276052,-18.841891150668882,8.429972201444516,0.0,0.0
ES2003d,1019,0.15586518247922262,0.08451491594314575,0.1877000331878662,0.040683940052986145,0.011375654488801956,0.0748426119486491,0.17886598904927573,0.13911749919255575,0.5777681698591002,-3.6652440849968237,2.059685563930279,0.0,0.0
ES2003d,1020,0.5192973216374716,0.2715444167455037,0.6045130789279938,0.09628550956646602,0.02808310215671857,0.16355680922667185,0.41030004620552063,0.26022127736359835,-3.2149428330728753,-17.60658663142897,6.999055446725772,0.0,0.0
ES2003d,1021,0.5117867887020111,0.31353206435839337,0.4126909673213959,0.09844145427147548,0.030542817587653797,0.1666740377744039,0.41962775588035583,0.15848733143260083,-6.321220774107392,-17.25414871202373,7.79298026369231,0.0,0.0
ES2003d,1022,0.5133587419986725,0.27451764543851215,0.5925464431444804,0.0663036120434602,0.028476281712452572,0.39729806284109753,0.4562920033931732,0.06688087185223897,-5.9232375148439615,-16.635466969588478,7.581500984040569,0.0,0.0
ES2003d,1023,0.5640967885653178,0.2966942936182022,0.7541218400001526,0.0894621213277181,0.026906175538897514,0.24348020553588867,0.4087308545907338,0.0702989287674427,-5.120410578446684,-18.31123467333869,7.714450409921807,0.0,0.0
ES2003d,1024,0.5472511251767477,0.3442369302113851,0.6237409512201945,0.07119907438755035,0.02035780002673467,0.3162099967400233,0.41140984495480853,0.06864901290585597,-4.284241569601384,-17.234008808322013,7.430003501992189,0.0,0.0
ES2003d,1025,0.4845837354660034,0.3726792136828105,0.44261276721954346,0.0886605295042197,0.0284907054156065,0.23673567175865173,0.3477132519086202,0.28409539101024467,-4.941141418503121,-17.455962094237112,7.5174675556470225,0.0,0.0
ES2003d,1026,0.5289325813452402,0.3088604559501012,0.3494224001963933,0.06458593159914017,0.02407318912446499,0.38628193736076355,0.3827461302280426,0.05658699944615364,-2.6048798526539034,-19.063637103682186,7.368250624941754,0.0,0.0
ES2003d,1027,0.5709639191627502,0.41700153549512226,0.49617908398310345,0.07950386156638463,0.03432626836001873,0.2810248260696729,0.42250000437100727,0.22592480729023615,1.4884294539693848,-14.639357278847784,5.1609385369532115,0.0,0.0
ES2003d,1028,0.3801749348640442,0.18925046920776367,0.1999605099360148,0.046858951449394226,0.013896613692243895,0.3129294216632843,0.26781395077705383,0.06594856083393097,-3.695053404882557,-9.596873903092076,3.215203792803982,0.0,0.0
ES2003d,1029,0.35398731629053753,0.34112728635470074,0.19008650382359824,0.047115862369537354,0.015384286642074585,0.30533764759699505,0.25023869673411053,0.10146659861008327,4.501507531592487,-8.414604778387682,0.4450337317123096,0.0,0.0
ES2003d,1030,0.17097721497217813,0.0982214907805125,0.1967741052309672,0.01797689621647199,0.008103327825665474,0.24902991453806558,0.13575256864229837,0.1205480694770813,1.021539285252752,-4.924719136779011,1.9081439126242576,0.0,0.0
ES2003d,1031,0.40628015995025635,0.28775689999262494,0.3581606348355611,0.0682288333773613,0.028190044065316517,0.35698950787385303,0.2992382347583771,0.11823377509911855,2.305845364799595,-10.234986156809962,3.884754971958211,0.0,0.0
ES2003d,1032,0.0,0.0,0.0,0.0,0.0,0.0,0.0,0.0,0.0,0.0,0.0,0.0,0.0
ES2003d,1033,0.0,0.0,0.0,0.0,0.0,0.0,0.0,0.0,0.0,0.0,0.0,0.0,0.0
ES2003d,1034,0.0,0.0,0.0,0.0,0.0,0.0,0.0,0.0,0.0,0.0,0.0,0.0,0.0
ES2003d,1035,0.16698662439982095,0.16439264019330344,0.037223478158315025,0.09441206852595012,0.07879960536956787,0.19086458285649618,0.20498567819595337,0.17511089642842612,8.954505713466256,2.01774863868785,1.2230777718907322,0.0,0.0
ES2003d,1036,0.6397927403450012,0.5079354047775269,0.2808990428845088,0.14701011528571448,0.1780512755115827,0.43173681696256,0.5281173388163248,0.7316464980443319,9.614618975433023,2.930811494042493,-4.116753081258154,0.0,0.0
ES2003d,1037,0.5919025441010793,0.3617311914761861,0.3516932427883148,0.13056474179029465,0.06519560143351555,0.4432590802510579,0.612278163433075,0.3222642174611489,9.761493509053844,-1.3252463799032324,-5.047415334667534,0.0,0.0
ES2003d,1038,0.37054989735285443,0.3799984057744344,0.2937917759021123,0.2592858423789342,0.20615381499131522,0.2338306407133738,0.32647109031677246,0.608296791712443,4.392731744180774,-1.5959901604123976,-4.348557284874478,0.0,0.0
ES2003d,1039,0.39342276255289715,0.2613094051678975,0.3962303698062897,0.32729392250378925,0.36632957061131793,0.2739345133304596,0.25818975766499835,0.6483508348464966,9.778323636034566,7.5185782027702786,-4.308829264446384,0.0,0.0
ES2003d,1040,0.3699614802996318,0.21654687325159708,0.11474375426769257,0.39129912853240967,0.3677756388982137,0.20244555672009787,0.14667576551437378,0.6611260771751404,3.662206118700521,11.543810720409732,-0.7759697056456952,0.0,0.0
ES2003d,1041,0.39585159222284955,0.33533908923467,0.253702312707901,0.08577099690834682,0.06596551835536957,0.4267207384109497,0.34613001346588135,0.09541596472263336,3.0744011276828904,-1.416292777060554,-6.0903448600582415,0.0,0.0
ES2003d,1042,0.704444428284963,0.4725782076517741,0.2708127150932948,0.1146639275054137,0.04718949273228645,0.6156105895837148,0.5924906929334005,0.20581874251365662,4.307143367355962,2.5881654246796075,-13.224320430506792,0.0,0.0
ES2003d,1043,0.6747917731602987,0.4737102190653483,0.2396559864282608,0.07475143298506737,0.06845212417344253,0.7342096567153931,0.57656329870224,0.27399141372491914,4.421369457730469,1.562765184371985,-14.195570192913886,0.0,0.0
ES2003d,1044,0.6891063451766968,0.5659826199213663,0.23766366640726724,0.05474188675483068,0.023335224638382595,0.6800731221834818,0.5431327819824219,0.02103124652057886,2.674541951489473,0.2932497301215937,-12.332471262529205,0.0,0.0
ES2003d,1045,0.7134869496027628,0.561441977818807,0.28793758650620777,0.07988027607401212,0.02862249097476403,0.5104948679606119,0.5240431725978851,0.07072806575646003,1.00206795633412,-0.9725001810553514,-13.456616291574738,0.0,0.0
ES2003d,1046,0.4346177379290263,0.3133274018764496,0.26547349492708844,0.04257058103879293,0.014225536957383156,0.4737698833147685,0.373619019985199,0.0046195305573443575,-0.6669174071430145,-0.9076285721282185,-8.367308549048579,0.0,0.0
ES2003d,1047,0.42216354608535767,0.32107509175936383,0.5485492249329885,0.061294566839933395,0.030476950109004974,0.5502537985642751,0.448488046725591,0.037147478510936104,-2.3695634195154622,-9.879390558252197,-9.798641154105411,0.0,0.0
ES2003d,1048,0.47314587235450745,0.3091718951861064,0.5187964836756388,0.05733031655351321,0.03411799669265747,0.4128740727901459,0.41702685753504437,0.1237957552075386,-3.599075574012499,-10.370024520966071,0.4664214947341756,0.0,0.0
ES2003d,1049,0.4970710873603821,0.4124361574649811,0.2872568865617116,0.05670744553208351,0.03736125553647677,0.5235853095849355,0.39846083521842957,0.04013602683941523,-4.199722364377985,-10.537427504607733,-1.3990204654863903,0.0,0.0
ES2003d,1050,0.5469109416007996,0.30759643018245697,0.3305252293745677,0.06855318074425061,0.028513710324962933,0.3969128529230754,0.3567523658275604,0.02879200448902945,-3.1302282087347755,-16.845740731770377,-4.312271631969079,0.0,0.0
ES2003d,1051,0.4964266320069631,0.2988698035478592,0.34201399981975555,0.06697745124499004,0.028119731694459915,0.40023963650067645,0.4222802420457204,0.08103288089235623,-4.452140009079159,-13.268531883008151,-1.2911350233151653,0.0,0.0
ES2003d,1052,0.5137889583905538,0.3284403681755066,0.4411623428265254,0.06764977425336838,0.03657560547192892,0.3739173809687297,0.3715568284193675,0.06072488675514857,-4.092761461630012,-13.90239049197985,0.16850222566239573,0.0,0.0
ES2003d,1053,0.5601440270741781,0.25699344277381897,0.4809224506219228,0.06510364388426144,0.03511693390707175,0.40488870938618976,0.4841279089450836,0.037889196226994194,-3.9323986816438783,-14.13111879937037,0.1953182938080115,0.0,0.0
ES2003d,1054,0.5394409497578939,0.34614675243695575,0.44837791721026105,0.062085121870040894,0.030988056833545368,0.5004741748174032,0.3804395894209544,0.10691043990664184,-1.9077678852485433,-14.942110651374454,-0.2640633615630568,0.0,0.0
ES2003d,1055,0.6141967674096426,0.28755469620227814,0.4829553961753845,0.059523530304431915,0.03335419173041979,0.3231161932150523,0.41403810183207196,0.042370353204508625,-2.378072722172688,-13.876772349361167,-0.7962199143986437,0.0,0.0
ES2003d,1056,0.5642360746860504,0.34300310413042706,0.3467036286989848,0.06674466530481975,0.017905517170826595,0.3314482470353444,0.45943142970403034,0.17007642115155855,0.7657243760187589,-13.636500814257195,-4.158345754426783,0.0,0.0
ES2003d,1057,0.5857128302256266,0.3267645686864853,0.44607800245285034,0.07081722095608711,0.025295535723368328,0.345056876540184,0.43405072887738544,0.42673444002866745,-1.6917329767596305,-14.491950369945451,-0.5098891614880356,0.0,0.0
ES2003d,1058,0.6319722533226013,0.3473998208840688,0.4745313922564189,0.06951427459716797,0.03158575731019179,0.44165026148160297,0.3866351842880249,0.2968934314946334,-4.035456492615453,-13.117256963659054,-1.6683013404578164,0.0,0.0
ES2003d,1059,0.35862069328625995,0.22272453705469766,0.2396154006322225,0.050930775701999664,0.01527108003695806,0.26084713141123456,0.3054969708124797,0.14184079753855863,-6.42147462642379,-9.478775374531793,-0.34262340966625143,0.0,0.0
ES2003d,1060,0.4115484952926636,0.2717714210351308,0.3639832337697347,0.04367670168479284,0.01952085706094901,0.08743823319673538,0.25515152017275494,0.1464167982339859,-4.3389813925104725,-10.150681937864649,-0.7209700503060991,0.0,0.0
ES2003d,1061,0.5775061647097269,0.2775210787852605,0.5929773151874542,0.07306929181019466,0.03519469375411669,0.21127175291379294,0.4060410757859548,0.11546334748466809,-4.368327832100644,-14.427194053659406,-0.5152108700905684,0.0,0.0
ES2003d,1062,0.3418514331181844,0.15660220384597778,0.44420361518859863,0.045674083133538566,0.012502958377202352,0.2600743770599365,0.26165931423505145,0.007694140697518985,-4.111685764332394,-9.241516319470142,-1.0962831162256024,0.0,0.0
ES2003d,1063,0.3985345959663391,0.22002185384432474,0.433241347471873,0.07380781322717667,0.021257537727554638,0.2078329622745514,0.29586849610010785,0.06059313813845316,0.14119356222830248,-9.354521080978275,-1.19800870009357,0.0,0.0
ES2003d,1064,0.614313026269277,0.24859605729579926,0.6344967683156332,0.06454074506958325,0.021988481904069584,0.3001004507144292,0.43027397990226746,0.0168123006199797,-3.5848966561531204,-14.285199578657492,-0.010665656728178999,0.0,0.0
ES2003d,1065,0.6844186584154764,0.5102997124195099,0.11579207579294841,0.0669072022040685,0.04198207830389341,0.2799777338902156,0.5284012854099274,0.14772662396232286,4.905056921018537,-2.7179182354326934,-8.108281899939037,0.0,0.0
ES2003d,1066,0.6795528928438822,0.6264403263727824,0.15616262455781302,0.054242461919784546,0.03834678729375204,0.183868241806825,0.5391883452733358,0.38022432041664916,4.315468680873464,-4.075312365837056,-7.430456977773791,0.0,0.0
ES2003d,1067,0.7296044627825419,0.630150556564331,0.1441436087091764,0.05473136156797409,0.05176032582918803,0.13258622338374457,0.5253682533899943,0.4557436481118202,5.491484222126068,-3.6108548273671395,-6.876937840743916,0.0,0.0
ES2003d,1068,0.7665720780690511,0.6856689453125,0.10033345470825832,0.056010957807302475,0.050229293604691826,0.24598240852355957,0.577737291653951,0.4580849011739095,7.204572338337755,-1.5511682840742536,-4.753036563101385,0.0,0.0
ES2003d,1069,0.7089047034581503,0.6473760008811951,0.17088630298773447,0.05236905192335447,0.04280524949232737,0.2500130832195282,0.5290394723415375,0.6337678829828898,5.784357816931557,-3.423379856552991,-4.7435819211898185,0.0,0.0
ES2003d,1070,0.6943572560946146,0.5881236592928568,0.09033530702193578,0.05187486484646797,0.04225310062368711,0.31473106145858765,0.5519205530484518,0.48334715763727826,6.424222902289923,-3.5026975712284916,-4.394871382916837,0.0,0.0
ES2003d,1071,0.728105366230011,0.6900617082913717,0.1287312904993693,0.044337729612986244,0.04868270829319954,0.20561654369036356,0.48954497774442035,0.6310199697812399,6.563112471762909,-3.531706762560558,-4.475550428662665,0.0,0.0
ES2003d,1072,0.703916331132253,0.6746106147766113,0.09460321565469106,0.05234918122490247,0.045556213706731796,0.2780981461207072,0.5296266873677572,0.6273198326428732,7.9437200002786525,-1.4359664097088325,-3.9857629073041174,0.0,0.0
ES2003d,1073,0.729928195476532,0.6822587052981058,0.1363215371966362,0.05362408235669136,0.04027881100773811,0.290107861161232,0.5450835625330607,0.4282952547073364,7.181660133021089,-0.9379050236050457,-3.6774095213723244,0.0,0.0
ES2003d,1074,0.4877266188462575,0.31347818672657013,0.16655007128914198,0.12144135187069575,0.05863656227787336,0.4595547318458557,0.3235166370868683,0.15991226366410652,2.9668692887932173,-5.233622298505524,-10.956892651877462,0.0,0.0
ES2003d,1075,0.6581044991811117,0.5523290832837423,0.09424532204866409,0.11868777374426524,0.04694949338833491,0.35235054790973663,0.39589356382687885,0.07304368602732818,1.6159508250078602,10.085435728655565,-6.345462222194702,0.0,0.0
ES2003d,1076,0.5658107101917267,0.33028815189997357,0.18094390134016672,0.10129860043525696,0.06532085811098416,0.4040901760260264,0.4203410844008128,0.13574091733122864,-0.7813795599014485,20.400977954989237,-5.097928488752371,0.0,0.0
ES2003d,1077,0.6939490040143331,0.5104433099428812,0.28599098324775696,0.10276896506547928,0.0638561099767685,0.40640079975128174,0.42040955026944477,0.10272210836410522,-1.2574894882188214,21.39791959325854,-10.274671128658662,0.0,0.0
ES2003d,1078,0.6781742175420126,0.5211782256762186,0.1922659402092298,0.1205414483944575,0.033426507065693535,0.4494279722372691,0.38759908080101013,0.07009696836272876,2.2456645002715843,14.290363476982884,-16.422136289339825,0.0,0.0
ES2003d,1079,0.7198721170425415,0.5461944242318472,0.18456414341926575,0.12108744184176128,0.033710201581319175,0.3762233555316925,0.4103908936182658,0.05634560932715734,2.8544695497822636,14.182415561799926,-16.84903108443218,0.0,0.0
ES2003d,1080,0.7113887468973795,0.5439124902089437,0.2146731565395991,0.12231750786304474,0.026801162709792454,0.45870164036750793,0.4573593537012736,0.25083798604706925,2.942384576992526,14.092325317929573,-17.08904424780766,0.0,0.0
ES2003d,1081,0.7117687662442526,0.5308976968129476,0.3830663561820984,0.14783694595098495,0.05210247139135996,0.6082892219225565,0.4863542815049489,0.1892722969253858,2.1213249306826856,13.469224727848124,-15.956992661214237,0.0,0.0
ES2003d,1082,0.7377628286679586,0.5697135130564371,0.30527011553446454,0.13685366014639536,0.04833364114165306,0.5320896605650584,0.45731115341186523,0.36570635934670764,1.97875391924956,13.135438483438804,-15.987085117570286,0.0,0.0
ES2003d,1083,0.7326813538869222,0.6433699131011963,0.23164299627145132,0.1467225377758344,0.06021291762590408,0.44125835597515106,0.4554973840713501,0.07536831746498744,2.4692801849410304,13.815900438743391,-16.665533883831603,0.0,0.0
ES2003d,1084,0.7209935386975607,0.6475966771443685,0.2569347620010376,0.13323193043470383,0.053623802959918976,0.7507603764533997,0.4741167724132538,0.06268317345529795,1.9404820505379117,14.230153666445844,-16.86409845021412,0.0,0.0
ES2003d,1085,0.6996143460273743,0.5801714062690735,0.21275125443935394,0.13141176104545593,0.06814817960063617,0.44698937733968097,0.4619455536206563,0.29111138234535855,2.9798588535615846,14.50509541075124,-16.71667834682553,0.0,0.0
ES2003d,1086,0.721175491809845,0.5896004239718119,0.293691744407018,0.14674637218316397,0.11169538274407387,0.5471692780653635,0.4877886076768239,0.526969239115715,2.7651256675336917,19.580537982291546,-14.178726200171653,0.0,0.0
ES2003d,1087,0.6947180430094401,0.45956070224444073,0.5423762996991476,0.171144537627697,0.0764527680973212,0.4853672981262207,0.44084736704826355,0.6054135610659918,1.3762634228680992,16.739477210434853,-17.308923537117916,0.0,0.0
ES2003d,1088,0.5723035335540771,0.30970460673173267,0.4889855484167735,0.06421169514457385,0.02315087430179119,0.48049737016359967,0.4095809956391652,0.14478402212262154,2.7699862541202536,-9.011721176127509,0.9291666905226125,0.0,0.0
ES2003d,1089,0.5448135038216909,0.20852012932300568,0.5819770693778992,0.05625131477912267,0.022085900108019512,0.39434436957041424,0.4309670130411784,0.01823083683848381,1.521641154354488,-9.312810120157279,1.0501745984892898,0.0,0.0
ES2003d,1090,0.581491619348526,0.24948765834172568,0.5523613293965658,0.05159173905849457,0.017640019456545513,0.4720395306746165,0.4823915163675944,0.030652000879247982,1.4759315636423924,-8.256535078927428,0.615826065133077,0.0,0.0
ES2003d,1091,0.5677995681762695,0.4205186863740285,0.4433869570493698,0.07512358576059341,0.03421142386893431,0.48932302991549176,0.44340217113494873,0.09438225347548723,1.4564121331143864,-8.745844967411031,0.8436545534891632,0.0,0.0
ES2003d,1092,0.4887069563070933,0.2213441083828608,0.5341535210609436,0.06799813856681187,0.025281532978018124,0.5219334959983826,0.46234779556592304,0.1557718419159452,-0.02107016287076961,-8.5747300494844,1.2561976102703662,0.0,0.0
ES2003d,1093,0.48744216561317444,0.2879275629917781,0.3948030322790146,0.058261542270580925,0.024958344797293346,0.36737021803855896,0.4771670599778493,0.3633357360959053,-0.2343708415194937,-9.418213188113358,0.6852156889717752,0.0,0.0
ES2003d,1094,0.17804336547851562,0.10677472750345866,0.19373075167338052,0.021031742294629414,0.005276951317985852,0.27899883190790814,0.15679731965065002,0.03723488996426264,0.2734647618004951,-2.632858250267802,0.3563438241818411,0.0,0.0
ES2003d,1095,0.0,0.0,0.0,0.0,0.0,0.0,0.0,0.0,0.0,0.0,0.0,0.0,0.0
ES2003d,1096,0.0,0.0,0.0,0.0,0.0,0.0,0.0,0.0,0.0,0.0,0.0,0.0,0.0
ES2003d,1097,0.0,0.0,0.0,0.0,0.0,0.0,0.0,0.0,0.0,0.0,0.0,0.0,0.0
ES2003d,1098,0.20679134130477905,0.07127167284488678,0.2127347191174825,0.020823155840237934,0.006669972091913223,0.09827105204264323,0.16566795110702515,0.12497202555338542,-1.5006212954872027,-4.9822273637827115,-0.09564334403421482,0.0,0.0
ES2003d,1099,0.49369025230407715,0.2435199369986852,0.578715036312739,0.061710018664598465,0.032166181753079094,0.25580620765686035,0.38579894105593365,0.025057916529476643,-1.4355034623543068,-10.998097527327864,-2.526486373693318,0.0,0.0
ES2003d,1100,0.4311489363511403,0.20474551121393839,0.5310073494911194,0.06499069929122925,0.02929345890879631,0.4357918401559194,0.36485103766123456,0.11875666584819555,-3.7835610196095466,-5.056898346898929,-3.0703329870990905,0.0,0.0
ES2003d,1101,0.13390410939852396,0.10273123780886333,0.12220331033070882,0.01874220867951711,0.01007020597656568,0.1967124342918396,0.1089169184366862,0.03657034784555435,-0.6885377452270922,-2.1292436170766775,-1.0896637858365825,0.0,0.0
ES2003d,1102,0.14482282598813376,0.06148053705692291,0.29631070295969647,0.030241680641969044,0.006588190173109372,0.0890320638815562,0.13011451562245688,0.003530020515124003,-0.7439746467152161,-5.333527626394364,0.29537110713846293,0.0,0.0
ES2003d,1103,0.2827075819174449,0.18168326218922934,0.5216867327690125,0.06834861387809117,0.015884784360726673,0.09417081624269485,0.2214964230855306,0.006751597858965397,-1.0824503609980487,-9.743386041363937,0.6048120728268294,0.0,0.0
ES2003d,1104,0.15228740374247232,0.05827657878398895,0.21342921257019043,0.0374438613653183,0.008546822393933931,0.10487606128056844,0.1479822794596354,0.005710147942105929,-1.3054788746851314,-5.107336210409956,1.736949948165879,0.0,0.0
ES2003d,1105,0.3184921443462372,0.16939089695612589,0.499380628267924,0.07654374092817307,0.01668659597635269,0.12361996620893478,0.26507901151974994,0.019079474344228704,-1.5340493619294173,-9.914938137335426,0.7409073199222828,0.0,0.0
ES2003d,1106,0.4876832763353984,0.15774395565191904,0.8251691659291586,0.35350094238917035,0.06417736783623695,0.31712767978509265,0.32136644919713336,0.9997666279474894,-9.39760543062184,11.988528466628539,-6.033003505866347,0.0,0.0
ES2003d,1107,0.5220413108666738,0.19289107620716095,0.8378055095672607,0.315134733915329,0.05377343421181043,0.34087244669596356,0.3369060655434926,0.9997972249984741,-13.07988856067395,9.249394491786148,-5.29362161996194,0.0,0.0
ES2003d,1108,0.49159764250119525,0.2131503423055013,0.8172930081685384,0.28270027538140613,0.07506490374604861,0.5153418481349945,0.43031514684359234,0.666703823604621,-18.818887162523406,2.7854368919500465,-13.528087987827428,0.0,0.0
ES2003d,1109,0.5460474987824758,0.2668158660332362,0.40939731399218243,0.07943766564130783,0.022430606186389923,0.5574538310368856,0.4143081605434418,0.28526983379075926,-2.988351063477271,-1.1799483144477108,-6.970415845231052,0.0,0.0
ES2003d,1110,0.5549848775068918,0.4188694854577382,0.40929240981737774,0.0693706472714742,0.032317464550336204,0.4842974344889323,0.5059734086195627,0.2316284041541318,-4.830550742795325,-10.962979661878562,-7.935904631240511,0.0,0.0
ES2003d,1111,0.55569788813591,0.42955918113390607,0.2704552511374156,0.05778598537047704,0.025186071793238323,0.6084874272346497,0.49728576342264813,0.03737885318696499,-4.593561940532757,-9.513456458915885,-9.855909772123018,0.0,0.0
ES2003d,1112,0.4487569530804952,0.38217226167519885,0.40604465703169507,0.08069717387358348,0.03864491544663906,0.4993465046087901,0.41493600606918335,0.39285560697317123,-2.0459292726549783,-10.81909137123575,-8.83640442604021,0.0,0.0
ES2003d,1113,0.5570498108863831,0.36261339982350665,0.360258013010025,0.0671137844522794,0.028079743186632793,0.26333385209242505,0.4071216881275177,0.045786858846743904,-1.8416806082808899,-11.701027910222704,-2.5880767576716064,0.0,0.0
ES2003d,1114,0.4728742241859436,0.3907771905263265,0.3735709736744563,0.056991791973511376,0.027989433457454044,0.1765168458223343,0.4095434645811717,0.04352675875027975,-2.900689100032679,-11.570486337117288,-3.637798933492173,0.0,0.0
ES2003d,1115,0.48782481749852497,0.3389029900232951,0.2658754785855611,0.05767229820291201,0.03248635306954384,0.4081922272841136,0.5142245093981425,0.03539004394163688,-3.614675695855695,-10.109687836145964,-4.6246399149584185,0.0,0.0
ES2003d,1116,0.4997042814890544,0.3467579782009125,0.41511673231919605,0.05416393280029297,0.0321685920159022,0.44349292914072674,0.4467584689458211,0.032832849149902664,-5.2209024888810625,-9.382503618446654,-7.0415356231254025,0.0,0.0
ES2003d,1117,0.4137602547804515,0.27559879422187805,0.368148406346639,0.05803736920158068,0.02993459316591422,0.548027515411377,0.4768054783344269,0.1561525637904803,-7.0711514567378195,-9.824405680626617,-7.033600684727285,0.0,0.0
ES2003d,1118,0.4382859667142232,0.34683655699094135,0.40337103605270386,0.05899520466725031,0.037872858345508575,0.40867161750793457,0.3779803017775218,0.055045019214351974,-7.814242208668119,-9.32725377366373,-5.646582242292799,0.0,0.0
ES2003d,1119,0.4694310228029887,0.3914776146411896,0.3684790035088857,0.052856553345918655,0.029367072507739067,0.46624088287353516,0.3942041794459025,0.27204301456610364,-7.1530578914088165,-9.178347273629514,-6.290306759212348,0.0,0.0
ES2003d,1120,0.44688937067985535,0.19826946159203848,0.4734364151954651,0.0546332448720932,0.030741286774476368,0.4898003240426381,0.4429287612438202,0.18849992814163366,-3.4661942437902575,-10.154795931145646,-6.593334753982403,0.0,0.0
ES2003d,1121,0.4968240757783254,0.3806964159011841,0.46475572387377423,0.05362048620978991,0.025009453296661377,0.5794588625431061,0.49237579107284546,0.18618148316939673,-7.595627788596041,-8.743373681735534,-7.5147075444667095,0.0,0.0
ES2003d,1122,0.4951915542284648,0.3149063289165497,0.40026918053627014,0.06179978450139364,0.026132012406984966,0.41459278265635174,0.4351825912793477,0.1849220134317875,-12.960582419354047,-5.880725104677528,-8.002519226301017,0.0,0.0
ES2003d,1123,0.30068568388621014,0.22495092948277792,0.23017561435699463,0.038414577643076576,0.020304855580131214,0.27369630336761475,0.2710457642873128,0.017717501769463222,-8.165705322861655,-4.407264996727155,-5.025886181435656,0.0,0.0
ES2003d,1124,0.0,0.0,0.0,0.0,0.0,0.0,0.0,0.0,0.0,0.0,0.0,0.0,0.0
ES2003d,1125,0.18366599082946777,0.10940323273340861,0.10046135385831197,0.02927086999018987,0.005430625130732854,0.2298437555631002,0.16008921464284262,0.055752510825792946,1.4577385762563184,-5.851882780123432,-3.2417806284787107,0.0,0.0
ES2003d,1126,0.1608490248521169,0.055946355064709984,0.11515038212140401,0.029436655342578888,0.007612178102135658,0.21247506141662598,0.14079355200131735,0.009613689656058947,2.739975413127137,-5.843268505644356,-4.10468936831323,0.0,0.0
ES2003d,1127,0.0,0.0,0.0,0.0,0.0,0.0,0.0,0.0,0.0,0.0,0.0,0.0,0.0
ES2003d,1128,0.0,0.0,0.0,0.0,0.0,0.0,0.0,0.0,0.0,0.0,0.0,0.0,0.0
ES2003d,1129,0.0,0.0,0.0,0.0,0.0,0.0,0.0,0.0,0.0,0.0,0.0,0.0,0.0
ES2003d,1130,0.16147726774215698,0.11265875895818074,0.0689963847398758,0.027365927894910175,0.007385485495130221,0.23659618695576987,0.1448543667793274,0.018989134579896927,1.1391862913905673,-6.647752510009243,-4.498507168511926,0.0,0.0
ES2003d,1131,0.29484037558237713,0.24488224585851034,0.13229778409004211,0.02365446339050929,0.006498544787367185,0.13765962918599448,0.13678627212842306,0.2943267822265625,5.2428823482271,3.3790592229824465,1.9570766909957478,0.0,0.0
ES2003d,1132,0.550286332766215,0.4575899640719096,0.39956188201904297,0.04471540078520775,0.01696129764119784,0.1299348051349322,0.28269048531850177,0.2864810886482398,11.412407598070182,7.700894830408646,5.44687343550591,0.0,0.0
ES2003d,1133,0.0,0.0,0.0,0.0,0.0,0.0,0.0,0.0,0.0,0.0,0.0,0.0,0.0
ES2003d,1134,0.23106620709101358,0.24016841252644858,0.06727441648642223,0.02160956213871638,0.01140067974726359,0.11089022954305013,0.14644795656204224,0.3151549696922302,4.211175633299409,5.544067979402769,3.842413186762007,0.0,0.0
ES2003d,1135,0.26289645830790204,0.2302059531211853,0.1718399922053019,0.03129152456919352,0.009332515920201937,0.16897896925608316,0.19285271565119425,0.30530989170074463,1.084096436057078,-2.5238220277323866,-2.4486944075389068,0.0,0.0
ES2003d,1136,0.5406346718470255,0.5120242834091187,0.19384263455867767,0.04196985810995102,0.02097180299460888,0.38728804389635724,0.24961461623509726,0.5791437228520712,10.771168577509732,9.03505128911094,8.052998287701199,0.0,0.0
ES2003d,1137,0.5483849843343099,0.46343712011973065,0.17893604437510172,0.04537153368194898,0.01729472043613593,0.27183908224105835,0.2655038634936015,0.4441671470801036,11.188820670444436,9.345010917626395,9.355592185688787,0.0,0.0
ES2003d,1138,0.27577338616053265,0.24155952533086142,0.13488166530927023,0.02313917875289917,0.011940307915210724,0.08136746287345886,0.11830794811248779,0.26871464649836224,5.65582196227485,5.221531530093714,4.450024515426278,0.0,0.0
ES2003d,1139,0.7727717757225037,0.7289079626401266,0.3398656149705251,0.06846856077512105,0.03237214870750904,0.3967618743578593,0.3886907994747162,0.6709283987681071,16.681979425444542,10.560994694376797,13.270246525490423,0.0,0.0
ES2003d,1140,0.8174957633018494,0.6687317490577698,0.2624863882859548,0.06507523109515508,0.0305897140254577,0.3797907630602519,0.38268619775772095,0.6411897242069244,17.047185779600465,9.984257736857815,13.08632746060929,0.0,0.0
ES2003d,1141,0.7673991322517395,0.6871410806973776,0.3989730775356293,0.05894119292497635,0.032996527229746185,0.3168477565050125,0.3658461769421895,0.5220813552538554,17.2261469247881,10.090085160361442,13.178572905988903,0.0,0.0
ES2003d,1142,0.5373090704282125,0.4152449568112691,0.29052486022313434,0.03636565680305163,0.01892024651169777,0.29061606526374817,0.2528775632381439,0.39950626095136005,11.012913920643697,6.979898526291322,8.228453624850887,0.0,0.0
ES2003d,1143,0.17889142036437988,0.18961381912231445,0.05793749292691549,0.017095388223727543,0.007689222072561582,0.1157615880171458,0.14016123612721762,0.0770931492249171,5.20980074427058,3.011161715139266,4.199679923082208,0.0,0.0
ES2003d,1144,0.7023048798243204,0.6216880480448405,0.23244987924893698,0.06633295615514119,0.022502214337388676,0.5291280647118887,0.4145180284976959,0.391058345635732,15.138745867758352,10.737086204608275,12.792549659513083,0.0,0.0
ES2003d,1145,0.5581692556540171,0.4754224121570587,0.4460606475671132,0.09065097197890282,0.05929560338457426,0.510496973991394,0.4566509922345479,0.3902481297651927,-6.273784196725699,24.073098909919356,-11.082986308905802,0.0,0.0
ES2003d,1146,0.4398748576641083,0.3122861286004384,0.27607310314973194,0.07036778579155605,0.0299447700381279,0.43695000807444256,0.3855674167474111,0.3177821785211563,-11.674239708869479,0.2592472059488886,-3.1713515801677072,0.0,0.0
ES2003d,1147,0.6719363729159037,0.6364813446998596,0.3356608996788661,0.05409251153469086,0.023431506007909775,0.5432944297790527,0.4210502505302429,0.7546336650848389,17.166056529773968,9.676636933922078,16.235668402176092,0.0,0.0
ES2003d,1148,0.6759577393531799,0.6633472839991251,0.319298654794693,0.05315132439136505,0.022879117478926975,0.5429131189982096,0.43118669589360553,0.7197104891141256,16.702071929640198,8.694466904091174,16.57158446502387,0.0,0.0
ES2003d,1149,0.34305038054784137,0.18424908320109049,0.29786838094393414,0.05889915923277537,0.02403187503417333,0.3129067619641622,0.30081966519355774,0.35565925141175586,15.724605210530461,-8.56174139073361,-1.2824505250991856,0.0,0.0
ES2003d,1150,0.5461937189102173,0.4370948870976766,0.3158341298500697,0.03763128072023392,0.023737420638402302,0.2518259684244792,0.2691050072511037,0.5128236810366312,9.945774830864126,-0.5594850192167146,1.6110127381401564,0.0,0.0
ES2003d,1151,0.4998428026835124,0.3904842833677928,0.09841283162434895,0.044131035606066384,0.03038258229692777,0.24945742885271707,0.24907235304514566,0.6548844774564108,7.273598946714841,-0.2712699016078708,3.960642963813168,0.0,0.0
ES2003d,1152,0.5000970264275869,0.31629817684491474,0.24922028183937073,0.11970539887746175,0.10648743187387784,0.36918534835179645,0.4261373281478882,0.435251384973526,-3.958618087597916,-14.140316650332332,-2.585540121653785,0.0,0.0
ES2003d,1153,0.4665960470835368,0.29304513335227966,0.22095355639855066,0.15153318891922632,0.13989672002693018,0.6282400190830231,0.4617663224538167,0.37343035638332367,-0.4500435254343003,-18.878555121193685,-3.5326510636835002,0.0,0.0
ES2003d,1154,0.4975924591223399,0.22516830265522003,0.37104344367980957,0.0822437306245168,0.025519222021102905,0.4854654868443807,0.4290030300617218,0.03768626212452849,-1.0146337591957508,-23.011245025577747,-8.158925207396527,0.0,0.0
ES2003d,1155,0.3008618454138438,0.23870225747426352,0.32864076892534894,0.05506662279367447,0.024485772475600243,0.3424543539683024,0.3045603434244792,0.30880898733933765,-1.9356093666230516,-11.061558185370096,-2.8631044958904805,0.0,0.0
ES2003d,1156,0.0,0.0,0.0,0.0,0.0,0.0,0.0,0.0,0.0,0.0,0.0,0.0,0.0
ES2003d,1157,0.0,0.0,0.0,0.0,0.0,0.0,0.0,0.0,0.0,0.0,0.0,0.0,0.0
ES2003d,1158,0.0,0.0,0.0,0.0,0.0,0.0,0.0,0.0,0.0,0.0,0.0,0.0,0.0
ES2003d,1159,0.0,0.0,0.0,0.0,0.0,0.0,0.0,0.0,0.0,0.0,0.0,0.0,0.0
ES2003d,1160,0.0,0.0,0.0,0.0,0.0,0.0,0.0,0.0,0.0,0.0,0.0,0.0,0.0
ES2003d,1161,0.0,0.0,0.0,0.0,0.0,0.0,0.0,0.0,0.0,0.0,0.0,0.0,0.0
ES2003d,1162,0.0,0.0,0.0,0.0,0.0,0.0,0.0,0.0,0.0,0.0,0.0,0.0,0.0
ES2003d,1163,0.0,0.0,0.0,0.0,0.0,0.0,0.0,0.0,0.0,0.0,0.0,0.0,0.0
ES2003d,1164,0.30211807290712994,0.21278122067451477,0.26510349412759143,0.044569287449121475,0.02186667174100876,0.36471904317537945,0.2828253209590912,0.00304350140504539,-6.118140380057304,-8.942741163258452,-5.256842817887826,0.0,0.0
ES2003d,1165,0.28702737887700397,0.15114272634188333,0.265672246615092,0.05420781920353571,0.022290611639618874,0.4275410970052083,0.2908698419729869,0.2562933371712764,-3.3462872555164664,-8.763148621396276,-1.8829147838285178,0.0,0.0
ES2003d,1166,0.36148184537887573,0.2024266223112742,0.22958491742610931,0.05951941261688868,0.026274734487136204,0.25458142161369324,0.29956601063410443,0.06509034242480993,-0.5622968554539708,-9.390995731111337,0.7232427706774177,0.0,0.0
ES2003d,1167,0.1688594420750936,0.055581673979759216,0.15393860141436258,0.019537102431058884,0.007386588181058566,0.2058474620183309,0.11245102683703105,0.012482699006795883,-1.8444207866372142,-6.305020090934324,-3.066791283908764,0.0,0.0
ES2003d,1168,0.3025757968425751,0.1200467695792516,0.17237124343713126,0.07925620675086975,0.02943900351723035,0.3388536373774211,0.2343455652395884,0.00485466793179512,-6.895629290842462,-14.637600957138389,-8.767227833934543,0.0,0.0
ES2003d,1169,0.3889466126759847,0.24885965883731842,0.5051380296548208,0.12323657423257828,0.03516419976949692,0.503503809372584,0.3777622878551483,0.08277004957199097,-7.784128390597711,-18.612943412717176,-14.294669399827947,0.0,0.0
ES2003d,1170,0.46208129326502484,0.2319973905881246,0.411082645257314,0.08860484759012859,0.03211222651104132,0.3988582293192546,0.395581990480423,0.039849662532409034,-3.306414441305874,-14.06276517055722,-3.310672726908294,0.0,0.0
ES2003d,1171,0.3084703783194224,0.21115758021672568,0.31470226248105365,0.05480097979307175,0.016393236195047695,0.19253634413083395,0.30832086006800336,0.42770342032114667,2.197678053318432,-9.933995031868918,4.540303928683491,0.0,0.0
ES2003d,1172,0.32120341062545776,0.17762093245983124,0.4103357990582784,0.056950981418291725,0.018379691367348034,0.316669503847758,0.3054149051507314,0.16329694104691347,2.568962729135563,-8.765023232709867,5.020061655188026,0.0,0.0
ES2003d,1173,0.27025020122528076,0.1384006291627884,0.5209566950798035,0.06742201000452042,0.013768022259076437,0.17630282044410706,0.34703216950098675,0.015286991062263647,2.3256824953959545,-4.834636789031996,1.8439873990956859,0.0,0.0
ES2003d,1174,0.5333408216635386,0.3717142889897029,0.6945463816324869,0.13611120730638504,0.033523750180999436,0.3420952459176381,0.5383839209874471,0.21225230023264885,3.8363025340540404,-10.270673714522575,2.7308440116845385,0.0,0.0
ES2003d,1175,0.1261080503463745,0.08415867884953816,0.28864993651707965,0.039451807737350464,0.011257629841566086,0.04009121656417847,0.15228906273841858,0.0035167482371131578,-0.9934043280088815,-3.4529079509289087,1.2884285232271517,0.0,0.0
ES2003d,1176,0.47290430466334027,0.41855103770891827,0.6183634201685587,0.08182707677284877,0.02689886714021365,0.12259425967931747,0.47548797726631165,0.020180407756318647,-0.25387448694074877,-10.015606295999246,2.836911787927906,0.0,0.0
ES2003d,1177,0.4839511414368947,0.38740843534469604,0.5708098113536835,0.0735112801194191,0.02258266694843769,0.23825817555189133,0.44290779034296673,0.28296668889621895,1.3231143039447986,-8.942412277552323,3.456168479307648,0.0,0.0
ES2003d,1178,0.5258076290289561,0.2712087680896123,0.5138997634251913,0.07398128012816112,0.019330017268657684,0.14797293394804,0.46928436557451886,0.046823082375340164,0.7775328528209625,-7.974126292086503,3.195433103348105,0.0,0.0
ES2003d,1179,0.3657750189304352,0.22866769631703696,0.3313952386379242,0.05411434421936671,0.013421603168050448,0.09279183049996693,0.324576069911321,0.03612594616909822,1.5370091307196931,-5.339939560368727,2.147207274002212,0.0,0.0
ES2003d,1180,0.2906285723050435,0.22915061314900717,0.42813517649968463,0.07101434220870335,0.02344539699455102,0.1747789184252421,0.33888302246729535,0.01560171127008895,0.32635474864805447,-8.140364685639037,3.475569969516018,0.0,0.0
ES2003d,1181,0.5488870143890381,0.29652421176433563,0.6330351829528809,0.10915593927105267,0.045936609307924904,0.32917967438697815,0.5054349899291992,0.1517038227369388,-1.160070688814277,-13.481330651741592,5.474731787317803,0.0,0.0
ES2003d,1182,0.5392636656761169,0.24755743642648062,0.7437283992767334,0.14355633656183878,0.04482450087865194,0.21286932130654654,0.4466262459754944,0.18243423166374365,-0.7100554432599776,-15.053243483093345,5.235140971566551,0.0,0.0
ES2003d,1183,0.1946836511294047,0.17644051710764566,0.07733119527498881,0.01990532378355662,0.011669414738814035,0.11556787292162578,0.15753868222236633,0.002023339426765839,1.6241061152674516,-1.1699466586839116,0.17329026461384478,0.0,0.0
ES2003d,1184,0.44036249319712323,0.2864149510860443,0.33141010999679565,0.07090304046869278,0.01664064700404803,0.40253499150276184,0.29106881221135456,0.1286779030536612,1.0739514685873355,-6.715916551075637,1.3060785733286095,0.0,0.0
ES2003d,1185,0.17576114336649576,0.06678750614325206,0.26867544651031494,0.07319250702857971,0.023370278378327686,0.1342544456322988,0.1804302136103312,0.09425656994183858,-0.28011682889203493,-3.7187775286923674,0.8515600695460374,0.0,0.0
ES2003d,1186,0.3708940843741099,0.20372814933458963,0.4318729837735494,0.08236493666966756,0.01793122539917628,0.11942099034786224,0.30216044187545776,0.06658680267476787,-1.5482073582631255,-5.623181914402348,1.5995560531272768,0.0,0.0
ES2003d,1187,0.31982143719991046,0.269532432158788,0.4724386930465698,0.0708139439423879,0.016319790855050087,0.07661777486403783,0.29484207431475323,0.029427216853946447,-1.1829002345058288,-5.820574941943922,1.1002236882710008,0.0,0.0
ES2003d,1188,0.5827082296212515,0.360466867685318,0.43588406840960187,0.08868728578090668,0.024939173832535744,0.1902923844754696,0.43070722619692486,0.01740369542191426,-1.4360525042617314,-9.19255441562862,1.7229416793708057,0.0,0.0
ES2003d,1189,0.3509965240955353,0.20584843556086221,0.39475687344868976,0.0683329850435257,0.018808428198099136,0.13775372505187988,0.29542649785677594,0.015260723264267048,-0.7520005292633503,-6.842302716974292,1.528810224617069,0.0,0.0
ES2003d,1190,0.5008536477883657,0.39761005838712055,0.47370022535324097,0.07662766675154369,0.03235860479374727,0.3062974388400714,0.4419739842414856,0.18014039875318608,0.3446034035660232,-10.251552147482757,0.8643018952428339,0.0,0.0
ES2003d,1191,0.0,0.0,0.0,0.0,0.0,0.0,0.0,0.0,0.0,0.0,0.0,0.0,0.0
ES2003d,1192,0.0,0.0,0.0,0.0,0.0,0.0,0.0,0.0,0.0,0.0,0.0,0.0,0.0
ES2003d,1193,0.458858201901118,0.30897627770900726,0.5484056870142618,0.20981510480244955,0.35362814863522846,0.33935127158959705,0.4585685729980469,0.7654582361380259,-16.295460710554128,28.258453035460548,-0.44870097205437326,0.0,0.0
ES2003d,1194,0.4690758287906647,0.26857401927312213,0.44284579157829285,0.20110543072223663,0.24740708619356155,0.4199144244194031,0.45980169375737506,0.773473878701528,-13.027615223031674,16.895984907173084,-0.84440187315044,0.0,0.0
ES2003d,1195,0.3344563990831375,0.2125743975241979,0.5638478597005209,0.1842363178730011,0.12937340140342712,0.642217755317688,0.3707018593947093,0.8648272752761841,-12.920257977769678,0.5419944540515261,-1.5386179074703756,0.0,0.0
ES2003d,1196,0.2907796800136566,0.1607576608657837,0.5118545889854431,0.1025256837407748,0.08603402723868687,0.33410423000653583,0.3223042885462443,0.9674267768859863,-9.867223239654267,-2.109685824551945,-1.7986052153683338,0.0,0.0
ES2003d,1197,0.25347718099753064,0.1622669299443563,0.32300057510534924,0.09574103603760402,0.0462889534731706,0.3996112545331319,0.40956438581148785,0.8341048161188761,-8.328039197181047,1.8085660837950863,-2.1987926829620483,0.0,0.0
ES2003d,1198,0.3192937870820363,0.2318092385927836,0.45995790759722394,0.09687917679548264,0.04931898911794027,0.4902733067671458,0.4151315490404765,0.7973697582880656,-9.131689453690225,2.640644243270907,-3.69160764497869,0.0,0.0
ES2003d,1199,0.2828712910413742,0.23446831107139587,0.5368485450744629,0.1591615527868271,0.15531094372272491,0.3919275403022766,0.4447055160999298,0.8909830451011658,-4.602390663997962,1.0689289791616534,-4.215322844360577,0.0,0.0
ES2003d,1200,0.47896039485931396,0.0883270651102066,0.7233822345733643,0.37664952874183655,0.2599450945854187,0.612436056137085,0.5055083632469177,0.8808909058570862,-11.875307433090526,4.0742131637061965,-3.779274994715894,0.0,0.0
ES2003d,1201,0.0,0.0,0.0,0.0,0.0,0.0,0.0,0.0,0.0,0.0,0.0,0.0,0.0
ES2003d,1202,0.0,0.0,0.0,0.0,0.0,0.0,0.0,0.0,0.0,0.0,0.0,0.0,0.0
ES2003d,1203,0.0,0.0,0.0,0.0,0.0,0.0,0.0,0.0,0.0,0.0,0.0,0.0,0.0
ES2003d,1204,0.0,0.0,0.0,0.0,0.0,0.0,0.0,0.0,0.0,0.0,0.0,0.0,0.0
ES2003d,1205,0.0,0.0,0.0,0.0,0.0,0.0,0.0,0.0,0.0,0.0,0.0,0.0,0.0
ES2003d,1206,0.0,0.0,0.0,0.0,0.0,0.0,0.0,0.0,0.0,0.0,0.0,0.0,0.0
ES2003d,1207,0.0,0.0,0.0,0.0,0.0,0.0,0.0,0.0,0.0,0.0,0.0,0.0,0.0
