meeting_id,segment_id,AU01,AU02,AU04,AU06,AU12,AU15,AU17,AU25,head_pitch,head_yaw,head_roll,gaze_x,gaze_y
ES2004c,0,0.6623533368110657,0.4173951844374339,0.3631964127222697,0.1319595848520597,0.08280875161290169,0.5517121056715647,0.42937348286310834,0.7486532727877299,-1.2792308151894958,13.683312147488403,-3.061382582778075,0.0,0.0
ES2004c,1,0.6702342629432678,0.41653544704119366,0.4320974548657735,0.23286744703849158,0.13567408422629038,0.31255878508090973,0.46738837162653607,0.6298098166783651,-7.438728845851639,12.68145336945184,-3.6126527581901704,0.0,0.0
ES2004c,2,0.6760100324948629,0.47466275095939636,0.4276992479960124,0.2846359709898631,0.19972548385461172,0.5564716855684916,0.42052869995435077,0.9279695550600687,48.48439707858142,45.917034650455484,45.85219078544526,0.0,0.0
ES2004c,3,0.6652927994728088,0.5178333818912506,0.45788322885831195,0.2080091784397761,0.19612005601326624,0.37454808751742047,0.36189796527226764,0.9887899160385132,8.78541907789307,-0.23840687313888287,1.63126858897143,0.0,0.0
ES2004c,4,0.7341481645901998,0.4605095585187276,0.2873106549183528,0.2681136926015218,0.18266268074512482,0.2750185678402583,0.4502735733985901,0.7389095425605774,-6.939047880098229,13.666247707924475,-13.484161088778288,0.0,0.0
ES2004c,5,0.8031397859255472,0.5628228584925333,0.24353202184041342,0.27448978026707965,0.2327458212773005,0.25191303590933484,0.41088292996088666,0.9250807364781698,-16.90212603550526,30.982365188569133,-21.354520945326545,0.0,0.0
ES2004c,6,0.7647162278493246,0.46319766839345294,0.49229686458905536,0.20421452820301056,0.09626736740271251,0.5197431842486063,0.43553213278452557,0.42855385442574817,1.5952283404965224,17.802301516809347,-5.967516752408841,0.0,0.0
ES2004c,7,0.7012618780136108,0.46232283115386963,0.3864566882451375,0.4157992402712504,0.38771265745162964,0.39328577121098834,0.39284483591715497,0.9801116983095804,11.475864686875141,-6.953673598371779,2.622739649873814,0.0,0.0
ES2004c,8,0.7271112600962321,0.33594298362731934,0.431877667705218,0.31002627313137054,0.2186990032593409,0.5056203852097193,0.3230774750312169,0.9431050817171732,5.1628272228856735,8.681570879265976,-6.055740844230743,0.0,0.0
ES2004c,9,0.7070791920026144,0.31953174372514087,0.5584382116794586,0.19626561800638834,0.1123271423081557,0.42634957532087964,0.36234936118125916,0.5239628255367279,3.8638077205152026,26.530694922970486,-9.986456493993936,0.0,0.0
ES2004c,10,0.7471298178037008,0.49021900693575543,0.3854631632566452,0.25406580169995624,0.08483410254120827,0.49812115728855133,0.30396083494027454,0.9830287496248881,4.311087778838566,15.25999040872985,-9.852023171591528,0.0,0.0
ES2004c,11,0.7825544873873392,0.5335128704706827,0.2587568511565526,0.13934424022833505,0.07969839374224345,0.5320635537306467,0.3764789402484894,0.9814040263493856,6.65928053519211,-3.1960404637505704,-4.062125287533354,0.0,0.0
ES2004c,12,0.7227727373441061,0.28678937753041583,0.6958881815274557,0.21290802955627441,0.17018008107940355,0.4401875287294388,0.472916583220164,0.8776675264040629,-21.020023574973656,39.06564355233328,-31.3405222906587,0.0,0.0
ES2004c,13,0.687664806842804,0.3159276843070984,0.6774151921272278,0.23999051253000894,0.12449884042143822,0.5351022680600485,0.4080609679222107,0.912841280301412,-46.51408679885486,45.82505915585648,-53.16458717473887,0.0,0.0
ES2004c,14,0.6209521492322286,0.32699446380138397,0.36037789781888324,0.23020480076471964,0.10298914462327957,0.6246386965115865,0.4973647991816203,0.8166475494702657,-64.03896389343812,56.60498856710819,-67.10391853682951,0.0,0.0
ES2004c,15,0.719359815120697,0.34062717854976654,0.3796457201242447,0.14074567953745523,0.05915686363975207,0.3591308246056239,0.4776046971480052,0.5775072276592255,-38.157663654998686,48.38493780983742,-41.4674644680349,0.0,0.0
ES2004c,16,0.6562296946843466,0.43126558264096576,0.40349753697713214,0.19236908853054047,0.10336768627166748,0.5581581393877665,0.44774269064267475,0.43586041529973346,-20.85886952130913,19.421628062551058,-23.36406221835674,0.0,0.0
ES2004c,17,0.6482077836990356,0.5119742055733999,0.49660568435986835,0.3253059486548106,0.27886782834927243,0.5287231008211771,0.507557878891627,0.3727433681488037,-21.845339857755274,26.408178798942355,-27.480392290313322,0.0,0.0
ES2004c,18,0.6902052164077759,0.6361116667588552,0.32069921493530273,0.2233805259068807,0.1815177003542582,0.3679795463879903,0.432070791721344,0.8824944694836935,-12.521975731993257,19.03703074691584,-19.035548002642297,0.0,0.0
ES2004c,19,0.8228282332420349,0.6960361202557882,0.30206529547770816,0.17665988951921463,0.11946934709946315,0.4078831225633621,0.5069645742575327,0.7513812084992727,5.144721162479727,5.556168354745819,-5.233885664555301,0.0,0.0
ES2004c,20,0.6351661880811056,0.49226731061935425,0.38601895173390705,0.2218748703598976,0.08720865473151207,0.42202558120091754,0.3425419330596924,0.9004072348276774,5.453440038181866,-3.094334452351724,-3.2937852628384174,0.0,0.0
ES2004c,21,0.6221013863881429,0.5270372927188873,0.28352880974610645,0.12199134131272633,0.07121019065380096,0.3193768709897995,0.49891605973243713,0.7435472011566162,3.022801039838169,-8.090041557238258,-2.1244129463179315,0.0,0.0
ES2004c,22,0.612636516491572,0.31821657220522565,0.3394562949736913,0.22831245263417563,0.08929278701543808,0.41449113686879474,0.4242275059223175,0.4669611801703771,1.5359406131255013,8.95235520110352,-5.710797206832822,0.0,0.0
ES2004c,23,0.6208369731903076,0.27364182472229004,0.5287179450194041,0.1483158270517985,0.06768692533175151,0.5371635953585306,0.2618290384610494,0.9247685074806213,-6.09029781110394,22.464380234584482,-12.481509784418366,0.0,0.0
ES2004c,24,0.7414647539456686,0.4450015723705292,0.39954718947410583,0.14242763072252274,0.06540891155600548,0.5372306307156881,0.3248906234900157,0.6601658513148626,-10.345510395597374,26.810356827871306,-15.277631545687804,0.0,0.0
ES2004c,25,0.7097954352696737,0.324226438999176,0.3608699291944504,0.2112596482038498,0.11344769100348155,0.4281009038289388,0.4111718038717906,0.6186842024326324,-6.160087486438344,29.517474298472546,-14.439088240436476,0.0,0.0
ES2004c,26,0.6917576988538107,0.296865979830424,0.34187265237172443,0.18838412563006082,0.11154159903526306,0.4548927942911784,0.40709983309110004,0.497101033727328,-6.947174541320897,29.98558550223481,-15.179272696290932,0.0,0.0
ES2004c,27,0.6664164463678995,0.41171447436014813,0.3804547190666199,0.19563947121302286,0.0829562818010648,0.3453533351421356,0.3408228059609731,0.6859921663999557,-12.417557290857872,33.246695661939135,-20.331495282683566,0.0,0.0
ES2004c,28,0.7010350823402405,0.5097296237945557,0.5621968706448873,0.219438170393308,0.08961610992749532,0.5705181658267975,0.38651910424232483,0.6351218496759733,-25.549547952710075,45.43952025096977,-31.269318362247024,0.0,0.0
ES2004c,29,0.5555958847204844,0.526048352320989,0.46035313606262207,0.25194256007671356,0.2211037383725246,0.71635369459788,0.48615256945292157,0.7414317727088928,-43.982057400932774,57.89968112398725,-49.4612335906254,0.0,0.0
ES2004c,30,0.661927064259847,0.6158262292544047,0.49470331768194836,0.26495419442653656,0.20665969451268515,0.43679506580034894,0.46695618828137714,0.6556900391976038,-42.239052593950426,55.19035248921347,-48.137312350466686,0.0,0.0
ES2004c,31,0.6944854259490967,0.5582895676294962,0.5298367838064829,0.26573575536410016,0.30335936695337296,0.5627369085947672,0.46581541498502094,0.9584512114524841,-48.05215530073852,58.09417538584098,-55.47329728710264,0.0,0.0
ES2004c,32,0.5468988219896952,0.5336153010527293,0.41330064336458844,0.3337246924638748,0.23974675933519998,0.5074879626433054,0.4924407998720805,0.8390774528185526,-38.071340566583686,57.89923985784916,-44.19387208992857,0.0,0.0
ES2004c,33,0.7585156758626302,0.5246498882770538,0.47750068704287213,0.25103965153296787,0.11448099340001743,0.4336713949839274,0.4130716621875763,0.9410267074902853,-13.19071722141753,24.57208304070041,-20.8472078529327,0.0,0.0
ES2004c,34,0.7401007413864136,0.44343823194503784,0.23201737304528555,0.1108941709001859,0.04705758020281792,0.3036167770624161,0.4732896089553833,0.5341078024357557,0.9853359157677088,1.1963475275341844,-6.25885308889833,0.0,0.0
ES2004c,35,0.6773137052853903,0.48843316237131756,0.3486759265263875,0.14065990348656973,0.06900738614300887,0.44884084661801654,0.4633311629295349,0.6857852240403494,-11.148611742151962,25.736712357373985,-19.40029617402081,0.0,0.0
ES2004c,36,0.6190685232480367,0.3573947052160899,0.6148943901062012,0.1640531321366628,0.1483526974916458,0.5922403534253439,0.4168934424718221,0.9820969502131144,-5.879329603724808,23.734977249971877,-20.608773341546506,0.0,0.0
ES2004c,37,0.6158467133839926,0.45069650808970135,0.4429109791914622,0.1592602332433065,0.07341796904802322,0.3285343994696935,0.39907381931940716,0.6566295822461446,-13.110016963755259,18.9638942659344,-19.79517964844548,0.0,0.0
ES2004c,38,0.6802386442820231,0.39762907723585766,0.5401265521844228,0.1684188892443975,0.07854729642470677,0.38869093855222064,0.3994624813397725,0.8588290413220724,-6.689941749337613,18.593585037205333,-13.004678193502594,0.0,0.0
ES2004c,39,0.7048896551132202,0.4672073821226756,0.6168709695339203,0.15400009353955588,0.09177176157633464,0.5464382966359457,0.4575343330701192,0.7414220174153646,-39.98093345067155,42.99757883741526,-44.185806312705985,0.0,0.0
ES2004c,40,0.618919849395752,0.482953945795695,0.550064151485761,0.32809927811225253,0.3115720624725024,0.56207907696565,0.4622260133425395,0.6589539051055908,-41.63440247683152,54.320336388264856,-49.745234167912976,0.0,0.0
ES2004c,41,0.6157963077227274,0.41619481643040973,0.3771687795718511,0.41110241413116455,0.38714459041754407,0.4043264389038086,0.5304166475931803,0.42618685960769653,-44.7435047114898,54.18101635108843,-52.526598825801635,0.0,0.0
ES2004c,42,0.5391130050023397,0.43883805473645526,0.3997335930665334,0.4654265344142914,0.3941000352303187,0.4322097698847453,0.4792582591374715,0.5836427708466848,-48.225785134469994,56.6404273766534,-53.725325539029484,0.0,0.0
ES2004c,43,0.5950776835282644,0.4128391246000926,0.3687919427951177,0.3246371199687322,0.32962684084971744,0.22212184965610504,0.45117584864298504,0.734053373336792,-31.304368396583715,42.980249762469235,-37.93272835399035,0.0,0.0
ES2004c,44,0.6314186056454977,0.3602202832698822,0.32839536170164746,0.2186160907149315,0.11690399671594302,0.3395700256029765,0.4991263449192047,0.4925554742415746,-9.01403009438248,13.87976316877112,-17.621235322146727,0.0,0.0
ES2004c,45,0.5617789427439371,0.3125049074490865,0.2727040300766627,0.16617216914892197,0.0849546380341053,0.5295262336730957,0.4185831844806671,0.7942867477734884,5.372054857139293,-8.694220439342432,-4.742458197610849,0.0,0.0
ES2004c,46,0.6544123888015747,0.4295559624830882,0.2858903855085373,0.18384036918481192,0.08826900584002335,0.44450875123341876,0.4299972554047902,0.9492601354916891,7.7346641439196775,-10.510921204755016,-2.674340944571243,0.0,0.0
ES2004c,47,0.6816260814666748,0.26697873572508496,0.517014722029368,0.10893395791451137,0.0482971016317606,0.35431336363156635,0.36567071080207825,0.8266186515490214,12.64820854619847,8.654145119005419,-1.7007004339468281,0.0,0.0
ES2004c,48,0.6362643043200175,0.24145708978176117,0.7119096914927164,0.1969284936785698,0.12770162771145502,0.4845733940601349,0.4216865599155426,0.9691246350606283,16.555199085865656,10.757771682722089,1.559688991214884,0.0,0.0
ES2004c,49,0.6756174166997274,0.3776002451777458,0.5253349443276724,0.13433120648066202,0.057725285490353904,0.42504434784253436,0.49791239698727924,0.3515504561364651,14.876128187473336,10.742143473525966,0.6673380760579753,0.0,0.0
ES2004c,50,0.8183124860127767,0.7819179693857828,0.19443930188814798,0.25903816521167755,0.21088862046599388,0.4479755361874898,0.4174175262451172,0.6187973966201147,13.835315967200208,7.812767861449942,-2.5946968919993445,0.0,0.0
ES2004c,51,0.7268526355425516,0.6862636506557465,0.1636298050483068,0.10599855581919353,0.06239517405629158,0.3868734836578369,0.44188347458839417,0.9784211913744608,8.656686223716491,-5.818542258212349,-2.0675969421854212,0.0,0.0
ES2004c,52,0.6088836789131165,0.2618541369835536,0.28501413265864056,0.0798795111477375,0.03551384061574936,0.4014377494653066,0.43539098898569745,0.3699009595438838,1.618720660879683,-14.78489624744114,-1.2702013401519965,0.0,0.0
ES2004c,53,0.7541847229003906,0.5679669479529063,0.28699229409297305,0.08831719309091568,0.046285078239937626,0.33801116545995075,0.45067425568898517,0.46587249636650085,6.742515010985961,-9.565372696730378,2.8593151427701398,0.0,0.0
ES2004c,54,0.7778315941492716,0.5348233431577682,0.5144312878449758,0.13562029848496118,0.04610608207682768,0.34639747937520343,0.504934142033259,0.6333467910687128,8.851833929727809,5.059513527222207,1.2361154846523237,0.0,0.0
ES2004c,55,0.7521580656369528,0.4658539096514384,0.35395359496275586,0.13251842806736627,0.06017408768335978,0.2945765455563863,0.44773316383361816,0.7551804184913635,9.664968504010469,14.665390084171571,-1.6955431862422314,0.0,0.0
ES2004c,56,0.6382613976796468,0.4006211956342061,0.29979434112707776,0.12396916002035141,0.06607496862610181,0.5300475458304087,0.33728423714637756,0.8768412669499716,6.737547500443024,-15.084193153130826,-2.803465416795904,0.0,0.0
ES2004c,57,0.5554173191388448,0.26299310723940533,0.47940876086552936,0.15700812141100565,0.11559360101819038,0.48505671819051105,0.41256237030029297,0.6041042804718018,4.9437207092902105,11.259635419200421,-3.8567542785007896,0.0,0.0
ES2004c,58,0.6174566745758057,0.2605814387400945,0.5600238839785258,0.10889447232087453,0.04591155673066775,0.4968087474505107,0.4235665599505107,0.5091587950785955,9.147820499779156,26.551654943234336,-5.732056611780853,0.0,0.0
ES2004c,59,0.6443924804528555,0.2969994793335597,0.6410878698031107,0.12546425312757492,0.03062424249947071,0.4751998335123062,0.3820563356081645,0.6829087237517039,6.321132161919487,22.79913876003683,-11.258581097564601,0.0,0.0
ES2004c,60,0.7299665411313375,0.3999138077100118,0.46903444826602936,0.11280770599842072,0.05728136623899142,0.6565947532653809,0.555907686551412,0.7405615548292795,10.41806389233491,14.987763720497648,-13.217751596873205,0.0,0.0
ES2004c,61,0.7531033953030905,0.473483348886172,0.3988807102044423,0.20552081366380057,0.12596790244181952,0.5254040062427521,0.42613546053568524,0.9744072556495667,11.873904079447096,7.362459092496067,-7.611635313003808,0.0,0.0
ES2004c,62,0.7427086234092712,0.4597555200258891,0.3208273649215698,0.12550242493549982,0.040235619992017746,0.35835914810498554,0.3984707792599996,0.6910531520843506,8.52244379938896,5.937180245845616,-3.0979838854296617,0.0,0.0
ES2004c,63,0.7633083462715149,0.6185526251792908,0.2936580354968707,0.1360063428680102,0.05703289061784744,0.360702524582545,0.39180466532707214,0.5216826895872752,3.181637525447813,-3.3629503624956882,-3.7413313678627453,0.0,0.0
ES2004c,64,0.676432470480601,0.45775023102760315,0.17871975898742676,0.13620412846406302,0.057866902401049934,0.336750532190005,0.44535093506177265,0.6315865814685822,3.4845684704734894,-12.572759170471565,-4.075065415257394,0.0,0.0
ES2004c,65,0.6527995467185974,0.4044576684633891,0.3489655901988347,0.13006753971179327,0.03629572317004204,0.4159181962410609,0.36824289957682294,0.9786485632260641,0.9653888919063148,5.15031056002998,-8.72092410513916,0.0,0.0
ES2004c,66,0.7169284025828043,0.34737048546473187,0.3618712400396665,0.15419351061185202,0.05728512381513914,0.3830357789993286,0.3677712082862854,0.7859148879845937,1.1249725861011914,14.91551808801645,-9.098587742169444,0.0,0.0
ES2004c,67,0.3909599681695302,0.1252909923593203,0.2975441912810008,0.07951050996780396,0.02144790254533291,0.17114413529634476,0.31965726613998413,0.10931941742698352,-15.747862396695034,-17.627789198016146,-2.8933440831320776,0.0,0.0
ES2004c,68,0.5742796460787455,0.16499821345011392,0.22077500820159912,0.12632944931586584,0.045021439592043556,0.18734651803970337,0.4519336720307668,0.03876267311473688,-34.47644377769146,11.741054066449996,0.7050727534532628,0.0,0.0
ES2004c,69,0.5678839484850565,0.21959802508354187,0.1197311927874883,0.12225242952505748,0.042159284154574074,0.0641762154797713,0.4522954523563385,0.06573724870880444,-34.7941863798162,11.981285845032028,-1.2789131205727224,0.0,0.0
ES2004c,70,0.49586038788159686,0.26181600987911224,0.3132449885209401,0.0893900915980339,0.019540468230843544,0.13732651124397913,0.48266199231147766,0.05013362877070904,-19.731241088677972,17.162782302534108,0.7462965820794091,0.0,0.0
ES2004c,71,0.523946632941564,0.2668326844771703,0.4568094114462535,0.1091382826368014,0.022641249932348728,0.3833136210838954,0.4976991017659505,0.3404038418084383,8.437823094091721,23.296067390933118,5.50169727417627,0.0,0.0
ES2004c,72,0.5496471226215363,0.35276874899864197,0.5473600129286448,0.10303282737731934,0.026250048230091732,0.48889867464701336,0.43985073765118915,0.20514063288768133,1.0129990768752843,10.487418401332535,1.5470546846566424,0.0,0.0
ES2004c,73,0.3526909053325653,0.13025444249312082,0.5777238210042318,0.07740275810162227,0.0289858461668094,0.37794307867685956,0.4270671606063843,0.3855031769101818,-15.643715308000415,-10.494136988669135,5.680057528557388,0.0,0.0
ES2004c,74,0.42365942398707074,0.16535742580890656,0.516828328371048,0.09678215781847636,0.025645521158973377,0.49261481563250226,0.39393388231595355,0.5973801463842392,-11.200409776781727,-13.096326395715986,9.481312210333106,0.0,0.0
ES2004c,75,0.3778257369995117,0.18211200833320618,0.3290622929732005,0.075308658182621,0.025315146893262863,0.32436952988306683,0.29732251167297363,0.40164465457201004,-9.81157454104053,-15.04086054029032,6.071632135902906,0.0,0.0
ES2004c,76,0.42529170711835224,0.13827226559321085,0.3792986472447713,0.09126017987728119,0.026086213067173958,0.26525871207316715,0.33192844192186993,0.491099468121926,-13.63265502477762,-13.245999922663032,2.532180314927126,0.0,0.0
ES2004c,77,0.3638552526632945,0.12056782096624374,0.5258845090866089,0.12408518046140671,0.0503894512852033,0.2665403038263321,0.4302380581696828,0.13870454331239065,-22.31293892399366,-18.29111256761182,1.5323001440690192,0.0,0.0
ES2004c,78,0.3256717026233673,0.12366748849550883,0.4356745382150014,0.1249326119820277,0.03709497551123301,0.28164052466551465,0.3998572031656901,0.0969014751414458,-22.815575238136276,-20.890555471927524,0.6025862382910682,0.0,0.0
ES2004c,79,0.3681290845076243,0.13830162833134332,0.4868183235327403,0.12630301713943481,0.04152021805445353,0.22954832017421722,0.3936534325281779,0.18034342086563507,-21.32905996085876,-19.896255943189292,0.5080553662312405,0.0,0.0
ES2004c,80,0.3735402822494507,0.13661998262008032,0.42428432901700336,0.1153646136323611,0.04868374764919281,0.19654534757137299,0.39367587367693585,0.36224841078122455,-21.3266122285888,-16.006654911408248,-0.45089343842885193,0.0,0.0
ES2004c,81,0.3561652600765228,0.17882758130629858,0.37754281361897785,0.09162650754054387,0.03670421987771988,0.21910040080547333,0.35835370421409607,0.170407360419631,-21.370832286995086,-15.804677012445019,0.26794123508882334,0.0,0.0
ES2004c,82,0.34071798125902814,0.13767589628696442,0.5301331579685211,0.10275290161371231,0.04251708338658015,0.17644867797692618,0.34482670823733014,0.4218718657890956,-20.47766387548882,-15.976983543787247,0.9401942140810697,0.0,0.0
ES2004c,83,0.39261582493782043,0.1557973325252533,0.4415164887905121,0.09552432596683502,0.035730442653099694,0.32860205074151355,0.40957604845364887,0.3127647439638774,-19.821802146979717,-15.244604263517097,0.649384419888648,0.0,0.0
ES2004c,84,0.42643611629803974,0.16830447812875113,0.498691866795222,0.06969793761769931,0.031159886469443638,0.4579028884569804,0.40459731221199036,0.5570337995886803,-15.806053510815858,-11.739057146396142,0.3650020063302348,0.0,0.0
ES2004c,85,0.4986599286397298,0.3136063665151596,0.3348306765158971,0.055230919271707535,0.014719222982724508,0.47289899984995526,0.44461260239283246,0.4073193271954854,-9.694230601915088,-1.3612889117602123,-3.195696540093977,0.0,0.0
ES2004c,86,0.5493463774522146,0.3111659487088521,0.6881110469500223,0.08960638071099918,0.02573379936317603,0.4067313075065613,0.48532267411549884,0.22885141149163246,6.574581900801643,13.691890014835058,2.0844067705748213,0.0,0.0
ES2004c,87,0.5136934916178385,0.26407061020533246,0.5009055534998575,0.08536600321531296,0.016397524004181225,0.3168623298406601,0.4758162498474121,0.11584388154248397,17.573758126305048,22.18428428916862,13.172062097797756,0.0,0.0
ES2004c,88,0.4960857530434926,0.2430425782998403,0.5765926241874695,0.07890970756610234,0.014109862968325615,0.39885329206784564,0.48328370849291485,0.25466271738211316,17.834440739660423,21.025408239325873,14.08248216460081,0.0,0.0
ES2004c,89,0.5734345018863678,0.383111039797465,0.3660128563642502,0.36528516312440235,0.3397254217416048,0.22890607515970865,0.38495807846387226,0.39083242913087207,14.914051210610765,16.158089103012845,10.608383234375223,0.0,0.0
ES2004c,90,0.5003610452016195,0.2586158861716588,0.4536655942598979,0.5727614363034567,0.45255627234776813,0.4215870797634125,0.24886991580327353,0.9969984690348307,13.525247147590806,19.14614681857974,6.18582670486889,0.0,0.0
ES2004c,91,0.5928797324498495,0.2723243584235509,0.631123681863149,0.21317246556282043,0.06618077059586842,0.3703627685705821,0.35829105973243713,0.9956462979316711,15.277212389951403,24.09257915288292,8.923391509034541,0.0,0.0
ES2004c,92,0.5874612927436829,0.225102037191391,0.5877589384714762,0.09623720000187556,0.03458921052515507,0.4285414194067319,0.3577725986639659,0.661569577952226,17.279141387215606,27.622720582006327,15.693310548875003,0.0,0.0
ES2004c,93,0.36713598171869916,0.13696666061878204,0.41113577286402386,0.0577483798066775,0.014163266867399216,0.19444159666697183,0.19305846095085144,0.45114829142888385,11.583739249991439,22.375822440606584,12.617516924543644,0.0,0.0
ES2004c,94,0.5663248697916666,0.24891079465548197,0.4628088225920995,0.05887975419561068,0.022102902332941692,0.2991875261068344,0.36770956714948017,0.37767215569814044,16.582877970911486,37.17670787056183,19.98177990358086,0.0,0.0
ES2004c,95,0.5856020251909891,0.24011170864105225,0.4667465587457021,0.06261662145455678,0.024542855098843575,0.33440475662549335,0.4149360954761505,0.3141563832759857,16.710767466503526,34.22842596140881,20.03723397480333,0.0,0.0
ES2004c,96,0.5221130053202311,0.25577853123346966,0.49835965037345886,0.08904849489529927,0.03245280310511589,0.5044257839520773,0.44804059465726215,0.21267972638209662,20.340158264726316,31.956614130423834,19.559735155855495,0.0,0.0
ES2004c,97,0.5706357359886169,0.21350984275341034,0.35692739486694336,0.086554154753685,0.026421820744872093,0.6081319351991018,0.41614757974942523,0.2990872338414192,15.394654964591263,31.42038824480134,19.160532677178868,0.0,0.0
ES2004c,98,0.555780033270518,0.2141504337390264,0.4163776934146881,0.07271023963888486,0.025669461737076443,0.48852285246054333,0.35182053844134015,0.4885578652222951,11.973048960264046,31.394612554188992,17.923781402841403,0.0,0.0
ES2004c,99,0.5688926974932352,0.20894687871138254,0.45413196086883545,0.0793414091070493,0.023456890136003494,0.4696794847647349,0.298074871301651,0.37899506092071533,12.362189581507314,30.636044736831497,17.411150498681344,0.0,0.0
ES2004c,100,0.5144499739011129,0.21626012523969015,0.40056021014849347,0.08201183006167412,0.020507076444725197,0.525802085796992,0.32435891032218933,0.05300038835654656,16.081572010604177,28.10883444326618,17.757182805789398,0.0,0.0
ES2004c,101,0.5293424228827158,0.1866736759742101,0.5175176163514456,0.09312030052145322,0.033538419753313065,0.5119161605834961,0.42218082149823505,0.06490787460158269,15.78452773601313,28.586700071155338,13.866338321373313,0.0,0.0
ES2004c,102,0.5448460181554159,0.2945279727379481,0.7011289993921915,0.28005460898081463,0.26687443256378174,0.5982781648635864,0.5286868810653687,0.46945900718371075,17.30660065798973,33.11300547407196,-4.029836999204779,0.0,0.0
ES2004c,103,0.5948625902334849,0.3611005147298177,0.37676748136679333,0.08009458209077518,0.03786342032253742,0.2789156585931778,0.42555032173792523,0.13996092105905214,6.628689694790036,13.14168009726606,-6.116176765743933,0.0,0.0
ES2004c,104,0.6384987235069275,0.25363317628701526,0.4243346005678177,0.08209409068028133,0.02237840120991071,0.18015330781539282,0.3785873254140218,0.5513226091861725,4.978113366934715,11.721454622981064,-7.138242331893937,0.0,0.0
ES2004c,105,0.5757513542970022,0.26106159885724384,0.3600523869196574,0.08407099420825641,0.022202737008531887,0.16502236326535544,0.42300985256830853,0.4364515816171964,3.8310949129643532,13.01757034957941,-5.718712918841356,0.0,0.0
ES2004c,106,0.6400755643844604,0.2521899143854777,0.4045015672842662,0.08217077950636546,0.020771213496724766,0.33818065623442334,0.4105984965960185,0.4985633095105489,4.901643080672067,11.699514924986092,-4.59560596948847,0.0,0.0
ES2004c,107,0.6451868812243143,0.2627206842104594,0.4945415457089742,0.09524144480625789,0.01750379769752423,0.33032087981700897,0.453319251537323,0.6263588666915894,5.2099060953531025,18.607100384821685,-4.901715022560997,0.0,0.0
ES2004c,108,0.5551591316858927,0.2685270508130391,0.207050030430158,0.09877787033716838,0.02331443193058173,0.2885723412036896,0.48727600773175556,0.2390709693233172,-7.976062774780044,13.971925569870534,-2.9709154515206655,0.0,0.0
ES2004c,109,0.44430915514628094,0.20163138210773468,0.21887128055095673,0.08569209898511569,0.03017925036450227,0.186402827501297,0.4824788173039754,0.16922714561223984,-12.40440805771589,20.451894078804656,4.026162181483173,0.0,0.0
ES2004c,110,0.375876247882843,0.14605779945850372,0.3262796600659688,0.12382275859514873,0.05088295601308346,0.29848386843999225,0.4257148007551829,0.3683072129885356,-30.73761998843325,23.188829926638913,-0.26017377657188384,0.0,0.0
ES2004c,111,0.4233493010203044,0.19195572038491568,0.24443634847799936,0.10117006301879883,0.07219300294915836,0.17389236887296042,0.40454573432604474,0.16767471780379614,-32.581949895220255,22.822361589155108,-5.012683187121357,0.0,0.0
ES2004c,112,0.38545599579811096,0.16620401044686636,0.2716352293888728,0.07610517988602321,0.026076155404249828,0.10507022216916084,0.37294089794158936,0.32103020946184796,-29.897940801171043,23.79681491725036,-6.314981359676458,0.0,0.0
ES2004c,113,0.4470255474249522,0.19472132126490274,0.1876336137453715,0.0835858831803004,0.019699849498768646,0.19487354159355164,0.4366413752237956,0.11020423596103986,-26.053519599168112,23.537104731475306,-7.008095458967637,0.0,0.0
ES2004c,114,0.42507274945576984,0.21600538988908133,0.26770782470703125,0.07274862378835678,0.021152715819577377,0.22337380796670914,0.45686901609102887,0.1477017141878605,-11.315356017202191,23.10099839504086,-0.11206714271356259,0.0,0.0
ES2004c,115,0.46410836776097614,0.17551827430725098,0.2695879389842351,0.09940160810947418,0.02758008986711502,0.1701074776550134,0.447808176279068,0.19963877648115158,-15.952077520388391,21.568888084080708,0.15257247978791075,0.0,0.0
ES2004c,116,0.42357675234476727,0.20077678064505258,0.17225015660127005,0.07941166559855144,0.023559340586264927,0.14675098160902658,0.4787978132565816,0.22480037063360214,-25.818678003922614,18.073380801686827,-2.96452046288456,0.0,0.0
ES2004c,117,0.4009903371334076,0.20314501722653708,0.1439949373404185,0.07897761712471645,0.022462273637453716,0.2351593772570292,0.4181554317474365,0.2706138826906681,-25.101992980228232,17.834059568245138,-3.1504397208321726,0.0,0.0
ES2004c,118,0.4024123052755992,0.18881491323312125,0.2519705692927043,0.0747676615913709,0.015250825012723604,0.09845486283302307,0.46207404136657715,0.29167552664875984,-25.009799393318655,18.153539631738425,-4.101915263585756,0.0,0.0
ES2004c,119,0.40080180764198303,0.17541848123073578,0.168947363893191,0.06826996058225632,0.017177244027455647,0.1237577348947525,0.4617663125197093,0.12398436665534973,-24.68234506469102,18.22593953482478,-5.363892996027016,0.0,0.0
ES2004c,120,0.5391015807787577,0.17652122676372528,0.47965819636980694,0.08729820201794307,0.016732207809885342,0.24079636732737222,0.4339844584465027,0.5898832082748413,-12.057285163146075,22.988476771989358,-0.9019936165736415,0.0,0.0
ES2004c,121,0.510201116402944,0.2656605541706085,0.28468474249045056,0.09407388667265575,0.025275226061542828,0.2779995972911517,0.4450467626253764,0.30571286876996356,-10.259085327511288,21.793570883769465,1.394468939335665,0.0,0.0
ES2004c,122,0.42398926615715027,0.2505549192428589,0.2324676811695099,0.08621889849503835,0.020733792645235855,0.35985203584035236,0.5224723021189371,0.15816090752681097,-21.502523039243908,20.11350234044365,-2.9568886420053375,0.0,0.0
ES2004c,123,0.41535165905952454,0.23263733088970184,0.29886142909526825,0.09796226521333058,0.019092457368969917,0.2314571092526118,0.5057918330033621,0.4650851786136627,-22.829306182514305,20.071508452182936,-4.486066961674932,0.0,0.0
ES2004c,124,0.5046710968017578,0.28889791667461395,0.27901101609071094,0.10165978223085403,0.017023821050922077,0.22019273539384207,0.5437179505825043,0.5498508512973785,-19.51295688702172,16.133586468834338,-7.1169977086304685,0.0,0.0
ES2004c,125,0.5480128328005472,0.2473414142926534,0.4187130779027939,0.11400621136029561,0.0370679780219992,0.17304211109876633,0.4764614800612132,0.6361194948355356,-15.963821785764388,16.972751690471142,-5.885702402181593,0.0,0.0
ES2004c,126,0.22177032629648843,0.10068218906720479,0.26806296904881793,0.03593559811512629,0.006900590534011523,0.11307425300280254,0.14678810040156046,0.15239696701367697,3.370038806150226,9.07323241245219,-0.17088641094040924,0.0,0.0
ES2004c,127,0.13341457645098367,0.06509434183438619,0.12306660413742065,0.01759776473045349,0.005877255151669185,0.10579814513524373,0.12842565774917603,0.21664021412531534,-0.17797999041137588,13.173867826171465,5.8502640487709465,0.0,0.0
ES2004c,128,0.4242483377456665,0.16293564438819885,0.5002430280049642,0.05692444493373235,0.018655923505624134,0.14577044546604156,0.4116181929906209,0.43238556881745654,-3.795720051046665,39.07341350477092,17.143685214009462,0.0,0.0
ES2004c,129,0.4913901786009471,0.30489112933476764,0.333570917447408,0.08129156505068143,0.034063744669159256,0.3374680429697037,0.3839673598607381,0.6642620960871378,1.471640876544038,17.87295454124741,3.3907971787446773,0.0,0.0
ES2004c,130,0.5840447545051575,0.3460547874371211,0.35028552015622455,0.07649376491705577,0.03947603205839793,0.43638189633687335,0.48197874426841736,0.2236816237370173,9.113726816191338,15.328510045588786,0.11668928862172774,0.0,0.0
ES2004c,131,0.3737821578979492,0.19957852363586426,0.2582933207352956,0.07393246392409007,0.024539824575185776,0.38125582536061603,0.2752787967522939,0.13766994078954062,7.158650287167586,11.86635638239625,1.4542472927307475,0.0,0.0
ES2004c,132,0.34222741921742755,0.16962180038293204,0.14600205918153128,0.05234146614869436,0.01787077138821284,0.1396407075226307,0.2501723567644755,0.13441928227742514,2.82983139490632,16.477363062439398,3.994548358918244,0.0,0.0
ES2004c,133,0.5790951450665792,0.26063278317451477,0.30240726470947266,0.09145077814658482,0.029294002801179886,0.54863969484965,0.3753725190957387,0.4862142379085223,11.605918528014561,26.365865476688914,9.261133250253192,0.0,0.0
ES2004c,134,0.5089931885401408,0.20590077340602875,0.36533557375272113,0.13172580301761627,0.08658899708340566,0.3029995759328206,0.4752758741378784,0.6394197245438894,-11.518329840768944,19.030669773152365,3.2457404288394103,0.0,0.0
ES2004c,135,0.4264933566252391,0.20215781529744467,0.3122478872537613,0.08959950506687164,0.03414115495979786,0.3159207155307134,0.5652214686075846,0.4792632535099983,-14.347072918666905,21.01048082623164,0.8638067446877558,0.0,0.0
ES2004c,136,0.48714133103688556,0.23148594299952188,0.45439570148785907,0.07038153211275737,0.013135440647602081,0.3834932545820872,0.36226455370585126,0.3089893984918793,1.8627730049125137,23.331365628650037,3.0112262108738013,0.0,0.0
ES2004c,137,0.5028744041919708,0.23867087562878928,0.39934595425923664,0.0698046659429868,0.015568333677947521,0.4683701495329539,0.3763229747613271,0.3900886078675588,9.968865824188674,26.653402325496767,7.8406289438354255,0.0,0.0
ES2004c,138,0.5353463888168335,0.2395399957895279,0.491680383682251,0.0686074544986089,0.019130528594056766,0.49374611179033917,0.39253445466359455,0.6931911905606588,9.130160723286236,25.37360863849125,6.303109966540483,0.0,0.0
ES2004c,139,0.5583040018876394,0.2245793491601944,0.4218055804570516,0.07108330229918162,0.02221449340383212,0.5090319414933523,0.43815189599990845,0.4330236216386159,3.884656837333232,27.28510168137539,5.09467597381055,0.0,0.0
ES2004c,140,0.6323113838831583,0.2239316056172053,0.43505287170410156,0.08032719045877457,0.019087588414549828,0.2107744018236796,0.5101461907227834,0.5185018057624499,-3.7458353907957913,23.406885719159387,1.3164971012543734,0.0,0.0
ES2004c,141,0.5669873952865601,0.18484544257322946,0.3709444006284078,0.0692208285133044,0.016246118272344272,0.3545743425687154,0.5389901101589203,0.5396019021670023,-8.514002612319894,21.645231447196448,-0.3075271778724293,0.0,0.0
ES2004c,142,0.448908269405365,0.13515219589074454,0.48833535114924115,0.07808696975310643,0.015404168205956617,0.33029739061991376,0.4048250416914622,0.6171651308735212,-10.553580676585446,25.55543895424098,0.954025186485027,0.0,0.0
ES2004c,143,0.44894973436991376,0.1306992769241333,0.2740770975748698,0.06987235446770985,0.017433767827848595,0.40020333727200824,0.38595421115557355,0.2701556906104088,-23.98967936209235,22.302845814679603,-2.5246716739335584,0.0,0.0
ES2004c,144,0.525602400302887,0.2387476066748301,0.3826851050059001,0.08351327727238338,0.019412195620437462,0.38155842820803326,0.47230446338653564,0.4041931579510371,-20.878343387019363,22.118412476050906,-6.730919576273846,0.0,0.0
ES2004c,145,0.5202550490697225,0.17871848245461783,0.40857868393262226,0.07489730666081111,0.01904687440643708,0.31062039732933044,0.43486811717351276,0.3549813727537791,-22.02410968759882,23.05750913064486,-8.803794193108962,0.0,0.0
ES2004c,146,0.46462851762771606,0.21641814708709717,0.36517420411109924,0.08664494007825851,0.01495924157400926,0.39028478662172955,0.4394015570481618,0.43211562434832257,-23.182886875430665,17.374907122154607,-5.950784834890922,0.0,0.0
ES2004c,147,0.4530631899833679,0.18158572912216187,0.3164677272240321,0.06983539213736852,0.016470172132054966,0.3462098439534505,0.3988598684469859,0.7700836062431335,-26.1947717475639,18.068898496668137,-7.949550860859208,0.0,0.0
ES2004c,148,0.44946298003196716,0.1745730141798655,0.47076598803202313,0.07179033507903416,0.01434122615804275,0.40222763021787006,0.4277519981066386,0.47769033908843994,-22.64469420928869,16.897938910665566,-6.1251395555934,0.0,0.0
ES2004c,149,0.4971179664134979,0.18916439513365427,0.4844764719406764,0.06782100598017375,0.01745761123796304,0.466426541407903,0.4317600131034851,0.45030741890271503,-3.063487155299495,23.300326337565355,1.7827883533929765,0.0,0.0
ES2004c,150,0.5252466996510824,0.2148552139600118,0.5347926020622253,0.06599538773298264,0.02148529328405857,0.2951069176197052,0.4161863426367442,0.8999552329381307,7.208784888985805,26.71571389118454,8.015454971559079,0.0,0.0
ES2004c,151,0.5986815492312113,0.14442325135072073,0.4342686931292216,0.09022488817572594,0.02210618493457635,0.4791337351004283,0.4495017131169637,0.5590361431241035,4.527868022965379,25.725473267607914,8.453114840717424,0.0,0.0
ES2004c,152,0.4820474485556285,0.18380228678385416,0.27521801988283795,0.07413774604598682,0.02339144175251325,0.3178224563598633,0.41786975661913556,0.43260636925697327,2.047007804817865,27.433918756249682,7.373040219866585,0.0,0.0
ES2004c,153,0.47533074021339417,0.18795841932296753,0.36736559867858887,0.09022797644138336,0.021892510975400608,0.24032300213972727,0.365636279185613,0.22884985556205115,1.239453225431655,27.556450837633395,7.732939273103445,0.0,0.0
ES2004c,154,0.5138076543807983,0.20920834441979727,0.35650740067164105,0.06525212153792381,0.027547506615519524,0.2602359702189763,0.38679174582163495,0.5016626616319021,1.5511114383575144,27.926278178978833,8.192150824094332,0.0,0.0
ES2004c,155,0.4796619514624278,0.229781245191892,0.34967189530531567,0.19674043357372284,0.1584896119311452,0.35274507602055866,0.4952675799528758,0.2491361399491628,7.949459601627957,30.99111361196115,2.8221798360728836,0.0,0.0
ES2004c,156,0.48253563046455383,0.2892213960488637,0.6048304438591003,0.4859326680501302,0.38398265838623047,0.4535849988460541,0.5975485046704611,0.3690860445300738,18.80908918333516,36.494355003591686,-3.190589738396543,0.0,0.0
ES2004c,157,0.5367169976234436,0.4455023606618245,0.5683335959911346,0.4618413845698039,0.43038861950238544,0.5197773277759552,0.5976720054944357,0.411563903093338,20.780223703220578,33.45003932936826,-4.622893299704617,0.0,0.0
ES2004c,158,0.5143993298212687,0.42786909143129986,0.4951334496339162,0.21279031783342361,0.18065675223867098,0.29710473616917926,0.4868846337000529,0.511169875661532,8.865651483062285,11.13553699485763,-12.215339183959479,0.0,0.0
ES2004c,159,0.5460425714651743,0.24489851295948029,0.4148441751797994,0.15805677076180777,0.05362073704600334,0.5412216583887736,0.38438989718755084,0.3304161385943492,1.3044874538034286,-10.2677914562569,-1.7257381300445298,0.0,0.0
ES2004c,160,0.18359084924062094,0.07950385411580403,0.16880136728286743,0.12179876367251079,0.03936390330394109,0.09030970931053162,0.1464294195175171,0.017398600776990254,-14.932288138696379,8.99192677842545,0.52397360683322,0.0,0.0
ES2004c,161,0.0,0.0,0.0,0.0,0.0,0.0,0.0,0.0,0.0,0.0,0.0,0.0,0.0
ES2004c,162,0.7029705047607422,0.5224657952785492,0.0651656190554301,0.44686152537663776,0.2857672373453776,0.4269039233525594,0.4603143632411957,0.9270817637443542,-5.1253553411277215,8.719598709503314,-1.2692760243310908,0.0,0.0
ES2004c,163,0.7169039448102316,0.5227270821730295,0.11479702467719714,0.3174147605895996,0.226881871620814,0.33331088721752167,0.504875252644221,0.5448615948359171,-1.3988399195267058,11.705744604786773,-3.056651742789717,0.0,0.0
ES2004c,164,0.7044267257054647,0.5527412196000417,0.30589549988508224,0.37386398017406464,0.3574652721484502,0.4875008265177409,0.37887391944726306,0.9956016937891642,2.62651952360607,9.886731122266399,-15.665000660111216,0.0,0.0
ES2004c,165,0.6223408182462057,0.3889074722925822,0.2628406087557475,0.3471005658308665,0.3887602885564168,0.41632771492004395,0.509499986966451,0.9672441482543945,8.782211097497031,11.419258473362873,-18.858633526259123,0.0,0.0
ES2004c,166,0.7276264429092407,0.453934242328008,0.34920292099316913,0.40477465589841205,0.35039756695429486,0.4794246057669322,0.2758534749348958,0.9953343470891317,9.750271942189322,16.467432909225074,-9.250482988860437,0.0,0.0
ES2004c,167,0.7965173721313477,0.5038375953833262,0.41744402050971985,0.2647639811038971,0.23537800212701163,0.5205585062503815,0.4986993372440338,0.8050766984621683,8.947561876895099,25.696934803367583,-4.599373727074988,0.0,0.0
ES2004c,168,0.7246450781822205,0.34461914499600727,0.4259284883737564,0.22377878924210867,0.2439480423927307,0.4159611761569977,0.43234506249427795,0.44042129317919415,5.969819053087942,30.09108632570766,-4.471371353875974,0.0,0.0
ES2004c,169,0.6700482567151388,0.42523781458536786,0.39642470081647235,0.2857276399930318,0.31470557550589245,0.4506605267524719,0.47946890195210773,0.41750403121113777,36.71152366812781,43.34691590013699,31.09276892496175,0.0,0.0
ES2004c,170,0.659354587395986,0.5732353925704956,0.3773004909356435,0.31034177045027417,0.26984884838263196,0.4623153309027354,0.46724719802538556,0.6273044248421987,36.099709574497346,49.0437808755215,28.74346963589477,0.0,0.0
ES2004c,171,0.6053543090820312,0.33294395605723065,0.42656054099400836,0.3251866747935613,0.22616703808307648,0.2921544710795085,0.43751946091651917,0.30422218640645343,3.722592730714885,33.47219656997978,-10.492165841795766,0.0,0.0
ES2004c,172,0.4381759266058604,0.22241074840227762,0.4555659294128418,0.13662259777386984,0.05119817145168781,0.23063320418198904,0.329903523127238,0.5939300358295441,29.085122956612754,-62.67587463766219,-32.74861064349597,0.0,0.0
ES2004c,173,0.4750316043694814,0.24493777255217233,0.353172500928243,0.0693950889011224,0.03410934160153071,0.272408867875735,0.3120563824971517,0.5592605043202639,-0.39186174631690324,-40.30129295614755,-10.96849382697476,0.0,0.0
ES2004c,174,0.548373301823934,0.3452255775531133,0.37060749530792236,0.07473648960391681,0.06450325498978297,0.21669725328683853,0.47188928723335266,0.6577511330445608,-25.821761402242476,-13.612523957946047,-0.47277041439926454,0.0,0.0
ES2004c,175,0.5474654138088226,0.4198245157798131,0.40014274915059406,0.08863682796557744,0.050473432367046676,0.27265718827644986,0.3441745638847351,0.6968696614106497,-19.413447159723702,-16.747355051110116,-1.139473357328345,0.0,0.0
ES2004c,176,0.45850906769434613,0.15108564247687659,0.4572376112143199,0.10150520751873653,0.06181050588687261,0.2502143879731496,0.339003582795461,0.5922793745994568,3.371549722446236,-39.106822635548106,-8.299629247448749,0.0,0.0
ES2004c,177,0.5660383303960165,0.2050035446882248,0.4883198340733846,0.09095924099286397,0.03663303144276142,0.28778774042924243,0.32532432675361633,0.1831693003575007,-10.073554605435806,-20.074026828341996,-3.5815841963127206,0.0,0.0
ES2004c,178,0.49114905794461566,0.2341839720805486,0.4562310079733531,0.08400016774733861,0.0461602546274662,0.27823954820632935,0.2796611587206523,0.5615397642056147,-7.657363106937191,-24.933276241638577,-1.3037665165947956,0.0,0.0
ES2004c,179,0.5524237354596456,0.3200281808773677,0.4178425669670105,0.11691302806138992,0.05406150842706362,0.3864067494869232,0.39798211057980853,0.40786993006865185,6.814225477162374,-47.48475107620024,-11.073847239760992,0.0,0.0
ES2004c,180,0.5230242311954498,0.2701881180206935,0.4085847834746043,0.07941668232282002,0.0319689828902483,0.3454599330822627,0.3283604582150777,0.1895982101559639,19.05967176206504,-59.24996149451895,-20.08175062193165,0.0,0.0
ES2004c,181,0.5325699249903361,0.20065616567929587,0.5343596637248993,0.09365679820378621,0.038315547009309135,0.18859492987394333,0.3618316153685252,0.6185352156559626,0.1551315824039682,-36.95827419734407,-9.48322817514858,0.0,0.0
ES2004c,182,0.5742786129315695,0.25416167080402374,0.5641663074493408,0.10025520871082942,0.047523923218250275,0.21464705963929495,0.31838704148928326,0.692846437295278,-6.840905340676765,-17.144793925206862,-3.203725137318304,0.0,0.0
ES2004c,183,0.5862286686897278,0.23696518937746683,0.4448293447494507,0.09850681573152542,0.041860245168209076,0.32239536941051483,0.28975363572438556,0.8287218809127808,-4.947840191419589,-18.56537973378958,1.8965039325866737,0.0,0.0
ES2004c,184,0.5719582637151083,0.1999821960926056,0.4299788971741994,0.10013837864001592,0.04837504650155703,0.4082082112630208,0.3466264009475708,0.7644997239112854,6.3606990234097935,-39.39262858487193,-7.628381770688044,0.0,0.0
ES2004c,185,0.4141506751378377,0.26207323372364044,0.3971623331308365,0.12538798650105795,0.05458662783106168,0.4182378600041072,0.3687899708747864,0.4415350755055745,13.920570527740756,-72.76197054944888,-13.58676336379701,0.0,0.0
ES2004c,186,0.504315197467804,0.29087289174397785,0.5215508739153544,0.13706917067368826,0.06598395854234695,0.4157806783914566,0.36033586661020917,0.6452992471555868,7.085641934466825,-58.69243690216979,-6.641798483944309,0.0,0.0
ES2004c,187,0.48418450355529785,0.19337027768294016,0.46992937723795575,0.07815501590569814,0.0439900333682696,0.2005869299173355,0.3112483123938243,0.4451623310645421,-3.443243971837646,-36.909100078488635,0.30808217948394595,0.0,0.0
ES2004c,188,0.5975323915481567,0.296946515639623,0.39938680330912274,0.10007887581984203,0.06864971294999123,0.2114415392279625,0.3439692755540212,0.43665338555971783,-8.459447206842727,-19.12522077365938,4.676799218994804,0.0,0.0
ES2004c,189,0.5449793537457784,0.2754695912202199,0.4108699858188629,0.08983265608549118,0.03876679763197899,0.29359132548173267,0.3204064766565959,0.36126600702603656,-6.17649309372581,-24.706257003575757,2.9137323650541376,0.0,0.0
ES2004c,190,0.4271476666132609,0.18553773562113443,0.40326325098673504,0.10637369751930237,0.05944448461135229,0.2012358009815216,0.3019956052303314,0.8653919498125712,17.642457273518104,-61.393221294503064,-19.010690498879985,0.0,0.0
ES2004c,191,0.529030462106069,0.38031769792238873,0.35941162208716076,0.08916958669821422,0.04665268833438555,0.21595495442549387,0.456167866786321,0.5717703575889269,21.734370183831192,-75.93371001899932,-21.327965326131093,0.0,0.0
ES2004c,192,0.5486554304758707,0.21350673834482828,0.4148244857788086,0.08509403715531032,0.03822007837394873,0.32683535913626355,0.3688436845938365,0.5755382577578226,-0.09773092877479013,-35.5201639254637,-7.214308209524138,0.0,0.0
ES2004c,193,0.6020989815394083,0.21320514380931854,0.36171812812487286,0.0765958937505881,0.03488916282852491,0.36719755331675213,0.35286269585291546,0.5844156642754873,-11.555086838737532,-20.968313501125223,0.8459805451171049,0.0,0.0
ES2004c,194,0.5110369523366293,0.19393775860468546,0.46212191383043927,0.11526118963956833,0.0354696586728096,0.5053579608599345,0.41402100523312885,0.6771676540374756,-19.22795281781216,-35.261073939367236,10.355130187806878,0.0,0.0
ES2004c,195,0.5506484111150106,0.24900168677171072,0.2451572666565577,0.09558627754449844,0.04811137169599533,0.3307941158612569,0.32796356578667957,0.37341166225572425,-21.228501626152227,-34.17340543529298,12.30518101297443,0.0,0.0
ES2004c,196,0.5353314081827799,0.2780990203221639,0.23696880663434663,0.09405310948689778,0.038890586545070015,0.4742703934510549,0.39261457324028015,0.15638715277115503,-22.83841210746141,-32.222889155006456,13.587029136081677,0.0,0.0
ES2004c,197,0.4911020000775655,0.26020655035972595,0.4347695509592692,0.08894372234741847,0.045575122659405075,0.3399801601966222,0.3265508363644282,0.4581179864083727,-17.19784467600301,-35.68539483732719,4.726716732081125,0.0,0.0
ES2004c,198,0.3677336573600769,0.24836871524651846,0.49239496390024823,0.18201050659020743,0.17544824195404848,0.26609450578689575,0.47968406478563946,0.437985693415006,34.400754213876176,-67.75576667450153,-40.84726535051232,0.0,0.0
ES2004c,199,0.47310131788253784,0.22961300611495972,0.3302788585424423,0.10141895711421967,0.07744253675142924,0.44324272871017456,0.4051380356152852,0.4891016936550538,19.556693545516165,-44.37493846752852,-20.903818600876445,0.0,0.0
ES2004c,200,0.4988240798314412,0.2928611636161804,0.30122218529383343,0.12559588750203451,0.09491349880894025,0.3258420303463936,0.28923500577608746,0.6697754363218943,-17.51715232817771,-21.03208662028452,29.612323019915948,0.0,0.0
ES2004c,201,0.5310967663923899,0.3581564525763194,0.31918780505657196,0.07361815124750137,0.050452105700969696,0.27470416327317554,0.3245452145735423,0.5368291487296423,-18.734701343313205,-13.212353303308717,43.86484932796728,0.0,0.0
ES2004c,202,0.5153750578562418,0.3002215226491292,0.26910359660784405,0.10818251470724742,0.06584300100803375,0.2301721622546514,0.286011924346288,0.6655465712149938,-15.39755474126777,-16.781196861925142,31.20954512575136,0.0,0.0
ES2004c,203,0.4761124650637309,0.26017458736896515,0.24254792680342993,0.10112676521142323,0.05940147116780281,0.2903758039077123,0.3288988371690114,0.5372737807532152,-15.37363307200876,-25.722718358150406,6.738509927422346,0.0,0.0
ES2004c,204,0.5288559099038442,0.30944650371869403,0.38178353508313495,0.07809175302584966,0.029651305327812832,0.3872376928726832,0.3176036973794301,0.3656599894165993,-8.861332431053842,-21.888481740051407,-5.933162379908083,0.0,0.0
ES2004c,205,0.5114808181921641,0.2557568699121475,0.5011779169241587,0.13001432021458945,0.06976309667030971,0.4013171245654424,0.34668317437171936,0.5727963894605637,16.057785544575005,-43.68947425462403,-21.446975422139314,0.0,0.0
ES2004c,206,0.4623718361059825,0.3048178106546402,0.30932092666625977,0.08791660517454147,0.034132820864518486,0.36643993854522705,0.4670580526192983,0.32221340636412305,18.611143200874867,-78.56278919031426,-20.641641971926692,0.0,0.0
ES2004c,207,0.4417880177497864,0.3562950938940048,0.35702531536420185,0.11610935131708781,0.09701718017458916,0.5789374808470408,0.6415788531303406,0.40702912708123523,-42.81626587702586,-84.22168051801621,41.01946248790158,0.0,0.0
ES2004c,208,0.4387950797875722,0.32062989473342896,0.39475848774115246,0.10376828908920288,0.04999664736290773,0.5845531721909841,0.5261828203996023,0.11658612142006557,0.28598654829558967,-61.7642680707876,-3.992176747969235,0.0,0.0
ES2004c,209,0.5211203495661417,0.41718822717666626,0.29038725793361664,0.0857192153731982,0.062434609358509384,0.24436544378598532,0.4367305636405945,0.3764093167458971,6.516379406055305,-34.11394657559949,-14.454780567412982,0.0,0.0
ES2004c,210,0.379985233147939,0.22251168390115103,0.24586336811383566,0.14549985031286874,0.125519843151172,0.4354195296764374,0.46454689900080365,0.054701805512498446,9.484566045285751,-67.1665229262915,-17.879567592237095,0.0,0.0
ES2004c,211,0.5334661602973938,0.2910541941722234,0.3417339126269023,0.12179460376501083,0.05085053667426109,0.3234788477420807,0.3734732468922933,0.6318119466304779,-13.810083765359321,-28.057667747433925,16.466433522614143,0.0,0.0
ES2004c,212,0.49510223666826886,0.3644793430964152,0.26615317165851593,0.10714920361836751,0.05989683916171392,0.18488801767428717,0.3008941262960434,0.4166204488525788,-29.74503056941724,-19.653244716279712,10.258651936075614,0.0,0.0
ES2004c,213,0.5545012950897217,0.2521819820006688,0.3971392512321472,0.07368604590495427,0.0459204725921154,0.21774771312872568,0.3767593502998352,0.09973504642645518,-23.701324962417473,-17.414044393414663,-1.85666853573072,0.0,0.0
ES2004c,214,0.5316080152988434,0.24293705324331918,0.3481495678424835,0.08689465870459874,0.048247075329224266,0.3507280647754669,0.30803926785786945,0.5491375798980395,-12.664229078636131,-20.021691489073476,-3.807647335311264,0.0,0.0
ES2004c,215,0.5227984289328257,0.2523097097873688,0.42406557003657025,0.08383787175019582,0.034897731617093086,0.46022929251194,0.3384476701418559,0.5585363594194254,-11.776921576285636,-21.614977199564986,-6.894161572293274,0.0,0.0
ES2004c,216,0.5184036592642466,0.17839818199475607,0.4660579065481822,0.0915762223303318,0.032168405751387276,0.38532695174217224,0.36057258645693463,0.23641529182593027,-13.716418788691337,-23.10789021577358,-4.8507856329019345,0.0,0.0
ES2004c,217,0.49804283181826275,0.20525731146335602,0.38865018387635547,0.10650917887687683,0.0458761944125096,0.40291579564412433,0.3276592989762624,0.5958528580764929,-8.726813784217713,-23.756837089810407,-2.9472761767683213,0.0,0.0
ES2004c,218,0.48906498154004413,0.2530034879843394,0.2815566708644231,0.07922537128130595,0.04018331070741018,0.4161779483159383,0.3212653895219167,0.24609969028582176,-13.699336767623478,-24.261889582143237,-4.600945922629755,0.0,0.0
ES2004c,219,0.5098618467648824,0.2634803503751755,0.3708118995030721,0.08419136703014374,0.03382922646900018,0.45189787944157916,0.29571125904719037,0.06205217416087786,2.8974750856051963,-43.05434897350518,-16.07209082830364,0.0,0.0
ES2004c,220,0.3863313893477122,0.1819708744684855,0.33416693409283954,0.09109208732843399,0.0467335544526577,0.3573814928531647,0.41260908047358197,0.23361357798178992,10.739878402037183,-76.15525613927296,-13.079167760470796,0.0,0.0
ES2004c,221,0.44675485293070477,0.21221384902795157,0.19961882134278616,0.07630789528290431,0.027532636498411495,0.5371380746364594,0.5031606157620748,0.3702748566865921,8.696114187684339,-63.24919744892969,-6.826452186415556,0.0,0.0
ES2004c,222,0.5701954960823059,0.21873711546262106,0.4958829681078593,0.11384505281845729,0.05156975363691648,0.31248735388120014,0.4355001151561737,0.5030306130647659,-4.351785370220443,-41.72230572535893,7.82522496988592,0.0,0.0
ES2004c,223,0.5683450698852539,0.25106164316336316,0.4654488166173299,0.12063321471214294,0.09190622717142105,0.39757222930590314,0.35843129952748615,0.6984010487794876,-4.259569849484261,-23.896924477246586,6.678524231022084,0.0,0.0
ES2004c,224,0.6017369230588278,0.216899906595548,0.3274264931678772,0.16929981609185538,0.21995811412731806,0.2055014669895172,0.41212162375450134,0.6710146144032478,-5.965029577051827,-21.469469470998817,10.530560726867916,0.0,0.0
ES2004c,225,0.5523320833841959,0.20257173975308737,0.32692211866378784,0.13516815503438315,0.12834958483775458,0.25170108179251355,0.3978028694788615,0.5111169070005417,-5.120436900582274,-19.879707206661468,11.960287543550907,0.0,0.0
ES2004c,226,0.5107091963291168,0.29952993988990784,0.19920500616232553,0.14607078830401102,0.1287680541475614,0.19138805319865546,0.3411170144875844,0.8042424917221069,-1.0845219416502534,-15.259322540739939,10.782491004765163,0.0,0.0
ES2004c,227,0.557657261689504,0.36985106269518536,0.2280806303024292,0.12468319882949193,0.11418848484754562,0.2594318439563115,0.33904481927553815,0.9071908394495646,4.87431773543123,-11.113049412610957,6.501975048181155,0.0,0.0
ES2004c,228,0.6409202615420023,0.40031319856643677,0.2914758821328481,0.09593903770049413,0.10367051263650258,0.10020848363637924,0.40756701429684955,0.9216960469881693,2.452937466154221,-4.861965915629022,2.217395498419232,0.0,0.0
ES2004c,229,0.6500604947408041,0.35110464692115784,0.5880900422732035,0.2253380169471105,0.09375550597906113,0.4380505333344142,0.4419078429539998,0.6532655252764622,-18.31856167566674,45.1626365653226,-30.341160031275678,0.0,0.0
ES2004c,230,0.5446406801541647,0.29039958616097766,0.5188807249069214,0.2350607911745707,0.12087191641330719,0.6021298964818319,0.4417446355024974,0.794712483882904,17.763051522864775,24.55533126464468,-10.296723278036463,0.0,0.0
ES2004c,231,0.5648708939552307,0.37002550065517426,0.6476468245188395,0.27977325518925983,0.2208715702096621,0.45550326506296795,0.36987775564193726,0.6083407004674276,18.49234240268392,25.55654394763648,-7.490508255717846,0.0,0.0
ES2004c,232,0.6053702235221863,0.27018416424592334,0.33627791206041974,0.10264990106225014,0.16242413160701594,0.1892425169547399,0.34209803740183514,0.9824047287305196,-4.33461189801793,-13.925777426701062,-2.904091394354721,0.0,0.0
ES2004c,233,0.5196187992890676,0.29740263024965924,0.23418883979320526,0.16646656269828478,0.18737939124306044,0.40490293502807617,0.35076693693796795,0.6797337333361307,-5.186818736257355,-24.739863307216705,6.614394374741635,0.0,0.0
ES2004c,234,0.5382896661758423,0.35076330105463666,0.46957282225290936,0.15424347668886185,0.16353660076856613,0.31094085921843845,0.4285023808479309,0.7502671480178833,-1.7612351523117822,-51.20355021320114,3.870285666960728,0.0,0.0
ES2004c,235,0.44563230872154236,0.18943630158901215,0.43331921100616455,0.1079318846265475,0.04542672882477442,0.2446413387854894,0.28088000416755676,0.7387914856274923,-1.0425220552064418,-56.502062574261736,-3.023819904419447,0.0,0.0
ES2004c,236,0.6243224342664083,0.29827186465263367,0.5175523360570272,0.11772949745257695,0.06602984728912513,0.26870334645112354,0.31652246912320453,0.9735990762710571,-1.1247302476048677,-35.52861113722534,-10.328062100214384,0.0,0.0
ES2004c,237,0.6076052784919739,0.22660704453786215,0.5068914989630381,0.09799871345361073,0.09332739065090816,0.19798975189526877,0.3045835494995117,0.9761371413866679,-6.008062341017692,-16.131602040860493,-3.738204531254395,0.0,0.0
ES2004c,238,0.5128340820471445,0.26410719752311707,0.3417310913403829,0.08100634564956029,0.04902991528312365,0.24228056271870932,0.28748763104279834,0.8958629568417867,-12.706117048757728,-18.068133552694054,0.9742581692237208,0.0,0.0
ES2004c,239,0.5522777338822683,0.24677551289399466,0.4214190940062205,0.07672391459345818,0.0545883538822333,0.21014533440272012,0.34498841563860577,0.9473508596420288,-11.672336208150947,-12.026321042843023,-5.431158612549509,0.0,0.0
ES2004c,240,0.5501356422901154,0.2434180130561193,0.37359193960825604,0.09889691819747289,0.0639210840066274,0.26488356788953143,0.3785868485768636,0.9795128703117371,-11.249721367221712,-14.764009855366544,-4.548824332131038,0.0,0.0
ES2004c,241,0.5868373314539591,0.27303414046764374,0.5950559079647064,0.07736379653215408,0.04526893297831217,0.31791553397973377,0.36631641785303753,0.9347269535064697,-10.664883240409132,-13.14794746249214,-6.4195118257574775,0.0,0.0
ES2004c,242,0.5771244764328003,0.3332870850960414,0.3317531645298004,0.06155907238523165,0.029854171598951023,0.2348659783601761,0.3837084074815114,0.9667184154192606,-7.136311451028585,-8.879034154842282,-9.8773266438348,0.0,0.0
ES2004c,243,0.6616119146347046,0.24424810707569122,0.40100058913230896,0.06524618466695149,0.024625863879919052,0.24475599825382233,0.4028673271338145,0.9827105601628622,-4.826822203611201,-8.29956523453781,-9.952892058858893,0.0,0.0
ES2004c,244,0.598592221736908,0.25886572400728863,0.39015160004297894,0.047006638099749885,0.024548844744761784,0.6194115082422892,0.40358837445576984,0.3897719321151574,1.7922100859924388,-7.606944987403647,-1.8608758190562857,0.0,0.0
ES2004c,245,0.6102819442749023,0.20814228554566702,0.3650895059108734,0.04302827393015226,0.016984838371475536,0.518879234790802,0.37454620997111004,0.33941230674584705,1.4882977463527054,-7.599443622419375,-2.3063103757307757,0.0,0.0
ES2004c,246,0.5915368596712748,0.12671548128128052,0.3552774985631307,0.037770538280407585,0.016948294825851917,0.6259366869926453,0.37687212228775024,0.15534549951553345,0.31468930666897493,-9.078549645557052,-2.038461440450798,0.0,0.0
ES2004c,247,0.4690416256586711,0.13659185667832693,0.5179491539796194,0.0372618151207765,0.0186661755045255,0.4192319909731547,0.36973898609479267,0.0895803098877271,1.3826061192881687,-11.067858388311953,-3.1439624187089095,0.0,0.0
ES2004c,248,0.47323710719744366,0.17018998662630716,0.516099750995636,0.03588337078690529,0.02002924308180809,0.5081169009208679,0.36828648050626117,0.07877006381750107,2.8213268705553367,-12.809036634683894,-4.273715437782831,0.0,0.0
ES2004c,249,0.45998210708300274,0.1597858468691508,0.5343394875526428,0.038043798257907234,0.020566890637079876,0.5094782014687856,0.3251601954301198,0.22419262925783792,3.4316921975866825,-13.712590959115817,-4.944052508007605,0.0,0.0
ES2004c,250,0.5978183150291443,0.3061864376068115,0.4013625780741374,0.08139024674892426,0.04229163254300753,0.2618105659882228,0.3346061209837596,0.8245364824930826,-2.7922242614310164,-19.90708553051055,3.805290914690995,0.0,0.0
ES2004c,251,0.6009677052497864,0.2864927649497986,0.3740038424730301,0.10166568557421367,0.033818923557798065,0.2547624061505,0.3972674012184143,0.5713206802805265,-3.594935595790254,-20.049981824236053,9.613395861598201,0.0,0.0
ES2004c,252,0.6371016502380371,0.3373078505198161,0.5938518842061361,0.1235653633872668,0.09699298565586408,0.5232868194580078,0.44187214970588684,0.4828968445460002,16.175263602928897,23.5756997250905,-5.455123031498396,0.0,0.0
ES2004c,253,0.6156026323636373,0.2748069365819295,0.5145270228385925,0.1285834660132726,0.09259306142727534,0.5299210250377655,0.36269595225652057,0.8336992462476095,12.68812603636155,26.11686508037734,-7.5444701282362585,0.0,0.0
ES2004c,254,0.6189708908398946,0.2626107682784398,0.5698869824409485,0.11665792018175125,0.06735147287448247,0.42442843317985535,0.35511120160420734,0.7414712607860565,11.984592664787307,24.89850787339276,-6.9478982166072925,0.0,0.0
ES2004c,255,0.6375178098678589,0.3560640712579091,0.5911825696627299,0.1669017275174459,0.09097931534051895,0.5404910743236542,0.3673659861087799,0.6852649450302124,13.898583250679225,20.827639375915716,-6.440439181520091,0.0,0.0
ES2004c,256,0.6690660119056702,0.3180039624373118,0.5312512516975403,0.24368584156036377,0.10379812866449356,0.5692338546117147,0.38986973464488983,0.6343051195144653,15.31150543318744,16.83900056564109,-5.90473946498026,0.0,0.0
ES2004c,257,0.7170451283454895,0.43932221333185834,0.40999163190523785,0.20120630164941153,0.14965425431728363,0.598678062359492,0.5208083192507426,0.4813222934802373,18.464619099934794,14.805064663213757,-1.3443221474543685,0.0,0.0
ES2004c,258,0.6907613674799601,0.5146044890085856,0.44362232089042664,0.15599174300829569,0.07337647800644238,0.41466499368349713,0.4104503095149994,0.7065714200337728,14.435650214440756,11.84804878860639,-1.8566453439065895,0.0,0.0
ES2004c,259,0.6910359263420105,0.27295800546805066,0.6090557277202606,0.10301781942447026,0.03688635863363743,0.5805485248565674,0.4026291072368622,0.6301328738530477,10.448562708272823,14.340120451821724,-2.6395171679888043,0.0,0.0
ES2004c,260,0.7849939465522766,0.40245362122853595,0.32602331538995105,0.31532645722230274,0.1451359118024508,0.4928768128156662,0.4161621828873952,0.9005663394927979,11.870840358885166,9.060107554658712,-4.100830875436595,0.0,0.0
ES2004c,261,0.5553268392880758,0.191759059826533,0.6277788082758585,0.04455876350402832,0.02152643787364165,0.1871628537774086,0.35135772824287415,0.9706951578458151,0.24018370615269902,-10.679978278931628,-24.351194914876203,0.0,0.0
ES2004c,262,0.5458383659521738,0.18626186748345694,0.5306450625260671,0.08082284902532895,0.05376277801891168,0.35302165150642395,0.2937636574109395,0.979463259379069,-0.7211569992634231,-10.167389300511616,-23.084215822215658,0.0,0.0
ES2004c,263,0.630139946937561,0.275306835770607,0.44932212432225543,0.19697041312853494,0.09009139612317085,0.4473028779029846,0.3669913113117218,0.7063712080319723,19.687855860372512,18.601369703084803,-4.7135688478661,0.0,0.0
ES2004c,264,0.5670369068781534,0.32070545852184296,0.5073309242725372,0.3255491654078166,0.22282003362973532,0.5146886110305786,0.4016365110874176,0.856631338596344,19.78676223855953,24.630935697943244,-5.76578134277421,0.0,0.0
ES2004c,265,0.6198763847351074,0.41753409306208294,0.5294836759567261,0.22723443309466043,0.14234277109305063,0.6092927058537801,0.40524019797643024,0.8978021740913391,16.10672461497622,26.40014348496317,-7.872305132444929,0.0,0.0
ES2004c,266,0.5717308322588602,0.2141218384106954,0.3571860194206238,0.08835489799578984,0.04610045254230499,0.23123425245285034,0.2988746364911397,0.9816935459772745,-8.966000967587341,-13.722277006946202,-9.996201776891239,0.0,0.0
ES2004c,267,0.6386664311091105,0.30724277595678967,0.4223715563615163,0.06959864000479381,0.06441615646084149,0.2586318453152974,0.3275912602742513,0.8886138399442037,-9.293052536013969,-13.700350490764949,-7.615044115845747,0.0,0.0
ES2004c,268,0.5429681340853373,0.29065627853075665,0.4796691834926605,0.06655717889467876,0.04856184249122938,0.2907849500576655,0.3653120497862498,0.9826744794845581,-8.386727004511357,-10.061902673065772,-6.845559902029514,0.0,0.0
ES2004c,269,0.5651658376057943,0.21459743877251944,0.32789363463719684,0.06951331223050754,0.02918022374312083,0.40161016086737317,0.33276275793711346,0.832993725935618,-3.562528265552914,-12.581165539621884,-7.971987920920504,0.0,0.0
ES2004c,270,0.5918086568514506,0.21024881800015768,0.522519717613856,0.0724525513748328,0.05398395160833994,0.3060281078020732,0.29879094163576764,0.9871852596600851,-3.7253168810405004,-13.10463712824751,-8.831325170766068,0.0,0.0
ES2004c,271,0.5613817870616913,0.2845221708218257,0.3998011002937953,0.13006742298603058,0.07648242264986038,0.2976416051387787,0.36391691366831463,0.9155869483947754,0.71734380586717,-34.01966215931376,-6.339587435662316,0.0,0.0
ES2004c,272,0.4310600757598877,0.2673748234907786,0.4478474756081899,0.0934817021091779,0.05458318442106247,0.2871331721544266,0.383282999197642,0.3814070386191209,-3.830117301754471,-61.34309808623291,4.011448583973948,0.0,0.0
ES2004c,273,0.49212756752967834,0.2667842408021291,0.5985712806383768,0.103298665334781,0.032674357295036316,0.35045376420021057,0.5077700018882751,0.5373834197719892,-1.1396345459155814,-47.75748602640024,-1.6156481374991334,0.0,0.0
ES2004c,274,0.5956035653750101,0.1972629725933075,0.44539042313893634,0.05602462589740753,0.027892038226127625,0.23744880656401315,0.31795307000478107,0.812891960144043,-4.9621550188281836,-15.065924818355072,-14.336734460754938,0.0,0.0
ES2004c,275,0.5828503370285034,0.24768573542435965,0.44648419817288715,0.06708498299121857,0.035975406567255654,0.184167742729187,0.29219069083531696,0.8135541081428528,-8.927725190171808,-15.595955361672274,-9.579403530228836,0.0,0.0
ES2004c,276,0.6123272776603699,0.2832612842321396,0.3028094271818797,0.08127506077289581,0.04166965807477633,0.30047527452309925,0.31797369321187335,0.7021142294009527,-6.847513568596443,-16.09690946054213,-6.76042317101619,0.0,0.0
ES2004c,277,0.5993504722913107,0.30947770675023395,0.4159898857275645,0.09063048164049785,0.05104808757702509,0.42490154504776,0.3568328619003296,0.6116090410699447,-5.060030585646844,-19.74883757668982,2.4913055388027145,0.0,0.0
ES2004c,278,0.5406564672787985,0.279572715361913,0.44979851444562274,0.05525155986348788,0.026025622462232906,0.503590335448583,0.3778858582178752,0.06821824206660192,-8.003229511801242,-16.759942948377073,2.9433133376752765,0.0,0.0
ES2004c,279,0.5869526664415995,0.3406000832716624,0.5392588376998901,0.06474022194743156,0.02979665497938792,0.5193046232064565,0.3339472909768422,0.01620590966194868,-15.512536481708713,-20.81088435873465,10.032808616554746,0.0,0.0
ES2004c,280,0.4992892841498057,0.22875293592611948,0.45764219760894775,0.09504330903291702,0.049247256169716515,0.30579101542631787,0.31563571095466614,0.4808357562869787,-7.410006353931107,-21.525426937860587,3.7337984732308738,0.0,0.0
ES2004c,281,0.5253863831361135,0.2403170863787333,0.3695264756679535,0.06404448673129082,0.03766545901695887,0.22436135510603586,0.3419595758120219,0.897645095984141,-8.821052711602933,-13.132043209174327,-2.7726045867458304,0.0,0.0
ES2004c,282,0.5151455899079641,0.23502718905607858,0.4763539135456085,0.05004626885056496,0.04075769583384196,0.29426661133766174,0.3498292863368988,0.9036633968353271,-10.011686994859291,-12.11394990917835,-5.92172519280983,0.0,0.0
ES2004c,283,0.5624467333157858,0.22341692447662354,0.4225873351097107,0.06106763953963915,0.039279818534851074,0.33479607105255127,0.34255798657735187,0.7014454553524653,-10.474164558535158,-14.160049677885448,-1.8831040078114316,0.0,0.0
ES2004c,284,0.5422417322794596,0.259920135140419,0.4318358898162842,0.05936435982584953,0.0260587390512228,0.3153468370437622,0.36480288704236347,0.6575126952181259,-12.586443349963803,-14.885661333294246,7.532086951455099,0.0,0.0
ES2004c,285,0.5842366019884745,0.27218641837437946,0.31525946656862897,0.07013624782363574,0.02616463229060173,0.257979616522789,0.3696364462375641,0.7540792425473531,-10.080568820251573,-15.386137402332501,13.727838700470441,0.0,0.0
ES2004c,286,0.638772169748942,0.3865652084350586,0.3812214732170105,0.059472969422737755,0.02284606049458186,0.2575455904006958,0.42105374733606976,0.8655082186063131,-1.5846032490462962,-8.31649069137921,9.71982003696378,0.0,0.0
ES2004c,287,0.6316979130109152,0.34755656619866687,0.4679963290691376,0.055710647255182266,0.017239789478480816,0.1802589644988378,0.47900575399398804,0.8145209749539694,-0.29011289924141953,-6.638758066717531,10.471131544375561,0.0,0.0
ES2004c,288,0.5650194684664408,0.2832113852103551,0.35528157154719037,0.09761740018924077,0.03600957182546457,0.3676299701134364,0.36157727241516113,0.626980185508728,-10.078672013415057,-17.769909111710763,10.104611915337172,0.0,0.0
ES2004c,289,0.5464353760083517,0.2409373571475347,0.2886049648125966,0.08529893557230632,0.030623224874337513,0.6938873926798502,0.3386644124984741,0.4542754143476486,-15.608433903997017,-26.502542105978666,7.633869318844568,0.0,0.0
ES2004c,290,0.5471541285514832,0.2153388112783432,0.3221721549828847,0.08363391210635503,0.03135798188547293,0.6040475169817606,0.3440956672032674,0.13585776338974634,-15.604044659537152,-26.89144067231379,8.8866469429014,0.0,0.0
ES2004c,291,0.5826264421145121,0.26247771084308624,0.33402196566263836,0.13092478116353354,0.0743689052760601,0.5045676926771799,0.3434936801592509,0.7267560958862305,-15.154673612447718,-24.359326015827254,8.012247028932615,0.0,0.0
ES2004c,292,0.5571697950363159,0.3055815001328786,0.3973945379257202,0.09994005411863327,0.04895726218819618,0.2058712045351664,0.33682072162628174,0.9269052147865295,-14.375292342078348,-20.887203472058967,15.519256289164167,0.0,0.0
ES2004c,293,0.5477936863899231,0.30838099618752796,0.6869554917017618,0.14028297613064447,0.05687213564912478,0.2493625928958257,0.3809106747309367,0.8309501608212789,14.953168009123113,22.696745784444612,4.395024616659206,0.0,0.0
ES2004c,294,0.5803667306900024,0.3482419550418854,0.4555145899454753,0.14017543196678162,0.04641854638854662,0.3568551242351532,0.40353445212046307,0.8203062613805135,10.162415705576384,27.905993377353767,0.13055573311389823,0.0,0.0
ES2004c,295,0.6523985068003336,0.33529648184776306,0.4540813664595286,0.14175465206305185,0.07898787905772527,0.44692833224932355,0.3384802242120107,0.9435510238011678,6.671814726876079,23.70039050999132,-5.388001797458176,0.0,0.0
ES2004c,296,0.6540065209070841,0.322331706682841,0.5301726361115774,0.1606513261795044,0.06025814637541771,0.4754056930541992,0.3948303957780202,0.9613148967425028,13.150680397207248,20.464921529145226,-2.876739345729522,0.0,0.0
ES2004c,297,0.5313660601774851,0.26691370209058124,0.3406875928243001,0.07108506311972936,0.023597398462394874,0.23209863404432932,0.3668465813000997,0.5527780875563622,-2.691501674833233,-15.084654408074167,9.754236564369982,0.0,0.0
ES2004c,298,0.5415765245755514,0.3025857110818227,0.3459877371788025,0.08392856394251187,0.04215290769934654,0.3518084188302358,0.3201688329378764,0.6786636412143707,-2.2131061885626093,-15.350968167345746,10.79304348532259,0.0,0.0
ES2004c,299,0.5759660601615906,0.27581822375456494,0.3167846699555715,0.08341563741366069,0.04475049301981926,0.2539874588449796,0.3298109968503316,0.7770014007886251,-5.832192272115367,-16.736180197090842,14.298599041438683,0.0,0.0
ES2004c,300,0.5760630170504252,0.3299478093783061,0.2972177267074585,0.09047277768452962,0.03454902209341526,0.30506646633148193,0.3216479520003001,0.43607035279273987,-5.896163165949939,-20.090946965162125,16.1413686882196,0.0,0.0
ES2004c,301,0.5709474285443624,0.29712968071301776,0.32246780892213184,0.10158517708381017,0.07048936436573665,0.21174389123916626,0.3081107238928477,0.8986435731252035,-6.37849750735711,-18.230315141822352,14.329115611107975,0.0,0.0
ES2004c,302,0.5997695128122965,0.25587041179339093,0.3478104571501414,0.12014406422773997,0.04690866296490034,0.3205029269059499,0.33268507321675617,0.6171234169354042,-8.826200984702334,-24.1202147625843,-1.8081526474695426,0.0,0.0
ES2004c,303,0.5259754459063212,0.2633691877126694,0.45523570974667865,0.07742043336232503,0.0377226248383522,0.39763055245081586,0.3597084979216258,0.026008769559363525,-11.248319859383232,-34.1538707535023,-6.606926539519769,0.0,0.0
ES2004c,304,0.3671422799428304,0.2007080614566803,0.16138164699077606,0.054797122875849404,0.02980467677116394,0.25364240010579425,0.25401975711186725,0.0130120317141215,-8.523187590104312,-25.87621259627133,-1.1063427567809159,0.0,0.0
ES2004c,305,0.33166033029556274,0.10901104658842087,0.3251561423142751,0.07875641683737437,0.03022966782251994,0.10714128613471985,0.22620666027069092,0.33869733413060504,-1.2593386436114515,-12.647760091946415,-3.3357000312943996,0.0,0.0
ES2004c,306,0.539234588543574,0.25746364643176395,0.3980584492286046,0.10854450861612956,0.04420258104801178,0.3059818049271901,0.3123424748579661,0.37674108023444813,3.5787953716112733,-18.361254110191762,-2.1317585755305317,0.0,0.0
ES2004c,307,0.5291172961393992,0.2592835873365402,0.3296614686648051,0.08910433948040009,0.048117206121484436,0.20998730758825937,0.2822893609603246,0.6360173163314661,0.829011558908069,-16.18867196798548,-0.6153676827014309,0.0,0.0
ES2004c,308,0.5207230846087137,0.22903523842493692,0.20711159706115723,0.08732982973257701,0.04125127817193667,0.23192120591799417,0.28461029132207233,0.6486573020617167,-6.786449739775798,-20.664028640688237,3.606797280099368,0.0,0.0
ES2004c,309,0.529538760582606,0.21440865596135458,0.31894023219744366,0.10672206431627274,0.0422947903474172,0.43633217612902325,0.33180683851242065,0.4636754592259725,-13.912313955333772,-26.975740480263738,8.250221268984205,0.0,0.0
ES2004c,310,0.5266475677490234,0.25532109042008716,0.33155513803164166,0.11037403096755345,0.03849696802596251,0.36340189973513287,0.35001639525095624,0.3855503698190053,-14.04620610173148,-27.73455622924109,5.419156526335057,0.0,0.0
ES2004c,311,0.5859216650327047,0.3366779088973999,0.3003733456134796,0.11062026768922806,0.04172139863173167,0.3264637738466263,0.31731818119684857,0.5127152601877848,-7.5724542099972405,-25.599453939397065,9.872772797771729,0.0,0.0
ES2004c,312,0.5607014099756876,0.30110812683900195,0.24242248634497324,0.09939686954021454,0.033748685071865715,0.3329249521096547,0.2958013315995534,0.5498280127843221,-8.256374420460785,-28.439763924183598,8.037512338577326,0.0,0.0
ES2004c,313,0.5501698354880015,0.2452916552623113,0.34942444662253064,0.08417742947737376,0.06158870831131935,0.24263294537862143,0.28100945552190143,0.8494773109753927,-0.6892153362424397,-15.36223521135294,-1.6051781451799176,0.0,0.0
ES2004c,314,0.4882642428080241,0.2869194845358531,0.39418946703275043,0.0775992621978124,0.030609060699741047,0.17588301748037338,0.2711745003859202,0.814668337504069,-3.54142451189799,-18.341740432784373,-5.144806414493899,0.0,0.0
ES2004c,315,0.4586835006872813,0.24995721876621246,0.3252989749113719,0.07913093517223994,0.03706864143411318,0.21908297389745712,0.31682801246643066,0.37855058535933495,-10.337654238486133,-26.932075801166395,-1.8507775288401727,0.0,0.0
ES2004c,316,0.5930573443571726,0.35522666573524475,0.6495295067628225,0.15289207051197687,0.05661042407155037,0.19938795392711958,0.38892526427904767,0.5200625906387965,6.061723183305659,-3.819092927079746,-10.008163284425175,0.0,0.0
ES2004c,317,0.5535948177178701,0.22787874937057495,0.5303253829479218,0.19773006439208984,0.09409529715776443,0.45840423305829364,0.36305058002471924,0.9410937229792277,9.061377297283729,-16.745027174959585,4.027631839223572,0.0,0.0
ES2004c,318,0.5756887396176656,0.24253170688947043,0.3201207021872203,0.185221994916598,0.05939133961995443,0.40271081527074176,0.38586758573849994,0.8708372910817465,7.884977557337457,-14.50760951943993,3.6643136688343048,0.0,0.0
ES2004c,319,0.5581876039505005,0.26154860357443493,0.3639240662256877,0.1857481151819229,0.07285063589612643,0.40304531653722125,0.34881168603897095,0.9510277907053629,6.404941275529317,-12.615475400461756,3.242516494590083,0.0,0.0
ES2004c,320,0.5809717178344727,0.2515462438265483,0.3029540628194809,0.18131684760252634,0.058630126218001045,0.2776576628287633,0.3448296785354614,0.884699285030365,7.6252099466652155,-14.145931811422004,3.51151347136553,0.0,0.0
ES2004c,321,0.6070350408554077,0.2588468740383784,0.3276195873816808,0.18381649255752563,0.05865885317325592,0.37025828162829083,0.3657078941663106,0.9229332605997721,7.66954783183481,-14.724206199096523,3.7931444180261806,0.0,0.0
ES2004c,322,0.5946377317110697,0.24495651324590048,0.4575174500544866,0.08935247113307317,0.03365787367026011,0.36760200063387555,0.37107595801353455,0.5780555109182993,-14.001412273966688,-5.265117948542563,7.62549429317507,0.0,0.0
ES2004c,323,0.5449580947558085,0.21620427817106247,0.22227508823076883,0.10068409393231074,0.03557176391283671,0.5100724200407664,0.3503950536251068,0.8676530321439108,-13.284641716772368,-31.66589796354631,14.946822211072222,0.0,0.0
ES2004c,324,0.5413114627202352,0.27617402871449787,0.31272587676843006,0.0955001562833786,0.03007214019695918,0.4820682108402252,0.32755404710769653,0.3319905449946721,-15.196668401610511,-34.67233735300999,15.768070862909335,0.0,0.0
ES2004c,325,0.5146094858646393,0.2749631901582082,0.1493960569302241,0.10804462681214015,0.03138175358374914,0.40096623698870343,0.32160307963689166,0.22031673726936182,-16.977664177208272,-32.32582252973898,16.91910659791452,0.0,0.0
ES2004c,326,0.5453680952390035,0.2894938290119171,0.3083282758792241,0.0905240923166275,0.030573502803842228,0.3798983295758565,0.34426169594128925,0.15626010795434317,-15.995431699122777,-33.361466823928225,16.222033024296795,0.0,0.0
ES2004c,327,0.5638107458750407,0.3144176999727885,0.25713952382405597,0.1024487093091011,0.03009414051969846,0.3059532841046651,0.3248935143152873,0.2202982658830782,-16.95847305608642,-34.96104208871622,16.557566275261433,0.0,0.0
ES2004c,328,0.5750363767147064,0.2959618866443634,0.3428114304939906,0.09943371017773946,0.05362204400201639,0.3192870269219081,0.3345875044663747,0.4722346564133962,-18.93211419301831,-23.475881629402082,17.80282633761108,0.0,0.0
ES2004c,329,0.5200385351975759,0.27301013966401416,0.3526586393515269,0.08281290531158447,0.04215468093752861,0.43657609820365906,0.3598375717798869,0.7643803358078003,-20.286794081528367,-12.41289661005362,21.424726694679094,0.0,0.0
ES2004c,330,0.5471530755360922,0.40912526845932007,0.3952084978421529,0.0855959951877594,0.049306108305851616,0.36580923199653625,0.36726102232933044,0.31695786615212757,-19.300988916653434,-14.27568594496699,23.10728504343166,0.0,0.0
ES2004c,331,0.5684756934642792,0.32776135702927905,0.39536334574222565,0.08069933081666629,0.04965474456548691,0.2919393554329872,0.39863186081250507,0.7120177149772644,-19.53909996606776,-12.851852001885378,13.119896849578764,0.0,0.0
ES2004c,332,0.6427087386449178,0.4340831736723582,0.29538031419118244,0.06351806844274203,0.05523310539623102,0.47648507356643677,0.5138441125551859,0.6667752663294474,-7.570825960671457,-3.488888527845987,2.3094788743137236,0.0,0.0
ES2004c,333,0.5990278323491415,0.5105917950471243,0.264572153488795,0.23453625539938608,0.20839854081471762,0.33204415440559387,0.4603053232034047,0.9417444864908854,79.8685220602941,70.85429380857435,80.87208506755763,0.0,0.0
ES2004c,334,0.5372153123219808,0.2944294661283493,0.2694268474976222,0.09986003488302231,0.02243804434935252,0.586329440275828,0.3666726251443227,0.2157698522011439,-16.358520422103386,-34.70231320506617,10.601381582605459,0.0,0.0
ES2004c,335,0.6139191587766012,0.3274581829706828,0.33861369887987774,0.12678169210751852,0.04172078395883242,0.5437752405802408,0.36127443114916485,0.30848580102125805,-12.008418694923071,-28.358834662312336,7.3455625943528915,0.0,0.0
ES2004c,336,0.6250365376472473,0.35171298185984295,0.2756838301817576,0.11519064505894978,0.06253488486011823,0.4859485775232315,0.3544865548610687,0.742330938577652,-15.985980709708265,-31.11662628841252,13.970424546565022,0.0,0.0
ES2004c,337,0.5433852672576904,0.3054054528474808,0.22661589086055756,0.1338614970445633,0.044736754770080246,0.5172131160895029,0.3691309988498688,0.510009765625,-22.73844437425932,-44.30984348308021,23.822794367417355,0.0,0.0
ES2004c,338,0.5252166589101156,0.2026803990205129,0.21869833767414093,0.09662584712107976,0.03340123097101847,0.5885988672574362,0.36826856931050617,0.3819779319067796,-24.17636918504248,-44.98163974083466,25.080995362914717,0.0,0.0
ES2004c,339,0.556035965681076,0.30292045573393506,0.3808739334344864,0.13080276052157083,0.046564007798830666,0.42442495624224347,0.37815608580907184,0.6892103751500448,-18.246152077546327,-37.39806050346179,22.494760651038803,0.0,0.0
ES2004c,340,0.5392979085445404,0.300824910402298,0.3076484600702922,0.12538361797730127,0.040445393572251,0.3760526080926259,0.3566311299800873,0.6279355535904566,-19.22583903393108,-37.17697968213985,23.197422477604462,0.0,0.0
ES2004c,341,0.5663753549257914,0.3245990375677745,0.23447628815968832,0.10084705303112666,0.04678742277125517,0.4047740201155345,0.3300258715947469,0.8311109940210978,-18.629926431236953,-35.83148868607943,24.32348088152025,0.0,0.0
ES2004c,342,0.5577373504638672,0.25615687668323517,0.35458027323087055,0.1468559131026268,0.05794600894053777,0.3794589142004649,0.3250519931316376,0.6818144569794337,-14.306099009889602,-30.23826663659916,21.730066090837386,0.0,0.0
ES2004c,343,0.5149357616901398,0.2353099783261617,0.3096484939257304,0.18468245367209116,0.08335607871413231,0.2552076280117035,0.3119670550028483,0.9690216779708862,-14.932532510670868,-29.593623073531887,22.882399866152923,0.0,0.0
ES2004c,344,0.5697364409764608,0.31974106033643085,0.3200430820385615,0.13323173175255457,0.04616399543980757,0.46573537588119507,0.32823893427848816,0.8651028474171957,-14.993518971420507,-29.42462866017831,22.0498387537303,0.0,0.0
ES2004c,345,0.5466002225875854,0.25034662584463757,0.3212417761484782,0.14346259335676828,0.034059095506866775,0.42403964201609295,0.38979238271713257,0.705932746330897,-14.957395935795047,-27.695714162920808,21.16664382160179,0.0,0.0
ES2004c,346,0.566206157207489,0.27826521794001263,0.23906887074311575,0.13961704820394516,0.04993383586406708,0.5310711562633514,0.33155043919881183,0.7497769395510355,-15.10139313021333,-28.193961134328912,19.519722009364518,0.0,0.0
ES2004c,347,0.5575952728589376,0.3004826605319977,0.37181394298871356,0.08487157771984737,0.031267812475562096,0.42341992259025574,0.31077052156130475,0.4810374726851781,-14.956597571619803,-30.807200561999597,18.841562564939448,0.0,0.0
ES2004c,348,0.5425979296366373,0.21722153822580972,0.28894953926404315,0.1056019514799118,0.03750798354546229,0.40194719036420185,0.3163678050041199,0.8991451660792033,-13.096837282584815,-31.204612933616136,19.277345249164153,0.0,0.0
ES2004c,349,0.5506753921508789,0.3288584401210149,0.28255951901276904,0.10347691675027211,0.03691236861050129,0.25929740568002063,0.280037780602773,0.6736142635345459,-12.17242761583418,-28.767295754548645,19.38101170154715,0.0,0.0
ES2004c,350,0.5737260778745016,0.4187321464220683,0.23661088943481445,0.10419953614473343,0.054526096830765404,0.14572240908940634,0.27501877148946124,0.9297074476877848,-12.798329825041707,-28.88335079882891,18.721074151647546,0.0,0.0
ES2004c,351,0.5895572503407797,0.3375362157821655,0.3606198728084564,0.09608217080434163,0.03549512724081675,0.35591379801432294,0.3308142125606537,0.8240665396054586,-16.062126036067152,-34.08765078859273,22.572323949722136,0.0,0.0
ES2004c,352,0.5862455368041992,0.2977473388115565,0.3081148366133372,0.10049956788619359,0.03135364751021067,0.20892046640316644,0.33049829800923664,0.5243793825308481,-15.171474438669444,-32.61101492582827,21.211579640837336,0.0,0.0
ES2004c,353,0.5946234663327535,0.3722245991230011,0.2682142953077952,0.13278823345899582,0.05224395294984182,0.3642261226971944,0.3683127264181773,0.9017181396484375,-15.70120556278817,-33.4136567201688,22.93274364574702,0.0,0.0
ES2004c,354,0.5597635308901469,0.2968381891647975,0.31216152509053546,0.140151746571064,0.05419648935397466,0.3181191136439641,0.35658733050028485,0.9404254158337911,-14.185728675280785,-32.30598833595215,22.09341463103372,0.0,0.0
ES2004c,355,0.5919773976008097,0.38848726948102313,0.3465998073418935,0.19072967767715454,0.28275877237319946,0.5044296185175577,0.38395483295122784,0.9864240884780884,-8.239726406024213,-24.58456026099898,9.935307506008266,0.0,0.0
ES2004c,356,0.6395262877146403,0.31527771552403766,0.4912558396657308,0.1561404267946879,0.10444343214233716,0.27620000143845874,0.382741113503774,0.8307473262151083,18.514440485336596,28.611819037903572,1.922032465821576,0.0,0.0
ES2004c,357,0.5643196205298106,0.2907399038473765,0.3470505475997925,0.0848017546037833,0.04051282132665316,0.30543887118498486,0.33438730239868164,0.3427121536806226,-12.664936163475547,-28.4710468971022,7.286784776850056,0.0,0.0
ES2004c,358,0.6754517356554667,0.40255377689997357,0.2660051683584849,0.07257284099857013,0.059329683581988014,0.5240305662155151,0.5569374561309814,0.31137096881866455,-3.8026663393891833,0.17752246884083678,0.9775539767696079,0.0,0.0
ES2004c,359,0.6293491323788961,0.41815516352653503,0.2288604403535525,0.11218994855880737,0.11545086652040482,0.3722497522830963,0.5997220079104105,0.8675176302591959,-8.534517622779195,-0.4645312353607915,1.8504399326794065,0.0,0.0
ES2004c,360,0.6802251140276591,0.4486020902792613,0.27943094074726105,0.07014320542414983,0.06814555699626605,0.44817012548446655,0.5753307541211446,0.7523135940233866,-8.265678409427526,-0.5745922687534829,2.0205566820997394,0.0,0.0
ES2004c,361,0.5915611386299133,0.33166272441546124,0.2925739089647929,0.06289294113715489,0.029135421539346378,0.5855013330777487,0.6321454644203186,0.8510363101959229,-7.268694505813236,0.6091950305503366,1.6899775501733607,0.0,0.0
ES2004c,362,0.5509733359018961,0.3027368088563283,0.2743060638507207,0.045338694006204605,0.016036621915797394,0.7321951190630595,0.6115826368331909,0.6478378574053446,-5.844589453432559,1.1708433503149092,1.393697235971288,0.0,0.0
ES2004c,363,0.5246504545211792,0.26411060988903046,0.26657142241795856,0.05426931008696556,0.026203952729701996,0.6283441086610159,0.5849323471387228,0.4087618204454581,-5.77812468280622,1.2332506681738842,1.3824507464919267,0.0,0.0
ES2004c,364,0.49580998222033185,0.21079534788926443,0.3052639067173004,0.10209681838750839,0.034052456418673195,0.5451019704341888,0.3500983615716298,0.3756321693460147,-13.887194580078146,-30.34281521998406,9.94157708905075,0.0,0.0
ES2004c,365,0.5396853089332581,0.278674120704333,0.31303049127260846,0.09653934339682262,0.025454862664143246,0.5156446794668833,0.35982386271158856,0.13749704137444496,-14.127247824597694,-34.61977840553805,8.368695349276729,0.0,0.0
ES2004c,366,0.5423134764035543,0.30726119379202527,0.23003152012825012,0.08910815914471944,0.026347070311506588,0.4555487136046092,0.3179224232832591,0.36388400569558144,-16.585345714372135,-31.037056267604907,15.43986169117978,0.0,0.0
ES2004c,367,0.5502548019091288,0.2577515244483948,0.32833262781302136,0.12765318155288696,0.03412987291812897,0.3333999117215474,0.34373058875401813,0.5363202939430872,-12.416540546995968,-28.273216996415012,15.423515880424697,0.0,0.0
ES2004c,368,0.5169580181439718,0.25073180596033734,0.4014371583859126,0.11845943580071132,0.055069864417115845,0.6087389787038168,0.35312341650327045,0.5951318542162577,-9.846218158054862,-30.103055929690914,18.086830137901554,0.0,0.0
ES2004c,369,0.4538984497388204,0.26103632648785907,0.3981049160162608,0.11474357297023137,0.04541438507537047,0.2867761701345444,0.3265036642551422,0.4118587278450529,-16.715619718259074,-25.915029383831456,12.816933925532974,0.0,0.0
ES2004c,370,0.4398474891980489,0.2087619403998057,0.24919644991556802,0.07885311916470528,0.0370664248863856,0.2618859112262726,0.3821008801460266,0.10789953048030536,-20.523504468748566,-25.56544064234592,11.221875607468712,0.0,0.0
ES2004c,371,0.3605457544326782,0.24242488543192545,0.3835248251756032,0.10041333983341853,0.046331788102785744,0.3258558710416158,0.3981090684731801,0.04263506115724643,-20.183844998906984,-26.035288395380633,12.2365421165468,0.0,0.0
ES2004c,372,0.5334779024124146,0.29278846085071564,0.3100618819395701,0.18138893942038217,0.07464450970292091,0.42395590742429096,0.39919312795003253,0.7889893651008606,-6.604093546558665,-18.918927517369053,7.451008748457146,0.0,0.0
ES2004c,373,0.5796424349149069,0.23186670740445456,0.39464009801546734,0.11723501980304718,0.0467803031206131,0.41442667444547016,0.3027886350949605,0.8859760761260986,-9.015525703863513,-34.20438214140476,20.687730883163056,0.0,0.0
ES2004c,374,0.5786678393681844,0.29740140835444134,0.5195082128047943,0.1212673472861449,0.037611365939180054,0.3045450647672017,0.4561406075954437,0.6182081283380588,3.1442699975742427,15.227091626310468,-3.0848496312340123,0.0,0.0
ES2004c,375,0.6154832243919373,0.276099036137263,0.6335705916086832,0.15318876256545386,0.06906657541791598,0.4768619239330292,0.40212465325991315,0.937324603398641,15.230019679331114,14.33056869659459,-8.718003408273447,0.0,0.0
ES2004c,376,0.7024898926417033,0.4248035450776418,0.3125498692194621,0.1263546347618103,0.04612104594707489,0.29431388278802234,0.48927009105682373,0.5637919008731842,14.60952603567191,6.479555278608427,-8.23593223098591,0.0,0.0
ES2004c,377,0.5839594205220541,0.36783888936042786,0.45704731345176697,0.14789564659198126,0.052653330067793526,0.6030399004618326,0.40435172120730084,0.37362221752603847,6.248270971252022,-6.086169825140488,-4.668986124530118,0.0,0.0
ES2004c,378,0.5610316793123881,0.2841650942961375,0.3510073473056157,0.11694984138011932,0.036987741788228355,0.5366955498854319,0.3351442764202754,0.29231156191478175,1.0717013063747691,-24.4675501894428,-1.3358341036993355,0.0,0.0
ES2004c,379,0.4512028594811757,0.39244500796000165,0.30752049883206684,0.11295042186975479,0.02669055511554082,0.5849551359812418,0.3217512567838033,0.07894536045690377,-3.1819682373067586,-38.46635943045231,1.4455840084081715,0.0,0.0
ES2004c,380,0.5372052490711212,0.4315071205298106,0.41672666867574054,0.1539890542626381,0.11143263926108678,0.4547211726506551,0.3617276151974996,0.3377464556445678,0.1479766078447907,-14.92347151842497,-6.361186366211508,0.0,0.0
ES2004c,381,0.769778331120809,0.6301063100496928,0.5234725177288055,0.2542446156342824,0.09258115539948146,0.42770979801813763,0.46917665004730225,0.906072994073232,14.624160889843914,7.822481594444535,-10.50969393174162,0.0,0.0
ES2004c,382,0.7762981454531351,0.5679162244002024,0.47982853651046753,0.22444525361061096,0.09511297692855199,0.4159534176190694,0.5640611549218496,0.36252432068188983,14.849503456173116,7.91840743306242,-11.297120832138702,0.0,0.0
ES2004c,383,0.7154353459676107,0.5208927889664968,0.32469824453194934,0.17906024555365244,0.057341632743676506,0.3731686969598134,0.4418951968352,0.5913169632355372,12.4650255939406,13.419888176164614,-9.545648826611973,0.0,0.0
ES2004c,384,0.7171908418337504,0.4021188865105311,0.4619186222553253,0.12230474253495534,0.07993653664986293,0.2234317014614741,0.3779528687397639,0.65754224297901,11.95919459012042,19.437464485418335,-1.1712478613320991,0.0,0.0
ES2004c,385,0.702280064423879,0.2520989676316579,0.5437895655632019,0.14945035179456076,0.1270386502146721,0.19562006493409476,0.4207089344660441,0.9861766497294108,15.317516027503553,21.248045762894716,3.5796380624463233,0.0,0.0
ES2004c,386,0.6624669830004374,0.44425035516421,0.5635093251864115,0.2666887839635213,0.12636000663042068,0.43989068269729614,0.40012551347414654,0.7837233742078146,16.969513799286872,11.148501588520668,-3.8747638283107064,0.0,0.0
ES2004c,387,0.6689626773198446,0.37460564573605853,0.5790030658245087,0.1857770582040151,0.09184543664256732,0.4585764358441035,0.4521831274032593,0.9784600337346395,11.180546454466901,13.500739383008595,-8.400673275360653,0.0,0.0
ES2004c,388,0.671136220296224,0.5522223562002182,0.30268759777148563,0.16154248267412186,0.07445847615599632,0.3654612948497136,0.5165203511714935,0.8919496734937032,7.682632445377695,28.797814423814305,-4.076132790231676,0.0,0.0
ES2004c,389,0.6929817199707031,0.42453842361768085,0.3915386001269023,0.15989017486572266,0.09635890647768974,0.4434671799341838,0.44916043678919476,0.7451446255048116,6.618799205702222,37.04307490052035,-1.2517115905139165,0.0,0.0
ES2004c,390,0.6547040541966757,0.36255761484305066,0.3396747261285782,0.13705073048671088,0.06105958173672358,0.3243921250104904,0.4122544527053833,0.6449963947137197,3.1667425637377313,23.3610751265114,-5.081169620792097,0.0,0.0
ES2004c,391,0.5796618858973185,0.39091892043749493,0.24218250314394632,0.08742434034744899,0.042382687951127686,0.3499761000275612,0.3614235023657481,0.5081100563208262,5.794270220517735,28.856111586684623,1.5301895990034549,0.0,0.0
ES2004c,392,0.6582095424334208,0.353657732407252,0.3886491060256958,0.14226799458265305,0.07316389741996925,0.3719055155913035,0.3721522589524587,0.8173440098762512,11.911653236110313,24.329511212547754,2.5941468798297147,0.0,0.0
ES2004c,393,0.6563254396120707,0.3383122384548187,0.4620395501454671,0.16617643336455026,0.14815125614404678,0.49232399463653564,0.4356740415096283,0.6272329886754354,17.07406199793088,22.880526344015777,4.250195054927577,0.0,0.0
ES2004c,394,0.6625951329867045,0.34065025051434833,0.44406747321287793,0.1629686007897059,0.11756504078706105,0.3763365497191747,0.3966878354549408,0.7688801089922587,14.157551828650732,18.65135574704625,0.8529216643251631,0.0,0.0
ES2004c,395,0.6004363497098287,0.3334229389826457,0.5694395701090494,0.1666314701239268,0.07647817581892014,0.3309270242849986,0.41352352499961853,0.8171076774597168,10.387013459542281,23.833227016061823,-0.9801816569546998,0.0,0.0
ES2004c,396,0.6280022263526917,0.38175639510154724,0.4799729585647583,0.2935703496138255,0.1701422855257988,0.5246059199174246,0.42346243063608807,0.49839505180716515,10.417665974420748,20.31268155886117,-3.776818543208447,0.0,0.0
ES2004c,397,0.6236520608266195,0.2299558420976003,0.5165785451730093,0.18868878980477652,0.0752780834833781,0.41129325826962787,0.3101412057876587,0.9730103015899658,2.2064464893941023,25.772269798078224,-5.401540404444913,0.0,0.0
ES2004c,398,0.6229538321495056,0.2939767390489578,0.45022450884183246,0.15635990103085837,0.07191844284534454,0.3382399082183838,0.39116138219833374,0.9648751020431519,5.378948023911216,27.61726619056181,-4.0414179957444665,0.0,0.0
ES2004c,399,0.681206206480662,0.34293800592422485,0.5631110270818075,0.16696801284948984,0.11001211653153102,0.3251051555077235,0.42404893040657043,0.845899760723114,12.700217737462104,22.780647138263024,0.6641663989197096,0.0,0.0
ES2004c,400,0.6523536841074625,0.36594171325365704,0.590643306573232,0.18750240405400595,0.13034441322088242,0.5422996580600739,0.49700019756952923,0.6970020532608032,17.01322341591779,3.6793870454655475,0.49614297529307777,0.0,0.0
ES2004c,401,0.5869823594888052,0.3325624366601308,0.5618698298931122,0.16162274529536566,0.09755344440539677,0.6674246490001678,0.5883843501408895,0.8023961186408997,16.316554639542385,-3.058957907787077,-2.6020422131987417,0.0,0.0
ES2004c,402,0.6459920008977255,0.5173640847206116,0.36282406250635785,0.1534606715043386,0.08024321993192036,0.5541399021943411,0.5784283876419067,0.49325228730837506,18.529258406126143,13.16657455160447,-3.0090069159721415,0.0,0.0
ES2004c,403,0.6591012676556905,0.5321381986141205,0.37126271923383075,0.15620547533035278,0.09590598692496617,0.6328188081582388,0.5872231225172678,0.49091515441735584,17.558242209953494,12.636032798123233,-3.0136765846931,0.0,0.0
ES2004c,404,0.4402327239513397,0.22982601821422577,0.2198356886704763,0.04149698962767919,0.021740546450018883,0.35955793658892315,0.32817501823107403,0.7515439589818319,-7.767494369943875,1.0741028642909687,-2.333838819191639,0.0,0.0
ES2004c,405,0.4051883320013682,0.2118232697248459,0.1826320687929789,0.04088616122802099,0.02174324356019497,0.31367993851502735,0.354437251885732,0.6341591080029806,-7.685092908444692,1.6443606929507653,-2.832880305679943,0.0,0.0
ES2004c,406,0.36321674784024555,0.21778802076975504,0.1448130508263906,0.043786726891994476,0.017179104189078014,0.3842531541983287,0.3749393622080485,0.28672633444269496,-7.9051610955038685,3.990263045525309,-3.881587549920623,0.0,0.0
ES2004c,407,0.4104602535565694,0.23414808015028635,0.14523576696713766,0.04460323850313822,0.01569919753819704,0.3659492979447047,0.39809662103652954,0.40675898392995197,-8.107636223991697,4.357851550050743,-4.1192690422829825,0.0,0.0
ES2004c,408,0.3825814525286357,0.25990553696950275,0.18510392308235168,0.04619654888908068,0.016721605323255062,0.32071829835573834,0.37767066558202106,0.466030524422725,-8.594115642714069,4.853513328964972,-3.7057811472714803,0.0,0.0
ES2004c,409,0.4052986403306325,0.28770893812179565,0.20596390465895334,0.04379246259729067,0.01294308373083671,0.2221590280532837,0.3834170500437419,0.8977737029393514,-8.779314554827197,3.897700427233454,-4.274844249577901,0.0,0.0
ES2004c,410,0.4829828639825185,0.3258658746878306,0.24468647440274557,0.04114661986629168,0.014619865454733372,0.16743815938631693,0.3305168350537618,0.6339767575263977,-7.915819639998918,3.158404843239923,-4.654273514444311,0.0,0.0
ES2004c,411,0.4431469937165578,0.31180983781814575,0.41323237617810565,0.05181353539228439,0.017197894553343456,0.25572511553764343,0.3379825750986735,0.5664184888203939,-11.81014100565658,-2.3714123961492333,-5.241268103589738,0.0,0.0
ES2004c,412,0.5656898121039072,0.21251313885053,0.40084808071454364,0.08009698490301768,0.03793297832210859,0.34799018998940784,0.2935941815376282,0.7876864373683929,-6.484908686891689,-21.027628795468818,-6.005063851349352,0.0,0.0
ES2004c,413,0.48147128025690716,0.22714226444562277,0.48868638277053833,0.08745533476273219,0.03548544645309448,0.3921381135781606,0.27945361534754437,0.524895633260409,-11.538617133197462,-22.271606519909138,-1.4446418176720022,0.0,0.0
ES2004c,414,0.541184683640798,0.3027332127094269,0.3625507354736328,0.07800996551911037,0.032758563136061035,0.4644410014152527,0.2921254138151805,0.6547231624523798,-13.140270952468791,-25.125474992895864,-4.34629044463241,0.0,0.0
ES2004c,415,0.5717314084370931,0.2386697679758072,0.43856029709180194,0.08242680504918098,0.032105754440029464,0.3143138388792674,0.36488590637842816,0.7098356982072195,-12.303507453601148,-19.07369257544286,-1.0937669066969848,0.0,0.0
ES2004c,416,0.41374288002649945,0.2867329617341359,0.3311513165632884,0.16108608742554983,0.08716176201899846,0.22754456599553427,0.30937033891677856,0.3921842851365606,1.9784797606360367,-48.0403642699001,-9.663029535373095,0.0,0.0
ES2004c,417,0.3796087106068929,0.20259808003902435,0.3528788685798645,0.17755433171987534,0.10783390079935391,0.39487697184085846,0.5884331067403158,0.25031195286040503,22.167906935414265,-75.62165612811519,-27.428013390399695,0.0,0.0
ES2004c,418,0.403291791677475,0.2588256100813548,0.42613503833611804,0.2585674201448758,0.2867850971718629,0.3169044057528178,0.491206427415212,0.13974225707352161,47.94788162444555,-82.55335757287024,-51.13073482092187,0.0,0.0
ES2004c,419,0.4384196102619171,0.24541626373926798,0.3143689036369324,0.10999017457167308,0.06906665985782941,0.42158156633377075,0.5152971943219503,0.014084896227965752,15.704914618428859,-66.83046258904645,-26.069930894279427,0.0,0.0
ES2004c,420,0.5385103225708008,0.3674307366212209,0.20344526569048563,0.14188056190808615,0.06295968840519588,0.29840920865535736,0.42717618743578595,0.22922191148002943,-15.494649380781212,-38.52724655706594,-8.290034404893149,0.0,0.0
ES2004c,421,0.5034576157728831,0.3284473965565364,0.3961805502573649,0.14059855043888092,0.05556505794326464,0.364459107319514,0.41414640347162884,0.13844663898150125,-16.84631129539584,-38.80808346729109,-7.6982188255754425,0.0,0.0
ES2004c,422,0.5215109785397848,0.32434215148289997,0.36587201555569965,0.10738125443458557,0.04652489783863226,0.43743428587913513,0.4092061221599579,0.4635562151670456,-15.541911012622817,-30.16873329265266,-10.452640256501494,0.0,0.0
ES2004c,423,0.5528483589490255,0.38936615983645123,0.4351590673128764,0.0731300413608551,0.04267492393652598,0.3936697244644165,0.3715667923291524,0.36511711155374843,-12.51815413719219,-20.966150478189604,-3.419100560399802,0.0,0.0
ES2004c,424,0.5887864828109741,0.2864701996246974,0.39158234000205994,0.09637318054835002,0.033046439910928406,0.35151544710000354,0.3402317365010579,0.43000467618306476,-4.873160914108541,-24.64932461084088,11.985469490973086,0.0,0.0
ES2004c,425,0.5446220437685648,0.2581145415703456,0.3837902744611104,0.12515821307897568,0.054383994390567146,0.3238445818424225,0.3417504032452901,0.5075393269459406,-9.138677887027535,-30.645989790163863,13.239220721537095,0.0,0.0
ES2004c,426,0.5398188630739847,0.2342389871676763,0.30364664395650226,0.11123274763425191,0.04020382339755694,0.3471580892801285,0.3142492075761159,0.43262093265851337,-9.442288036176091,-30.040515147189613,12.474128649316953,0.0,0.0
ES2004c,427,0.5268810192743937,0.22860156496365866,0.37567636370658875,0.09733835359414418,0.0398364303012689,0.2928403913974762,0.30980269114176434,0.4305661718050639,-4.340173739101357,-27.42527024322357,9.355461455102757,0.0,0.0
ES2004c,428,0.47229228417078656,0.20055903494358063,0.28430722157160443,0.09294837961594264,0.04392785703142484,0.30724673221508664,0.3975554903348287,0.4584248651129504,6.847132664673924,-45.51459480251572,-7.341913947142257,0.0,0.0
ES2004c,429,0.38638665278752643,0.22629441817601523,0.36121360460917157,0.11893926064173381,0.0667248306175073,0.46259647607803345,0.6035763422648112,0.41256017486254376,25.32888946112311,-84.63328923638649,-27.26405275265024,0.0,0.0
ES2004c,430,0.4300863246122996,0.28898873428503674,0.321739802757899,0.14745772133270899,0.10212042058507602,0.48371516664822894,0.5796076456705729,0.655072563017408,6.1985533578325365,-82.69542897361549,-7.920994354452266,0.0,0.0
ES2004c,431,0.3703448474407196,0.28528111179669696,0.22981961568196616,0.12035718311866124,0.09489299605290095,0.4793991943200429,0.6402890880902609,0.48036329944928485,8.927119796365956,-82.02243108163246,-10.816078742661809,0.0,0.0
ES2004c,432,0.5322137276331583,0.31873295704523724,0.2438669577240944,0.18491806089878082,0.11635876695315044,0.31704957286516827,0.5306720534960429,0.921898365020752,6.342533844754473,-77.29448418111038,-8.666421366434436,0.0,0.0
ES2004c,433,0.5159514347712199,0.3147130260864894,0.44356389343738556,0.08364588270584743,0.028150672713915508,0.5162259737650553,0.3926043113072713,0.23686922155320644,4.909754595302174,-50.602501735400814,-6.426691121795706,0.0,0.0
ES2004c,434,0.45526326696077984,0.17284645636876425,0.18487020830313364,0.08866676936546962,0.030647047484914463,0.5266861915588379,0.37795992692311603,0.32271701625237864,-11.935766698295936,-39.29129419631366,3.029598096114276,0.0,0.0
ES2004c,435,0.4840534528096517,0.29496551553408307,0.337235448261102,0.09897139420111974,0.05348419894774755,0.29010199507077533,0.4002501567204793,0.2955218586139381,-18.589208422640446,-37.54217037786424,-4.885270115525403,0.0,0.0
ES2004c,436,0.5150834421316782,0.2942739774783452,0.5740219155947367,0.09719037016232808,0.04066659758488337,0.25881171226501465,0.3678200344244639,0.3914795909853031,-20.635884053543972,-27.031303556247767,-10.819509322585574,0.0,0.0
ES2004c,437,0.4794938564300537,0.23771463831265768,0.2797967493534088,0.08735865602890651,0.035737140104174614,0.4028494209051132,0.4012940625349681,0.13107971164087454,-18.64744721614696,-28.95818386336199,-7.557351357636244,0.0,0.0
ES2004c,438,0.5193213919798533,0.2767064919074376,0.407420555750529,0.0760854035615921,0.026516879598299663,0.38129187126954395,0.3279423813025157,0.27989472076296806,-12.311220355330278,-26.454195241970215,-0.214880934825608,0.0,0.0
ES2004c,439,0.5115971366564432,0.2774961789449056,0.24029638121525446,0.08620250970125198,0.03575623407959938,0.5084757606188456,0.29865355292956036,0.3275402983029683,-15.829120913221123,-28.155892615060605,7.366045145417085,0.0,0.0
ES2004c,440,0.5090946356455485,0.3035172720750173,0.18782568474610647,0.07985381782054901,0.04499890779455503,0.4786055386066437,0.34107839067776996,0.9555492401123047,-12.932358579345438,-24.260830045671984,11.018589186279641,0.0,0.0
ES2004c,441,0.5232238173484802,0.339657058318456,0.20322920878728232,0.07904951274394989,0.03279005363583565,0.34715040524800617,0.2934314509232839,0.48036962499221164,-14.846506535626608,-27.658757404893056,10.494390874873309,0.0,0.0
ES2004c,442,0.6200679739316305,0.4645002981026967,0.45188018679618835,0.3448166598876317,0.37811557451883954,0.5887056887149811,0.45066264271736145,0.7801519234975179,57.42853963397065,43.786930935651434,38.57838922407705,0.0,0.0
ES2004c,443,0.6230665445327759,0.5353794892628988,0.5384567578633627,0.43770094712575275,0.38178423047065735,0.43736302852630615,0.4123550057411194,0.9164100488026937,78.72486036824012,56.147450362726886,69.11291657691002,0.0,0.0
ES2004c,444,0.6390659014383951,0.5233919123808543,0.34001897772153217,0.352626030643781,0.27635880062977475,0.39345111946264905,0.4223405917485555,0.979978084564209,78.41508314772403,51.53447757608081,71.47004517291178,0.0,0.0
ES2004c,445,0.5880452990531921,0.33868786692619324,0.515268862247467,0.24221102396647134,0.22200524310270944,0.5544314583142599,0.4979048768679301,0.7262353996435801,25.847975485040777,43.66773184614533,10.395686065812304,0.0,0.0
ES2004c,446,0.6008058587710062,0.33736924330393475,0.3727834423383077,0.06957884381214778,0.021659293522437412,0.36625993251800537,0.34234840671221417,0.5277852217356364,-8.527784346705872,-16.079232013952453,7.653051091408622,0.0,0.0
ES2004c,447,0.6112549304962158,0.40271557370821637,0.3258008013168971,0.08767635375261307,0.03282336952785651,0.2134810338417689,0.35836408535639447,0.478847232957681,-7.167067137204628,-23.329214927805157,17.414412645066296,0.0,0.0
ES2004c,448,0.5792351762453715,0.2957114527622859,0.35089879234631854,0.08465442309776942,0.031312852477033935,0.34348782896995544,0.3105244239171346,0.4767664677153031,-11.096094493280548,-19.13976113798627,18.418252579151044,0.0,0.0
ES2004c,449,0.5484854181607565,0.2819766203562419,0.4586123625437419,0.08008547127246857,0.03152989720304807,0.2963533475995064,0.31131015221277875,0.7048658430576324,-11.66427113377416,-18.782767678290202,17.61854573028209,0.0,0.0
ES2004c,450,0.612744947274526,0.33539092540740967,0.31260937452316284,0.07323057949542999,0.03360566931466261,0.3038575202226639,0.3806776503721873,0.3652330959836642,-11.735694945597414,-16.565097646337563,15.564950264216181,0.0,0.0
ES2004c,451,0.5593218604723612,0.3128061791261037,0.284177228808403,0.07812277724345525,0.03581545874476433,0.27141599357128143,0.3136274764935176,0.7070770661036173,-11.621440047296824,-14.243618025747326,15.541636060654584,0.0,0.0
ES2004c,452,0.5839062333106995,0.30437814195950824,0.38466085990269977,0.07459996019800504,0.026571490491429966,0.19736860444148382,0.34171369671821594,0.5013003995021185,-11.329672423238557,-13.516340803833616,14.298458552633074,0.0,0.0
ES2004c,453,0.558199961980184,0.2851652652025223,0.3609688679377238,0.10531880706548691,0.05878479778766632,0.2953448345263799,0.3374467690785726,0.8131508231163025,-10.99515726136689,-17.296544224985542,11.709913001061091,0.0,0.0
ES2004c,454,0.5755942265192667,0.3813143124183019,0.3503575573364894,0.10008675108353297,0.039585295443733536,0.2197799732287725,0.3196082015832265,0.4910747557878494,-9.1980770926333,-15.738940645514612,-3.3360371696850275,0.0,0.0
ES2004c,455,0.6072786251703898,0.35226792097091675,0.492043673992157,0.08025829990704854,0.02280173885325591,0.2280017485221227,0.3408210575580597,0.5827338248491287,-8.186172180869393,-23.655728529484197,-5.296677056045774,0.0,0.0
ES2004c,456,0.6246902147928873,0.3271794120470683,0.4012281348307927,0.06123700241247813,0.02703815946976344,0.2791650245587031,0.35205846031506854,0.6702843531966209,-17.556047126224367,-22.01859556275166,1.0530107675421096,0.0,0.0
ES2004c,457,0.6208369334538778,0.2877911180257797,0.3096234202384949,0.08906917522350948,0.030746447543303173,0.26743534704049426,0.3402398924032847,0.9852689901987711,-14.365609989038882,-20.322978771647556,0.3933822822988053,0.0,0.0
ES2004c,458,0.6120532353719076,0.27598590155442554,0.4693055550257365,0.0693408598502477,0.03230052813887596,0.2114655946691831,0.33458497126897174,0.9525220394134521,-14.136191633047034,-19.33656502860437,-1.424878021188858,0.0,0.0
ES2004c,459,0.6079160968462626,0.26881320774555206,0.500022808710734,0.07177058234810829,0.03452284820377827,0.19848856329917908,0.3639681041240692,0.9436809619267782,-17.36825116384774,-20.09555849952487,0.9029465747941484,0.0,0.0
ES2004c,460,0.5559131105740865,0.2723177919785182,0.464058796564738,0.07763650144139926,0.03331781613330046,0.21177085737387338,0.29859621326128644,0.9761677781740824,-15.496290317031944,-21.4967481498041,3.334931379643417,0.0,0.0
ES2004c,461,0.5745952328046163,0.33857374389966327,0.48839402198791504,0.09894901514053345,0.0332894412179788,0.37814923127492267,0.3199523588021596,0.3951042915383975,-15.732909227282216,-24.366149964323768,3.5720101175519052,0.0,0.0
ES2004c,462,0.5273991227149963,0.3034171362717946,0.346670925617218,0.08266579235593478,0.03003935081263383,0.43776405851046246,0.34329888224601746,0.20241577426592508,-14.45553995485823,-23.164939865727785,6.158822348940912,0.0,0.0
ES2004c,463,0.5333945751190186,0.3016367107629776,0.3433062583208084,0.09438772996266682,0.034458580116430916,0.5088177820046743,0.376203974088033,0.6977715889612833,-17.436817454350045,-24.985098965188914,6.901533588128217,0.0,0.0
ES2004c,464,0.545635978380839,0.30927615364392597,0.2508928080399831,0.10027427971363068,0.0317789725959301,0.4935709933439891,0.3376943866411845,0.37540488690137863,-19.273381822993965,-23.948686825364273,6.854113630853258,0.0,0.0
ES2004c,465,0.48795650402704877,0.32864490151405334,0.40731853743394214,0.08203422526518504,0.04480492447813352,0.34850068887074787,0.338659663995107,0.2600388241310914,-23.130950473591337,-20.719248959477962,9.000187051583572,0.0,0.0
ES2004c,466,0.5024509131908417,0.3001432567834854,0.3170576790968577,0.09156050657232602,0.057911913841962814,0.16789285590251288,0.3494265377521515,0.17158689132581154,-36.450319880670264,-20.8528752393923,13.16297052760605,0.0,0.0
ES2004c,467,0.578842024008433,0.26782146592934925,0.3391515761613846,0.07514454176028569,0.030672479420900345,0.3758828441301982,0.33920494715372723,0.07229611650109291,-13.582918897463214,-22.081635190703363,-0.7139316897869726,0.0,0.0
ES2004c,468,0.5288942456245422,0.2556457420190175,0.3208979219198227,0.08565828204154968,0.022956068937977154,0.44320453703403473,0.32472044229507446,0.42939313501119614,-12.034584446114897,-31.54149699996324,6.299111719259763,0.0,0.0
ES2004c,469,0.5357269247372946,0.1919353703657786,0.431942751010259,0.11674204468727112,0.025227464114626248,0.4993213315804799,0.3087606330712636,0.2921883861223857,-9.982474230480744,-35.76307954213271,15.435964902273058,0.0,0.0
ES2004c,470,0.5368642210960388,0.2484966665506363,0.3723946660757065,0.0881313035885493,0.038288893178105354,0.5246836344401041,0.33015631635983783,0.28281434377034503,-13.72228695542776,-31.966061082858136,12.303516905091598,0.0,0.0
ES2004c,471,0.5542271733283997,0.29942091306050617,0.3212987581888835,0.0788444255789121,0.028342775379618008,0.5764792064825693,0.35314441720644635,0.13475597649812698,-11.991971444115348,-24.685419857844195,10.378856248393605,0.0,0.0
ES2004c,472,0.4899734854698181,0.2668314377466838,0.23785523076852164,0.08529477939009666,0.04315208767851194,0.5005286037921906,0.37885042031606037,0.22049168248971304,-21.77605893846928,-28.2252794220326,13.119600221810382,0.0,0.0
ES2004c,473,0.47829002141952515,0.26162779331207275,0.3341968009869258,0.08105493833621343,0.03398262523114681,0.3487613648176193,0.3445639709631602,0.27861226722598076,-19.421674681711213,-25.747867159740398,8.82030919804061,0.0,0.0
ES2004c,474,0.5019110838572184,0.2597348888715108,0.35051314532756805,0.07826930781205495,0.028229187553127606,0.5120617548624674,0.3576405644416809,0.14373535787065825,-14.512504566466477,-33.843311329197746,4.159435672497084,0.0,0.0
ES2004c,475,0.3272291322549184,0.11527787148952484,0.20479807257652283,0.05854492634534836,0.017963492621978123,0.29061345259348553,0.22823367516199747,0.2839608391125997,-8.466862394638284,-22.006986146267895,1.6383422388552378,0.0,0.0
ES2004c,476,0.17219857374827066,0.094593346118927,0.04182108243306478,0.025593742728233337,0.012666020542383194,0.08808548251787822,0.1402592957019806,0.00045527312128494185,-5.239966143527693,-13.54446856406841,1.8283842333327185,0.0,0.0
ES2004c,477,0.17440964778264365,0.1616552174091339,0.06754674514134724,0.029167671998341877,0.012135318169991175,0.1552230715751648,0.13694248596827188,0.002519043472905954,-4.0745602176579725,-13.044768562908436,-1.5443861269836183,0.0,0.0
ES2004c,478,0.49932018915812176,0.4156828820705414,0.17870780328909555,0.09062712887922923,0.05176523824532827,0.1801394373178482,0.39263203740119934,0.22152993455529213,-8.763670484048314,-29.707993761197514,-9.205449875647039,0.0,0.0
ES2004c,479,0.5463802516460419,0.3765837450822194,0.3231555720170339,0.09624749173720677,0.06523080418507259,0.2150185058514277,0.38855982820192975,0.027223909661794703,-15.071873058335933,-31.34809668760226,-7.121716967095331,0.0,0.0
ES2004c,480,0.501131941874822,0.345111221075058,0.24036126832167307,0.08550419410069783,0.04270535334944725,0.3736765185991923,0.36930450797080994,0.028827817179262638,-14.786112193327867,-36.25879546896606,-3.8478590818485507,0.0,0.0
ES2004c,481,0.4960877199967702,0.3607027431329091,0.3476962447166443,0.07613188773393631,0.035235739002625145,0.27827484409014386,0.33654425541559857,0.3371959213788311,-13.580468753190255,-29.398666556329346,-3.6235145716218278,0.0,0.0
ES2004c,482,0.5429590245087942,0.29534730315208435,0.30599575241406757,0.06301609675089519,0.04404449214537939,0.23276078701019287,0.2934455871582031,0.640384670967857,-10.144197081229423,-16.49542136525582,-5.575910343996174,0.0,0.0
ES2004c,483,0.5944069226582845,0.27669088045756024,0.34079719583193463,0.0706125224630038,0.03758204417924086,0.23937862366437912,0.3345348785320918,0.7358547548453013,-4.937340799836032,-13.214463361225045,-4.578462615166864,0.0,0.0
ES2004c,484,0.5696883400281271,0.25058772166570026,0.38072867194811505,0.07765965660413106,0.04292569557825724,0.15924791743357977,0.2765572468439738,0.3292119453350703,-4.52175106862114,-23.40993585834728,0.19174545769576876,0.0,0.0
ES2004c,485,0.5389713644981384,0.2858763535817464,0.3020289788643519,0.08543028434117635,0.05429493387540182,0.29656100769837695,0.2771650354067485,0.6376571357250214,-3.074363051252855,-22.134156803402394,5.906442236899935,0.0,0.0
ES2004c,486,0.5683287978172302,0.23966495196024576,0.2517460435628891,0.0741599549849828,0.04726123809814453,0.2867835958798726,0.3079758783181508,0.4783162573973338,-1.9056200644630714,-19.50006325459149,7.814364800773955,0.0,0.0
ES2004c,487,0.5334895253181458,0.2573853482802709,0.16934105257193247,0.09127819538116455,0.04298023755351702,0.28360705574353534,0.30009225010871887,0.6642870406309763,-4.9834601884806045,-24.365461107309027,8.055372756271717,0.0,0.0
ES2004c,488,0.505025049050649,0.22655345996220908,0.279988631606102,0.10674280176560084,0.03333440857628981,0.30855709811051685,0.30076609055201214,0.8454911311467489,-9.366361033132032,-30.99185256387385,11.050311086194426,0.0,0.0
ES2004c,489,0.5338718096415201,0.2507985730965932,0.29378479222456616,0.12020512918631236,0.04865610102812449,0.4875892599423726,0.2875526547431946,0.9510951638221741,-11.186897207189263,-30.790951001784126,11.91945327233172,0.0,0.0
ES2004c,490,0.5541838804880778,0.24657166997591654,0.2544476439555486,0.09747794767220815,0.03696282207965851,0.28856364885965985,0.28756962219874066,0.467375045021375,-9.533863025118775,-32.21567604577593,10.84778857532613,0.0,0.0
ES2004c,491,0.5558761556943258,0.26913852492968243,0.3483460644880931,0.08992097278436025,0.03485569916665554,0.3868791063626607,0.3217400511105855,0.4179595708847046,-10.277653602380886,-28.573710283093693,11.21424504361041,0.0,0.0
ES2004c,492,0.5369128584861755,0.31893525024255115,0.3779178857803345,0.10231446226437886,0.04542906458179156,0.32035986085732776,0.29926226536432904,0.4579962342977524,-8.595407617453828,-26.588730000049523,10.945684215184471,0.0,0.0
ES2004c,493,0.5418565074602762,0.28662092487017315,0.28666826089223224,0.10178354134162267,0.04550927939514319,0.3695512016614278,0.3276420533657074,0.3931337247292201,-8.558545841304442,-29.665596999418074,11.186480655955423,0.0,0.0
ES2004c,494,0.5216942032178243,0.27323444187641144,0.2041011800368627,0.10615961253643036,0.04160632068912188,0.4857831696669261,0.3741830587387085,0.42356694241364795,-13.34265921668134,-32.268020500872474,8.051906917729168,0.0,0.0
ES2004c,495,0.5052113831043243,0.23396637539068857,0.34233281513055164,0.08644073953231175,0.02978985756635666,0.5379343628883362,0.36582858363787335,0.06467737451506157,-16.689241896344132,-41.97599319377189,9.265084731385357,0.0,0.0
ES2004c,496,0.5448193947474161,0.25993289550145465,0.25591417650381726,0.07267245029409726,0.02598870111008485,0.500717689593633,0.363061527411143,0.14879608495781818,-18.449823222270386,-43.71896892379778,11.254428703670106,0.0,0.0
ES2004c,497,0.4899781246980031,0.2811081012090047,0.2630501513679822,0.0746479978164037,0.023554502055048943,0.3498583535353343,0.3818517029285431,0.007435494723419349,-23.610439374792225,-43.41743512868103,11.361979967443657,0.0,0.0
ES2004c,498,0.5423473119735718,0.2699707845846812,0.17497226099173227,0.0813952162861824,0.019793875515460968,0.4071029524008433,0.3601278563340505,0.01590481592575088,-23.69139894347813,-44.033216183456666,12.036990999354574,0.0,0.0
ES2004c,499,0.5319100717703501,0.3076731363932292,0.21843250592549643,0.13688248892625174,0.06334678394099076,0.36237698793411255,0.4517671465873718,0.05254438519477844,-18.912494821395047,-59.57273984936396,10.579141059878234,0.0,0.0
ES2004c,500,0.3910800516605377,0.43416518966356915,0.34840571880340576,0.1982272764046987,0.15794208645820618,0.25847311814626056,0.48873506983121234,0.6403602759043375,-19.69157483093925,-83.9485017497288,17.319908183644227,0.0,0.0
ES2004c,501,0.5536248087882996,0.4235383967558543,0.45095715920130414,0.18095126499732336,0.1450828475256761,0.34882958978414536,0.5114223957061768,0.43032456437746686,-12.693719810927236,-67.36547573947286,4.086571200791113,0.0,0.0
ES2004c,502,0.5618725021680196,0.4121984839439392,0.3004094511270523,0.13753304133812586,0.0901380218565464,0.40698809425036114,0.436393400033315,0.014025633223354816,-15.191062382832245,-51.93467921030967,0.538253236528981,0.0,0.0
ES2004c,503,0.5018761157989502,0.41066616773605347,0.42479605476061505,0.17651018500328064,0.12938091034690538,0.34876748919487,0.32841842373212177,0.003509275848045945,-26.698535354847227,-39.39259107877071,7.067516163822911,0.0,0.0
ES2004c,504,0.5550969243049622,0.439280500014623,0.3168381104866664,0.09709219634532928,0.037999999398986496,0.21992550293604532,0.32469722628593445,0.17629026512925824,-24.65661877905255,-33.36891991099983,9.008256315131131,0.0,0.0
ES2004c,505,0.507362445195516,0.35081284244855243,0.32304126024246216,0.08037498344977696,0.04421177630623182,0.2513476759195328,0.34856440623601276,0.05622732274544736,-20.850295159687693,-26.18295452968899,8.839161756287313,0.0,0.0
ES2004c,506,0.438003937403361,0.2567218740781148,0.33428439497947693,0.07826338708400726,0.030993419388930004,0.22687199960152307,0.3178861339886983,0.15962646125505367,-15.988520627634932,-24.25580199223026,6.547946745701597,0.0,0.0
ES2004c,507,0.4601999521255493,0.2163367917140325,0.32440851132074994,0.0610163559516271,0.02955445523063342,0.18202354510625204,0.30401383837064105,0.1025015835960706,-17.73011572111887,-24.767678066957092,7.734527181981224,0.0,0.0
ES2004c,508,0.48855747779210407,0.27445374925931293,0.32250937819480896,0.07739160706599553,0.04258724798758825,0.3270677427450816,0.3560606737931569,0.36266881972551346,-22.59395998346126,-23.983669592928035,9.114099915181475,0.0,0.0
ES2004c,509,0.46975502371788025,0.23347807427247366,0.4361327091852824,0.08689696093400319,0.03755263611674309,0.35995998978614807,0.31612086296081543,0.2948228418827057,-23.16485102288435,-24.171939769785954,10.826155110975714,0.0,0.0
ES2004c,510,0.46634240945180255,0.20044268170992532,0.40699535608291626,0.09625527759393056,0.03240924452741941,0.32993297775586444,0.3600742121537526,0.3392839680115382,-19.725443915965712,-28.33715421364398,11.330462697168281,0.0,0.0
ES2004c,511,0.5295127232869467,0.25956369439760846,0.2814515729745229,0.10167065511147182,0.0328805185854435,0.5036300718784332,0.36917877197265625,0.3858942699929078,-22.173441229733786,-32.942212486908026,12.311487078005351,0.0,0.0
ES2004c,512,0.5236712793509165,0.2792184849580129,0.31461599965890247,0.08724958449602127,0.03173831229408582,0.5882875025272369,0.3799184362093608,0.03795811037222544,-26.77740727855191,-32.8608043750836,12.45084654672826,0.0,0.0
ES2004c,513,0.5483081142107645,0.367416391770045,0.29431503017743427,0.07814399649699529,0.026629284024238586,0.5323582092920939,0.34979503353436786,0.12625006834665933,-22.634604577695757,-28.56541407331083,15.597497525804322,0.0,0.0
ES2004c,514,0.5042477746804556,0.27548561493555707,0.3198515673478444,0.0952540064851443,0.037205720941225685,0.4793895135323207,0.37725016474723816,0.29512585637470085,-24.877466628730488,-25.352817252786604,15.668696231445574,0.0,0.0
ES2004c,515,0.5284622212251028,0.29254336655139923,0.2648416260878245,0.082329327861468,0.038089009622732796,0.44629929463068646,0.3120543261369069,0.3529345666368802,-22.479481821460155,-22.95340750319917,14.921318305099014,0.0,0.0
ES2004c,516,0.5757968425750732,0.39029906193415326,0.3546302318572998,0.10301688561836879,0.03735393782456716,0.6357679069042206,0.328129122654597,0.2898668299118678,-21.498474291345307,-21.83334672938007,12.845126527158195,0.0,0.0
ES2004c,517,0.5290415485699972,0.28415021300315857,0.25353656709194183,0.08261089151104291,0.028720725948611896,0.6216748853524526,0.3267725308736165,0.16656869649887085,-21.772451376165787,-23.287026239321325,14.004428954642707,0.0,0.0
ES2004c,518,0.5471243262290955,0.25514691571394604,0.2547835409641266,0.08543578783671062,0.035035298516352974,0.5983589092890421,0.35394959648450214,0.08322134582946698,-30.92369200155864,-22.56052848693825,16.850441817529394,0.0,0.0
ES2004c,519,0.5453798969586691,0.31745492418607074,0.3491170406341553,0.07561230659484863,0.035509778186678886,0.49335821469624835,0.3105710546175639,0.06400606284538905,-32.50871636283551,-23.017674819103007,16.261756626107697,0.0,0.0
ES2004c,520,0.539787769317627,0.31332798798878986,0.2196268836657206,0.08582787464062373,0.04828988884886106,0.36415953437487286,0.3665013213952382,0.1504855565726757,-31.016859231759028,-27.698700565584485,16.134461833028748,0.0,0.0
ES2004c,521,0.5664803783098856,0.35409321387608844,0.19504916171232858,0.07100212077299754,0.03520223374168078,0.31577669580777484,0.3548354208469391,0.017506583671395976,-28.579002814019304,-30.104225857456537,16.827960230470385,0.0,0.0
ES2004c,522,0.5122764706611633,0.37296976645787555,0.3220159411430359,0.08321402718623479,0.04179464280605316,0.5029593010743459,0.35625700155893963,0.1046072185660402,-37.078214766588566,-42.61099450099644,30.161704265212098,0.0,0.0
ES2004c,523,0.5423871080080668,0.3367703805367152,0.3527912398179372,0.12381389861305554,0.059706348925828934,0.4091654270887375,0.5706556638081869,0.3519191549470027,-43.8167357391336,-31.963696241956132,31.69277140911781,0.0,0.0
ES2004c,524,0.5767400662104288,0.31694259246190387,0.37546927233537036,0.08255794644355774,0.03067804252107938,0.333812673886617,0.46358702580134076,0.33498888835310936,-21.48847635173306,15.170664680804274,-3.0560217118521282,0.0,0.0
ES2004c,525,0.621505081653595,0.42810387909412384,0.27832121029496193,0.0920866181453069,0.0370984822511673,0.3353344798088074,0.4180789291858673,0.38615381717681885,-16.35622591691276,-14.777241415360484,10.901000927673854,0.0,0.0
ES2004c,526,0.5512762665748596,0.3401055335998535,0.25947506725788116,0.08994737515846889,0.03995420907934507,0.32654886941115063,0.2708977659543355,0.5430216242869695,-16.048266487143643,-26.844576873505584,20.60547359089845,0.0,0.0
ES2004c,527,0.5503055254618326,0.31527068217595416,0.3141665856043498,0.09361234307289124,0.04002064404388269,0.41495658953984577,0.3019940157731374,0.5056327804923058,-14.784012458140838,-23.483417245830207,18.342600433614567,0.0,0.0
ES2004c,528,0.6234006683031718,0.3266924520333608,0.3390282491842906,0.07717116177082062,0.04127879564960798,0.23494100073973337,0.30981024106343585,0.85542364915212,-17.509435672216686,-17.199936777560133,11.322017148485612,0.0,0.0
ES2004c,529,0.5559274852275848,0.3074246446291606,0.3881816069285075,0.07690716162323952,0.028432777772347134,0.3238632082939148,0.37941234310468036,0.4637443106621504,-20.706029407791984,-19.9544253180837,5.363125738642057,0.0,0.0
ES2004c,530,0.4850613474845886,0.31276018420855206,0.33340535561243695,0.088237298031648,0.04830382764339447,0.41419439514478046,0.36111947894096375,0.45899400611718494,-24.416732345351193,-21.726114796310696,3.35324754225395,0.0,0.0
ES2004c,531,0.5540817081928253,0.36684029301007587,0.3373901695013046,0.047724430759747825,0.0323177215953668,0.33498626947402954,0.35719192028045654,0.4475746850172679,-22.860841579282393,-18.006427833325613,4.329651780756218,0.0,0.0
ES2004c,532,0.529594490925471,0.27704377969106037,0.35037781794865924,0.0675531377394994,0.029615556821227074,0.4055054287115733,0.3522577186425527,0.32247431700428325,-20.828658064540864,-19.25970391668282,-3.6582771546461927,0.0,0.0
ES2004c,533,0.5377981265385946,0.3112157881259918,0.3156290153662364,0.05627664799491564,0.043094409008820854,0.41725729902585346,0.35157837470372516,0.46369372059901554,-18.02612713258286,-21.308424671435475,-6.271323569571099,0.0,0.0
ES2004c,534,0.5538166562716166,0.3953005274136861,0.4468389352162679,0.06513777747750282,0.039549323419729866,0.5102754135926565,0.36179056763648987,0.23701943953831991,-20.574132682028488,-20.297118766097764,-9.135746709721614,0.0,0.0
ES2004c,535,0.5315152605374655,0.28618236382802326,0.32351603110631305,0.06738986944158872,0.0274711474776268,0.26337901254494983,0.4342533349990845,0.4312369426091512,-15.802030835521824,5.506579140454704,-9.081766970127646,0.0,0.0
ES2004c,536,0.5343743165334066,0.2071948250134786,0.5523864229520162,0.0627916765709718,0.024195488542318344,0.2147106242676576,0.46888254086176556,0.2101658700654904,-17.85490759365086,18.117740045243064,-9.844468660213309,0.0,0.0
ES2004c,537,0.5887010792891184,0.34857365985711414,0.34001871446768445,0.06640400737524033,0.024214986711740494,0.3429105480511983,0.5286790629227957,0.06838549041034032,-19.56853748870336,31.507838923429436,-10.8072609832888,0.0,0.0
ES2004c,538,0.5874548355738322,0.2413566162188848,0.32862402498722076,0.06959554801384608,0.048122706512610115,0.1523599016169707,0.380052387714386,0.6821645821134249,-14.017230508697642,6.752714697386505,-10.586582146621454,0.0,0.0
ES2004c,539,0.5560753842194875,0.3053939839204152,0.3534504175186157,0.06910269831617673,0.03659400219718615,0.18396203219890594,0.33211182554562885,0.9867384632428488,-6.249897681751507,-12.126813440230526,-6.527632122179701,0.0,0.0
ES2004c,540,0.5277306139469147,0.38408644994099933,0.2113874057928721,0.06511008366942406,0.034116010492046676,0.33185912668704987,0.31528909007708233,0.6372708976268768,-13.868479115162865,-16.454040391531947,-5.93292183829875,0.0,0.0
ES2004c,541,0.5196710129578909,0.2799007793267568,0.3839508096377055,0.0934252714117368,0.04520157972971598,0.24156535665194193,0.35394182801246643,0.25183745892718434,-15.152777742901733,-34.41250550283561,-1.0981504614713595,0.0,0.0
ES2004c,542,0.4790612955888112,0.2636564373970032,0.26650290687878925,0.0989138384660085,0.03187725010017554,0.53994553287824,0.3610317309697469,0.02364990518738826,-17.129937767957323,-43.59206093625062,5.343052599904905,0.0,0.0
ES2004c,543,0.4568905830383301,0.268065666158994,0.15731733043988547,0.0953478142619133,0.0495870274802049,0.32837656140327454,0.3336187352736791,0.3975387327373028,-18.07795891635139,-35.76716609437229,4.439083305822105,0.0,0.0
ES2004c,544,0.47614721457163495,0.23183521131674448,0.28435951471328735,0.08332894990841548,0.03714527624348799,0.5628755489985148,0.3722415467103322,0.3855915255844593,-17.40047348669413,-29.283573210270912,3.8693251843594827,0.0,0.0
ES2004c,545,0.5053683916727701,0.32003265619277954,0.20873458683490753,0.08119852344195048,0.05098444347580274,0.4462395906448364,0.3304503262042999,0.3547682869248092,-19.959159530079567,-29.978141858948856,10.903946921103582,0.0,0.0
ES2004c,546,0.5351419945557913,0.23566295703252158,0.252808541059494,0.1307811364531517,0.07656238352259,0.7146758635838827,0.46928665041923523,0.5850353039180239,-29.455896911073264,-53.21580561177911,28.84813438357367,0.0,0.0
ES2004c,547,0.5071546137332916,0.3717022438844045,0.21521968642870584,0.18336961418390274,0.09172660112380981,0.3296239376068115,0.4704900582631429,0.2913801868756612,-28.569821002928602,-57.687303209217454,23.047531915701168,0.0,0.0
ES2004c,548,0.5339814722537994,0.36930935084819794,0.4241124888261159,0.11655938625335693,0.04288125534852346,0.2687899519999822,0.32025057077407837,0.03595954148719708,-17.139505682811862,-51.31945152287778,8.823514044487595,0.0,0.0
ES2004c,549,0.5570338865121206,0.36883482336997986,0.31195923686027527,0.13266845792531967,0.04746245965361595,0.30555568635463715,0.3401339848836263,0.05702563002705574,-16.17006958508274,-50.82989003232664,7.80784153225563,0.0,0.0
ES2004c,550,0.5172478159268697,0.33465585112571716,0.295795535047849,0.11812578390041988,0.040392072250445686,0.268657848238945,0.3665006260077159,0.016563537530601025,-16.19936401685465,-49.17802968116886,4.707057291520163,0.0,0.0
ES2004c,551,0.46536530057589215,0.3977137605349223,0.3278442348043124,0.15543363491694132,0.054364122450351715,0.35248702267805737,0.3256533642609914,0.012251491037507852,-20.222644840290652,-48.58532649748425,5.266621001078848,0.0,0.0
ES2004c,552,0.48318443695704144,0.46578945716222125,0.38826674222946167,0.21192645778258642,0.11884818474451701,0.35572577516237897,0.31323428948720294,0.0066085490786160035,-22.557863942092354,-48.38831325747802,6.772453609667729,0.0,0.0
ES2004c,553,0.4782255291938782,0.3869626224040985,0.447819451491038,0.2438746988773346,0.1328199878334999,0.2773517121871312,0.30184127887090045,0.0022752829924381026,-25.10396020719304,-47.54578101055049,6.930319476588788,0.0,0.0
ES2004c,554,0.5119530260562897,0.4380054573218028,0.30613453686237335,0.1650081972281138,0.06389783571163814,0.22808039685090384,0.32805723945299786,0.0023327450326178223,-24.138009545451222,-42.84311263149777,2.7348131396111537,0.0,0.0
ES2004c,555,0.5067063470681509,0.40223540862401325,0.22313067813714346,0.1375775064031283,0.05135190114378929,0.24032257497310638,0.3062945107618968,0.006163245707284659,-23.64640471116432,-42.37896887009119,2.647764396574694,0.0,0.0
ES2004c,556,0.5332942306995392,0.3785068889458974,0.40992982188860577,0.0825255090991656,0.039969573418299355,0.48122700055440265,0.36395607391993207,0.006882893464838465,-23.38002793868955,-35.473579886255955,5.788559529471904,0.0,0.0
ES2004c,557,0.5225663880507151,0.35361934701601666,0.3958892822265625,0.08799729247887929,0.043360207229852676,0.42437655727068585,0.3229893545309703,0.046013562202764056,-22.945061697604345,-40.36925070802411,8.521787181360923,0.0,0.0
ES2004c,558,0.5009230474630991,0.2742445270220439,0.27124378581841785,0.07681666314601898,0.03439521479109923,0.37202321489651996,0.3320084313551585,0.0017492689463930826,-22.74166788023119,-41.55823925922919,12.000303980802281,0.0,0.0
ES2004c,559,0.4549691677093506,0.28874773780504864,0.23357621332009634,0.07933180282513301,0.03589209417502085,0.332168847322464,0.35466963052749634,0.0008522744901711121,-23.952776830698085,-43.23427288739206,14.507577463941994,0.0,0.0
ES2004c,560,0.5270024240016937,0.33584064245224,0.25899408260981244,0.09407701591650645,0.037442684173583984,0.34180327753225964,0.34232837955156964,0.30830554373096675,-17.78862044087029,-38.1691784830167,11.199523613971637,0.0,0.0
ES2004c,561,0.5736180345217387,0.2965582013130188,0.41160203019777936,0.09929745892683665,0.03560203996797403,0.27334392567475635,0.3708152274290721,0.3499393197707832,-6.653404583530304,-32.18008915663976,14.351666136064972,0.0,0.0
ES2004c,562,0.5696162184079488,0.2658313761154811,0.535075455904007,0.10676105320453644,0.03237161226570606,0.2638526459534963,0.33116333683331806,0.751920203367869,-6.3943832060329635,-29.640182222391758,17.834421616488076,0.0,0.0
ES2004c,563,0.5825117826461792,0.19355775912602743,0.28992222746213275,0.0948297306895256,0.038274310529232025,0.37958817680676776,0.3065233727296193,0.9425599773724874,-11.171532472005845,-32.60791220853825,21.66101768237022,0.0,0.0
ES2004c,564,0.5886934598286947,0.23592709501584372,0.3555598556995392,0.1139371891816457,0.04298790544271469,0.24056773881117502,0.2716428240140279,0.766627828280131,-8.71938295606708,-30.941626092187878,19.00670217482718,0.0,0.0
ES2004c,565,0.41981003681818646,0.1250536392132441,0.5331820646921793,0.04386255890130997,0.024226649353901546,0.5180025498072306,0.301558385292689,0.17369627797355255,-14.972343534222185,-17.616184352739868,-6.691257144649611,0.0,0.0
ES2004c,566,0.44641725222269696,0.16806119680404663,0.5863426923751831,0.0399566317598025,0.023772955251236755,0.34241577982902527,0.3283642033735911,0.15320366089387485,-11.339768132700357,-12.190630192929747,-4.896124050953043,0.0,0.0
ES2004c,567,0.5348565876483917,0.21427878240744272,0.4036433696746826,0.03551674882570902,0.017510386494298775,0.41380656758944195,0.3504079480965932,0.13870394633462033,-9.682061634517902,-2.177952479385701,-4.683253389237071,0.0,0.0
ES2004c,568,0.5258199771245321,0.24303462107976279,0.4207371671994527,0.03795564671357473,0.009951784120251736,0.40235734979311627,0.3395693401495616,0.16325878103574118,-9.420281590178952,2.288854229468038,-4.232825320631476,0.0,0.0
ES2004c,569,0.5171778202056885,0.2485960771640142,0.3478502531846364,0.037296957025925316,0.012422570958733559,0.4464886387189229,0.30440554022789,0.2383991777896881,-10.417183545343814,1.3326507467953348,-3.8478548886838566,0.0,0.0
ES2004c,570,0.5621046523253123,0.2586824943621953,0.39447636405626935,0.04292339334885279,0.012187396797041098,0.43548278013865155,0.328905314207077,0.05330393339196841,-9.787011721109616,0.9041152606626751,-3.4200463809031185,0.0,0.0
ES2004c,571,0.5571108261744181,0.29180360833803815,0.4453883071740468,0.04054708406329155,0.014289927358428637,0.4985922376314799,0.36851300795873004,0.18295967020094395,-8.975184923371321,0.5837685924220812,-2.7614589875042337,0.0,0.0
ES2004c,572,0.49166078368822735,0.2124161720275879,0.45762209097544354,0.03562174240748087,0.01566285981486241,0.5872188707192739,0.38530057668685913,0.1644386276602745,-9.609192625326193,0.004100537160418767,-2.694395400398211,0.0,0.0
ES2004c,573,0.4611978928248088,0.19008667270342508,0.5133469899495443,0.03734207029143969,0.015532628012200197,0.38601281742254895,0.35486961404482525,0.3720558434724808,-8.808419348575475,-0.5671613255905398,-2.4718211897428035,0.0,0.0
ES2004c,574,0.5247835616270701,0.2040316512187322,0.42675960063934326,0.03583621482054392,0.013844126525024572,0.38693082332611084,0.37350670496622723,0.30234696467717487,-7.428020598425008,-1.3494028929277275,-1.62065868096179,0.0,0.0
ES2004c,575,0.45980584621429443,0.23145913084348044,0.41363174716631573,0.04519897202650706,0.02147790665427844,0.4852266808350881,0.3664988974730174,0.12184459964434306,-8.530428719295061,-8.466744121792004,-3.3353600267867676,0.0,0.0
ES2004c,576,0.47256208459536236,0.22270209093888602,0.3877789576848348,0.0504989226659139,0.030590209489067394,0.41780875126520794,0.3401191035906474,0.1862503339846929,-10.836953678432026,-15.239299818890037,-5.245326657031176,0.0,0.0
ES2004c,577,0.48115118344624835,0.19368192056814829,0.49859795967737836,0.07175794616341591,0.026935103659828503,0.41613078117370605,0.3542228440443675,0.012410647623861829,-11.961016383610172,-22.087171909442333,-6.347959523564703,0.0,0.0
ES2004c,578,0.4512104392051697,0.21514959136644998,0.5483638644218445,0.0651818277935187,0.024518240864078205,0.34768933057785034,0.3255288898944855,0.031854587607085705,-12.954442866562369,-22.127738068620943,-6.66012931006609,0.0,0.0
ES2004c,579,0.4718780318895976,0.23141218721866608,0.45279356837272644,0.06347382441163063,0.02858874388039112,0.386737455924352,0.3192013005415599,0.00835185203080376,-13.35868217354838,-22.18349879975918,-6.57964174110623,0.0,0.0
ES2004c,580,0.6697571078936259,0.46393152077992755,0.38280875484148663,0.06556353718042374,0.024370524411400158,0.38405749450127286,0.4532170295715332,0.6125456194082896,-3.4529002733277268,-9.116265511596977,8.460388945311188,0.0,0.0
ES2004c,581,0.5947552919387817,0.32781388362248737,0.43988053997357685,0.07191415751973788,0.030841184159119923,0.24233573178450266,0.3318380316098531,0.6865506768226624,-7.710164122276001,-16.480087975284,12.548303259603339,0.0,0.0
ES2004c,582,0.6045834620793661,0.2858709692955017,0.5200450718402863,0.06793329243858655,0.01902220832804839,0.29067019124825794,0.3647635877132416,0.6210961043834686,-8.087091649615617,-12.657629806458301,8.2393968748263,0.0,0.0
ES2004c,583,0.5682666301727295,0.3038559854030609,0.42082225282986957,0.06047368049621582,0.02023748743037383,0.23409357915321985,0.36111482977867126,0.9380590120951334,-9.523477199867331,-9.313512591877258,6.032021915857929,0.0,0.0
ES2004c,584,0.5450503130753835,0.2868001659711202,0.4339040319124858,0.05975467339158058,0.02848875957230727,0.20931273947159448,0.3649888336658478,0.3955692648887634,-10.192872183551614,-11.622951928847948,11.678019652724265,0.0,0.0
ES2004c,585,0.5833507974942526,0.2949058810869853,0.24222996830940247,0.06243498623371124,0.03166194322208563,0.13524207472801208,0.2960707942644755,0.4409302199880282,-8.373599329733345,-14.495258325707889,13.89892753720953,0.0,0.0
ES2004c,586,0.5551164150238037,0.32177019119262695,0.27639228105545044,0.0835280790925026,0.03385693455735842,0.29031406342983246,0.32977447907129925,0.35995327432950336,-15.769349100612667,-20.28458617549854,15.74071003899432,0.0,0.0
ES2004c,587,0.5278396010398865,0.2603168537219365,0.21990802387396494,0.10987551261981328,0.04037125657002131,0.44472532471021015,0.34170491496721905,0.8567835887273153,-17.577465698282044,-23.04716581259066,14.921652408273852,0.0,0.0
ES2004c,588,0.5318129062652588,0.2799312969048818,0.24617661039034525,0.09145942082007726,0.03966545686125755,0.5508663157622019,0.400536169608434,0.40733089794715244,-18.69245703637881,-22.07753186161588,14.70567815777892,0.0,0.0
ES2004c,589,0.5279188354810079,0.2739749650160472,0.29616692662239075,0.08610313385725021,0.03531158218781153,0.38410834471384686,0.38725757598876953,0.0653051515109837,-27.11776420727755,-30.036850105087044,13.446256649239364,0.0,0.0
ES2004c,590,0.5674697359402975,0.21698550383249918,0.6490853031476339,0.1051487463215987,0.025462257365385692,0.4012460261583328,0.39502523342768353,0.6038875207304955,-13.15670997852738,16.138966336207037,-12.591471812227015,0.0,0.0
ES2004c,591,0.6340577801068624,0.26034975051879883,0.2830129663149516,0.09808661043643951,0.0349028625835975,0.1691845307747523,0.5306835869948069,0.4160741443435351,-1.9435905529344772,0.07217133224963564,-13.288025240950562,0.0,0.0
ES2004c,592,0.5950208902359009,0.3001716136932373,0.26534511148929596,0.07194775591293971,0.03407992174228033,0.3087429354588191,0.4561033248901367,0.9338076909383138,0.00885837070018658,1.5803393987648418,-12.91240764664675,0.0,0.0
ES2004c,593,0.5332336723804474,0.2249100605646769,0.3289301594098409,0.06812571982542674,0.024817381985485554,0.3663611114025116,0.5519734422365824,0.640722393989563,0.29355835938539987,0.7782174708442393,-13.470635715147163,0.0,0.0
ES2004c,594,0.5356082121531168,0.24934492508570352,0.4063622256120046,0.06405688698093097,0.019546127567688625,0.38330283761024475,0.5480543176333109,0.32787778973579407,-2.290414892392298,-0.5620583635139389,-14.074716513642349,0.0,0.0
ES2004c,595,0.4178222318490346,0.20839179555575052,0.48482394218444824,0.06745228916406631,0.01589759315053622,0.46280420819918316,0.6030129194259644,0.1658445013066133,-1.7473860050978691,2.640564105151437,-12.124960230015867,0.0,0.0
ES2004c,596,0.4539385537306468,0.21310912569363913,0.49146150549252826,0.06265482554833095,0.015176224522292614,0.42997004588445026,0.6242780685424805,0.17515355224410692,-1.3893073408449936,3.047759872043226,-12.554868484904555,0.0,0.0
ES2004c,597,0.43753234545389813,0.21176797648270926,0.37854249278704327,0.06870760023593903,0.01638917128245036,0.3338807026545207,0.563112477461497,0.39165320868293446,-2.138351667903025,2.4731196125239467,-12.919037120235734,0.0,0.0
ES2004c,598,0.5247717400391897,0.2257858415444692,0.43786372741063434,0.06483882541457812,0.01653769084562858,0.4359537959098816,0.5566891630490621,0.2050915186603864,-1.882770128159823,2.6562932817302536,-13.401428859814489,0.0,0.0
ES2004c,599,0.5444567600886027,0.27193034688631695,0.4669431944688161,0.06458758811155955,0.015779757251342136,0.48876498142878216,0.5360079805056254,0.4722769496341546,-3.1932770195327436,3.092641988105498,-15.364546863158774,0.0,0.0
ES2004c,600,0.6400177478790283,0.4059786895910899,0.4006619950135549,0.06290710344910622,0.018560972685615223,0.29908067484696704,0.5378984610239664,0.5717399244507154,-5.021869197761262,1.8701901942454466,-15.638053580691746,0.0,0.0
ES2004c,601,0.6839050849278768,0.3625548432270686,0.5778825779755911,0.17320029934247336,0.05297054909169674,0.6856524348258972,0.48756443460782367,0.7247144083182017,18.882122488132683,7.444181245122487,-2.792048373818417,0.0,0.0
ES2004c,602,0.7741552392641703,0.5722453196843466,0.3253169556458791,0.13262065996726355,0.053505633026361465,0.5157996217409769,0.5191080172856649,0.37267613255729276,14.951984723366438,8.5942616949908,-7.118948061324343,0.0,0.0
ES2004c,603,0.7125968535741171,0.4194897909959157,0.4367018938064575,0.20676561444997787,0.1330498835692803,0.4325802723566691,0.4224088986714681,0.6105718811353048,12.711934310598613,12.601465496770606,-8.306446307486977,0.0,0.0
ES2004c,604,0.698395570119222,0.4126424888769786,0.36712953945000965,0.11813549200693767,0.06895237912734349,0.4994174540042877,0.4980258544286092,0.709987019499143,17.678052884473107,12.580966687307415,0.028174496464982973,0.0,0.0
ES2004c,605,0.6846525470415751,0.5075077811876932,0.403041938940684,0.06564606974522273,0.02194142776230971,0.5441060463587443,0.5199858844280243,0.2673129426936309,10.328321007487906,10.261686564911782,1.8195815598739264,0.0,0.0
ES2004c,606,0.5791370471318563,0.30013253291447956,0.46302596728007,0.10204535474379857,0.019666461894909542,0.285042146841685,0.4885925352573395,0.3457268526156743,-3.146784104903666,7.833726195905267,-13.746001054149625,0.0,0.0
ES2004c,607,0.7500632603963217,0.5953340530395508,0.2676217978199323,0.16396304965019226,0.05874782303969065,0.38472352425257367,0.4600992202758789,0.8295070131619772,7.633855081905831,8.763212015515876,-1.5721253883986062,0.0,0.0
ES2004c,608,0.5559992591540018,0.31245450178782147,0.2773099144299825,0.10292720049619675,0.03198218593994776,0.48247624437014264,0.3839567005634308,0.3424314111471176,-15.26652388849285,-33.049304216131894,8.455792794086255,0.0,0.0
ES2004c,609,0.5243326624234518,0.3034373919169108,0.2648178388675054,0.09086006383101146,0.02697092853486538,0.4311077992121379,0.3316594461599986,0.12435201307137807,-19.78499077919888,-29.271703809948907,12.426677189273953,0.0,0.0
ES2004c,610,0.5702593723932902,0.24638667702674866,0.28272515535354614,0.07728153467178345,0.03151866793632507,0.4613863031069438,0.38348449269930523,0.6704833110173544,-19.131818132710986,-22.297600586803224,5.889941098117526,0.0,0.0
ES2004c,611,0.5682903329531351,0.3077474683523178,0.3059009611606598,0.07742673406998317,0.03595346709092458,0.407805194457372,0.3618762493133545,0.8934620022773743,-17.181767845172523,-21.963587284358436,1.4465551400255288,0.0,0.0
ES2004c,612,0.5206388433774313,0.2726588745911916,0.26151983936627704,0.07325194776058197,0.03109685331583023,0.3037726804614067,0.31850725412368774,0.3010633500913779,-14.248419708739581,-23.980434815210476,5.479461203733095,0.0,0.0
ES2004c,613,0.5139803389708201,0.2646442453066508,0.24669126669565836,0.09711138407389323,0.04515995333592097,0.4706932430466016,0.30369047323862713,0.5629792759815851,-10.544786551354324,-24.427547350103122,6.188877919884949,0.0,0.0
ES2004c,614,0.538947582244873,0.33695292472839355,0.29815560082594555,0.07962609579165776,0.024385403220852215,0.46981683373451233,0.3440244396527608,0.07224964055543144,-13.60465417724096,-27.762314867642687,5.5417851925831165,0.0,0.0
ES2004c,615,0.5605013767878214,0.26485225061575574,0.31718943019707996,0.08553026119867961,0.035523428892095886,0.5197160840034485,0.3493504722913106,0.33261803537607193,-18.24974441903676,-26.973030985153773,10.153701946396943,0.0,0.0
ES2004c,616,0.5337478121121725,0.27880139648914337,0.3182394603888194,0.08907309174537659,0.04602555992702643,0.37121408184369403,0.32606321573257446,0.6300909311200181,-17.25921011893698,-24.242579488479794,8.938176513558604,0.0,0.0
ES2004c,617,0.5301448106765747,0.22375213106473288,0.3818965454896291,0.09392806639273961,0.028805244714021683,0.29359377920627594,0.32277073462804157,0.7075091600418091,-15.399287461251419,-22.220163053391747,6.391694867345559,0.0,0.0
ES2004c,618,0.49599876006444293,0.26547685265541077,0.2949715455373128,0.0808438037832578,0.03303998336195946,0.25114687780539197,0.3058421015739441,0.7300771077473959,-11.175093201780562,-21.66752033646296,4.6795942916807585,0.0,0.0
ES2004c,619,0.5340532461802164,0.2791985223690669,0.28001798192660016,0.06685256337126096,0.04376267269253731,0.14827923476696014,0.2740035355091095,0.8994425932566324,-9.72274936792571,-20.98150370742324,1.9406660508370646,0.0,0.0
ES2004c,620,0.5323059856891632,0.2891809940338135,0.4529915352662404,0.07733701542019844,0.04009076269964377,0.30749625091751415,0.3238293031851451,0.5274986747341851,-8.373693847859844,-21.35540280299225,4.203135112678534,0.0,0.0
ES2004c,621,0.5254287421703339,0.2670628974835078,0.2745962788661321,0.08339346200227737,0.03188403695821762,0.27276011059681576,0.24878800908724466,0.660815974076589,-17.898266666932034,-25.29471316817606,11.799790926831314,0.0,0.0
ES2004c,622,0.5485875407854716,0.30761126180489856,0.28661876916885376,0.08602428684631984,0.0563744381070137,0.2508390098810196,0.3264852265516917,0.4450581967830658,-17.328972173405962,-20.16977401956603,11.929029337146686,0.0,0.0
ES2004c,623,0.5558740893999735,0.31598636507987976,0.3460276871919632,0.08577099690834682,0.03928996063768864,0.3682224452495575,0.33004769682884216,0.5878606215119362,-18.31227974865179,-18.609674643999703,10.017665232590574,0.0,0.0
ES2004c,624,0.566342701514562,0.2905309349298477,0.3787965675195058,0.07063985615968704,0.036759657164414726,0.3920391798019409,0.316694696744283,0.21059384693702063,-16.260404993384512,-20.28825003780763,10.9209187760908,0.0,0.0
ES2004c,625,0.5763764182726542,0.2642753024895986,0.3119999517997106,0.07574635247389476,0.03457781610389551,0.17636997749408087,0.3529067933559418,0.2005512018998464,-15.11198228925833,-17.990735883220335,11.628593670929499,0.0,0.0
ES2004c,626,0.5808086196581522,0.331328680117925,0.23281857868035635,0.0908563459912936,0.03382082904378573,0.42958513647317886,0.3483516275882721,0.05958433200915655,-18.979327012385244,-20.67350130763234,13.63107554022391,0.0,0.0
ES2004c,627,0.5109141071637472,0.3830481469631195,0.21347593267758688,0.07794410983721416,0.03935010855396589,0.356072003642718,0.298289159933726,0.4474595735470454,-19.855597697432593,-21.30682239123197,13.156064739139817,0.0,0.0
ES2004c,628,0.5246307551860809,0.3120567798614502,0.237405796845754,0.07407899697621663,0.030075766146183014,0.4812039186557134,0.34886282682418823,0.3759320030609767,-19.661510559909377,-20.421874604249677,14.562939599608379,0.0,0.0
ES2004c,629,0.5562618573506674,0.3011719485123952,0.22739343841870627,0.10135362545649211,0.02481033280491829,0.5226741035779318,0.3602941731611888,0.2657000869512558,-19.117530205190047,-25.133614089093772,15.873658319255261,0.0,0.0
ES2004c,630,0.5770832896232605,0.2692592938741048,0.28849825263023376,0.08695555726687114,0.029940455531080563,0.6576138734817505,0.33048513531684875,0.049727230643232666,-18.97989891358395,-28.178155363838624,17.111051746554548,0.0,0.0
ES2004c,631,0.6034523447354635,0.3765632013479869,0.3881253699461619,0.09905306001504262,0.05006477857629458,0.4869329333305359,0.3764115472634633,0.4698524946967761,-15.30578449310332,-22.547930844309167,7.819083352455306,0.0,0.0
ES2004c,632,0.5489045282204946,0.3080525149901708,0.3887937664985657,0.08552701771259308,0.05536347565551599,0.27321811268726987,0.3483410080273946,0.6805468002955118,-13.225908814168967,-16.08878075710599,-9.006512601311742,0.0,0.0
ES2004c,633,0.5629261036713918,0.2914140075445175,0.4554617553949356,0.062428987274567284,0.02758436029156049,0.1593968321879705,0.3167462746302287,0.7861386140187582,-9.138966043328553,-13.99965050533781,-15.151200605409414,0.0,0.0
ES2004c,634,0.5730451544125875,0.2783596118291219,0.49651487668355304,0.05910546953479449,0.02431228570640087,0.27665508290131885,0.37640653053919476,0.6161716394126415,-9.324416100642729,-15.27263706749055,-5.509782770919298,0.0,0.0
ES2004c,635,0.47668760021527606,0.3227401077747345,0.374286154905955,0.06377837806940079,0.037190156057477,0.26687151690324146,0.34103013078371686,0.6583623290061951,-18.57030465648528,-20.512698915567196,-3.884672379918802,0.0,0.0
ES2004c,636,0.5345272620519003,0.36695900559425354,0.48230502009391785,0.06348768621683121,0.04110128432512283,0.3166247804959615,0.3684973220030467,0.4849866032600403,-24.70687583516862,-19.619934163043684,-2.04917297358632,0.0,0.0
ES2004c,637,0.4983411133289337,0.2596612870693207,0.3464539547761281,0.04512718692421913,0.027150139212608337,0.20034930109977722,0.3816573719183604,0.6780701577663422,-24.920921426666023,-18.361013410120638,-2.8621038522977873,0.0,0.0
ES2004c,638,0.5063890417416891,0.3831842641035716,0.4863770306110382,0.040295893947283425,0.02946054811278979,0.4287547866503398,0.38263479868570965,0.4438285132249196,-23.55793952445448,-18.083136228885266,-3.4914414113232737,0.0,0.0
ES2004c,639,0.5171074767907461,0.28504035870234173,0.4875243703524272,0.054270551850398384,0.0236144761244456,0.27411627024412155,0.37585127353668213,0.5135960280895233,-21.07101281550717,-17.76859092351297,-4.46648209137683,0.0,0.0
ES2004c,640,0.5327364603678385,0.2834234833717346,0.42372843126455945,0.07614734893043835,0.04611847487588724,0.32310054699579877,0.40090500315030414,0.49182090861722827,-17.60973421097602,-23.371046470241414,-6.413299998949943,0.0,0.0
ES2004c,641,0.4840616484483083,0.34224491318066913,0.4586200217405955,0.08247460052371025,0.0495610615859429,0.39813628792762756,0.43993474046389264,0.854413370291392,-20.311386028033166,-21.366206244533377,-9.403076399318442,0.0,0.0
ES2004c,642,0.5074353714783987,0.3759429653485616,0.34840865929921466,0.07097851485013962,0.06515341252088547,0.2685453991095225,0.37431875864664715,0.6622557044029236,-18.887247903695755,-18.231783419631785,-10.970133809755728,0.0,0.0
ES2004c,643,0.5268387695153555,0.3824031452337901,0.3442084143559138,0.03933558613061905,0.05109512433409691,0.23733317852020264,0.3829759359359741,0.3409891587992509,-16.587719570330943,-16.98326080817305,-10.693771761127252,0.0,0.0
ES2004c,644,0.593644897143046,0.22676160683234534,0.406902273495992,0.03827123219768206,0.015277948851386705,0.4956546227137248,0.3024505078792572,0.3161213359174629,-8.59471744734924,-10.536878544145416,-0.10219373198359305,0.0,0.0
ES2004c,645,0.47434351841608685,0.17038503289222717,0.3698245386282603,0.04091143483916918,0.02107939434548219,0.385260671377182,0.36239219705263775,0.08819146640598774,-8.44267935707207,-12.347466889118605,-6.833870709563762,0.0,0.0
ES2004c,646,0.3820585012435913,0.17297060787677765,0.4024536112944285,0.04169438531001409,0.01994179996351401,0.4927839438120524,0.3578849633534749,0.01752955461658227,-11.578518331697554,-14.222563593657549,-11.858421018157316,0.0,0.0
ES2004c,647,0.520226925611496,0.4589719275633494,0.28249091903368634,0.088410384953022,0.06838696946700414,0.3839898059765498,0.4455014069875081,0.6944466903805733,-11.94886908395798,-4.975090181282554,13.711873144640771,0.0,0.0
ES2004c,648,0.5446246663729349,0.36339297890663147,0.24426973859469095,0.07518611972530682,0.06572881092627843,0.18127785126368204,0.32696738839149475,0.9244167804718018,-15.28537391990561,-9.881640206857865,17.302065492701814,0.0,0.0
ES2004c,649,0.5996849139531454,0.34381791949272156,0.3124649127324422,0.06758396203319232,0.03768237493932247,0.22908231119314829,0.35922957460085553,0.3901352882385254,-17.216805643625396,-14.452656505751534,17.978092454427703,0.0,0.0
ES2004c,650,0.6182254155476888,0.3291454513867696,0.3279507060845693,0.06541205073396365,0.031985695784290634,0.28265848755836487,0.40818244218826294,0.6671853562196096,-15.564406909665175,-9.468208737395573,14.89491764974567,0.0,0.0
ES2004c,651,0.570568859577179,0.44984819491704303,0.23082295060157776,0.06380389630794525,0.02700254072745641,0.3497551381587982,0.45739919940630597,0.9909839431444804,-7.417392482907175,-5.383220753547152,10.631223441850818,0.0,0.0
ES2004c,652,0.5992222627003988,0.3293660581111908,0.27901360889275867,0.07166386271516482,0.031221312160293262,0.29751098652680713,0.40961040059725445,0.7453050414721171,-10.262242921873744,-5.207175118829444,11.625883303991825,0.0,0.0
ES2004c,653,0.5878315170605978,0.4041476547718048,0.3430934250354767,0.05987561618288358,0.04559264952937762,0.23576470216115317,0.3858402570088704,0.6403049727280935,-17.329529454447417,-11.855537352592664,15.454762417418857,0.0,0.0
ES2004c,654,0.519853800535202,0.3013615806897481,0.26301926871140796,0.0847783957918485,0.04108772178490957,0.18168878058592478,0.3867463966210683,0.8170472979545593,-15.83263632320402,-10.695888632296764,13.849618590753275,0.0,0.0
ES2004c,655,0.5095954736073812,0.2790589928627014,0.27856212854385376,0.05157365029056867,0.028658626601099968,0.12070853635668755,0.34290460745493573,0.7775852878888448,-13.129687780454924,-14.97883269913892,12.459801281108597,0.0,0.0
ES2004c,656,0.5183090170224508,0.29963667194048565,0.28493956724802655,0.06935153032342593,0.03570293883482615,0.41153353452682495,0.38827480872472125,0.5546054144700369,-19.77333719341836,-16.372925917499725,17.708214911137986,0.0,0.0
ES2004c,657,0.5195090572039286,0.3114103476206462,0.13266396770874658,0.08244158700108528,0.05103734446068605,0.2930096487204234,0.37782494227091473,0.6287827690442404,-22.752650314475094,-18.431656111232098,18.549937860077232,0.0,0.0
ES2004c,658,0.5072010556856791,0.28419039646784466,0.26466108361879986,0.07024120042721431,0.04987759639819463,0.30343033870061237,0.4493763546148936,0.6076431820789973,-24.19691561121976,-13.928321165979126,11.920994773076373,0.0,0.0
ES2004c,659,0.4868148664633433,0.25628479818503064,0.2875754733880361,0.05237206444144249,0.030998483300209045,0.20254125694433847,0.3985999822616577,0.07185068850715955,-22.23611098796313,-18.596276781822652,9.462189261280358,0.0,0.0
ES2004c,660,0.5635625123977661,0.2764749477307002,0.2985594719648361,0.06550889958937962,0.044280981024106346,0.28140707810719806,0.32391200462977093,0.38396566609541577,-12.263454652801295,-20.680180745903414,6.935207719507383,0.0,0.0
ES2004c,661,0.5358583033084869,0.365840603907903,0.2461828092734019,0.08740498125553131,0.03491515479981899,0.5484475692113241,0.46085915962855023,0.04624883954723676,-0.8809346013307001,9.829322987034276,-16.64185870026046,0.0,0.0
ES2004c,662,0.46546833713849384,0.2917254368464152,0.32203007737795514,0.09042529761791229,0.032970767468214035,0.5796407957871755,0.4796418348948161,0.22174645525713763,-1.665784105574194,8.880090432683836,-16.729944203620963,0.0,0.0
ES2004c,663,0.4767930209636688,0.33000493546326953,0.29335833092530567,0.08637117097775142,0.03563216390709082,0.5338283181190491,0.40555331110954285,0.3328132300327222,-0.014203478544240275,11.127921233459157,-16.257125961375642,0.0,0.0
ES2004c,664,0.6017946600914001,0.35805896917978924,0.43204768498738605,0.06021726379791895,0.024899326264858246,0.4834355314572652,0.481756051381429,0.14944521772364774,-14.288389715071583,29.550664171073056,-4.519979952923803,0.0,0.0
ES2004c,665,0.6397770841916403,0.49717684586842853,0.4387461493412654,0.0585315003991127,0.030631236732006073,0.2990832229455312,0.3861374656359355,0.4146645168463389,-15.521293433140618,6.354521952405142,-5.63745575857009,0.0,0.0
ES2004c,666,0.6476763288180033,0.409292995929718,0.3995104432106018,0.10250046352545421,0.041888890167077385,0.34686124324798584,0.3699091374874115,0.5319830452402433,-13.710423296481288,-16.373538729023565,-3.7700102226515226,0.0,0.0
ES2004c,667,0.5665920774141947,0.3417143026987712,0.23695165912310281,0.09317849079767863,0.03465293472011884,0.2612437258164088,0.37833930055300397,0.2831827141344547,-12.878213661055325,-18.342107845370506,10.211723356248072,0.0,0.0
ES2004c,668,0.48516175150871277,0.2538036306699117,0.3010641733805339,0.0793885737657547,0.020924575937290985,0.1444909150401751,0.29202208916346234,0.4865114986896515,-7.2708705795347734,-16.984718651397973,13.60885800079578,0.0,0.0
ES2004c,669,0.48143083850542706,0.29470711946487427,0.3392496506373088,0.065402885278066,0.024395352850357693,0.26164139558871585,0.314708411693573,0.24623743941386542,-6.34412799583892,-16.08078142911167,12.623606447094156,0.0,0.0
ES2004c,670,0.4802454113960266,0.24774408340454102,0.333002507686615,0.0686347521841526,0.020279663304487865,0.14916917184988657,0.2609075407187144,0.5849688102801641,-6.558290749180119,-15.46675205445188,10.832545187608682,0.0,0.0
ES2004c,671,0.5305100878079733,0.25240127742290497,0.32811277608076733,0.05353910103440285,0.019970063120126724,0.11636636902888615,0.32665423552195233,0.403966523706913,-10.369473682776167,-13.725343349061134,12.252395743768197,0.0,0.0
ES2004c,672,0.5690397024154663,0.3473343104124069,0.24906285603841147,0.08185900747776031,0.02790558524429798,0.46124695738156635,0.31789907813072205,0.684516097108523,-13.965400880843616,-17.668084033104904,12.742630958319777,0.0,0.0
ES2004c,673,0.5440581937630972,0.31782356401284534,0.19142770767211914,0.08282192051410675,0.02741369791328907,0.36836347977320355,0.3394419252872467,0.2765107999245326,-15.924561424089385,-19.513769658476125,16.564786294544074,0.0,0.0
ES2004c,674,0.6993577082951864,0.38253329197565716,0.4301038185755412,0.12045008192459743,0.05007244274020195,0.41064371665318805,0.45049504439036053,0.37390728791554767,12.166084397242459,13.727339368316988,-3.1172235191732,0.0,0.0
ES2004c,675,0.6195078492164612,0.3460782766342163,0.36151430507500965,0.10851068049669266,0.07750364920745294,0.5353006720542908,0.5353078047434489,0.3263753559052323,10.280651108720772,21.726280869966587,-9.58110732613114,0.0,0.0
ES2004c,676,0.670665423075358,0.4523562987645467,0.3245163957277934,0.10607354591290157,0.06316215793291728,0.4539080734054248,0.5473288297653198,0.3159037232398987,13.205867241186198,15.847190231988003,-4.05440359936043,0.0,0.0
ES2004c,677,0.6046813627084097,0.4141976584990819,0.4654797911643982,0.08734387656052907,0.025536919633547466,0.5100064774354299,0.40362851818402606,0.19777566815416017,10.754417488363204,15.558496389601201,1.13471464996256,0.0,0.0
ES2004c,678,0.7238450447718302,0.5109483897686005,0.46139513452847797,0.11231275151173274,0.045969689885775246,0.4590403189261754,0.3986390431722005,0.5984889964262644,9.744457884014437,11.343268509655564,-3.8810313200023145,0.0,0.0
ES2004c,679,0.7287795146306356,0.4738197922706604,0.5050753653049469,0.14080742249886194,0.05291011060277621,0.38921303550402325,0.37613390882809955,0.8533875942230225,7.386277466415776,17.16704691298209,-0.7383629644224912,0.0,0.0
ES2004c,680,0.6879619161287943,0.49274006485939026,0.413511261343956,0.26783167322476703,0.21905278911193213,0.5027929445107778,0.3870724042256673,0.960748573144277,37.77856072577447,41.879826569477046,26.577823778077327,0.0,0.0
ES2004c,681,0.607566773891449,0.39670082926750183,0.637701133886973,0.2052913705507914,0.15688314040501913,0.6178213655948639,0.47488129138946533,0.9744631052017212,17.993230718735134,33.785077928200344,-1.0758680987853897,0.0,0.0
ES2004c,682,0.6113701860109965,0.295832763115565,0.5764311055342356,0.1882746716340383,0.09780968477328618,0.4145625631014506,0.3582079807917277,0.8538353244463602,6.6096827441822725,25.240278915886023,-7.7892816526784765,0.0,0.0
ES2004c,683,0.5161850452423096,0.20767317215601602,0.20592362930377325,0.0756674309571584,0.01605556346476078,0.19355889658133188,0.4520152707894643,0.4406183709700902,-3.9255733760182827,13.519473164840383,-7.371019826490527,0.0,0.0
ES2004c,684,0.46342432498931885,0.2505062371492386,0.253926823536555,0.0740881177286307,0.014069778223832449,0.28396836916605633,0.45658591389656067,0.8055795828501383,-5.29070116557104,13.118540613029843,-9.554338843780291,0.0,0.0
ES2004c,685,0.47498396039009094,0.2340631534655889,0.2009423722823461,0.06950836877028148,0.012259331221381823,0.20149262249469757,0.4924892286459605,0.6617177724838257,-5.732577530457966,13.258953803582628,-11.394446484973736,0.0,0.0
ES2004c,686,0.5542487700780233,0.33369211355845135,0.26944786310195923,0.07152801503737767,0.013817831253012022,0.2181961089372635,0.495440274477005,0.4958687176307042,-6.20418655878866,13.49936539188746,-11.991089752373318,0.0,0.0
ES2004c,687,0.4939344525337219,0.26272329191366833,0.18789329379796982,0.06860383227467537,0.015292839147150517,0.19506162405014038,0.5010826687018076,0.4318305055300395,-6.9116694916441475,9.64726788220851,-12.313779756568556,0.0,0.0
ES2004c,688,0.5402388572692871,0.25664209326108295,0.25942345956961316,0.09578996648391087,0.024383175497253735,0.20971214274565378,0.44446930289268494,0.5043821632862091,-2.247718642156887,1.4982129563842512,-8.839819905636093,0.0,0.0
ES2004c,689,0.5818782051404318,0.3040777047475179,0.31690538426240283,0.1572477916876475,0.0473320335149765,0.32826437056064606,0.37445680300394696,0.9006767471631368,6.98557327433407,-9.570190892651516,-1.8785554141855958,0.0,0.0
ES2004c,690,0.5953062772750854,0.3109404146671295,0.4277827938397725,0.15319299201170603,0.03233956669767698,0.26720235745112103,0.4114679992198944,0.7020324468612671,8.016191387244438,-5.944861007340144,-1.869185569476507,0.0,0.0
ES2004c,691,0.5570667286713918,0.41798636317253113,0.16042341788609824,0.15070965761939684,0.09385639242827892,0.5277988811333975,0.5025469660758972,0.6927359824379286,-6.874326652723638,2.278900787371183,-1.3139918862834066,0.0,0.0
ES2004c,692,0.6200692454973856,0.44299455483754474,0.4213748549421628,0.08742904166380565,0.038959916681051254,0.31076060235500336,0.5555280844370524,0.5124597599109014,-17.171983028539398,28.242161905445915,-10.171733615156905,0.0,0.0
ES2004c,693,0.7537056803703308,0.5917033950487772,0.1619508316119512,0.08277685195207596,0.02535633184015751,0.635901133219401,0.4955005844434102,0.7894895573457082,0.7720498037057401,10.8833917709581,-3.8844863275995665,0.0,0.0
ES2004c,694,0.8213024735450745,0.5741316477457682,0.16109504302342734,0.08989657213290532,0.01711750589311123,0.5406952102979025,0.5480944911638895,0.40800731877485913,-0.47692698727843563,12.090456565963095,-3.5008710859492975,0.0,0.0
ES2004c,695,0.7899225552876791,0.5831510225931803,0.15896789729595184,0.08579407135645549,0.016167762378851574,0.6348551511764526,0.5650901397069296,0.0998386734475692,-0.7723155862902056,12.94234509741298,-3.91530415220114,0.0,0.0
ES2004c,696,0.8015193740526835,0.5262673397858938,0.14224223544200262,0.08889371653397878,0.014579039687911669,0.6284882227579752,0.5606861313184103,0.04829694889485836,-1.2411520673388503,13.654151153477704,-2.947158373645854,0.0,0.0
ES2004c,697,0.8057000041007996,0.5214338898658752,0.11217147360245387,0.08544429391622543,0.013363510370254517,0.5120202402273814,0.4962235887845357,0.08925728624065717,-0.3688352644665283,12.414333465221205,-1.3801679524892965,0.0,0.0
ES2004c,698,0.7616697351137797,0.34970343112945557,0.14172533651192984,0.07882492989301682,0.011340105595688025,0.6343428691228231,0.5884196162223816,0.05048442631959915,1.5344965519183542,11.43433810747259,-0.43266382877972664,0.0,0.0
ES2004c,699,0.7732986609141032,0.4002480109532674,0.1082788755496343,0.0788612390557925,0.01084604642043511,0.47710825006167096,0.5553286870320638,0.09069583068291347,0.6553217640159466,11.325098542005678,-1.1358293262837018,0.0,0.0
ES2004c,700,0.7799984812736511,0.3883330325285594,0.12108841041723888,0.07873317847649257,0.01183392604192098,0.48815519611040753,0.5665335655212402,0.06589435165127118,-0.4574277666823323,11.487044463808502,-1.6404580248399114,0.0,0.0
ES2004c,701,0.7897475560506185,0.39925695459047955,0.1035161167383194,0.07782083253065745,0.012384385180970034,0.548503597577413,0.5989751219749451,0.092390572031339,-0.48098433846032324,11.57587381168681,-1.6928584898506758,0.0,0.0
ES2004c,702,0.75664222240448,0.3871135711669922,0.12438325832287471,0.0798708771665891,0.013263139873743057,0.5545152326424917,0.561348537604014,0.18738844494024912,-0.35417453421053463,11.468116079784478,-2.129789444174941,0.0,0.0
ES2004c,703,0.5677119692166647,0.28701945145924884,0.1280049110452334,0.17242446293433508,0.09532748038570087,0.31834374864896137,0.4800245463848114,0.863776703675588,-8.554145003305093,9.27308240641837,-3.8749584452061434,0.0,0.0
ES2004c,704,0.5349005858103434,0.3422806958357493,0.22043322523434958,0.0904704953233401,0.06782190253337224,0.5159718990325928,0.4723556439081828,0.47767819215854007,-5.5558354927483435,7.056701072099156,-5.590615451778507,0.0,0.0
ES2004c,705,0.6786715189615885,0.4353566567103068,0.590493455529213,0.21747716516256332,0.0821746475994587,0.3629813591639201,0.45059382915496826,0.8405512571334839,7.994518427612967,57.02953908741651,5.71788492158097,0.0,0.0
ES2004c,706,0.6311231652895609,0.26764826973279315,0.5736668407917023,0.06321729843815167,0.02206127904355526,0.5276323060194651,0.4880240857601166,0.17985626061757407,0.018026927582980672,7.988281670172866,0.9588777433737802,0.0,0.0
ES2004c,707,0.590804914633433,0.3987469772497813,0.4401998619238536,0.07992589970429738,0.015780140024920303,0.6468281348546346,0.5878780881563822,0.17253054802616438,-1.8659292714277458,26.47392697424756,1.5079507408040012,0.0,0.0
ES2004c,708,0.6072523792584738,0.3312792082627614,0.43180673321088153,0.08243054399887721,0.01925697798530261,0.6192691922187805,0.5379207134246826,0.13428755352894464,-0.5830528871037871,25.322491221205947,1.846713078651647,0.0,0.0
ES2004c,709,0.6153202255566915,0.29938562711079914,0.5090217391649882,0.08046157906452815,0.018539581447839737,0.5517407655715942,0.5296389361222585,0.09062697117527325,0.29909877939914614,24.137983377744092,2.4432346548561314,0.0,0.0
ES2004c,710,0.6317700544993082,0.30472715198993683,0.5131831268469492,0.08268522222836812,0.015229927996794382,0.4548361798127492,0.5299620429674784,0.3100140045086543,0.11530778054288755,24.27572160816784,2.4320265742584706,0.0,0.0
ES2004c,711,0.6380354762077332,0.22475520273049673,0.6221476594607035,0.0900089219212532,0.025007690613468487,0.5371244251728058,0.6139255960782369,0.2860392779111862,-0.8466898985493102,24.918665543927574,1.369836848286708,0.0,0.0
ES2004c,712,0.6017052133878072,0.2335229367017746,0.5686742663383484,0.08015310019254684,0.022673959533373516,0.6729496717453003,0.5924906531969706,0.11630947391192119,0.5795207343735652,24.555731632931128,0.5810871676003736,0.0,0.0
ES2004c,713,0.6152015924453735,0.4867184559504191,0.3097161700328191,0.08034229775269826,0.041677204271157585,0.342279518644015,0.39056235551834106,0.5241110771894455,-2.6229080012864556,-6.127895929276395,6.8459695530610984,0.0,0.0
ES2004c,714,0.5972387194633484,0.406078577041626,0.3539400299390157,0.07409160335858662,0.04495147615671158,0.21690756579240164,0.3663526972134908,0.4543609271446864,-7.849497643120242,-17.402847370805475,13.126679033388115,0.0,0.0
ES2004c,715,0.569303552309672,0.4459636410077413,0.2674548625946045,0.07222599908709526,0.04425875718394915,0.34442489345868427,0.3714522620042165,0.8178844253222147,-7.965590147222964,-14.262276650998885,16.878571617014057,0.0,0.0
ES2004c,716,0.6448048154513041,0.4934704105059306,0.27042963604132336,0.07458812246719997,0.04062454650799433,0.4667016267776489,0.4339979887008667,0.524607464671135,-6.70078015013575,-6.2933681964792205,15.241486269448522,0.0,0.0
ES2004c,717,0.6855298082033793,0.6027709643046061,0.23613204061985016,0.0966565211613973,0.09412517584860325,0.33847442269325256,0.4722797175248464,0.8566160003344218,-5.471876209491928,-2.710231809601495,15.308322095793594,0.0,0.0
ES2004c,718,0.7276402513186137,0.6223370035489401,0.1966309646765391,0.09059115002552669,0.055009630819161735,0.27828921377658844,0.5043252011140188,0.6695616903404394,-5.433641968107605,-3.042398594517149,18.65771405660273,0.0,0.0
ES2004c,719,0.68494180838267,0.6256965597470602,0.2925139566262563,0.07619290923078854,0.04110822640359402,0.3063683311144511,0.47796069582303363,0.8747828205426534,-1.0354665917700023,-2.928513518282596,16.962032108460033,0.0,0.0
ES2004c,720,0.6547997196515402,0.5406753619511923,0.30826887985070545,0.06205251316229502,0.022536550958951313,0.49963002403577167,0.5364489157994589,0.8120221594969431,0.7316737323360573,-2.0439111730457644,12.201177859812477,0.0,0.0
ES2004c,721,0.657943864663442,0.4792980949083964,0.2811792840560277,0.07378154123822848,0.037115612998604774,0.3248545676469803,0.5246453980604807,0.9068499406178793,-0.7035903875847945,-1.9176648824097609,11.100887601122574,0.0,0.0
ES2004c,722,0.700442373752594,0.6562651991844177,0.30238664150238037,0.08637881030639012,0.04211410010854403,0.5055244813362757,0.4952733318010966,0.9759878317515055,-3.485208292323577,-2.209247803520562,13.000600110355625,0.0,0.0
ES2004c,723,0.6219199697176615,0.48307621479034424,0.223126952846845,0.07539909829696019,0.040517136454582214,0.3756349980831146,0.39463990926742554,0.5846174458662668,-5.053117767782628,-5.868372117292741,17.44996522850767,0.0,0.0
ES2004c,724,0.44561082124710083,0.23126260936260223,0.36793267726898193,0.07433928549289703,0.03929354933400949,0.30558957656224567,0.39530540506045025,0.35312700023253757,-6.183832538481461,-8.269275725754834,13.942485700580761,0.0,0.0
ES2004c,725,0.38783735036849976,0.17864127457141876,0.3032216926415761,0.09563331057627995,0.034615750735004745,0.37337778011957806,0.4371512333552043,0.24812065158039331,-14.882388822599202,-11.60935339678231,3.898800538901581,0.0,0.0
ES2004c,726,0.3775951067606608,0.14971447984377542,0.33850811918576557,0.07284448544184367,0.0293715987354517,0.345721036195755,0.45824262499809265,0.2909806116173665,-18.018730077980543,-9.791815183215256,5.573109738416792,0.0,0.0
ES2004c,727,0.29003513356049854,0.13016870866219202,0.41535240411758423,0.06435723106066386,0.020032644892732304,0.33225563168525696,0.3992227117220561,0.18553420280416807,-22.59415711022653,-8.496285155377588,3.096486120034014,0.0,0.0
ES2004c,728,0.3818601270516713,0.15341773132483164,0.46052977442741394,0.062067837764819465,0.0430386271327734,0.41041143735249835,0.4399275581041972,0.4284071127573649,-14.243840672883273,-7.572736674314058,-3.8810953697442776,0.0,0.0
ES2004c,729,0.37484156092007953,0.1464612806836764,0.5896627306938171,0.06047923614581426,0.02349456213414669,0.4574493070443471,0.3645421763261159,0.4060459683338801,-8.46813029427718,-7.278277348069004,-9.393832705725478,0.0,0.0
ES2004c,730,0.39967040220896405,0.20049282411734262,0.47231392065684,0.06600498035550117,0.022649794196089108,0.3697541356086731,0.3142779966195424,0.23738522610316673,-12.441792906480188,-8.10455381119753,-8.351520652420765,0.0,0.0
ES2004c,731,0.4367126723130544,0.21556474268436432,0.478508581717809,0.05394728730122248,0.03964809700846672,0.40499715010325116,0.31642768780390423,0.01128158469994863,-9.928019427706872,-9.792090076771144,-8.242002642344852,0.0,0.0
ES2004c,732,0.43458372354507446,0.20174442728360495,0.609843909740448,0.07016297181447347,0.021015006738404434,0.39847468336423236,0.40526799360911053,0.22004166912908354,-15.480629042310659,-11.393046503845996,-8.516577112100563,0.0,0.0
ES2004c,733,0.3375021119912465,0.19514750440915427,0.3316929042339325,0.05470209692915281,0.022772538165251415,0.33664514124393463,0.37858374913533527,0.04946742315466205,-22.577614767547903,-9.51307069989775,-3.9822453069363193,0.0,0.0
ES2004c,734,0.47634655237197876,0.2184135913848877,0.28377872208754223,0.05691578487555186,0.01989633838335673,0.30500657856464386,0.3665118118127187,0.3496256597960989,-15.608932840304961,-1.0742630782161207,-6.000793483859183,0.0,0.0
ES2004c,735,0.434763640165329,0.22908338904380798,0.1712124819556872,0.06972469389438629,0.013165670757492384,0.18378593772649765,0.46982354919115704,0.3995137835542361,-10.594709382503169,6.264707887431531,-6.659966365961046,0.0,0.0
ES2004c,736,0.5190046826998392,0.3851439257462819,0.2600541164477666,0.09321194887161255,0.062112453083197273,0.24201501657565436,0.4565817018349965,0.14741488049427667,-7.440143177538348,3.509938941904716,-5.0230665284674245,0.0,0.0
ES2004c,737,0.5506432950496674,0.3631421625614166,0.373382993042469,0.1116339477399985,0.03353651178379854,0.3061222930749257,0.4234923819700877,0.3317594177400072,6.761706286953064,8.68582145178499,1.624851496126907,0.0,0.0
ES2004c,738,0.684627910455068,0.40843164920806885,0.2433224469423294,0.1116551806529363,0.03433571010828018,0.27603500088055927,0.5455959737300873,0.4285021076599757,0.32465020282839124,7.501679637380811,2.6292800269005077,0.0,0.0
ES2004c,739,0.5996004343032837,0.38898677627245587,0.35861990849177044,0.15113013982772827,0.029197394226988155,0.3040083001057307,0.5415785610675812,0.6774217883745829,-8.82578310866478,0.5534266294377268,-1.034723555616846,0.0,0.0
ES2004c,740,0.571137547492981,0.2446825603644053,0.38562433918317157,0.11363805333773296,0.06101933618386587,0.5022694617509842,0.45675887664159137,0.46487052366137505,-10.485218403111709,-11.583521079552654,-0.6556131647502036,0.0,0.0
ES2004c,741,0.14874217907587686,0.09861426552136739,0.04303136467933655,0.03610967844724655,0.018706265836954117,0.09069465597470601,0.09355367223421733,0.07778219381968181,-4.012341102557541,-11.113210524308952,1.3402714873440882,0.0,0.0
ES2004c,742,0.0,0.0,0.0,0.0,0.0,0.0,0.0,0.0,0.0,0.0,0.0,0.0,0.0
ES2004c,743,0.0,0.0,0.0,0.0,0.0,0.0,0.0,0.0,0.0,0.0,0.0,0.0,0.0
ES2004c,744,0.725638210773468,0.3728928367296855,0.48180076479911804,0.20188085734844208,0.1038496879239877,0.34687869747479755,0.4245237509409587,0.5734139680862427,12.814995482825324,4.982788309167915,2.814800646278511,0.0,0.0
ES2004c,745,0.6783915758132935,0.36396286884943646,0.3621748785177867,0.22620193660259247,0.11410447955131531,0.42131637533505756,0.3533320526281993,0.9591318766276041,14.577283474192328,6.7985987329476565,-6.059623693918039,0.0,0.0
ES2004c,746,0.7139119108517965,0.2777718851963679,0.42863474289576214,0.2014635850985845,0.14862907926241556,0.3905009925365448,0.4539767901102702,0.8855303923288981,16.894714239732494,5.620904004297516,-1.0728752433696058,0.0,0.0
ES2004c,747,0.0,0.0,0.0,0.0,0.0,0.0,0.0,0.0,0.0,0.0,0.0,0.0,0.0
ES2004c,748,0.0,0.0,0.0,0.0,0.0,0.0,0.0,0.0,0.0,0.0,0.0,0.0,0.0
ES2004c,749,0.0,0.0,0.0,0.0,0.0,0.0,0.0,0.0,0.0,0.0,0.0,0.0,0.0
ES2004c,750,0.0,0.0,0.0,0.0,0.0,0.0,0.0,0.0,0.0,0.0,0.0,0.0,0.0
ES2004c,751,0.29452898104985553,0.131269300977389,0.3424014449119568,0.07628999402125676,0.019852014258503914,0.3885638117790222,0.25347421566645306,0.0194646418094635,-9.16085060628538,-12.965301125678335,1.5425208548012883,0.0,0.0
ES2004c,752,0.39546042680740356,0.1383885790904363,0.5878206789493561,0.10131671031316121,0.030649249752362568,0.2614586651325226,0.3896629214286804,0.1384118969241778,-16.838842006901483,-19.320652577865832,-5.68250387206081,0.0,0.0
ES2004c,753,0.4299570123354594,0.18804951508839926,0.45897916952768963,0.06852703914046288,0.020753374323248863,0.36802468697230023,0.34628596901893616,0.49826901654402417,-13.344252733942563,-17.02596510311722,-1.3793607492974103,0.0,0.0
ES2004c,754,0.5167307257652283,0.25488414367039997,0.28830620646476746,0.0582168772816658,0.018403831869363785,0.498488187789917,0.3204079866409302,0.09960234103103478,-11.46228272519077,-15.569278551058531,-1.3020337061106635,0.0,0.0
ES2004c,755,0.41555381814638775,0.14482146253188452,0.3111269325017929,0.06948757419983546,0.019515367535253365,0.35840197404225665,0.3499312102794647,0.056208169708649315,-13.313709419940823,-17.88387430121823,0.21404597313575793,0.0,0.0
ES2004c,756,0.5746705333391825,0.2583412081003189,0.23448890447616577,0.087917926410834,0.024825789655248325,0.2110682800412178,0.44740726550420123,0.9929267962773641,2.8858013524184756,6.008161893822792,-8.633665698696708,0.0,0.0
ES2004c,757,0.6748595237731934,0.39841704567273456,0.3552536517381668,0.08347604423761368,0.03776435926556587,0.1457631252706051,0.3808399438858032,0.7730944951375326,0.9223034147640533,-5.975026627002598,-8.545587417022714,0.0,0.0
ES2004c,758,0.6402932405471802,0.29629013935724896,0.3366382171710332,0.09147862096627553,0.0508946937819322,0.2649850696325302,0.42383671800295514,0.7802019317944845,-3.7254339520677924,-8.338402111087275,-7.45739127908023,0.0,0.0
ES2004c,759,0.6621913115183512,0.28372663756211597,0.33744123578071594,0.05885513871908188,0.04702499881386757,0.3308202500144641,0.4201657970746358,0.676419215897719,-6.573760353188832,-7.222842396461353,-8.024343772948928,0.0,0.0
ES2004c,760,0.606222132841746,0.24323552350203195,0.3343569040298462,0.07023862625161807,0.04419699807961782,0.2750956366459529,0.3969893455505371,0.6754590744773546,-4.993134637738023,-5.921548001176838,-10.177637667138725,0.0,0.0
ES2004c,761,0.7085883418718973,0.3030889332294464,0.4112052420775096,0.17312498514850935,0.06723283044993877,0.290520836909612,0.39361559351285297,0.9675950407981873,-2.989320374774574,-1.5940459987152262,-17.41749662139033,0.0,0.0
ES2004c,762,0.6822895805040995,0.4978506068388621,0.4552895426750183,0.11111738284428914,0.06492085258165996,0.42882917324701947,0.4923880894978841,0.5655452335874239,1.2626560030337244,3.706243213932927,-25.18855686461222,0.0,0.0
ES2004c,763,0.44788899024327594,0.27282338837782544,0.4158411423365275,0.05177374680836996,0.026080726956327755,0.3942712644735972,0.31313743193944293,0.7009749015172323,-7.1795416977571636,-5.323445111035196,0.8107856671839588,0.0,0.0
ES2004c,764,0.5642302135626475,0.22614476581414542,0.4856529434521993,0.13379799822966257,0.03137862775474787,0.31282880405584973,0.48410023252169293,0.8955614765485128,0.2696549869440812,5.010119629116475,-0.8682309201736337,0.0,0.0
ES2004c,765,0.509177694718043,0.2600407600402832,0.41621382534503937,0.2478658159573873,0.16886747007568678,0.38941548268000287,0.40613555908203125,0.48983614643414813,0.7008409602464182,10.38016194703202,5.0778497334932275,0.0,0.0
ES2004c,766,0.5550473133722941,0.3360208173592885,0.5047222077846527,0.09179473916689555,0.049513635536034904,0.4780806501706441,0.4504399597644806,0.09641036142905553,-20.135391102747736,-15.989729079568427,24.17031490009334,0.0,0.0
ES2004c,767,0.5926588575045267,0.3362482488155365,0.4911474982897441,0.08420659104983012,0.0464530847966671,0.568544348080953,0.42364051938056946,0.17472775528828302,-25.358129572400653,-15.479960550065421,29.69389937947841,0.0,0.0
ES2004c,768,0.49905895193417865,0.2859881867965062,0.3333708842595418,0.11293668299913406,0.07335560644666354,0.4643212854862213,0.39794492721557617,0.20074247817198435,-28.983360699004418,-12.905090460119048,36.48206310071833,0.0,0.0
ES2004c,769,0.49607081214586896,0.14550772806008658,0.4005243182182312,0.11720073223114014,0.08612936983505885,0.402848482131958,0.4468398888905843,0.11139792948961258,-29.460633698687577,-12.422720352372238,37.63646529291202,0.0,0.0
ES2004c,770,0.5198915799458822,0.1317023610075315,0.20594658454259238,0.12933514267206192,0.07730213552713394,0.2939907560745875,0.44065800309181213,0.10360786939660709,-28.55363568794118,-10.750830299058585,34.61720185539125,0.0,0.0
ES2004c,771,0.44772546490033466,0.22096254924933115,0.380416343609492,0.11790031691392262,0.06278282776474953,0.25733886659145355,0.4035928150018056,0.12389911090334256,-34.99236203095308,-14.244296127272166,35.76065715746795,0.0,0.0
ES2004c,772,0.5006764729817709,0.18516178925832114,0.2548413872718811,0.13922666013240814,0.08968498557806015,0.33589041729768115,0.4725714425245921,0.19234021256367365,-32.0321431977226,-9.823278723403783,30.907368195610747,0.0,0.0
ES2004c,773,0.47249160210291546,0.17666082084178925,0.3825540542602539,0.09799754619598389,0.044941917061805725,0.3879302094380061,0.41740946968396503,0.021315561297039192,-29.342607107770476,-15.333415268804911,25.07394572047289,0.0,0.0
ES2004c,774,0.46935922900835675,0.19910380244255066,0.4490859905878703,0.05850871900717417,0.029389680673678715,0.29744653403759,0.4374223550160726,0.022375343988339107,-9.62584788155984,-19.276879027596774,6.850138017540651,0.0,0.0
ES2004c,775,0.5047042866547903,0.21667076647281647,0.449155330657959,0.06730816761652629,0.03702911548316479,0.36715539296468097,0.4353794952233632,0.07481984421610832,-4.672935202403735,-26.205973758896395,-3.6848101444441697,0.0,0.0
ES2004c,776,0.5272202094395956,0.21726865073045096,0.45912514130274457,0.07275200138489406,0.031662985061605774,0.41697994867960614,0.5014827648798624,0.021173807481924694,-5.000616419689812,-26.520935378467502,-5.3442366851833185,0.0,0.0
ES2004c,777,0.5117457807064056,0.21974980334440866,0.4394146104653676,0.06812685479720433,0.023773526151974995,0.330733319123586,0.467331200838089,0.003849801685040196,-4.845412685511643,-25.791863754427016,-6.1659794825210055,0.0,0.0
ES2004c,778,0.5185157954692841,0.19291124244530997,0.5118643840154012,0.06129629661639532,0.025648100922505062,0.29457100729147595,0.4722284475962321,0.023148672422394156,-4.531607713283992,-24.298746243971976,-7.142601203712868,0.0,0.0
ES2004c,779,0.482447216908137,0.18510535856088003,0.49334990978240967,0.06716387594739597,0.02973792826135953,0.3929458260536194,0.44060338536898297,0.012932073014477888,-5.028885658841312,-25.038782962327076,-7.308903457558451,0.0,0.0
ES2004c,780,0.4633196194966634,0.19622211654980978,0.5190658171971639,0.052740526696046196,0.0245932141939799,0.35425853729248047,0.411815603574117,0.008423958943846325,-4.6390635261283135,-24.355410832091078,-8.31535289962793,0.0,0.0
ES2004c,781,0.4360130727291107,0.16508561869462332,0.41016489267349243,0.03963664174079895,0.02095159888267517,0.2811165302991867,0.3751785059769948,0.034095740877091885,-1.3548063080453447,-19.28005582897588,-11.357813542271584,0.0,0.0
ES2004c,782,0.5411729613939921,0.17379370828469595,0.43384209275245667,0.038106429080168404,0.017316982770959537,0.18924995263417563,0.41003818313280743,0.11050411127507687,-0.3254480487295582,-16.48717082017264,-14.300190928740923,0.0,0.0
ES2004c,783,0.5333548287550608,0.1416555494070053,0.5013476113478342,0.03412781345347563,0.016703824512660503,0.39171815911928815,0.4502929051717122,0.28701983019709587,3.391752933220065,-13.166842356979034,-18.522237069375937,0.0,0.0
ES2004c,784,0.5079943438371023,0.18204409877459207,0.5724912583827972,0.03280051921804746,0.01632148555169503,0.3922721246878306,0.47827669978141785,0.24772201975186667,3.373344100177626,-13.875806743379206,-20.202403389810303,0.0,0.0
ES2004c,785,0.5353965560595194,0.1432063952088356,0.48680423696835834,0.03558972353736559,0.015458091162145138,0.4399709602197011,0.4856686095396678,0.32350480556488037,3.3214027721706203,-15.04123191968744,-19.132029221896502,0.0,0.0
ES2004c,786,0.5796265502770742,0.23793585101763406,0.46413405736287433,0.0359006654471159,0.01751995210846265,0.47626251975695294,0.3766447901725769,0.16140291839838028,-3.6327661428428564,-15.159467955066823,-8.136774456259687,0.0,0.0
ES2004c,787,0.5559032559394836,0.24667550871769586,0.4503379166126251,0.05028406282265981,0.03184761479496956,0.6611921787261963,0.39560820659001666,0.1461731120944023,-7.724617054551477,-14.213394820100598,-0.08368867741891428,0.0,0.0
ES2004c,788,0.4336715837319692,0.11823807656764984,0.39756034811337787,0.04181558887163798,0.022053290779391926,0.35391183694203693,0.492060254017512,0.11894999196132024,0.5742303036279056,-17.85036513245438,-13.445601442299717,0.0,0.0
ES2004c,789,0.6230539282162985,0.27302469809850055,0.3332502245903015,0.04372474427024523,0.015663255626956623,0.3792463690042496,0.4670213560263316,0.2981368601322174,-1.247159961516954,-3.3166245005261827,-9.509770897874086,0.0,0.0
ES2004c,790,0.748960018157959,0.459312508503596,0.17136378586292267,0.06576154256860416,0.024536814851065476,0.43637411793073017,0.5942629973093668,0.07512231419483821,-2.513999429818289,7.177487954730647,-5.775797291687173,0.0,0.0
ES2004c,791,0.5970970193545023,0.26100782056649524,0.4804223080476125,0.0437225711842378,0.01641282408187787,0.320733442902565,0.4680619438489278,0.17307679106791815,-3.9121936921213276,-1.8942243827320207,-4.52333086160465,0.0,0.0
ES2004c,792,0.5493093927701315,0.3341720352570216,0.5358387331167856,0.05018233880400658,0.017841420757273834,0.5107300480206808,0.4627107580502828,0.1212597241004308,-6.538934866960848,-5.674081901365978,-4.193014898197878,0.0,0.0
ES2004c,793,0.5246142943700155,0.33295824627081555,0.5623701512813568,0.05364666630824407,0.02430697965125243,0.46450214584668476,0.495578130086263,0.17207411800821623,-3.832289505780166,-8.71090605598492,-7.531267630619549,0.0,0.0
ES2004c,794,0.4112753669420878,0.17244343211253485,0.3771379888057709,0.04081875334183375,0.01980861524740855,0.44750094413757324,0.5153965651988983,0.2238968461751938,-0.2267849539421484,-12.10155132482786,-13.730945002809065,0.0,0.0
ES2004c,795,0.49205490946769714,0.17348984132210413,0.58073162039121,0.0430619070927302,0.018623813055455685,0.38061509529749554,0.4968235393365224,0.26160987218221027,1.537328450999426,-12.473517747703333,-17.088414948478245,0.0,0.0
ES2004c,796,0.6346678833166758,0.21949912110964456,0.23278534412384033,0.07440620164076488,0.016447564276556175,0.615822414557139,0.6050659020741781,0.11006853977839152,1.2882034993661426,2.914678749978967,-10.020159298821062,0.0,0.0
ES2004c,797,0.6098194718360901,0.2661728461583455,0.16805851211150488,0.07614734147985776,0.013660188764333725,0.5516231656074524,0.6241450309753418,0.097205251455307,1.9221601334699514,10.606239380836842,-6.469971333168567,0.0,0.0
ES2004c,798,0.4891841808954875,0.21242395043373108,0.35311145583788556,0.057171083986759186,0.014680195910235247,0.38511250416437787,0.5283442238966624,0.12219335635503133,2.391872955203297,-7.948537363370633,-13.213822326742294,0.0,0.0
ES2004c,799,0.4214048484961192,0.17741836110750833,0.48923590779304504,0.048562453438838325,0.02765194761256377,0.3494368592898051,0.460132896900177,0.06632623076438904,3.7973580740558432,-18.369407375303307,-18.767651800120053,0.0,0.0
ES2004c,800,0.4297085801760356,0.20334632694721222,0.5094093581040701,0.04725011686484019,0.024927012001474697,0.4366921881834666,0.4698364734649658,0.09392768517136574,4.435338919727115,-17.56165746268406,-19.358381509993567,0.0,0.0
ES2004c,801,0.43932347496350604,0.18078858653704324,0.5735970934232076,0.0578836090862751,0.020309884722034138,0.2812595417102178,0.4702898859977722,0.2215763678153356,3.6497823885673473,-18.325343502693556,-18.755519286901112,0.0,0.0
ES2004c,802,0.41605637470881146,0.1654475430647532,0.4058222969373067,0.04668655494848887,0.02182689867913723,0.3328148275613785,0.48775120576222736,0.027313911356031895,2.8319172357322113,-17.565711244111295,-18.67415276892866,0.0,0.0
ES2004c,803,0.45011110107103985,0.1932928462823232,0.5135815044244131,0.04720688114563624,0.02478034421801567,0.43118175864219666,0.4811203380425771,0.0691420529037714,3.0444929254815833,-17.008311930340007,-19.310178779946643,0.0,0.0
ES2004c,804,0.4213279088338216,0.16406868398189545,0.579620897769928,0.05015881607929865,0.024370069925983746,0.45763036608695984,0.48241497079531354,0.06764036913712819,2.4339608446479857,-16.77833740746108,-19.47199795893809,0.0,0.0
ES2004c,805,0.47060439984003705,0.2931506435076396,0.48957085609436035,0.05442058543364207,0.021245309462149937,0.314006341000398,0.5103919704755148,0.11799929787715276,2.9604635588810275,-8.728819746705922,-15.519956761094397,0.0,0.0
ES2004c,806,0.5351816018422445,0.1998490716020266,0.32528119285901386,0.06595357755819957,0.013498401269316673,0.5205133855342865,0.6070767641067505,0.12291042755047481,0.7143803826930393,1.3551522551914517,-8.921014446913249,0.0,0.0
ES2004c,807,0.46193331480026245,0.19870088001092276,0.335194210211436,0.08326236655314763,0.010670130451520285,0.5674128929773966,0.6382543245951334,0.1886217494805654,-1.781225827551305,10.947866340663957,-5.072359158665448,0.0,0.0
ES2004c,808,0.45708168546358746,0.16203350325425467,0.450434943040212,0.08901643256346385,0.013005371826390425,0.6032060186068217,0.679347554842631,0.22100796302159628,-2.715758188925754,11.2134566786145,-5.147103354926004,0.0,0.0
ES2004c,809,0.5169168015321096,0.16445983946323395,0.45969628791014355,0.08497256288925807,0.017305643918613594,0.5484426418940226,0.5949509342511495,0.39855851233005524,-1.573894990675969,18.250977611490214,5.175794438588645,0.0,0.0
ES2004c,810,0.6120752890904745,0.2573948800563812,0.5130582352479299,0.09598374615112941,0.03250931824247042,0.46833675106366474,0.4540667434533437,0.34017942907909554,-2.4850530506680406,14.720753308719802,11.023879214979422,0.0,0.0
ES2004c,811,0.6429461240768433,0.37305134534835815,0.4655877947807312,0.13063066452741623,0.05480975409348806,0.570700983206431,0.5112977921962738,0.25980855027834576,-8.321203051142733,2.3736073235547757,21.214459242951516,0.0,0.0
ES2004c,812,0.6650865276654562,0.3179050385951996,0.5295629501342773,0.13284499694903693,0.07564597576856613,0.5341886083285013,0.4127706189950307,0.03433729335665703,-13.365669937705164,-7.725392019820937,27.523954677984836,0.0,0.0
ES2004c,813,0.6087537805239359,0.23203422129154205,0.44287628928820294,0.04944963132341703,0.023301510450740654,0.3940749367078145,0.374994029601415,0.7718242804209391,-0.5970215556204143,-6.5395763990125,-16.365152626897,0.0,0.0
ES2004c,814,0.5121702353159586,0.2240873028834661,0.5055933197339376,0.048589455584685005,0.028683796525001526,0.4755880534648895,0.3815854986508687,0.08405377964178722,-9.444133695075946,-19.462706596290584,-1.5386279865005814,0.0,0.0
ES2004c,815,0.5937169392903646,0.4039030770460765,0.3834238400061925,0.07142056028048198,0.04378767932454745,0.4988817870616913,0.37844515840212506,0.09643351907531421,-20.14797074347999,-15.761184935304849,15.346832730746348,0.0,0.0
ES2004c,816,0.5477960109710693,0.33392595251401264,0.44646866122881573,0.09014571954806645,0.04210548475384712,0.5088843107223511,0.36213478446006775,0.3355240846673648,-25.837629753170948,-13.003736363165439,25.92858538008797,0.0,0.0
ES2004c,817,0.5161957144737244,0.31762254734834033,0.3243427475293477,0.06112540637453397,0.05091513444979986,0.5424279272556305,0.35331884026527405,0.09538697885970275,-24.083572787590004,-10.256700309245865,24.3072467670119,0.0,0.0
ES2004c,818,0.538405696551005,0.3402007222175598,0.3112584849198659,0.05274868135650953,0.060337538520495095,0.47407519817352295,0.315260112285614,0.08310164945820968,-23.811179663327465,-7.177323890026353,22.251271380476098,0.0,0.0
ES2004c,819,0.5254093706607819,0.2765210767587026,0.3535928428173065,0.053176303704579674,0.04762314880887667,0.5238741238911947,0.3697228630383809,0.10929977521300316,-21.4430601410174,-7.305525566107217,21.246642180662942,0.0,0.0
ES2004c,820,0.4801778892676036,0.3820149302482605,0.28598302602767944,0.050362726052602134,0.048421875884135566,0.3706570118665695,0.3995882173379262,0.13799262046813965,-21.362336430801122,-6.2105533270405155,17.949189549949654,0.0,0.0
ES2004c,821,0.4612148304780324,0.4202485779921214,0.28781824310620624,0.0393681526184082,0.025712324306368828,0.4584524830182393,0.3525692919890086,0.27266740053892136,-19.47145695795078,-5.373088525684708,14.050421839409289,0.0,0.0
ES2004c,822,0.5238538384437561,0.3486826221148173,0.31870460510253906,0.04237003500262896,0.03702953023215135,0.24468263238668442,0.3298422694206238,0.1337387659586966,-19.525955187864735,-4.9363031304329175,14.381397126434495,0.0,0.0
ES2004c,823,0.48739474018414813,0.30179402728875476,0.3942125091950099,0.05238147700826327,0.04568079051872095,0.2579861084620158,0.40254371364911395,0.23350542907913527,-21.66958596569586,-6.0677941229710415,18.984432686251168,0.0,0.0
ES2004c,824,0.5026586552460989,0.354707936445872,0.33970922231674194,0.06085201477011045,0.0679414893190066,0.43674059708913165,0.3775416910648346,0.23588222761948904,-24.104981037075262,-6.727210417879628,21.88135560232209,0.0,0.0
ES2004c,825,0.5334806044896444,0.4143260717391968,0.2865377316872279,0.05654297520716985,0.07865078250567119,0.545495480298996,0.40324726700782776,0.16760974749922752,-24.957810105533976,-6.9599809246857385,21.251772745679315,0.0,0.0
ES2004c,826,0.4813562333583832,0.3923440972963969,0.32590440412362415,0.05088427538673083,0.054984450340270996,0.37898264328638714,0.42215824127197266,0.14741197352608046,-26.72649715430893,-6.742267454538755,18.871331854910043,0.0,0.0
ES2004c,827,0.4478358229001363,0.31126774350802106,0.34086620807647705,0.05713115011652311,0.05261249157289664,0.4249268521865209,0.4723641872406006,0.047923467277238764,-19.62510577018,-14.996258142771405,7.970767014689501,0.0,0.0
ES2004c,828,0.5069721539815267,0.26880088448524475,0.2764851699272792,0.05765211209654808,0.029524240642786026,0.5702928900718689,0.44840068618456524,0.060390398216744266,-9.458722624721583,-25.728272794382985,-8.635903838269293,0.0,0.0
ES2004c,829,0.5801425178845724,0.33014069000879925,0.301666999856631,0.04727275793751081,0.03385870655377706,0.5785137216250101,0.3202647666136424,0.0235720407217741,-12.168462317317415,-10.006097542026401,9.218816471690948,0.0,0.0
ES2004c,830,0.61307692527771,0.38884954651196796,0.3881503989299138,0.06173324460784594,0.0619816929101944,0.6305391291777293,0.39717304706573486,0.078886229544878,-14.75166054939892,-5.92426834227419,32.544487522904205,0.0,0.0
ES2004c,831,0.5510842800140381,0.42990656693776447,0.2588743567466736,0.048486502220233284,0.05110877876480421,0.6045912702878317,0.36599186062812805,0.14713123813271523,-16.084642924306706,-4.734745379307226,33.14941242001797,0.0,0.0
ES2004c,832,0.5007376869519552,0.40295953551928204,0.23316317796707153,0.046337950974702835,0.05093133822083473,0.7155971924463908,0.40189499656359357,0.0991056989878416,-16.606716231865132,-4.1881500815390815,33.04065972831196,0.0,0.0
ES2004c,833,0.5619739294052124,0.40868942936261493,0.18007880946000418,0.04481405019760132,0.052721536407868065,0.5928941766421,0.3746558129787445,0.08424002180496852,-17.105806428711404,-4.9757567373241205,32.91003995724399,0.0,0.0
ES2004c,834,0.5046875675519308,0.3689223031202952,0.18044101198514303,0.04990867152810097,0.05639490609367689,0.5467760860919952,0.3712050716082255,0.04961935989558697,-19.213724836056077,-6.089229954820859,32.10832517834697,0.0,0.0
ES2004c,835,0.49793973565101624,0.2719314495722453,0.37703077991803485,0.04992798591653506,0.04551232233643532,0.6438764333724976,0.3709689180056254,0.09287254729618628,-15.235867498753393,-8.905283195912759,17.947266636967132,0.0,0.0
ES2004c,836,0.6154335141181946,0.32684378574291867,0.23731078952550888,0.04382212087512016,0.016168141116698582,0.4838581631580989,0.4091135362784068,0.05811317513386408,-6.831573709484371,-2.9417718903944636,-3.0823334894163548,0.0,0.0
ES2004c,837,0.7100569407145182,0.42494043707847595,0.1730805238087972,0.06273396561543147,0.01459587768961986,0.5720060368378957,0.5790865023930868,0.04633738131572803,-4.914324356837478,8.438842640307719,-7.651032195480872,0.0,0.0
ES2004c,838,0.66726682583491,0.3126203765471776,0.14623623341321945,0.06557768334945042,0.011993288372953733,0.5757748583952585,0.6116067171096802,0.056382370802263417,-5.881718226320302,10.311750721383683,-8.335927005236703,0.0,0.0
ES2004c,839,0.6670679847399393,0.3226797084013621,0.13127247244119644,0.06486392642060916,0.0110696687673529,0.6240298748016357,0.6438465515772501,0.018420304792622726,-7.020692009079451,10.302527739172811,-9.348762135192487,0.0,0.0
ES2004c,840,0.4596712390581767,0.19564954191446304,0.48893460631370544,0.10640608022610347,0.03889176497856776,0.5094203452269236,0.32420413692792255,0.6193515658378601,-1.3657961383508361,-22.785822576342785,-4.128373211261987,0.0,0.0
ES2004c,841,0.6187645196914673,0.3508405089378357,0.31472428639729816,0.0757096732656161,0.027694915731747944,0.26613664627075195,0.43510351578394574,0.2333549652248621,1.0022574617428859,-6.267132399362514,-4.243592738586224,0.0,0.0
ES2004c,842,0.7258678476015726,0.3782881746689479,0.4563189347585042,0.10183574755986531,0.03460021658490101,0.499577800432841,0.504964699347814,0.9603521823883057,2.021551477170448,9.150315101070168,-3.7686437413083347,0.0,0.0
ES2004c,843,0.7136950691541036,0.3660634060700734,0.3989437321821849,0.10911077509323756,0.02552737792332967,0.5085843801498413,0.5120979944864908,0.7757887244224548,1.7468572790408505,9.67434872407886,-3.7780674447490896,0.0,0.0
ES2004c,844,0.6057829856872559,0.2964560886224111,0.6041660209496816,0.12670558442672095,0.04206193300584952,0.5515039563179016,0.35545941193898517,0.9716968536376953,2.289334168811063,5.244133937041254,-3.1985766066103243,0.0,0.0
ES2004c,845,0.595587154229482,0.3480543792247772,0.34724166492621106,0.13070272654294968,0.035017196709911026,0.4210775891939799,0.4331975281238556,0.8334066271781921,4.953802950457956,1.9088935347550713,-2.2145803858680004,0.0,0.0
ES2004c,846,0.7850151062011719,0.512410451968511,0.38570300738016766,0.08853065222501755,0.020483627294500668,0.3712310492992401,0.4017441471417745,0.7384041547775269,6.801093521052873,8.167768128440768,0.2027301815280358,0.0,0.0
ES2004c,847,0.5641977886358897,0.2682262559731801,0.34548528492450714,0.1141238162914912,0.06405357147256534,0.42881109317143756,0.34863277276357013,0.8108530839284261,3.268962195289206,-9.682233642064078,-3.389797755460865,0.0,0.0
ES2004c,848,0.5018278459707896,0.24297303954760233,0.3700840175151825,0.11598015328248341,0.03664066456258297,0.5172797938187917,0.36596253514289856,0.26512522002061206,1.8955890879674957,1.6143231328067043,-3.8165375426398835,0.0,0.0
ES2004c,849,0.5082710782686869,0.40069912374019623,0.17169413715600967,0.12351244936386745,0.026981858847041924,0.5462910334269205,0.5825779636700948,0.0816249546284477,-2.5481462907479453,12.46526017747315,-12.255147157417236,0.0,0.0
ES2004c,850,0.5130686859289805,0.4024524788061778,0.32338674863179523,0.1081470176577568,0.028745765487353008,0.42963404456774396,0.5082536240418752,0.7113418827454249,-5.911172407653175,6.980317385406131,-11.077275946793987,0.0,0.0
ES2004c,851,0.4937008122603099,0.3087766170501709,0.46734188000361127,0.05501452833414078,0.01688257170220216,0.32561587790648144,0.3295791745185852,0.857200006643931,-8.435498079806075,-0.8588083708828148,-8.954388686991791,0.0,0.0
ES2004c,852,0.43907467524210614,0.24750147263209024,0.32136619587739307,0.08899818112452824,0.04032838779191176,0.15810788174470267,0.36362424492836,0.9518334865570068,-6.524249867682411,-2.1511285721412126,-8.471129790784197,0.0,0.0
ES2004c,853,0.38765527804692584,0.20388809343179068,0.40216419100761414,0.059993614753087364,0.024020005017518997,0.5269409020741781,0.4225042363007863,0.6661966095368067,-0.2432239130394831,-3.0832209285887955,-2.7941046861899372,0.0,0.0
ES2004c,854,0.44174353281656903,0.26927796999613446,0.37620645264784497,0.09719983860850334,0.04274852635959784,0.5583676397800446,0.4318473736445109,0.6173584212859472,4.8311985003462015,-2.5594252750286715,0.9847644612254939,0.0,0.0
ES2004c,855,0.6394509673118591,0.4421849250793457,0.6045429309209188,0.17760789642731348,0.06233264009157816,0.5986934204896291,0.4304295480251312,0.893893818060557,16.478103239246764,10.376949656793924,-2.969027400394458,0.0,0.0
ES2004c,856,0.5826602379480997,0.30723467469215393,0.42684925595919293,0.16340559472640356,0.047512905672192574,0.48626505335172016,0.3218383987744649,0.63122184202075,12.80528446955706,-1.3107679676374993,-3.3519623095877074,0.0,0.0
ES2004c,857,0.6037067969640096,0.3382730185985565,0.3180163378516833,0.1739175170660019,0.055365229646364846,0.564393530289332,0.41006086270014447,0.6923074573278427,10.852160789427195,-12.47171647154518,-1.7732845994429194,0.0,0.0
ES2004c,858,0.5758695602416992,0.32085488736629486,0.48490725954373676,0.12402491519848506,0.07647434994578362,0.44137831528981525,0.4614487985769908,0.5472507923841476,5.945276519560551,-20.546241010923847,-3.014515756529969,0.0,0.0
ES2004c,859,0.516558974981308,0.24446619053681692,0.2829799751440684,0.13178027917941412,0.051431916654109955,0.4111537237962087,0.3784640630086263,0.524275733778874,-0.17801430560672538,-24.229435209718673,-2.1132956421258715,0.0,0.0
ES2004c,860,0.5335910121599833,0.3165915012359619,0.3368873844544093,0.11205235620339711,0.05210296188791593,0.6379508574803671,0.3465224305788676,0.2806782266125083,-3.7211449114361823,-34.673913093445066,-1.04078985610231,0.0,0.0
ES2004c,861,0.5957218408584595,0.4499586721261342,0.4424858291943868,0.1614963561296463,0.14519786338011423,0.6269725759824117,0.45199713110923767,0.327900647961845,5.172694531619345,-32.542802625249784,-3.061748324272703,0.0,0.0
ES2004c,862,0.6275091965993246,0.4268256723880768,0.28238939742247265,0.1793962816397349,0.16312761356433234,0.28712335725625354,0.4095935821533203,0.8676018913586935,6.52937923063148,-33.3847895920512,0.7678349379459378,0.0,0.0
ES2004c,863,0.6790675520896912,0.4442901114622752,0.21875985463460287,0.18674340347448984,0.13798007369041443,0.2739674399296443,0.40106797218322754,0.653449093302091,6.614481438774,-31.759486962416275,1.017419832697739,0.0,0.0
ES2004c,864,0.5664604306221008,0.3993617792924245,0.25559183955192566,0.14575641105572382,0.07441681375106175,0.4837906410296758,0.38167786598205566,0.39359257246057194,-0.49177155783535437,-38.16312504667235,0.5113334837603246,0.0,0.0
ES2004c,865,0.5338309705257416,0.22838046153386435,0.44644657770792645,0.05557083214322726,0.02682595265408357,0.3961831529935201,0.3385334114233653,0.046790712823470436,-3.176665267089838,-13.786805077300514,-6.2223692251825105,0.0,0.0
ES2004c,866,0.5499756435553232,0.27263004581133526,0.4628944893678029,0.05518907681107521,0.024418345962961514,0.3174395337700844,0.39918993910153705,0.17424903996288776,-3.3654688023998958,-14.621358199378074,-6.409607254143154,0.0,0.0
ES2004c,867,0.5176715354124705,0.1772873799006144,0.399903525908788,0.04414190724492073,0.024002086371183395,0.2364741414785385,0.3411104381084442,0.21345997850100198,-5.7086812025799105,-17.46500372925436,-7.5000943182605715,0.0,0.0
ES2004c,868,0.4612136781215668,0.15650554994742075,0.4626405934492747,0.05152525628606478,0.02695295587182045,0.2911260227362315,0.4139695366223653,0.023994237650185823,-12.76850849153566,-21.841435188136334,-8.657290703569174,0.0,0.0
ES2004c,869,0.4581865767637889,0.13282983501752219,0.37941428025563556,0.051087583104769387,0.025425733998417854,0.24230665961901346,0.4533260365327199,0.015848207287490368,-12.749605068584515,-20.216581711981416,-8.14484529173851,0.0,0.0
ES2004c,870,0.4174800515174866,0.12497818718353908,0.4532301624615987,0.060470769802729286,0.030030489588777225,0.5746033787727356,0.3755839169025421,0.12944006423155466,-13.272420000002166,-18.652559877018792,-8.360706890573233,0.0,0.0
ES2004c,871,0.5516216854254404,0.20728919903437296,0.34588244557380676,0.05207010234395663,0.016332746172944706,0.36071200172106427,0.3967077434062958,0.3148654301961263,-11.388210238458727,-12.677791370588752,-7.193589525863068,0.0,0.0
ES2004c,872,0.5834095279375712,0.33570649723211926,0.3758099675178528,0.054555509239435196,0.03510677224646012,0.5551844437917074,0.4256146748860677,0.10677661622563998,-8.919363984620555,-8.26878452196185,-4.305740874736509,0.0,0.0
ES2004c,873,0.732771098613739,0.41984867056210834,0.4048441598812739,0.057554821173350014,0.027370572711030643,0.5287425518035889,0.46633190910021466,0.46022288501262665,-6.161450911445297,-3.3409461466181214,-1.9086775456318026,0.0,0.0
ES2004c,874,0.641707201798757,0.3450004955132802,0.44080400466918945,0.04147348180413246,0.015508650181194147,0.2856234833598137,0.4271438916524251,0.1706554169456164,-4.328096328393538,-10.451440549414633,-3.956588154059919,0.0,0.0
ES2004c,875,0.4578412671883901,0.18411665161450705,0.3845246533552806,0.046389603366454445,0.019817997391025226,0.3758479754130046,0.3780888418356578,0.01243447062248985,-3.9615280052606194,-27.27191242507962,-9.442568644274536,0.0,0.0
ES2004c,876,0.44714875022570294,0.25507790843645733,0.4459459235270818,0.050970252603292465,0.022953610867261887,0.3050173223018646,0.4187046190102895,0.006927397024507324,-0.9457890747289831,-32.988709043873385,-12.070835058011774,0.0,0.0
ES2004c,877,0.4287160038948059,0.19437232613563538,0.39551981290181476,0.05996933082739512,0.021970589955647785,0.4574771622816722,0.439080148935318,0.024157322632769745,-1.820028701334282,-33.460560898353556,-11.82931797011837,0.0,0.0
ES2004c,878,0.47239871819814044,0.25140530864397687,0.4385221302509308,0.06213495756189028,0.02385705274840196,0.4979413201411565,0.40480324625968933,0.006061375606805086,-3.3895724989296316,-33.60409225151391,-11.29730207148066,0.0,0.0
ES2004c,879,0.5213042398293813,0.19101419548193613,0.5134721000989279,0.057170805831750236,0.02231372023622195,0.45110098520914715,0.4089361329873403,0.01571553262571494,-3.0881136290650386,-32.89586472623669,-11.657169674500528,0.0,0.0
ES2004c,880,0.5068519910176595,0.25589460631211597,0.41665401061375934,0.05643364290396372,0.023559074228008587,0.3623514274756114,0.4049087365468343,0.008585765259340405,-2.645973149253488,-32.1770482901404,-11.441889797933518,0.0,0.0
ES2004c,881,0.49177489678064984,0.2946414649486542,0.41033461689949036,0.05960816517472267,0.023367909093697865,0.49899622797966003,0.42276354630788165,0.0052464149581889314,-3.6346646990245426,-33.6331652913263,-11.014728186068462,0.0,0.0
ES2004c,882,0.49696654081344604,0.2367545465628306,0.3695051868756612,0.05688914408286413,0.02495586934189002,0.35993386308352154,0.3693220913410187,0.025717205833643675,-2.460454250597358,-33.2384553670708,-11.471967352005613,0.0,0.0
ES2004c,883,0.46090176701545715,0.2285719762245814,0.421142041683197,0.058313640455404915,0.023570518319805462,0.45449761549631756,0.41556211312611896,0.007280008750967681,-3.035171586219293,-33.27949597988391,-11.254488659933424,0.0,0.0
ES2004c,884,0.4731129010518392,0.28594406445821124,0.4307921230792999,0.0630166915555795,0.021826374034086864,0.35774808128674823,0.3742971122264862,0.007903101077924172,-4.897647725049297,-33.77729248500475,-11.479853352573778,0.0,0.0
ES2004c,885,0.4263276855150859,0.2654040803511937,0.3553307553132375,0.06011426572998365,0.02433345342675845,0.4927501976490021,0.41453539331754047,0.018697003989169996,-5.026118213660307,-34.00499733499513,-11.562059329447322,0.0,0.0
ES2004c,886,0.41251303752263385,0.2579296926657359,0.34415199359258014,0.06120247890551885,0.02619030823310216,0.4997277657190959,0.38579000035921734,0.006869073491543531,-6.03044791193328,-33.30589651507247,-11.199480132605984,0.0,0.0
ES2004c,887,0.4263874590396881,0.17791306972503662,0.3748399019241333,0.06508077184359233,0.02532124953965346,0.3819592197736104,0.4195797344048818,0.017941238552642364,-6.355684123304822,-32.839166467557725,-10.817796785564271,0.0,0.0
ES2004c,888,0.6102548638979594,0.3070518920818965,0.29976797600587207,0.07112357020378113,0.01710888712356488,0.4510038544734319,0.5615508258342743,0.08210189159338672,-4.811542299881487,-1.3394712353306197,-2.9470515695208213,0.0,0.0
ES2004c,889,0.6748618682225546,0.26630161702632904,0.24114883442719778,0.104499156276385,0.022622843583424885,0.6253363688786825,0.5651286641756693,0.14245531739046177,-0.6997666366370551,14.310877609549822,5.7648558610192255,0.0,0.0
ES2004c,890,0.6401912569999695,0.24040600657463074,0.20108079413572946,0.08090308060248692,0.012005826147894064,0.6351630588372549,0.6061580181121826,0.14106485744317374,1.3808638226002563,13.48629394338034,7.344422859131373,0.0,0.0
ES2004c,891,0.5824316541353861,0.23049070437749228,0.32495591044425964,0.08058101683855057,0.019313381363948185,0.5747108658154806,0.6226990818977356,0.10860904802878697,0.9864636938086736,13.514011082800982,7.152622188527235,0.0,0.0
ES2004c,892,0.5779117345809937,0.22833170493443808,0.33071253697077435,0.08095321555932362,0.015228097637494406,0.6014854907989502,0.5952667792638143,0.05150718862811724,-2.1419004567312903,13.767815082405884,6.876912989423009,0.0,0.0
ES2004c,893,0.6030703186988831,0.2249892403682073,0.2927575260400772,0.08495722462733586,0.03826534189283848,0.584329883257548,0.555992046991984,0.011007526889443398,-4.105833334045968,14.560090623405463,5.2620727228885,0.0,0.0
ES2004c,894,0.6272519032160441,0.2320992797613144,0.40169190367062885,0.08814207961161931,0.02071790335079034,0.687831461429596,0.5988609989484152,0.10738439423342545,-3.5150686326208294,14.435987963448198,5.675535314960174,0.0,0.0
ES2004c,895,0.6987643837928772,0.47069306174914044,0.22174111008644104,0.13230245560407639,0.09951736778020859,0.6025868455568949,0.4916038115819295,0.09534574424227078,-9.662928519029489,4.368427624892095,8.60816371508618,0.0,0.0
ES2004c,896,0.6350456674893697,0.3839613695939382,0.3133412053187688,0.09858238945404689,0.09270665794610977,0.5280265609423319,0.36882519721984863,0.3356766663491726,-12.294659561459374,-5.581002028468074,17.107612527761184,0.0,0.0
ES2004c,897,0.5342787504196167,0.30022595326105755,0.37862250208854675,0.08143057425816853,0.04816907768448194,0.3925275305906932,0.3802117307980855,0.04626744985580444,-17.673673745098068,-6.805813286898615,22.737092402182608,0.0,0.0
ES2004c,898,0.49596670269966125,0.21884143352508545,0.44898385802904767,0.04864580308397611,0.05026670793692271,0.5031924992799759,0.39257726073265076,0.10132075846195221,-26.12594665851779,-7.441759935549829,22.783585046384445,0.0,0.0
ES2004c,899,0.461403489112854,0.23123840987682343,0.538911908864975,0.04590557515621185,0.04617092137535413,0.4030122558275859,0.39688921968142193,0.02865048808356126,-25.340850585146868,-6.982261587113295,20.564775670690494,0.0,0.0
ES2004c,900,0.49115973711013794,0.2455208251873652,0.5139035681883494,0.05931900441646576,0.09430500119924545,0.2724202622969945,0.3530938724676768,0.025663791224360466,-22.797042874713515,-7.0155736910431585,18.816791792928395,0.0,0.0
ES2004c,901,0.4714852770169576,0.24339101215203604,0.5917997260888418,0.053566438456376396,0.06195695077379545,0.3005465666453044,0.3305872132380803,0.06529269739985466,-24.01386815701036,-7.922372957059935,13.638610571957628,0.0,0.0
ES2004c,902,0.4256856640179952,0.26507166028022766,0.41172165671984357,0.05053659528493881,0.03609894464413325,0.3103652248779933,0.41236968835194904,0.0656746116777261,-22.207870937299234,-14.818481825079175,1.4287355082255366,0.0,0.0
ES2004c,903,0.4658659299214681,0.23867452144622803,0.4870975613594055,0.052705373615026474,0.0369675662368536,0.3865215728680293,0.3893878658612569,0.023937039232502382,-22.323822330310772,-13.996241281671713,-3.3468175307051724,0.0,0.0
ES2004c,904,0.4862493375937144,0.18138843774795532,0.48554972807566327,0.040547618021567665,0.029674821843703587,0.3897650937239329,0.384028156598409,0.0716960479815801,-16.038620658245566,-15.554735012331625,-9.857057797808464,0.0,0.0
ES2004c,905,0.5412927369276682,0.31713708241780597,0.320874219139417,0.05302343890070915,0.03173572197556496,0.4957466423511505,0.3894696931044261,0.036187366427232824,-8.782568450116361,-19.621349552833603,-11.80390284260749,0.0,0.0
ES2004c,906,0.5929191708564758,0.302522008617719,0.3719317515691121,0.056829486042261124,0.05320067207018534,0.5924476683139801,0.37635259826978046,0.1731470407297214,-7.061331523840091,-17.38333567647624,5.360566186182158,0.0,0.0
ES2004c,907,0.5756743351618449,0.2946463127930959,0.47438617547353107,0.06462529053290685,0.05116098436216513,0.5889562765757242,0.41646267970403034,0.05268788772324721,-8.85080881596015,-23.015532564768638,3.3627039479041145,0.0,0.0
ES2004c,908,0.5664868454138438,0.32369646430015564,0.4135532279809316,0.047524429857730865,0.03151630672315756,0.3068690747022629,0.41717293858528137,0.024017232470214367,-11.349760911820978,-22.00472044780176,2.287691816357175,0.0,0.0
ES2004c,909,0.6191113591194153,0.32352085908253986,0.2960641235113144,0.03803422053654989,0.0410893422861894,0.2974175264437993,0.28618399302164715,0.022985301290949185,-19.420093400096107,-16.074161716943205,11.243572977896754,0.0,0.0
ES2004c,910,0.6011912624041239,0.33884673317273456,0.3437876005967458,0.039241816848516464,0.040848576774199806,0.40032728513081867,0.39341214299201965,0.1960762751599153,-18.11417889775865,-11.383683245263429,9.248671421008753,0.0,0.0
ES2004c,911,0.5368146101633707,0.31038617094357807,0.3192562808593114,0.04250238587458929,0.04133608937263489,0.5935433308283488,0.38717706004778546,0.11230057912568252,-13.394410902222901,-7.247563860894278,7.8033359942411735,0.0,0.0
ES2004c,912,0.5396058360735575,0.3168247441450755,0.27917922536532086,0.04062838852405548,0.03314608708024025,0.4390564163525899,0.3863772253195445,0.026921252409617107,-10.445640453398873,-10.612588166082714,1.1182443467374037,0.0,0.0
ES2004c,913,0.6235764424006144,0.3700100878874461,0.3644467393557231,0.053164444863796234,0.037300526474912964,0.5304902593294779,0.4175219138463338,0.03813935009141763,-10.997478918352945,-14.275449158272854,3.037664519784887,0.0,0.0
ES2004c,914,0.687230666478475,0.436535249153773,0.36146871248881024,0.06741372992595036,0.06545528769493103,0.6734093725681305,0.3786568542321523,0.07650768135984738,-18.81673916592743,-11.458320675748295,16.25258555420484,0.0,0.0
ES2004c,915,0.6235999266306559,0.30825838446617126,0.32453928887844086,0.050296515226364136,0.03365082231660684,0.4483455419540405,0.3384218414624532,0.030412933478752773,-13.191085323163612,-18.272886041103288,11.466910027948563,0.0,0.0
ES2004c,916,0.5901157458623251,0.2514531264702479,0.43770604332288104,0.04967221120993296,0.044858419646819435,0.4042039414246877,0.3608112434546153,0.034409173609068,-14.01324992051425,-17.92222201591956,0.1595900150133905,0.0,0.0
ES2004c,917,0.600473940372467,0.31962282955646515,0.3852408031622569,0.03784350057442983,0.02901301470895608,0.5852467715740204,0.4151742657025655,0.02686516505976518,-21.507831653002068,-10.377671056225902,-8.637829652757974,0.0,0.0
ES2004c,918,0.5536553661028544,0.32154502471288043,0.3526548047860463,0.03617901479204496,0.02868650046487649,0.5093311766783396,0.43967676162719727,0.06423697154968977,-22.809377502476647,-10.972524649511003,-9.268139485548703,0.0,0.0
ES2004c,919,0.47724687059720355,0.2297618587811788,0.29693681995073956,0.04024700323740641,0.02835080586373806,0.6031798720359802,0.39087843894958496,0.04188852097528676,-19.56891575452927,-17.5014101928266,-10.710992396956158,0.0,0.0
ES2004c,920,0.5060743590195974,0.2773391902446747,0.3700140416622162,0.06053766111532847,0.0349588468670845,0.5192588766415914,0.38226401805877686,0.029629258438944817,-17.825478891296314,-16.52567608548364,-1.4807794986295721,0.0,0.0
ES2004c,921,0.4967353542645772,0.21554678678512573,0.4082350532213847,0.04061274975538254,0.026911685864130657,0.46300215522448224,0.3300933539867401,0.015637389694650967,-9.983762645720835,-21.928373493253236,-5.91112126899018,0.0,0.0
ES2004c,922,0.5478513240814209,0.2398110032081604,0.35161154468854267,0.04692072048783302,0.018188484633962314,0.4880237877368927,0.44000540177027386,0.07966504245996475,-5.7436212803540485,-15.645918854928224,-12.056049032439619,0.0,0.0
ES2004c,923,0.6463446120421091,0.29431260625521344,0.3091406474510829,0.046593233942985535,0.013559560291469097,0.5862720608711243,0.45856571197509766,0.14175622165203094,-6.327447257866041,-5.338738910479794,-10.640166311027386,0.0,0.0
ES2004c,924,0.446781059106191,0.1562573437889417,0.5124298433462778,0.03835233425100645,0.01854930507640044,0.48298290371894836,0.3815738757451375,0.004794844270994266,-6.502587967761417,-21.514705658113883,-13.982974308027202,0.0,0.0
ES2004c,925,0.4449441432952881,0.1335592344403267,0.4334651629130046,0.041792143136262894,0.017798464745283127,0.5039254625638326,0.34831945101420086,0.008099995960947126,-5.43924043421639,-22.662055812550022,-14.135855847346297,0.0,0.0
ES2004c,926,0.4803402821222941,0.1470132345954577,0.49959362546602887,0.0459132194519043,0.01940482606490453,0.43284523487091064,0.37647030750910443,0.04884777823463082,-5.327497724517643,-20.65725843546224,-15.839638793987755,0.0,0.0
ES2004c,927,0.5820083022117615,0.2540637105703354,0.2836783727010091,0.08852954084674518,0.05048668881257375,0.4855794707934062,0.3746946454048157,0.04925838237007459,-7.962372413374773,-10.771697983306568,10.667036450211109,0.0,0.0
ES2004c,928,0.4781387945016225,0.2949015001455943,0.3894968430201213,0.05992095172405243,0.04717288166284561,0.5040560364723206,0.4054600199063619,0.02701504311213891,-17.16020446725564,-3.2156246781822606,35.37232819018498,0.0,0.0
ES2004c,929,0.4997873405615489,0.30723046759764355,0.3534019986788432,0.05368642881512642,0.04553946107625961,0.48527200023333233,0.41569290558497113,0.0421730304757754,-14.723159120669834,-4.5869198283840715,26.785528313119684,0.0,0.0
ES2004c,930,0.41878023743629456,0.2587233583132426,0.4877898693084717,0.048595541467269264,0.037129334484537445,0.34915297230084735,0.40324557820955914,0.09300110302865505,-10.41746113999494,-9.8539045256492,5.56815804470853,0.0,0.0
ES2004c,931,0.5487778584162394,0.27766746282577515,0.3733663310607274,0.047892084966103234,0.016493673746784527,0.3799962004025777,0.4750673572222392,0.09434018656611443,-3.4033017449933674,-12.153479719517145,-11.954582434511487,0.0,0.0
ES2004c,932,0.6420048872629801,0.3390233914057414,0.3161013225714366,0.05087757979830106,0.008448498013118902,0.6803354024887085,0.5803001324335734,0.16286785900592804,-4.113246584857939,4.6809818021130125,-9.76857920108054,0.0,0.0
ES2004c,933,0.7468015551567078,0.42867909868558246,0.19120575239260992,0.05980319902300835,0.012064474634826183,0.5889488855997721,0.6189154386520386,0.04793045793970426,-4.878810581275194,6.264880104059273,-9.646177805542354,0.0,0.0
ES2004c,934,0.5895320375760397,0.3505938450495402,0.23759324351946512,0.06663763895630836,0.013851857433716456,0.6749793688456217,0.6344016591707865,0.024912657992293436,-5.272418419783121,6.028181211872848,-9.772108135630702,0.0,0.0
ES2004c,935,0.6501237750053406,0.23160803318023682,0.5204716225465139,0.14328096310297647,0.056595051661133766,0.4838340977827708,0.37872140606244403,0.9063441952069601,-6.572274892379518,29.11317980999742,-14.100032078193374,0.0,0.0
ES2004c,936,0.7700365583101908,0.3675278027852376,0.3648322621981303,0.1298766111334165,0.09909652297695477,0.21981910864512125,0.4310637911160787,0.16574512918790182,-12.772715693701626,32.921783559320296,-16.004380964451347,0.0,0.0
ES2004c,937,0.7250622908274332,0.4447750647862752,0.5868525604406992,0.2089515080054601,0.13266261418660483,0.3355266402165095,0.4424157738685608,0.16985768328110376,-21.03845164437578,45.55805046768341,-25.038121728927425,0.0,0.0
ES2004c,938,0.7237198948860168,0.5964605907599131,0.423245241244634,0.21422569453716278,0.13819963981707892,0.31417792042096454,0.507071316242218,0.2985830356677373,-24.519736599334077,48.862892787777724,-26.19984015410566,0.0,0.0
ES2004c,939,0.6291610995928446,0.3809987356265386,0.42633790771166485,0.18005567292372385,0.10027716308832169,0.33934493362903595,0.3472769657770793,0.7564204335212708,-9.93547183844061,28.802708044441136,-13.947266655550036,0.0,0.0
ES2004c,940,0.6582654317220052,0.2630660633246104,0.3552560458580653,0.1546904742717743,0.041572172194719315,0.44867610931396484,0.31506585081418353,0.9758361379305521,-1.8419236473946403,13.957150023199942,-5.25437049551142,0.0,0.0
ES2004c,941,0.6812493205070496,0.39201581478118896,0.1678685744603475,0.114583986500899,0.04150431168576082,0.2331977685292562,0.35448028643925983,0.0608638854076465,-2.1153397877417004,13.831079720798321,-1.2624295062143436,0.0,0.0
ES2004c,942,0.7845699389775594,0.47506989041964215,0.29641467332839966,0.16927200059096018,0.05820386732618014,0.2880823612213135,0.3037915627161662,0.819461832443873,-1.4134047931875735,14.123239072365616,-2.5869574478558492,0.0,0.0
ES2004c,943,0.7051303188006083,0.3941732893387477,0.38006175061066944,0.15000535547733307,0.07590247318148613,0.2407882660627365,0.3369060258070628,0.8180880844593048,-8.090018010476173,26.03447030030881,-10.536550792637199,0.0,0.0
ES2004c,944,0.5945264995098114,0.462618350982666,0.43830175201098126,0.29379203418890637,0.23958253177503744,0.35153792301813763,0.37430839737256366,0.8086653351783752,-16.974755907507035,39.2159902355634,-21.052346456399082,0.0,0.0
ES2004c,945,0.6647928357124329,0.39859650532404584,0.389009694258372,0.19977141420046488,0.15055317183335623,0.44466493154565495,0.48584750294685364,0.6128156781196594,-12.778605562916226,28.805335314054048,-20.346446081850456,0.0,0.0
ES2004c,946,0.5767892003059387,0.35173869132995605,0.44873783985773724,0.20989179611206055,0.10915069033702214,0.5139609078566233,0.480906347433726,0.38997311145067215,-2.5950171793787127,-7.7457944975435735,-9.046864138540082,0.0,0.0
ES2004c,947,0.615230401357015,0.3773650626341502,0.28420208394527435,0.12561812748511633,0.06149710714817047,0.4871124525864919,0.42510271072387695,0.11085842736065388,-1.1353834785428896,-18.48538102529871,-4.686607495638976,0.0,0.0
ES2004c,948,0.6741694013277689,0.3925948192675908,0.3710243801275889,0.21608784794807434,0.10283591970801353,0.3477840969959895,0.4044596155484517,0.658281434327364,8.144663268311048,11.818605349290978,-7.000801813138094,0.0,0.0
ES2004c,949,0.6135331988334656,0.41092421611150104,0.5262451569239298,0.2648732711871465,0.1030721366405487,0.5851860443751017,0.441625972588857,0.5362965861956278,8.610212314782858,28.84178141040552,-12.301490712801382,0.0,0.0
ES2004c,950,0.6267445683479309,0.4035952041546504,0.34456456700960797,0.2266996850570043,0.14100114380319914,0.3163278177380562,0.4684177041053772,0.938349187374115,0.3733593516583002,24.891780873196524,-15.865448735755558,0.0,0.0
ES2004c,951,0.6537606120109558,0.3060278246800105,0.36043130854765576,0.14122340828180313,0.03995641817649206,0.3839382429917653,0.4066256483395894,0.90701691309611,14.9496624504308,7.8375516486312335,-2.546976222823422,0.0,0.0
ES2004c,952,0.6048129796981812,0.3575211962064107,0.4375803768634796,0.14429974059263864,0.05542129029830297,0.5154273311297098,0.4211723903814952,0.9382352232933044,8.088854123241415,8.781361662041986,-2.7763057370442326,0.0,0.0
ES2004c,953,0.5500461856524149,0.33681700627009076,0.4335136115550995,0.10780057807763417,0.03232401671508948,0.46988453964392346,0.3943269948164622,0.7424685259660085,7.626523372950682,17.23688729319372,-0.6472861122840937,0.0,0.0
ES2004c,954,0.647946814695994,0.39333365360895794,0.5171605745951334,0.16884128004312515,0.0879231554766496,0.5976353287696838,0.4570028881231944,0.5954706370830536,19.59705783455072,16.514259091956557,-2.4224444593351855,0.0,0.0
ES2004c,955,0.6522462964057922,0.40264691909154254,0.5670411884784698,0.11521253238121669,0.06120870572825273,0.6801412304242452,0.4193232258160909,0.44155625502268475,19.88418228742239,14.519619374586078,-2.080256853713372,0.0,0.0
ES2004c,956,0.6477070450782776,0.4278087119261424,0.6630117694536845,0.09556951622168224,0.046534267564614616,0.46725643674532574,0.446664164463679,0.4172281076510747,17.619223011181603,13.723542107517803,-0.2745907955724358,0.0,0.0
ES2004c,957,0.48747114340464276,0.25515973071257275,0.34825901687145233,0.23643050342798233,0.1435785461217165,0.23681432257095972,0.25156370798746747,0.9625187714894613,3.8975113534739108,20.009256504934985,-1.2226115831894058,0.0,0.0
ES2004c,958,0.576606273651123,0.18681132793426514,0.4149428109327952,0.07702036574482918,0.03327341812352339,0.28049182891845703,0.31616876522699994,0.858791450659434,-2.905884109730892,-15.855395296117727,-5.656843427696505,0.0,0.0
ES2004c,959,0.5509376525878906,0.2679770290851593,0.33818381031354267,0.08192333703239758,0.03607872501015663,0.337319294611613,0.3308558265368144,0.7296328941980997,-4.283069420550306,-17.485632172741095,-3.2449061585466676,0.0,0.0
ES2004c,960,0.5439328849315643,0.2653575787941615,0.40685733159383136,0.09026524672905605,0.05271037295460701,0.2225432793299357,0.3230556845664978,0.8508811791737875,-3.549675364849199,-16.926372617598727,-0.13288703136952348,0.0,0.0
ES2004c,961,0.5775259137153625,0.21084056794643402,0.5326201617717743,0.08218988527854283,0.03091239494582017,0.2710561901330948,0.3882339795430501,0.6221558054288229,-4.049367430883692,-16.95977908991075,2.514562113840579,0.0,0.0
ES2004c,962,0.6391408840815226,0.2873826026916504,0.5008380562067032,0.10381310681502025,0.04152280340592066,0.2236701250076294,0.3803532322247823,0.6709404488404592,-1.8931538714447598,-9.136439205506115,1.1296926418158453,0.0,0.0
ES2004c,963,0.6418769657611847,0.38320427139600116,0.31674806773662567,0.12355586638053258,0.09303859745462735,0.19842267036437988,0.351715624332428,0.9969427386919657,3.0273341683243835,-6.037938011801224,-3.6703397699810623,0.0,0.0
ES2004c,964,0.5127629737059275,0.1842147558927536,0.45414280891418457,0.09519510964552562,0.04309240480264028,0.34580178062121075,0.3600507974624634,0.6303348739941915,0.20364884425248567,-14.770149758522429,-1.2868592623596822,0.0,0.0
ES2004c,965,0.595405101776123,0.33054837087790173,0.37074456612269086,0.09044996400674184,0.04890454808870951,0.3645028869311015,0.3106142779191335,0.8529494206110636,-1.6932168051334966,-16.21839912076216,-2.3507612093219454,0.0,0.0
ES2004c,966,0.5576523741086324,0.23519584039847055,0.4448505739370982,0.08704933524131775,0.03542765974998474,0.2621682758132617,0.3128959735234578,0.4462218185265859,-6.135867463975967,-20.015666991206754,2.977797377189141,0.0,0.0
ES2004c,967,0.5257994731267294,0.2710641423861186,0.3125331997871399,0.06718434020876884,0.03190839538971583,0.30314169079065323,0.34819886088371277,0.46273137132326764,-7.389165827351778,-17.411927590025396,4.863332031626055,0.0,0.0
ES2004c,968,0.543319304784139,0.24298842748006186,0.32186099886894226,0.07279918839534123,0.02640790430208047,0.13807380944490433,0.41523000597953796,0.8323114911715189,-2.7496441915623833,-11.543794221205289,4.649938845341505,0.0,0.0
ES2004c,969,0.5121999482313792,0.23156878848870596,0.24387866258621216,0.08205257604519527,0.040193541596333184,0.09793151418368022,0.33573201298713684,0.9359737038612366,-0.8975099928516554,-13.024155597254312,5.300254407021856,0.0,0.0
ES2004c,970,0.6090292731920878,0.3389972945054372,0.2292304386695226,0.12440176059802373,0.1460872565706571,0.24062434832255045,0.3377409875392914,0.9610334038734436,1.321061645632114,-7.941936691150239,6.1641194525459895,0.0,0.0
ES2004c,971,0.6232112844785055,0.28609464565912884,0.4584309657414754,0.1884149064620336,0.16029015183448792,0.507522463798523,0.448851744333903,0.7679574886957804,12.623448917938134,23.750760047202736,-1.0638892005714962,0.0,0.0
ES2004c,972,0.6014774441719055,0.33237748344739276,0.3564532895882924,0.16718284785747528,0.10875943054755528,0.2714481254418691,0.36412790417671204,0.8873253266016642,10.412544579456396,23.498438802246763,-2.108468351403204,0.0,0.0
ES2004c,973,0.5671675602595011,0.37585194905598956,0.3797677556673686,0.18222953379154205,0.09379372745752335,0.4138102134068807,0.442126601934433,0.8421449462572733,5.90598666093059,6.1104783669723695,-0.12954736326056804,0.0,0.0
ES2004c,974,0.5747193296750387,0.2704423815011978,0.45216389497121173,0.14039264619350433,0.0765835748364528,0.43168359498182934,0.40110498666763306,0.7130953073501587,9.452443044526495,20.238775105988807,-0.4441607337071925,0.0,0.0
ES2004c,975,0.6708153684933981,0.3441820740699768,0.3957746624946594,0.13332043091456094,0.04095921479165554,0.3301851749420166,0.3175127108891805,0.8863476912180582,4.108714056805794,18.759559271468422,-3.6376249878648053,0.0,0.0
ES2004c,976,0.698237955570221,0.350584477186203,0.47836298247178394,0.17760029435157776,0.09478628635406494,0.49738049507141113,0.3629085024197896,0.8715499838193258,4.405251635568614,23.276509463423483,-5.682737410136622,0.0,0.0
ES2004c,977,0.7089242140452067,0.3683202862739563,0.396071195602417,0.1912902444601059,0.13634219268957773,0.31910530229409534,0.4487451414267222,0.935172458489736,31.941282567679092,46.056750574373645,27.74394350665932,0.0,0.0
ES2004c,978,0.7147069772084554,0.3452402154604594,0.33628369371096295,0.1561331848303477,0.08576985448598862,0.3856549561023712,0.3674200673898061,0.6053946514924368,-2.918414810494036,17.10605621928287,-8.1477729436205,0.0,0.0
ES2004c,979,0.4933505753676097,0.27834385136763257,0.3127156545718511,0.1423811266819636,0.042744147280852,0.4819283088048299,0.34461594621340436,0.5529585580031077,-1.3386407106972973,-18.11131044984553,-1.8837441966382291,0.0,0.0
ES2004c,980,0.5717463890711466,0.2909812778234482,0.46956199407577515,0.17393269141515097,0.06944187358021736,0.35980378091335297,0.30506274104118347,0.6541542758544286,2.6306892130720483,3.0404802613928936,-4.406939415252093,0.0,0.0
ES2004c,981,0.46175264318784076,0.18428371846675873,0.345989927649498,0.11002752929925919,0.061526509622732796,0.26363132894039154,0.2815229098002116,0.4168192744255066,7.16019412063303,-56.98973829389025,-6.990823670681107,0.0,0.0
ES2004c,982,0.49774036804835003,0.24561161547899246,0.5722843607266744,0.1227711836496989,0.061729458471139274,0.3852056662241618,0.3539347251256307,0.8651810089747111,3.7253656317503085,-35.1712057027766,0.4511209614972982,0.0,0.0
ES2004c,983,0.6244970361391703,0.26468293865521747,0.5598153869311014,0.1410031591852506,0.05083948870499929,0.3731517493724823,0.41452328364054364,0.770978311697642,-0.8375910595505927,-21.475628685751474,9.50781730251432,0.0,0.0
ES2004c,984,0.5412838061650594,0.23219277958075205,0.5707939366499583,0.1328557332356771,0.07361358466247718,0.32225167751312256,0.3911393384138743,0.4126148944099744,-1.347507402413191,-19.870316173356823,11.404656918570629,0.0,0.0
ES2004c,985,0.5749347607294718,0.26797957718372345,0.43532665570576984,0.11463748415311177,0.04955992102622986,0.25889816383520764,0.36247363686561584,0.7542909979820251,-3.736066509327433,-20.045180052573485,9.937939316439978,0.0,0.0
ES2004c,986,0.5219766696294149,0.3132711748282115,0.4502773880958557,0.05757009113828341,0.02353125438094139,0.27280627687772113,0.48772112528483075,0.16843196122984713,-9.804379424733582,-18.054992132324497,-4.7638601620835415,0.0,0.0
ES2004c,987,0.6980617245038351,0.4626070559024811,0.270133097966512,0.04012926171223322,0.011221302362779776,0.6372760732968649,0.4873497486114502,0.2637816220521927,-2.635545073503447,-1.3948022326880316,4.267702000296965,0.0,0.0
ES2004c,988,0.5432677964369456,0.29380952815214795,0.18300318717956543,0.14179489016532898,0.08407977564881246,0.26451802253723145,0.424572894970576,0.25949684778849286,-17.74820931819024,11.547198374106456,-14.983290389533474,0.0,0.0
ES2004c,989,0.513057162364324,0.2859505315621694,0.19835075487693152,0.07955659553408623,0.038588237638274826,0.38538912932078045,0.3910987476507823,0.6716782450675964,-3.1533427891563437,-0.07987512297254777,-17.287469963084984,0.0,0.0
ES2004c,990,0.48074689507484436,0.1949454794327418,0.2809884001811345,0.04404524341225624,0.030169734731316566,0.4149513045946757,0.36100731293360394,0.6780332326889038,-3.3773242790486777,-4.018006712584108,-12.99997571405356,0.0,0.0
ES2004c,991,0.6874722242355347,0.3625979721546173,0.4241505761941274,0.062222305685281754,0.019417597291370232,0.21603883306185404,0.458865483601888,0.8558025360107422,-0.7840439033179152,12.27782066127226,-14.52377081475712,0.0,0.0
ES2004c,992,0.4286498824755351,0.2522989362478256,0.4561225225528081,0.12804772704839706,0.09069670426348846,0.2583393653233846,0.42389477292696637,0.8009921709696451,-13.815306556160499,-10.622681820756172,-12.82316372315743,0.0,0.0
ES2004c,993,0.5167340636253357,0.2603670159975688,0.2519092559814453,0.04259191701809565,0.03435279615223408,0.2922498832146327,0.3003469904263814,0.5450421671072642,-6.450249968802602,-3.3444918637074736,-13.852329392848205,0.0,0.0
ES2004c,994,0.7262840072313944,0.38897382219632465,0.5028675595919291,0.08175453792015712,0.03459230810403824,0.2683503677447637,0.3995904326438904,0.9369160532951355,2.3525321838277597,4.941272775027894,-21.068264176605783,0.0,0.0
ES2004c,995,0.6719785928726196,0.441881184776624,0.43196403483549756,0.13401955366134644,0.06718577506641547,0.4875067671140035,0.5058437089125315,0.4440133770306905,1.292108314408339,13.490279736717023,-30.714486568345595,0.0,0.0
ES2004c,996,0.7237816452980042,0.5090180238087972,0.5895257989565531,0.11766792833805084,0.05243980077405771,0.4765858054161072,0.606697012980779,0.684272845586141,-2.6762090634861306,12.295983438168825,-27.717155461664728,0.0,0.0
ES2004c,997,0.5608697334925333,0.24849186837673187,0.6181947191556295,0.08769764751195908,0.02897399788101514,0.20802439749240875,0.5267924964427948,0.5722782363494238,-9.192649255072654,31.844190662850053,-25.643288950204994,0.0,0.0
ES2004c,998,0.5718044340610504,0.2983623892068863,0.5596974591414133,0.10030914346377055,0.046041129156947136,0.3633163571357727,0.4359792272249858,0.43616800010204315,-7.944850460030158,18.337909286471458,-19.482128191590352,0.0,0.0
ES2004c,999,0.5354134837786356,0.17881538470586142,0.21591846148173013,0.1014889528354009,0.014335043417910734,0.17827217280864716,0.4813924729824066,0.5831566949685415,-7.971556575363512,15.354932380446499,0.8931008576757417,0.0,0.0
ES2004c,1000,0.6261674364407858,0.35945822795232135,0.640525758266449,0.12082737187544505,0.045135900378227234,0.45125152667363483,0.40655450026194256,0.608368436495463,8.009795301448948,20.088834339904405,4.627414929728662,0.0,0.0
ES2004c,1001,0.6773356397946676,0.28867200016975403,0.5609691143035889,0.10405830293893814,0.03656373545527458,0.48382533589998883,0.3487467070420583,0.9173202713330587,7.376495681105489,19.777196175773838,4.737853628596164,0.0,0.0
ES2004c,1002,0.6682873566945394,0.39822879433631897,0.5377281705538431,0.15011624495188394,0.05986823017398516,0.38194284836451214,0.3703234593073527,0.9783338705698649,9.368422743421604,18.06915796502183,3.676304679881208,0.0,0.0
ES2004c,1003,0.6395960251490275,0.3517078459262848,0.44638095299402875,0.10990238934755325,0.06386390700936317,0.3161429862181346,0.40892337759335834,0.9479110836982727,8.422839274432542,19.089121752681717,3.427858278253186,0.0,0.0
ES2004c,1004,0.6180286407470703,0.3488071958223979,0.4048539896806081,0.10738066832224528,0.05640995129942894,0.1736092766125997,0.3670263687769572,0.9384766618410746,3.899607424969764,25.005939864806635,-1.1956553607630898,0.0,0.0
ES2004c,1005,0.6023405194282532,0.28033506870269775,0.4613387882709503,0.16135516514380774,0.08975741763909657,0.2502131561438243,0.333067923784256,0.9358023405075073,2.3996971077396347,28.95798303451952,-5.185755971286393,0.0,0.0
ES2004c,1006,0.6494987408320109,0.4699538052082062,0.6180906891822815,0.35253728926181793,0.18541879206895828,0.3563876450061798,0.4819285074869792,0.5936000595490137,-8.06870178307854,37.55307653113068,-18.578221711067048,0.0,0.0
ES2004c,1007,0.6467940409978231,0.43003560105959576,0.6630987922350565,0.21728440125783285,0.1697982462743918,0.4529923051595688,0.5046219627062479,0.7687121033668518,-51.78278773352838,61.40994143215966,-53.3301969954834,0.0,0.0
ES2004c,1008,0.550494541724523,0.36660463611284894,0.5227112670739492,0.22495711843172708,0.17987577492992082,0.4582889899611473,0.452036847670873,0.3286286511768897,-45.123816260302455,51.75891182722873,-52.046248385998275,0.0,0.0
ES2004c,1009,0.5695628523826599,0.3674768805503845,0.3008792996406555,0.08549874772628148,0.06332064264764388,0.20917721092700958,0.31533581018447876,0.9498791694641113,-3.9352808729588116,-5.414782136821098,5.859424777748123,0.0,0.0
ES2004c,1010,0.5858433544635773,0.3739229490359624,0.26307830462853116,0.07864906017978986,0.052604022746284805,0.2910461674133937,0.3938712179660797,0.9498577912648519,-3.1655799887749514,-7.07014232903659,7.937921239591532,0.0,0.0
ES2004c,1011,0.5071098208427429,0.22783760726451874,0.3339446286360423,0.0868225743373235,0.0358128659427166,0.14372004568576813,0.36983885367711383,0.9744012951850891,0.5027154384098743,-10.018040465314023,9.476569605979874,0.0,0.0
ES2004c,1012,0.5863701403141022,0.35901249448458356,0.24951752026875815,0.067301195114851,0.02966548005739848,0.11353264500697453,0.32875386873881024,0.9787806471188863,0.5833647227666446,-8.016815580096333,7.943843561520292,0.0,0.0
ES2004c,1013,0.6704776088396708,0.5039627452691396,0.11053786675135295,0.10157780349254608,0.15776724616686502,0.38841376701990765,0.4786317050457001,0.7133839031060537,-10.902878958883365,-0.8124831934023135,25.601976280297944,0.0,0.0
ES2004c,1014,0.6270095507303873,0.38691548506418866,0.18881656726201376,0.07842591777443886,0.0944757970670859,0.34929641087849933,0.439540167649587,0.9313477476437887,-8.489671380850686,-1.7508783497053966,26.7212691403049,0.0,0.0
ES2004c,1015,0.5892810821533203,0.32232367992401123,0.3431771248579025,0.06068231786290804,0.04946321745713552,0.24831931541363397,0.44206761320432025,0.8268717726071676,-3.8895117141031164,-4.877467971031566,26.190716494162633,0.0,0.0
ES2004c,1016,0.5596580505371094,0.372821569442749,0.23201329012711844,0.09124161303043365,0.0469385360678037,0.12384751439094543,0.44161882996559143,0.8742847243944804,2.616466370272663,-8.151188386235162,26.178726593564352,0.0,0.0
ES2004c,1017,0.44942861795425415,0.3115813583135605,0.23627101381619772,0.06775819137692451,0.03809690289199352,0.16827258467674255,0.4531403084595998,0.8108836611111959,2.9074935282618477,-8.102985303230271,25.541075512373776,0.0,0.0
ES2004c,1018,0.4239017168680827,0.17567884922027588,0.20730122178792953,0.07182321200768153,0.016021296692391235,0.17429006099700928,0.473221759001414,0.0640427703037858,-30.726972432907218,16.417014311468694,-9.580485411963059,0.0,0.0
ES2004c,1019,0.5730014741420746,0.22328056891759238,0.6626081665356954,0.13128472119569778,0.06611479570468266,0.2789517839749654,0.6000039378801981,0.5714700693885485,-8.990553053358935,26.432169676758928,-34.69977866537638,0.0,0.0
ES2004c,1020,0.5559179782867432,0.25546805063883465,0.6342126727104187,0.08410277838508289,0.05421614026029905,0.25825617214043933,0.5908137162526449,0.5915938566128413,-12.672440412552616,30.1682809082353,-35.174815474381596,0.0,0.0
ES2004c,1021,0.5764004588127136,0.3025811513264974,0.6187527577082316,0.09756094962358475,0.04390776840349039,0.2346872314810753,0.5875233213106791,0.4921826670567195,-13.258742444958495,34.512360470743,-35.85485560637222,0.0,0.0
ES2004c,1022,0.5901583433151245,0.2603764037291209,0.6393622358640035,0.12295831988255183,0.08424332241217296,0.3101116269826889,0.5215502580006918,0.15340281277894974,-12.024211616418967,33.393890075029766,-32.58613327791937,0.0,0.0
ES2004c,1023,0.5683999061584473,0.21384805937608084,0.3655131806929906,0.14458097765843073,0.07079728320240974,0.3490517238775889,0.4235402047634125,0.07884759145478408,-32.686913184321526,-17.625105151768764,21.583706521433584,0.0,0.0
ES2004c,1024,0.5416251222292582,0.4043356776237488,0.1025741696357727,0.11882165571053822,0.07171296328306198,0.5162519415219625,0.4004904329776764,0.07880856934934855,-25.438684714894475,-18.55641540371745,46.590988552884234,0.0,0.0
ES2004c,1025,0.32179035743077594,0.2571289638678233,0.21373842159907022,0.06051556269327799,0.0382476436595122,0.43904205163319904,0.3421373168627421,0.07051527003447215,-17.73448615602559,-13.256111845899726,31.20137851297376,0.0,0.0
ES2004c,1026,0.0,0.0,0.0,0.0,0.0,0.0,0.0,0.0,0.0,0.0,0.0,0.0,0.0
ES2004c,1027,0.2572480042775472,0.24726304411888123,0.15101430316766104,0.0719104881087939,0.0339635635415713,0.43762566645940143,0.23908687631289163,0.04433358026047548,-18.963882223255194,-11.270344200109989,29.437120786109364,0.0,0.0
ES2004c,1028,0.4894067843755086,0.3955139070749283,0.2618917127450307,0.07693154489000638,0.04569260900219282,0.6216782331466675,0.46801842252413434,0.16680450613300005,-19.776212214688083,-10.976013179994212,30.48672738696118,0.0,0.0
ES2004c,1029,0.6320491035779318,0.267465740442276,0.21607023974259695,0.06541012227535248,0.019474495202302933,0.5256996552149454,0.4929615954558055,0.07469919013480346,-12.055875991526818,0.28624449228372956,2.825114547543975,0.0,0.0
ES2004c,1030,0.5055030385653178,0.3233205129702886,0.11981757978598277,0.10348528623580933,0.01897326111793518,0.2316991537809372,0.5011360347270966,0.7876564164956411,-6.5545433368900525,9.498711945324336,-16.440246776570827,0.0,0.0
ES2004c,1031,0.5524536669254303,0.32150278488794964,0.15832477311293283,0.11828295389811198,0.05134248360991478,0.2949119806289673,0.5180365840593973,0.8662158846855164,-8.610784165256932,9.2262845762954,-10.213633420668973,0.0,0.0
ES2004c,1032,0.5422129432360331,0.19829556345939636,0.25226899484793347,0.1971543828646342,0.0766011153658231,0.22636651496092478,0.44801949461301166,0.3722345419228077,-29.333096240956724,12.354728708049011,-8.222254559867837,0.0,0.0
ES2004c,1033,0.5118505160013834,0.2207257201274236,0.13948856542507806,0.12581847608089447,0.05075556039810181,0.16624713440736136,0.5058495998382568,0.01822117685029904,-30.442445274768417,13.436216632601273,-8.291499750457055,0.0,0.0
ES2004c,1034,0.45787692070007324,0.16138586401939392,0.24610657493273416,0.08853259434302647,0.022275292004148167,0.30211689074834186,0.4665692150592804,0.11127001543839772,-26.676549978535764,14.767381402259886,-10.632903572096764,0.0,0.0
ES2004c,1035,0.4769827922185262,0.20798837641874948,0.24861595531304678,0.08505424360434215,0.02065153419971466,0.23921598494052887,0.49819353222846985,0.07678395758072536,-29.38389512614,15.474693494299999,-12.956879805149192,0.0,0.0
ES2004c,1036,0.4745649993419647,0.21987138191858926,0.3767564694086711,0.08676503598690033,0.01776857301592827,0.31850555042425793,0.5298750996589661,0.08671382069587708,-28.05680938179501,17.133941983630436,-14.41804286574114,0.0,0.0
ES2004c,1037,0.4845271905263265,0.18640795350074768,0.32742517193158466,0.10125010460615158,0.02144843029479186,0.42563527822494507,0.4720004200935364,0.17256042857964835,-28.843563795249263,18.1401741551425,-15.914195285768676,0.0,0.0
ES2004c,1038,0.43741582830746967,0.23385931054751077,0.292948842048645,0.07787228872378667,0.015170960376660029,0.15869015455245972,0.5101651847362518,0.3182576547066371,-20.496829665675097,13.309370898781125,-12.755980354578961,0.0,0.0
ES2004c,1039,0.4966856340567271,0.30035678545633954,0.2619987726211548,0.0911865805586179,0.02314586502810319,0.35289766391118366,0.5602151155471802,0.5313283751408259,-16.115147610441003,9.398424056998548,-18.012976551062973,0.0,0.0
ES2004c,1040,0.527965764204661,0.27891890207926434,0.15443487713734308,0.08853899190823238,0.01922327435264985,0.2321321020523707,0.5124370257059733,0.14735872050126395,-10.106987250462312,4.698965504152297,-21.61687089597508,0.0,0.0
ES2004c,1041,0.7165211041768392,0.44322465856870014,0.4885111724336942,0.1824901389578978,0.04425271010647217,0.5874290863672892,0.3461405734221141,0.9656941294670105,16.157955870841235,11.096684082320737,-4.749936723678658,0.0,0.0
ES2004c,1042,0.5761914551258087,0.4018564621607463,0.29605596015850705,0.17579692974686623,0.13252274443705878,0.39583954215049744,0.4379731814066569,0.4936751841257016,19.033523521369194,9.796224097401579,-7.699444052127688,0.0,0.0
ES2004c,1043,0.7475831309954325,0.527800569931666,0.2215891828139623,0.12424906591574351,0.04146632055441538,0.5046466588973999,0.42247119545936584,0.6589103626708189,15.896474029091317,9.525897795783068,-10.173268416876759,0.0,0.0
ES2004c,1044,0.6857754190762838,0.48306745290756226,0.48047947883605957,0.15380547444025675,0.05773270378510157,0.3573262045780818,0.41974593202273053,0.6613088299830755,9.74923062960992,9.01843264384764,-15.651410447681153,0.0,0.0
ES2004c,1045,0.7335743308067322,0.4686143596967061,0.44139445821444195,0.17772896587848663,0.054126136004924774,0.38887571295102435,0.45123517513275146,0.5501501758893331,9.233179697449303,7.519720249014466,-11.303774733368785,0.0,0.0
ES2004c,1046,0.7590003808339437,0.46853840351104736,0.36609255770842236,0.19811602433522543,0.050236678371826805,0.5617287854353586,0.4151095946629842,0.884857714176178,9.327930027348984,6.9039113457666375,-8.792524963542123,0.0,0.0
ES2004c,1047,0.7236192027727762,0.4185844659805298,0.5088505347569784,0.19145983954270682,0.059334987153609596,0.5178247888882955,0.41167008876800537,0.9852468768755595,13.477816626892784,7.6776044823427005,-7.272107907477429,0.0,0.0
ES2004c,1048,0.5856759945551554,0.37975533803304035,0.38216938575108844,0.17413225769996643,0.06785832593838374,0.37480340401331586,0.4376262327035268,0.5127414216597875,9.455436111824865,2.33294389048454,-1.3203518006636548,0.0,0.0
ES2004c,1049,0.5779398083686829,0.4797069231669108,0.3660024305184682,0.1644159679611524,0.0869178722302119,0.48260335127512616,0.4543432096640269,0.87528129418691,10.609245380271462,-12.3327401394407,3.331645518850807,0.0,0.0
ES2004c,1050,0.6158301830291748,0.5404469768206278,0.42542900641759235,0.25624043742815655,0.21563035001357397,0.4447444478670756,0.41736231247584027,0.7087581058343252,9.46736125403655,-21.85892483411692,4.451319873571626,0.0,0.0
ES2004c,1051,0.6388156612714132,0.3080468128124873,0.45385486880938214,0.19569999476273855,0.08258634681502978,0.45799588163693744,0.46177733937899273,0.5114428202311198,3.1864337847532584,-0.13859040851383378,-7.958852139009913,0.0,0.0
ES2004c,1052,0.663132925828298,0.41698499023914337,0.5235282381375631,0.16814040640989938,0.04892855634291967,0.6272539893786112,0.39033453663190204,0.7140978227059046,3.981049442380298,13.316090439873681,-15.145450222018141,0.0,0.0
ES2004c,1053,0.7016560435295105,0.45798662304878235,0.6057577927907308,0.1688533475001653,0.06884359816710155,0.39624922970930737,0.38451917966206867,0.9427864948908488,7.189602261509013,8.540199714149614,-14.141965709252489,0.0,0.0
ES2004c,1054,0.7347493966420492,0.31013819575309753,0.3159497380256653,0.1645729144414266,0.045733326425155006,0.6526895860830942,0.4430428445339203,0.8483529686927795,4.443007110147513,9.436758581672143,-15.01359915658009,0.0,0.0
ES2004c,1055,0.712320605913798,0.310643936196963,0.47258249918619794,0.1541945437590281,0.029113926614324253,0.6245442628860474,0.37715379397074383,0.938130795955658,3.5927793745051892,9.56708808550591,-13.821121860196142,0.0,0.0
ES2004c,1056,0.7220389644304911,0.4740047852198283,0.28402043382326764,0.14613759517669678,0.059077161674698196,0.45959221323331195,0.5011910299460093,0.5043844779332479,4.58298268636742,8.792649621413952,-11.566743788431367,0.0,0.0
ES2004c,1057,0.79385906457901,0.5441811283429464,0.32121943434079486,0.18094339966773987,0.08068825056155522,0.3942924439907074,0.4154162605603536,0.6426986741522948,10.151818597937874,6.328756503802649,-9.737740745768718,0.0,0.0
ES2004c,1058,0.8016912142435709,0.5116639733314514,0.40142294267813367,0.17823262015978494,0.10053605834643047,0.358994056781133,0.431543509165446,0.7741649548212687,11.35204171763121,7.913891244162375,-5.762181271323597,0.0,0.0
ES2004c,1059,0.38909047842025757,0.1256015325586001,0.4076399803161621,0.03607602169116338,0.011787881453831991,0.1582399606704712,0.2835501233736674,0.2103002965450287,-5.145445862346883,1.9472781037105367,4.859899753226762,0.0,0.0
ES2004c,1060,0.3768073519070943,0.2723028262456258,0.376727819442749,0.07812823851903279,0.03567302040755749,0.253522552549839,0.4445205628871918,0.8521041870117188,-6.827071533157562,-1.0137113977414254,-8.891280203284165,0.0,0.0
ES2004c,1061,0.4176577031612396,0.30332834521929425,0.14197864631811777,0.05003776773810387,0.017198397777974606,0.19440405070781708,0.27976691722869873,0.7915463844935099,-4.392372178458939,-5.417273671628045,-29.0356721451824,0.0,0.0
ES2004c,1062,0.522143026192983,0.4226531684398651,0.1331375539302826,0.047606067111094795,0.02560635656118393,0.21780280768871307,0.33825380603472394,0.9609504540761312,-3.689320126879039,-5.169316275879347,-29.192679317436898,0.0,0.0
ES2004c,1063,0.5619592666625977,0.4334095319112142,0.12819900612036386,0.05285460874438286,0.0186532037332654,0.14401384939750037,0.4207611382007599,0.8295820554097494,-3.5252471008673503,-4.85601230130923,-28.949672339880284,0.0,0.0
ES2004c,1064,0.579380214214325,0.42597875992457074,0.1520878473917643,0.05420170724391937,0.01909293234348297,0.21685359378655752,0.39037005106608075,0.9141724109649658,-3.8067030643569644,-4.738837645070953,-29.158297211716526,0.0,0.0
ES2004c,1065,0.5619173149267832,0.371261864900589,0.1516553188363711,0.04468215877811114,0.0165096598987778,0.2582049121459325,0.4318227767944336,0.8527710437774658,-4.088302676395071,-4.7230033449981494,-28.38856466149316,0.0,0.0
ES2004c,1066,0.5768295725186666,0.40802644689877826,0.35106925169626874,0.05139921481410662,0.018840592975417774,0.24750535190105438,0.43599652250607807,0.9160910050074259,-3.33659078191244,-4.9098627291986405,-28.157664834859077,0.0,0.0
ES2004c,1067,0.5890968243281046,0.46471965312957764,0.17523538569609323,0.056962694972753525,0.021802942578991253,0.2579806645711263,0.429366131623586,0.9317817489306132,-3.338946739947286,-4.889952699910851,-29.265662612141764,0.0,0.0
ES2004c,1068,0.5695937474568685,0.4538360933462779,0.16870907445748648,0.04736430570483208,0.02337231735388438,0.23507549862066904,0.3712807397047679,0.8235637346903483,-4.132251469039444,-4.961952595904147,-29.012038646581782,0.0,0.0
ES2004c,1069,0.6220775047938029,0.43411506215731305,0.20593874156475067,0.05773277332385381,0.01685148353377978,0.21512927114963531,0.39096200466156006,0.6722705463568369,-5.248061075688914,-4.968772524324965,-28.619677834291164,0.0,0.0
ES2004c,1070,0.7706543803215027,0.5618269642194113,0.22605988383293152,0.15311262756586075,0.0721826193233331,0.38469038903713226,0.424125999212265,0.8695034782091776,10.928533124310237,4.810729916590407,-0.46508552080840104,0.0,0.0
ES2004c,1071,0.6728184024492899,0.4128933548927307,0.290818711121877,0.16779358188311258,0.05217445890108744,0.45511748393376666,0.4762308895587921,0.5561695322394371,16.66364892493566,9.44921075514293,0.7307874578952541,0.0,0.0
ES2004c,1072,0.5954996347427368,0.2502806782722473,0.5575217604637146,0.18099179367224374,0.10776088883479436,0.5965346892674764,0.4581895371278127,0.7396888931592306,20.8473479909872,17.332510047730725,2.0241824827896653,0.0,0.0
ES2004c,1073,0.5932467778523763,0.2399603227774302,0.5413405994574229,0.21112092832724252,0.14423153549432755,0.4903138180573781,0.4047629733880361,0.986878236134847,19.822673873204558,20.608087393704675,1.668414155780658,0.0,0.0
ES2004c,1074,0.604650636514028,0.3542562226454417,0.4263075292110443,0.19604178269704184,0.1465222438176473,0.377292479077975,0.3916405439376831,0.5621014970044295,21.96916106746649,12.836208260008297,-2.9338302094498068,0.0,0.0
ES2004c,1075,0.6847723126411438,0.5286938647429148,0.4813482463359833,0.2222581406434377,0.06692018484075864,0.5719322363535563,0.42905818422635394,0.8147533138593038,17.458114524429092,10.65689069358522,-11.63613853129855,0.0,0.0
ES2004c,1076,0.72643115123113,0.4778946340084076,0.5275314648946127,0.24728161096572876,0.07207019130388896,0.5483639736970266,0.4305975139141083,0.7084935853878657,14.481206320877158,9.536932387676687,-6.997796939049647,0.0,0.0
ES2004c,1077,0.7125582098960876,0.45525093873341876,0.565336694320043,0.18586932122707367,0.0992563267548879,0.44413324693838757,0.4533594250679016,0.6995760301748911,14.354308521530564,18.276785952332986,-16.576279944404334,0.0,0.0
ES2004c,1078,0.6553045610586802,0.3817356626192729,0.4301747779051463,0.19091586023569107,0.11215251125395298,0.506234327952067,0.4373024602731069,0.7419757544994354,10.937640716358018,6.428750621521318,-1.9638858402739068,0.0,0.0
ES2004c,1079,0.7632694443066915,0.5259247620900472,0.36502137283484143,0.18137088418006897,0.06674184774359067,0.44086577494939166,0.4031788408756256,0.5379990438620249,7.638295923210978,8.99912437195116,1.865526677100723,0.0,0.0
ES2004c,1080,0.7906471689542135,0.5135894020398458,0.43717463811238605,0.17972882588704428,0.09867141395807266,0.5518021583557129,0.4225701292355855,0.6783744394779205,6.794266302791087,11.591455090821329,-9.668485537468214,0.0,0.0
ES2004c,1081,0.7606918811798096,0.5357019901275635,0.3672504921754201,0.26742197076479596,0.0876996045311292,0.4469900627930959,0.3781621952851613,0.9844958583513895,7.787144637435002,7.621682817145939,-10.3577631939928,0.0,0.0
ES2004c,1082,0.7611283858617147,0.47011353572209674,0.2785824735959371,0.3255048493544261,0.17095880955457687,0.5733625690142313,0.38101746638615924,0.993401288986206,8.275283004206416,8.31244255803156,-7.617663555513981,0.0,0.0
ES2004c,1083,0.742236057917277,0.490477979183197,0.1718322386344274,0.21776804824670157,0.11295873423417409,0.5651191174983978,0.4250010947386424,0.515558955570062,8.521909728888545,3.9781522964784393,-5.157573337128212,0.0,0.0
ES2004c,1084,0.7814754645029703,0.543721487124761,0.34730368355909985,0.1933759351571401,0.0942671646674474,0.31671218822399777,0.40201831857363385,0.8614302476247152,11.186870381216224,2.6242019929735796,-0.5729970795965947,0.0,0.0
ES2004c,1085,0.8505664865175883,0.7352128823598226,0.12442718694607417,0.21796112259229025,0.14777795473734537,0.4096504896879196,0.42497708400090534,0.9530415336290995,12.716257490877638,1.968628676781617,-3.221504049567205,0.0,0.0
ES2004c,1086,0.5492651760578156,0.36904842654863995,0.3054487258195877,0.05158089101314545,0.013566928294797739,0.37338628868261975,0.38687998056411743,0.05536148200432459,-19.432604113676433,-3.6380346538619617,-14.569091663697742,0.0,0.0
ES2004c,1087,0.5376495718955994,0.38173945744832355,0.2547880659500758,0.054693520069122314,0.013188370503485203,0.22363290190696716,0.32734084129333496,0.2598688906679551,-22.00255346521536,-2.048737049833823,-16.2160260542018,0.0,0.0
ES2004c,1088,0.5076302091280619,0.2806337922811508,0.4582073986530304,0.05418074627717336,0.010997060996790728,0.29168792565663654,0.32941433787345886,0.15455699463685355,-12.90347472584893,5.479944375163169,-9.80708882224066,0.0,0.0
ES2004c,1089,0.3656645715236664,0.18139507373174033,0.13510869443416595,0.03477417925993601,0.008034484150509039,0.325823316971461,0.28629188736279804,0.0647516989459594,-6.806565708284509,7.249628503054114,-4.735290075971753,0.0,0.0
ES2004c,1090,0.5890935858090719,0.2530570675929387,0.25737743576367694,0.08635566507776578,0.05595753310869137,0.5081359247366587,0.5026381015777588,0.3538038730621338,13.10123194914443,19.453470374534486,4.157395988951832,0.0,0.0
ES2004c,1091,0.5651926100254059,0.2254143605629603,0.345265656709671,0.1149913767973582,0.09144578377405803,0.5185529092947642,0.4607827166716258,0.2110811322927475,16.259695046810908,22.462462598354847,4.324145073467641,0.0,0.0
ES2004c,1092,0.6870537102222443,0.5524169305960337,0.5680152972539266,0.16744551559289297,0.07216028869152069,0.5199202001094818,0.406100332736969,0.825005292892456,9.710073337635182,-2.542734021438287,-7.399674538925473,0.0,0.0
ES2004c,1093,0.6719617247581482,0.4835939308007558,0.4115916391213735,0.18276618917783102,0.07073789710799853,0.3850751916567485,0.34718597928682965,0.9660547971725464,6.66920667956587,-2.1367939887800396,-10.18513869515781,0.0,0.0
ES2004c,1094,0.7656015952428182,0.5228493611017863,0.2707086056470871,0.2956063499053319,0.08529025688767433,0.5112309555212656,0.3990720311800639,0.9641140898068746,8.633290452697379,9.427970614105687,-11.453095220348146,0.0,0.0
ES2004c,1095,0.7781606515248617,0.6068278352419535,0.25377167761325836,0.14581529796123505,0.052450262010097504,0.3566584289073944,0.48611636956532794,0.740885317325592,10.95284227487891,7.295653065472557,-10.489347512884292,0.0,0.0
ES2004c,1096,0.8235534429550171,0.6350688536961874,0.22898448506991068,0.16906150678793588,0.07415271053711574,0.41867445906003314,0.5037305156389872,0.36679452409346897,12.90740805208874,2.939097707468898,-9.057648514471824,0.0,0.0
ES2004c,1097,0.4915642241636912,0.46480972568194073,0.1922290325164795,0.1302968847254912,0.11256886180490255,0.5648757616678873,0.5959429542223612,0.03286717707912127,5.730720499366114,9.073278288519985,-17.000907889110724,0.0,0.0
ES2004c,1098,0.5739012559254965,0.5593369404474894,0.2994198302427928,0.06282777339220047,0.014776511738697687,0.5666293303171793,0.5595621665318807,0.054515078042944275,3.3203306992873167,7.089102309881191,-19.49639409199617,0.0,0.0
ES2004c,1099,0.5051409204800924,0.4605302115281423,0.3070415159066518,0.0579754114151001,0.013243076391518116,0.7331094940503439,0.582667072614034,0.03458601145151382,2.20905453352545,7.870564359112568,-20.450623820265594,0.0,0.0
ES2004c,1100,0.5339886148770651,0.4510856668154399,0.3161234011252721,0.05250966548919678,0.014027656987309456,0.7879764040311178,0.5475626885890961,0.1458366997539997,1.615085449281077,7.424294097355891,-19.586697481657254,0.0,0.0
ES2004c,1101,0.5836238066355387,0.31430791815121967,0.3197132845719655,0.05545511717597643,0.015552909734348455,0.7955058813095093,0.658505380153656,0.06787624831000964,0.4862135593160571,7.172028593117537,-19.047010510460304,0.0,0.0
ES2004c,1102,0.5788302421569824,0.4086456894874573,0.3622093399365743,0.05762486159801483,0.01565909447769324,0.7566327452659607,0.6577124198277792,0.020007861778140068,0.23097946388110643,6.019693081150244,-17.392524566262814,0.0,0.0
ES2004c,1103,0.47844332456588745,0.3249718298514684,0.3160522331794103,0.3278259498377641,0.48578821153690416,0.4643170138200124,0.35920670131842297,0.7154311388731003,-3.7556924121609754,2.047967640504115,-10.135278834999916,0.0,0.0
ES2004c,1104,0.4570377270380656,0.3556501567363739,0.23942374189694723,0.4273725648721059,0.7054211298624674,0.4893295367558797,0.30424876014391583,0.9518214265505472,-3.4261353746371035,4.225657827233739,-8.7783992652684,0.0,0.0
ES2004c,1105,0.4291023115317027,0.31919851899147034,0.18653925508260727,0.632864773273468,0.8137219548225403,0.38134731352329254,0.21908722321192423,0.9946484565734863,-5.599644487274934,7.654869075671786,-6.6685079600970445,0.0,0.0
ES2004c,1106,0.42193496227264404,0.29343175888061523,0.36303549508253735,0.3411437471707662,0.5853495597839355,0.5452850162982941,0.4244529108206431,0.814722071091334,-8.748565760751937,-1.2190045933742493,-2.295572352157394,0.0,0.0
ES2004c,1107,0.43106167515118915,0.2109121431907018,0.45851805806159973,0.14138016601403555,0.1247377668817838,0.45990073680877686,0.4341759880383809,0.4749777515729268,-1.6161687267449223,-12.16913685529274,-6.390490407558345,0.0,0.0
ES2004c,1108,0.4478487968444824,0.20429617166519165,0.4453788896401723,0.16809981564680734,0.11347403128941853,0.5009317596753439,0.4319786826769511,0.8225666483243307,-1.396683015296996,-8.775531124599423,-8.966910930480731,0.0,0.0
ES2004c,1109,0.5194949607054392,0.2899054338534673,0.33024275799592334,0.1248837411403656,0.06869778285423915,0.38188651700814563,0.4650936822096507,0.6559413451080521,0.47423281819043783,-1.407123301059818,-3.5608795032759915,0.0,0.0
ES2004c,1110,0.6554830471674601,0.2887557049592336,0.3200681159893672,0.08170341203610103,0.03928963157037894,0.5019612312316895,0.49308191736539203,0.11503018345683813,3.0672432167109047,8.60797242685492,1.8386187061294441,0.0,0.0
ES2004c,1111,0.579657514890035,0.3501138687133789,0.2751661439736684,0.07319071640570958,0.04197996544341246,0.45481527348359424,0.4644779562950134,0.08556448171536128,-1.19803035373193,6.99460708392276,13.166361503557631,0.0,0.0
ES2004c,1112,0.5448515017827352,0.34797435998916626,0.29321620364983875,0.08829311778148015,0.07071189333995183,0.36049437522888184,0.35709187388420105,0.1809191753466924,-4.929963865710864,-5.166513115901617,17.30802757727975,0.0,0.0
ES2004c,1113,0.3823516269524892,0.23599015673001608,0.3143509030342102,0.07268521934747696,0.0290506308277448,0.56866987546285,0.3584965964158376,0.196173757314682,-4.741200209040304,-4.705015807334067,17.89159164365859,0.0,0.0
ES2004c,1114,0.5250794490178426,0.2810010313987732,0.354389230410258,0.07467073326309522,0.03581463359296322,0.5659562051296234,0.38551458219687146,0.20454478512207666,-5.129703617761556,-5.697794995647456,18.043318263913594,0.0,0.0
ES2004c,1115,0.554537852605184,0.1948984165986379,0.41673633952935535,0.07703714569409688,0.03965334594249725,0.37306852142016095,0.33559075991312665,0.6875169922908148,0.4978463020315906,-14.181502378166805,0.1648997464880333,0.0,0.0
ES2004c,1116,0.5464912056922913,0.3530634939670563,0.3376959313948949,0.11630451927582423,0.08365874240795772,0.18979610254367194,0.3713485896587372,0.812246561050415,3.3622362713904246,-9.112261700100454,2.9045616700135315,0.0,0.0
ES2004c,1117,0.6509721279144287,0.3281305531660716,0.20658380289872488,0.07862433418631554,0.07312378038962682,0.20829409857590994,0.34358465671539307,0.9902780254681905,2.8945384053081473,-5.706510176749348,4.89432861677543,0.0,0.0
ES2004c,1118,0.7572164336840311,0.4889293412367503,0.20603926479816437,0.14073222875595093,0.1618162269393603,0.34012987713019055,0.369875431060791,0.9968562126159668,5.413126654276581,-3.351690632082542,3.037225964359891,0.0,0.0
ES2004c,1119,0.7429433067639669,0.5784697930018107,0.15008188535769781,0.08662529289722443,0.04737881819407145,0.268873006105423,0.4134857952594757,0.9769953290621439,3.678516553197284,-1.7535979577432315,3.087420225903346,0.0,0.0
ES2004c,1120,0.6604650815327963,0.4871688485145569,0.4114975035190582,0.20946991940339407,0.13694076985120773,0.3909566303094228,0.46718165278434753,0.3474913698931535,-20.052182459809046,41.69633870892742,-29.05171189794748,0.0,0.0
ES2004c,1121,0.6963885029157003,0.49653059244155884,0.4044889012972514,0.2084099700053533,0.12689787646134695,0.434494028488795,0.4519202212492625,0.55601138373216,-24.54973091819947,42.14387925662121,-31.503573576844484,0.0,0.0
ES2004c,1122,0.4367551306883494,0.3334173758824666,0.1919527860979239,0.18142421543598175,0.1715885872642199,0.16932266702254614,0.43955151240030926,0.46941692754626274,-22.30116822757613,4.996477681611265,-8.881690033752216,0.0,0.0
ES2004c,1123,0.4490669171015422,0.27208344638347626,0.06955387070775032,0.15595463663339615,0.10261393586794536,0.18217679361502329,0.446453978617986,0.13159494598706564,-16.928515400953632,3.6630501502677912,-12.055863122725881,0.0,0.0
ES2004c,1124,0.5320595304171244,0.30561553438504535,0.04971327446401119,0.13251567631959915,0.04443721721569697,0.17513005683819452,0.31697558363278705,0.06792220969994862,-18.426772483438963,3.7560415761699972,-11.297856851844662,0.0,0.0
ES2004c,1125,0.5603006482124329,0.3570925494035085,0.048323663572470345,0.13482514023780823,0.044342520336310066,0.15842010329167047,0.31982530156771344,0.32053418457508087,-17.766015094698435,3.9121523284136317,-11.598700247407857,0.0,0.0
ES2004c,1126,0.5256370604038239,0.38480135798454285,0.03986959780255953,0.113591435054938,0.03530499835809072,0.2363840937614441,0.37490861614545185,0.20476356148719788,-19.04723989309913,5.577604097550602,-12.276327079695188,0.0,0.0
ES2004c,1127,0.5969509482383728,0.2588874225815137,0.1510525345802307,0.10599936544895172,0.029030708596110344,0.20362486441930136,0.4164468248685201,0.224827464359502,-22.37486053240039,10.265360878410673,-11.563894272321434,0.0,0.0
ES2004c,1128,0.522764265537262,0.2152357151110967,0.2231294314066569,0.127923883497715,0.029132897965610027,0.25532988210519153,0.5237588683764139,0.024897066216605406,-34.256600788696915,10.386591823655825,-9.238276481281048,0.0,0.0
ES2004c,1129,0.5187233785788218,0.19627376894156137,0.1770056833823522,0.09627632051706314,0.014857394310335318,0.11995132019122441,0.49649261434872943,0.28047627944518655,-30.48062444805193,10.713872190065482,-9.19949781757386,0.0,0.0
ES2004c,1130,0.5631146828333536,0.2073363165060679,0.15664412081241608,0.09287575135628383,0.019841564819216728,0.15892974411447844,0.4475368857383728,0.19648160288731256,-24.693116206301735,12.525445756521435,-11.398169062143353,0.0,0.0
ES2004c,1131,0.6336999535560608,0.20669874052206674,0.15137796103954315,0.09462021291255951,0.016261002980172634,0.13942035039265951,0.49688034256299335,0.05316860415041447,-25.647392138576805,12.477897535024107,-11.655104974052781,0.0,0.0
ES2004c,1132,0.633876899878184,0.2573082049687703,0.13687575360139212,0.09312095741430919,0.015353875855604807,0.18584217627843222,0.4547507663567861,0.0602870819469293,-28.65571059653684,11.585617370212207,-11.958813249644757,0.0,0.0
ES2004c,1133,0.5856708884239197,0.23121003806591034,0.1987723410129547,0.10895575086275737,0.02962091751396656,0.11343715091546376,0.45217254757881165,0.0417767750720183,-38.19522382535933,10.66260407095137,-13.392811519451383,0.0,0.0
ES2004c,1134,0.5656169056892395,0.25423549115657806,0.1592519630988439,0.10678830742835999,0.026991259306669235,0.17320582022269568,0.49443894624710083,0.11561368592083454,-27.663649266705175,8.974772023499915,-13.175049932371001,0.0,0.0
ES2004c,1135,0.4274972875912984,0.19482582559188208,0.40407336751619977,0.042921787748734154,0.018013225868344307,0.499172642827034,0.4156774083773295,0.2115074321627617,-3.3632536784531886,-1.8518747860037958,-1.1921084573264134,0.0,0.0
ES2004c,1136,0.5497495333353678,0.3248705416917801,0.24951266745726267,0.03482350707054138,0.009939349256455898,0.30161361396312714,0.3973460793495178,0.2567349933087826,-7.6549646185796725,1.1816671765988145,-2.3321447294411306,0.0,0.0
ES2004c,1137,0.6067029237747192,0.275733157992363,0.16795191913843155,0.044393097360928856,0.017167243485649426,0.26686252653598785,0.41706239183743793,0.028503042335311573,-10.170051705737064,5.714946466042012,-0.29227340849470346,0.0,0.0
ES2004c,1138,0.6351792812347412,0.3350179096062978,0.1791501690944036,0.06011305625240008,0.016872136543194454,0.4444748858610789,0.5914409955342611,0.004711086551348369,-2.8001217187560976,12.400935271504679,3.1401419848468275,0.0,0.0
ES2004c,1139,0.5594850381215414,0.3928406536579132,0.2605808029572169,0.0762048860390981,0.05625864118337631,0.5838204820950826,0.543247789144516,0.055347997695207596,-9.334891093699992,4.320064896406888,11.356442889849474,0.0,0.0
ES2004c,1140,0.47035593787829083,0.3126574556032817,0.2888389825820923,0.08235779156287511,0.04236848217745622,0.5905513366063436,0.3711952765782674,0.27704297254482907,-9.829083608925776,-2.880346692361002,25.073010431656666,0.0,0.0
ES2004c,1141,0.5536220471064249,0.3076861798763275,0.25837839643160504,0.1512674242258072,0.033109632010261215,0.11790435016155243,0.3532160818576813,0.9991321563720703,-17.75208438599014,2.3499137503667886,-13.580973713585282,0.0,0.0
ES2004c,1142,0.5490828454494476,0.338012437025706,0.10652822504440944,0.13249353567759195,0.04347563162446022,0.22513847053050995,0.32810577750205994,0.9964884718259176,-16.217848946689088,2.285123365333566,-13.372126855862206,0.0,0.0
ES2004c,1143,0.5249325434366862,0.28142689168453217,0.3730303595463435,0.057625479996204376,0.07487442872176568,0.34669533371925354,0.3773473302523295,0.5161143591006597,-13.094121298147002,2.3031178997219386,9.531776810721611,0.0,0.0
ES2004c,1144,0.41135501861572266,0.329848309357961,0.35236360629399616,0.04319722577929497,0.05252712219953537,0.23291078706582388,0.30761317908763885,0.2902982545395692,-20.75934011800071,-0.29921854694373584,15.466594248708764,0.0,0.0
ES2004c,1145,0.4054455558458964,0.35586419701576233,0.3515239655971527,0.04753668109575907,0.05983558793862661,0.24083271622657776,0.3549689054489136,0.26911550015211105,-20.48965054346749,0.16496867136325757,14.4931138577557,0.0,0.0
ES2004c,1146,0.42576513687769574,0.41711177428563434,0.3979056775569916,0.06762803470094998,0.1045167123277982,0.3183789352575938,0.3353172540664673,0.3587922354539235,-20.385269522398715,1.1326241359134135,13.529049593553482,0.0,0.0
ES2004c,1147,0.3522632122039795,0.4010336597760518,0.5597330232461294,0.05639262497425079,0.08783662443359692,0.38488208254178363,0.32576165596644086,0.11341336431602637,-21.02591210171541,1.6194948863584055,12.956440523018058,0.0,0.0
ES2004c,1148,0.3797117571036021,0.38772236307462055,0.6496070623397827,0.05252098043759664,0.07767172033588092,0.39075565338134766,0.3130866487820943,0.22411206612984338,-20.034625434198855,1.6104425625897196,12.424222579881748,0.0,0.0
ES2004c,1149,0.3999609450499217,0.3376886546611786,0.505837877591451,0.049811940640211105,0.08202159404754639,0.21510858833789825,0.3398459553718567,0.3738156482577324,-20.46973790319483,1.6831068614012457,12.095733189267463,0.0,0.0
ES2004c,1150,0.46456101536750793,0.39052051305770874,0.4131567527850469,0.04654256378610929,0.07702286541461945,0.2790674914916356,0.3067052364349365,0.25639044120907784,-20.588263893546507,1.232587274570174,11.819814108570384,0.0,0.0
ES2004c,1151,0.46560831864674884,0.23522147039572397,0.4004215995470683,0.11974145223697026,0.04725937048594157,0.21504447857538858,0.41497979561487836,0.216161352271835,-41.682587253026696,17.688365122078007,-6.347083563899979,0.0,0.0
ES2004c,1152,0.43619303901990253,0.25320127606391907,0.38363494475682575,0.11308623850345612,0.04007368596891562,0.2500552187363307,0.4266270101070404,0.015525746469696363,-41.507028987673756,17.482120433908065,-7.095805486572197,0.0,0.0
ES2004c,1153,0.7127612431844076,0.43597738941510517,0.19935491681098938,0.09273926417032878,0.0941600501537323,0.5698482791582743,0.6714890201886495,0.09214376658201218,2.4918128471661163,3.416222403462531,-1.6635387331960896,0.0,0.0
ES2004c,1154,0.5654399991035461,0.32418574889500934,0.23809977372487387,0.07706691324710846,0.0697729413708051,0.4531441827615102,0.599826713403066,0.07912040098259847,2.1908627364959297,3.284068205410526,-1.6685213123333578,0.0,0.0
ES2004c,1155,0.5632127523422241,0.35233307878176373,0.18265248586734137,0.0983539546529452,0.027231832966208458,0.49695734182993573,0.49265484015146893,0.39788972834746045,0.09111545893680874,9.440972672143813,-12.667337013643296,0.0,0.0
ES2004c,1156,0.5529343287150065,0.3521247406800588,0.14687960346539816,0.12832869092623392,0.05778622440993786,0.3542669365803401,0.49930064876874286,0.43454815944035846,-2.754556998288708,11.106389737976812,-7.556215706719349,0.0,0.0
ES2004c,1157,0.5257936318715414,0.4695621232191722,0.28223995864391327,0.26736752688884735,0.15670442829529443,0.3869653691848119,0.5669023791948954,0.8549254735310873,-6.877319376449424,7.750908301638017,4.666027568888591,0.0,0.0
ES2004c,1158,0.5357441306114197,0.37983010212580365,0.22505265971024832,0.1694563403725624,0.07433639094233513,0.31372465193271637,0.530491828918457,0.783404807249705,-6.175532758042426,7.290753060531741,3.696339047530975,0.0,0.0
ES2004c,1159,0.5244858066240946,0.3537776470184326,0.223752923309803,0.16437705606222153,0.061651536573966347,0.21244442462921143,0.5412822167078654,0.5239972521861395,-4.554602285577578,8.831796719661982,-1.447040619854511,0.0,0.0
ES2004c,1160,0.7111510237058004,0.4231884181499481,0.2827395051717758,0.22634214411179224,0.13910760233799616,0.3506400187810262,0.37331944207350415,0.6122155040502548,12.20435566190528,3.4930730298391883,-5.893978976044721,0.0,0.0
ES2004c,1161,0.6850122213363647,0.36080265541871387,0.42615540822347003,0.21562768518924713,0.08390993624925613,0.48340166608492535,0.4284636477629344,0.5340425620476404,13.032042731180601,6.196952920201177,-4.401263581320724,0.0,0.0
ES2004c,1162,0.7034134864807129,0.36096325516700745,0.5917134881019592,0.16503386944532394,0.0578186089793841,0.455660159389178,0.5185586512088776,0.38523411254088086,10.15817376909787,11.333115740990436,-4.68588507309106,0.0,0.0
ES2004c,1163,0.7674147685368856,0.4249866008758545,0.3826863318681717,0.072332418213288,0.0298309742162625,0.4696611960728963,0.5880317489306132,0.4736339598894119,10.768533833613875,12.40426703273077,-5.705098967956996,0.0,0.0
ES2004c,1164,0.7615548769632975,0.44936297337214154,0.4088953534762065,0.10557556400696437,0.07390875990192096,0.666351854801178,0.5754887064297994,0.5937466969092687,13.357460481363704,12.295035481316695,-2.178729652411807,0.0,0.0
ES2004c,1165,0.7290490468343099,0.4956935445467631,0.4719446003437042,0.136630617082119,0.06573776466151078,0.35355562965075177,0.45817530155181885,0.6947561601797739,14.145321955070465,-1.5102441066840837,-2.473540861774636,0.0,0.0
ES2004c,1166,0.653525729974111,0.2998917003472646,0.4861471851666768,0.23525753617286682,0.1397204672296842,0.35143037140369415,0.33901359637578327,0.9727601607640585,15.617669852331689,6.18895031877279,-0.5376847237324924,0.0,0.0
ES2004c,1167,0.6963624954223633,0.42721108098824817,0.48429159820079803,0.1403618430097898,0.06195815900961558,0.4728594322999318,0.4374019304911296,0.5952860911687216,31.536434401534255,24.694951639988574,22.779811375447377,0.0,0.0
ES2004c,1168,0.6988027095794678,0.48042593399683636,0.36640718082586926,0.1416513646642367,0.03352773189544678,0.3279421230157216,0.4174718956152598,0.6925895611445109,13.204020230877271,3.129448108973371,2.0775004986184693,0.0,0.0
ES2004c,1169,0.602543036142985,0.3706500877936681,0.47327669461568195,0.22204504907131195,0.07353884850939114,0.539142519235611,0.41604437430699664,0.5611004730065664,18.78839315271802,11.582304384814842,-5.893605531382192,0.0,0.0
ES2004c,1170,0.6609352032343546,0.3895720640818278,0.5075845519701639,0.210264985760053,0.08150920147697131,0.40891485412915546,0.4121658305327098,0.8089216550191244,17.78925152432684,8.527777656704313,-5.294454956168326,0.0,0.0
ES2004c,1171,0.0,0.0,0.0,0.0,0.0,0.0,0.0,0.0,0.0,0.0,0.0,0.0,0.0
ES2004c,1172,0.0,0.0,0.0,0.0,0.0,0.0,0.0,0.0,0.0,0.0,0.0,0.0,0.0
ES2004c,1173,0.0,0.0,0.0,0.0,0.0,0.0,0.0,0.0,0.0,0.0,0.0,0.0,0.0
ES2004c,1174,0.6779122551282247,0.4121600091457367,0.5256404280662537,0.2118722399075826,0.06893694028258324,0.5344819029172262,0.5179643531640371,0.8124820590019226,14.377816166585786,9.16692777833253,-0.7835428860232329,0.0,0.0
ES2004c,1175,0.6438675920168558,0.3442649443944295,0.5334983269373575,0.22246062755584717,0.06403330092628796,0.6298014322916666,0.37874189019203186,0.9734015663464864,12.179355011164153,8.350569175266505,0.9332962146883458,0.0,0.0
ES2004c,1176,0.6246731678644816,0.29018523295720416,0.6395277579625448,0.16297408690055212,0.04386013684173425,0.6305352250734965,0.3952514628569285,0.8977798422177633,17.11980783475936,15.126285050769004,-0.14958183214154563,0.0,0.0
ES2004c,1177,0.6669070919354757,0.4568742016951243,0.4061524073282878,0.17840205132961273,0.06946926191449165,0.5787181953589121,0.4587501386801402,0.5200428143143654,12.36110856569856,13.88903452306389,-1.0995056440027622,0.0,0.0
ES2004c,1178,0.7046119372049967,0.3938942054907481,0.5822755992412567,0.1945612132549286,0.05592969556649526,0.4431949257850647,0.4062824646631877,0.9101365407307943,11.744579683759596,7.797204090973324,-1.1144754640674053,0.0,0.0
ES2004c,1179,0.729804277420044,0.5258038739363352,0.313011700908343,0.1855292022228241,0.0673764447371165,0.3760524094104767,0.4096052447954814,0.9468244910240173,5.7408689876966355,12.335608399691344,-6.973756958246611,0.0,0.0
ES2004c,1180,0.7390691240628561,0.4135429362456004,0.4182639718055725,0.18042781700690588,0.07013900702198346,0.47156578302383423,0.4259714186191559,0.777753472328186,1.9329557494262124,22.788674122545842,-10.789053108546286,0.0,0.0
ES2004c,1181,0.7051607370376587,0.48320792615413666,0.38896339138348895,0.19717020044724146,0.15706571439901987,0.3872050841649373,0.37460259596506756,0.6925185571114222,-0.43312374028186423,23.513409495611285,-11.81430736313751,0.0,0.0
ES2004c,1182,0.7999399304389954,0.5615857442220052,0.23547452688217163,0.1615670695900917,0.05592691277464231,0.4670535624027252,0.4185595413049062,0.8236198425292969,8.879806666174876,5.62179589662448,-3.373051928315892,0.0,0.0
ES2004c,1183,0.7335676550865173,0.4473869999249776,0.36301244298617047,0.17334706584612528,0.061809939642747246,0.5462047855059305,0.4242278536160787,0.8961551785469055,7.904684242333015,9.283970262180452,-3.6657167501751444,0.0,0.0
ES2004c,1184,0.6828197638193766,0.31528110305468243,0.39919089277585346,0.19918620586395264,0.06753420705596606,0.4631449580192566,0.36791547139485675,0.9297537406285604,11.477977886169299,11.902599300405297,-2.9810494647675356,0.0,0.0
ES2004c,1185,0.7005771398544312,0.41804882884025574,0.5039532482624054,0.2297728806734085,0.0827481597661972,0.539894292751948,0.48500311374664307,0.7124772816896439,13.130044818723375,9.706943577755057,-3.8568592716587937,0.0,0.0
ES2004c,1186,0.7018494606018066,0.3859523932139079,0.38142046332359314,0.2448686957359314,0.09280669192473094,0.46223459641138714,0.32679540912310284,0.8930114905039469,1.6082821720575915,16.90147320325548,-7.759352006448406,0.0,0.0
ES2004c,1187,0.6904891133308411,0.3627008895079295,0.31045904755592346,0.2053562874595324,0.16471933325131735,0.23782040675481161,0.3942836920420329,0.5814432402451833,1.9682039338869803,6.326720180621926,-4.56060450372762,0.0,0.0
ES2004c,1188,0.7626682718594869,0.4765764077504476,0.39200229446093243,0.5936740239461263,0.5395989219347636,0.2968379557132721,0.2643631547689438,0.9966210524241129,2.4922388678745855,16.74118576789178,-9.344754210752802,0.0,0.0
ES2004c,1189,0.7490304311116537,0.3755994339783986,0.3293875604867935,0.5178651014963785,0.4924172858397166,0.4216134150822957,0.3786181261142095,0.9267017245292664,-0.014224069571880568,18.96952502640513,-8.248708164349004,0.0,0.0
ES2004c,1190,0.7590811451276144,0.3498597592115402,0.49447036782900494,0.5741786956787109,0.44330352544784546,0.2220424860715866,0.3085145552953084,0.9923630158106486,9.14426416941111,13.153047149305834,-3.0043223661176426,0.0,0.0
ES2004c,1191,0.6760702530543009,0.4484199732542038,0.3832010601957639,0.6490404109160105,0.5918884178002676,0.19616520404815674,0.25300243000189465,0.9872050484021505,6.149782926914068,14.82728092476429,-3.9839675840333313,0.0,0.0
ES2004c,1192,0.6327260136604309,0.4194066822528839,0.36405738691488904,0.22146841883659363,0.23176139096419016,0.45225099722544354,0.45733680327733356,0.4107584034403165,-1.4257863038423582,-2.6441970206981176,-4.31288163329534,0.0,0.0
ES2004c,1193,0.7295252680778503,0.38978880643844604,0.41472892959912616,0.1795481195052465,0.0874226950109005,0.3740827987591426,0.3037000894546509,0.9010983109474182,-4.599268259466958,26.46722383522365,-14.769581891599062,0.0,0.0
ES2004c,1194,0.6627461711565653,0.3652515610059102,0.4167868296305339,0.24179542561372122,0.13190828263759613,0.45022688309351605,0.3571715255578359,0.9465930660565695,3.412894865283908,20.882596438472863,-17.10230671024303,0.0,0.0
ES2004c,1195,0.7058571378389994,0.39133599400520325,0.36736150582631427,0.2028910517692566,0.09679511810342471,0.4702737828095754,0.38203656673431396,0.9284104704856873,-2.5938665764942153,21.346920467991243,-13.829151564429452,0.0,0.0
ES2004c,1196,0.7056992650032043,0.2994177391131719,0.6039533416430155,0.1925241400798162,0.11462898552417755,0.385076383749644,0.35189401110013324,0.9244594772656759,-6.749189652873944,28.242128190372302,-13.223070495619494,0.0,0.0
ES2004c,1197,0.7371601661046346,0.4608467121918996,0.44602063298225403,0.21379757424195608,0.17418905595938364,0.5934890707333883,0.45535771052042645,0.49134830633799237,-8.267560703876585,31.649564116236956,-16.972047856479932,0.0,0.0
ES2004c,1198,0.6873587767283121,0.2587614605824153,0.5690899093945821,0.24750147759914398,0.13064850121736526,0.4456855356693268,0.3319093684355418,0.9610998630523682,-3.7933697593799365,25.84501548144684,-12.55298903131471,0.0,0.0
ES2004c,1199,0.6573196252187093,0.2536388585964839,0.5601328611373901,0.21405919889609018,0.0995648093521595,0.47438594698905945,0.3682916859785716,0.7355178793271383,3.5189087602616063,20.559254705010023,-8.16891599677363,0.0,0.0
ES2004c,1200,0.662519633769989,0.391609251499176,0.29453520476818085,0.28631595770517987,0.25362759331862134,0.4204695423444112,0.4694586495558421,0.7657173077265421,6.013101984413917,15.972106492335994,-7.298170524615119,0.0,0.0
ES2004c,1201,0.7214549779891968,0.4990441898504893,0.32575662930806476,0.2833571235338847,0.20149720708529154,0.22272275139888129,0.34744789203008014,0.9768386284510294,-2.2344337152052756,21.11568531776896,-10.835714623954003,0.0,0.0
ES2004c,1202,0.6892931262652079,0.38413932422796887,0.33399595816930133,0.33340643843015033,0.2984262704849243,0.5015760163466135,0.3997693955898285,0.9492279887199402,-6.694027732125172,26.27694392170884,-15.685910477166724,0.0,0.0
