meeting_id,segment_id,AU01,AU02,AU04,AU06,AU12,AU15,AU17,AU25,head_pitch,head_yaw,head_roll,gaze_x,gaze_y
ES2004a,0,0.35907413562138873,0.179559163749218,0.4302429258823395,0.1494524578253428,0.08811137949426968,0.14821735893686613,0.3794969916343689,0.3311414023240407,-26.292997091050324,-23.603311972010502,-2.1634805170611173,0.0,0.0
ES2004a,1,0.5890531341234843,0.24341215193271637,0.41458606719970703,0.14241053412357965,0.04776968931158384,0.3220210870107015,0.43456771969795227,0.4608691881100337,-9.38516557658689,4.940211615467284,-2.956054302933086,0.0,0.0
ES2004a,2,0.5780505736668905,0.20793103178342184,0.5214377741018931,0.1046055480837822,0.018898529931902885,0.3483810027440389,0.4264518121878306,0.7711792786916097,3.261868449972846,24.891870830551127,-0.6910639668009476,0.0,0.0
ES2004a,3,0.490565021832784,0.15845844149589539,0.4611063798268636,0.12423404802878697,0.02251526340842247,0.38133078813552856,0.47408504287401837,0.3064977029959361,-8.221773876942448,26.67531627865138,-8.850138946558275,0.0,0.0
ES2004a,4,0.40891964236895245,0.12031180908282597,0.29850491881370544,0.13290871431430182,0.024765583996971447,0.4074546794096629,0.509641190369924,0.1512668952345848,-19.409501510786153,2.252237326051867,-2.901258854474166,0.0,0.0
ES2004a,5,0.6510959068934122,0.40170010924339294,0.4414079984029134,0.09400243312120438,0.04427599720656872,0.2918783475955327,0.367538183927536,0.6553437610467275,-6.575233596840643,-1.262509656881934,-5.307915827958094,0.0,0.0
ES2004a,6,0.5475867489973704,0.22670388221740723,0.28371238708496094,0.08092602342367172,0.029462328180670738,0.3591151684522629,0.3613479435443878,0.5726618493596712,-3.966695593830952,7.400138484967301,-3.246007555958577,0.0,0.0
ES2004a,7,0.6293716231981913,0.2233871171871821,0.5113822867472967,0.14293853690226874,0.09234106168150902,0.42420317729314166,0.4903845191001892,0.5291925966739655,6.466255927386541,15.121430682678016,0.6207748608633264,0.0,0.0
ES2004a,8,0.5128168861071268,0.26739497979482013,0.34489360948403675,0.10329046348730724,0.05278477196892103,0.4659545123577118,0.350643128156662,0.772119919459025,-2.657603770019953,-22.718596097508236,-5.6612800858267045,0.0,0.0
ES2004a,9,0.49297640721003216,0.2152639627456665,0.4044437110424042,0.14712070425351462,0.05045523432393869,0.3488682210445404,0.43337274591128033,0.6819991072018942,5.615372387058097,-39.983042085806524,-12.171569440742756,0.0,0.0
ES2004a,10,0.5992807944615682,0.2842179586489995,0.5127361516157786,0.08458025256792705,0.029789659815529983,0.32446909447511035,0.4771266082922618,0.20540536691745123,-6.502009802602441,34.986335700092404,-2.7962176121406572,0.0,0.0
ES2004a,11,0.5937912265459696,0.21360032260417938,0.45569318532943726,0.06361496324340503,0.02669885444144408,0.36592139303684235,0.34311216076215106,0.5464527060588201,1.86577618070635,1.0776965642860847,-7.601080135743733,0.0,0.0
ES2004a,12,0.515483150879542,0.2803593923648198,0.3474459946155548,0.0852510929107666,0.04474612201253573,0.2406753102938334,0.24580464760462442,0.6093644549449285,-2.444847338231709,-16.08915439660539,-9.038004308355296,0.0,0.0
ES2004a,13,0.33991436163584393,0.10523475706577301,0.598544716835022,0.153594471514225,0.08188048067192237,0.30626774330933887,0.4765879809856415,0.6823981751998266,-14.824446173616371,-16.905979839602352,3.2771270962257546,0.0,0.0
ES2004a,14,0.3264053662618001,0.06827165062228839,0.5263745089372,0.20017421742280325,0.10206913823882739,0.23119222124417624,0.48458610971768695,0.8558285633722941,-17.041208114215912,-18.269765478338233,4.29841503403938,0.0,0.0
ES2004a,15,0.4245256284872691,0.1526983641088009,0.3760356356700261,0.22319920857747397,0.10015593717495601,0.5119660596052805,0.5529511272907257,0.5673644443353018,-2.9364611899166153,7.755849359075843,3.1364092837082853,0.0,0.0
ES2004a,16,0.5254963040351868,0.21619238207737604,0.5793816943963369,0.11327758679787318,0.04482499758402506,0.3330752154191335,0.47583942612012226,0.35462452719608945,-9.192767995017721,34.53847998094304,4.075559355523748,0.0,0.0
ES2004a,17,0.5922884543736776,0.25816527505715686,0.42868708570798236,0.07656020174423854,0.09903620555996895,0.39748387535413104,0.4454176922639211,0.25949882095058757,-3.538709359982592,35.155558400502336,3.707212610258267,0.0,0.0
ES2004a,18,0.4433075388272603,0.12670369694630304,0.4164183835188548,0.21458079169193903,0.14552818487087885,0.46085142095883685,0.48974038163820904,0.589226753761371,-1.6695374661820213,16.659537882115703,7.6580746019225785,0.0,0.0
ES2004a,19,0.39802361528078717,0.08805608252684276,0.32991387446721393,0.20493490993976593,0.25641729558507603,0.4670618027448654,0.5065046151479086,0.6709908942381541,-9.78405921325699,-2.2664137995139533,9.266965491713918,0.0,0.0
ES2004a,20,0.49248273173968,0.23143325497706732,0.45220279693603516,0.26401625325282413,0.39019116883476573,0.5750428636868795,0.4978379011154175,0.9459201296170553,-2.726949300887675,3.858245640889215,6.516647749944329,0.0,0.0
ES2004a,21,0.5861027042071024,0.20893465479214987,0.49651450912157696,0.15371553848187128,0.08079884325464566,0.4480356276035309,0.551627000172933,0.744564026594162,5.7145692153048415,23.2729770993291,9.524794648473309,0.0,0.0
ES2004a,22,0.5542198121547699,0.17457055548826853,0.6061585048834482,0.09531472871700923,0.02749503217637539,0.4254599908987681,0.4304496645927429,0.7066779037316641,10.73763788697862,24.79004115843409,12.681478992142232,0.0,0.0
ES2004a,23,0.5506533980369568,0.21597163875897726,0.6683810353279114,0.105567567050457,0.047784906501571335,0.35060234864552814,0.39157111942768097,0.8852581183115641,8.663955977640038,26.269663590694364,11.874550552898503,0.0,0.0
ES2004a,24,0.5295111338297526,0.17267986138661703,0.6495490272839864,0.124932994445165,0.04633759893476963,0.43890337149302167,0.2928817371527354,0.9261575738588969,8.708870730811109,26.766931253661834,9.916066680037888,0.0,0.0
ES2004a,25,0.5314157207806905,0.20350945989290872,0.5089418391386668,0.09385771056016286,0.026420125116904575,0.4681139091650645,0.3302088777224223,0.9473767280578613,9.329930025684071,27.884636838847758,11.059396409317424,0.0,0.0
ES2004a,26,0.48281143109003705,0.2316866268714269,0.5619788467884064,0.11691172669331233,0.05271362513303757,0.3799538364013036,0.37221401929855347,0.9966351588567098,7.8321353253950745,26.112600708559025,9.083843649507548,0.0,0.0
ES2004a,27,0.46312884489695233,0.21746468544006348,0.6053571403026581,0.15035729358593622,0.06760292127728462,0.47901494304339093,0.35876867175102234,0.9886992375055949,7.701094675861736,24.53434806789261,8.53872548799199,0.0,0.0
ES2004a,28,0.490971436103185,0.27956390877564746,0.44932228326797485,0.11172095934549968,0.055532402048508324,0.4482766290505727,0.37522507707277936,0.9780617554982504,7.508624319813872,26.424412437234434,10.299935069066743,0.0,0.0
ES2004a,29,0.4866942862669627,0.20250660677750906,0.511195590098699,0.12643703321615854,0.050701127698024116,0.3616080681482951,0.3724842468897502,0.9858698050181071,7.753610832257461,26.872253796167687,10.45077525020354,0.0,0.0
ES2004a,30,0.49747757116953534,0.2689354916413625,0.26113468905289966,0.09866878390312195,0.061384931206703186,0.47045814990997314,0.38001254200935364,0.9878692626953125,7.502842270131205,27.14003647489552,10.568648395003855,0.0,0.0
ES2004a,31,0.49544379115104675,0.24575387934843698,0.33309712012608844,0.10664128760496776,0.042044458289941154,0.45026201009750366,0.40610477328300476,0.9733666777610779,7.139798835758438,26.603734757461268,10.35352732381651,0.0,0.0
ES2004a,32,0.4707361658414205,0.30667661627133685,0.337562362353007,0.07312937080860138,0.03496007497111956,0.4081633488337199,0.3173392216364543,0.9920538266499838,6.932096461710107,27.500010987560263,9.86266488172438,0.0,0.0
ES2004a,33,0.5161791245142618,0.2619750003019969,0.3882672091325124,0.09147805472215016,0.06162600591778755,0.2813435544570287,0.32125771045684814,0.9894867539405823,6.358447134303813,27.520694341507465,9.211984583187109,0.0,0.0
ES2004a,34,0.4915300210316976,0.230620875954628,0.3755521575609843,0.10383289555708568,0.050562724471092224,0.48904643456141156,0.30963393052419025,0.9919810096422831,2.667307378355351,27.25703361558182,7.420305216741703,0.0,0.0
ES2004a,35,0.5379852056503296,0.2293753276268641,0.3221891522407532,0.12930122762918472,0.07395637159546216,0.4062492847442627,0.2929585675398509,0.9964420199394226,1.9149941220312436,27.219061556743167,6.196347769165986,0.0,0.0
ES2004a,36,0.5250778496265411,0.2737764020760854,0.28359030683835346,0.1385603422919909,0.08888457467158635,0.41544167697429657,0.3229687611262004,0.984304149945577,2.2471595864316,26.44725589632355,6.4825988819733915,0.0,0.0
ES2004a,37,0.47800148526827496,0.252412885427475,0.32772620519002277,0.10253451764583588,0.08944056555628777,0.4461677471796672,0.33000876506169635,0.996119499206543,2.5828979055168144,26.467404164803085,7.06823796009472,0.0,0.0
ES2004a,38,0.5307565033435822,0.3016024132569631,0.2954522768656413,0.10675162573655446,0.0745008314649264,0.5179081857204437,0.3082473675409953,0.9891366561253866,1.3066781882743792,26.57916131382123,5.74098230770839,0.0,0.0
ES2004a,39,0.5749733050664266,0.2900276184082031,0.30621249477068585,0.11050266524155934,0.08823145677646001,0.48356985052426654,0.34912800788879395,0.9873815576235453,0.8349409046033927,27.157729030728788,4.4705110709834175,0.0,0.0
ES2004a,40,0.5203668574492136,0.25409049292405445,0.21828490495681763,0.11872713019450505,0.08428726469477017,0.33607425292332965,0.335724135239919,0.9946497480074564,1.7694546218500389,26.866372330954068,4.945190038944129,0.0,0.0
ES2004a,41,0.4739451805750529,0.2730732212464015,0.33384304245313007,0.10834707816441853,0.08240618308385213,0.46195246775945026,0.41567259033521015,0.7130050261815389,4.161352629540288,27.54962475087017,6.439661312636879,0.0,0.0
ES2004a,42,0.5464502175649008,0.19167493780454,0.4551556507746379,0.09612000981966655,0.028684629127383232,0.463180810213089,0.5654701590538025,0.2997685919205348,-2.759444625216187,24.08975909917346,3.201058487231455,0.0,0.0
ES2004a,43,0.35904455184936523,0.10104841738939285,0.49108155568440753,0.11223096648852031,0.018449551115433376,0.3934410313765208,0.5645187298456827,0.3918794443209966,-13.326643891833022,18.603085810561154,0.07334485256710331,0.0,0.0
ES2004a,44,0.4285670518875122,0.10775037358204524,0.5288583139578501,0.09279473622639973,0.021884771063923836,0.3994336823622386,0.5089114308357239,0.028734872117638588,-18.196183037743072,17.225471633051672,-1.1030108478975844,0.0,0.0
ES2004a,45,0.4388168454170227,0.10931150615215302,0.520164430141449,0.07932511220375697,0.019283927356203396,0.5097918808460236,0.5145149827003479,0.1900128967439135,-16.869050912446426,18.506618469736186,-1.9500971421374016,0.0,0.0
ES2004a,46,0.4700992504755656,0.1320471167564392,0.4157678584257762,0.11648108561833699,0.014815427362918854,0.5528778731822968,0.5349960426489512,0.4811893105506897,-7.676372801182548,18.697214640967385,1.788327135825267,0.0,0.0
ES2004a,47,0.44239885608355206,0.13995210826396942,0.40788571039835614,0.11129279186328252,0.01385592638204495,0.34879033267498016,0.5482126077016195,0.4497703438003858,-4.388775827285923,20.096794351179298,2.2843808712032194,0.0,0.0
ES2004a,48,0.44874969124794006,0.12990590929985046,0.35684503118197125,0.10500737279653549,0.015806829867263634,0.4441166917483012,0.5266186396280924,0.3789998268087705,-5.705162875796533,19.792048279673836,1.6910674134859092,0.0,0.0
ES2004a,49,0.5083304246266683,0.12709869941075644,0.5949953198432922,0.11927087853352229,0.015796576005717117,0.44637372096379596,0.5335928599039713,0.19662295778592428,-9.295351044371927,19.710648856182345,-0.56789991020281,0.0,0.0
ES2004a,50,0.4762168824672699,0.13353599607944489,0.4993486205736796,0.08983202775319417,0.013944313861429691,0.438500314950943,0.5236527919769287,0.18404928470651308,-10.706898289996978,19.35393725100141,-1.4629317716779962,0.0,0.0
ES2004a,51,0.4952722092469533,0.12055229643980662,0.4681526819864909,0.09606040269136429,0.016778798463443916,0.5381725629170736,0.5349525411923727,0.25033251009881496,-14.475265559644766,21.26231963603041,-2.1690390065476812,0.0,0.0
ES2004a,52,0.46992985407511395,0.1251737947265307,0.4528886179129283,0.09375680734713872,0.014229311297337214,0.5530155698458353,0.5329369902610779,0.16502136861284575,-9.371137732224572,19.362271683903064,-0.9448326196217532,0.0,0.0
ES2004a,53,0.5119572778542837,0.20550336440404257,0.4378768503665924,0.10605508461594582,0.018345605581998825,0.31226542592048645,0.4775169293085734,0.33527192869223654,2.321856766019565,23.865932340719766,3.1549493953195813,0.0,0.0
ES2004a,54,0.5257639487584432,0.25130132337411243,0.41182560722033185,0.12317489335934322,0.029838780562082928,0.40274400512377423,0.40743425488471985,0.4281180500984192,11.60384193952072,27.629312221235093,8.711544099076177,0.0,0.0
ES2004a,55,0.5276657243569692,0.20510992407798767,0.3719726999600728,0.1236606736977895,0.029362486054499943,0.2233944038550059,0.4174184799194336,0.3806098575393359,13.226230372928782,26.588544716873415,8.26521140790488,0.0,0.0
ES2004a,56,0.5144279698530833,0.2143973857164383,0.3636604646841685,0.1091921975215276,0.04130847627917925,0.3012385666370392,0.4848322669665019,0.46421022713184357,13.319336198444368,25.387280210137373,8.581626540037577,0.0,0.0
ES2004a,57,0.529004712899526,0.24307416379451752,0.23192211985588074,0.10237693538268407,0.027683045094211895,0.27449758847554523,0.45648545026779175,0.864838163057963,8.472994706314168,27.93969870422446,7.77058708790839,0.0,0.0
ES2004a,58,0.5152872204780579,0.23798209925492605,0.28058911859989166,0.07463028530279796,0.025958444302280743,0.44982069730758667,0.4310778081417084,0.6928882201512655,10.555697406550271,25.74842014497182,8.505415683866682,0.0,0.0
ES2004a,59,0.5433916449546814,0.30508991579214734,0.2665911416212718,0.08005027969678243,0.02959945114950339,0.32999738057454425,0.46251969536145526,0.6773392160733541,10.701066943655137,25.3453376205151,8.576631574715575,0.0,0.0
ES2004a,60,0.5592458248138428,0.22548867762088776,0.3859996298948924,0.09356516351302464,0.0279166071365277,0.33349814017613727,0.48736292123794556,0.5708250403404236,4.357083669449048,28.53404586105057,5.715615431546934,0.0,0.0
ES2004a,61,0.5262930393218994,0.17928641537825266,0.3197999695936839,0.0674436887105306,0.02608804280559222,0.28015520175298053,0.45664723714192706,0.813967764377594,5.330876718003916,28.409991732204436,7.548274775531816,0.0,0.0
ES2004a,62,0.5040037433306376,0.19404497742652893,0.2023982952038447,0.05712807426850001,0.030226246764262516,0.19087530175844827,0.5477851827939352,0.6644089718659719,1.5228603292543081,29.946789183768697,9.415459262880269,0.0,0.0
ES2004a,63,0.5000898838043213,0.19511927167574564,0.29148974517981213,0.05538583795229594,0.02136150064567725,0.14199192076921463,0.589515229066213,0.708162784576416,0.3893532829071751,29.734261945228813,7.81575693653303,0.0,0.0
ES2004a,64,0.49542588988939923,0.23820888996124268,0.34048553307851154,0.0596387671927611,0.02382951167722543,0.14038842916488647,0.5686918298403422,0.679364542166392,1.990240009626014,28.889619899248682,7.898712743944149,0.0,0.0
ES2004a,65,0.5038254261016846,0.1911022812128067,0.28359847764174145,0.05578554173310598,0.027715779840946198,0.19612437983353934,0.5525565346082052,0.7721066872278849,0.6553912352744425,29.46238483471177,6.306849425175364,0.0,0.0
ES2004a,66,0.4989598294099172,0.19381216665109,0.2936074485381444,0.05523059517145157,0.02817828084031741,0.16528229415416718,0.5221992532412211,0.5449320276578268,1.8050974251425156,28.513261570332904,7.730808618903114,0.0,0.0
ES2004a,67,0.5109277665615082,0.21648587783177695,0.33656207223733264,0.05879963313539823,0.03133111943801244,0.17777315775553384,0.477896511554718,0.7161129415035248,1.3434514787975609,28.169876768970905,6.411782888578016,0.0,0.0
ES2004a,68,0.45809320608774823,0.19210329155127207,0.27194757759571075,0.0707279493411382,0.028605536247293156,0.3513014117876689,0.4417635301748912,0.8536563316980997,5.197534545778073,25.256402408162575,7.079748554816331,0.0,0.0
ES2004a,69,0.5335739354292551,0.24578580756982168,0.2054172952969869,0.09667905544241269,0.03732053066293398,0.37389129400253296,0.5668769081433614,0.5916997296735644,4.905164994715567,12.212341753261313,6.934347349237282,0.0,0.0
ES2004a,70,0.5867000420888265,0.38419467707475025,0.19501270850499472,0.14746748904387155,0.1374145932495594,0.41388964653015137,0.4551525115966797,0.6392447352409363,10.395418831315485,27.977956837790405,5.812417090258123,0.0,0.0
ES2004a,71,0.41797394553820294,0.24496781826019287,0.4577018618583679,0.18825856347878775,0.0643197571237882,0.3606583724419276,0.49084435900052387,0.24143184108349183,12.224548483352537,31.17630300790617,6.209201122143495,0.0,0.0
ES2004a,72,0.6238463123639425,0.45714587966601056,0.23374169071515402,0.11412547280391057,0.07820391779144605,0.34249748786290485,0.486687312523524,0.3362040234108766,17.590734960979237,29.236165984963066,9.202626764725997,0.0,0.0
ES2004a,73,0.631053109963735,0.42043785254160565,0.6250574688116709,0.1131596565246582,0.14101273380219936,0.4642064372698466,0.4854661424954732,0.7821771303812662,23.37562572537441,21.163805301953737,7.772233271766866,0.0,0.0
ES2004a,74,0.5345111389954885,0.24807400008042654,0.47943855325380963,0.10882587110002835,0.025193434829513233,0.4764017164707184,0.5060126384099325,0.3813614509999752,17.675622260977885,27.36548596855786,5.66269991263879,0.0,0.0
ES2004a,75,0.5178109804789225,0.22981966535250345,0.48559428254763287,0.07071594148874283,0.02036909945309162,0.6531946162382761,0.5217923919359843,0.5102030287186304,14.994614735419225,20.503492901623147,4.602188525121022,0.0,0.0
ES2004a,76,0.5563973387082418,0.2948623299598694,0.5842893421649933,0.4949066440264384,0.33879429784913856,0.5186586479345957,0.32675185799598694,0.9529686570167542,6.817590226566911,7.311931837064951,-0.653224489507569,0.0,0.0
ES2004a,77,0.5221043825149536,0.36453595757484436,0.45833467940489453,0.6562613050142924,0.6209551493326823,0.31359705825646716,0.33282603323459625,0.684133150925239,1.3330522017046968,3.0896506316618932,-3.4318118913327997,0.0,0.0
ES2004a,78,0.5047161479791006,0.2710887938737869,0.40914347767829895,0.4417834331591924,0.4261251551409562,0.24306358148654303,0.2628324627876282,0.9508264462153116,2.6810602799887406,21.799219452887673,1.2985325397378273,0.0,0.0
ES2004a,79,0.663885235786438,0.3551894625027974,0.4764029582341512,0.27694371342658997,0.15900528182586035,0.5446320275465647,0.3879328966140747,0.9989476402600607,8.91716973098969,16.00149472705252,5.166060333261428,0.0,0.0
ES2004a,80,0.6846368312835693,0.42053768038749695,0.3139195889234543,0.35624659061431885,0.2618519415458043,0.5288770000139872,0.40147165457407635,0.9964459737141927,2.1881182230451572,7.439765456946927,-2.1447598260896203,0.0,0.0
ES2004a,81,0.7038017908732096,0.32139164706071216,0.6490766008694967,0.27259474496046704,0.15976257622241974,0.5637504756450653,0.4495532313982646,0.9788112640380859,10.63901525983596,10.38300822978097,-3.4357525996066784,0.0,0.0
ES2004a,82,0.5972565611203512,0.3422953188419342,0.4540573259194692,0.22401917974154154,0.26020996272563934,0.2460823804140091,0.443033109108607,0.6105252305666605,15.124173945323648,13.923514320774151,-4.664474369709456,0.0,0.0
ES2004a,83,0.6849535902341207,0.4039929111798604,0.36127570768197376,0.16935548186302185,0.1127215971549352,0.4940306345621745,0.5955265959103903,0.21296946393946806,5.932035857800536,9.61988355247894,-7.7446404847838695,0.0,0.0
ES2004a,84,0.6245484948158264,0.5118841131528219,0.32316819826761883,0.2026150127251943,0.24166640639305115,0.39802806327740353,0.6079595486323038,0.2364683298704525,5.179127227142385,9.769312873209813,-8.218935412767351,0.0,0.0
ES2004a,85,0.5547993381818136,0.4040848910808563,0.32036785781383514,0.40132876733938855,0.4107656528552373,0.25558850665887195,0.4482826193173726,0.7864232758680979,5.8163424311134095,8.62256686247522,-7.879391407374295,0.0,0.0
ES2004a,86,0.48456984758377075,0.2708338101704915,0.36552360157171887,0.6748199810584387,0.6684449911117554,0.3225061595439911,0.34343335032463074,0.972794751326243,7.730920875782136,7.543305584955946,-7.181825554933485,0.0,0.0
ES2004a,87,0.5449769198894501,0.24393831690152487,0.42900710304578143,0.19586661954720816,0.12341726571321487,0.5833192070325216,0.4903912345568339,0.72366863489151,8.986666432039113,-8.031260462266454,8.129944007989636,0.0,0.0
ES2004a,88,0.4813867211341858,0.16937813659509024,0.6944273710250854,0.1048363521695137,0.04907635102669398,0.2860841453075409,0.3557573954264323,0.5374748210112253,34.46786132419522,-35.37595192117954,-38.872032244841336,0.0,0.0
ES2004a,89,0.0,0.0,0.0,0.0,0.0,0.0,0.0,0.0,0.0,0.0,0.0,0.0,0.0
ES2004a,90,0.318581889073054,0.17034982641537985,0.1913159986337026,0.06374794244766235,0.02352687840660413,0.3023789922396342,0.2549063464005788,0.41701294978459674,27.469160998682042,-19.868071246032205,-29.082454487054594,0.0,0.0
ES2004a,91,0.15284927686055502,0.13100256522496542,0.095421036084493,0.08451291918754578,0.08012209832668304,0.18132799863815308,0.1437217096487681,0.0033413898199796677,19.66379817172746,-26.014732084595114,-20.593141249483523,0.0,0.0
ES2004a,92,0.0,0.0,0.0,0.0,0.0,0.0,0.0,0.0,0.0,0.0,0.0,0.0,0.0
ES2004a,93,0.0,0.0,0.0,0.0,0.0,0.0,0.0,0.0,0.0,0.0,0.0,0.0,0.0
ES2004a,94,0.0,0.0,0.0,0.0,0.0,0.0,0.0,0.0,0.0,0.0,0.0,0.0,0.0
ES2004a,95,0.0,0.0,0.0,0.0,0.0,0.0,0.0,0.0,0.0,0.0,0.0,0.0,0.0
ES2004a,96,0.0,0.0,0.0,0.0,0.0,0.0,0.0,0.0,0.0,0.0,0.0,0.0,0.0
ES2004a,97,0.2572084665298462,0.1837387134631475,0.3396958609422048,0.060757189989089966,0.029621529082457226,0.23850897451241812,0.3229966064294179,0.15165023691952229,12.416869652740983,-50.967094251474755,-12.638614387010998,0.0,0.0
ES2004a,98,0.38558196028073627,0.2816617389520009,0.5635262429714203,0.10370734333992004,0.053303550307949386,0.5387877225875854,0.4580220878124237,0.02517656236886978,-6.149677297364921,-80.36300880662357,4.984726389074188,0.0,0.0
ES2004a,99,0.29126938184102374,0.19041658441225687,0.15577874581019083,0.13745464632908502,0.08364394741753738,0.3456767797470093,0.3153812189896901,0.29330726464589435,16.560446439743597,-50.12787282543918,-17.965207898451208,0.0,0.0
ES2004a,100,0.11582622925440471,0.09106687704722087,0.13718191782633463,0.05844515562057495,0.01470318560798963,0.14687077204386392,0.14924619595209757,0.0063288820286591845,-5.780237554437175,-28.863762366589707,4.547916292130825,0.0,0.0
ES2004a,101,0.0,0.0,0.0,0.0,0.0,0.0,0.0,0.0,0.0,0.0,0.0,0.0,0.0
ES2004a,102,0.0,0.0,0.0,0.0,0.0,0.0,0.0,0.0,0.0,0.0,0.0,0.0,0.0
ES2004a,103,0.14006589849789938,0.12217661738395691,0.12228968739509583,0.09146128098169963,0.056479637821515404,0.18631112575531006,0.14791745940844217,0.10925411184628804,26.987414710556752,-25.29806187679604,-28.80140619872707,0.0,0.0
ES2004a,104,0.0,0.0,0.0,0.0,0.0,0.0,0.0,0.0,0.0,0.0,0.0,0.0,0.0
ES2004a,105,0.11916052301724751,0.06315916279951732,0.21681950489679971,0.07902777194976807,0.026309765875339508,0.11230028669039409,0.13167447845141092,0.004360177243749301,20.161671522307234,-27.189087397607434,-21.621735703705323,0.0,0.0
ES2004a,106,0.0,0.0,0.0,0.0,0.0,0.0,0.0,0.0,0.0,0.0,0.0,0.0,0.0
ES2004a,107,0.0,0.0,0.0,0.0,0.0,0.0,0.0,0.0,0.0,0.0,0.0,0.0,0.0
ES2004a,108,0.0,0.0,0.0,0.0,0.0,0.0,0.0,0.0,0.0,0.0,0.0,0.0,0.0
ES2004a,109,0.0,0.0,0.0,0.0,0.0,0.0,0.0,0.0,0.0,0.0,0.0,0.0,0.0
ES2004a,110,0.0,0.0,0.0,0.0,0.0,0.0,0.0,0.0,0.0,0.0,0.0,0.0,0.0
ES2004a,111,0.0,0.0,0.0,0.0,0.0,0.0,0.0,0.0,0.0,0.0,0.0,0.0,0.0
ES2004a,112,0.13764839371045431,0.09141290187835693,0.21714097261428833,0.1323647995789846,0.16123510400454202,0.11927435795466106,0.13976610700289407,0.000443715020082891,13.470488637742939,-24.94708375784222,-15.648052680991363,0.0,0.0
ES2004a,113,0.4844170808792114,0.3455692132314046,0.5455564459164938,0.380955974260966,0.4648963212966919,0.28503183523813885,0.4723348319530487,0.011491240957790675,46.1060937748207,-75.24853692039927,-52.86937204210313,0.0,0.0
ES2004a,114,0.16432510813077292,0.1329736908276876,0.12137952446937561,0.05530846118927002,0.05709757407506307,0.12156120936075847,0.14941740036010742,0.1703406572341919,18.080798373558256,-25.56135742193952,-20.2164646305792,0.0,0.0
ES2004a,115,0.0,0.0,0.0,0.0,0.0,0.0,0.0,0.0,0.0,0.0,0.0,0.0,0.0
ES2004a,116,0.3604651689529419,0.2731204827626546,0.22255431612332663,0.08290554583072662,0.06363316873709361,0.14497595528761545,0.3568881154060364,0.1947450488805771,-37.86904287135849,5.628885847883905,15.983893013332613,0.0,0.0
ES2004a,117,0.15027263760566711,0.13876581192016602,0.18820112943649292,0.06431018312772115,0.02479126552740733,0.24088911215464273,0.17492550611495972,0.2943335970242818,-30.90511974473196,-9.55846481363797,30.40152359211085,0.0,0.0
ES2004a,118,0.21714321772257486,0.12374332547187805,0.10461002588272095,0.11716299255688985,0.07400404910246532,0.11064777771631877,0.12447203199068706,0.1535844604174296,0.0,0.0,0.0,0.0,0.0
ES2004a,119,0.23341272274653116,0.1256629228591919,0.13619743784268698,0.024048231542110443,0.03540383279323578,0.10796623428662618,0.1842437187830607,0.037726218501726784,-14.783461346276844,18.19166098889875,-19.032944198201594,0.0,0.0
ES2004a,120,0.1966665784517924,0.17542948325475058,0.14385617772738138,0.03585529079039892,0.042625745137532554,0.19724160432815552,0.18527319033940634,0.13069310784339905,-41.32144508727403,15.598712124848936,-39.59527009951598,0.0,0.0
ES2004a,121,0.7090290784835815,0.3922015428543091,0.4228421747684479,0.28385087847709656,0.30811914304892224,0.2894490609566371,0.4684540629386902,0.8043233354886373,-6.966158554992076,9.89088727586673,4.372967550988631,0.0,0.0
ES2004a,122,0.7715266148249308,0.6111645599206289,0.4621090789635976,0.3055671801169713,0.3136640240748723,0.35280169049898785,0.4044598440329234,0.9813350240389506,-22.204495659133425,8.03075545078625,-10.237683624486062,0.0,0.0
ES2004a,123,0.693727433681488,0.5528670450051626,0.43629560867945355,0.44487420717875165,0.3245999713738759,0.3367086574435234,0.3915152947107951,0.9920803308486938,-10.388813167453927,38.36173558486538,-24.794705129157677,0.0,0.0
ES2004a,124,0.43821736176808673,0.47796010971069336,0.4478745361169179,0.43234465022881824,0.6066068907578787,0.25205572446187335,0.4789975384871165,0.5634631514549255,43.803844780741095,53.06725830267904,30.558356714842688,0.0,0.0
ES2004a,125,0.7220917145411173,0.5032177964846293,0.2952576031287511,0.21726064880688986,0.28114035228888196,0.3265636662642161,0.3979020615418752,0.9661668141682943,23.20516460965045,53.68842020072378,11.584842815478254,0.0,0.0
ES2004a,126,0.5916000107924143,0.40171728531519574,0.2777603914340337,0.3974955379962921,0.39585472146670025,0.22127852588891983,0.41456268231074017,0.8377774357795715,23.510581653610103,51.47914052117619,7.576526801883421,0.0,0.0
ES2004a,127,0.4307278593381246,0.3994751175244649,0.4311331535379092,0.5101882517337799,0.4998363157113393,0.2071880300839742,0.4597548544406891,0.6437175075213114,29.236490954938592,38.98924337568361,3.518071450169531,0.0,0.0
ES2004a,128,0.7282904585202535,0.4274703065554301,0.4030232032140096,0.15930976967016855,0.13930899649858475,0.19624789555867514,0.46596365173657733,0.836475690205892,25.167866764021415,36.766911664412866,9.360648160545319,0.0,0.0
ES2004a,129,0.7316912015279134,0.41809381047884625,0.3659270207087199,0.14752847452958426,0.1382545679807663,0.43039655685424805,0.4657139778137207,0.8070632616678873,23.02884414050443,38.564700015121055,8.167447162231214,0.0,0.0
ES2004a,130,0.7223814725875854,0.3961121638615926,0.49617377916971844,0.17429005602995554,0.1599552258849144,0.36194199323654175,0.37184420228004456,0.8315208156903585,18.494910955039376,43.52251851218919,3.8463971116624607,0.0,0.0
ES2004a,131,0.7114027539889017,0.36576823393503827,0.33898402750492096,0.3258420526981354,0.20181789000829062,0.40186648567517597,0.4030974606672923,0.997235914071401,13.106781676559804,53.89121703433863,2.9503303393402867,0.0,0.0
ES2004a,132,0.6931057969729105,0.3893575568993886,0.48929667472839355,0.22173247238000235,0.2123118887344996,0.21976608037948608,0.47809478640556335,0.8411946296691895,14.42457241344097,53.970655883569414,4.366200415360601,0.0,0.0
ES2004a,133,0.6501025060812632,0.4389151434103648,0.5081036388874054,0.35412780940532684,0.3329587330420812,0.36855121453603107,0.479767511288325,0.9071174462636312,24.2418537766079,53.61499018391863,10.546529096304786,0.0,0.0
ES2004a,134,0.5158495207627615,0.3933350046475728,0.34778425097465515,0.4721324145793915,0.47683202226956684,0.3094625075658162,0.44210944573084515,0.7235105037689209,30.52458743859719,50.91732155890666,11.834005493632917,0.0,0.0
ES2004a,135,0.45357902844746906,0.3888958990573883,0.5147312780221304,0.48939717809359234,0.5487977663675944,0.22294169664382935,0.4159359435240428,0.4132566551367442,28.652224110243807,46.47652523727388,6.8148988010852065,0.0,0.0
ES2004a,136,0.36609957615534466,0.29292810956637066,0.292810320854187,0.48410458366076153,0.619654655456543,0.218259925643603,0.5069903632005056,0.7109660108884176,30.51086978212454,47.578806166081314,8.913122163922042,0.0,0.0
ES2004a,137,0.7449552814165751,0.621481458346049,0.38693901399771374,0.15700708826382956,0.1981738011042277,0.35323814551035565,0.5154082874457041,0.7550110022226969,35.36224178264754,57.0671180834133,26.144592589821958,0.0,0.0
ES2004a,138,0.7372786005338033,0.6568207740783691,0.27427531282107037,0.14172422885894775,0.12782706071933111,0.3069357673327128,0.4710392951965332,0.5717497219642004,34.56027014137737,56.43328272976826,25.74638017915521,0.0,0.0
ES2004a,139,0.7363071839014689,0.5372495651245117,0.3940510054429372,0.17363530894120535,0.37159694234530133,0.4010757654905319,0.5125904480616251,0.6100668013095856,35.120486541496,57.614563559327415,20.75703308889536,0.0,0.0
ES2004a,140,0.7334498763084412,0.5702397425969442,0.3803610106309255,0.32355476419130963,0.3118354280789693,0.33473800122737885,0.4129975934823354,0.6925657639900843,14.635472435967579,40.563096274225664,3.688997653607261,0.0,0.0
ES2004a,141,0.5401341120402018,0.18637162446975708,0.424001748363177,0.376949946085612,0.3096562574307124,0.37922659516334534,0.48337127765019733,0.9419949849446615,-14.971296657004151,29.752950398698072,-28.839234416475914,0.0,0.0
ES2004a,142,0.6600786646207174,0.42199238141377765,0.3974360873301824,0.46188921729723614,0.36682454744974774,0.4903160035610199,0.419321209192276,0.9235970775286356,-14.05551696205781,30.599752875470017,-27.165781837695715,0.0,0.0
ES2004a,143,0.6173878610134125,0.38458916544914246,0.5388842721780142,0.4531024694442749,0.46416570742925006,0.5511652727921804,0.41060298681259155,0.9419722954432169,-21.24290650895732,-30.931878873407616,11.111310013821594,0.0,0.0
ES2004a,144,0.5355046192804972,0.37531958023707074,0.33534139891465503,0.20859983563423157,0.1491322467724482,0.4728613297144572,0.3977692574262619,0.32779034102956456,-40.78571172774404,4.036346413619353,-14.808095242048806,0.0,0.0
ES2004a,145,0.5257211526234945,0.2928089201450348,0.31705546875794727,0.10255695010224979,0.041678315649429955,0.42163628339767456,0.5047133068243662,0.46161941811442375,-23.66504128852742,10.702429484476939,-20.61327559766278,0.0,0.0
ES2004a,146,0.5594605604807535,0.3338809659083684,0.45333585143089294,0.06624337658286095,0.041726963594555855,0.4523877501487732,0.5626099109649658,0.3353756119807561,-28.3701363217961,30.3398756887927,-33.052124151043216,0.0,0.0
ES2004a,147,0.5940880179405212,0.34316422541936237,0.5019501149654388,0.06510623668630917,0.04813077052434286,0.40793853998184204,0.6237305005391439,0.4100630668302377,-30.303062722857664,31.37552289199049,-35.166141466221625,0.0,0.0
ES2004a,148,0.3443370958169301,0.24633620182673135,0.3804319103558858,0.0649763432641824,0.03904855499664942,0.31340571244557697,0.32157450914382935,0.3751077651977539,-26.954941667852818,28.30731908009949,-28.37640705305327,0.0,0.0
ES2004a,149,0.13068028291066489,0.1465542217095693,0.14104712009429932,0.11655333638191223,0.09363834063212077,0.17551136016845703,0.13595117131868997,0.22215312719345093,-35.25594310203268,24.191393641639603,-34.53131329842311,0.0,0.0
ES2004a,150,0.39257822434107464,0.22376888990402222,0.39053062597910565,0.12145602703094482,0.11508092780907948,0.26328809062639874,0.41762961943944293,0.6413821776707967,-45.2125617800678,38.79781688130206,-44.89950053426376,0.0,0.0
ES2004a,151,0.5879312753677368,0.35671915610631305,0.30827175080776215,0.12749495108922324,0.18408548956116041,0.31525495151678723,0.5063094993432363,0.5379393001397451,-24.831093053898353,25.655624504579,-14.584350049505055,0.0,0.0
ES2004a,152,0.45932085315386456,0.2850416898727417,0.5835123012463251,0.24764677385489145,0.17809405053655306,0.5788220862547556,0.5495951970418295,0.26007261375586194,-67.36571851315568,44.18214851258059,-60.83145638633547,0.0,0.0
ES2004a,153,0.5075842042764028,0.348767230908076,0.5710952579975128,0.15733524660269418,0.07761437942584355,0.4586896399656932,0.4648633499940236,0.6659685621658961,-117.83569726660922,75.82510298605803,-112.32275421034859,0.0,0.0
ES2004a,154,0.20216343800226846,0.15317760904630026,0.11481761932373047,0.0847395658493042,0.041294110318024956,0.057855104406674705,0.14816433191299438,0.3253092368443807,-36.82176922129736,26.139366716243064,-34.96311088759745,0.0,0.0
ES2004a,155,0.17988882462183634,0.047000616788864136,0.13373961051305136,0.030383425454298656,0.016600797573725384,0.16305434703826904,0.16788776715596518,0.019148902346690495,1.4849737141918349,9.06468739611653,1.3330202633524333,0.0,0.0
ES2004a,156,0.1939521829287211,0.09117525815963745,0.1567647953828176,0.0864330530166626,0.07637668649355571,0.08490320046742757,0.19425702095031738,0.28235989809036255,-5.510907056749112,14.859396614207343,-6.680516886688829,0.0,0.0
ES2004a,157,0.22374453147252402,0.19493675231933594,0.18372591336568198,0.06396307547887166,0.03383496403694153,0.10698503255844116,0.21074938774108887,0.08619561791419983,-39.82240071935919,25.865629252305215,-37.84860044206122,0.0,0.0
ES2004a,158,0.0,0.0,0.0,0.0,0.0,0.0,0.0,0.0,0.0,0.0,0.0,0.0,0.0
ES2004a,159,0.3295452694098155,0.22565351923306784,0.46943273146947223,0.18122535198926926,0.12625387186805406,0.4567676583925883,0.3714909354845683,0.36381937315066654,-81.09100716593655,50.61861229194826,-79.66098069359877,0.0,0.0
ES2004a,160,0.19171259800593057,0.13836729526519775,0.12516502539316812,0.16401204466819763,0.13428033391634622,0.06551642219225566,0.14572220047314963,0.33115245898564655,-37.05285692077178,25.27478429694551,-35.345815446769514,0.0,0.0
ES2004a,161,0.2602663238843282,0.21874682108561197,0.2655158042907715,0.26918573180834454,0.20086263616879782,0.346677045027415,0.3804754614830017,0.4973908265431722,-75.32956951743635,52.725696148075194,-72.41186462356875,0.0,0.0
ES2004a,162,0.0,0.0,0.0,0.0,0.0,0.0,0.0,0.0,0.0,0.0,0.0,0.0,0.0
ES2004a,163,0.0,0.0,0.0,0.0,0.0,0.0,0.0,0.0,0.0,0.0,0.0,0.0,0.0
ES2004a,164,0.0,0.0,0.0,0.0,0.0,0.0,0.0,0.0,0.0,0.0,0.0,0.0,0.0
ES2004a,165,0.0,0.0,0.0,0.0,0.0,0.0,0.0,0.0,0.0,0.0,0.0,0.0,0.0
ES2004a,166,0.0,0.0,0.0,0.0,0.0,0.0,0.0,0.0,0.0,0.0,0.0,0.0,0.0
ES2004a,167,0.17647155125935873,0.0665933887163798,0.14482749501864114,0.1517854928970337,0.18793205420176187,0.11636329690615337,0.09934376676877339,0.3333171606063843,2.1582693607171346,-8.465332807696752,1.8735293016141064,0.0,0.0
ES2004a,168,0.47509103020032245,0.3488342265288035,0.4441197911898295,0.3139655093352,0.2238420993089676,0.5163386215766271,0.4509467085202535,0.5050479123989741,-41.04666118420387,-45.71939484257021,41.40982154691199,0.0,0.0
ES2004a,169,0.16668766736984253,0.07298780977725983,0.0991546909014384,0.13153876860936484,0.19651440779368082,0.11986789107322693,0.15238294998804727,0.3320148785909017,-5.602502908555142,-6.502567397504651,2.324183914254136,0.0,0.0
ES2004a,170,0.0,0.0,0.0,0.0,0.0,0.0,0.0,0.0,0.0,0.0,0.0,0.0,0.0
ES2004a,171,0.0,0.0,0.0,0.0,0.0,0.0,0.0,0.0,0.0,0.0,0.0,0.0,0.0
ES2004a,172,0.0,0.0,0.0,0.0,0.0,0.0,0.0,0.0,0.0,0.0,0.0,0.0,0.0
ES2004a,173,0.1427282691001892,0.11430867513020833,0.21932516495386759,0.09798471132914226,0.03820147613684336,0.15006503462791443,0.1543702781200409,0.32103610038757324,-49.766366600453786,22.66113232202905,-48.05605618120518,0.0,0.0
ES2004a,174,0.5887552499771118,0.4376796782016754,0.4039645989735921,0.36575192709763843,0.24101724227269491,0.40802767872810364,0.5561849077542623,0.8353430032730103,-133.5495534738548,73.6996293535372,-129.04387928174154,0.0,0.0
ES2004a,175,0.40848137935002643,0.25639371077219647,0.15755613148212433,0.1383772740761439,0.06108648329973221,0.2877022425333659,0.3948482076327006,0.5890170335769653,-91.45312700113287,50.8990874697634,-89.02725005141019,0.0,0.0
ES2004a,176,0.16696560382843018,0.1011608640352885,0.2335145870844523,0.02953295409679413,0.010150743027528128,0.07806012531121571,0.19447352488835654,0.23331713676452637,-18.340978974937478,24.69097033180056,-16.846168646803495,0.0,0.0
ES2004a,177,0.1926646629969279,0.155779759089152,0.1127704381942749,0.032136852542559304,0.014835669348637262,0.10909447073936462,0.10699682434399922,0.271096666653951,-3.314476754317369,-18.241550011660948,3.5253421585297686,0.0,0.0
ES2004a,178,0.18302504221598306,0.23694554964701334,0.0822186420361201,0.060912693540255226,0.011547472327947617,0.1471817890803019,0.17619582017262778,0.30878045161565143,-11.187799906775771,-24.81096964943679,12.24863470830771,0.0,0.0
ES2004a,179,0.0,0.0,0.0,0.0,0.0,0.0,0.0,0.0,0.0,0.0,0.0,0.0,0.0
ES2004a,180,0.1253358026345571,0.13981738686561584,0.08090231319268544,0.043406506379445396,0.026804395020008087,0.0929779311021169,0.16939846674601236,0.13655213514963785,-13.951660921834476,-21.239642301354955,14.020341427687312,0.0,0.0
ES2004a,181,0.0,0.0,0.0,0.0,0.0,0.0,0.0,0.0,0.0,0.0,0.0,0.0,0.0
ES2004a,182,0.19876720507939658,0.22888529300689697,0.14968673388163248,0.06500133375326793,0.025233517090479534,0.06261177361011505,0.1730023225148519,0.15414923429489136,54.811772652542686,-29.1011804051149,-54.46369530325495,0.0,0.0
ES2004a,183,0.0,0.0,0.0,0.0,0.0,0.0,0.0,0.0,0.0,0.0,0.0,0.0,0.0
ES2004a,184,0.21035800377527872,0.1326780617237091,0.1503783961137136,0.13417811195055643,0.0755955030520757,0.07882905999819438,0.23343942562739053,0.3055982192357381,-48.3263027455626,22.301408860005328,-46.954898343153666,0.0,0.0
ES2004a,185,0.5676816205183665,0.3647327224413554,0.22265834361314774,0.3106564333041509,0.2848255882660548,0.3230762407183647,0.6935999393463135,0.5966884742180506,-143.37217592502432,71.36966650813632,-140.0726309416606,0.0,0.0
ES2004a,186,0.4459502398967743,0.322190394004186,0.3514231989781062,0.34780662258466083,0.16485236088434854,0.28203585743904114,0.6083627740542094,0.634838213523229,-99.33272541869991,56.17970118620451,-98.6134852671563,0.0,0.0
ES2004a,187,0.22839869062105814,0.12263813614845276,0.5039742787679037,0.09444185098012288,0.027195450539390247,0.4550389846165975,0.30097733934720355,0.3009144216775894,-62.44666266320203,-2.538690284321561,-30.151611463602478,0.0,0.0
ES2004a,188,0.0,0.0,0.0,0.0,0.0,0.0,0.0,0.0,0.0,0.0,0.0,0.0,0.0
ES2004a,189,0.0,0.0,0.0,0.0,0.0,0.0,0.0,0.0,0.0,0.0,0.0,0.0,0.0
ES2004a,190,0.0,0.0,0.0,0.0,0.0,0.0,0.0,0.0,0.0,0.0,0.0,0.0,0.0
ES2004a,191,0.0,0.0,0.0,0.0,0.0,0.0,0.0,0.0,0.0,0.0,0.0,0.0,0.0
ES2004a,192,0.0,0.0,0.0,0.0,0.0,0.0,0.0,0.0,0.0,0.0,0.0,0.0,0.0
ES2004a,193,0.0,0.0,0.0,0.0,0.0,0.0,0.0,0.0,0.0,0.0,0.0,0.0,0.0
ES2004a,194,0.0,0.0,0.0,0.0,0.0,0.0,0.0,0.0,0.0,0.0,0.0,0.0,0.0
ES2004a,195,0.0,0.0,0.0,0.0,0.0,0.0,0.0,0.0,0.0,0.0,0.0,0.0,0.0
ES2004a,196,0.31814150015513104,0.16237574815750122,0.33016427357991535,0.13209649423758188,0.07374729588627815,0.3400772412618001,0.27570574482282,0.6071400245030721,-5.884756741618929,0.7696002802815715,-5.048770817285139,0.0,0.0
ES2004a,197,0.4418385724226634,0.3400784780581792,0.6961179176966349,0.3481829861799876,0.22528581321239471,0.6036711732546488,0.4771993358929952,0.7671247720718384,21.971450483401185,21.901929845566286,-1.9610016357086908,0.0,0.0
ES2004a,198,0.4953942100207011,0.37096157670021057,0.7402365406354269,0.3567818303902944,0.24688968062400818,0.540219803651174,0.48560868700345355,0.6772493422031403,22.983727858564567,22.52995726329574,-1.8518632867374578,0.0,0.0
ES2004a,199,0.4960697094599406,0.3974196712176005,0.6448280413945516,0.36166633168856305,0.27504028379917145,0.45977667967478436,0.4174845317999522,0.7851141889890035,24.8124522703128,24.68049239689898,-1.0803433737905683,0.0,0.0
ES2004a,200,0.4299413363138835,0.3123401602109273,0.5556744436422983,0.3637739320596059,0.2394949992497762,0.38194310168425244,0.37660306692123413,0.5866239468256632,25.520863407383402,23.98071616631456,-1.356234809977633,0.0,0.0
ES2004a,201,0.44783198833465576,0.34216564893722534,0.5407770077387491,0.4076876938343048,0.27983983357747394,0.30151796340942383,0.48250362277030945,0.5484841441114744,27.28192526522866,22.9978394932555,-1.3458131125442527,0.0,0.0
ES2004a,202,0.47534359494845074,0.36621947089831036,0.5788040260473887,0.46248191595077515,0.27764007945855457,0.583227793375651,0.5566046237945557,0.6763534744580587,28.322761928046514,20.62059735454467,-1.9734863513625733,0.0,0.0
ES2004a,203,0.4701203207174937,0.3186847964922587,0.5363984207312266,0.4588206211725871,0.2788490702708562,0.5186210970083872,0.49209874868392944,0.575934648513794,29.178254563443147,20.89939199195391,-2.5016087368843283,0.0,0.0
ES2004a,204,0.7969133853912354,0.564115564028422,0.4279539982477824,0.06942785407106082,0.08266191308697064,0.7639966011047363,0.49307988087336224,0.71465136607488,7.5978091592015495,-4.417031743471267,-4.450258106748591,0.0,0.0
ES2004a,205,0.8296339710553488,0.4997291962305705,0.3308379997809728,0.06411069010694821,0.0517693484822909,0.780754824479421,0.5300399462381998,0.7643618981043497,7.156277257312143,-3.2771918261868116,-5.140981320923502,0.0,0.0
ES2004a,206,0.8396906654040018,0.5164588491121928,0.3954593638579051,0.06082777430613836,0.05357464402914047,0.7678375840187073,0.5003627240657806,0.522384762763977,6.71603295141271,-2.583967968448901,-5.2593545364847385,0.0,0.0
ES2004a,207,0.8614160418510437,0.5473477939764658,0.5222064654032389,0.06316198656956355,0.039509087800979614,0.7815842827161154,0.4813484152158101,0.7269018689791361,7.656554196160742,-2.117672898477887,-5.321927689931771,0.0,0.0
ES2004a,208,0.7638522585233053,0.5031756063302358,0.6498227715492249,0.19435960551102957,0.11002048601706822,0.18856553733348846,0.40456293026606244,0.7742325266202291,8.30277392146439,24.689009665634078,-4.051120588803837,0.0,0.0
ES2004a,209,0.7383806308110555,0.5197599728902181,0.5175488789876302,0.21199141442775726,0.1413739137351513,0.3174796948830287,0.4588477114836375,0.310563991467158,7.9092411145566315,24.639101754082237,-6.146868244414617,0.0,0.0
ES2004a,210,0.621863842010498,0.41538360714912415,0.5180648366610209,0.12420088052749634,0.04445696249604225,0.33553575972716015,0.3877086142698924,0.5304339528083801,0.43672597435960103,28.187494221697563,-7.617999509268618,0.0,0.0
ES2004a,211,0.6041118701299032,0.40268780787785846,0.5566290020942688,0.11762486646572749,0.06016211211681366,0.3242320120334625,0.41112547119458515,0.2121424823999405,2.75735181446028,26.807123769628117,-7.196369960695127,0.0,0.0
ES2004a,212,0.5646172563234965,0.35757489999135333,0.5685950318972269,0.12187151610851288,0.10074038927753766,0.3008814553419749,0.47935356696446735,0.5025270581245422,7.1279116135263605,25.283888052101165,-9.499202598369399,0.0,0.0
ES2004a,213,0.5671144525210062,0.33600810170173645,0.5882220466931661,0.11833959817886353,0.06531523043910663,0.37143932779630023,0.5503366490205129,0.07219643766681354,10.39567883684863,23.146623995269966,-10.995095943459011,0.0,0.0
ES2004a,214,0.5659152666727701,0.3270818889141083,0.7293002804120382,0.10826525588830312,0.0585226242740949,0.2606470137834549,0.5650692383448283,0.17380854487419128,10.101745822305618,23.921946008066623,-11.516693427727205,0.0,0.0
ES2004a,215,0.5837892095247904,0.3077164689699809,0.6938240130742391,0.11268398662408192,0.05175517996152242,0.2759740749994914,0.5900139609972636,0.3912784432371457,9.254798035200487,23.45568206787885,-11.805981954525999,0.0,0.0
ES2004a,216,0.5702243049939474,0.37739959359169006,0.6766391396522522,0.17702581733465195,0.07658337553342183,0.29117699960867566,0.5070263346036276,0.40332928361992043,11.502097476684924,23.42824323895968,-11.553325097548148,0.0,0.0
ES2004a,217,0.562812348206838,0.287330021460851,0.22056655089060465,0.17329753935337067,0.164900874098142,0.4979089597860972,0.44506001472473145,0.4843823661406835,8.667786726735411,-11.125464155967927,4.890559266558654,0.0,0.0
ES2004a,218,0.6392475962638855,0.29942212005456287,0.23250864446163177,0.11159200345476468,0.04935178315887848,0.28083903590838116,0.5215263764063517,0.4073936541875203,-0.008588980070365496,13.86890002971422,1.4426980360496098,0.0,0.0
ES2004a,219,0.5079590976238251,0.3310379981994629,0.6855970422426859,0.26478952666123706,0.16032178699970245,0.40379665295283,0.40115336577097577,0.7250539064407349,19.688971802371942,25.48260003120038,0.9489402777332042,0.0,0.0
ES2004a,220,0.5597720940907797,0.3175782908995946,0.7047061324119568,0.2723865658044815,0.152544267475605,0.5209544003009796,0.4141981403032939,0.7352211177349091,21.23749476492417,23.078858070006195,1.4381656970271701,0.0,0.0
ES2004a,221,0.5717417101065317,0.2693454772233963,0.5346961617469788,0.18184848378101984,0.10164718205730121,0.2760685533285141,0.4369974136352539,0.6376085678736368,7.395448364079815,13.524439408085565,0.20640496166383984,0.0,0.0
ES2004a,222,0.5549516479174296,0.23788676659266153,0.4147156774997711,0.1114014262954394,0.03667812173565229,0.26737619439760846,0.4923137327035268,0.35531774659951526,1.6817943198640724,13.484617790528604,6.304964737656564,0.0,0.0
ES2004a,223,0.5164954761664072,0.19251387814680734,0.4796675791343053,0.10516830409566562,0.023911201395094395,0.37345942358175915,0.4420727292696635,0.8536698619524637,11.72489967249003,15.313413134528934,6.938796063587712,0.0,0.0
ES2004a,224,0.6565830310185751,0.22961301604906717,0.7498063047726949,0.1351704547802607,0.03332293778657913,0.49245498577753705,0.4387495716412862,0.6961726347605387,17.027100495255677,20.149313471147654,3.9104320424278924,0.0,0.0
ES2004a,225,0.6457682053248087,0.27437715729077655,0.6826162934303284,0.139761912326018,0.034610932072003685,0.5605928202470144,0.49040279785792035,0.3858446131149928,16.67188155224953,22.605607588895065,1.5687607734240239,0.0,0.0
ES2004a,226,0.62788854042689,0.24437754849592844,0.7462951938311259,0.13130700091520944,0.03961395472288132,0.2685110370318095,0.4273751775423686,0.45245009660720825,15.701075524782835,24.073535613853853,0.9077972587587709,0.0,0.0
ES2004a,227,0.6185226639111837,0.23167756696542105,0.7057593663533529,0.13328562676906586,0.04892308140794436,0.4775201976299286,0.4395747184753418,0.21150584518909454,15.132768866088247,25.409679405632392,0.8385271837191185,0.0,0.0
ES2004a,228,0.5438280502955118,0.33354756236076355,0.7165718674659729,0.2601326256990433,0.1471520240108172,0.49479087193806964,0.43211958805720013,0.7938975294431051,15.167194089189294,27.29951849165559,0.35523945985821,0.0,0.0
ES2004a,229,0.5804824829101562,0.29249794284502667,0.7313642303148905,0.186482106645902,0.0838157410422961,0.5520283579826355,0.44182244936625165,0.8587551911671957,16.075015540100626,27.115090983666125,0.43132940007643583,0.0,0.0
ES2004a,230,0.5899603366851807,0.4205130736033122,0.226706196864446,0.0797828733921051,0.03881769937773546,0.3422885835170746,0.34257856011390686,0.7154402136802673,0.23759734997981585,-3.3469033368057026,-1.2252829721690344,0.0,0.0
ES2004a,231,0.646683951218923,0.33878442645072937,0.1833804895480474,0.062203959872325264,0.017549927346408367,0.17177610596021017,0.5180304249127706,0.8328585426012675,-4.690317195738838,24.802067011465628,-4.380362010815923,0.0,0.0
ES2004a,232,0.5992771585782369,0.2981001486380895,0.2979215880235036,0.06580145408709843,0.02915981908639272,0.29453009366989136,0.5539433360099792,0.568485309680303,-3.535423421095226,26.711055112747236,-5.535994784643688,0.0,0.0
ES2004a,233,0.6064523458480835,0.27770396570364636,0.506737639506658,0.11004222681125005,0.06736809636155765,0.330941100915273,0.5081362028916677,0.6619270841280619,1.193344656598594,30.35784450752512,-8.154634855089041,0.0,0.0
ES2004a,234,0.6586024761199951,0.3209874282280604,0.4894398053487142,0.13735713064670563,0.05265898692111174,0.27871065338452655,0.5034063458442688,0.6795128683249155,4.011063552766626,24.207004325974747,-6.98351502580097,0.0,0.0
ES2004a,235,0.7185854117075602,0.2990536689758301,0.35547346870104474,0.06949296096960704,0.010686688125133514,0.44596067070961,0.48013292749722797,0.9712642629941305,1.0775876125532908,18.005913640610785,-4.770056126858813,0.0,0.0
ES2004a,236,0.753715435663859,0.3505651503801346,0.22793882340192795,0.07053592428565025,0.01784960801402728,0.35271798074245453,0.4483574430147807,0.9868411620457967,0.3915296021019923,8.981500710104255,-3.8201501772446806,0.0,0.0
ES2004a,237,0.6918114423751831,0.41643981138865155,0.358804111679395,0.06890487919251125,0.0365648145476977,0.4578869938850403,0.34544270237286884,0.7248077193895975,3.59791963333107,-2.297898055065025,-2.0238590307473703,0.0,0.0
ES2004a,238,0.5230135520299276,0.20241513848304749,0.2599284003178279,0.08454336474339168,0.045122782389322914,0.5863166352113088,0.34566839536031085,0.39730679367979366,5.591106516245767,-23.354278484228264,-1.77611233800486,0.0,0.0
ES2004a,239,0.47440220912297565,0.3741101920604706,0.4598289529482524,0.0978396733601888,0.04284208143750826,0.4044813613096873,0.4859482944011688,0.07640318137904008,62.22504230487914,-61.30300398057799,-62.527788597356015,0.0,0.0
ES2004a,240,0.5649154186248779,0.2941705534855525,0.5023722449938456,0.2682314266761144,0.2415924829741319,0.29735567172368366,0.48852893710136414,0.44220412025849026,9.036851107968356,21.623824560670883,1.4049923920985339,0.0,0.0
ES2004a,241,0.49822040398915607,0.26512544850508374,0.44018876552581787,0.16582834472258887,0.1110164945324262,0.16986698905626932,0.5000804960727692,0.15402556769549847,-13.03271830129414,21.258931481938387,-2.3234864813523894,0.0,0.0
ES2004a,242,0.501689742008845,0.366658017039299,0.46579721570014954,0.18393644442160925,0.04017230744163195,0.1744800532857577,0.49798346559206647,0.04001742341400435,-48.619849330523714,13.109956187387168,-5.341861029081539,0.0,0.0
ES2004a,243,0.48211710651715595,0.5316279828548431,0.33158349990844727,0.32303709785143536,0.1472722440958023,0.1258648360768954,0.48671209812164307,0.0025852094404399395,-72.34755453501437,11.386268377762791,-8.863809569571481,0.0,0.0
ES2004a,244,0.4889732400576274,0.5849302808443705,0.5207363764444987,0.2906126727660497,0.09740865727265675,0.18700996289650598,0.4952104489008586,0.011425177877147993,-73.69441193334211,8.7542668538766,-7.544246957661865,0.0,0.0
ES2004a,245,0.5304470360279083,0.6237729787826538,0.38316891590754193,0.27115531265735626,0.07809690634409587,0.24487224717934927,0.4753562609354655,0.009015773112575213,-68.70722192178413,8.316295566034883,-9.299593154781853,0.0,0.0
ES2004a,246,0.5040262738863627,0.4045958071947098,0.33836254477500916,0.17781758805116019,0.05500142307331165,0.2542032351096471,0.5034263829390208,0.12440154608339071,-47.34643083949553,10.770575530553678,-8.54852494865543,0.0,0.0
ES2004a,247,0.5340379178524017,0.17047800620396933,0.3558463354905446,0.10127380241950353,0.017850762233138084,0.3179892251888911,0.44864527384440106,0.29025582255174714,-1.5818669254112236,19.60129108313188,-6.014191290548702,0.0,0.0
ES2004a,248,0.6281877358754476,0.21417194604873657,0.6409138838450114,0.13723932454983392,0.027133396516243618,0.49113811055819195,0.41756560405095416,0.7333417336146036,11.929404467674374,22.645754481232704,-5.949051468371496,0.0,0.0
ES2004a,249,0.5838292837142944,0.37773746252059937,0.593224843343099,0.30825527012348175,0.23486458944777647,0.29304159184296924,0.39097411433855694,0.364520197113355,18.71155919315294,25.0579678128578,-0.5572184186123694,0.0,0.0
ES2004a,250,0.5213632682959238,0.31788186232248944,0.5944522023200989,0.340531587600708,0.37481988469759625,0.3204941600561142,0.39176393548647565,0.45958834886550903,27.47201946252321,25.699437287685218,5.971871819110532,0.0,0.0
ES2004a,251,0.521911213795344,0.35825055837631226,0.6250141064325968,0.35283759236335754,0.38183056314786273,0.286091148853302,0.4071691036224365,0.2879341406126817,27.0308271838523,26.880728760892595,7.322799748191772,0.0,0.0
ES2004a,252,0.572132408618927,0.3536076247692108,0.6591383616129557,0.3381480773289998,0.32782769203186035,0.2803605645895004,0.4721281627813975,0.21968730290730795,24.19196279785775,27.397519505941727,6.105287471365536,0.0,0.0
ES2004a,253,0.6168823639551798,0.38595380385716754,0.6854986945788065,0.3203234374523163,0.2767750918865204,0.38677013913790387,0.4915088315804799,0.6914722820123037,22.822170569669794,27.77836826702404,5.832211067428336,0.0,0.0
ES2004a,254,0.5871269901593527,0.27630752325057983,0.693119486172994,0.2878775397936503,0.2953789035479228,0.15435578425725302,0.46642114718755084,0.3575309117635091,22.210709101217816,27.87231180202295,5.143982510602213,0.0,0.0
ES2004a,255,0.5802746216456095,0.270964855949084,0.5977320472399393,0.3142080654700597,0.22757332026958466,0.3459298014640808,0.45179690917332965,0.28764949428538483,22.164288409565483,27.06889854025737,4.7018458440146516,0.0,0.0
ES2004a,256,0.5565226674079895,0.3853921989599864,0.6465998490651449,0.3865878184636434,0.3367118736108144,0.2944548924763997,0.44104979435602826,0.24506790935993195,22.5597500234859,27.073647416673555,4.642261755921897,0.0,0.0
ES2004a,257,0.5947837829589844,0.33021775384744007,0.6809142231941223,0.18058683971563974,0.1908013497789701,0.391166627407074,0.4801688989003499,0.29616119464238483,17.999104487776787,25.74793595888313,1.8499426324714514,0.0,0.0
ES2004a,258,0.5789682865142822,0.1891664663950602,0.728290855884552,0.15017818411191305,0.046987553437550865,0.4198643813530604,0.42327438791592914,0.3274306332071622,14.340894622069817,23.999425466547354,-1.9193959349070557,0.0,0.0
ES2004a,259,0.39911262194315594,0.1333204706509908,0.5413159132003784,0.0868640939394633,0.032658834010362625,0.1948866347471873,0.2919025421142578,0.3923677404721578,7.8089521307460545,15.768196368639176,-2.3096205065714406,0.0,0.0
ES2004a,260,0.4595264494419098,0.14079993466536203,0.450188269217809,0.22806000212828317,0.1596716158092022,0.2168692946434021,0.4604661862055461,0.2750762303670247,4.8895828157349515,25.17235962918385,4.735263458939525,0.0,0.0
ES2004a,261,0.44857173164685565,0.20805911968151727,0.3813064694404602,0.16325552761554718,0.09392017374436061,0.2839522957801819,0.48225875695546466,0.3746846566597621,5.5489986957896065,24.62632490184795,4.272985194347194,0.0,0.0
ES2004a,262,0.4291805823644002,0.12642124791940054,0.25487219045559567,0.07106820990641911,0.013267803937196732,0.12891296297311783,0.4808560311794281,0.3404430150985718,0.043904643653934816,24.198004688179797,1.84214519516075,0.0,0.0
ES2004a,263,0.5599264899889628,0.1597746660312017,0.41780181725819904,0.09706876178582509,0.018709023172656696,0.27160996198654175,0.4616726140181224,0.2271155764659246,6.8618098459152845,20.519521362546303,0.23229714749423627,0.0,0.0
ES2004a,264,0.5474866827329,0.1716324637333552,0.4530619978904724,0.10723311950763066,0.019748267407218616,0.34244149923324585,0.44523705045382184,0.7201915780703226,10.51863945701062,19.059169817578717,-1.2411117005290708,0.0,0.0
ES2004a,265,0.590904712677002,0.14741805692513785,0.44343919555346173,0.11974327266216278,0.02005387345949809,0.5704731643199921,0.4537357985973358,0.5638800462086996,8.633529513148952,21.151934839262292,-3.5211745426369525,0.0,0.0
ES2004a,266,0.5768634478251139,0.13093294699986777,0.4798128505547841,0.10820026695728302,0.017986366835733254,0.3519015312194824,0.4270432690779368,0.6671101848284403,8.413640409858724,21.64096828134987,-3.256351643805273,0.0,0.0
ES2004a,267,0.6130004127820333,0.14389556646347046,0.5928400556246439,0.12062957137823105,0.01917406419912974,0.4703308939933777,0.46237118045488995,0.7223492761452993,9.925109429183356,21.656728042756342,-3.0811482306897986,0.0,0.0
ES2004a,268,0.6229337851206461,0.1574583649635315,0.5184981723626455,0.11214335262775421,0.016958861611783504,0.48130812247594196,0.4746167262395223,0.3922263061006864,9.469027863593414,22.28821251256653,-3.5295809128447577,0.0,0.0
ES2004a,269,0.5912679632504781,0.15962302188078561,0.5202434758345286,0.10461291174093883,0.01942699495702982,0.4832621018091838,0.4586876134077708,0.5467938979466757,10.79671804069603,22.040348021573035,-3.9300966434992604,0.0,0.0
ES2004a,270,0.6066939036051432,0.16697244346141815,0.6675875385602316,0.14892107745011648,0.03324344692130884,0.4962880810101827,0.41856271028518677,0.4152595301469167,15.171947169159154,22.837204440428554,-1.9388742629679367,0.0,0.0
ES2004a,271,0.5495891471703848,0.18568106989065805,0.5744931697845459,0.13818329324324927,0.030641114339232445,0.3330179552237193,0.46544260780016583,0.37346535579611856,13.4282959160267,22.143914577791637,1.1251009690122673,0.0,0.0
ES2004a,272,0.5241587261358897,0.2064702957868576,0.6614785194396973,0.12082356214523315,0.022102637216448784,0.382516806324323,0.46386922399202984,0.18541144455472627,12.485248328380047,21.87512931136259,2.5588210366535895,0.0,0.0
ES2004a,273,0.6538029114405314,0.25336605807145435,0.6831772724787394,0.13855873296658197,0.035026966904600464,0.4960276087125142,0.4647986094156901,0.5091441770394644,8.685305790108483,21.21955436096451,-3.33509301823385,0.0,0.0
ES2004a,274,0.6021374464035034,0.2611617197593053,0.3232973913351695,0.06662990401188533,0.039756929812332,0.43023311098416644,0.3716421127319336,0.6419337044159571,5.426581210517767,-4.3928292893788505,-8.308165723498963,0.0,0.0
ES2004a,275,0.7143434683481852,0.3485158483187358,0.29399565358956653,0.07016658037900925,0.018556378471354645,0.35278069972991943,0.5109780331452688,0.4136880685885747,1.610128531271034,9.07748406621584,-2.7503603661243976,0.0,0.0
ES2004a,276,0.5805402000745138,0.45250438650449115,0.1965068926413854,0.06098311891158422,0.02662554197013378,0.4140552580356598,0.4738862415154775,0.958766520023346,0.780042740263104,-0.0035358711336310003,18.468133950253286,0.0,0.0
ES2004a,277,0.5564529597759247,0.28695433338483173,0.27403080463409424,0.10319027801354726,0.046882024655739464,0.3401818772157033,0.4488428632418315,0.8573837081591288,-5.350454667032017,13.626208652141052,21.0834214162039,0.0,0.0
ES2004a,278,0.4644059141476949,0.23479927082856497,0.22700188060601553,0.10392685731252034,0.06390974608560403,0.36443058649698895,0.47250960270563763,0.4672482833266258,-15.329815334782639,31.237857660502517,13.203301453561913,0.0,0.0
ES2004a,279,0.47485796610514325,0.22523372868696848,0.24797098835309347,0.08785362044970195,0.06153192867835363,0.47097047170003253,0.47155023614565533,0.5513492872317632,-18.818995681063647,33.94992597751457,8.54958978315583,0.0,0.0
ES2004a,280,0.4998810787995656,0.22502756615479788,0.27745965619881946,0.07898164540529251,0.02560485154390335,0.5479930837949117,0.45664780338605243,0.42135747397939366,-17.90079631247269,28.70702249859897,5.565762624087687,0.0,0.0
ES2004a,281,0.46509361267089844,0.2537354379892349,0.21884185572465262,0.06049920991063118,0.024155865733822186,0.4323056439558665,0.47509520252545673,0.3926189076155424,-17.236092604417546,29.65445777158926,6.411306932890298,0.0,0.0
ES2004a,282,0.44232580065727234,0.17013753950595856,0.3270473877588908,0.08921603361765544,0.03517978390057882,0.44491638739903766,0.49927757183710736,0.6635369956493378,-13.569411753396224,30.421310940481828,9.025750170102151,0.0,0.0
ES2004a,283,0.46167701482772827,0.20648283263047537,0.18054195741812387,0.07085443784793218,0.030032949522137642,0.34973904490470886,0.45957672595977783,0.40850305060545605,-13.143168867342977,30.37811752991455,8.82113017038445,0.0,0.0
ES2004a,284,0.4482489327589671,0.18433892726898193,0.3997679054737091,0.06309974441925685,0.03606105657915274,0.393996000289917,0.43607773383458454,0.3881739228963852,-12.218162235704918,31.432692923857847,9.575567688751923,0.0,0.0
ES2004a,285,0.4031084378560384,0.202373206615448,0.27887122333049774,0.09708509097496669,0.044512723882993065,0.42302362124125165,0.47723038991292316,0.2423885241150856,-14.243776236016933,32.54268866600567,9.984813023903996,0.0,0.0
ES2004a,286,0.41069013873736065,0.18600380917390189,0.24490214884281158,0.07868330180644989,0.036673073967297874,0.31727781891822815,0.4562058250109355,0.2766316930452983,-13.664164239912239,31.89278798569562,10.769894120873994,0.0,0.0
ES2004a,287,0.4330899218718211,0.18853996197382608,0.3758905331293742,0.07558393478393555,0.02822621042529742,0.37511329849561054,0.435186505317688,0.34171923498312634,-14.089599729399467,32.11617311827427,10.242197178338023,0.0,0.0
ES2004a,288,0.46177753806114197,0.20919052263100943,0.3397431969642639,0.08488695820172627,0.034182908634344734,0.31485753258069354,0.4132852951685588,0.6076300938924154,-10.45764864136437,18.21533871573777,7.147269959969534,0.0,0.0
ES2004a,289,0.5295742650826772,0.20849250257015228,0.3400824765364329,0.07834348579247792,0.025524862731496494,0.2611924211184184,0.38322383165359497,0.6998587350050608,-5.794049022982574,0.9590529434852364,-1.1823064196745596,0.0,0.0
ES2004a,290,0.5529969930648804,0.2371853937705358,0.39403768877188367,0.0674124186237653,0.038210637867450714,0.23216098050276437,0.39859769741694134,0.3758457874258359,-8.853601167936988,-9.930200463617327,-1.7336557693994636,0.0,0.0
ES2004a,291,0.5790723363558451,0.2820569972197215,0.5779588719209036,0.11317627131938934,0.022985365862647694,0.3442983975013097,0.4054182569185893,0.35769659529129666,7.257368996385398,16.325154517069986,-7.424887032999813,0.0,0.0
ES2004a,292,0.6404675841331482,0.14758883913358053,0.7126266956329346,0.13589701056480408,0.028165426726142567,0.41047899921735126,0.44396156072616577,0.4591261148452759,9.883693783509463,23.035404578816507,-5.220114815272221,0.0,0.0
ES2004a,293,0.5936128695805868,0.16759947935740152,0.6781503558158875,0.14232519020636877,0.04075619330008825,0.3828544318675995,0.47286399205525714,0.5735611518224081,9.571840286865308,23.30645027662963,-5.517421416708385,0.0,0.0
ES2004a,294,0.6018567283948263,0.18377056221167246,0.7492067019144694,0.1520258734623591,0.03843837355573972,0.5301705300807953,0.5031359791755676,0.7135502696037292,9.449154178667754,24.34568319109768,-4.808624105060923,0.0,0.0
ES2004a,295,0.6162977615992228,0.21100678046544394,0.7487054268519083,0.14324056108792624,0.03017277953525384,0.41651103893915814,0.5192923347155253,0.11628205577532451,9.333579549386043,24.32463648582697,-4.158482188728436,0.0,0.0
ES2004a,296,0.60927947362264,0.18959234158198038,0.775688111782074,0.15262182553609213,0.04964519664645195,0.4950118164221446,0.49755067626635235,0.1719654897848765,8.948624592639396,24.097110373589146,-4.036133849915629,0.0,0.0
ES2004a,297,0.6305808027585348,0.19142687817414603,0.7845121026039124,0.157741516828537,0.043155547231435776,0.49769385655721027,0.448288897673289,0.5552076995372772,8.954720690805352,24.29654102489066,-4.062413588931267,0.0,0.0
ES2004a,298,0.6018518408139547,0.22781768441200256,0.7354905207951864,0.1493410716454188,0.046444837003946304,0.4507666031519572,0.4939632713794708,0.3131882945696513,9.765951424891453,24.942612641561638,-4.446757905544124,0.0,0.0
ES2004a,299,0.5823684136072794,0.18173820277055105,0.8163537184397379,0.18067465225855509,0.054641770819822945,0.5990902980168661,0.5005010565121969,0.21968397746483484,11.498184373967428,24.79424983446283,-4.778694310251755,0.0,0.0
ES2004a,300,0.5773093501726786,0.30426891644795734,0.3780501186847687,0.1182657852768898,0.03568990156054497,0.3648012975851695,0.30808667341868085,0.06144967799385389,-13.022549178256456,-20.967523114828268,-6.669338932374348,0.0,0.0
ES2004a,301,0.5612457394599915,0.28994173804918927,0.3029935161272685,0.11526889353990555,0.04315213362375895,0.5181346535682678,0.3351552089055379,0.16767769555250803,-11.999543152677083,-20.81137085428931,-6.5595842060111,0.0,0.0
ES2004a,302,0.5122584998607635,0.5553504725297292,0.33705443143844604,0.19718481600284576,0.0588021365304788,0.15938233335812887,0.4303278625011444,0.023286262527108192,-59.71088104578185,15.85695154053893,-11.743433859002677,0.0,0.0
ES2004a,303,0.5276376008987427,0.49616894125938416,0.3414623737335205,0.1605076938867569,0.07222230856617291,0.12912618244687715,0.4487958252429962,0.06474584713578224,-58.692728568891994,14.47931943687395,-13.322456238569714,0.0,0.0
ES2004a,304,0.5080925325552622,0.5396688977877299,0.3151528437932332,0.17235278089841208,0.07499173656105995,0.18551217516263327,0.4524898827075958,0.12684993694225946,-58.68733864424022,14.997388743207084,-13.910738904486072,0.0,0.0
ES2004a,305,0.5591658552487692,0.4623221457004547,0.2652381906906764,0.16346523414055505,0.0645572127153476,0.15491380045811334,0.4320239722728729,0.06632769480347633,-59.855312758380734,14.672073907097081,-14.32992569258497,0.0,0.0
ES2004a,306,0.5000158449014028,0.46121976772944134,0.2989842842022578,0.22731880098581314,0.07023601854840915,0.28457072625557583,0.4624558885892232,0.11630181595683098,-55.92661674661584,14.730463015839932,-13.708910872120919,0.0,0.0
ES2004a,307,0.5308369000752767,0.2968418647845586,0.390720933675766,0.11025574430823326,0.03225862452139457,0.31814728180567425,0.4383334318796794,0.2663844049287339,-25.26828507790532,18.788575204618326,-7.922279365901562,0.0,0.0
ES2004a,308,0.5619881947835287,0.1686526040236155,0.7511566380659739,0.10391500840584438,0.032031512508789696,0.3423323929309845,0.4501502414544423,0.557856281598409,7.010027756206548,24.400884144175922,-0.507762027555831,0.0,0.0
ES2004a,309,0.5881471633911133,0.2142951339483261,0.7846170862515768,0.12866525600353876,0.031815407797694206,0.4507760902245839,0.42434875170389813,0.2575659503539403,14.431512640999479,25.73734433160901,1.9251288815297125,0.0,0.0
ES2004a,310,0.5796066125233968,0.2489749938249588,0.8212508757909139,0.15254438916842142,0.06511684134602547,0.4288602073987325,0.468408207098643,0.6805478930473328,15.12327250400214,25.732137546074657,1.3861864422993604,0.0,0.0
ES2004a,311,0.6252973079681396,0.2607531001170476,0.8104945421218872,0.1405681644876798,0.039926547557115555,0.36746745308240253,0.4311930437882741,0.47178275386492413,12.53820914247003,25.53892101173622,-1.2518393791559224,0.0,0.0
ES2004a,312,0.6239279508590698,0.22544058660666147,0.8103310267130533,0.11366729686657588,0.024105967332919438,0.39858415722846985,0.4417606790860494,0.46780206511418027,11.05878958226384,25.34763104189278,-2.456707686315805,0.0,0.0
ES2004a,313,0.6633253494898478,0.2376931756734848,0.7481178840001425,0.12277993559837341,0.028830209126075108,0.36078909039497375,0.41351566712061566,0.4650353870044152,10.251025123726789,25.14741080852146,-3.0633472801708765,0.0,0.0
ES2004a,314,0.591375470161438,0.16370481749375662,0.7501829266548157,0.11424402395884196,0.02916621044278145,0.4447850286960602,0.4557867745558421,0.27307826777299243,10.5137939424043,24.833804526955614,-3.914956465071977,0.0,0.0
ES2004a,315,0.5276232163111368,0.32817932963371277,0.4285525331894557,0.060954337318738304,0.01724368737389644,0.280370091398557,0.44330914815266925,0.5470180213451385,-13.125025776379166,17.697926793939754,-5.712752940642261,0.0,0.0
ES2004a,316,0.6059393882751465,0.3311714182297389,0.37354880571365356,0.0617434394856294,0.02096213400363922,0.1877074639002482,0.5359124342600504,0.06165413620571295,-17.12843236002896,42.8565854625024,-7.0610981033279705,0.0,0.0
ES2004a,317,0.553164521853129,0.26223649084568024,0.46789758404095966,0.06561468417445819,0.025486601516604424,0.25730518996715546,0.5714297691980997,0.14776264131069183,-13.7441463680769,36.58543540262465,-6.5997221842916725,0.0,0.0
ES2004a,318,0.5243604779243469,0.280002494653066,0.28915130098660785,0.06752038498719533,0.01858324557542801,0.08784899488091469,0.566741406917572,0.2622891242305438,-11.336880989114434,31.135367072151283,-4.628086517102968,0.0,0.0
ES2004a,319,0.5453889966011047,0.23809435963630676,0.39065830906232196,0.06564150253931682,0.020759326095382374,0.13820790002743402,0.5358826319376627,0.4426182707150777,-11.077468914192416,31.06717370809157,-5.25232592431406,0.0,0.0
ES2004a,320,0.5662590463956197,0.2995474487543106,0.3835532069206238,0.07732261717319489,0.021527862797180813,0.23426741982499757,0.5621922810872396,0.6667135655879974,-11.04491655419608,30.996937868526288,-5.732106109219287,0.0,0.0
ES2004a,321,0.5728261470794678,0.2488915224870046,0.48474112153053284,0.06637445092201233,0.01605962806691726,0.21945940951506296,0.5655713280042013,0.8333924611409506,-8.22291452890012,20.955210133285824,-6.760837078813317,0.0,0.0
ES2004a,322,0.6131126085917155,0.3126717507839203,0.40627682705720264,0.06367149700721104,0.01822216498355071,0.18756154676278433,0.5306212306022644,0.9473389784495035,-2.799775544415384,10.740043624516284,-7.905332655868368,0.0,0.0
ES2004a,323,0.6348610321680704,0.2273244857788086,0.30431542297204334,0.0681056131919225,0.01322078270216783,0.47656816244125366,0.4767639935016632,0.968833327293396,9.078709132534302,17.208879668582924,11.530847059609036,0.0,0.0
ES2004a,324,0.6515234112739563,0.34420791765054065,0.4387170970439911,0.0653890644510587,0.016052952346702416,0.39923348526159924,0.41578452785809833,0.7497624556223551,13.214874724876955,15.487043667051609,15.6840554080026,0.0,0.0
ES2004a,325,0.5985597173372904,0.40005677938461304,0.3756266136964162,0.06984688589970271,0.017841911253829796,0.28742079933484393,0.4128866195678711,0.46293310324350995,9.67777945373541,18.11841357634698,15.224875121354529,0.0,0.0
ES2004a,326,0.5093754231929779,0.19576996068159738,0.25705093145370483,0.07517990966637929,0.012509385123848915,0.2861417233943939,0.5463934342066447,0.5524483621120453,3.5435102197379234,20.975431724262695,12.999685335627653,0.0,0.0
ES2004a,327,0.505420039097468,0.22775202989578247,0.42032530903816223,0.06546708196401596,0.01500229692707459,0.2253231704235077,0.5187275409698486,0.20770525187253952,-1.2305305970384213,21.935956839769684,13.179732557948164,0.0,0.0
ES2004a,328,0.5036807159582773,0.21945940951506296,0.26387488345305127,0.07458626727263133,0.009972024088104567,0.2618514994780223,0.49033863345781964,0.6005875368913015,1.8771343243658825,20.827616058236686,12.417603605703162,0.0,0.0
ES2004a,329,0.5903561512629191,0.2128062297900518,0.30244293560584384,0.07375092804431915,0.012640822678804398,0.2893349876006444,0.5140497088432312,0.5930145879586538,6.480084852406287,19.259253408894626,15.565926199215511,0.0,0.0
ES2004a,330,0.5936002234617869,0.3530030647913615,0.43157915274302167,0.07401639471451442,0.015623092030485472,0.2948015679915746,0.4502784808476766,0.04931666019062201,8.254786097006933,18.361808648039034,16.210788172577537,0.0,0.0
ES2004a,331,0.47020185987154645,0.2049636940161387,0.4233740170796712,0.06952690829833348,0.014630648928383986,0.4179028868675232,0.5288629531860352,0.06177442272504171,0.07114869917256299,19.54080163873358,14.47639507764039,0.0,0.0
ES2004a,332,0.5468468964099884,0.42610734701156616,0.5213011105855306,0.2594704640408357,0.19709646329283714,0.4496341546376546,0.4285397529602051,0.8321127891540527,9.87735422587882,21.049956020340776,-9.094790188363623,0.0,0.0
ES2004a,333,0.5244901776313782,0.4116186002890269,0.6499810417493185,0.35506829619407654,0.30857522288958233,0.5606562594572703,0.5360316038131714,0.9018392960230509,13.95885411728409,30.946934409855842,-7.014194079085246,0.0,0.0
ES2004a,334,0.5011814534664154,0.2262209951877594,0.6546533505121866,0.34256527821222943,0.15768265848358473,0.5885048806667328,0.4511455198129018,0.8905511895815531,14.328318401073313,23.47927663701528,-7.7161262262765,0.0,0.0
ES2004a,335,0.5112890799840292,0.16724597414334616,0.6613065997759501,0.251564085483551,0.07241830974817276,0.4096112052599589,0.4130306343237559,0.9239704807599386,12.184349557686451,19.63492601721614,-8.54129489495319,0.0,0.0
ES2004a,336,0.5083193977673849,0.1467612385749817,0.6456171671549479,0.2566083123286565,0.16428102428714433,0.547471672296524,0.40174874663352966,0.9169780015945435,7.512908632886073,21.555045578066256,-10.628038419519195,0.0,0.0
ES2004a,337,0.5200265347957611,0.40981000661849976,0.5487454136212667,0.6527070899804434,0.6416516204675039,0.4169115126132965,0.3205227504173915,0.9699531396230062,-14.803624221208617,11.552842900508287,-16.138720014988508,0.0,0.0
ES2004a,338,0.4864581326643626,0.3242894113063812,0.49881184101104736,0.586392804980278,0.5439436535040537,0.2632826765378316,0.2743053485949834,0.9946802655855814,-8.980947328348536,7.12319340974403,-12.412109017642896,0.0,0.0
ES2004a,339,0.6139902671178182,0.2849050958951314,0.2882600575685501,0.08276997009913127,0.02179606941839059,0.3710948129494985,0.4388497273127238,0.163224587837855,-3.959538921645322,13.424867933384315,1.3989176968164994,0.0,0.0
ES2004a,340,0.5385258396466573,0.36823968092600506,0.24929126352071762,0.05662620564301809,0.021276425570249557,0.12724159161249796,0.5334858596324921,0.3134862581888835,-9.212548649844223,32.618926845673606,0.8105034664866612,0.0,0.0
ES2004a,341,0.8450684150060018,0.5740850965181986,0.43777550260225934,0.37498534222443897,0.31783294181029004,0.4864343504110972,0.3671259780724843,0.9855296413103739,10.07222953108636,5.527363256563286,2.302950817218376,0.0,0.0
ES2004a,342,0.6823793053627014,0.35760287443796795,0.3741753896077474,0.11606231331825256,0.1189334789911906,0.275502214829127,0.4401523272196452,0.8135310411453247,-1.544902830653496,-9.179859068960765,-9.139674316884454,0.0,0.0
ES2004a,343,0.6242015957832336,0.34199318289756775,0.42573172847429913,0.06451742351055145,0.033067372937997185,0.2036694809794426,0.5217770338058472,0.5102088339626789,-8.91584761709239,20.300086591522987,-9.107145608708459,0.0,0.0
ES2004a,344,0.5714693466822306,0.28577155371507007,0.42700085043907166,0.06339423482616742,0.03550452987353007,0.1364365518093109,0.5951457420984904,0.5725352242588997,-10.090070369557765,35.10718899230364,-2.361741173891227,0.0,0.0
ES2004a,345,0.6243768334388733,0.33026489118735,0.3826628824075063,0.07473942761619885,0.03471569903194904,0.2507832199335098,0.5177648067474365,0.3616153945525487,-8.635640065036796,33.2524004875567,0.38985173879916674,0.0,0.0
ES2004a,346,0.5580153465270996,0.269121582309405,0.3315262198448181,0.06011902789274851,0.024997467796007793,0.15730184192458788,0.6085803906122843,0.24545161301891008,-10.196246108220455,35.010168316393866,-0.023944172130698438,0.0,0.0
ES2004a,347,0.5529009501139323,0.30464106798171997,0.2535754417379697,0.0670555904507637,0.023463336129983265,0.2988603313763936,0.5694619417190552,0.5865926245848337,-10.403991043739774,31.94648478003351,-1.1010289388703385,0.0,0.0
ES2004a,348,0.6294973095258077,0.26406389474868774,0.5588743090629578,0.10295227418343227,0.02238808572292328,0.35697855552037555,0.435852587223053,0.6035058597723643,10.229696922160244,16.317261550433386,2.7654645923932164,0.0,0.0
ES2004a,349,0.6615603566169739,0.2948221613963445,0.5106240014235178,0.08652851730585098,0.02116682194173336,0.3526911834875743,0.45064157247543335,0.3458254337310791,9.231623797730673,14.758346316195194,4.004185922420464,0.0,0.0
ES2004a,350,0.7133498787879944,0.3429460922876994,0.5546441674232483,0.07540472100178401,0.017747668859859306,0.3099204897880554,0.4588100810845693,0.215797225634257,7.343231787824223,12.747353923412014,5.052319365232806,0.0,0.0
ES2004a,351,0.7345817883809408,0.4518184959888458,0.27190279463926953,0.09988970557848613,0.033021473636229835,0.2908504952987035,0.4839801987012227,0.15145463092873493,7.538766040410554,13.173385366195648,5.705703169348195,0.0,0.0
ES2004a,352,0.6954977512359619,0.3333532412846883,0.30992911259333294,0.07888844609260559,0.022776770715912182,0.34733156363169354,0.4999077518781026,0.14681075513362885,5.295627898530728,13.280223942612869,5.779189096916062,0.0,0.0
ES2004a,353,0.7255392074584961,0.46450988451639813,0.2802213778098424,0.08133162309726079,0.023938043663899105,0.23773101965586343,0.4869611958662669,0.10544189065694809,2.908300560600471,12.308599341651492,5.677969721726666,0.0,0.0
ES2004a,354,0.725154181321462,0.44776679078737897,0.26883474985758465,0.07924542079369228,0.025485852112372715,0.3402445912361145,0.49960290392239887,0.0828686710447073,3.589301150608852,11.205086896309332,6.12186291383503,0.0,0.0
ES2004a,355,0.7736204465230306,0.5069239139556885,0.26609766483306885,0.06981754302978516,0.021249526490767796,0.27571581800778705,0.5047388672828674,0.14580352852741876,4.787102324760699,13.366374120958708,6.36787629627739,0.0,0.0
ES2004a,356,0.7632759014765421,0.5024520754814148,0.327045738697052,0.07164826492468516,0.02538631297647953,0.3456858495871226,0.4977944890658061,0.07583893463015556,4.049851530364773,12.300677145407967,6.057404476317966,0.0,0.0
ES2004a,357,0.5062943200270335,0.32104822993278503,0.45203805963198346,0.1380551060040792,0.02402691977719466,0.6291713118553162,0.4743723471959432,0.15193490497767925,5.1618117448155045,15.75762853465696,-14.910244741852251,0.0,0.0
ES2004a,358,0.518598477045695,0.2850498656431834,0.4052593211332957,0.1397397369146347,0.02032942573229472,0.6106395721435547,0.4299163023630778,0.19681268619994322,5.564120307503373,14.596996573529893,-14.78398007527799,0.0,0.0
ES2004a,359,0.5220704972743988,0.20730491975943247,0.3897545635700226,0.1292616973320643,0.019572044722735882,0.4510776102542877,0.4606280227502187,0.42419729630152386,4.612195448571119,14.891071386844212,-15.478585749972288,0.0,0.0
ES2004a,360,0.5267971952756246,0.166820819179217,0.48947598536809284,0.1283831000328064,0.01611921035995086,0.43361665805180866,0.45379451910654706,0.22275259345769882,3.1265379928783985,14.989088093887242,-16.001523333413473,0.0,0.0
ES2004a,361,0.5777672330538431,0.13814334074656168,0.41259990135828656,0.11728592216968536,0.01773696206510067,0.45228832960128784,0.461951603492101,0.5756167968114217,3.219266827026363,15.250163094771613,-15.554985736948113,0.0,0.0
ES2004a,362,0.5117437938849131,0.20258140563964844,0.3969159523646037,0.11457951615254085,0.01861355019112428,0.5110647777716318,0.4561327000459035,0.4454122682412465,5.562497245451975,15.559846271435205,-14.60096056809386,0.0,0.0
ES2004a,363,0.592340370019277,0.236982191602389,0.5247295598189036,0.12999600172042847,0.021690421427289646,0.4267883598804474,0.43021972974141437,0.6201450030008951,5.397135129347788,14.391104582929282,-14.116595532292076,0.0,0.0
ES2004a,364,0.5353010296821594,0.27152203023433685,0.3944632311662038,0.13003288706143698,0.022373828416069347,0.5641653140385946,0.41712618867556256,0.6813911497592926,5.339780214973847,14.042199141654136,-13.91411059531312,0.0,0.0
ES2004a,365,0.5622587402661642,0.2375728338956833,0.3480283220609029,0.11386749148368835,0.020736262823144596,0.5808072487513224,0.43354862928390503,0.7015678286552429,5.496578881824135,13.9101139177779,-13.825989115938157,0.0,0.0
ES2004a,366,0.5377595027287801,0.2506654312213262,0.26483860115210217,0.11628278096516927,0.016496486961841583,0.4498980740706126,0.4127213954925537,0.5464409490426382,5.647939295100663,13.131681331233464,-13.309497344702535,0.0,0.0
ES2004a,367,0.599331279595693,0.24143477777640024,0.3934629261493683,0.11719988783200581,0.015480179960529009,0.4302506645520528,0.4303799470265706,0.2820375859737396,5.136842083062224,13.43816895037106,-13.676969323369685,0.0,0.0
ES2004a,368,0.5362131893634796,0.23153306047121683,0.29415054122606915,0.1127063383658727,0.01637659811725219,0.4899245301882426,0.4285244842370351,0.5989817678928375,5.144853462339763,12.144569134548808,-13.188246460825866,0.0,0.0
ES2004a,369,0.5503172278404236,0.20341900487740835,0.348499874273936,0.1168545534213384,0.01621442846953869,0.2966389258702596,0.4450378119945526,0.5081952114899954,4.750855160099386,12.565922276156305,-13.779208459580369,0.0,0.0
ES2004a,370,0.556586484114329,0.21011794606844583,0.43794045845667523,0.12764306118090948,0.02216811167697112,0.5230805079142252,0.46645407875378925,0.26096954693396884,4.842075930110091,12.413435269893276,-13.292859406478692,0.0,0.0
ES2004a,371,0.7534170548121134,0.38574957847595215,0.22926206390062967,0.21914653728405634,0.12127987357477348,0.35688836375872296,0.3849341372648875,0.8667663931846619,7.228888893352109,10.91494863901559,6.288245902070645,0.0,0.0
ES2004a,372,0.7253118356068929,0.5372842450936636,0.19400150080521902,0.06657742460568745,0.02235817288359006,0.28762191037336987,0.4646880030632019,0.12437997882564862,6.759330064806105,11.73327367750772,5.795913076542296,0.0,0.0
ES2004a,373,0.6649647156397501,0.44408996899922687,0.12056830525398254,0.06734492629766464,0.016000909109910328,0.22772819797197977,0.4379444519678752,0.27594442417224246,5.850969783626166,10.761946734655341,5.475229217738672,0.0,0.0
ES2004a,374,0.7025600075721741,0.4783122440179189,0.3152461399634679,0.09285846849282582,0.027138540521264076,0.30695610245068866,0.43155284722646076,0.36394389004757005,4.943806148687852,10.908478223918555,4.352580622586071,0.0,0.0
ES2004a,375,0.5984495282173157,0.4565265476703644,0.3355379601319631,0.2957897037267685,0.25639810723563033,0.21946212152640024,0.4977853000164032,0.4403725142280261,16.857426666579688,18.23009376388498,-3.6794153105797065,0.0,0.0
ES2004a,376,0.6196752786636353,0.4617779453595479,0.5830982724825541,0.2429950882991155,0.2154663105805715,0.3495357135931651,0.5238669514656067,0.6191644469896952,16.453117678694614,23.48651752800713,-5.960364093263707,0.0,0.0
ES2004a,377,0.6482121547063192,0.43558095892270404,0.4929913977781932,0.22638340791066489,0.09452889859676361,0.1801957165201505,0.4327830374240875,0.44269761939843494,18.19283166972581,18.460605189280752,-4.744104588093278,0.0,0.0
ES2004a,378,0.5701901316642761,0.3536447087923686,0.3124537467956543,0.06291007995605469,0.029951056465506554,0.29431628435850143,0.46205754081408185,0.3522048232456048,-5.851011440594118,5.349731928864247,5.9805788415446095,0.0,0.0
ES2004a,379,0.5106469690799713,0.278519739707311,0.39401698609193164,0.05414933959643046,0.020272172366579373,0.3026638329029083,0.4698875844478607,0.1292953367034594,-10.264704603137112,32.149318401694536,2.543878805543582,0.0,0.0
ES2004a,380,0.5230139493942261,0.24139430125554404,0.42435306310653687,0.06057921548684438,0.02078051430483659,0.1922225480278333,0.5547125538190206,0.06306431752940019,-12.184483461542149,36.02570575744216,1.0454428466441688,0.0,0.0
ES2004a,381,0.518808901309967,0.29557891686757404,0.3262762824694316,0.05859889959295591,0.025014666840434074,0.1652975231409073,0.5554081598917643,0.11591235408559442,-11.951059211198507,36.464925101261805,0.6868426458361738,0.0,0.0
ES2004a,382,0.5204536616802216,0.2581953356663386,0.2848154703776042,0.06147207443912824,0.03185890304545561,0.11954044302304585,0.5109814703464508,0.051310268541177116,-10.802459865105375,33.112310460785665,1.1287655850588174,0.0,0.0
ES2004a,383,0.549244741598765,0.26021458705266315,0.4539453685283661,0.07459856197237968,0.030534502118825912,0.18632562458515167,0.44357869029045105,0.5145188545187315,-4.551946748207124,4.517690403496023,1.4839930729335205,0.0,0.0
ES2004a,384,0.5275172789891561,0.3197456995646159,0.36494284868240356,0.0621492899954319,0.044354233890771866,0.41689159472783405,0.3974689245223999,0.3862601617972056,-3.21769388828222,-14.771954402351193,2.8896344523313537,0.0,0.0
ES2004a,385,0.44089693824450177,0.17549383143583933,0.5974312225977579,0.08549632877111435,0.024685141320029896,0.3637154897054036,0.4046247998873393,0.37369890324771404,-4.614184685497816,-6.988005534623281,-16.459007584875746,0.0,0.0
ES2004a,386,0.5724630554517111,0.24765327076117197,0.720445990562439,0.10631912698348363,0.05284139017264048,0.3423662682374318,0.43294649322827655,0.39497088889280957,10.043488779017109,11.096651141129518,-7.330716891920237,0.0,0.0
ES2004a,387,0.5679034988085429,0.20477320750554404,0.7518054246902466,0.1494530439376831,0.08895057315627734,0.3948644797007243,0.4775268534819285,0.7481115857760111,17.860688583323764,20.6278214328167,-3.049792186469509,0.0,0.0
ES2004a,388,0.6071925759315491,0.21891984343528748,0.7029588023821512,0.13469494630893072,0.0672716535627842,0.3298958291610082,0.457935889561971,0.5795361896355947,17.495475025236225,20.090284135806854,-4.064902877143079,0.0,0.0
ES2004a,389,0.5873365799585978,0.20990524192651114,0.6449135144551595,0.14492948104937872,0.058643169701099396,0.4475453694661458,0.4476519028345744,0.5697566866874695,16.436563638636727,18.83686495123114,-4.401846338677328,0.0,0.0
ES2004a,390,0.5654577215512594,0.19897766908009848,0.792112410068512,0.11480691283941269,0.04095265890161196,0.43056125442186993,0.4689825077851613,0.7557262778282166,15.143981794392237,19.496155918766565,-4.783759675132488,0.0,0.0
ES2004a,391,0.5910482406616211,0.2090395043293635,0.7913472652435303,0.12507790823777518,0.030170814444621403,0.3346360723177592,0.43597914775212604,0.399010106921196,15.63961956507516,19.88867198383978,-4.925918805892316,0.0,0.0
ES2004a,392,0.5879683295885721,0.18305582304795584,0.7314398090044657,0.1460235913594564,0.03284687673052152,0.42706286907196045,0.45022780696551007,0.5019544810056686,15.004495304568659,19.811010553863387,-5.425343965805354,0.0,0.0
ES2004a,393,0.5263169209162394,0.19949078063170114,0.788004199663798,0.1528335064649582,0.038191345830758415,0.47034338116645813,0.48668405413627625,0.7414468924204508,15.183175488862323,19.857618762651125,-5.202724919573758,0.0,0.0
ES2004a,394,0.561181644598643,0.21552030245463052,0.7624364097913107,0.15204186737537384,0.032321435709794365,0.5146120886007944,0.4353001117706299,0.7621193130811056,14.471544838513745,19.848655699921864,-5.110224529434183,0.0,0.0
ES2004a,395,0.5599851210912069,0.22082766890525818,0.7766156792640686,0.14757818977038065,0.03325324195126692,0.6477464437484741,0.45842700203259784,0.45912371575832367,13.876216319505069,19.87289322249675,-5.583640886366799,0.0,0.0
ES2004a,396,0.5885672767957052,0.20303454995155334,0.6903193791707357,0.14427263041337332,0.0327107577274243,0.6139809985955557,0.4860063890616099,0.5920015821854273,13.220162039888793,19.145147146093205,-6.239646473728452,0.0,0.0
ES2004a,397,0.5408421357472738,0.22092534601688385,0.4001769224802653,0.14807877937952676,0.02814665126303832,0.5478256444136301,0.47251515587170917,0.4437813311815262,12.483310845106422,19.29329731132349,-7.466633106147044,0.0,0.0
ES2004a,398,0.5534268021583557,0.17572656273841858,0.5411188999811808,0.13692609469095865,0.026896418382724125,0.662750244140625,0.41786815722783405,0.15544498711824417,10.505284802319757,17.435107666985896,-8.393215375548598,0.0,0.0
ES2004a,399,0.5392581522464752,0.362734854221344,0.332603524128596,0.08146218955516815,0.027042352283994358,0.45279501875241596,0.35850028196970624,0.26982803735882044,-13.456458616171732,-14.263490456958733,0.742383460579096,0.0,0.0
ES2004a,400,0.5810761948426565,0.3702274759610494,0.478804349899292,0.08155998587608337,0.03217236635585626,0.4581698973973592,0.38773080706596375,0.23589409228103855,-18.7774544976151,25.470847340543312,-9.101552486779392,0.0,0.0
ES2004a,401,0.6146986285845438,0.3421751658121745,0.569247712691625,0.06732651218771935,0.031567939867575966,0.4382764796415965,0.47423578302065533,0.2549014488855998,-17.718080655998357,47.579109813781436,-12.861813034154336,0.0,0.0
ES2004a,402,0.6387706995010376,0.255893478790919,0.6504703958829244,0.1223598023255666,0.05607305405040582,0.45498428742090863,0.4276091456413269,0.25896669179201126,-13.000708750086114,46.19767101077773,-4.713610257508322,0.0,0.0
ES2004a,403,0.6843975981076559,0.418515682220459,0.7190470099449158,0.1228867123524348,0.06472161412239075,0.4580484926700592,0.42154831687609357,0.3225953131914139,-12.529195933705898,47.97101311466971,-4.42603939411259,0.0,0.0
ES2004a,404,0.6480830709139506,0.34487048784891766,0.7154460151990255,0.09107237060864766,0.041120524207750954,0.3064957062403361,0.3926345606644948,0.290871262550354,-12.293440928701386,44.391187416788625,-3.2512878492084556,0.0,0.0
ES2004a,405,0.6648747523625692,0.392612099647522,0.578855574131012,0.06693434094389279,0.02248817402869463,0.20018158107995987,0.4906796415646871,0.5596685806910197,-11.814419549819624,42.39369988322181,-2.8142491981263507,0.0,0.0
ES2004a,406,0.7510943015416464,0.3468620677789052,0.34748750925064087,0.11965855956077576,0.09203922872742017,0.6223216652870178,0.37886083126068115,0.9991101225217184,4.35197645940712,0.1686160433054872,9.281568115207941,0.0,0.0
ES2004a,407,0.6988304456075033,0.3221178452173869,0.3326043089230855,0.1302864228685697,0.08685953542590141,0.6475353042284647,0.32307695349057514,0.9999119440714518,3.671594878915762,0.7156356686047194,9.27185138504023,0.0,0.0
ES2004a,408,0.6974583268165588,0.3827909628550212,0.2884283860524495,0.1310345729192098,0.07679138208429019,0.5866060654322306,0.3812760015328725,0.9997320969899496,2.7367138164484914,-0.5413446355547006,9.054767325743255,0.0,0.0
ES2004a,409,0.6627675493558248,0.29793815811475116,0.3853684365749359,0.1215038721760114,0.061955692867437996,0.6390738685925802,0.4011828303337097,0.9994050661722819,2.3168984058009654,3.9452564656211186,7.680754231398154,0.0,0.0
ES2004a,410,0.6652496258417765,0.4527953565120697,0.35874320069948834,0.050518917540709175,0.051208568116029106,0.37579995890458423,0.41904857754707336,0.40246160825093585,2.610604748847827,-4.563362745622297,-4.640957192685665,0.0,0.0
ES2004a,411,0.7236785292625427,0.40894774595896405,0.4510086973508199,0.06199088195959727,0.02976726492245992,0.40262365341186523,0.559369424978892,0.2878694956501325,-1.3001096513017487,10.560020580176191,-6.7273269223622165,0.0,0.0
ES2004a,412,0.6472713152567545,0.27777976791063946,0.5704173843065897,0.06658604616920154,0.022094620391726494,0.2075715884566307,0.5007277230421702,0.6615861654281616,-3.578781534737131,30.424920659740945,-8.748871822027512,0.0,0.0
ES2004a,413,0.5980166792869568,0.29269476731618244,0.5567094286282858,0.07152456790208817,0.023746089388926823,0.21916225800911585,0.5229462087154388,0.6221884191036224,-2.8410360568614412,30.792316757367598,-9.810532288523765,0.0,0.0
ES2004a,414,0.597451905409495,0.3690458635489146,0.6295480728149414,0.06265150134762128,0.017930471027890842,0.17050784329573312,0.570965588092804,0.40832869708538055,-0.8421071193415018,28.711363362576332,-9.681043150169963,0.0,0.0
ES2004a,415,0.608929435412089,0.3508406380812327,0.6387490232785543,0.0659040038784345,0.020566444223125774,0.1762688234448433,0.6069405277570089,0.20844382792711258,0.094292390233501,28.03837539453656,-6.5823112508664,0.0,0.0
ES2004a,416,0.6911497314771017,0.3794562518596649,0.4097786918282509,0.21482020119825998,0.12885298331578574,0.24861459930737814,0.4924193024635315,0.43222197393576306,-1.6786348272350988,27.166011956103812,-7.139843639778806,0.0,0.0
ES2004a,417,0.7591073910395304,0.5028833349545797,0.16563217341899872,0.3437614267071088,0.49498234440883,0.3374490837256114,0.28755157192548114,0.9365896383921305,-6.3150209386591,19.923026948874377,-9.165828113905535,0.0,0.0
ES2004a,418,0.5427907407283783,0.30689812699953717,0.5198916296164194,0.42028190692265827,0.29696498066186905,0.4904934863249461,0.3195227285226186,0.9977147777875265,9.813855578460954,9.083844316871287,3.5868641386886364,0.0,0.0
ES2004a,419,0.48349682490030926,0.1467328667640686,0.3829769293467204,0.08844459056854248,0.026900167266527813,0.34038589398066205,0.4514094889163971,0.5169626995921135,4.459976666209468,20.616935564085544,5.074174578933359,0.0,0.0
ES2004a,420,0.5583010911941528,0.18259830276171365,0.21136849373579025,0.07872290909290314,0.021878435586889584,0.5235393246014913,0.362168808778127,0.6010183095932007,3.997746065110593,20.369788599545615,1.5780460819936952,0.0,0.0
ES2004a,421,0.5299822688102722,0.14651737610499063,0.24065616726875305,0.07808006554841995,0.022602786620457966,0.48511044184366864,0.35992713769276935,0.8264354666074117,5.492288032792984,21.96509291551178,3.149927928446722,0.0,0.0
ES2004a,422,0.5399567484855652,0.2485867142677307,0.42849215865135193,0.10363943626483281,0.03673779405653477,0.5715209643046061,0.4461956520875295,0.6225655277570089,11.92270575530293,23.35448593443272,7.9899987271138775,0.0,0.0
ES2004a,423,0.5744002262751261,0.3205864330132802,0.6967153151830038,0.15256300071875253,0.06329271197319031,0.5204266607761383,0.46202097336451214,0.5349584321180979,14.342076005345852,25.840481053217747,10.226262135509662,0.0,0.0
ES2004a,424,0.5699024001757304,0.34463854630788165,0.7741474509239197,0.1461998869975408,0.04803586068252722,0.5353807906309763,0.49433983365694684,0.41943394144376117,13.289055431641115,24.676589879626786,11.08861137659659,0.0,0.0
ES2004a,425,0.578097939491272,0.30681658784548443,0.544626365105311,0.09477077176173528,0.02182057313621044,0.5069739719231924,0.37634365757306415,0.2090064436197281,11.749996804894812,24.119814684869123,10.47211153082734,0.0,0.0
ES2004a,426,0.5786774555842081,0.2878024677435557,0.6523160338401794,0.10089976837237676,0.020745315899451573,0.5775246024131775,0.37484129269917804,0.22627659142017365,11.084052496400838,23.95333251932195,10.568346250057195,0.0,0.0
ES2004a,427,0.6747713883717855,0.5314203997453054,0.3261440545320511,0.20902792612711588,0.16910863543550173,0.3822003056605657,0.42286714911460876,0.7736697892347971,8.560044173203755,28.81081220960967,-6.1667918582079295,0.0,0.0
ES2004a,428,0.649787167708079,0.5252393782138824,0.30920320252577466,0.2553791602452596,0.18675096333026886,0.28047410150369007,0.4839805066585541,0.5474516699711481,9.257500185320726,33.92187234921104,-7.697862218531199,0.0,0.0
ES2004a,429,0.6430561542510986,0.5600619614124298,0.27739662925402325,0.19866166512171426,0.17563883463541666,0.1604288990298907,0.5012446443239847,0.5165765484174093,9.061438173687668,32.60940532629855,-8.823856503481222,0.0,0.0
ES2004a,430,0.6649723847707113,0.5256478091080984,0.572265754143397,0.19887165228525797,0.15983187655607858,0.27102042734622955,0.4714600245157878,0.6838244199752808,11.96538602731205,26.793646327552334,-8.492191302465915,0.0,0.0
ES2004a,431,0.6225213607152303,0.37151456872622174,0.5773375233014425,0.18569880227247873,0.22210238873958588,0.2523169318834941,0.5103428761164347,0.4315286527077357,11.393082555234058,27.104375759991253,-10.873876773274967,0.0,0.0
ES2004a,432,0.631300151348114,0.3111016054948171,0.6653238336245219,0.1427695800860723,0.07395677268505096,0.2364703764518102,0.4276408950487773,0.6413618524869283,9.621628698898933,23.41167961598839,-11.786034845833685,0.0,0.0
ES2004a,433,0.6246403654416403,0.34859491388003033,0.615302840868632,0.11874642968177795,0.055887178828318916,0.29269454379876453,0.4112361669540405,0.4050862143437068,7.324160609632718,22.754368736745835,-13.161189412578272,0.0,0.0
ES2004a,434,0.6260203917821249,0.4970361391703288,0.6017036239306132,0.09951861202716827,0.041702575981616974,0.4120398759841919,0.46457992990811664,0.249029869834582,5.422121058658931,22.203476875755985,-13.26776880297676,0.0,0.0
ES2004a,435,0.620527426401774,0.4813470145066579,0.5736605525016785,0.09645552188158035,0.054329795142014824,0.19929860283931097,0.46132077773412067,0.20419053733348846,4.843189326923664,22.30774095850894,-13.458310600828455,0.0,0.0
ES2004a,436,0.6704367200533549,0.4713281790415446,0.6612857977549235,0.10652548323074977,0.05153763294219971,0.30436578889687854,0.43135493993759155,0.3947736869255702,4.118253006989334,21.955288463151195,-14.006526274251806,0.0,0.0
ES2004a,437,0.647692342599233,0.4272503654162089,0.7520034909248352,0.10357232143481572,0.06809855625033379,0.3485651711622874,0.4200425446033478,0.5085008442401886,9.744487386717024,21.003042282295638,-12.599687826814447,0.0,0.0
ES2004a,438,0.6311403115590414,0.5016921162605286,0.6882686813672384,0.10847886155049007,0.0657195361951987,0.34241563578446704,0.47141380111376446,0.19062149276336035,11.960789019980405,21.644104796489405,-10.006478535524709,0.0,0.0
ES2004a,439,0.6918624639511108,0.5163320302963257,0.6568892598152161,0.09701944639285405,0.07139637197057407,0.3243524183829625,0.4237916171550751,0.3137360413869222,12.051400946898381,20.871366475126127,-7.90669837464952,0.0,0.0
ES2004a,440,0.6758192380269369,0.480495552221934,0.6156471868356069,0.11360301822423935,0.06900360683600108,0.4531848629315694,0.4258567790190379,0.23513861373066902,11.032928753194971,19.856201219546858,-8.685315027455191,0.0,0.0
ES2004a,441,0.7025934855143229,0.5431719819704691,0.5772648056348165,0.09144898504018784,0.058196174601713814,0.3309207409620285,0.4286876320838928,0.211304672062397,8.970424007804356,18.87338787751935,-9.303659928301661,0.0,0.0
ES2004a,442,0.4813431004683177,0.24247799813747406,0.23858787616093954,0.06061652054389318,0.04616060480475426,0.29995088279247284,0.5616804361343384,0.2451407959063848,-14.182344033772411,33.48944196486783,-7.695839971268849,0.0,0.0
ES2004a,443,0.5338021020094553,0.2742668191591899,0.3774478534857432,0.06095547725756963,0.025027178848783176,0.2635292758544286,0.5632879535357157,0.1557080832620462,-13.103374713843172,35.245129110344514,-9.784029898601753,0.0,0.0
ES2004a,444,0.5932243665059408,0.22826736668745676,0.4051050841808319,0.08194938177863757,0.029723637426892918,0.22692100455363592,0.5397385160128275,0.41046768923600513,-9.300552699456789,31.495561355527727,-16.14932582622488,0.0,0.0
ES2004a,445,0.6123570005098978,0.2425009161233902,0.6147147715091705,0.09418940295775731,0.04132708596686522,0.2659559448560079,0.5648679335912069,0.8275950948397318,-4.174369438126518,28.44259889778557,-16.120360574588563,0.0,0.0
ES2004a,446,0.6515474915504456,0.39409945408503216,0.36903802553812665,0.07973546286424,0.030011406789223354,0.2648756802082062,0.4704673190911611,0.5859535038471222,-3.151403966979751,12.36392763394011,-12.382311234283137,0.0,0.0
ES2004a,447,0.4147594670454661,0.0815751701593399,0.2827667494614919,0.0662853370110194,0.014070467712978521,0.20833918948968252,0.5150971710681915,0.12430326268076897,-4.708941436416635,16.84294380061145,1.9549292094379445,0.0,0.0
ES2004a,448,0.44331013162930805,0.09454513837893803,0.2950306435426076,0.0781765840947628,0.013672997243702412,0.18296307822068533,0.5317280093828837,0.007596967120965322,-6.310263970063191,16.293329685471104,-0.7952880497418476,0.0,0.0
ES2004a,449,0.43296998739242554,0.09627365320920944,0.33263280987739563,0.08448980748653412,0.012338928567866484,0.1378904233376185,0.6031836072603861,0.012819579492012659,-5.986934692318751,17.334894751590927,-0.515566902648617,0.0,0.0
ES2004a,450,0.5002261499563853,0.10670783867438634,0.40706029534339905,0.11308521529038747,0.014094758157928785,0.5058674514293671,0.6073847611745199,0.015858606318943202,-6.129630086909714,18.621249918296357,-0.6170087883711658,0.0,0.0
ES2004a,451,0.4536468982696533,0.09696610768636067,0.5634333988030752,0.10903522868951161,0.012687298158804575,0.37814036508401233,0.5934297243754069,0.00831722212024033,-5.041041891975071,17.025036188611693,-0.5851760777258453,0.0,0.0
ES2004a,452,0.465773473183314,0.11648801217476527,0.4962078928947449,0.10627440611521403,0.011761861853301525,0.47120562195777893,0.5999139746030172,0.010730351942280928,-5.113008308037477,16.75422742857465,-0.5068080500133648,0.0,0.0
ES2004a,453,0.4590803186098735,0.11387379219134648,0.45297810435295105,0.08692816893259685,0.013195145564774672,0.3944396376609802,0.5865300297737122,0.005652765432993571,-5.147421707928525,16.515483564965997,-1.0714260731034404,0.0,0.0
ES2004a,454,0.3827026883761088,0.13622219860553741,0.38580869634946185,0.08102641254663467,0.011737700862189135,0.30438586076100665,0.558140238126119,0.015514488564804196,-5.624240272554707,15.335564108000307,-1.357417527309785,0.0,0.0
ES2004a,455,0.4319683810075124,0.10560530424118042,0.3892992287874222,0.07192296534776688,0.01445271788785855,0.2799779921770096,0.5749315023422241,0.006122126146995773,-5.479560445523383,16.00946097833094,-1.6843537981832917,0.0,0.0
ES2004a,456,0.46053101619084674,0.18998015920321146,0.4962032934029897,0.13108738511800766,0.03233596713592609,0.2532692501942317,0.44990411400794983,0.42141569157441455,-4.980998036525126,14.21484388345978,-3.4613095672776413,0.0,0.0
ES2004a,457,0.5649742980798086,0.3698630779981613,0.37256404757499695,0.06217297166585922,0.013051350290576616,0.3404959465066592,0.4201402962207794,0.5916221737861633,-9.727188234456927,-0.5198020361286235,-6.823781736453715,0.0,0.0
ES2004a,458,0.5155237714449564,0.2418941706418991,0.40159353613853455,0.0939817875623703,0.03781479472915331,0.43995754917462665,0.45026493072509766,0.37727307031552,-3.8860127181751856,3.202434023833302,-1.3043611297002256,0.0,0.0
ES2004a,459,0.4676655928293864,0.3520735601584117,0.427558700243632,0.0981517309943835,0.06419714974860351,0.31860949595769245,0.35523348053296405,0.019382114832599957,-4.755014954982552,-45.20943716090045,-14.909234872166097,0.0,0.0
