meeting_id,segment_id,AU01,AU02,AU04,AU06,AU12,AU15,AU17,AU25,head_pitch,head_yaw,head_roll,gaze_x,gaze_y
ES2003a,0,0.48686914642651874,0.25834713876247406,0.16974185407161713,0.07021277025341988,0.055878529946009316,0.3546230097611745,0.35424389441808063,0.6358951330184937,7.073502767898801,-19.146366887961197,2.4892345375333367,0.0,0.0
ES2003a,1,0.5234473745028178,0.19886698325475058,0.22100731978813806,0.11662864933411281,0.06698263933261235,0.24374909698963165,0.33700061837832135,0.9396115144093832,7.013607351244602,-21.03740541713264,-1.1166649178974222,0.0,0.0
ES2003a,2,0.6109258532524109,0.28844670454661053,0.4861887792746226,0.09828923890988032,0.08689351628224055,0.3962319989999135,0.3996817171573639,0.6868424092729887,15.81613468947751,-5.560697158188634,-6.441699085731815,0.0,0.0
ES2003a,3,0.580420732498169,0.3024972081184387,0.3697467197974523,0.12501250952482224,0.1294147570927938,0.3680081864198049,0.30822550257047016,0.9480771422386169,10.754420357313128,-8.581725730357514,-11.130886874078703,0.0,0.0
ES2003a,4,0.5751954714457194,0.3229685425758362,0.19710786640644073,0.1131650706132253,0.11518920212984085,0.32905932267506915,0.3231312433878581,0.8903887073198954,9.682357640897173,-11.075371533181993,-13.3301352470142,0.0,0.0
ES2003a,5,0.6310846408208212,0.4145437777042389,0.20676795641581217,0.10216266413529713,0.06552494317293167,0.3698286811510722,0.2800799111525218,0.8020753065745035,6.047103401460235,-10.10265219369331,-11.248366140263414,0.0,0.0
ES2003a,6,0.6698296864827474,0.3649806280930837,0.25580550730228424,0.12470906724532445,0.08438248684008916,0.30527910590171814,0.2981749176979065,0.9427990118662516,7.162126657980241,-9.959198401911832,-12.079931158459475,0.0,0.0
ES2003a,7,0.5849676529566447,0.355866938829422,0.2297503501176834,0.18563403189182281,0.15499712526798248,0.3344869365294774,0.3371955653031667,0.9646872878074646,7.009733166341839,-10.227180367501324,-12.814318444599218,0.0,0.0
ES2003a,8,0.5750178297360738,0.2695506860812505,0.7195124626159668,0.1126779243350029,0.04508394872148832,0.4790309965610504,0.41299692789713544,0.5146792195737362,-8.790454353048922,29.56226050862026,-4.322194470491376,0.0,0.0
ES2003a,9,0.4986301859219869,0.2579287886619568,0.6464169025421143,0.07867768034338951,0.03000011295080185,0.4251693934202194,0.47043734788894653,0.47194945563872653,-9.38213780364667,32.35926167481001,0.27191241427290364,0.0,0.0
ES2003a,10,0.5360467036565145,0.2586346020301183,0.6020947893460592,0.06263789782921474,0.034389749790231385,0.36949115494887036,0.434383362531662,0.2862200140953064,-11.935485914048206,33.503349768746936,2.2912987387525345,0.0,0.0
ES2003a,11,0.5533738533655802,0.26195621490478516,0.558190127213796,0.06529475127657254,0.03445154552658399,0.36003783841927844,0.523591935634613,0.073505283643802,-14.0834815898437,35.783797580234655,0.11229742312030962,0.0,0.0
ES2003a,12,0.563674529393514,0.29743248224258423,0.7135602831840515,0.08138944705327351,0.02274998401602109,0.31255458295345306,0.437444527943929,0.49504632751146954,-13.237018308345958,34.499797765669534,-2.196619616619718,0.0,0.0
ES2003a,13,0.5097892979780833,0.27913276851177216,0.5461813608805338,0.07072254394491513,0.02505029986302058,0.35616468886534375,0.461875985066096,0.4680255651473999,-13.008566687215824,30.59141921859083,-3.3878466949002894,0.0,0.0
ES2003a,14,0.47724348306655884,0.2972304622332255,0.4460525910059611,0.05724760020772616,0.025023993104696274,0.3856653869152069,0.5518330335617065,0.10147881259520848,-18.059087832706343,32.209580008265924,-3.3911975865529715,0.0,0.0
ES2003a,15,0.4756641586621602,0.25865166385968524,0.42590319116910297,0.0629400759935379,0.03194371362527212,0.4255638321240743,0.4686753849188487,0.15760255853335062,-16.453313363234066,30.49982493235025,-3.221876911905909,0.0,0.0
ES2003a,16,0.3743723928928375,0.2142611344655355,0.2813248534997304,0.06837552413344383,0.03386015103509029,0.3055129945278168,0.5265456934769949,0.25412085714439553,-11.998501673807686,15.242314665661063,1.908967384795939,0.0,0.0
ES2003a,17,0.4580029944578807,0.2940717488527298,0.2643585354089737,0.07094681138793628,0.02423857773343722,0.4082827965418498,0.44150520364443463,0.04963084061940511,-10.58565654247238,17.57656558054804,4.0702303942145175,0.0,0.0
ES2003a,18,0.39594484368960065,0.22714436054229736,0.4467938343683879,0.07590958724419276,0.018695804600914318,0.3372999280691147,0.45597713192303974,0.07686126977205276,-6.6978328285322,21.01267660792374,6.257145256648258,0.0,0.0
ES2003a,19,0.5817226568857828,0.39779768387476605,0.1656042089064916,0.046341498692830406,0.015756128976742428,0.32192280391852063,0.5063750147819519,0.36346109087268513,-4.824486260831833,3.804382434254803,-6.734689809960561,0.0,0.0
ES2003a,20,0.6153006156285604,0.4493887821833293,0.2441281427939733,0.04525873934229215,0.020956885690490406,0.18115301430225372,0.501957376797994,0.6998256345589956,-1.7394247166624446,5.439096237542458,-4.8071472101928885,0.0,0.0
ES2003a,21,0.5932368636131287,0.4062592883904775,0.2967790017525355,0.04953365276257197,0.023598927073180676,0.40039419134457904,0.5153413017590841,0.5593253374099731,-5.852652041829335,1.3745688938972556,-6.9709107683027165,0.0,0.0
ES2003a,22,0.602355420589447,0.4252706567446391,0.22472324470678964,0.17271810521682104,0.1710842028260231,0.49938634037971497,0.5326372782389323,0.20663745452960333,-5.7365720180487445,-11.138702231421519,11.077091010370394,0.0,0.0
ES2003a,23,0.5933594008286794,0.4589129288991292,0.3244731326897939,0.24587523440519968,0.12611277401447296,0.40485339363416034,0.4422726233800252,0.21666773657004038,-1.2497353732671093,-9.712515357476805,5.391927190483436,0.0,0.0
ES2003a,24,0.677043636639913,0.5514970223108927,0.3719549874464671,0.1401706486940384,0.12893613303701082,0.467513104279836,0.45100757479667664,0.6485539575417837,2.39431974986807,3.7793157719628163,-5.855871895391519,0.0,0.0
ES2003a,25,0.6706077655156454,0.4200067122777303,0.15879994134108225,0.06364864731828372,0.033543230344851814,0.39535729090372723,0.528076688448588,0.9232974251111349,-0.8177818945943538,1.82388997618838,-3.5611272316336002,0.0,0.0
ES2003a,26,0.6764446099599203,0.46099356810251874,0.2143109142780304,0.05617048839728037,0.0254672026882569,0.3585943579673767,0.519461045662562,0.6943961580594381,-1.0274860801388535,3.2284961872126234,-2.877944437909676,0.0,0.0
ES2003a,27,0.6546667814254761,0.48967696229616803,0.1648301730553309,0.061946336179971695,0.030323319137096405,0.4146394729614258,0.4871577322483063,0.9279668132464091,-1.1791717822693302,3.775787397674995,-2.6809698358015317,0.0,0.0
ES2003a,28,0.7388143539428711,0.5981141130129496,0.17307692766189575,0.06705768903096516,0.0304954598347346,0.4323643445968628,0.4441714684168498,0.8889860908190409,-1.5576154531499242,4.252345391242669,-1.7750327406286288,0.0,0.0
ES2003a,29,0.6793006062507629,0.5104586283365885,0.166855921347936,0.06712920591235161,0.021997013439734776,0.45950042208035785,0.48991791407267254,0.8290741443634033,-2.764306455298449,4.015985046937522,-0.9240653422158623,0.0,0.0
ES2003a,30,0.6702032287915548,0.5914541383584341,0.1191860909263293,0.07796451697746913,0.023930108174681664,0.3453949987888336,0.42519427339235943,0.9552654425303141,-5.101907869775506,4.103703628123662,-2.79260784784305,0.0,0.0
ES2003a,31,0.5905959606170654,0.2889125719666481,0.30762288967768353,0.1308062101403872,0.11266154050827026,0.43013884623845416,0.3907325367132823,0.9806673725446066,11.620380418811274,-10.573802520107316,-10.1535739080312,0.0,0.0
ES2003a,32,0.5735961596171061,0.24075221518675485,0.31645814577738446,0.18581060071786246,0.1647153248389562,0.37233951687812805,0.4158637225627899,0.9774864514668783,13.824159873148373,-12.38116852682702,-11.07021509826527,0.0,0.0
ES2003a,33,0.555071214834849,0.30254976948102313,0.33917008837064105,0.18058288594086966,0.13991375267505646,0.3177561014890671,0.3784059484799703,0.9417045712471008,15.244294915182998,-9.782537006425407,-11.101515535897965,0.0,0.0
ES2003a,34,0.57363028327624,0.392516831556956,0.3695552547772725,0.18480769793192545,0.1375856970747312,0.39788831273714703,0.34560603896776837,0.9885168870290121,14.957170606277524,-9.101837996487722,-12.124183717276829,0.0,0.0
ES2003a,35,0.5714467763900757,0.3098660409450531,0.3721326142549515,0.18982008596261343,0.17457830905914307,0.2550469636917114,0.31210020184516907,0.9862168033917745,12.052737834292103,-8.933509158826395,-13.174661307582449,0.0,0.0
ES2003a,36,0.5806460777918497,0.39969194928805035,0.3343322177728017,0.16404661039511362,0.11972756683826447,0.2626790255308151,0.32011889417966205,0.9925148685773214,11.62897909010985,-8.622097548371599,-10.974444195162098,0.0,0.0
ES2003a,37,0.6165287295977274,0.4672001600265503,0.4322388271490733,0.1748280425866445,0.09042936563491821,0.5636369188626608,0.3673967222372691,0.9781876007715861,10.666642198369134,-8.763911643577677,-9.763124325095855,0.0,0.0
ES2003a,38,0.6795819401741028,0.4833511213461558,0.35112948218981427,0.19353135426839194,0.08075557897488277,0.4117049425840378,0.44561445713043213,0.9664031863212585,11.282192082056886,-8.934551599774371,-9.893287056340425,0.0,0.0
ES2003a,39,0.6038249731063843,0.42074061433474225,0.3136669894059499,0.1804030934969584,0.11168371389309566,0.46909340222676593,0.40857208768526715,0.9582328399022421,12.513456792129006,-9.279598723380095,-9.76090406894629,0.0,0.0
ES2003a,40,0.5578848719596863,0.3163547118504842,0.37673569718996686,0.16958406567573547,0.1443259840210279,0.36425253252188367,0.32913360993067425,0.9914337595303854,12.294534026646597,-9.56899928467318,-9.935437869902623,0.0,0.0
ES2003a,41,0.5775778889656067,0.3081541856129964,0.33845244844754535,0.19210176169872284,0.148972454170386,0.36617066462834674,0.36276861031850177,0.9802664518356323,13.483002284952429,-9.635976579411215,-10.534637546893208,0.0,0.0
ES2003a,42,0.6135433912277222,0.38152368863423664,0.25265111525853473,0.16280430555343628,0.14722701162099838,0.35083262125651044,0.3324832618236542,0.9734794497489929,12.509536040946712,-9.310829626858428,-9.800926799471318,0.0,0.0
ES2003a,43,0.5155691504478455,0.28820181886355084,0.35888996720314026,0.1037854552268982,0.07506103565295537,0.43976155420144397,0.31952513257662457,0.9667368729909261,10.14244307087826,-9.444237857350325,-8.633660152824776,0.0,0.0
ES2003a,44,0.535233328739802,0.27112215260664624,0.5171539386113485,0.09945981452862422,0.05829588448007902,0.5343487759431204,0.35481902956962585,0.9678314725557963,9.428520923459475,-8.369185800570257,-6.531142266596999,0.0,0.0
ES2003a,45,0.6100928783416748,0.31000815828641254,0.48507534464200336,0.1041250005364418,0.059481747448444366,0.36960071325302124,0.38486836353937787,0.9436588287353516,9.048439254972685,-8.936364413892592,-6.397500874959718,0.0,0.0
ES2003a,46,0.5767431259155273,0.28806085884571075,0.39707546432813007,0.08116983373959859,0.05906249831120173,0.32655370732148487,0.39245274662971497,0.9635416269302368,9.190615681829296,-9.507188989538594,-6.3209677572254845,0.0,0.0
ES2003a,47,0.5687063336372375,0.3636385103066762,0.5216923157374064,0.10964801907539368,0.054299635191758476,0.24671118954817453,0.406662255525589,0.9346820712089539,9.69008892732539,-9.14857300672986,-6.668657285453452,0.0,0.0
ES2003a,48,0.6624561746915182,0.40449480215708417,0.4633837441603343,0.1378855605920156,0.08033986141284306,0.33059875170389813,0.3834755023320516,0.930613100528717,10.316908526501612,-8.402443861912127,-7.123614359738826,0.0,0.0
ES2003a,49,0.6677480538686117,0.41244017084439594,0.494134783744812,0.12891585876544318,0.07365744064251582,0.2823595603307088,0.3690233627955119,0.9764687617619833,9.422466527521252,-8.914221716445203,-7.090949336470435,0.0,0.0
ES2003a,50,0.597504715124766,0.3989700675010681,0.5746009548505148,0.10751290867726009,0.06040878345568975,0.3254043757915497,0.3698047498861949,0.9032897154490153,9.273063814304754,-9.276530080804813,-6.730578675382787,0.0,0.0
ES2003a,51,0.5947545568148295,0.30226393540700275,0.39926989873250324,0.10892783602078755,0.1018840844432513,0.38866086800893146,0.31618669629096985,0.9379758636156718,8.494979477831942,-8.164279100216874,-7.4204014755611425,0.0,0.0
ES2003a,52,0.6412396430969238,0.5093544721603394,0.3431662321090698,0.07239251335461934,0.052988326797882714,0.5163381894429525,0.3682888050874074,0.8069558342297872,10.750691517564556,-8.579334991267805,-12.807680575524714,0.0,0.0
ES2003a,53,0.7561441461245219,0.6131801803906759,0.2937118162711461,0.1313243011633555,0.09052729606628418,0.39238465825716656,0.4225132366021474,0.7458016276359558,17.780814895694956,-7.677750725378409,-18.10938723972316,0.0,0.0
ES2003a,54,0.6897284189860026,0.5967125097910563,0.33243515094121295,0.06191324690977732,0.04914658392469088,0.39910714824994403,0.39301571249961853,0.9144139091173807,10.990619795544694,-5.5553095491825415,-13.192294695924984,0.0,0.0
ES2003a,55,0.7276845773061117,0.6417445341746012,0.35930981238683063,0.08240920056899388,0.05325030038754145,0.3981815775235494,0.3637590905030568,0.9421408971150717,11.977325617757996,-7.846884054143932,-10.745745250419771,0.0,0.0
ES2003a,56,0.6858673691749573,0.5960119366645813,0.3178393443425496,0.08839740107456844,0.056248954186836876,0.46012453238169354,0.3854057490825653,0.9390830000241598,12.028556449416238,-8.745206847337911,-10.386367224385154,0.0,0.0
ES2003a,57,0.6737894614537557,0.5180626511573792,0.3782648940881093,0.08204164852698644,0.08802071462074916,0.27173776427904767,0.41578248143196106,0.9279680450757345,8.568666490718963,-6.787754014080296,-9.39414392017919,0.0,0.0
ES2003a,58,0.6537339886029562,0.48517317573229474,0.36833032965660095,0.09550875176986058,0.08390021572510402,0.4011699656645457,0.380608727534612,0.9098056356112162,9.33488641661212,-8.179196824886862,-9.066259374502003,0.0,0.0
ES2003a,59,0.6039772431055704,0.39534594118595123,0.2785369356473287,0.1060660903652509,0.10353478789329529,0.3032818486293157,0.3451348344484965,0.6724901894728342,13.584747053276956,-11.476247957941071,-6.753381920536264,0.0,0.0
ES2003a,60,0.6388443112373352,0.33994277318318683,0.2658393730719884,0.13332124799489975,0.12776602307955423,0.47471795976161957,0.38729344805081684,0.404936542113622,11.566823877209673,-16.995291125837404,-5.363530350338454,0.0,0.0
ES2003a,61,0.5428572495778402,0.34963011741638184,0.1066806490222613,0.10785453021526337,0.07603639240066211,0.5038656890392303,0.2960144281387329,0.7465760111808777,6.786933178747231,-18.501738673409644,-6.171981033306184,0.0,0.0
ES2003a,62,0.6566539804140726,0.3155851562817891,0.08776419113079707,0.11678121238946915,0.10574158777793248,0.46245624621709186,0.3032352030277252,0.6356643239657084,7.615756806917093,-18.088426117633016,-4.698720887909277,0.0,0.0
ES2003a,63,0.6857561270395914,0.4770533541838328,0.46524757146835327,0.1201779916882515,0.05367681880791982,0.38149333000183105,0.358609139919281,0.7122168044249216,5.452306776387339,-12.549936874492767,-0.5430678403791891,0.0,0.0
ES2003a,64,0.6712708671887716,0.48378028472264606,0.39559633533159894,0.14377433558305105,0.07325032601753871,0.4015969435373942,0.35589636365572613,0.8418565193812052,6.733163603144308,-12.195488760394532,0.030408796004403982,0.0,0.0
ES2003a,65,0.6584782401720682,0.47765521208445233,0.35871055722236633,0.128570889433225,0.07678170874714851,0.4396174947420756,0.3503619929154714,0.8580566048622131,6.43599384043556,-12.374785287528352,-0.24833563630034314,0.0,0.0
ES2003a,66,0.6688487529754639,0.32623915870984393,0.16167291129628816,0.15875192483266196,0.10175245503584544,0.32766781747341156,0.379006564617157,0.7344374656677246,10.73891253670513,-14.9480874977615,-1.612298061780243,0.0,0.0
ES2003a,67,0.6253619194030762,0.26919176677862805,0.16130208472410837,0.14799910287062326,0.13489965349435806,0.3571137487888336,0.48401979605356854,0.9159961541493734,13.146547881919746,-16.06036787269201,-3.5631967339370587,0.0,0.0
ES2003a,68,0.6672204534212748,0.2611953318119049,0.15260658909877142,0.15366476774215698,0.1566519339879354,0.24247769763072333,0.4111485779285431,0.916472872098287,12.681609079604334,-16.006246893122917,-2.3505429330086147,0.0,0.0
ES2003a,69,0.6642377575238546,0.37323177854220074,0.14726555844148,0.13466637829939523,0.12110340595245361,0.4093865503867467,0.4576435685157776,0.9482874472935995,12.699324374161927,-17.195197147497137,-1.0620650221205217,0.0,0.0
ES2003a,70,0.6388691862424215,0.2949007252852122,0.21148273348808289,0.10999049991369247,0.08048329502344131,0.4127567956844966,0.4573155343532562,0.7520007689793905,12.170076223319077,-16.416465749954295,-1.2638651898786442,0.0,0.0
ES2003a,71,0.627646803855896,0.3558269739151001,0.16282089551289877,0.12113712231318156,0.08967891459663709,0.2933514565229416,0.480217178662618,0.846351703008016,10.700377988902277,-15.451533524647916,-1.6421186960348546,0.0,0.0
ES2003a,72,0.6243302424748739,0.35213273763656616,0.2557535767555237,0.1024983748793602,0.06104086587826411,0.37198640902837116,0.40674687425295514,0.8578846454620361,10.772184249574204,-15.649308590224146,-2.7888641959758345,0.0,0.0
ES2003a,73,0.5936545928319296,0.35525904099146527,0.2697175443172455,0.11724574615557988,0.05844858040412267,0.3162622054417928,0.43230565388997394,0.8113739093144735,11.405793728615818,-14.617571272700303,-1.9863339430752964,0.0,0.0
ES2003a,74,0.6049758394559225,0.3464138110478719,0.31850088636080426,0.10717507700125377,0.05187781279285749,0.24865329762299856,0.4585989813009898,0.9079413811365763,11.792629870181377,-14.180050486617134,-2.141121938350286,0.0,0.0
ES2003a,75,0.6248312592506409,0.4406919578711192,0.25585271914800006,0.12418309102455775,0.08084828034043312,0.2906527320543925,0.43282734354337055,0.8607136805852255,11.041249328564662,-14.512218679425537,-2.426349798477633,0.0,0.0
ES2003a,76,0.6482696135838827,0.4586661159992218,0.2714984714984894,0.27179645746946335,0.37888550261656445,0.3321963946024577,0.37876906991004944,0.8690279523531595,8.334653217909116,-13.805906428835248,-3.026148454156654,0.0,0.0
ES2003a,77,0.7004117369651794,0.3758372763792674,0.2824288606643677,0.40949765344460803,0.7062503000100454,0.35948119560877484,0.47291969259579975,0.97299192349116,16.03700693364945,-9.946358107896641,-8.804728434899372,0.0,0.0
ES2003a,78,0.7270148396492004,0.33004505435625714,0.22181660930315653,0.3546922008196513,0.462576558192571,0.4613044857978821,0.4451363881429036,0.9915650685628256,16.23301170476078,-11.589606659127336,-10.399588960057374,0.0,0.0
ES2003a,79,0.5474556883176168,0.2313735435406367,0.5677851637204488,0.1377242629726728,0.038736479356884956,0.43921426435311633,0.3687807818253835,0.46813254555066425,5.773597136940013,23.78469808402406,6.203440638610179,0.0,0.0
ES2003a,80,0.5819112459818522,0.3007315744956334,0.6190427939097086,0.14233424017826715,0.07254209866126378,0.456143190463384,0.4557541807492574,0.7581120530764262,8.149991344558968,26.519723079881135,6.2181087677026055,0.0,0.0
ES2003a,81,0.5506069759527842,0.35752535859743756,0.40718547503153485,0.1363693525393804,0.04273223007718722,0.44601327180862427,0.3399144510428111,0.7699914971987406,8.005699728582215,22.483580676150638,5.584842594920321,0.0,0.0
ES2003a,82,0.5591014424959818,0.38441410660743713,0.46334492166837055,0.1527355213960012,0.04361623773972193,0.5621387461821238,0.34820250670115155,0.580667515595754,8.12671515484982,23.214136522218894,4.394968734418961,0.0,0.0
ES2003a,83,0.4535185197989146,0.24270710349082947,0.3721052159865697,0.17543401817480722,0.04558790599306425,0.524312436580658,0.34700730443000793,0.7933246990044912,9.906781464097335,17.333123054665794,7.033308704064486,0.0,0.0
ES2003a,84,0.4514753818511963,0.2581504185994466,0.2434057593345642,0.18923511107762656,0.04753987304866314,0.5404684642950693,0.3776293794314067,0.4674573441346486,9.280440386655195,17.50116227304049,6.882302469355416,0.0,0.0
ES2003a,85,0.4987177054087321,0.2549607455730438,0.26522668699423474,0.17174659172693887,0.0388604166607062,0.5639778673648834,0.3805329700311025,0.6127345164616903,9.406566964528386,16.694365721487262,5.642162201340606,0.0,0.0
ES2003a,86,0.503686527411143,0.2151783456405004,0.301863099137942,0.22377305726210275,0.07541398207346599,0.5396569470564524,0.41670504212379456,0.9279821117719015,9.407818785988114,17.83239761386466,5.008539460930547,0.0,0.0
ES2003a,87,0.46332324544588727,0.20903420945008597,0.19989911218484244,0.277435839176178,0.1297271947065989,0.5137571493784586,0.46014735102653503,0.9447129368782043,9.478406413065922,17.64843565173842,4.568299603119745,0.0,0.0
ES2003a,88,0.41122110684712726,0.24460531771183014,0.2705368896325429,0.3168513774871826,0.1711024989684423,0.4756178359190623,0.519542415936788,0.9706779519716898,9.609078856631044,17.735070679619515,4.403444669919689,0.0,0.0
ES2003a,89,0.45346441864967346,0.18011698623498282,0.32655494411786395,0.3158144950866699,0.24675499896208444,0.3404003083705902,0.4803335666656494,0.6709239880243937,-3.3650292291966166,5.542126361386365,4.625722809580477,0.0,0.0
ES2003a,90,0.3376622498035431,0.19435098270575205,0.3740946501493454,0.22466870148976645,0.21439134577910104,0.33624182144800824,0.42280351122220355,0.08034924976527691,-26.461530341422502,-13.199245331358602,-2.240724403442896,0.0,0.0
ES2003a,91,0.2986014783382416,0.14881222198406854,0.4583337604999542,0.16135984659194946,0.15068911264340082,0.24892620742321014,0.40881291031837463,0.10082786794131,-28.7154970116824,-22.005571981362262,-0.7370545589125695,0.0,0.0
ES2003a,92,0.3344797392686208,0.2798386712869008,0.3757675637801488,0.1539610649148623,0.07367420941591263,0.47904159625371295,0.4501790801684062,0.299476000169913,-11.851258757326256,-6.166612822960176,-2.57392159362605,0.0,0.0
ES2003a,93,0.4789074858029683,0.21668554842472076,0.5209417243798574,0.12349437922239304,0.07080098738272984,0.24198739727338156,0.3661143680413564,0.41663022836049396,-21.156203312257322,-7.287041519900721,-4.4769930121169645,0.0,0.0
ES2003a,94,0.26913049817085266,0.19681421418984732,0.6823892593383789,0.16840521494547525,0.09637633959452312,0.2990119010210037,0.45935296018918353,0.34943298374613124,-9.8338900842295,-10.328337623983506,-7.602203537829927,0.0,0.0
ES2003a,95,0.40677596131960553,0.2109022984902064,0.5096923212210337,0.17239060501257578,0.10080771644910176,0.2462664246559143,0.39591031273206073,0.6261765410502752,5.5683636962646865,-4.435690470452531,-13.160840629884909,0.0,0.0
ES2003a,96,0.3584579825401306,0.15982691446940103,0.5065223574638367,0.13583108286062875,0.07347680628299713,0.3105997641881307,0.4252924819787343,0.25336696952581406,9.435186408264345,-2.621719405423788,-12.629689506543713,0.0,0.0
ES2003a,97,0.3582976559797923,0.16328312456607819,0.46964115897814435,0.11492529263099034,0.06643757969141006,0.3585152377684911,0.3780260781447093,0.42559504757324856,8.34776127724873,-3.264111813332343,-11.103164218835127,0.0,0.0
ES2003a,98,0.37144210934638977,0.18681048353513083,0.5390772819519043,0.16523696730534235,0.08766440426309903,0.26699166496594745,0.41622016827265423,0.7279533644517263,8.69418528304493,-5.106219070392704,-8.82869315296261,0.0,0.0
ES2003a,99,0.3795020878314972,0.19151032467683157,0.5705147782961527,0.17846772074699402,0.06517421578367551,0.35149188339710236,0.44237302740414935,0.7198334534962972,8.034907704439858,-5.86194860885104,-8.050422509127298,0.0,0.0
ES2003a,100,0.37393316626548767,0.1637670397758484,0.5097187260786692,0.20528018971284231,0.11524442831675212,0.28233157594998676,0.39241430163383484,0.7823569575945536,5.765628012137632,-4.243566201538662,-7.705447171040434,0.0,0.0
ES2003a,101,0.3581877152125041,0.19748835265636444,0.6204187472661337,0.19337522238492966,0.061667539179325104,0.38471148411432904,0.40847741564114887,0.5067258281633258,2.3552492281767674,-3.8689726223791574,-5.691459456713697,0.0,0.0
ES2003a,102,0.42400234937667847,0.19968864818414053,0.5350280006726583,0.13706513494253159,0.08188122386733691,0.5489978094895681,0.4651891489823659,0.3060809460779031,-1.253473527554722,2.4536598900668696,-5.8753903975089505,0.0,0.0
ES2003a,103,0.4459947347640991,0.2448054403066635,0.35803377131621045,0.17273176709810892,0.08850903809070587,0.4898594617843628,0.44440199931462604,0.5385305086771647,3.747529253404711,5.6305378952821075,-3.2753914743634156,0.0,0.0
ES2003a,104,0.734283963839213,0.5034227768580118,0.2551305741071701,0.2531926284233729,0.19638649125893912,0.6291617155075073,0.4972108006477356,0.3523591061433156,15.136165983599284,-38.47864032497301,-8.045931405453453,0.0,0.0
ES2003a,105,0.6570752064387003,0.4692213336626689,0.26560933391253155,0.330994854370753,0.3576814333597819,0.5522037446498871,0.4994105398654938,0.665236567457517,1.8674076881382653,-13.171871125485183,-14.76161011886991,0.0,0.0
ES2003a,106,0.47096752127011615,0.35976746678352356,0.25165993347764015,0.26640574385722476,0.3008025512099266,0.420293132464091,0.4186847507953644,0.3735979252184431,-4.023261857382811,-0.12897811088310598,-27.1835182923318,0.0,0.0
ES2003a,107,0.45240306854248047,0.32736584544181824,0.17535016934076944,0.15097697575887045,0.21573415398597717,0.3232474575440089,0.3882732192675273,0.2691786587238312,-25.017001222301925,14.757442037413256,-23.483990743813322,0.0,0.0
ES2003a,108,0.0,0.0,0.0,0.0,0.0,0.0,0.0,0.0,0.0,0.0,0.0,0.0,0.0
ES2003a,109,0.16266566514968872,0.09456557035446167,0.0852402647336324,0.08763338128725688,0.0581341286500295,0.12549973527590433,0.15776178240776062,0.3330473105112712,-0.6233158433801088,0.26427906759743913,-5.574803466944132,0.0,0.0
ES2003a,110,0.37053511540095013,0.2973737319310506,0.2479104995727539,0.09571848809719086,0.048846213767925896,0.5109661221504211,0.34584786494572956,0.08425187226384878,-1.3271326100056762,-9.242354301470195,-6.728096250331909,0.0,0.0
ES2003a,111,0.10361351569493611,0.10040732224782307,0.1817522644996643,0.06928991278012593,0.02531675746043523,0.15759655833244324,0.17734517653783163,0.16768668095270792,0.0,0.0,0.0,0.0,0.0
ES2003a,112,0.1503870685895284,0.04750396807988485,0.3169042468070984,0.09819950660069783,0.08854994177818298,0.21983124812444052,0.1732892394065857,0.09942410389582317,0.0,0.0,0.0,0.0,0.0
ES2003a,113,0.44647454222043353,0.2559751272201538,0.6262224117914835,0.1053868904709816,0.07473174358407657,0.6054076453049978,0.44047759970029193,0.30006041874488193,-9.788767891509488,-24.965084817541847,2.0346319172995506,0.0,0.0
ES2003a,114,0.4596976041793823,0.2381594330072403,0.5531502266724905,0.15871675064166388,0.051674981911977134,0.6754123369852701,0.4228425621986389,0.3497165311127901,5.436199141037704,-15.200609104823817,-5.258550894541781,0.0,0.0
ES2003a,115,0.3972287078698476,0.15098967651526132,0.6205464005470276,0.1744101420044899,0.056091309835513435,0.463759442170461,0.4485955635706584,0.4141741432249546,4.7681604219132705,-13.077228045165539,-6.209407583541524,0.0,0.0
ES2003a,116,0.4392222762107849,0.20483843485514322,0.5263730635245641,0.19063741465409598,0.038664511715372406,0.6140864491462708,0.4158776005109151,0.3619132076079647,-2.661415310967879,-23.474157849196718,2.084690276055861,0.0,0.0
ES2003a,117,0.4885301987330119,0.23280643920103708,0.2971377521753311,0.16216331471999487,0.10898919403553009,0.5800883571306864,0.4849817256132762,0.7394787073135376,-8.389326842734759,-8.376834079906383,-11.424908433559743,0.0,0.0
ES2003a,118,0.6342043876647949,0.3502157951394717,0.33240029712518054,0.21108745535214743,0.08082557593782742,0.41559456785519916,0.5111455818017324,0.6431054758528868,-12.164903344851794,-14.482151790798317,-5.106177184408953,0.0,0.0
ES2003a,119,0.4351177414258321,0.4417808453241984,0.24539580941200256,0.07149251302083333,0.05057773242394129,0.17713959018389383,0.3232569694519043,0.5803040464719137,-7.740913425033678,-8.093250510113952,1.2921441616270597,0.0,0.0
ES2003a,120,0.0,0.0,0.0,0.0,0.0,0.0,0.0,0.0,0.0,0.0,0.0,0.0,0.0
ES2003a,121,0.187831978003184,0.13689573605855307,0.17825659116109213,0.03122936685880025,0.010452359914779663,0.09347927570343018,0.19693020979563394,0.2538848916689555,-0.6680305255519746,-8.36542280827081,-1.5671465373950293,0.0,0.0
ES2003a,122,0.0,0.0,0.0,0.0,0.0,0.0,0.0,0.0,0.0,0.0,0.0,0.0,0.0
ES2003a,123,0.0,0.0,0.0,0.0,0.0,0.0,0.0,0.0,0.0,0.0,0.0,0.0,0.0
ES2003a,124,0.29756246010462445,0.21301881720622381,0.18036664028962454,0.1587370956937472,0.14214823270837465,0.36009518305460614,0.3435857693354289,0.020180424054463703,-50.310228502362634,-0.9424487320655904,-21.582293511717058,0.0,0.0
ES2003a,125,0.45118194818496704,0.2878473401069641,0.3109290401140849,0.10476274788379669,0.04875475664933523,0.3009859224160512,0.3738422890504201,0.23611847932140032,-2.9576658059431735,11.207068022272013,-6.633556151755202,0.0,0.0
ES2003a,126,0.0,0.0,0.0,0.0,0.0,0.0,0.0,0.0,0.0,0.0,0.0,0.0,0.0
ES2003a,127,0.18213880062103271,0.13974546392758688,0.11848800381024678,0.059166520833969116,0.01688888172308604,0.17575480540593466,0.2039990226427714,0.310264527797699,-37.2903630043236,12.929367157885947,-38.33300869007552,0.0,0.0
ES2003a,128,0.0,0.0,0.0,0.0,0.0,0.0,0.0,0.0,0.0,0.0,0.0,0.0,0.0
ES2003a,129,0.38590820630391437,0.28273817400137585,0.179318701227506,0.20083905259768167,0.19416489203770956,0.4088122248649597,0.33917345603307086,0.5840901732444763,-89.40123707702463,41.92620986325201,-87.97345421280318,0.0,0.0
ES2003a,130,0.4232337673505147,0.3451331555843353,0.38147131601969403,0.18990246951580048,0.2078153391679128,0.23969894647598267,0.32543910543123883,0.4469158748785655,8.046724203234577,4.483696356486159,-12.12655071427522,0.0,0.0
ES2003a,131,0.5163054664929708,0.36952876051266986,0.3411778012911479,0.07713601489861806,0.08328517278035481,0.1912092516819636,0.33273536960283917,0.24866436421871185,4.544696934262874,12.184665001481607,-7.759123711071916,0.0,0.0
ES2003a,132,0.7322589755058289,0.5355855921904246,0.7369009455045065,0.185761625568072,0.12424291670322418,0.6426710287729899,0.6101498603820801,0.2158712993065516,-16.199552347464294,27.983803273533955,-31.626802060346673,0.0,0.0
ES2003a,133,0.6339917580286661,0.3744376301765442,0.4214930733044942,0.22028356293837228,0.20950314650932947,0.3537646407882373,0.49171993136405945,0.5298541386922201,-32.72490751473694,48.88440519428559,-43.932011900636205,0.0,0.0
ES2003a,134,0.18337827920913696,0.07625428835550944,0.11832533280054729,0.02273835986852646,0.007662073398629825,0.18174664179484049,0.17217604319254556,0.16042590141296387,-6.533396021324346,11.183266857339321,-12.627994311032856,0.0,0.0
ES2003a,135,0.24372784296671549,0.19534291823705038,0.25945667425791424,0.05652832488218943,0.04402621587117513,0.19488982359568277,0.21452232201894125,0.23649970690409342,3.349127034110433,3.0726176764074236,-6.570443026132758,0.0,0.0
ES2003a,136,0.45808746417363483,0.3614316483338674,0.4101654887199402,0.08447388559579849,0.05157406131426493,0.22697623570760092,0.3448827664057414,0.306883217766881,7.314495499833111,7.170079680311048,-11.377171190961723,0.0,0.0
ES2003a,137,0.4133613308270772,0.32519905765851337,0.2973007907470067,0.22684580087661743,0.13980716218551,0.43857383728027344,0.3754793405532837,0.21456825733184814,3.4226880638720387,15.694206455786729,-6.1827682034901885,0.0,0.0
ES2003a,138,0.6977077921231588,0.46816718578338623,0.3316812614599864,0.16812917590141296,0.11770651241143544,0.4365433355172475,0.5150198638439178,0.17413434448341528,-16.153465775051448,45.6239912403526,-26.69672500442462,0.0,0.0
ES2003a,139,0.7353120644887289,0.4891138474146525,0.5801718930403391,0.1351062742372354,0.03844421294828256,0.5448729793230692,0.5331612626711527,0.5107304155826569,1.097574125035629,17.265548217567954,-17.72274047723501,0.0,0.0
ES2003a,140,0.48936404784520465,0.3891724745432536,0.49395551284154254,0.07410193979740143,0.0356200635433197,0.2860079010327657,0.31216227014859516,0.23634174217780432,5.941891686547894,8.630250880106589,-11.717478158410353,0.0,0.0
ES2003a,141,0.6594074467817942,0.4696792761484782,0.5558632761240005,0.1761763965090116,0.06978732720017433,0.6152950326601664,0.501562645037969,0.4428765879323085,15.88563722901545,3.2139516364367764,-16.283175570119464,0.0,0.0
ES2003a,142,0.7556430498758951,0.5348060925801595,0.46913811564445496,0.16679839044809341,0.10625983774662018,0.49317091703414917,0.4549156129360199,0.3050684283177058,-4.107235628189412,29.601907173770282,-21.180377759710094,0.0,0.0
ES2003a,143,0.7579086224238077,0.5820804834365845,0.6245149274667104,0.23279588917891184,0.14151312162478766,0.5435313284397125,0.5022820234298706,0.881903350353241,-9.101970162983775,31.197473987139023,-24.847012529630707,0.0,0.0
ES2003a,144,0.6978896458943685,0.6153044104576111,0.5406247278054556,0.26009032130241394,0.2745472639799118,0.5777401129404703,0.49411781628926593,0.7338784833749136,15.83962189701812,-2.8674703414596987,-15.176865250208033,0.0,0.0
ES2003a,145,0.6981736421585083,0.6160917282104492,0.5133652786413828,0.14620732019344965,0.11771938453118007,0.42309239506721497,0.3890405098597209,0.6200034022331238,14.299844202971448,-4.797053732120741,-14.195361158108327,0.0,0.0
ES2003a,146,0.7682968974113464,0.6389758785565695,0.6257162789503733,0.1903205687801043,0.12260869393746059,0.4772746115922928,0.5594837466875712,0.4524455616871516,-4.307377364806874,26.901872822887345,-16.48062155570679,0.0,0.0
ES2003a,147,0.6529863874117533,0.43076996008555096,0.3723193456729253,0.20308620731035867,0.09595939517021179,0.5198666552702585,0.4254824419816335,0.5613712271054586,3.7862601069057646,7.78028736812202,-13.176674962523345,0.0,0.0
ES2003a,148,0.6624805331230164,0.5348115861415863,0.476219117641449,0.23424175133307776,0.2392613341410955,0.3558937907218933,0.4587930738925934,0.6656183004379272,-22.674007842185308,23.989686324652144,-31.649732184405337,0.0,0.0
ES2003a,149,0.7198625405629476,0.47613925735155743,0.47711507479349774,0.12610802302757898,0.08347118149201076,0.42867550253868103,0.5475992759068807,0.08810758652786414,0.37284900200637816,45.66055541353924,-1.1659525455467559,0.0,0.0
ES2003a,150,0.6721419294675192,0.49439501762390137,0.5921057959397634,0.11343684792518616,0.07220511386791865,0.5065933267275492,0.537058413028717,0.30430353184541065,0.23213677550727696,44.18461068046371,-0.9136223834332684,0.0,0.0
ES2003a,151,0.6845189929008484,0.4820314149061839,0.5700511634349823,0.1067405417561531,0.076618575801452,0.46830936272939044,0.5176987449328104,0.4742628037929535,0.06881434950102068,43.16661429150875,-0.9009374967919923,0.0,0.0
ES2003a,152,0.6734773516654968,0.5070388913154602,0.6217711567878723,0.11552056918541591,0.06621748333175977,0.5130288402239481,0.46464717388153076,0.5482366482416788,0.545906607374593,41.333548932070045,-0.857524195321564,0.0,0.0
ES2003a,153,0.709560751914978,0.6039920051892599,0.5786483883857727,0.11190363268057506,0.056735665847857795,0.45609284440676373,0.4210992157459259,0.51113427678744,0.9109140692860954,40.34913231239161,-0.525391606165636,0.0,0.0
ES2003a,154,0.7159685691197714,0.5700924098491669,0.6849890549977621,0.11407274752855301,0.040830181911587715,0.5170840620994568,0.48745957016944885,0.4862719376881917,1.370813629568908,39.91447742394339,-0.21522404508657267,0.0,0.0
ES2003a,155,0.7356429100036621,0.6301486492156982,0.6374476850032806,0.10871401925881703,0.04840963954726855,0.37831669052441913,0.47750337918599445,0.49252055088679,1.379274084061768,39.67013868886597,0.11603919540979916,0.0,0.0
ES2003a,156,0.6629853447278341,0.46030186613400775,0.5997940500577291,0.09108429153760274,0.04784046610196432,0.3412492126226425,0.4395728309949239,0.5092560251553854,4.71942324635287,37.3912891557954,0.32544972762134083,0.0,0.0
ES2003a,157,0.6397698720296224,0.40168818831443787,0.4498818715413411,0.12765207141637802,0.06928130549689133,0.4291432698567708,0.47823671499888104,0.606899251540502,0.700561982618348,42.87526163273995,-3.021489671695375,0.0,0.0
ES2003a,158,0.5888927479585012,0.29923973480860394,0.46447353561719257,0.07856692870457967,0.06527246659000714,0.37920978913704556,0.4998622238636017,0.25721844875564176,4.3895279105766205,45.93596292297934,0.024983280474321735,0.0,0.0
ES2003a,159,0.4962967534859975,0.2281850278377533,0.45846761266390484,0.06953959663709004,0.03760399421056112,0.2503948161999385,0.64946977297465,0.4490147239218156,3.4086231324841942,44.703429720949686,-0.42155415059784596,0.0,0.0
ES2003a,160,0.5101343393325806,0.29405685265858966,0.6025436917940775,0.06276109317938487,0.07199451141059399,0.31322840849558514,0.5294384757677714,0.23574908574422201,4.297648631339093,46.28582472770395,1.1664207268290254,0.0,0.0
ES2003a,161,0.4937284191449483,0.26236868401368457,0.6098530689875284,0.06429798280199368,0.05278870835900307,0.2747623473405838,0.6179805000623068,0.40224633117516834,2.3987019383806056,44.79352332614923,-0.666407825214616,0.0,0.0
ES2003a,162,0.5731555223464966,0.20358693599700928,0.560722162326177,0.0713971455891927,0.03764280490577221,0.21221003433068594,0.6242213646570841,0.30895209809144336,4.268453753782327,46.71740317258835,1.0682504838240472,0.0,0.0
ES2003a,163,0.5566056072711945,0.24824489653110504,0.6603083610534668,0.07495651145776112,0.029552513112624485,0.2671557043989499,0.5801354050636292,0.12128420112033685,2.7658893298538616,43.70867307603557,-0.5152236121930439,0.0,0.0
ES2003a,164,0.5056178073088328,0.1889669100443522,0.5790908932685852,0.07093241314093272,0.039907223234574,0.19382335245609283,0.5904634197552999,0.22372169606387615,2.7912973721324867,44.08873359872555,-0.5018833681547183,0.0,0.0
ES2003a,165,0.5399543046951294,0.18799538413683572,0.5565521518389384,0.06953397020697594,0.039642450089255966,0.3573655386765798,0.6034846305847168,0.43485018486777943,2.6750853520733187,43.9242154127727,-0.30254922244271665,0.0,0.0
ES2003a,166,0.563601553440094,0.17656626303990683,0.6420957446098328,0.07409533609946568,0.040006970365842186,0.23394832015037537,0.6256226301193237,0.16696882682542005,2.3099189934613253,43.6657036429643,-0.15347032787519851,0.0,0.0
ES2003a,167,0.41396350661913556,0.23841928939024606,0.27501318355401355,0.07247655590375264,0.025164205580949783,0.5529836813608805,0.44422514239947003,0.17900621891021729,37.201474356551,-69.90829210382468,-39.21754993268911,0.0,0.0
ES2003a,168,0.3864251673221588,0.32789236803849536,0.30135178565979004,0.07597697402040164,0.03426294463376204,0.505926658709844,0.5183541377385458,0.23175481520593166,28.187624516517797,-72.15386013319345,-29.765320353269345,0.0,0.0
ES2003a,169,0.46011661489804584,0.3261960744857788,0.3245258778333664,0.11196866631507874,0.05449974785248438,0.46082426110903424,0.4722594420115153,0.30139903351664543,17.32642902517115,-67.95523851968835,-17.76461686868056,0.0,0.0
ES2003a,170,0.521602213382721,0.3699941138426463,0.39512144525845844,0.09464420626560847,0.03757877026995023,0.4023940364519755,0.5270826319853464,0.5939112106959025,14.765879727523762,-66.74042618324235,-15.450907709107113,0.0,0.0
ES2003a,171,0.3542817234992981,0.1379599173863729,0.6996423006057739,0.08778808514277141,0.038789087906479836,0.5224774777889252,0.40152665972709656,0.610708291331927,14.418330073610035,-68.01770452282507,-14.661782719043293,0.0,0.0
ES2003a,172,0.4329814116160075,0.16383777310450873,0.5887610713640848,0.10637694348891576,0.06087368975083033,0.44204989075660706,0.4414544900258382,0.9044189453125,9.949459802352473,-65.37908394086473,-8.997151904856144,0.0,0.0
ES2003a,173,0.4841563204924266,0.1930884669224421,0.3025972247123718,0.1013547753294309,0.0497837762037913,0.5935159921646118,0.44374250372250873,0.8541908661524454,11.727871602336952,-64.41634813653502,-11.103673857133918,0.0,0.0
ES2003a,174,0.43357427914937335,0.32615578671296436,0.37524619698524475,0.12317138413588206,0.0867840846379598,0.494074414173762,0.456284503142039,0.8160328467686971,14.292068504740575,-66.04206666843464,-14.730129150460238,0.0,0.0
ES2003a,175,0.40679988265037537,0.27214514712492627,0.3591214120388031,0.10939351717631023,0.05926886076728503,0.6675601005554199,0.48721537987391156,0.6864066421985626,17.456322425318202,-67.31964607518758,-18.22483223772723,0.0,0.0
ES2003a,176,0.3792789578437805,0.14120600620905557,0.5059687197208405,0.0828821857770284,0.0432477742433548,0.401251753171285,0.4627888699372609,0.5234703669945399,18.467475451269447,-67.62493010161667,-19.483717321502642,0.0,0.0
ES2003a,177,0.45703450838724774,0.26119117935498554,0.3941904803117116,0.14293683816989264,0.10553940758109093,0.4685131311416626,0.5528011719385783,0.8699172337849935,16.1505533983639,-68.54404670965538,-16.778983442886787,0.0,0.0
ES2003a,178,0.46513835589090985,0.265914186835289,0.3617018262545268,0.13203389942646027,0.06372390066583951,0.605560839176178,0.4608352482318878,0.7650521198908488,17.275240944400338,-64.71671866301968,-17.433737457371972,0.0,0.0
ES2003a,179,0.39245327313741046,0.21329534550507864,0.31634753942489624,0.11592589815457661,0.042104313150048256,0.47471608718236286,0.4668805996576945,0.7188251316547394,13.999686847959063,-66.72683223687741,-14.548234755457,0.0,0.0
ES2003a,180,0.5191792249679565,0.2461386819680532,0.3731623987356822,0.20956977705160776,0.15369242429733276,0.6853561600049337,0.5424707730611166,0.8829264839490255,14.948233598368345,-66.43570325213494,-14.750567036689405,0.0,0.0
ES2003a,181,0.5349648495515188,0.19357417523860931,0.39153871436913806,0.15975812574227652,0.13271375000476837,0.3323718806107839,0.5316049754619598,0.17079042394955954,11.70802884626851,-39.0488612897399,-9.430798664564975,0.0,0.0
ES2003a,182,0.5915676951408386,0.45949870347976685,0.3230890134970347,0.166536475221316,0.106275608142217,0.4420278072357178,0.4740537206331889,0.5921732783317566,7.667796539833797,-17.89031147286458,-3.1781806235970858,0.0,0.0
ES2003a,183,0.7023488283157349,0.47592514753341675,0.2228103925784429,0.19013101359208426,0.11429464817047119,0.38294679919878644,0.4461835225423177,0.2793363730112712,5.124716294321931,-10.927503046962356,-1.673370893915645,0.0,0.0
ES2003a,184,0.6314406394958496,0.36351727694272995,0.2559901028871536,0.14180086801449457,0.06846381351351738,0.46625979741414386,0.4953104654947917,0.36226707448561984,11.901535243933829,-28.04837517218152,-8.775603052421031,0.0,0.0
ES2003a,185,0.5724165836970011,0.3159853368997574,0.31841478248437244,0.12371116628249486,0.056698198119799294,0.27042721460262936,0.4969356656074524,0.43886205305655795,10.247718892762782,-31.20396742302862,-10.275055452401746,0.0,0.0
ES2003a,186,0.5173969268798828,0.2298040141661962,0.16072159757216772,0.14464186131954193,0.08133318399389584,0.4200746516386668,0.35990190505981445,0.06450176239013672,8.723848893496518,-14.84573447080183,-9.151747207203039,0.0,0.0
ES2003a,187,0.5899650454521179,0.34068307280540466,0.16255965332190195,0.1524438957373301,0.08634169648090999,0.19434636334578195,0.3576370080312093,0.113703445220987,7.888348958104548,-15.814951492547225,-5.665330753963953,0.0,0.0
ES2003a,188,0.5862520933151245,0.30343634883562726,0.3279525339603424,0.18330695728460947,0.12026271472374599,0.26875124375025433,0.36073997616767883,0.2411510149637858,6.935568152153297,-15.57370954571762,-5.571825248910666,0.0,0.0
ES2003a,189,0.5610527396202087,0.25946815808614093,0.26365404824415845,0.1575884371995926,0.0827185461918513,0.22312967479228973,0.3951228857040405,0.18498602757851282,7.819843202728769,-14.92966679121916,-5.803235805089226,0.0,0.0
ES2003a,190,0.5775790015856425,0.2924706091483434,0.2659978965918223,0.17129652698834738,0.08869072546561559,0.2312702089548111,0.432358851035436,0.23572435975074768,9.082661793376957,-15.320098778279473,-5.497108510957172,0.0,0.0
ES2003a,191,0.592934767405192,0.3454923629760742,0.3772985239823659,0.17625552912553152,0.1249124010403951,0.2564544553558032,0.43700384100278217,0.13814816748102507,8.897443257321196,-14.893866852287921,-5.535708127471675,0.0,0.0
ES2003a,192,0.6083385149637858,0.4939306875069936,0.224649245540301,0.17253897587458292,0.09702003747224808,0.17170835534731546,0.36885995666186017,0.20946077505747476,7.591170358177673,-14.859915399903912,-5.282328580167962,0.0,0.0
ES2003a,193,0.5627764463424683,0.4470039904117584,0.2901061375935872,0.18910237153371176,0.11533086498578389,0.24803613126277924,0.47240378459294635,0.13998928417762121,8.06702445516594,-14.827715715078957,-4.879843735105079,0.0,0.0
ES2003a,194,0.6196267406145731,0.3585176219542821,0.3712357779343923,0.19379272063573202,0.13292782257000604,0.2404619107643763,0.5108261207739512,0.09900891408324242,9.613851037214028,-14.32973254675124,-5.915486971780543,0.0,0.0
ES2003a,195,0.5899636745452881,0.3223654429117839,0.45165565609931946,0.20057687163352966,0.11089645077784856,0.26283570130666095,0.4550880392392476,0.29954840367039043,10.917651854709781,-14.856237048292783,-5.616260023052494,0.0,0.0
ES2003a,196,0.4215981066226959,0.17798435191313425,0.19284425179163614,0.06972850362459819,0.011499466374516487,0.4437306920687358,0.4834611515204112,0.19675782105575004,-0.4502247042900054,8.942045659348224,1.8072523859291543,0.0,0.0
ES2003a,197,0.5240638454755148,0.2769782195488612,0.32089536140362424,0.09255437428752582,0.018085531579951446,0.34477243820826214,0.507058173418045,0.31795486994087696,5.327822820077308,13.803292038193318,2.763409398759292,0.0,0.0
ES2003a,198,0.48453118403752643,0.2602475881576538,0.6147534350554148,0.11248976240555446,0.0425197451064984,0.40858819087346393,0.4593355556329091,0.11735545719663303,13.648122530395318,17.606518119255497,3.9481985034431126,0.0,0.0
ES2003a,199,0.5944726268450419,0.3378084401289622,0.3700193166732788,0.18865829706192017,0.11273007094860077,0.2568267782529195,0.48454737663269043,0.26287028566002846,9.446780342543272,-14.286418990481152,-6.793979708086117,0.0,0.0
ES2003a,200,0.6074655254681905,0.32956336438655853,0.2959366838137309,0.18821940819422403,0.11089204500118892,0.20815694332122803,0.3807293077309926,0.33848536014556885,8.669219755797002,-14.206528422194992,-6.852789204274724,0.0,0.0
ES2003a,201,0.579244335492452,0.23480570316314697,0.31310194730758667,0.16274705529212952,0.12032230695088704,0.26019149521986645,0.44926754633585614,0.274251992503802,8.646740609178604,-14.819195719635461,-6.505241506578557,0.0,0.0
ES2003a,202,0.5787264704704285,0.2336838593085607,0.33816394209861755,0.1674073338508606,0.10707660019397736,0.26244978109995526,0.4940453767776489,0.36728666226069134,7.894580418841458,-14.860586710458543,-6.0834357710837805,0.0,0.0
ES2003a,203,0.5518327554066976,0.28169205288092297,0.3185991048812866,0.1774743894735972,0.11224674060940742,0.24547419448693594,0.48322535554567975,0.27379444738229114,8.358314670744226,-15.057013895133863,-6.60998610286093,0.0,0.0
ES2003a,204,0.5462452371915182,0.28442931175231934,0.21452106535434723,0.12354481716950734,0.10714667042096455,0.2950472633043925,0.4087911546230316,0.5754412313302358,8.141823725714849,-14.967388971894664,-6.330314667217965,0.0,0.0
ES2003a,205,0.5540718833605448,0.3182846009731293,0.18719505767027536,0.14563392847776413,0.08586440483729045,0.30819475650787354,0.3874100148677826,0.45792024334271747,8.364381754110443,-15.392485764004888,-6.3279475511156305,0.0,0.0
ES2003a,206,0.6216937899589539,0.31261232992013294,0.23213363687197366,0.11058522760868073,0.07853065431118011,0.40508313477039337,0.4608383576075236,0.21743264545996985,5.654404214706504,-10.313349497729222,-2.990360412077466,0.0,0.0
ES2003a,207,0.38590383529663086,0.14949061473210654,0.2070798377195994,0.06609381238619487,0.030251309275627136,0.2751818001270294,0.2722315688927968,0.5215520858764648,-1.7231721688927681,-3.306142283825835,-2.672846915081717,0.0,0.0
ES2003a,208,0.5735766092936198,0.3905322253704071,0.4631527264912923,0.1601902817686399,0.07687196259697278,0.3903978069623311,0.387559046347936,0.6197185392181078,20.278579920068605,-17.025937130368202,-10.722261500283237,0.0,0.0
ES2003a,209,0.7019708951314291,0.3737194538116455,0.29599866767724353,0.15353059768676758,0.046634854127963386,0.34252549211184186,0.4876039922237396,0.5575576970974604,19.369740012687636,-17.990537079181767,-9.321909916486574,0.0,0.0
ES2003a,210,0.6660736997922262,0.4235040644804637,0.2903178185224533,0.13085983941952387,0.066042044510444,0.5395476619402567,0.4701253076394399,0.6938596367835999,24.267207422791007,-17.43477884982597,-6.687817274280984,0.0,0.0
ES2003a,211,0.7146217823028564,0.4589250385761261,0.2403202454249064,0.1148677517970403,0.045716057221094765,0.437368780374527,0.57154580950737,0.5220147569974264,21.10739227690901,-16.87378097114276,-7.968771944815412,0.0,0.0
ES2003a,212,0.6667415897051493,0.35820380846659344,0.3804036279519399,0.1109880159298579,0.04554192100962003,0.4079481263955434,0.4456450045108795,0.1548008732497692,18.034222439257757,-16.599571377263263,-9.722258030326978,0.0,0.0
ES2003a,213,0.603777547677358,0.2989849050839742,0.2806885987520218,0.08911752700805664,0.0475419374803702,0.38508421182632446,0.4798143009344737,0.04723112595578035,15.820989932359737,-16.308283261450754,-11.536355944355796,0.0,0.0
ES2003a,214,0.5678646862506866,0.4163089493910472,0.35235805436968803,0.21286610513925552,0.26212220763166744,0.3482411354780197,0.3586452802022298,0.3500574566423893,4.332515514842982,-42.85181926746196,-8.21570590979262,0.0,0.0
ES2003a,215,0.5535774926344553,0.31731484333674115,0.4963536163171132,0.09217369680603345,0.049934789538383484,0.21323553969462714,0.47251834472020465,0.3353746101881067,-6.2632596916399175,-27.01180545126066,-3.6396598193378726,0.0,0.0
ES2003a,216,0.3808650275071462,0.1577916940053304,0.3734004646539688,0.10378982126712799,0.07936269914110501,0.16587396214405695,0.48640176653862,0.2882794716084997,-8.126975216800352,-26.142048251000613,-5.0380394828880135,0.0,0.0
ES2003a,217,0.33418818314870197,0.17701620360215506,0.541707326968511,0.0858140562971433,0.044126653422911964,0.3203730136156082,0.43126267194747925,0.12492439709603786,-4.78010032083061,-63.10488576474014,-2.94380846967571,0.0,0.0
ES2003a,218,0.3829309145609538,0.18431018789609274,0.6026162604490916,0.09084025273720424,0.04103238259752592,0.2568173458178838,0.4360949595769246,0.05216210025052229,-5.995032695139279,-62.77168493575403,-2.8072769253630887,0.0,0.0
ES2003a,219,0.3886336386203766,0.19953036804993948,0.5513828694820404,0.10333983600139618,0.04993283127744993,0.33573682109514874,0.44433372219403583,0.05679904126251737,-5.974725593994601,-59.88140097970657,-3.5220010351723032,0.0,0.0
ES2003a,220,0.4308945834636688,0.1996890256802241,0.5482517679532369,0.0997756024201711,0.05311488235990206,0.4127959907054901,0.45456446210543316,0.11094970690707366,-5.320841012015777,-57.62952770778164,-5.286351103526874,0.0,0.0
ES2003a,221,0.38238464792569477,0.1818294127782186,0.5793952147165934,0.07835740596055984,0.03587642560402552,0.2679043610890706,0.46769702434539795,0.015276763665800294,-5.395985359745734,-53.66080705862513,-8.094013968481283,0.0,0.0
ES2003a,222,0.38742369413375854,0.19755494594573975,0.46087690194447833,0.0828359027703603,0.03863406057159106,0.2627434233824412,0.4596841136614482,0.03420779093479117,-4.16686269697043,-55.61143820708216,-8.308424090611853,0.0,0.0
ES2003a,223,0.4059962232907613,0.16019144157568613,0.5358861982822418,0.08777262270450592,0.03912126397093137,0.44011690219243366,0.45594411094983417,0.07670618663541973,-4.136753991863603,-55.084470949595094,-8.688523888386023,0.0,0.0
ES2003a,224,0.39407286047935486,0.11576192826032639,0.4908999303976695,0.07350075244903564,0.04101608072717985,0.35905198256174725,0.43751612305641174,0.03615782829001546,-4.346954370621585,-55.799900707315636,-8.00050595708021,0.0,0.0
ES2003a,225,0.4300305445988973,0.18584367632865906,0.5325262049833933,0.07993466407060623,0.04565104842185974,0.37569393714269,0.4488841195901235,0.028476207206646603,-3.9155841512929164,-53.862744474127,-9.333123111907202,0.0,0.0
ES2003a,226,0.4043697118759155,0.24305781722068787,0.548592617114385,0.07616084565718968,0.04921724398930868,0.44423309961954754,0.4576958417892456,0.016659293867026765,-3.3285443175757283,-53.10534549837099,-9.620127177937642,0.0,0.0
ES2003a,227,0.38055578867594403,0.17982817689577738,0.557143876949946,0.07999148219823837,0.03820565467079481,0.3283903698126475,0.460591326157252,0.021621688346688945,-3.5067900610564138,-51.72754864693525,-9.303403837000948,0.0,0.0
ES2003a,228,0.3442516128222148,0.12032588571310043,0.47353193163871765,0.08225700259208679,0.035532367105285324,0.30069038768609363,0.46982312202453613,0.006097106457067032,-4.37069922994742,-51.78371333840698,-8.887706723477862,0.0,0.0
ES2003a,229,0.33554209272066754,0.12867527703444162,0.5901433229446411,0.09251058846712112,0.0332597636928161,0.34576481580734253,0.45259787638982135,0.009116173217383524,-3.6440310078318277,-52.153577166899595,-7.944091312731234,0.0,0.0
ES2003a,230,0.42221705118815106,0.15821155409018198,0.5684936245282491,0.0813362995783488,0.033494820818305016,0.22932070990403494,0.4942888220151265,0.014741453225724399,-3.64842709114763,-53.333246747943484,-7.545306439290518,0.0,0.0
ES2003a,231,0.3470304111639659,0.14978454013665518,0.49531320730845135,0.07746633142232895,0.025048529108365376,0.157324289282163,0.42798395951588947,0.005726467274750273,-4.034943872041307,-51.17932191973254,-7.358441291936302,0.0,0.0
ES2003a,232,0.3979162673155467,0.18016370137532553,0.6042028069496155,0.07965123156706493,0.0375605138639609,0.2951378772656123,0.40425355235735577,0.05964446378250917,-3.8150070921741936,-49.37888911549177,-8.890630288676347,0.0,0.0
ES2003a,233,0.3347756465276082,0.18313672641913095,0.42285647988319397,0.08273521314064662,0.02918398069838683,0.17236947268247604,0.4362528721491496,0.0901715411649396,-2.4130606203350777,-47.602984908440725,-9.984912219654342,0.0,0.0
ES2003a,234,0.38963592052459717,0.20288257797559103,0.41263120373090106,0.08072627832492192,0.036766365791360535,0.38528961439927417,0.4262605309486389,0.0031900396958614388,-0.5642256490624449,-47.45998508773326,-10.3522868125989,0.0,0.0
ES2003a,235,0.36809919277826947,0.1644901434580485,0.4870161712169647,0.08427886168162028,0.03121143765747547,0.24352234601974487,0.3597029745578766,0.004638113935167591,-1.876352200190689,-47.47287785234439,-10.228067227838777,0.0,0.0
ES2003a,236,0.37213783462842304,0.1687186360359192,0.4949750105539958,0.08797205487887065,0.02452901564538479,0.3029783417781194,0.40215174357096356,0.025634446724628408,0.21399267972764466,-46.11082846889966,-11.556011352724605,0.0,0.0
ES2003a,237,0.5451046824455261,0.23930664857228598,0.4507673680782318,0.15525165696938834,0.05331109277904034,0.37493735055128735,0.5424053370952606,0.06658099281291167,-2.711085810897416,-7.1755225735127866,-5.665499881356333,0.0,0.0
ES2003a,238,0.4591580033302307,0.1547167698542277,0.38416944940884906,0.09600934386253357,0.08638853207230568,0.44061631957689923,0.5521210134029388,0.07039993690947692,-6.528470138160173,9.14840450044037,-4.431575317761257,0.0,0.0
ES2003a,239,0.48578761021296185,0.21754185358683267,0.4091220398743947,0.08030482257405917,0.027495767300327618,0.44466572999954224,0.35550806919733685,0.027527508209459484,-1.3782379506087903,-20.074601172737463,-6.900638352934568,0.0,0.0
ES2003a,240,0.39110662539800006,0.1685197353363037,0.41718141237894696,0.08474511404832204,0.031161082287629444,0.42954155802726746,0.38831762472788495,0.01600070670247078,0.4597034906288815,-45.329453968651286,-12.228064993100668,0.0,0.0
ES2003a,241,0.42215728759765625,0.15955879787604013,0.36561612288157147,0.08248753348986308,0.02901071620484193,0.44029687841733295,0.34777788321177167,0.040537653801341854,2.6161497886953584,-42.040340129624,-13.373285333357693,0.0,0.0
ES2003a,242,0.35801271597544354,0.178826704621315,0.3724944094816844,0.07635673880577087,0.02836338554819425,0.27924858033657074,0.39420244097709656,0.013014568326373896,2.1139553590728224,-42.37602951143281,-13.961323611323683,0.0,0.0
ES2003a,243,0.40484339992205304,0.22884058952331543,0.37053441007932025,0.07625371714433034,0.028574318314592045,0.2595696796973546,0.3335971136887868,0.014734428841620684,1.8787501489064085,-42.76261427088034,-13.174739613651075,0.0,0.0
ES2003a,244,0.4018697539965312,0.19258837898572287,0.33969880143801373,0.0770426020026207,0.029915188749631245,0.329278161128362,0.3701914648214976,0.021976616544028122,1.749947899549088,-40.91135344630941,-13.145536633281516,0.0,0.0
ES2003a,245,0.3854607840379079,0.16190022230148315,0.5011264383792877,0.08024200052022934,0.02638769584397475,0.3356291850407918,0.30279607574145,0.006983515767691036,1.8899497232580427,-42.42958602907307,-12.813748665069573,0.0,0.0
ES2003a,246,0.35590362548828125,0.14480592807133993,0.4697614312171936,0.07373809814453125,0.026157036423683167,0.4517833689848582,0.39219433069229126,0.015388389506066838,1.6326309156284988,-42.15839309748025,-13.340533701442633,0.0,0.0
ES2003a,247,0.34440277020136517,0.14882501463095346,0.34864338239034015,0.0796600803732872,0.030548001329104107,0.36306242148081463,0.34148211280504864,0.00978648584956924,2.6899826119052554,-42.886488053792554,-13.286932966976408,0.0,0.0
ES2003a,248,0.38156363368034363,0.15078427145878473,0.38460848728815716,0.08591466397047043,0.024347441270947456,0.46777792771657306,0.37525956829388935,0.03711855846146742,2.344400408067544,-42.34452793368271,-13.913264433311639,0.0,0.0
ES2003a,249,0.5296926399072012,0.3120393306016922,0.36117889483769733,0.11135798195997874,0.03925771079957485,0.3718027373154958,0.45110395550727844,0.22409777715802193,2.133014365374579,-23.170954435737134,-10.743674227395674,0.0,0.0
ES2003a,250,0.408108393351237,0.14706761638323465,0.4588804543018341,0.08319988970955212,0.02067846277107795,0.41190167268117267,0.3703007598718007,0.039264260209165514,-0.23561524619196472,-25.73805662836986,-11.02501886851592,0.0,0.0
ES2003a,251,0.3993433515230815,0.11960501472155254,0.44488903880119324,0.08668667823076248,0.026610455165306728,0.45908628900845844,0.3730231722195943,0.012588942733903727,-0.35837336182875434,-34.11824905249222,-12.737322192571474,0.0,0.0
ES2003a,252,0.36940790216128033,0.11732341845830281,0.3461785713831584,0.0928650697072347,0.025135186811288197,0.2766461620728175,0.3307831386725108,0.021230532477299374,1.3151262714251144,-35.81313031867699,-12.326063453377651,0.0,0.0
ES2003a,253,0.42867666482925415,0.20875018338362375,0.3908398449420929,0.09962929785251617,0.03428252972662449,0.604606439669927,0.3720252017180125,0.01856080877284209,2.7056055698234456,-38.26451466990424,-12.871417277185735,0.0,0.0
ES2003a,254,0.4035578767458598,0.13801039258639017,0.39610597491264343,0.08887382348378499,0.02737459974984328,0.49654587109883624,0.4055035014947255,0.033043782537182174,2.417729040039959,-38.17582495251781,-12.037705058658696,0.0,0.0
ES2003a,255,0.3821192781130473,0.17160547773043314,0.40747523307800293,0.09310841063658397,0.028864962980151176,0.4577041765054067,0.3544662992159526,0.021977523031334083,2.005999468216593,-39.069093823232,-12.43200387659394,0.0,0.0
ES2003a,256,0.4720977048079173,0.2812829613685608,0.3438202540079753,0.07690888146559398,0.023673979255060356,0.4850982228914897,0.3951076567173004,0.028088397501657408,0.4004911931644002,-27.493630620070395,-10.235184152727681,0.0,0.0
ES2003a,257,0.48837470014890033,0.21473502119382223,0.44239555795987445,0.08091625322898229,0.033467533687750496,0.4551210403442383,0.3728874425093333,0.039563870367904506,-1.0558863904137326,-32.48713510591495,-11.122044863588776,0.0,0.0
ES2003a,258,0.40530288219451904,0.1873903969923655,0.4688996771971385,0.08332906663417816,0.031006599466005962,0.5793465773264567,0.34405850370724994,0.009314671779672304,2.6609202948694777,-43.84725930773934,-13.379564859504598,0.0,0.0
ES2003a,259,0.3436771333217621,0.13900627940893173,0.4719896713892619,0.08196391661961873,0.03128088948627313,0.3125570813814799,0.34463435411453247,0.00828894724448522,2.732843071381487,-43.92236781287045,-13.71036072115382,0.0,0.0
ES2003a,260,0.3822018305460612,0.1403754179676374,0.5556407570838928,0.08636322617530823,0.03171266925831636,0.34759626785914105,0.37797029813130695,0.013217503748213252,1.7153139446014312,-43.779522743660436,-13.376942103327167,0.0,0.0
ES2003a,261,0.3169283668200175,0.1351735144853592,0.3823583523432414,0.08089194695154826,0.02722440908352534,0.2771667540073395,0.34975486000378925,0.011305342117945353,0.8563256589620223,-42.56515095114923,-13.730147310330741,0.0,0.0
ES2003a,262,0.35912080605824787,0.1530123551686605,0.5001483956972758,0.08211638530095418,0.02447680818537871,0.3132777412732442,0.3512492775917053,0.05699558431903521,1.288378045747656,-42.37613023100147,-13.332973793106822,0.0,0.0
ES2003a,263,0.7200136383374532,0.6453590790430704,0.2766427993774414,0.07340856889883678,0.03874547344942888,0.5159368713696798,0.42834896842638653,0.057118186416725315,8.962092366858144,-7.094842029853335,-1.336919524000983,0.0,0.0
ES2003a,264,0.7070029179255167,0.6594832936922709,0.21257160604000092,0.059039240082105,0.04437948018312454,0.6159513195355734,0.4757925768693288,0.03212645075594386,9.375005036931954,-8.713921012774266,-1.0205760419157421,0.0,0.0
ES2003a,265,0.7086248199144999,0.5798672437667847,0.3266955316066742,0.07623011246323586,0.0395034725467364,0.5778826177120209,0.4459545115629832,0.06592869533536334,9.197543386307649,-8.044692766546454,-1.520155241001311,0.0,0.0
ES2003a,266,0.6993074218432108,0.5411674380302429,0.21816635628541312,0.06241991619269053,0.039813836415608726,0.6345450282096863,0.45375192165374756,0.12645749049261212,8.960793217825062,-8.045965152759585,-1.719728132624505,0.0,0.0
ES2003a,267,0.7015950481096903,0.6672749718030294,0.29052293797334033,0.05838264028231303,0.036109199126561485,0.5672573943932852,0.44469032684961957,0.0175252811362346,8.931440728532033,-6.785789951102344,-2.1385801416129557,0.0,0.0
ES2003a,268,0.6738329927126566,0.6731463670730591,0.15248192846775055,0.059155210852622986,0.03746286158760389,0.64355997244517,0.4545637269814809,0.03585778859754404,9.546322366951571,-7.337788856074174,-1.9599153954903705,0.0,0.0
ES2003a,269,0.6607324083646139,0.6466704805692037,0.2966660459836324,0.07177891954779625,0.04428651183843613,0.6276321808497111,0.472656508286794,0.35374940171216923,9.853520834626211,-10.096925885068034,-1.3862695747154807,0.0,0.0
ES2003a,270,0.655239462852478,0.45618003606796265,0.46715163191159564,0.07357856631278992,0.034524726370970406,0.6166593233744303,0.5138042171796163,0.10508443042635918,13.87341201807304,-12.990696372673563,-0.4670255397374275,0.0,0.0
ES2003a,271,0.45643116037050885,0.25747987627983093,0.3412565489610036,0.10186869899431865,0.07987878968318303,0.4141915440559387,0.44245994091033936,0.0034979148379837475,-9.883394260549188,-50.478092555547555,-7.7489082042991315,0.0,0.0
ES2003a,272,0.4351686139901479,0.2671296149492264,0.5650360782941183,0.09711233774820964,0.06930975367625554,0.4336583564678828,0.41650999585787457,0.0014424533195172746,-8.327127542916843,-50.69865670845146,-9.330431994842998,0.0,0.0
ES2003a,273,0.4922039806842804,0.288053959608078,0.4358687102794647,0.10323351869980495,0.07754738132158916,0.3775874574979146,0.4015202522277832,0.001676595847432812,-8.189114235848763,-50.688613219889966,-9.891437213179183,0.0,0.0
ES2003a,274,0.4844684898853302,0.3241007626056671,0.4397237201531728,0.09352543453375499,0.07701144864161809,0.5332846542199453,0.46379299958546955,0.002091813560885688,-8.301022448583062,-46.93197331702879,-11.632684769533496,0.0,0.0
ES2003a,275,0.4886975089708964,0.33378633856773376,0.47579607367515564,0.103801595667998,0.07269700740774472,0.5619853734970093,0.4247726798057556,0.002082852025826772,-6.67093821836104,-47.27266492120875,-12.216409954253953,0.0,0.0
ES2003a,276,0.3761410216490428,0.24011166393756866,0.4046717882156372,0.09813807159662247,0.055787781874338783,0.3951773444811503,0.4282844463984172,0.0005195419168254981,-5.806301330412423,-48.70149481838107,-11.832501860747172,0.0,0.0
ES2003a,277,0.3716862003008525,0.21661394337813059,0.18721688290437064,0.0746278166770935,0.03249328707655271,0.26157596210638684,0.5372507870197296,0.02054849445509414,-14.42445836183019,4.701043330959774,-4.756132295133388,0.0,0.0
ES2003a,278,0.39527339736620587,0.26592399428288144,0.2040217419465383,0.11409882952769597,0.052880916744470596,0.36886726319789886,0.4898469150066376,0.30237147165462375,-16.59627167330185,38.173664942189724,-2.5613078635362734,0.0,0.0
ES2003a,279,0.5139285027980804,0.4018004337946574,0.3568512524167697,0.10644406204422314,0.059197889951368175,0.23595680544773737,0.46943503618240356,0.16382885980419815,-10.39624747609656,-2.2593404305863842,-8.313841228088945,0.0,0.0
ES2003a,280,0.3722471197446187,0.18824417889118195,0.605423629283905,0.07776891440153122,0.031636459132035576,0.2789486100276311,0.4480960468451182,0.00822150350237886,-6.506726891729923,-49.77881521763177,-10.564464756720708,0.0,0.0
ES2003a,281,0.39986775318781537,0.16007079680760702,0.5721853176752726,0.0876642515261968,0.038116052746772766,0.3840183715025584,0.3860434889793396,0.009857790622239312,-7.515316975630991,-49.19175411811002,-9.935499300585983,0.0,0.0
ES2003a,282,0.7282681067784628,0.6338884035746256,0.30669725437959033,0.08854779849449794,0.043748230983813606,0.5037428935368856,0.4479492207368215,0.4376032054424286,8.707359424953532,-12.311922153112492,-0.2612300226851179,0.0,0.0
ES2003a,283,0.7367228269577026,0.7444566289583842,0.2989634523789088,0.07656971613566081,0.0375028724471728,0.5439489384492239,0.46548324823379517,0.08922507551809152,10.183400622235082,-12.365605203593148,-0.2684516185771722,0.0,0.0
ES2003a,284,0.7705596089363098,0.6656672954559326,0.3028655747572581,0.13583137343327203,0.10813423370321591,0.6501888632774353,0.444396048784256,0.14690464983383814,9.912155970533352,-11.772824031788781,-0.9684721865138023,0.0,0.0
ES2003a,285,0.7130276163419088,0.6047930916150411,0.2526022096474965,0.1154159704844157,0.05426512782772382,0.387244592110316,0.4532851179440816,0.021956099818150204,9.250301632278282,-10.962284176457771,-1.0702060560537143,0.0,0.0
ES2003a,286,0.8018507361412048,0.6756492455800375,0.28153398633003235,0.11542370667060216,0.05203926687439283,0.5901758273442587,0.44150864084561664,0.03677310794591904,9.756988404263572,-10.621405139296803,-0.7422943063676394,0.0,0.0
ES2003a,287,0.44258102774620056,0.32117175062497455,0.4568934241930644,0.11001236985127132,0.056145730117956795,0.4287925759951274,0.3758215308189392,0.0011211358554040392,-13.061182592609155,-48.10723132447716,-7.149948079316567,0.0,0.0
ES2003a,288,0.3558800220489502,0.19314627597729364,0.45093658566474915,0.09068263073762257,0.03164922632277012,0.32200103004773456,0.4063541094462077,0.033423821131388344,-7.088519189308562,-34.60335016782167,-7.5665066860740735,0.0,0.0
ES2003a,289,0.446515013774236,0.2800671209891637,0.26297349234422046,0.07963302358984947,0.031172800809144974,0.3208774576584498,0.41069215536117554,0.007438612558568518,-5.6812824489643745,-29.492521110999025,-6.419922981585415,0.0,0.0
ES2003a,290,0.3434096376101176,0.09701820959647496,0.4943537910779317,0.09523215393225352,0.030579535911480587,0.5120462775230408,0.42525942126909894,0.013293514338632425,-7.957913414494439,-44.931890772511316,-9.781711373413618,0.0,0.0
ES2003a,291,0.3770243326822917,0.11348789433638255,0.6231200893719991,0.08649417261282603,0.03785011855264505,0.281617671251297,0.43410001198450726,0.003413431094183276,-8.679530101208805,-45.632506452810524,-9.04403001395498,0.0,0.0
ES2003a,292,0.37355058391888935,0.11042229334513347,0.6474775075912476,0.08571512748797734,0.03206139989197254,0.3453943332036336,0.4525517523288727,0.0033994574138584235,-8.392048888692594,-45.59514285479944,-8.720793005694887,0.0,0.0
ES2003a,293,0.3834195335706075,0.09707954277594884,0.6112446586290995,0.0849103331565857,0.0340721191217502,0.3352404832839966,0.44042450189590454,0.0007222787826322019,-7.230466720034477,-47.033139503132226,-8.911607069308808,0.0,0.0
ES2003a,294,0.31862247983614606,0.08698669821023941,0.5730880796909332,0.0868997077147166,0.03241495912273725,0.43554351727167767,0.37373627225557965,0.006899797512839238,-6.591478574105619,-46.557460594054895,-8.827991420759966,0.0,0.0
ES2003a,295,0.8212733666102091,0.800683875878652,0.15055414785941443,0.07256957391897838,0.050737328827381134,0.4178478221098582,0.5077779690424601,0.029793836874887347,7.609518510230754,-9.699021262609898,-1.8164362220623025,0.0,0.0
ES2003a,296,0.8310709198315939,0.7618568936983744,0.19789843757947287,0.08766085157791774,0.056248980263868965,0.4034728904565175,0.5546819170316061,0.04324148967862129,7.344319444070213,-10.252212553772017,-1.2594095674911143,0.0,0.0
ES2003a,297,0.6155214111010233,0.38221311072508496,0.32666568954785663,0.07411013295253117,0.03864877795179685,0.3406484325726827,0.5018248359362284,0.023902349174022675,9.560732789819058,-16.82800613982189,-7.032884022857684,0.0,0.0
ES2003a,298,0.4694249927997589,0.20979384581247965,0.5909020205338796,0.1526614377895991,0.021650856050352257,0.25906310478846234,0.4774504601955414,0.3344697952270508,2.1256585600216025,-6.012511701352451,-12.594722753150606,0.0,0.0
ES2003a,299,0.39724332094192505,0.160833939909935,0.807428777217865,0.13137530783812204,0.017426927884419758,0.3369898597399394,0.4734884897867839,0.16197054957350096,-0.14143672624746784,-4.673403807215315,-12.224637568748799,0.0,0.0
ES2003a,300,0.4175401230653127,0.217625101407369,0.8582579294840494,0.14527610937754312,0.016499280308683712,0.34005944430828094,0.5448185205459595,0.13421951979398727,-1.020995451313689,-4.427721893047984,-11.455739373357824,0.0,0.0
ES2003a,301,0.34803199768066406,0.1881986359755198,0.7589186628659567,0.11680327107508977,0.016237732643882435,0.4198573778072993,0.4964959919452667,0.14532590160767236,-2.125642884091246,-4.7159457420745845,-9.560908708530071,0.0,0.0
ES2003a,302,0.4049294988314311,0.20657325784365335,0.7223574916521708,0.11262954026460648,0.013426151126623154,0.4051322589317958,0.49497896432876587,0.189999890824159,-2.1902173797271183,-5.3383174014327315,-8.432316283666152,0.0,0.0
ES2003a,303,0.40819527705510456,0.2072691967089971,0.648507297039032,0.09644392629464467,0.015781750281651814,0.2668485442797343,0.5138912399609884,0.1865792858103911,-2.3792140207537167,-4.810711252925959,-8.341552562015861,0.0,0.0
ES2003a,304,0.34786688288052875,0.16947531700134277,0.6751689314842224,0.09807584931453069,0.01609309980024894,0.2993684609731038,0.5545419255892435,0.03917216199139754,-2.946040455808564,-4.731792876856775,-7.298225956662289,0.0,0.0
ES2003a,305,0.30524250864982605,0.18384928007920584,0.7022901773452759,0.10963429262240727,0.01686152257025242,0.33332155644893646,0.5626935958862305,0.12229552865028381,-3.1239397892426584,-4.2930125730578155,-6.962937162937425,0.0,0.0
ES2003a,306,0.4712148408095042,0.13872294376293817,0.8306255141894022,0.0972819874684016,0.015202190106113752,0.3650815983613332,0.569508691628774,0.09333845973014832,-3.0059273822082706,-3.8469518975911203,-6.828663954816296,0.0,0.0
ES2003a,307,0.3883855442206065,0.1402017151316007,0.8404340545336405,0.08256528402368228,0.019840489762524765,0.3260125120480855,0.5719906886418661,0.28880399962266284,-2.514155007871557,-3.903751552855228,-5.805697671139711,0.0,0.0
ES2003a,308,0.3392704824606578,0.17156278590361276,0.7108712991078695,0.07392973949511845,0.021186841030915577,0.20592224101225534,0.4977398216724396,0.14012626806894937,-2.9976018009476273,-3.563564457349632,-5.93062834008514,0.0,0.0
ES2003a,309,0.4114384353160858,0.18292266875505447,0.7015567819277445,0.07701656222343445,0.014979094577332338,0.29485832154750824,0.5062421361605326,0.21894995061059794,-3.1531129042383625,-3.094190403560535,-5.977545679894585,0.0,0.0
ES2003a,310,0.34736140569051105,0.15578905741373697,0.813484768072764,0.10207964728275935,0.013484990845123926,0.3284215380748113,0.47990859548250836,0.23604585975408554,-2.9799916038283,-2.7180497174880274,-6.308973049843442,0.0,0.0
ES2003a,311,0.3370440900325775,0.1923710604508718,0.8978688518206278,0.10600082327922185,0.017437587181727093,0.29443314174811047,0.5426303545633951,0.20285465319951376,-3.130425608529302,-2.736177993695552,-6.528180171530837,0.0,0.0
ES2003a,312,0.38056979576746625,0.13656660666068396,0.8382644454638163,0.09443211803833644,0.017949959263205528,0.2586881419022878,0.5354752441247305,0.14275249590476355,-3.2313910653794813,-2.4811597300773593,-6.72379552964503,0.0,0.0
ES2003a,313,0.2728659311930339,0.16809999446074167,0.8723982771237692,0.09878642112016678,0.018908121933539707,0.33782174438238144,0.4788412352403005,0.05822780293722948,-3.3961594640117787,-1.7437104931858232,-7.379425884775544,0.0,0.0
ES2003a,314,0.33377177516619366,0.1983362336953481,0.8585995634396871,0.09188034882148106,0.016004694004853565,0.2575145363807678,0.5076092680295309,0.1373192841808001,-3.196069481503752,-1.898514280688851,-7.4246508260357125,0.0,0.0
ES2003a,315,0.3765837947527568,0.20356338222821554,0.7886101007461548,0.10035435110330582,0.018581775327523548,0.3464994629224141,0.5143590569496155,0.23359588719904423,-3.1626519606693146,-1.7247621807330853,-6.948336240971526,0.0,0.0
ES2003a,316,0.43385882178942364,0.23296664655208588,0.8140175739924113,0.08751350889603297,0.01602691225707531,0.42087127765019733,0.4980846842130025,0.14272612581650415,-1.9960268438375897,-2.8333291419568845,-5.261855544205927,0.0,0.0
ES2003a,317,0.49976898233095807,0.16766471167405447,0.7704880634943644,0.08182731022437413,0.017599548523624737,0.23447905480861664,0.5214351216952006,0.11407522733012836,-1.3396655837381708,-3.805566328634493,-3.161257321885813,0.0,0.0
ES2003a,318,0.3971174856026967,0.15473605692386627,0.5265202720959982,0.06672822932402293,0.014549062587320805,0.23803529143333435,0.5029420653978983,0.1356315016746521,-1.4051923652240994,-3.3458125599088624,-2.6631829768855124,0.0,0.0
ES2003a,319,0.39818719029426575,0.1741802841424942,0.6802286008993784,0.08149060110251109,0.018289436896642048,0.17806311945120493,0.521763026714325,0.08940769763042529,-0.9402271640164949,-2.8207285455524214,-2.85580509436287,0.0,0.0
ES2003a,320,0.4570974012215932,0.20015482107798258,0.7312789559364319,0.08939019590616226,0.029535737509528797,0.26131126284599304,0.49591485659281415,0.044047826901078224,-1.0366397742589097,-2.154052475465956,-2.9186882003163923,0.0,0.0
ES2003a,321,0.41339146097501117,0.1804488773147265,0.6040464242299398,0.09293200572331746,0.01711351579676072,0.18575110286474228,0.49996302525202435,0.04417353806396326,-1.4299620223576994,-1.4044093484948919,-3.048021069179883,0.0,0.0
ES2003a,322,0.418637086947759,0.20318313936392465,0.6840986609458923,0.08849092572927475,0.018052432375649612,0.22417069474856058,0.5298935770988464,0.0969150432695945,-1.4490438433981645,-0.6714801329816124,-3.0941950528430264,0.0,0.0
ES2003a,323,0.4060089389483134,0.19413835803667703,0.4166230758031209,0.06963359316190083,0.017241092398762703,0.2309905787309011,0.4733928044637044,0.12053874135017395,-1.6995405861502129,-0.7650279336533193,-2.9831041526596884,0.0,0.0
ES2003a,324,0.42148595054944354,0.19099751114845276,0.5927155514558157,0.07358840604623158,0.017394895665347576,0.2490803450345993,0.5136335889498392,0.09196917588512103,-1.679860508538532,-0.6697400515415534,-3.0579086030313554,0.0,0.0
ES2003a,325,0.39523692925771076,0.20361496011416116,0.48672213157018024,0.06858807057142258,0.014542922688027224,0.2047213613986969,0.4918944537639618,0.10682416707277298,-2.334496357618486,-0.42369031678999897,-3.0857942398957214,0.0,0.0
ES2003a,326,0.36419310172398883,0.1972273886203766,0.5785038272539774,0.07646898925304413,0.01795511009792487,0.21578211585680643,0.5065405468146006,0.05033840425312519,-2.7916721034683696,-0.7443920393951187,-2.9999887096044193,0.0,0.0
ES2003a,327,0.30182210604349774,0.17389726638793945,0.7733203371365865,0.07389665146668752,0.012398050477107367,0.26488769551118213,0.45442067583401996,0.10225700090328853,-1.4942030591989361,-2.1987097000344877,-3.5099876468829767,0.0,0.0
ES2003a,328,0.5967100858688354,0.3233859638373057,0.31650660435358685,0.11042491098244984,0.05562987302740415,0.6952824195226034,0.3786955674489339,0.4832786212985714,16.776593069104173,-15.42724667196287,-11.432069969794126,0.0,0.0
ES2003a,329,0.31080461541811627,0.18214932084083557,0.7967760761578878,0.10238556067148845,0.022374512006839115,0.30622218052546185,0.49737287561098736,0.032814741445084415,-3.4994913506433925,4.21105353947874,-6.943304004567016,0.0,0.0
ES2003a,330,0.39957717061042786,0.22069478531678519,0.6654767394065857,0.10056098302205403,0.02234034053981304,0.37911340345939,0.4631320536136627,0.13333487510681152,-3.50167547525448,3.4932062270032738,-6.8119304998966514,0.0,0.0
ES2003a,331,0.38665497303009033,0.2049864480892817,0.7754319310188293,0.10879777868588765,0.019619328901171684,0.4466528097788493,0.5044879118601481,0.09230830272038777,-3.4539588599941937,3.0147928118175873,-6.332711475071991,0.0,0.0
ES2003a,332,0.36517592271169025,0.21007981896400452,0.7822267810503641,0.1023181105653445,0.016994195990264416,0.2893364876508713,0.49240439136823017,0.0669404249638319,-4.627487817344234,2.829782219365173,-6.620022292580742,0.0,0.0
ES2003a,333,0.3181561628977458,0.2595261087020238,0.751211146513621,0.08478691677252452,0.013940833508968353,0.25480347623427707,0.47093917926152545,0.07953998322288196,-4.474865234980192,2.528239118548365,-6.26914492194301,0.0,0.0
ES2003a,334,0.37645478049914044,0.18048758308092752,0.7739630937576294,0.09019772956768672,0.013656355130175749,0.33294891317685443,0.4966054360071818,0.057325455049673714,-4.5522469895168856,3.4269488516147875,-6.254363233707686,0.0,0.0
ES2003a,335,0.34043864409128827,0.14378770192464194,0.8128406405448914,0.0876799722512563,0.015921289722124737,0.3378389726082484,0.4822305043538411,0.23013660249610743,-4.205453010444729,3.7828736687026505,-6.110634249504741,0.0,0.0
ES2003a,336,0.2968886097272237,0.17738695442676544,0.7864750027656555,0.0822207083304723,0.01605366977552573,0.26031364500522614,0.46517491340637207,0.2565801541010539,-4.2319311084336,3.7366602133437112,-6.933993152787025,0.0,0.0
ES2003a,337,0.37965325514475506,0.16400498151779175,0.753877321879069,0.08934749662876129,0.01301789004355669,0.1761485661069552,0.5054018199443817,0.18170997500419617,-4.287992680901589,3.4928349335150632,-6.780319351074017,0.0,0.0
ES2003a,338,0.38782215118408203,0.23510668178399405,0.700353741645813,0.0871752103169759,0.013065820559859276,0.25622843702634174,0.4804391066233317,0.2362181544303894,-4.146914766071661,3.082449784369763,-6.797603570235151,0.0,0.0
ES2003a,339,0.3361474573612213,0.1688405474026998,0.8386271993319193,0.08666568249464035,0.015071335559089979,0.21328100065390268,0.5037380953629812,0.0329269344607989,-4.779996057127132,4.003773754846612,-6.555117662609935,0.0,0.0
ES2003a,340,0.2922862122456233,0.19446750978628793,0.7745372851689657,0.09433053433895111,0.015427862294018269,0.22077345351378122,0.47680869698524475,0.185812974969546,-5.1281191411533635,3.7213620697574616,-6.328865391588924,0.0,0.0
ES2003a,341,0.5051565965016683,0.2523553321758906,0.31123490631580353,0.09927271803220113,0.055952844520409904,0.5135261019070944,0.4492432177066803,0.04250605249156555,9.675829205823353,-20.375289512308076,-7.835441110491643,0.0,0.0
ES2003a,342,0.5347038904825846,0.3115112582842509,0.34695906937122345,0.10012502471605937,0.04326359182596207,0.4427962005138397,0.43720267216364544,0.0652640803406636,11.111394555525559,-18.688297236141093,-7.9626473402177185,0.0,0.0
ES2003a,343,0.6100258032480875,0.2770603100458781,0.32945608099301654,0.09466137240330379,0.05838024119536082,0.3157654404640198,0.3980209132035573,0.33526608099540073,12.183052755166294,-17.56621436404048,-10.07508416349861,0.0,0.0
ES2003a,344,0.6371550957361857,0.35474374890327454,0.1909456104040146,0.11923377215862274,0.058252730717261635,0.4151289761066437,0.43311121066411334,0.601149727900823,16.64329258291566,-15.445333484558113,-9.361417071668379,0.0,0.0
ES2003a,345,0.651446262995402,0.4101078013579051,0.15415446708599725,0.09606106827656428,0.07100913301110268,0.5108199119567871,0.46872155865033466,0.8792650699615479,16.371425941333374,-16.038325441561863,-9.182794941467641,0.0,0.0
ES2003a,346,0.6268910765647888,0.3662762741247813,0.2390889177719752,0.1472905750075976,0.10334152231613795,0.4881922701994578,0.4526866376399994,0.8817135294278463,17.125436151121963,-15.804264176026193,-9.723958367877652,0.0,0.0
ES2003a,347,0.6330722570419312,0.3975648880004883,0.20689646899700165,0.10433802753686905,0.058387200037638344,0.4287124276161194,0.5139817595481873,0.24858510494232178,15.927463987128716,-17.282938236935596,-9.927445908218392,0.0,0.0
ES2003a,348,0.6447558204332987,0.3476769079764684,0.49119962255160016,0.12728014836708704,0.045425852139790855,0.637673536936442,0.4586380521456401,0.3577697202563286,15.97726037749471,-15.856994272113484,-11.475834602272021,0.0,0.0
ES2003a,349,0.6640687982241312,0.28869834045569104,0.4054361581802368,0.1465407907962799,0.05505479375521342,0.5315206150213877,0.4328779379526774,0.18731681009133658,18.057272775777616,-16.83430735222398,-12.6535199021319,0.0,0.0
ES2003a,350,0.6938047210375468,0.3254212985436122,0.4372839828332265,0.1461928834517797,0.0629269207517306,0.5195846458276113,0.3857663770516713,0.26978061099847156,15.796963125346556,-16.121649846548863,-12.500698408788715,0.0,0.0
ES2003a,351,0.6726756691932678,0.32430745164553326,0.4964777131875356,0.14509527385234833,0.07498117784659068,0.5000640253225962,0.39881152908007306,0.48595234254995984,15.432026089845282,-17.12152922963797,-12.782000054912785,0.0,0.0
ES2003a,352,0.6149792273839315,0.2242547571659088,0.3897298077742259,0.10538710653781891,0.05743316933512688,0.4114736219247182,0.3817720214525859,0.5270126493026813,18.633279489767826,-18.330405629707325,-12.56105590121488,0.0,0.0
ES2003a,353,0.6626753409703573,0.2598571330308914,0.33698319395383197,0.1085927685101827,0.0568203025807937,0.37604546546936035,0.45199906826019287,0.28441583675642806,17.559731633613243,-18.020816090598792,-11.997344016992649,0.0,0.0
ES2003a,354,0.6848322947820028,0.2943495810031891,0.20531084636847177,0.10910510768493016,0.04409188280502955,0.45313804348309833,0.4325629075368245,0.14220523461699486,18.3247038633484,-15.48786360584513,-12.21120673881645,0.0,0.0
ES2003a,355,0.6127475102742513,0.3524370888868968,0.25830360253651935,0.11135771870613098,0.04715715597073237,0.5804961522420248,0.3609445095062256,0.3726667935649554,19.80611455650655,-14.492546340978736,-12.036459674129992,0.0,0.0
ES2003a,356,0.6991160909334818,0.2948988080024719,0.31040369470914203,0.14922278622786203,0.06403411800662677,0.7390188574790955,0.3760371009508769,0.37221941724419594,18.33012393237673,-16.70667779815643,-11.475886004822721,0.0,0.0
ES2003a,357,0.631154477596283,0.3067901333173116,0.30868858098983765,0.13087400297323862,0.055892919500668846,0.4462449649969737,0.3722417652606964,0.34704098105430603,15.152135805539608,-17.356195092369777,-11.451890628890766,0.0,0.0
ES2003a,358,0.5806772907574972,0.32899482051531476,0.3304000993569692,0.09770135581493378,0.04799550026655197,0.5933847030003866,0.46306092540423077,0.3751489619414012,13.344746873203377,-18.234870519416525,-10.450532906539156,0.0,0.0
ES2003a,359,0.6583319107691447,0.3389304478963216,0.37735168139139813,0.11715036630630493,0.05095542098085085,0.541580319404602,0.3979441523551941,0.3911779274543126,13.669078349163515,-18.508550177788425,-11.269021813815165,0.0,0.0
ES2003a,360,0.6547992626825968,0.37173039714495343,0.38093100984891254,0.11594694604476292,0.04806525819003582,0.37091460824012756,0.42136534055074054,0.40886540710926056,13.97469649932745,-17.8361000370238,-11.108455215667846,0.0,0.0
ES2003a,361,0.5893699725468954,0.38140759865442914,0.4485404888788859,0.11209403971831004,0.05326970790823301,0.364422082901001,0.39745716253916424,0.4069342464208603,13.922069779382346,-18.251847837357634,-10.846303267190637,0.0,0.0
ES2003a,362,0.6158877611160278,0.33677618702252704,0.38905255993207294,0.1088011513153712,0.0488074521223704,0.49510109424591064,0.4734728733698527,0.4972249319156011,13.649154435566269,-17.18253797732156,-10.795490476913933,0.0,0.0
ES2003a,363,0.6248038212458292,0.3008725742499034,0.484421302874883,0.11650997896989186,0.059251281122366585,0.4548403819402059,0.4613071282704671,0.826250950495402,13.884028225177753,-18.331148910355804,-10.66044546346973,0.0,0.0
ES2003a,364,0.6134024659792582,0.29624325037002563,0.321526641647021,0.12132371962070465,0.06252254173159599,0.5215179622173309,0.509189377228419,0.7071374456087748,13.248188557893206,-17.48398710739267,-10.516072457196747,0.0,0.0
ES2003a,365,0.611762801806132,0.24376138051350912,0.4861211081345876,0.13091293722391129,0.06737362965941429,0.4321915904680888,0.4210914075374603,0.32150407632191974,13.939098414626315,-17.984331009662416,-11.584066038837705,0.0,0.0
ES2003a,366,0.5289158821105957,0.2764192322889964,0.5683469573656718,0.11894444127877553,0.06916061167915662,0.44934244950612384,0.3994222581386566,0.3247620513041814,14.010265866601165,-18.085666997393382,-11.127802073275317,0.0,0.0
ES2003a,367,0.5646815498669943,0.2755146473646164,0.5534469683965048,0.12691247214873633,0.07022896409034729,0.48587363958358765,0.3462657928466797,0.3236268311738968,13.239695226308534,-19.332220586009885,-11.833132703629312,0.0,0.0
ES2003a,368,0.5477226078510284,0.33806341886520386,0.4487549662590027,0.10435227304697037,0.05649131288131078,0.29493988553682965,0.3958069682121277,0.11398490145802498,10.594015039643054,-18.036046691647897,-10.304074770437396,0.0,0.0
ES2003a,369,0.5732710361480713,0.29733521739641827,0.37561938166618347,0.12444067001342773,0.05540860816836357,0.30995770792166394,0.36026649673779804,0.21430877968668938,10.348736807021817,-18.701810053020676,-11.653927493949643,0.0,0.0
ES2003a,370,0.5504616101582845,0.3226546247800191,0.44032150506973267,0.12957980732123056,0.07351201524337132,0.3310291866461436,0.3446243703365326,0.37960408131281537,10.86045763346457,-17.97873917169125,-11.716378098041394,0.0,0.0
ES2003a,371,0.5310351550579071,0.3068859974543254,0.456097275018692,0.09973406046628952,0.05488376940290133,0.3548828462759654,0.3304145634174347,0.4541800742348035,10.697140043758223,-17.978232630438967,-11.220882332839475,0.0,0.0
ES2003a,372,0.5714087883631388,0.3522256364425023,0.21522288024425507,0.07042040800054868,0.023409440492590267,0.24223422010739645,0.47893379131952923,0.08272573662300904,1.6640570798226062,5.570715851445705,5.195796894238892,0.0,0.0
ES2003a,373,0.43541500965754193,0.2370175818602244,0.11859565476576488,0.04492651422818502,0.022107767562071483,0.09739226599534352,0.3555860718091329,0.046222700426975884,4.292798633122312,18.612358618611662,4.583049849901244,0.0,0.0
ES2003a,374,0.1845672925313314,0.061710129181543984,0.04374559720357259,0.019661877304315567,0.009825933103760084,0.08531412482261658,0.19446518023808798,0.019628852605819702,2.3767069343852,9.05422706895098,2.09090554136124,0.0,0.0
ES2003a,375,0.38806474208831787,0.15731954077879587,0.15300836662451425,0.043759118765592575,0.022106705854336422,0.04961154485742251,0.33582725127538043,0.22679544985294342,3.081034315790815,19.408158458739404,4.849758964835385,0.0,0.0
ES2003a,376,0.3989902635415395,0.29361435770988464,0.20003755887349448,0.045695057759682335,0.021278458336989086,0.16287106275558472,0.2927614351113637,0.08741313094894092,9.143243898392463,18.234528663878816,10.06338854345392,0.0,0.0
ES2003a,377,0.0,0.0,0.0,0.0,0.0,0.0,0.0,0.0,0.0,0.0,0.0,0.0,0.0
ES2003a,378,0.640151858329773,0.40608402093251544,0.31674232085545856,0.08851666003465652,0.052600289384524025,0.2164771854877472,0.481002539396286,0.10582784811655681,3.686166438371371,33.519117538996134,12.718661766061567,0.0,0.0
ES2003a,379,0.3641703128814697,0.22211353977521262,0.2324670652548472,0.03915803631146749,0.01655069614450137,0.2617664337158203,0.30051758885383606,0.011815966883053383,0.05915582528266098,19.09439364355075,8.33160764251854,0.0,0.0
ES2003a,380,0.3125925560792287,0.24002018570899963,0.23726059993108115,0.03654880324999491,0.014107204352815947,0.19275322556495667,0.32881755630175274,0.006410248267153899,-0.7654965975837436,19.155774288825555,8.455761008728183,0.0,0.0
ES2003a,381,0.5886482993761698,0.368903915087382,0.25080930689970654,0.1390930637717247,0.05427223692337672,0.4638911187648773,0.45608575145403546,0.7913442154725393,14.32083312236324,-15.930867614107997,-8.360061608974362,0.0,0.0
ES2003a,382,0.6526610652605692,0.41244110465049744,0.3879490892092387,0.15062258392572403,0.062042816231648125,0.5178535878658295,0.5786295036474863,0.5442327558994293,12.646397432776425,-15.950182913946767,-7.928123855217689,0.0,0.0
ES2003a,383,0.6738856236139933,0.45726070801417035,0.22780166566371918,0.1368640661239624,0.05392607053120931,0.4219227333863576,0.5528199871381124,0.6319909691810608,15.54639203466065,-12.890345306324463,-8.689507433983254,0.0,0.0
ES2003a,384,0.6787664294242859,0.5759766598542532,0.16286791861057281,0.08608850836753845,0.0386957215766112,0.4348262548446655,0.468730886777242,0.26175495982170105,11.845128033385498,-16.050665773403527,-9.453722452968584,0.0,0.0
ES2003a,385,0.677139143149058,0.5271365145842234,0.20126932362715402,0.12360069404045741,0.0391259491443634,0.4025290608406067,0.5422430038452148,0.17347894857327142,13.789920061803654,-16.50200258545009,-9.579063320279182,0.0,0.0
ES2003a,386,0.6558869083722433,0.5599679152170817,0.24167936046918234,0.13683046400547028,0.03706300693253676,0.27047452827294666,0.3898055950800578,0.45741785566012066,16.839060784040424,-9.530762619537743,-8.590688950393682,0.0,0.0
ES2003a,387,0.5945689479509989,0.6167357563972473,0.3090853989124298,0.17111260195573172,0.059304218739271164,0.34427639842033386,0.42155109842618305,0.7763739824295044,23.76139996145689,-7.7811930961621245,-9.246223075695477,0.0,0.0
ES2003a,388,0.7470821142196655,0.5747952659924825,0.29661867022514343,0.15671845773855844,0.05697288364171982,0.37408431867758435,0.5051227410634359,0.567225436369578,23.09179867564414,-8.520776140504516,-9.3716785839755,0.0,0.0
ES2003a,389,0.7091162800788879,0.5598259270191193,0.3484739512205124,0.1482434645295143,0.0606710830082496,0.3646872490644455,0.48296480377515155,0.5888893107573191,20.854938222301787,-13.43744774866183,-8.283296949278219,0.0,0.0
ES2003a,390,0.7299839655558268,0.541588286558787,0.2794916282097499,0.1914743334054947,0.07893940682212512,0.4233608543872833,0.5893976887067159,0.4598321318626404,22.759716367301994,-11.821112182446255,-9.820977193255544,0.0,0.0
ES2003a,391,0.7078434626261393,0.5919293761253357,0.2638019323348999,0.20207909246285757,0.09593680749336879,0.3214000165462494,0.5731851061185201,0.44265490770339966,20.447122408642922,-12.9231762879868,-10.226077544706936,0.0,0.0
ES2003a,392,0.722738246122996,0.6481817364692688,0.2852814793586731,0.16105234374602637,0.08058193574349086,0.17113847533861795,0.49686787525812787,0.6227338115374247,20.46209851906155,-12.573289023094887,-10.649237631779892,0.0,0.0
ES2003a,393,0.763538638750712,0.5421940088272095,0.35567307472229004,0.1471992457906405,0.04239356269439062,0.4132876892884572,0.5599304636319479,0.670297771692276,20.545711168137135,-11.627169479045259,-10.382000540456287,0.0,0.0
ES2003a,394,0.4216969311237335,0.33093541363875073,0.3891058762868245,0.2819439222415288,0.2970903565486272,0.31338566914200783,0.4853279193242391,0.5750944912433624,-24.511703907846528,55.74747573104778,-20.566661840306413,0.0,0.0
ES2003a,395,0.4804852306842804,0.3030417362848918,0.5072570343812307,0.17945463582873344,0.1668584607541561,0.2616838564475377,0.43882548809051514,0.1462572639187177,-14.016512716125318,11.237449711315284,-12.937046630688483,0.0,0.0
ES2003a,396,0.4866299231847127,0.33415693044662476,0.3455113222201665,0.0867390309770902,0.04219044807056586,0.38282789786656696,0.46463387211163837,0.021568996986995142,-6.376569897680832,-38.65792307033974,-5.247155283933554,0.0,0.0
ES2003a,397,0.3448810875415802,0.21814626455307007,0.5197681585947672,0.11480327943960826,0.041591386000315346,0.30305976668993634,0.43875908851623535,0.01162882746818165,-6.744309323380073,-55.639417747063185,-5.388531206013368,0.0,0.0
ES2003a,398,0.3860570589701335,0.1795030931631724,0.6368317504723867,0.1133510594566663,0.052775390446186066,0.3633336027463277,0.4152301549911499,0.011621287403007349,-5.847758888485161,-55.45500696354271,-6.2013859476714215,0.0,0.0
ES2003a,399,0.39824580152829486,0.19651895264784494,0.5482710500558218,0.11387306203444798,0.05225354557236036,0.43023744225502014,0.44024500250816345,0.0036018060442681112,-5.940947730652792,-55.2647607924172,-6.661996721689808,0.0,0.0
ES2003a,400,0.4295370777448018,0.2110608071088791,0.3997948964436849,0.11880239844322205,0.07204181949297588,0.3229948083559672,0.4150329927603404,0.004628892561110358,-5.597516284755474,-56.848722414520324,-6.205452880556688,0.0,0.0
ES2003a,401,0.4062138895193736,0.21329045792420706,0.573656310637792,0.10984527816375096,0.06250049049655597,0.4173179815212886,0.3976366917292277,0.002641699742525816,-4.558132402356729,-53.74822636712753,-7.271617592115185,0.0,0.0
ES2003a,402,0.44095322489738464,0.2231841633717219,0.6124578018983206,0.09115710109472275,0.051366803546746574,0.36025045315424603,0.39110254247983295,0.010890499649879834,-4.434686159594809,-51.318651786746194,-8.080614832778261,0.0,0.0
ES2003a,403,0.39735373854637146,0.23991935948530832,0.5382885237534841,0.0870480164885521,0.035312374432881675,0.24848977228005728,0.3874257306257884,0.020387644569079082,-4.088132878000557,-51.42651096871291,-8.356855621154635,0.0,0.0
ES2003a,404,0.432830274105072,0.20759502549966177,0.624091625213623,0.08006752282381058,0.04877019301056862,0.42047350108623505,0.4467817048231761,0.01829106453806162,-10.51010661459559,-9.051201913553735,-5.897717309359304,0.0,0.0
ES2003a,405,0.4332977632681529,0.31637199719746906,0.16370733578999838,0.20302270104487738,0.22745344042778015,0.20165256162484488,0.4461996058622996,0.36478935182094574,-12.666968657359655,40.942215255124204,-5.522774419263158,0.0,0.0
ES2003a,406,0.47121618191401166,0.29849543670813244,0.33182333906491596,0.26630187531312305,0.3599817603826523,0.3327905436356862,0.47292359670003253,0.14096133379886547,-12.853161578926654,42.37001031832409,-6.247920977367763,0.0,0.0
ES2003a,407,0.48878879348436993,0.3399969240029653,0.408787801861763,0.4425743917624156,0.4619260827700297,0.4321940739949544,0.48511770367622375,0.6118690768877665,-12.657484226365597,41.15138955181079,-6.218301207767774,0.0,0.0
ES2003a,408,0.5281538764635721,0.41666242480278015,0.5460243026415507,0.4309073289235433,0.6049741705258688,0.4523472289244334,0.4967000186443329,0.6952633659044901,-12.089905554168373,41.875859641993095,-6.627303531231241,0.0,0.0
ES2003a,409,0.49022363622983295,0.33527786533037823,0.5112861891587576,0.29712362339099246,0.37870665701727074,0.2912532091140747,0.43781375885009766,0.4561908859759569,-8.346003415138776,15.060806395869578,-8.397059570257838,0.0,0.0
ES2003a,410,0.45248191555341083,0.26070069521665573,0.4517708172400792,0.18944174547990164,0.08839216579993565,0.33040814101696014,0.5622423688570658,0.08211511932313442,-3.8604901393618025,-23.252597627874888,-7.63710404651691,0.0,0.0
ES2003a,411,0.43885136644045514,0.21505050112803778,0.4105541408061981,0.06638902177413304,0.02445645071566105,0.39887479941050213,0.45603320002555847,0.02969621300386886,-1.644257765110978,-33.69750242468727,-5.438941361177285,0.0,0.0
ES2003a,412,0.4772964020570119,0.2453878273566564,0.3117121110359828,0.13320560504992804,0.1296376558020711,0.27259919544061023,0.49393365780512494,0.05773473919058839,-8.430594491017255,-0.8609060244814973,-7.167467193355177,0.0,0.0
ES2003a,413,0.81197057167689,0.7170871098836263,0.2768836220105489,0.12253587941328685,0.050389966617027916,0.5146511296431223,0.5284092624982198,0.15044713020324707,15.17231281935815,-11.509549509261484,-8.131066093108208,0.0,0.0
ES2003a,414,0.8159379760424296,0.7273387710253397,0.39341269930203754,0.12663709123929343,0.040436577051877975,0.26936444640159607,0.5267216066519419,0.2956046760082245,15.643292412249018,-9.622942324912744,-7.9936029468540255,0.0,0.0
ES2003a,415,0.8160659869511923,0.743310789267222,0.2540196975072225,0.10444773485263188,0.0438113771378994,0.3883383721113205,0.48627952734629315,0.14001778389016786,13.739105813225285,-11.60405926893641,-7.230261238078963,0.0,0.0
ES2003a,416,0.3767333924770355,0.16886162757873535,0.5304620961348215,0.08458048601945241,0.04608081405361494,0.3191077510515849,0.4485851426919301,0.01634024386294186,-7.1560258821302805,-45.20456247917548,-8.202893891100489,0.0,0.0
ES2003a,417,0.39177703857421875,0.1443974177042643,0.5926691095034281,0.08645797520875931,0.042073119431734085,0.34653831521670025,0.4760528306166331,0.00948029407300055,-7.979472994285426,-44.00108241217572,-8.250505156935604,0.0,0.0
ES2003a,418,0.3749394714832306,0.1939337948958079,0.6262743671735128,0.08658446868260701,0.04768582681814829,0.3209550082683563,0.45934221148490906,0.0070546081600089865,-6.654560212811244,-46.031355657928856,-6.8726879236742,0.0,0.0
ES2003a,419,0.7169251640637716,0.5495955844720205,0.37455100814501446,0.05663098767399788,0.03223293274641037,0.34772446751594543,0.49529316027959186,0.20143107324838638,10.932426613060784,-14.204452572129123,-7.944167440827594,0.0,0.0
ES2003a,420,0.4712239106496175,0.30512556433677673,0.16478143632411957,0.0605840856830279,0.03127876793344816,0.29686487714449566,0.32328938444455463,0.054881844048698745,7.946353819691885,-10.478726813209706,-6.143939325761072,0.0,0.0
ES2003a,421,0.6447470188140869,0.45228882630666095,0.48471248149871826,0.14611325661341348,0.05772633974750837,0.32399143278598785,0.4811039666334788,0.1400096652408441,17.728928693584155,-12.25783612476647,-9.186841842112738,0.0,0.0
ES2003a,422,0.6651691397031149,0.4765659272670746,0.40937010447184247,0.10202310234308243,0.04005065311988195,0.3731449842453003,0.4609130223592122,0.48171400030454,17.07957344097277,-11.222947255920992,-5.960256345735156,0.0,0.0
ES2003a,423,0.6548373103141785,0.4260040918986003,0.2968134383360545,0.11105538407961528,0.053280441711346306,0.5388909180959066,0.4678991635640462,0.10542170455058415,16.36770596200242,-10.786607774490172,-6.994483518627855,0.0,0.0
ES2003a,424,0.7028249303499857,0.4045315186182658,0.3236512045065562,0.11469550182422002,0.039646461606025696,0.3659714460372925,0.4423688054084778,0.3394148349761963,17.70981400815396,-8.352777586732158,-7.40422948567645,0.0,0.0
ES2003a,425,0.7042877674102783,0.520950069030126,0.36959177752335864,0.11029139161109924,0.055629123002290726,0.4677519003550212,0.5360400776068369,0.1695655065899094,16.2309748541515,-16.65557885791848,-8.174657090168962,0.0,0.0
ES2003a,426,0.7112000584602356,0.4099006454149882,0.2846233546733856,0.10237465550502141,0.03740376296142737,0.3184370497862498,0.547002782424291,0.07380456120396654,17.38909972753161,-10.961321653006694,-7.653489319559514,0.0,0.0
ES2003a,427,0.7024506529172262,0.4735792676607768,0.3226377069950104,0.10600584000349045,0.03911353771885236,0.4929179251194,0.5247092743714651,0.05452666198834777,15.512628830814572,-13.612039595647204,-7.4022232802943115,0.0,0.0
ES2003a,428,0.653292198975881,0.5124955077966055,0.2539704342683156,0.08916724473237991,0.03658462315797806,0.32791391015052795,0.500468522310257,0.013817774131894112,14.167213633511347,-15.55792636244293,-7.389060576158351,0.0,0.0
ES2003a,429,0.6214596033096313,0.46634532511234283,0.22534115115801492,0.09138128161430359,0.035862872377038,0.5237775842348734,0.4282516936461131,0.021625142777338624,12.987081447981515,-17.624936023377128,-7.522672328861765,0.0,0.0
ES2003a,430,0.4201737840970357,0.26161492864290875,0.4593575994173686,0.07093641782800357,0.025890100747346878,0.2956079343954722,0.45438729723294574,0.02249389576415221,-20.86547543082308,8.05258631787017,-2.7444176991016556,0.0,0.0
ES2003a,431,0.3764135738213857,0.19566676020622253,0.38549559315045673,0.04676639040311178,0.01365864680459102,0.3308927168448766,0.41555936137835187,0.03221013334890207,-11.352772893534592,-3.438597351708143,-15.033831367165874,0.0,0.0
ES2003a,432,0.7060303290685018,0.4655111829439799,0.5551506181557974,0.16707753638426462,0.14550970743099848,0.5247081915537516,0.37438209851582843,0.9264887372652689,5.151705103328702,-13.221474244308148,-20.684056113603376,0.0,0.0
ES2003a,433,0.5543738603591919,0.3407200475533803,0.48412953813870746,0.18395387878020605,0.10092871139446895,0.30408160388469696,0.3683201273282369,0.6561818833773335,-8.993565269174853,-22.352097375420936,-39.66816055484228,0.0,0.0
ES2003a,434,0.49572189648946124,0.41907509167989093,0.16289968291918436,0.10294947524865468,0.08217108498016994,0.14206083118915558,0.29775651295979816,0.64553169409434,1.0022582343615332,3.847498009390586,-2.163408824115596,0.0,0.0
