meeting_id,segment_id,AU01,AU02,AU04,AU06,AU12,AU15,AU17,AU25,head_pitch,head_yaw,head_roll,gaze_x,gaze_y
ES2002a,0,0.5483553012212118,0.4215713044007619,0.3090303788582484,0.05519003172715505,0.07403559982776642,0.24777200321356455,0.4247927169005076,0.021781942574307323,-5.265265711705325,32.13691783159899,8.444559004833847,0.0,0.0
ES2002a,1,0.5434776345888773,0.36550287405649823,0.2624322324991226,0.05913868794838587,0.0690610520541668,0.24291783571243286,0.3905270497004191,0.039391848569115005,-4.591279611859215,31.855496568535983,8.862795560607287,0.0,0.0
ES2002a,2,0.6319228013356527,0.3601749887069066,0.6146530111630758,0.19306453317403793,0.11460354551672935,0.6055971384048462,0.4388727843761444,0.9266357024510702,41.22477203663898,74.86338017176139,43.90250148186788,0.0,0.0
ES2002a,3,0.615385890007019,0.2993227541446686,0.5917428036530813,0.17602523788809776,0.1565933165450891,0.6969795624415079,0.45082653562227887,0.548825112481912,23.58656909130923,63.76872962682405,26.313815406486707,0.0,0.0
ES2002a,4,0.5859137972195944,0.3694654256105423,0.6185078918933868,0.2598845462004344,0.17464609692494074,0.4997822642326355,0.4490571717421214,0.8299446105957031,25.557460759625126,65.01028804799655,28.242198207624398,0.0,0.0
ES2002a,5,0.5836141308148702,0.27939141790072125,0.3969197670618693,0.5017664531866709,0.33847091098626453,0.394077867269516,0.3673448959986369,0.9811596075693766,-17.6384156683914,37.31017715012315,-19.51424569890296,0.0,0.0
ES2002a,6,0.5457121630509695,0.3404898593823115,0.6287014385064443,0.34839851781725883,0.24685408299167952,0.5156589448451996,0.46373770634333294,0.7684632241725922,16.20024113488459,51.99115581112128,13.129053976339764,0.0,0.0
ES2002a,7,0.6156288584073385,0.347050537665685,0.3415672530730565,0.4532383332649867,0.3495159186422825,0.6216396689414978,0.34842294951279956,0.9508095781008402,-13.098969775346262,51.8299427110432,-19.28220405293771,0.0,0.0
ES2002a,8,0.5754687984784445,0.3329205910364787,0.6124557356039683,0.13668189942836761,0.04316226951777935,0.5152905285358429,0.4572755694389343,0.9787149230639139,-27.805005578906787,78.80238736616342,-30.355646720095923,0.0,0.0
ES2002a,9,0.5896417101224264,0.34522316853205365,0.5291034281253815,0.39629805088043213,0.25240421916047734,0.29110853870709735,0.3134191483259201,0.9974623521169027,-23.87408428481145,52.85172211811885,-34.00140166675787,0.0,0.0
ES2002a,10,0.5951535701751709,0.35367365678151447,0.6396737694740295,0.15325204531351724,0.07363041924933593,0.48824013272921246,0.3875143527984619,0.9771337310473124,-3.223025334095302,77.28058797040627,-5.551367478673828,0.0,0.0
ES2002a,11,0.7042902708053589,0.30829204122225445,0.3851327995459239,0.19099240253369013,0.10614322870969772,0.5178178399801254,0.47206000487009686,0.8169413606325785,14.732048532886765,57.76634175943136,8.638295072167942,0.0,0.0
ES2002a,12,0.6737850705782572,0.3697192072868347,0.6148506005605062,0.12331826239824295,0.05564649899800619,0.5042963822682699,0.4672242800394694,0.9681687355041504,1.3303008730697712,75.51603079286386,1.6260696510993224,0.0,0.0
ES2002a,13,0.6978858908017477,0.4402448236942291,0.5268626610438029,0.29547126591205597,0.1422688029706478,0.4926256438096364,0.41731926798820496,0.9556436538696289,-3.5752214805261016,55.766581245346664,-7.053547478480422,0.0,0.0
ES2002a,14,0.653940737247467,0.438005656003952,0.5326774815718333,0.21155532697836557,0.06231959785024325,0.4337504009405772,0.4209539790948232,0.9345678289731344,28.292874308823794,75.40175993593941,28.56326674286193,0.0,0.0
ES2002a,15,0.6999804973602295,0.4688999056816101,0.41576292117436725,0.3121013194322586,0.2611178904771805,0.5247205396493276,0.4209921061992645,0.9430894454320272,13.716509298072387,41.35161440202018,6.786419785345682,0.0,0.0
ES2002a,16,0.6572526892026266,0.44424594442049664,0.20084255933761597,0.5330342352390289,0.4540483703215917,0.5714892745018005,0.2938787390788396,0.9534752567609152,7.6084006055094475,2.7157481749910803,-2.5426127885728604,0.0,0.0
ES2002a,17,0.6495541930198669,0.4830297529697418,0.33615071326494217,0.4330381254355113,0.5379994014898936,0.6226798295974731,0.34273695945739746,0.9404685099919637,6.614155125465174,10.441385342834245,-3.4709952029998887,0.0,0.0
ES2002a,18,0.6641218066215515,0.4741150637467702,0.3549189666906993,0.6988646586736044,0.7402233084042867,0.39270949363708496,0.29186249772707623,0.9974345366160074,1.5027882828759622,11.18156388510927,-4.109544584177267,0.0,0.0
ES2002a,19,0.61790003379186,0.541573703289032,0.13333268215258917,0.48018352190653485,0.5016351640224457,0.27371492981910706,0.415140559275945,0.7138549089431763,-0.8826266051847425,6.465440286868372,-7.034723611194008,0.0,0.0
ES2002a,20,0.5931167999903361,0.5034011503060659,0.17465186367432275,0.06822450334827106,0.08696332387626171,0.1208241085211436,0.36268816391626996,0.024790755977543693,-37.316409059539055,11.914494252591771,16.148564018801558,0.0,0.0
ES2002a,21,0.5896326104799906,0.32872756322224933,0.38397913177808124,0.25425055126349133,0.1686843534310659,0.4250127871831258,0.4121420383453369,0.9446711738904318,-6.790759298275972,-28.62371506299341,4.352308203683486,0.0,0.0
ES2002a,22,0.6393707493940989,0.3339346746603648,0.6598230401674906,0.2883426050345103,0.12706397846341133,0.2554765244325002,0.509053498506546,0.9449217518170675,-21.214935886916944,68.7476938468727,-24.351757181358934,0.0,0.0
ES2002a,23,0.7667840520540873,0.3772532294193904,0.37264464795589447,0.34120286007722217,0.16515304148197174,0.4410319576660792,0.44689856966336566,0.882830023765564,-1.3870473983611105,39.243692556902324,-6.785907532500424,0.0,0.0
ES2002a,24,0.7337916294733683,0.5129611194133759,0.41120706001917523,0.2568189303080241,0.32831154639522236,0.5336418549219767,0.41682324806849164,0.9601848522822062,-5.836654782312131,21.055975914046424,-7.469888076240545,0.0,0.0
ES2002a,25,0.6571761965751648,0.39112618068854016,0.2995382100343704,0.19378725190957388,0.11129945019880931,0.44605045517285663,0.490756094455719,0.7436093290646871,-7.540924556954413,5.306771022817827,-18.738395271198605,0.0,0.0
ES2002a,26,0.5449902613957723,0.32008517781893414,0.1603221893310547,0.23646255830923715,0.07097707688808441,0.6679337124029795,0.5365007321039835,0.7919584910074869,-11.436858622550536,11.102031888714345,-34.23755226459493,0.0,0.0
ES2002a,27,0.5608120958010355,0.2838180164496104,0.2346964292228222,0.12384656816720963,0.059835450102885566,0.8125254909197489,0.4981304705142975,0.8906352519989014,-12.934035853247861,13.175244274857812,-42.354066945560184,0.0,0.0
ES2002a,28,0.610171377658844,0.3817762533823649,0.308908075094223,0.14992424845695496,0.047785233706235886,0.6322541435559591,0.540242612361908,0.9357512593269348,-14.496171965105189,14.67373233678974,-45.72346004273294,0.0,0.0
ES2002a,29,0.6054261128107706,0.3781375288963318,0.32209719717502594,0.18842302759488425,0.05131132279833158,0.7238728205362955,0.5175598561763763,0.965250571568807,-13.126013813136304,12.150392730582992,-44.4785093236836,0.0,0.0
ES2002a,30,0.5863612095514933,0.39983223875363666,0.3257603198289871,0.13434772193431854,0.044856615364551544,0.8126369913419088,0.5861259897549947,0.845622718334198,-9.11694336155727,13.33442399006949,-41.640396800459655,0.0,0.0
ES2002a,31,0.612902045249939,0.40539010365804035,0.24762770781914392,0.17188300689061484,0.09356158723433812,0.5995206435521444,0.5292600194613138,0.6461370686690012,-16.789000733898582,6.263954215003803,-21.752861195346416,0.0,0.0
ES2002a,32,0.6654471158981323,0.44313747187455493,0.39841051399707794,0.15646855533123016,0.06849524627129237,0.4663780629634857,0.5268590748310089,0.5094343026479086,-9.062142240562261,45.938089855682854,-8.98049848115026,0.0,0.0
ES2002a,33,0.6901112000147501,0.5986453294754028,0.48621376355489093,0.24068578581015268,0.18065827091534933,0.6927617788314819,0.5818131367365519,0.3696632484594981,14.629049508170581,58.499584401488256,10.061468511885629,0.0,0.0
ES2002a,34,0.6266325910886129,0.4628083109855652,0.4348493367433548,0.2669962892929713,0.14476711054642996,0.6686066389083862,0.49669817090034485,0.8873730699221293,10.253325497449092,65.06901283158565,8.770430282783055,0.0,0.0
ES2002a,35,0.6959100166956583,0.3005642145872116,0.5434588293234507,0.19098232686519623,0.11460572232802708,0.5237791339556376,0.5103014707565308,0.8164563576380411,8.893713197685862,56.507349131851385,3.5582541029737773,0.0,0.0
ES2002a,36,0.7274441321690878,0.528827945391337,0.4434586962064107,0.4869574060042699,0.3297281190752983,0.4724247207244237,0.336798295378685,0.9703020453453064,11.454653393585959,27.71811293673024,2.9262918172397225,0.0,0.0
ES2002a,37,0.5407474040985107,0.34465694924195606,0.6184016466140747,0.18343998988469443,0.06817850843071938,0.5972960988680521,0.5300775369008383,0.6236515442530314,39.788741020784954,56.22225586177651,39.354873327428486,0.0,0.0
ES2002a,38,0.44528208176294964,0.2024697189529737,0.42353137334187824,0.20230368276437125,0.1092967763543129,0.4747680773337682,0.4747065504391988,0.7004707157611847,35.52203932699376,73.34828243011539,36.628489984946704,0.0,0.0
ES2002a,39,0.549142062664032,0.23263131082057953,0.49125467737515766,0.13273764650026956,0.0888533666729927,0.35982394218444824,0.4999746282895406,0.8982247710227966,59.45811412112064,72.11289801577861,60.33484741563663,0.0,0.0
ES2002a,40,0.6800830761591593,0.5697208444277445,0.5557324091593424,0.16130094478527704,0.0743312935034434,0.4867199162642161,0.47808443506558734,0.895165224870046,7.656594700641338,73.90142789267658,7.396655395299139,0.0,0.0
ES2002a,41,0.7124915520350138,0.6162739396095276,0.655003567536672,0.1990417093038559,0.07472218945622444,0.6273705760637919,0.4628310799598694,0.9561227957407633,-3.8399322407247105,63.73826962284349,-5.324799367810547,0.0,0.0
ES2002a,42,0.7112452189127604,0.44936899344126385,0.7243969043095907,0.23090901722510657,0.07413098712762196,0.5035334825515747,0.4308856626351674,0.9308723409970602,-2.422317878725776,43.48110803445805,-6.781813219726526,0.0,0.0
ES2002a,43,0.6699605385462443,0.41663069526354474,0.45528826614220935,0.13127434253692627,0.052498615036408104,0.6018145879109701,0.34204183022181195,0.9765820105870565,-0.8467202756499955,5.079142975895587,-8.459192858397051,0.0,0.0
ES2002a,44,0.5577079852422079,0.43234748641649884,0.40372608105341595,0.13445514688889185,0.10624773303667705,0.41903423766295117,0.2861108680566152,0.7541099190711975,-2.489660301394674,-13.337218272086247,-12.073163984726422,0.0,0.0
ES2002a,45,0.5050239960352579,0.34162311752637226,0.3426821728547414,0.10643673936525981,0.05774942288796107,0.5568511486053467,0.39561745524406433,0.49675801396369934,-6.441651327922088,-18.219718852349477,-7.6033813308738685,0.0,0.0
ES2002a,46,0.6999714374542236,0.6182253857453665,0.1904772991935412,0.1425772930185,0.2039921929438909,0.3186390648285548,0.3848519027233124,0.42291677246491116,2.5525394508468797,-8.145805950110706,-2.07033313756143,0.0,0.0
ES2002a,47,0.6665415167808533,0.3309818357229233,0.6929128766059875,0.16506846497456232,0.059698051462570824,0.4830862085024516,0.4858936170736949,0.7196947932243347,37.97609457238507,60.704982573213876,36.28472252434731,0.0,0.0
ES2002a,48,0.7630858818689982,0.40006008744239807,0.573458194732666,0.15586413939793906,0.06406972433129947,0.5393369396527609,0.5220339198907217,0.7409865458806356,34.42362319869838,75.14921993098092,34.44999784989893,0.0,0.0
ES2002a,49,0.6220471262931824,0.4625198543071747,0.548044761021932,0.22166571021080017,0.10090227425098419,0.5069306095441183,0.4668619434038798,0.8791271249453226,6.20747863711285,46.92759760468716,3.231877057649076,0.0,0.0
ES2002a,50,0.5786722699801127,0.2316592882076899,0.7511682311693827,0.21157847344875336,0.06032620618740717,0.524662971496582,0.39589956402778625,0.8479389150937399,2.2287980458961045,21.69266425239174,-6.250646305913506,0.0,0.0
ES2002a,51,0.6786947449048361,0.29517800609270733,0.519146703183651,0.4209284335374832,0.25611618409554165,0.7382574180761973,0.42098770538965863,0.975875973701477,-4.763815092146043,28.19941210817932,-7.337183904828909,0.0,0.0
ES2002a,52,0.6929037570953369,0.3314051727453868,0.5999946196873983,0.18611221512158713,0.12202538301547368,0.504849354426066,0.4819151858488719,0.7182872891426086,-20.462355343010902,64.90981715853292,-17.86805894776715,0.0,0.0
ES2002a,53,0.610250194867452,0.26255397498607635,0.712378740310669,0.15552898248036703,0.04541985566417376,0.4640217920144399,0.4860969881216685,0.7052778999010721,-16.282343110254164,53.74775575508752,-20.94569987569066,0.0,0.0
ES2002a,54,0.4953758517901103,0.33991509675979614,0.7239478826522827,0.0936814583837986,0.03797499214609464,0.4793064594268799,0.4815093477567037,0.7099473178386688,24.4969972813693,76.57153703859738,25.686288483753895,0.0,0.0
ES2002a,55,0.6787421703338623,0.4194313983122508,0.5886369049549103,0.19552331666151682,0.08554096519947052,0.5830185612042745,0.4692370096842448,0.8199839890003204,8.621162092712064,54.056196663639874,1.3181895242500943,0.0,0.0
ES2002a,56,0.6146939893563589,0.3618936936060588,0.7359150449434916,0.4330917199452718,0.24505696694056192,0.5971978505452474,0.3790598114331563,0.9406777421633402,11.90455714278896,21.505180225081116,-2.90104802819202,0.0,0.0
ES2002a,57,0.6828031440575918,0.3853222380081813,0.6698374152183533,0.34210305909315747,0.22186433772246042,0.5434848070144653,0.5138524969418844,0.8472738663355509,-3.0792958017542884,60.121891874690654,-9.28492031427965,0.0,0.0
ES2002a,58,0.6584574977556864,0.3918223778406779,0.5716666777928671,0.24113357563813528,0.09975854555765788,0.7010212341944376,0.5072499016920725,0.956389586130778,-17.860890508534293,73.66033643875944,-19.95568692058472,0.0,0.0
ES2002a,59,0.6970955530802408,0.3969270586967468,0.45373642444610596,0.15967300534248352,0.1058244730035464,0.4409774939219157,0.5257769823074341,0.8812904159228007,-11.006776832491786,68.96418102892441,-12.765980442682471,0.0,0.0
ES2002a,60,0.6528127988179525,0.3821042974789937,0.39252543449401855,0.18313892682393393,0.10673203319311142,0.6024468938509623,0.46238622069358826,0.6729724034667015,-2.3892922760445714,41.36779652794132,-5.458565940652825,0.0,0.0
ES2002a,61,0.7028148969014486,0.3541715244452159,0.4328797260920207,0.48241912325223285,0.46397927900155383,0.6293662786483765,0.34223228693008423,0.997271994749705,2.4883577762136877,11.457986441353773,-4.200689557107107,0.0,0.0
ES2002a,62,0.6286137700080872,0.4276144007841746,0.2753710597753525,0.7003197073936462,0.7367700934410095,0.3919156988461812,0.24943180878957114,0.997778316338857,10.512820452299577,-1.6097754659897057,-3.399309623971487,0.0,0.0
ES2002a,63,0.7684608896573385,0.43332619468371075,0.3223511353135109,0.7705442110697428,0.7202433347702026,0.5260907709598541,0.2817617158095042,0.944327731927236,5.814678323249095,16.50850014113857,-7.29999980446089,0.0,0.0
ES2002a,64,0.7535435756047567,0.6357070108254751,0.21926751857002577,0.05698565642038981,0.02263043262064457,0.4450267106294632,0.5047278304894766,0.3042156497637431,-6.635421604441482,7.756068053991668,0.3223339302303548,0.0,0.0
ES2002a,65,0.39259639382362366,0.2969317138195038,0.06238974630832672,0.06258666763703029,0.04553782163808743,0.22572721540927887,0.33509571353594464,0.051423807783673205,-7.584171136094877,12.703662204263294,-2.2054825311097637,0.0,0.0
ES2002a,66,0.842684249083201,0.8083294034004211,0.22491828600565592,0.07085279872020085,0.017152763282259304,0.5698990225791931,0.426373948653539,0.19515211880207062,7.875992581029956,12.465936058472016,0.1530204802147145,0.0,0.0
ES2002a,67,0.8368379473686218,0.8171597520510355,0.15245915949344635,0.06785298138856888,0.018998727823297184,0.5260031918684641,0.4530622561772664,0.3371559331814448,7.259232617832879,11.030657615381243,0.20054228347555736,0.0,0.0
ES2002a,68,0.8447856903076172,0.7522642016410828,0.250116969148318,0.05333154151837031,0.01713678240776062,0.575320839881897,0.4624587694803874,0.23449482768774033,8.430153987446229,14.997821583915465,2.2219720383073724,0.0,0.0
ES2002a,69,0.7997945149739584,0.6327819228172302,0.26979603866736096,0.05768605321645737,0.01711656153202057,0.5037083327770233,0.4487085243066152,0.060816759864489235,9.292180671240706,21.69039273806632,4.726910276270801,0.0,0.0
ES2002a,70,0.7812118927637736,0.6290469765663147,0.22352876762549082,0.06707521403829257,0.016653998134036858,0.5233405629793803,0.4648122290770213,0.03164892736822367,7.453561202004624,19.90105524443199,3.6937272820224756,0.0,0.0
ES2002a,71,0.7934985558191935,0.7817156513532003,0.15878544251124063,0.07552200059096019,0.014773253661890825,0.23844560980796814,0.4125850399335225,0.208642840385437,8.769541504691505,21.452421051377172,2.05001148813983,0.0,0.0
ES2002a,72,0.7988971273104349,0.7119537393252054,0.15776356309652328,0.07700415203968684,0.016900107264518738,0.29914329449335736,0.40962491432825726,0.29892390718062717,8.674472551305321,21.735967219255304,1.6824835442707606,0.0,0.0
ES2002a,73,0.7819985151290894,0.7843017975489298,0.11344462136427562,0.07991353794932365,0.024760442475477856,0.43170982599258423,0.4146524667739868,0.09776150683561961,8.612364709833834,21.554460559599487,1.8517823859953466,0.0,0.0
ES2002a,74,0.7968268593152364,0.7351503570874532,0.12720737854639688,0.07484227418899536,0.015379843612511953,0.3658406337102254,0.4234159191449483,0.0935889258980751,8.70653511265917,21.872084447242017,1.9104855532563576,0.0,0.0
ES2002a,75,0.81441330909729,0.7217234174410502,0.12264045824607213,0.07534548143545787,0.015038656691710154,0.3561973472436269,0.45230193932851154,0.2482508271932602,8.2980172797236,21.496064796421546,2.161200225123234,0.0,0.0
ES2002a,76,0.8119547764460245,0.8041792710622152,0.0845995123187701,0.07226413240035374,0.016641071066260338,0.47140931089719135,0.4378751516342163,0.11783616368969281,8.38920675902022,20.645415099840672,2.102506637495054,0.0,0.0
ES2002a,77,0.8519408702850342,0.783780574798584,0.11779954036076863,0.07276242723067601,0.015949711203575134,0.4135429561138153,0.42435547709465027,0.16059006626407304,7.902584539018534,19.154652539307165,2.3183186158918647,0.0,0.0
ES2002a,78,0.8099109133084615,0.8167743682861328,0.1145034631093343,0.06535176436106364,0.014272785435120264,0.3335977792739868,0.43055592974026996,0.09170701230565707,7.701141500945707,18.63508187729303,2.1403836211102467,0.0,0.0
ES2002a,79,0.8329344789187113,0.7829694747924805,0.10137051343917847,0.06154857327540716,0.014284826815128326,0.40039533376693726,0.485032856464386,0.03908433640996615,7.272368731039262,18.45786313557412,2.1609394552834122,0.0,0.0
ES2002a,80,0.8380438884099325,0.7126243511835734,0.13181191186110178,0.07689844816923141,0.01373106117049853,0.46636494000752765,0.4384358922640483,0.06517446786165237,7.865421933004892,18.905298998403126,2.1725252621834823,0.0,0.0
ES2002a,81,0.7771780093510946,0.7081250548362732,0.07055465877056122,0.06382550795873006,0.014407463061312834,0.36187252402305603,0.45754144589106244,0.06731776815528671,7.751158370139517,18.900405740637375,1.7931860393997299,0.0,0.0
ES2002a,82,0.7591042915980021,0.804489274819692,0.08822698642810185,0.06160629913210869,0.014996270959575972,0.35627243916193646,0.4969084958235423,0.001529598084744066,8.097780107256034,18.75417491827324,2.0158594625229354,0.0,0.0
ES2002a,83,0.8461848696072897,0.7578492760658264,0.07349040359258652,0.06296277791261673,0.016341148254772026,0.313705046971639,0.4621821939945221,0.03878142063816389,7.914817223489464,16.634099618535625,1.5523099555963482,0.0,0.0
ES2002a,84,0.826468269030253,0.7476929624875387,0.08448427418867747,0.06740017731984456,0.014522482641041279,0.30947014689445496,0.46257949868837994,0.07497601707776387,7.637315225940647,16.118022619705105,1.2591761419774776,0.0,0.0
ES2002a,85,0.394057035446167,0.2387552559375763,0.263894518216451,0.09910328686237335,0.03765435144305229,0.39360936482747394,0.3860293924808502,0.2634764661391576,88.63081323414964,-80.67534423687128,-92.39615395227635,0.0,0.0
ES2002a,86,0.4632030824820201,0.25166406730810803,0.2964526166518529,0.12135271976391475,0.045808703949054085,0.4278602600097656,0.4642278850078583,0.6057309707005819,83.94254484058757,-81.20982467671365,-87.98787720231995,0.0,0.0
ES2002a,87,0.43846623102823895,0.300152912735939,0.37545909484227497,0.10700307289759318,0.04809012760718664,0.616587499777476,0.4261208474636078,0.7081054250399271,76.26736413626783,-81.4863729660127,-80.48451656145201,0.0,0.0
ES2002a,88,0.4675296147664388,0.27385593950748444,0.328002209464709,0.11763539910316467,0.07886103416482608,0.374168003598849,0.39985543489456177,0.25951000303030014,72.04241892273708,-81.82427155761064,-76.76720324010388,0.0,0.0
ES2002a,89,0.5226083199183146,0.3656061391035716,0.7664593458175659,0.35941752791404724,0.2189521143833796,0.5832662681738535,0.5254657566547394,0.860250194867452,5.054717247848502,21.983015770746352,-13.321604270830482,0.0,0.0
ES2002a,90,0.6766088704268137,0.39138518770535785,0.6901151140530905,0.3599888285001119,0.2576077828804652,0.4486840565999349,0.5282548666000366,0.839259664217631,25.646989483553188,45.00129220463821,15.012592241216728,0.0,0.0
ES2002a,91,0.6771734158198038,0.4692861537138621,0.6109732389450073,0.22597519059975943,0.17077567179997763,0.614109734694163,0.5264129837354025,0.7490607102711996,30.02709493504912,71.68965658158662,26.813474198168993,0.0,0.0
ES2002a,92,0.6298491756121317,0.5365397036075592,0.4979980041583379,0.26933447768290836,0.1826742341121038,0.6508083244164785,0.5039831896622976,0.7278537054856619,41.53707013917022,65.02785832025924,37.042346764698074,0.0,0.0
ES2002a,93,0.6441024541854858,0.4024693965911865,0.458681454261144,0.5399378538131714,0.5151068468888601,0.42855775852998096,0.40971146027247113,0.8348657091458639,30.824074503422718,38.78295268654018,21.98656598465901,0.0,0.0
ES2002a,94,0.58579753835996,0.4516794979572296,0.3948507681488991,0.6019629538059235,0.6300095468759537,0.40675103664398193,0.3870844344298045,0.9238486886024475,3.07441152226062,21.215592308063297,-8.079265751621099,0.0,0.0
ES2002a,95,0.17847023407618204,0.1857288877169291,0.04485328992207845,0.06254107753435771,0.03811957687139511,0.14525094628334045,0.19582337141036987,0.04593574504057566,0.0,0.0,0.0,0.0,0.0
ES2002a,96,0.5980978608131409,0.3406798491875331,0.7053916056950887,0.37180360158284503,0.2018998215595881,0.48653289675712585,0.45718586444854736,0.9199517766634623,21.221825578746444,23.146226545565707,7.538609565048397,0.0,0.0
ES2002a,97,0.5996754765510559,0.3853828509648641,0.7412773569424947,0.42368287841478985,0.27701521913210553,0.6059958736101786,0.4959888458251953,0.7862064838409424,24.97440372474823,22.959818558934032,8.59461819802997,0.0,0.0
ES2002a,98,0.5667663017908732,0.3598022957642873,0.5938756863276163,0.4205271204312642,0.2935320933659871,0.6147839029630026,0.46485865116119385,0.8341075778007507,22.830455707762074,28.87693256319817,-1.3548125486148752,0.0,0.0
ES2002a,99,0.6153722008069357,0.3761002719402313,0.7855955561002096,0.4677054782708486,0.28925084074338275,0.6534762382507324,0.45802303155263263,0.9042231837908427,23.647632847747918,22.406841255757,5.740423379214583,0.0,0.0
ES2002a,100,0.6325720151265463,0.3866184751192729,0.719174325466156,0.47555986046791077,0.3459207167228063,0.6259632209936777,0.4586050808429718,0.9564066330591837,27.101627851082146,22.1117484091591,2.9841588518774773,0.0,0.0
ES2002a,101,0.448398232460022,0.25515026847521466,0.4563511312007904,0.2722468227148056,0.1621710111697515,0.3406653205553691,0.6619766155878702,0.9065527319908142,59.34100898507456,-26.143125217190914,-59.21225748607824,0.0,0.0
ES2002a,102,0.5014077723026276,0.2888101140658061,0.5114166835943857,0.2948826849460602,0.26491841673851013,0.5379323065280914,0.5783624251683553,0.9709385633468628,163.79542108142394,-81.46734056921788,-163.66369868266335,0.0,0.0
ES2002a,103,0.3460469941298167,0.1634634534517924,0.31337762872378033,0.23420252402623495,0.20047362645467123,0.40822341044743854,0.3824952046076457,0.6276749769846598,-7.80125758513887,-55.25585514239407,8.058113385237334,0.0,0.0
ES2002a,104,0.32423435648282367,0.2964967091878255,0.21568104128042856,0.12435930346449216,0.07199051479498546,0.18528041740258536,0.3636549512545268,0.5187293092409769,-75.97992132300017,-4.912389734935975,-76.3480745881373,0.0,0.0
ES2002a,105,0.5766411324342092,0.24323027084271112,0.4603618085384369,0.14518291999896368,0.09282262871662776,0.47907695670922595,0.6023972431818644,0.34904769249260426,-69.38305173473512,-6.636703521563967,46.95438006907195,0.0,0.0
ES2002a,106,0.5621117055416107,0.3283349772294362,0.35624560713768005,0.28488638003667194,0.32221493124961853,0.46734875440597534,0.48776357372601825,0.8974388837814331,-52.904513673800096,7.462714418743285,48.87408672974476,0.0,0.0
ES2002a,107,0.6012066801389059,0.2599533249934514,0.7158530155817667,0.33033402264118195,0.2906278322140376,0.42710762719313305,0.502358744541804,0.3397209933027625,-9.479992483314124,41.604466707252776,-11.54932235725323,0.0,0.0
ES2002a,108,0.6168625354766846,0.3253253996372223,0.3055294454097748,0.13486602157354355,0.04551860255499681,0.4391389985879262,0.6056965390841166,0.3359113826105992,-2.437589547114491,41.945797177414114,-1.8857557825839288,0.0,0.0
ES2002a,109,0.6241748730341593,0.46189601222674054,0.22273858388264975,0.1301475390791893,0.07749055077632268,0.4142095297574997,0.45567559202512103,0.7405653198560079,-25.58926322047925,58.9665756879157,-26.791071583825545,0.0,0.0
ES2002a,110,0.5087715089321136,0.28170648713906604,0.5925185481707255,0.4140313118696213,0.4035586913426717,0.3141108999649684,0.5517189602057139,0.7288411458333334,-6.866339808555055,65.65447759570674,-3.4228338293699703,0.0,0.0
ES2002a,111,0.5265848437945048,0.26621205111344654,0.463890016078949,0.2216547578573227,0.12189615828295548,0.42493385076522827,0.5323108732700348,0.8058563868204752,-9.41389110356791,33.349321192818145,-15.612679519799963,0.0,0.0
ES2002a,112,0.5935593644777933,0.31840284168720245,0.3319085091352463,0.0806702474753062,0.026744236548741657,0.5466440916061401,0.5569921334584554,0.4208974838256836,-13.82583587099217,22.06825359967442,-14.615572323540261,0.0,0.0
ES2002a,113,0.6403050621350607,0.4711749156316121,0.38829900821050006,0.10655842597285907,0.09582929747800033,0.5289995670318604,0.5729706088701884,0.3838806251684825,-10.336455793449764,29.031299491025198,-13.15044425920029,0.0,0.0
ES2002a,114,0.6044127643108368,0.23526468376318613,0.4376811186472575,0.127972940603892,0.06832671537995338,0.5022605856259664,0.5509107112884521,0.43018405387798947,-13.954854165132488,37.019213024099514,-11.376326949700301,0.0,0.0
ES2002a,115,0.6487199266751608,0.3402002652486165,0.3879060819745064,0.139567864437898,0.1032354620595773,0.42149822662274045,0.5196202993392944,0.10775998483101527,-58.02522797862434,29.99489279770894,-53.867318876455045,0.0,0.0
ES2002a,116,0.5240446925163269,0.43950827916463214,0.6064249773820242,0.3194224536418915,0.1688021942973137,0.24600695570309958,0.4418497085571289,0.3438329848771294,-27.69009150197449,4.2154584621406785,6.755926315488978,0.0,0.0
ES2002a,117,0.33658591906229657,0.13424635181824365,0.4576443632443746,0.08068034052848816,0.02993077039718628,0.27827104926109314,0.3726609945297241,0.42926111817359924,-27.254318056455674,42.498693162226914,-27.782133864887175,0.0,0.0
ES2002a,118,0.3871110677719116,0.3503802915414174,0.27752333879470825,0.0786068191130956,0.03504383688171705,0.35247334837913513,0.3618153433005015,0.35279253125190735,-31.517882498478837,49.03435224076903,-29.708723936227717,0.0,0.0
ES2002a,119,0.565892626841863,0.4954533576965332,0.1794955631097158,0.18436418722073236,0.1255030632019043,0.5860562125841776,0.620683471361796,0.025636671887089808,0.0,0.0,0.0,0.0,0.0
ES2002a,120,0.6184464693069458,0.5985215802987417,0.340945432583491,0.19750501215457916,0.14336011310418448,0.6941482623418173,0.6474235852559408,0.016516445592666667,0.0,0.0,0.0,0.0,0.0
ES2002a,121,0.0,0.0,0.0,0.0,0.0,0.0,0.0,0.0,0.0,0.0,0.0,0.0,0.0
ES2002a,122,0.0,0.0,0.0,0.0,0.0,0.0,0.0,0.0,0.0,0.0,0.0,0.0,0.0
ES2002a,123,0.0,0.0,0.0,0.0,0.0,0.0,0.0,0.0,0.0,0.0,0.0,0.0,0.0
ES2002a,124,0.0,0.0,0.0,0.0,0.0,0.0,0.0,0.0,0.0,0.0,0.0,0.0,0.0
ES2002a,125,0.0,0.0,0.0,0.0,0.0,0.0,0.0,0.0,0.0,0.0,0.0,0.0,0.0
ES2002a,126,0.0,0.0,0.0,0.0,0.0,0.0,0.0,0.0,0.0,0.0,0.0,0.0,0.0
ES2002a,127,0.0,0.0,0.0,0.0,0.0,0.0,0.0,0.0,0.0,0.0,0.0,0.0,0.0
ES2002a,128,0.0,0.0,0.0,0.0,0.0,0.0,0.0,0.0,0.0,0.0,0.0,0.0,0.0
ES2002a,129,0.0,0.0,0.0,0.0,0.0,0.0,0.0,0.0,0.0,0.0,0.0,0.0,0.0
ES2002a,130,0.0,0.0,0.0,0.0,0.0,0.0,0.0,0.0,0.0,0.0,0.0,0.0,0.0
ES2002a,131,0.0,0.0,0.0,0.0,0.0,0.0,0.0,0.0,0.0,0.0,0.0,0.0,0.0
ES2002a,132,0.6646590232849121,0.48651524384816486,0.4628257751464844,0.17060757180054983,0.08431112735221784,0.5193829635779063,0.5536207556724548,0.24252671003341675,-28.70387993695998,16.028863723392327,-23.099583143251923,0.0,0.0
ES2002a,133,0.0,0.0,0.0,0.0,0.0,0.0,0.0,0.0,0.0,0.0,0.0,0.0,0.0
ES2002a,134,0.7610320846239725,0.43607889612515766,0.5072916646798452,0.2749209329485893,0.13841027642289797,0.4716128210226695,0.40266725420951843,0.6870037118593851,8.693849826161138,13.680299365830733,0.35000186724257415,0.0,0.0
ES2002a,135,0.70047926902771,0.5213169554869334,0.5967295865217844,0.13664436588684717,0.037172598764300346,0.680502454439799,0.4643068313598633,0.9587459365526835,3.0137024933252348,16.094295688741816,-12.065672074293252,0.0,0.0
ES2002a,136,0.0,0.0,0.0,0.0,0.0,0.0,0.0,0.0,0.0,0.0,0.0,0.0,0.0
ES2002a,137,0.0,0.0,0.0,0.0,0.0,0.0,0.0,0.0,0.0,0.0,0.0,0.0,0.0
ES2002a,138,0.0,0.0,0.0,0.0,0.0,0.0,0.0,0.0,0.0,0.0,0.0,0.0,0.0
ES2002a,139,0.0,0.0,0.0,0.0,0.0,0.0,0.0,0.0,0.0,0.0,0.0,0.0,0.0
ES2002a,140,0.0,0.0,0.0,0.0,0.0,0.0,0.0,0.0,0.0,0.0,0.0,0.0,0.0
ES2002a,141,0.0,0.0,0.0,0.0,0.0,0.0,0.0,0.0,0.0,0.0,0.0,0.0,0.0
ES2002a,142,0.0,0.0,0.0,0.0,0.0,0.0,0.0,0.0,0.0,0.0,0.0,0.0,0.0
ES2002a,143,0.0,0.0,0.0,0.0,0.0,0.0,0.0,0.0,0.0,0.0,0.0,0.0,0.0
ES2002a,144,0.0,0.0,0.0,0.0,0.0,0.0,0.0,0.0,0.0,0.0,0.0,0.0,0.0
ES2002a,145,0.0,0.0,0.0,0.0,0.0,0.0,0.0,0.0,0.0,0.0,0.0,0.0,0.0
ES2002a,146,0.0,0.0,0.0,0.0,0.0,0.0,0.0,0.0,0.0,0.0,0.0,0.0,0.0
ES2002a,147,0.0,0.0,0.0,0.0,0.0,0.0,0.0,0.0,0.0,0.0,0.0,0.0,0.0
ES2002a,148,0.0,0.0,0.0,0.0,0.0,0.0,0.0,0.0,0.0,0.0,0.0,0.0,0.0
ES2002a,149,0.0,0.0,0.0,0.0,0.0,0.0,0.0,0.0,0.0,0.0,0.0,0.0,0.0
ES2002a,150,0.0,0.0,0.0,0.0,0.0,0.0,0.0,0.0,0.0,0.0,0.0,0.0,0.0
ES2002a,151,0.0,0.0,0.0,0.0,0.0,0.0,0.0,0.0,0.0,0.0,0.0,0.0,0.0
ES2002a,152,0.0,0.0,0.0,0.0,0.0,0.0,0.0,0.0,0.0,0.0,0.0,0.0,0.0
ES2002a,153,0.0,0.0,0.0,0.0,0.0,0.0,0.0,0.0,0.0,0.0,0.0,0.0,0.0
ES2002a,154,0.0,0.0,0.0,0.0,0.0,0.0,0.0,0.0,0.0,0.0,0.0,0.0,0.0
ES2002a,155,0.0,0.0,0.0,0.0,0.0,0.0,0.0,0.0,0.0,0.0,0.0,0.0,0.0
ES2002a,156,0.0,0.0,0.0,0.0,0.0,0.0,0.0,0.0,0.0,0.0,0.0,0.0,0.0
ES2002a,157,0.0,0.0,0.0,0.0,0.0,0.0,0.0,0.0,0.0,0.0,0.0,0.0,0.0
ES2002a,158,0.0,0.0,0.0,0.0,0.0,0.0,0.0,0.0,0.0,0.0,0.0,0.0,0.0
ES2002a,159,0.0,0.0,0.0,0.0,0.0,0.0,0.0,0.0,0.0,0.0,0.0,0.0,0.0
ES2002a,160,0.0,0.0,0.0,0.0,0.0,0.0,0.0,0.0,0.0,0.0,0.0,0.0,0.0
ES2002a,161,0.6195497612158457,0.47532503803571063,0.3747466504573822,0.21014206856489182,0.14527546676496664,0.6475967764854431,0.46972302595774335,0.38949164003133774,-3.727565741941875,9.45829076364427,1.7709762090099475,0.0,0.0
ES2002a,162,0.7814841667811075,0.5262247920036316,0.39637025197347003,0.06352384140094121,0.016382901618878048,0.6923063596089681,0.5991868575414022,0.015458434199293455,8.230662212862105,17.486043859552986,5.2213317233550125,0.0,0.0
ES2002a,163,0.0,0.0,0.0,0.0,0.0,0.0,0.0,0.0,0.0,0.0,0.0,0.0,0.0
ES2002a,164,0.0,0.0,0.0,0.0,0.0,0.0,0.0,0.0,0.0,0.0,0.0,0.0,0.0
ES2002a,165,0.0,0.0,0.0,0.0,0.0,0.0,0.0,0.0,0.0,0.0,0.0,0.0,0.0
ES2002a,166,0.0,0.0,0.0,0.0,0.0,0.0,0.0,0.0,0.0,0.0,0.0,0.0,0.0
ES2002a,167,0.2401055097579956,0.19101903835932413,0.12285801768302917,0.0836374560991923,0.14885114630063376,0.15477056304613748,0.13796207308769226,0.13850917418797812,0.07830050442170937,5.926583436921529,-5.9286050521033475,0.0,0.0
ES2002a,168,0.6438186764717102,0.3470030923684438,0.5378316541512808,0.3190988500912984,0.19853510583440462,0.3077414929866791,0.4488963683446248,0.9371850291887919,-15.84038164188123,43.76060513312828,-19.085870932752766,0.0,0.0
ES2002a,169,0.6309606830279032,0.3630036413669586,0.40818501512209576,0.5101371606191,0.42959365248680115,0.4835297167301178,0.3917974630991618,0.9037351608276367,-11.583310978047999,15.801626325391636,-26.94995912786723,0.0,0.0
ES2002a,170,0.6815049449602762,0.43740586439768475,0.6525346438090006,0.4997656047344208,0.3231751223405202,0.5305364926656088,0.3914037048816681,0.9513996044794718,-14.452034807804907,14.769344548558601,-44.74882488858472,0.0,0.0
ES2002a,171,0.7008887529373169,0.3184986511866252,0.55853338042895,0.11949327339728673,0.058099317053953804,0.6182209253311157,0.45414576927820843,0.6637221177419027,-17.563857121276968,22.787580960858648,-54.192366048415415,0.0,0.0
ES2002a,172,0.6602381467819214,0.30469922224680585,0.5758877595265707,0.2560510238011678,0.16282323251167932,0.2875508467356364,0.48294087251027423,0.9878938595453898,-24.539646430856013,54.816556968283294,-38.155375251818434,0.0,0.0
ES2002a,173,0.7372537851333618,0.40637314319610596,0.5651308596134186,0.1768159121274948,0.058942498018344246,0.4771358172098796,0.4477166732152303,0.9099697868029276,16.05548776945648,45.875834066702545,12.77577729121947,0.0,0.0
ES2002a,174,0.6725975076357523,0.33135170737902325,0.7180170814196268,0.24082030355930328,0.09976814066370328,0.3298387626806895,0.5280420382817587,0.7292308211326599,-15.398110840139688,62.92496306678091,-19.43827094578435,0.0,0.0
ES2002a,175,0.6353519161542257,0.38775210579236347,0.5476208527882894,0.2744875450929006,0.10775906592607498,0.38904554148515064,0.5997673670450846,0.8742285768191019,-52.52958071381429,78.08186827427191,-51.615194324840445,0.0,0.0
ES2002a,176,0.554913600285848,0.3607284029324849,0.5414455433686575,0.14140252768993378,0.06618643924593925,0.406821330388387,0.6467572450637817,0.6964280009269714,-75.99397481724706,78.84106084450872,-74.07704760142086,0.0,0.0
ES2002a,177,0.5956803560256958,0.3628505269686381,0.7204744418462118,0.13258812576532364,0.061324690779050194,0.4863923043012619,0.5769681334495544,0.7159686982631683,-80.52795389301212,78.8145634882931,-78.13954381697523,0.0,0.0
ES2002a,178,0.6749754150708517,0.3856021761894226,0.6880725820859274,0.1516425609588623,0.04519342010219892,0.5220016837120056,0.4662829240163167,0.7266541620095571,-60.82243851759142,66.63325121410365,-60.055182927527056,0.0,0.0
ES2002a,179,0.7490167617797852,0.44791485865910846,0.558274487654368,0.17405647536118826,0.08795535191893578,0.46089798708756763,0.46986640493075055,0.9466454982757568,-10.512883902714316,54.68264322351089,-12.74734173106227,0.0,0.0
ES2002a,180,0.6909898320833842,0.3783934811751048,0.5791360338528951,0.15858212113380432,0.12936109552780786,0.4549965759118398,0.517744908730189,0.902675191561381,-5.2469522265235895,53.79036068255772,-9.027064431183378,0.0,0.0
ES2002a,181,0.6364298065503439,0.46961573759714764,0.5506254235903422,0.2366784413655599,0.14983101189136505,0.4289298752943675,0.4692144493261973,0.9589760303497314,-6.842853428185028,55.25725809602765,-10.068763830618417,0.0,0.0
ES2002a,182,0.5973080595334371,0.3695222735404968,0.4329120914141337,0.14862131824096045,0.05402488882342974,0.5062545537948608,0.4285281002521515,0.8957101901372274,-10.73523070220467,52.19073095124318,-11.599596111777721,0.0,0.0
ES2002a,183,0.7456604639689127,0.41297516226768494,0.6198563277721405,0.12828801572322845,0.069075558334589,0.5299605925877889,0.45861058433850604,0.8494864702224731,-10.655941195525406,65.61013670526906,-11.88927439441464,0.0,0.0
ES2002a,184,0.7444610993067423,0.453037828207016,0.403970330953598,0.1628950039545695,0.08358539392550786,0.44713785250981647,0.4411192238330841,0.9674480557441711,-5.94660222803564,51.37540807711455,-11.271160761878155,0.0,0.0
ES2002a,185,0.6783324877421061,0.3993737945954005,0.5627268155415853,0.19463554521401724,0.07342726116379102,0.5087869167327881,0.4272910952568054,0.9466037352879842,-0.4797166819776771,22.19503181708933,-9.75462159132834,0.0,0.0
ES2002a,186,0.6359832088152567,0.42316829164822894,0.5591934820016226,0.10648397107919057,0.03909598539272944,0.4642026921113332,0.4538503885269165,0.7657648324966431,-2.051857098456703,58.18132630666565,-5.1047938892127815,0.0,0.0
ES2002a,187,0.4317715068658193,0.4541610578695933,0.33151749273141223,0.08810633669296901,0.042131890853246055,0.23609276612599692,0.38404863079388935,0.020406320846329134,-30.765611386348343,14.78877763651388,30.44253042358135,0.0,0.0
ES2002a,188,0.43726836641629535,0.39172227183977765,0.18760928511619568,0.08964426318804423,0.04518623401721319,0.16624059528112411,0.4231313367684682,0.00963933269182841,-32.15318913222809,13.095502459706552,30.106386193823983,0.0,0.0
ES2002a,189,0.6624110142389933,0.49022693435351056,0.3755670388539632,0.06680357207854588,0.024783337488770485,0.4165482421716054,0.37563807765642804,0.13957371353171766,1.5173506712506566,-5.053051180752053,10.181709727049943,0.0,0.0
ES2002a,190,0.6875284512837728,0.5103413164615631,0.4235421021779378,0.05268486216664314,0.018031372067828972,0.3490426689386368,0.39791680375734967,0.32328867198278505,5.686139632297578,11.982634145198098,8.594414972249453,0.0,0.0
ES2002a,191,0.7192453145980835,0.4701216717561086,0.5467068354288737,0.05228344599405924,0.020220244924227398,0.20133655269940695,0.42908836404482525,0.02309071645140648,9.820333625199178,25.669833929652043,10.832286753352543,0.0,0.0
ES2002a,192,0.6789367000261942,0.38785913586616516,0.4840693275133769,0.047820268819729485,0.014990149686733881,0.11517307658990224,0.4727570017178853,0.03997140727005899,6.140751994003989,26.87594691406829,12.97527910387698,0.0,0.0
ES2002a,193,0.6114205618699392,0.454729030529658,0.3081605186065038,0.08088350296020508,0.030703566037118435,0.18705809116363525,0.4683174788951874,0.015144624941361448,-7.716252316640482,21.65349251544856,11.919122162313947,0.0,0.0
ES2002a,194,0.4842325945695241,0.4323829611142476,0.20076726377010345,0.1286084751288096,0.0831264890730381,0.2585582733154297,0.5129798650741577,0.03409003451815806,-33.70567520342045,16.338572515184524,18.108496355488054,0.0,0.0
ES2002a,195,0.6735647519429525,0.368223637342453,0.41963279247283936,0.11203433200716972,0.035785396893819175,0.5337339440981547,0.4410361150900523,0.550379013021787,88.13094803465991,62.048647873292474,91.00543498337986,0.0,0.0
ES2002a,196,0.6245799859364828,0.27325905362764996,0.38825226823488873,0.09064919004837672,0.03716186868647734,0.5610573689142863,0.5239534775416056,0.38808594395716983,78.55802763008016,65.8992231771346,81.07613265406019,0.0,0.0
ES2002a,197,0.7425539294878641,0.4463236431280772,0.5501396358013153,0.22255079944928488,0.08757255226373672,0.4960133632024129,0.42738764484723407,0.8674544294675192,47.2660224064602,47.336471772977895,43.21337878125322,0.0,0.0
ES2002a,198,0.7894135316212972,0.5503304998079935,0.49883510172367096,0.202273890376091,0.15850956737995148,0.5764832446972529,0.3625919024149577,0.9433732032775879,17.588033958576258,19.430158369942564,-0.08951499907899822,0.0,0.0
ES2002a,199,0.8271580338478088,0.6007884244124094,0.5450633764266968,0.2013815095027288,0.12349775930245717,0.45328301191329956,0.4293948809305827,0.8979750275611877,19.523036363204866,37.29960989204823,6.71334363489063,0.0,0.0
ES2002a,200,0.8139005899429321,0.5676858822504679,0.6531431476275126,0.19307687878608704,0.09367109090089798,0.5828221539656321,0.46357662479082745,0.6672497193018595,22.264972964903908,51.04722573752554,17.40743609301965,0.0,0.0
ES2002a,201,0.798268735408783,0.4713764786720276,0.6075579325358073,0.23699245353539786,0.07204938928286235,0.601673424243927,0.4567306935787201,0.8475355903307596,22.16407353452007,51.58264167795872,17.365261700797124,0.0,0.0
ES2002a,202,0.7514798442522684,0.3636241555213928,0.6880799531936646,0.19868293901284537,0.04810556893547376,0.5216751595338186,0.4410241941610972,0.7404647668202718,19.511039073023962,49.579826552191435,17.22091849236172,0.0,0.0
ES2002a,203,0.7086529731750488,0.27202938000361127,0.6858196059862772,0.12748733907938004,0.029753232995669048,0.5760708053906759,0.4812088906764984,0.584547201792399,28.514535116062262,63.975139907780886,29.54917742755801,0.0,0.0
ES2002a,204,0.7452133297920227,0.41206660866737366,0.5177337427934011,0.12277225901683171,0.03818879773219427,0.572810024023056,0.47757628560066223,0.5319945613543192,58.92054592919118,73.98271467549544,60.11134308955243,0.0,0.0
ES2002a,205,0.720401664574941,0.3215250571568807,0.5276969075202942,0.09241596112648646,0.03253450865546862,0.6403648257255554,0.4915885229905446,0.48930395642916363,59.59985136090189,73.81711077067867,60.719422622125485,0.0,0.0
ES2002a,206,0.7568553686141968,0.4323058029015859,0.6572490731875101,0.19350199898084006,0.10162434664865334,0.507099042336146,0.5252328813076019,0.7455817461013794,31.202828379546474,56.296962191041644,28.01852326761205,0.0,0.0
ES2002a,207,0.7925723791122437,0.5213095049063364,0.3763137459754944,0.17459838092327118,0.05554062873125076,0.688680907090505,0.43680254618326825,0.9052307407061259,33.52451008556642,44.0168070555809,25.093355418020447,0.0,0.0
ES2002a,208,0.7718197305997213,0.490324467420578,0.6261138916015625,0.11378619571526845,0.03829180325071017,0.47555147608121234,0.41385000944137573,0.7126867274443308,31.086626902814213,51.45257649410186,24.23012984871284,0.0,0.0
ES2002a,209,0.7321767210960388,0.5259038805961609,0.6905520558357239,0.2677454203367233,0.09674963975946109,0.5043419500192007,0.4101087848345439,0.9858203927675883,16.204818420143514,17.243975286601252,-1.2045126445238667,0.0,0.0
ES2002a,210,0.7064854303995768,0.506204624970754,0.5932333370049795,0.2500517964363098,0.10163083424170812,0.680891772111257,0.36215763290723163,0.9973946213722229,17.695267779009374,15.010761299228065,-1.4204550694697613,0.0,0.0
ES2002a,211,0.6306595404942831,0.46965264280637103,0.270672803123792,0.07824240749080975,0.036791217823823295,0.17761160184939703,0.46600420276323956,0.254625058422486,-10.224965884861232,9.985427776339835,15.857933116102323,0.0,0.0
ES2002a,212,0.7407763004302979,0.517787903547287,0.26912789543469745,0.06375754748781522,0.01661962519089381,0.2795299142599106,0.39443055788675946,0.30702809741099674,1.4581008376168023,-10.40114298655215,1.7192557527883017,0.0,0.0
ES2002a,213,0.5805559953053793,0.36310093601544696,0.3679609994093577,0.06884132822354634,0.017055561766028404,0.34804604947566986,0.3488462567329407,0.14207357820123434,0.9783739800428796,-17.849751962639935,6.469019502576475,0.0,0.0
ES2002a,214,0.6490734815597534,0.3288176457087199,0.38119077682495117,0.05732119083404541,0.018821266169349354,0.4729721049467723,0.2938009401162465,0.09515979886054993,1.716611273832698,-15.34032750225868,5.792801473887625,0.0,0.0
ES2002a,215,0.5912876526514689,0.28458450237909955,0.4505350987116496,0.05220277359088262,0.019690189510583878,0.58017631371816,0.30357834696769714,0.06785119324922562,0.7226802361708892,-12.149835970378975,4.230769210865945,0.0,0.0
ES2002a,216,0.5694276491800944,0.27703051765759784,0.32351591686407727,0.0548628568649292,0.02298800212641557,0.565190056959788,0.36798161268234253,0.037019082345068455,-1.2287271512873834,-10.196558836200891,3.9520647104739624,0.0,0.0
ES2002a,217,0.670359194278717,0.4537585377693176,0.3720661749442418,0.05408693974216779,0.018308545152346294,0.5674626429875692,0.3908982078234355,0.16778651252388954,2.9056431895760304,4.42768120789635,8.173238097098414,0.0,0.0
ES2002a,218,0.6376091639200846,0.45672091841697693,0.1985006034374237,0.08645297835270564,0.03482145257294178,0.2594486077626546,0.497197945912679,0.23791476587454477,-8.707400675768051,11.13267908174033,7.4008712376771415,0.0,0.0
ES2002a,219,0.7217905322710673,0.6306044459342957,0.3034416933854421,0.057361405342817307,0.01738924067467451,0.19659298658370972,0.4178082346916199,0.05287816282361746,-17.33586968787477,8.200820682431619,4.775133051875861,0.0,0.0
ES2002a,220,0.6386955777804056,0.48528172572453815,0.2805335919062297,0.0873052974541982,0.043109154949585594,0.28014419476191205,0.5489060978094736,0.03056202394266923,-30.910995555450597,6.2314016263073215,4.197121247606478,0.0,0.0
ES2002a,221,0.7360747655232748,0.5324852665265402,0.42559852202733356,0.21874315539995828,0.11718458930651347,0.5997598469257355,0.3908144533634186,0.9771216114362081,17.73613293901531,9.053870874804927,-4.2985219367998955,0.0,0.0
ES2002a,222,0.5913623174031576,0.3928827295700709,0.1413459156950315,0.26400461544593173,0.3280685742696126,0.5132457415262858,0.4833390712738037,0.2390948630248507,-0.7571907283663366,-22.52589418713019,-3.3158536418791873,0.0,0.0
ES2002a,223,0.6915124456087748,0.6202829281489054,0.08853477363785107,0.2940892254312833,0.3128667026758194,0.22549322247505188,0.5321392814318339,0.5411593616008759,1.5558410323994736,0.4498552724503224,-3.0069229959373387,0.0,0.0
ES2002a,224,0.6119130651156107,0.6221975783507029,0.09856163462003072,0.2054395079612732,0.21839405844608942,0.3437359531720479,0.5536524256070455,0.49752924125641584,2.336542670113767,0.5947208798626177,-2.0122191117444133,0.0,0.0
ES2002a,225,0.6567538777987162,0.6254004736741384,0.2030833177268505,0.36415065328280133,0.4828035036722819,0.36197929581006366,0.5600083072980245,0.8689441482226054,0.7831963797604735,-4.102152889507248,-0.3856210790661163,0.0,0.0
ES2002a,226,0.4599855840206146,0.4499284227689107,0.37706343829631805,0.21183701728781065,0.13802815228700638,0.30681516975164413,0.5056378940741221,0.1419113565546771,-30.12167702312352,24.090768013113603,3.24200202947585,0.0,0.0
ES2002a,227,0.6468311647574106,0.53596364458402,0.3154830187559128,0.08043752610683441,0.020599580990771454,0.3521499385436376,0.4993264178435008,0.06323672241220872,-15.281736264086925,10.3619065331493,8.771874214481555,0.0,0.0
ES2002a,228,0.7036976416905721,0.5560149252414703,0.17540575315554938,0.07866836711764336,0.036484584833184876,0.3629785254597664,0.5010474622249603,0.029781455794970196,-6.105632814200361,12.91785581817742,14.277790306802942,0.0,0.0
ES2002a,229,0.6348005731900533,0.4824241002400716,0.3056297649939855,0.09838446229696274,0.034630006179213524,0.21393583218256632,0.5409739315509796,0.013012317552541694,-18.73604049265403,20.8651864921359,17.736957650530343,0.0,0.0
ES2002a,230,0.7382610638936361,0.43032888571421307,0.10692745943864186,0.05596056580543518,0.019027068590124447,0.39121421178181964,0.31052111585934955,0.14180476342638335,-3.5503629067313,-7.558403024838508,4.366602272534023,0.0,0.0
ES2002a,231,0.6393734812736511,0.38011090954144794,0.21981626252333322,0.06896040340264638,0.03512947137157122,0.3507673144340515,0.2898792127768199,0.15320703263084093,-3.8130029946535067,-9.586280230493989,3.37204948261993,0.0,0.0
ES2002a,232,0.619514544804891,0.32986433307329815,0.18333740532398224,0.06820865472157796,0.0337702843050162,0.321594496568044,0.3062448700269063,0.06133250597243508,-4.064449289520118,-12.66713116434988,4.918635518229045,0.0,0.0
ES2002a,233,0.632435659567515,0.3452167212963104,0.18115273614724478,0.06374236817161243,0.035465085258086525,0.2871296554803848,0.2999665439128876,0.028261573364337284,-4.9614140958690625,-12.673517213655002,2.780882376373695,0.0,0.0
ES2002a,234,0.6375695665677389,0.4424120287100474,0.18785637120405832,0.053900847832361855,0.02712426148355007,0.23115674406290054,0.24608389536539713,0.1596390133102735,-6.005699135997982,-12.449562615648645,0.7264354703487313,0.0,0.0
ES2002a,235,0.6791435281435648,0.40269625186920166,0.12021902203559875,0.05478769913315773,0.03301198221743107,0.22330584128697714,0.2794552544752757,0.2997952898343404,-5.899589653192124,-12.223170570831565,-0.3187618291432452,0.0,0.0
ES2002a,236,0.5494141379992167,0.3336351265509923,0.16281593094269434,0.0680373286207517,0.03659667198856672,0.3381704290707906,0.3004849354426066,0.18596160660187402,-6.93058441748546,-17.821399869135618,0.29050669618086883,0.0,0.0
ES2002a,237,0.5518791476885477,0.35629098614056903,0.19573471943537393,0.09882109115521114,0.06311145735283692,0.2097261299689611,0.3636390765508016,0.15395425531702736,-18.646523888265207,-11.075232158567678,4.435577349576115,0.0,0.0
ES2002a,238,0.3939939836661021,0.3480919599533081,0.3766528367996216,0.20830893516540527,0.172574020922184,0.3131307860215505,0.451781044403712,0.07513360679149628,-26.782963370121575,-0.7960368930517596,12.989379836091663,0.0,0.0
ES2002a,239,0.32351212700208026,0.31676992774009705,0.5786472956339518,0.25945382316907245,0.1805723508199056,0.2567908763885498,0.5122005740801493,0.05755018458391229,-41.87702743157997,15.84000067385764,17.795546364817188,0.0,0.0
ES2002a,240,0.43715206782023114,0.41603410243988037,0.2646268668274085,0.1445021058122317,0.14630195188025633,0.2546514421701431,0.4231471319993337,0.06800548687654857,-30.37741994382429,5.510507673489454,14.574913183373782,0.0,0.0
ES2002a,241,0.6775750517845154,0.5748984217643738,0.1450470139582952,0.047438708444436394,0.027736701692144077,0.1678157796462377,0.3864830633004506,0.05958515281478564,-9.817820370037252,-11.373768029408714,4.699778585974507,0.0,0.0
ES2002a,242,0.5643569231033325,0.41839651266733807,0.142515500386556,0.10344386224945386,0.04762370325624943,0.2888607680797577,0.3732842206954956,0.04342805524356663,-19.489409601914694,-3.380723223329396,8.790134972119079,0.0,0.0
ES2002a,243,0.5625274876753489,0.48169220487276715,0.2845991676052411,0.16342669973770776,0.09087646597375472,0.3842344681421916,0.4658576448758443,0.059122251346707344,-11.414198681004265,-6.2220822907055355,8.396987251313968,0.0,0.0
ES2002a,244,0.5170063972473145,0.331573744614919,0.42649000883102417,0.4429158369700114,0.3691066379348437,0.5594824453194936,0.3573649028937022,0.9848994016647339,7.205070943570142,13.789211425860012,-1.0637632064064595,0.0,0.0
ES2002a,245,0.6304247577985128,0.36673206090927124,0.2628883570432663,0.5469707051912943,0.5224354763825735,0.5730449358622233,0.3759625057379405,0.9615601102511088,-11.376534369472958,18.19885230065112,-16.90458806329999,0.0,0.0
ES2002a,246,0.5892751018206278,0.5096670587857565,0.20581882198651633,0.47557902832825977,0.37199140588442486,0.5733406146367391,0.3715396225452423,0.97796102364858,-14.472411218050354,17.295136893817315,-31.490898713631967,0.0,0.0
ES2002a,247,0.6116200486818949,0.32295869787534076,0.33606940507888794,0.25078388551870984,0.12790093819300333,0.28149258842070896,0.45340777436892193,0.6502781882882118,-25.249198629425223,14.401140391648063,-55.050257872754116,0.0,0.0
ES2002a,248,0.5168533623218536,0.44636329015096027,0.23269481460253397,0.11354903876781464,0.04882985229293505,0.20253469174106917,0.5050565302371979,0.006371313550819953,-36.32526106778595,14.957358478239769,6.257972954123301,0.0,0.0
ES2002a,249,0.549203892548879,0.3832700153191884,0.27778924504915875,0.12657998502254486,0.04844770208001137,0.14000835766394934,0.47979745268821716,0.0043626188999041915,-37.43614863549953,15.497138261405944,5.825172438563786,0.0,0.0
ES2002a,250,0.5760244329770406,0.42443928122520447,0.2368022253115972,0.12429998815059662,0.06726088002324104,0.2364140103260676,0.4888286590576172,0.00535237486474216,-38.03760855599302,13.68077736698658,6.399201749327712,0.0,0.0
ES2002a,251,0.5183314085006714,0.34103578329086304,0.22365758071343103,0.11209001888831456,0.050317453841368355,0.3242737948894501,0.5217154820760092,0.027235136833041906,-36.623551540569075,14.031622921185166,7.592339735578506,0.0,0.0
ES2002a,252,0.49925947189331055,0.4286614954471588,0.2038652946551641,0.1192037562529246,0.05631427342693011,0.30363572140534717,0.47256721059481305,0.0029084727672549584,-40.971475158280874,14.98372914690358,6.950184265855779,0.0,0.0
ES2002a,253,0.4986487825711568,0.3546282450358073,0.2164617677529653,0.119325024386247,0.0517308401564757,0.1988933285077413,0.4635065197944641,0.004799858434125781,-41.152869811277434,16.606024400960653,6.708921592738789,0.0,0.0
ES2002a,254,0.5151830613613129,0.3686822752157847,0.23242004215717316,0.12912341952323914,0.04859743515650431,0.36281930406888324,0.5005343357721964,0.005321793801461657,-37.10479837297533,14.885380555631748,8.3704285715341,0.0,0.0
ES2002a,255,0.5088740885257721,0.41873632868131,0.19092261294523874,0.10238899538914363,0.039185941219329834,0.18476617336273193,0.46301621198654175,0.0023227069614222273,-29.13808056777192,13.323091182163468,10.49628392732246,0.0,0.0
ES2002a,256,0.585206945737203,0.4439036548137665,0.13070092101891836,0.10422733922799428,0.04863288998603821,0.3323342551787694,0.4981240928173065,0.0013164441528109212,-27.210493903854246,11.937461354195044,9.85906235715357,0.0,0.0
ES2002a,257,0.6808286905288696,0.6029116908709208,0.18252779295047125,0.061033776650826134,0.021565447251001995,0.41589949031670886,0.4538530906041463,0.0021631253184750676,-12.327835462993226,13.522891288551316,12.163464205874135,0.0,0.0
ES2002a,258,0.7804661989212036,0.5129640897115072,0.17876965055863062,0.06580625474452972,0.018559373294313748,0.5742681721846262,0.5129006703694662,0.027620396266380947,-19.868809028490663,8.003693931709597,8.864643939983909,0.0,0.0
ES2002a,259,0.7721060315767924,0.5102123220761617,0.21952431400616965,0.0837906077504158,0.01899646719296773,0.5821016232172648,0.5259635349114736,0.05028843382994334,-23.008824079052214,8.012654783234973,8.809198886920655,0.0,0.0
ES2002a,260,0.7585764328638712,0.5088357528050741,0.1550819699962934,0.08569530894358952,0.028642016773422558,0.5072660942872366,0.4439737598101298,0.38579702874024707,-21.527671850734958,9.328463822784116,9.441783524513774,0.0,0.0
ES2002a,261,0.6468068361282349,0.33945730328559875,0.4340212643146515,0.15899831553300223,0.08831885953744252,0.6255819201469421,0.46142831444740295,0.6830922439694405,32.38271015467401,27.48485022437687,25.156101669063286,0.0,0.0
ES2002a,262,0.6250597437222799,0.25140764315923053,0.656451404094696,0.2830714335044225,0.0994534691174825,0.509672592083613,0.3783980806668599,0.9286953210830688,15.160804805752313,6.115914564360128,7.594149633759227,0.0,0.0
ES2002a,263,0.5977843006451925,0.315109521150589,0.4949252208073934,0.2534997711579005,0.1462471311291059,0.5944170355796814,0.3923664192358653,0.9516397515932719,18.537827671743823,14.330384235535982,10.240378314935544,0.0,0.0
ES2002a,264,0.6015398303667704,0.36820830404758453,0.5619255602359772,0.16956659654776254,0.06394278878966968,0.6566777527332306,0.5006702542304993,0.5678622821966807,58.53578356967949,48.548296139094695,57.10552516356753,0.0,0.0
ES2002a,265,0.6688469847043356,0.44306643803914386,0.39781249066193897,0.1521537850300471,0.05396421253681183,0.41895877321561176,0.4738026758035024,0.5444990893205007,78.95088286299081,61.263950968527894,81.59493056725978,0.0,0.0
ES2002a,266,0.7159402370452881,0.3350828488667806,0.5239384174346924,0.1376972272992134,0.050927321116129555,0.6710724631945292,0.49903066953023273,0.39991267025470734,76.22215503957977,63.124124749235186,78.16887504915299,0.0,0.0
ES2002a,267,0.7156254251797994,0.4213695724805196,0.3312629163265228,0.11850909143686295,0.055089677373568215,0.7001211643218994,0.4096687138080597,0.5536739726861318,64.72140811853554,60.83080608919829,66.7833911730132,0.0,0.0
ES2002a,268,0.7152274052302042,0.45199259122212726,0.5188793540000916,0.09398094813028972,0.03534499742090702,0.6377764741579691,0.43959102034568787,0.48738592863082886,51.25718701609949,55.38192743341461,52.76779513796752,0.0,0.0
ES2002a,269,0.6874644954999288,0.4218335251013438,0.3927909831206004,0.11827295025189717,0.07407776825129986,0.5962617496649424,0.38219718138376874,0.5814512471357981,37.87316459271879,36.71785532667209,35.30306903001325,0.0,0.0
ES2002a,270,0.7313848535219828,0.40483996272087097,0.622403879960378,0.19221573571364084,0.09420679447551568,0.3920818666617076,0.37948231895764667,0.8769949674606323,10.867234035697196,17.548810281370958,-1.4352319554851192,0.0,0.0
ES2002a,271,0.6650209228197733,0.36303313573201496,0.39348843693733215,0.2713892211516698,0.07990394408504169,0.494191437959671,0.44869240125020343,0.677600085735321,-3.29740048810269,16.63419213684892,-9.822970645355428,0.0,0.0
ES2002a,272,0.5101979573567709,0.305335412422816,0.34960582852363586,0.16090912371873856,0.12509267094234625,0.6257887283960978,0.4660604198773702,0.735005646944046,-0.15537872318206677,10.06476239288064,-6.28818260458032,0.0,0.0
ES2002a,273,0.5662084917227427,0.41960763931274414,0.24842222531636557,0.24696888277928034,0.43222042731940746,0.3481495678424835,0.43943814436594647,0.9716749588648478,-0.9107577622958298,-0.17437557697788067,-2.2972799346888793,0.0,0.0
ES2002a,274,0.6038790742556254,0.40656810998916626,0.3605734358231227,0.39404745896657306,0.5689319744706154,0.5367696086565653,0.3706572999556859,0.8903502027193705,2.8044380591027824,15.374069675544645,-1.6813608280556849,0.0,0.0
ES2002a,275,0.7169916828473409,0.42209545771280926,0.5194451361894608,0.4978649616241455,0.353676105539004,0.5782407820224762,0.39212605853875476,0.8635168671607971,2.4867469798098587,33.318284013362145,-3.268044615555372,0.0,0.0
ES2002a,276,0.5872125625610352,0.28989561398824054,0.5736017823219299,0.1122131993373235,0.059817119191090264,0.5153916776180267,0.428982545932134,0.5539676249027252,7.669620325040126,48.39349540333032,7.102137778581539,0.0,0.0
ES2002a,277,0.7354260881741842,0.3264959504206975,0.4940776526927948,0.25369227925936383,0.13187387585639954,0.58144544561704,0.43958425521850586,0.8409192164738973,7.465292989516119,18.954200970870044,-1.2554888141177256,0.0,0.0
ES2002a,278,0.6296862959861755,0.3923553029696147,0.41785608728726703,0.16416826595862707,0.1027649665872256,0.45200568437576294,0.41912100712458294,0.9585177103678385,-0.15371907870211685,11.005432644727565,-8.4028062870862,0.0,0.0
ES2002a,279,0.5736737847328186,0.30310086409250897,0.6951558589935303,0.14193536341190338,0.044044957806666694,0.5202336510022482,0.4010221262772878,0.7812516291936239,26.57497322919995,23.499267174056598,23.190871997578625,0.0,0.0
ES2002a,280,0.490409920612971,0.2523319572210312,0.5062954922517141,0.09829666092991829,0.03100891411304474,0.41824198762575787,0.42636406421661377,0.7782866557439169,62.851234441777336,80.99186753574465,65.10855210393807,0.0,0.0
ES2002a,281,0.5771648486455282,0.2495314528544744,0.7642344832420349,0.13081299513578415,0.041007825483878456,0.34836626052856445,0.5569381316502889,0.8700364629427592,-14.442822712546937,69.58460901985428,-15.218204185144415,0.0,0.0
ES2002a,282,0.760260800520579,0.4617936611175537,0.5662552913029989,0.27488965292771655,0.09994961073001225,0.49564702312151593,0.4746823012828827,0.8219313224156698,-6.85468112600536,36.92662893281019,-11.282118512551955,0.0,0.0
ES2002a,283,0.7029850085576376,0.5043921073277792,0.5482666194438934,0.32883524894714355,0.1247582280387481,0.5947996775309244,0.4491008420785268,0.8597326080004374,-4.993656155909167,25.340980858418245,-8.82864368539817,0.0,0.0
ES2002a,284,0.7273536920547485,0.5344979663689932,0.6316331227620443,0.3324231952428818,0.1413704752922058,0.47853654623031616,0.3901265760262807,0.7433205842971802,-2.444285163582349,51.89239773971175,-7.032536689104582,0.0,0.0
ES2002a,285,0.7221447825431824,0.3644321064154307,0.5592448016007742,0.2267130787173907,0.14075753092765808,0.4102783004442851,0.45923060178756714,0.8921559651692709,-7.771104996641732,46.12734521943914,-9.394437474243505,0.0,0.0
ES2002a,286,0.73366978764534,0.5607423981030782,0.24823810905218124,0.07815311352411906,0.030586672946810722,0.4093029002348582,0.4269076387087504,0.02583275828510523,-5.3173356833713825,22.142063590546424,10.62926014819873,0.0,0.0
ES2002a,287,0.6063024997711182,0.40480221311251324,0.22163043916225433,0.13277740279833475,0.04582532991965612,0.1852198193470637,0.4700423876444499,0.11338232457637787,-38.17984788161262,15.986011610044168,4.642709733289961,0.0,0.0
ES2002a,288,0.5918403267860413,0.34518542885780334,0.1164989893635114,0.13557049880425134,0.05133574331800143,0.19978984196980795,0.48379699389139813,0.3570135508974393,-47.55862152105205,16.495547767284275,2.2005060029421117,0.0,0.0
ES2002a,289,0.6658794085184733,0.42541736364364624,0.46151459217071533,0.13347223649422327,0.03540817213555177,0.42654558022816974,0.4568933645884196,0.9048701326052347,-13.49239656547413,13.37795151847814,-33.902922578497595,0.0,0.0
ES2002a,290,0.6385133663813273,0.35270248850186664,0.6312009890874227,0.11940037210782369,0.0518826711922884,0.637209008137385,0.4963511526584625,0.8292977412541708,-16.724666043872762,17.388003966703454,-51.602649092261764,0.0,0.0
ES2002a,291,0.6830626924832662,0.44614771008491516,0.6371400554974874,0.12580237537622452,0.06348264093200366,0.5281015435854594,0.5426383117834727,0.9536865949630737,-11.44094513698471,20.368424869085143,-54.80426840266816,0.0,0.0
ES2002a,292,0.7730894883473715,0.6264382004737854,0.3472603956858317,0.07327474032839139,0.020844057202339172,0.3566973904768626,0.2828189382950465,0.43937687079111737,2.252555642502179,-6.214345540513908,-5.371450382923015,0.0,0.0
ES2002a,293,0.7351846694946289,0.5843966801961263,0.2580293466647466,0.050569320718447365,0.02907133288681507,0.5055463512738546,0.37975476185480755,0.22902733770509562,-4.002615322569537,-1.583438796712075,1.1514200127840843,0.0,0.0
ES2002a,294,0.8098360101381937,0.7378043333689371,0.21780981123447418,0.07343396171927452,0.024384090676903725,0.393157422542572,0.5128391285737356,0.19980189949274063,3.829515198996288,3.8561109851524384,6.745778829560719,0.0,0.0
ES2002a,295,0.7226030627886454,0.5045902132987976,0.2870660324891408,0.07170617207884789,0.03571012243628502,0.40859606862068176,0.5019018252690634,0.11474909260869026,2.7122038710095477,18.662558828782494,5.835048784428544,0.0,0.0
ES2002a,296,0.768059492111206,0.5087159872055054,0.31622712810834247,0.11434320112069447,0.03526182224353155,0.641266663869222,0.43233488003412884,0.6075209677219391,2.0439079192607372,15.970719400536028,5.514248106883741,0.0,0.0
ES2002a,297,0.7404982844988505,0.5523101091384888,0.25525205334027606,0.0796467736363411,0.03385007878144582,0.4159419387578964,0.47057780623435974,0.37452032168706256,-14.364721740854897,6.906607409332074,-2.154657831949059,0.0,0.0
ES2002a,298,0.6615975300470988,0.4701414903004964,0.3532533446947734,0.10987717534104983,0.05558549923201402,0.2531245102485021,0.4042787750562032,0.3064329649011294,-14.354283685482075,3.870222542497442,-4.114025628326381,0.0,0.0
ES2002a,299,0.7329516212145487,0.6346634030342102,0.1379497746626536,0.05807394410173098,0.021082322113215923,0.3554312586784363,0.4751596550146739,0.12736235558986664,-6.877228513740872,-2.740501895097592,3.2327274933219154,0.0,0.0
ES2002a,300,0.687434196472168,0.6178842385609945,0.11892643074194591,0.06686790784200032,0.022641697898507118,0.6113154292106628,0.4955446521441142,0.017016173573210835,-15.343866439219573,-1.3586931302009357,10.577629900114486,0.0,0.0
ES2002a,301,0.6700277924537659,0.6636429031689962,0.14560775458812714,0.06774252777298291,0.025695713236927986,0.6258427500724792,0.5242764155069987,0.04690509413679441,-15.217040710583797,-1.8820472841519893,10.05219889207143,0.0,0.0
ES2002a,302,0.7074804504712423,0.6322542031606039,0.15946932137012482,0.07716054469347,0.026217389851808548,0.6025445659955343,0.5373684565226237,0.07935946512346466,-15.430056651304335,0.3291713437093185,9.260805957192416,0.0,0.0
ES2002a,303,0.7144521077473959,0.5630524953206381,0.14821404467026392,0.06053859616319338,0.0182019816711545,0.6917279362678528,0.5214883883794149,0.02296555181965232,-15.364452596620467,1.4797825770751258,10.216575755243218,0.0,0.0
ES2002a,304,0.5528266628583273,0.35464993119239807,0.4562828838825226,0.1985353504618009,0.10852883383631706,0.4543876498937607,0.5126603345076243,0.9765428503354391,-43.13016233831528,82.77852294983394,-43.26976684536789,0.0,0.0
ES2002a,305,0.6925681630770365,0.4611598650614421,0.2717388719320297,0.12919959922631583,0.04888199269771576,0.3996563106775284,0.43206698695818585,0.2271395350495974,-23.981483769959084,5.8145823779443715,16.127152423978846,0.0,0.0
ES2002a,306,0.684043308099111,0.5413764715194702,0.1650306979815165,0.13313686350981394,0.0843255693713824,0.4299100736776988,0.43756019075711566,0.07530332542955875,-23.308686302758417,5.599641903186978,15.943044059991081,0.0,0.0
ES2002a,307,0.6694243351618449,0.5340387026468912,0.29654332002003986,0.11293358852465947,0.04176793868343035,0.42703070243199664,0.4298107922077179,0.38203305130203563,-20.936986820567856,7.125850309096304,13.993649503479029,0.0,0.0
ES2002a,308,0.615001380443573,0.4697890480359395,0.24677987893422446,0.09749716271956761,0.04632031172513962,0.3739061752955119,0.41102465987205505,0.06626583884159724,-22.61967450778909,6.826515078592313,12.494020308223773,0.0,0.0
ES2002a,309,0.6310846209526062,0.6239213546117147,0.25149206320444745,0.11059238016605377,0.03614457758764426,0.28959859410921734,0.40977879365285236,0.3185414945085843,-21.213493827985307,6.123971453518607,14.804403022933371,0.0,0.0
ES2002a,310,0.6181509494781494,0.479358434677124,0.2265757272640864,0.12133159240086873,0.04632739226023356,0.29793501893679303,0.3904065489768982,0.1819792352616787,-21.535863881193563,6.312321807318098,15.82576576997248,0.0,0.0
ES2002a,311,0.6806809504826864,0.5453653534253439,0.22777399917443594,0.12955948213736215,0.06493684649467468,0.26491573949654895,0.4038611352443695,0.2106853947043419,-22.114477133311002,6.356444921832747,14.74981133409861,0.0,0.0
ES2002a,312,0.6829423308372498,0.5027496914068857,0.28958331048488617,0.16370289524396262,0.06110960617661476,0.37467357019583386,0.4154515564441681,0.07570535441239674,-22.3838639386684,6.360326972228061,15.218526845102398,0.0,0.0
ES2002a,313,0.7135315736134847,0.47934702038764954,0.21917827924092612,0.09187759459018707,0.04544873287280401,0.47013094027837116,0.4888850450515747,0.09021344532569249,-20.771052656525423,4.51647945225638,13.141715413108349,0.0,0.0
ES2002a,314,0.7417682011922201,0.6108289062976837,0.20462146401405334,0.08468654751777649,0.04348898399621248,0.379101037979126,0.49191049734751385,0.06578022179504235,-12.276647753848652,4.119584093619825,1.420734734796796,0.0,0.0
ES2002a,315,0.5257700284322103,0.18016173938910165,0.4645764132340749,0.11460297803084056,0.05390030766526858,0.2941054304440816,0.302837610244751,0.7389073967933655,0.8886606183285463,-38.87012447578207,0.5660509151032663,0.0,0.0
ES2002a,316,0.5117443303267161,0.1604039321343104,0.5876998901367188,0.10928379744291306,0.047536915789047875,0.42597268025080365,0.24860050280888876,0.7090814709663391,0.8015023128277208,-39.81489093585649,1.4752004145461857,0.0,0.0
ES2002a,317,0.5164613525072733,0.17333098749319711,0.6860523621241251,0.12462766220172246,0.05799848337968191,0.3418106387058894,0.2476229319969813,0.6983124415079752,0.19784918694980572,-39.754661859497865,1.7266875908939776,0.0,0.0
ES2002a,318,0.5116751690705618,0.2099763204654058,0.5496940314769745,0.16589497029781342,0.13205710798501968,0.4702986280123393,0.3539249400297801,0.7514664729436239,-6.2694012973331255,-34.96798291456229,9.87901349272726,0.0,0.0
ES2002a,319,0.520057221253713,0.16452843695878983,0.42356200019518536,0.1470061937967936,0.13063227633635202,0.42436400055885315,0.4107449452082316,0.7346292932828268,-12.500085915628768,-29.772315006544062,20.395429694966086,0.0,0.0
ES2002a,320,0.5706236759821574,0.5112411578496298,0.12207662065823872,0.17134149372577667,0.16789196928342184,0.1775401197373867,0.6135889490445455,0.038318786692495145,-36.61197635066657,7.5516363835667555,-4.436228077970689,0.0,0.0
ES2002a,321,0.5667004485925039,0.4056895077228546,0.208863894144694,0.17284565170605978,0.21451271325349808,0.3664008751511574,0.5949315627415975,0.02877729731456687,-37.610291189111315,7.630578065254177,-4.820676890073188,0.0,0.0
ES2002a,322,0.6202771464983622,0.42425015568733215,0.16482986013094583,0.16210157424211502,0.11784949402014415,0.5108734468619028,0.6130685806274414,0.03257187859465679,-35.23003595907969,8.347364648479532,-2.5522781812604354,0.0,0.0
ES2002a,323,0.6343286832173666,0.3354776203632355,0.5703535974025726,0.12108810245990753,0.044804468750953674,0.7439446449279785,0.5192508101463318,0.9778787096341451,-10.142337554308222,19.530093945429297,-49.46819362917784,0.0,0.0
ES2002a,324,0.5739203492800394,0.4352388183275859,0.32390937209129333,0.3926282227039337,0.34082821011543274,0.3813194731871287,0.4066286583741506,0.9843644499778748,-4.201031658835377,9.406953593959766,-3.8799039781417437,0.0,0.0
ES2002a,325,0.8202892144521078,0.6336507300535837,0.3818096121152242,0.09382162739833196,0.03743788103262583,0.45232181747754413,0.5282410283883413,0.24102787921826044,6.801939402749055,3.9216800899600934,-9.629667311729529,0.0,0.0
ES2002a,326,0.8249214887619019,0.7304185032844543,0.3316862980524699,0.0728783905506134,0.017024158810575802,0.37673818568388623,0.49471455812454224,0.19524843245744705,5.89003939796761,2.2776237599996234,-9.278672052049815,0.0,0.0
ES2002a,327,0.7692596316337585,0.670024573802948,0.1931388278802236,0.04673605039715767,0.01327534019947052,0.34466847280661267,0.4534050126870473,0.3082607661684354,3.891189135453578,-4.2792172124431955,-13.263873529527869,0.0,0.0
ES2002a,328,0.7907059590021769,0.6810582478841146,0.16213101148605347,0.05986126884818077,0.012830938523014387,0.2883613457282384,0.4144490857919057,0.2605801473061244,1.3981426965510544,-3.3527768656839,-11.641798603914959,0.0,0.0
ES2002a,329,0.6814832290013632,0.5139117240905762,0.2281014323234558,0.08385726809501648,0.03796847630292177,0.5661661475896835,0.4995718499024709,0.37962212165196735,-20.972029331186004,5.2522298048462925,1.3277303639631708,0.0,0.0
ES2002a,330,0.579790194829305,0.49614275495211285,0.2637353986501694,0.11596909165382385,0.05238942553599676,0.5180622314413389,0.5201288064320883,0.9215430816014608,-31.592213193701866,12.156430942389557,12.47113207949775,0.0,0.0
ES2002a,331,0.6191521684328715,0.5861467917760214,0.2814841667811076,0.1344702293475469,0.07614958037932713,0.5340303381284078,0.4810452361901601,0.9937383135159811,-31.932782009296815,11.593041686075486,13.113916859056182,0.0,0.0
ES2002a,332,0.6073049704233805,0.5919184883435568,0.2014682541290919,0.12753664205471674,0.06799179191390674,0.5083374579747518,0.4374852776527405,0.9973989129066467,-31.838437907987096,11.108560592897243,13.312668247296052,0.0,0.0
ES2002a,333,0.6248359084129333,0.4994698365529378,0.3063204735517502,0.12639219562212625,0.05087288096547127,0.3584950069586436,0.5122369031111399,0.9958924651145935,-32.32019336716321,10.557217478392532,13.574012566891613,0.0,0.0
ES2002a,334,0.6083209117253622,0.47444790601730347,0.18945111334323883,0.13652762273947397,0.06467078750332196,0.4130011896292369,0.4993128180503845,0.9641969203948975,-31.237364599767403,10.667284668036856,13.461714367539225,0.0,0.0
ES2002a,335,0.6737776001294454,0.5416749715805054,0.2050565630197525,0.09257618462045987,0.06024320485691229,0.497027059396108,0.4187167485555013,0.6089809412757555,-14.628239597370671,4.044387046227769,4.554083048965562,0.0,0.0
ES2002a,336,0.7419087489446005,0.6304608583450317,0.21912966668605804,0.04659899572531382,0.019773442919055622,0.3257386287053426,0.3731440603733063,0.14557195889453092,0.18140454197634615,-2.79187327553371,-10.194327565573488,0.0,0.0
ES2002a,337,0.7256975968678793,0.6109456618626913,0.26559371252854663,0.04866972814003626,0.020041346549987793,0.29406114916006726,0.3576645453770955,0.18269193172454834,-1.303599473199778,-3.2094480209145018,-10.509977607289224,0.0,0.0
ES2002a,338,0.6354092359542847,0.2413995365301768,0.5521843433380127,0.20302453637123108,0.17726006483038267,0.7181247274080912,0.430187592903773,0.9781150420506796,14.685562642448696,5.538263792895184,-1.5161821772141544,0.0,0.0
ES2002a,339,0.6429364085197449,0.2900190055370331,0.384799063205719,0.2606661220391591,0.12589051698644957,0.5569378236929575,0.39529745777448017,0.9659130175908407,19.862688511360037,7.015527996136556,-0.6585047553607839,0.0,0.0
ES2002a,340,0.6555610497792562,0.308528612057368,0.43931907912095386,0.2754601538181305,0.15006433675686517,0.7156237959861755,0.3229417900244395,0.9973544279734293,16.215666516683296,2.8336090842137835,-1.5006370260770676,0.0,0.0
ES2002a,341,0.564483255147934,0.3581216335296631,0.19623594482739767,0.1956797887881597,0.2457128514846166,0.5505214730898539,0.36217490832010907,0.7097830474376678,15.606460515789054,4.28088957350911,-6.615158094645405,0.0,0.0
ES2002a,342,0.5528381566206614,0.281496986746788,0.40111730992794037,0.2902967482805252,0.3496614185472329,0.5081999599933624,0.4631025393803914,0.6888232057293256,-6.711512141283168,17.650385853438646,-27.434708651363582,0.0,0.0
ES2002a,343,0.3949701189994812,0.24404752254486084,0.1714345117410024,0.14222442110379538,0.09776254494984944,0.36247971653938293,0.36288395524024963,0.5213154355684916,-14.951725986447142,10.918244748861577,-35.54146526508675,0.0,0.0
ES2002a,344,0.7135134339332581,0.5556048353513082,0.31083187460899353,0.07731565336386363,0.11327177534500758,0.2907696266969045,0.5035105347633362,0.3553482803205649,-8.551315638896542,-0.7009254547087683,-0.027482678497667834,0.0,0.0
ES2002a,345,0.6704708337783813,0.5884639620780945,0.2887318581342697,0.09489278867840767,0.07791842923810084,0.16414513935645422,0.4003916084766388,0.3635275736451149,-9.956373993068567,-1.5171420790444128,-4.998905117161271,0.0,0.0
ES2002a,346,0.5773080090681711,0.44784700870513916,0.2285164992014567,0.22342502574125925,0.23000839352607727,0.3831037183602651,0.43653668959935504,0.9687978426615397,-26.403364904976627,7.960077096573493,-1.9200511584934008,0.0,0.0
ES2002a,347,0.691144327322642,0.46072529753049213,0.2911795973777771,0.13968922197818756,0.13151453683773676,0.4232815206050873,0.5158922870953878,0.6964776714642843,-24.515467544070436,7.417824529280215,-1.8803864683945386,0.0,0.0
ES2002a,348,0.6154116988182068,0.4345080455144246,0.3814235329627991,0.19923382500807443,0.216342493891716,0.48379743099212646,0.47772053877512616,0.9572200973828634,-26.174324581296066,8.173466084152468,-3.4834003823535267,0.0,0.0
ES2002a,349,0.592918594678243,0.5242159068584442,0.2941792607307434,0.13827953984340033,0.18271775046984354,0.44556033114592236,0.492926945288976,0.6165616859992346,-25.355748863734757,6.569397642105542,-1.5075053706345294,0.0,0.0
ES2002a,350,0.6566346089045206,0.5190900365511576,0.25666268666585285,0.0944420335193475,0.07446620520204306,0.23925266166528067,0.4848964214324951,0.4064241551483671,-5.257401441094538,17.753057952518393,3.202947413128412,0.0,0.0
ES2002a,351,0.6887198487917582,0.466616412003835,0.4335160454114278,0.061035919934511185,0.02401488460600376,0.37910329302151996,0.45870572328567505,0.1715824343264103,4.185825602709554,29.501375081869654,4.709470593574207,0.0,0.0
ES2002a,352,0.6561289032300314,0.3814823130766551,0.4312626322110494,0.050107876459757485,0.0176907026519378,0.30260680119196576,0.40216442942619324,0.050409513991326094,3.4727397579771058,28.478058733745957,6.811825016728839,0.0,0.0
ES2002a,353,0.6240353981653849,0.33162235220273334,0.370562622944514,0.05318086470166842,0.017261406406760216,0.3488368292649587,0.48650763432184857,0.24734620253245035,-0.33514083027407127,29.238641815007934,4.708364511947882,0.0,0.0
ES2002a,354,0.6604450941085815,0.3738345801830292,0.4315748910109202,0.047844686855872474,0.017358293756842613,0.27214762071768445,0.4577445983886719,0.178553589930137,0.7075973440176866,28.608882183259087,5.392252064727768,0.0,0.0
ES2002a,355,0.7199399073918661,0.395442932844162,0.45613906780878705,0.0502487284441789,0.018672344585259754,0.27327123781045276,0.42104904850323993,0.061795794094602265,3.0683407479252764,28.306422235193164,8.134870591897709,0.0,0.0
ES2002a,356,0.6576292514801025,0.36387858788172406,0.42544663945833844,0.051227922240893044,0.018218188546597958,0.29161729911963147,0.4343759814898173,0.173864825318257,2.7163320444384405,28.342357171073544,8.952298684169028,0.0,0.0
ES2002a,357,0.6655613978703817,0.43768269817034405,0.4974135359128316,0.0502511461575826,0.020599617933233578,0.23910132547219595,0.38021384676297504,0.044454087813695274,3.209558740159783,27.960160584699498,9.455847629357605,0.0,0.0
ES2002a,358,0.6399251818656921,0.4104595084985097,0.4556536376476288,0.04854742313424746,0.017316780984401703,0.3217115104198456,0.45398462812105816,0.07504187772671382,4.131116334898173,27.91069274231658,9.2957026355701,0.0,0.0
ES2002a,359,0.6850459376970927,0.3288287619749705,0.5077039102713267,0.053198616951704025,0.01872343507905801,0.3974226514498393,0.37063097953796387,0.18263278404871622,3.565977170987922,28.375141047210295,8.278450811949124,0.0,0.0
ES2002a,360,0.7435715397198995,0.42630550265312195,0.6536329388618469,0.18490841488043466,0.05986713866392771,0.37545475363731384,0.5439391930898031,0.8976033329963684,-13.32287796041956,73.39170592423524,-13.322562464754403,0.0,0.0
ES2002a,361,0.7322281002998352,0.4060166080792745,0.7005197604497274,0.16241852939128876,0.0865565041700999,0.4419236679871877,0.541483591000239,0.7458743353684744,-17.18534286360615,75.88940594964761,-16.362117770959134,0.0,0.0
ES2002a,362,0.6587391098340353,0.5198429922262827,0.5039068162441254,0.15980622669061026,0.0925494059920311,0.4579170246918996,0.5592357615629832,0.9274477163950602,8.513836521507477,80.09544859396551,10.578284537971681,0.0,0.0
ES2002a,363,0.5577377577622732,0.29247072835763294,0.6102359394232432,0.06882073233524959,0.03485689374307791,0.6217466394106547,0.5236677130063375,0.6429758400966724,51.54098899822776,85.44321100248895,51.98432400227273,0.0,0.0
ES2002a,364,0.5896809498469034,0.35307497282822925,0.6275110642115275,0.1605957771341006,0.09441831521689892,0.5316561261812845,0.5867744485537211,0.46164023379484814,72.43480508360307,83.51800143971468,73.32056886180528,0.0,0.0
ES2002a,365,0.7183947165807089,0.3781534234682719,0.4537661522626877,0.27819352845350903,0.22058869153261185,0.5940462946891785,0.4309402306874593,0.9423855940500895,27.43743011318116,50.62978765363599,24.153260629237067,0.0,0.0
ES2002a,366,0.6868811249732971,0.3518911302089691,0.4641692042350769,0.16361346592505774,0.20401799430449805,0.6276553372542063,0.4250982602437337,0.8833944002787272,4.770456559982765,15.09123539267084,-0.7045364601344336,0.0,0.0
ES2002a,367,0.689591646194458,0.4683546721935272,0.28307799249887466,0.28919609387715656,0.35595211386680603,0.5700234969456991,0.351509948571523,0.9899490078290304,9.16877848692661,-3.541306949254618,-4.136662705191056,0.0,0.0
ES2002a,368,0.6159338156382242,0.4602649708588918,0.1821242943406105,0.36113248268763226,0.44638024270534515,0.5059493581453959,0.34981995820999146,0.9975044926007589,6.343132194581099,-4.185364759646869,-3.5884468496903934,0.0,0.0
ES2002a,369,0.5221396088600159,0.29302827020486194,0.38243594765663147,0.33027852574984234,0.318243329723676,0.3927128215630849,0.34399641553560895,0.955975870291392,0.8993000032938161,-7.859837080188722,-2.510061163037061,0.0,0.0
ES2002a,370,0.5207555989424387,0.3547605127096176,0.4188346515099208,0.14433647195498148,0.09478105853001277,0.2676789512236913,0.33572157224019367,0.9611207842826843,2.304143080299949,-14.529116109464516,0.3379675069540155,0.0,0.0
ES2002a,371,0.4871129294236501,0.3207348535458247,0.42338983217875165,0.09589124967654546,0.0762718270222346,0.4006443917751312,0.35952014724413556,0.6949707816044489,3.550803687729948,-15.046369645019832,-2.565058276010341,0.0,0.0
ES2002a,372,0.575613538424174,0.2740373561779658,0.5235948860645294,0.2133325239022573,0.26354194929202396,0.40645412107308704,0.3768584728240967,0.7600412368774414,-7.690048289424141,-20.385782797412645,-11.803349657879894,0.0,0.0
ES2002a,373,0.570684164762497,0.456805298725764,0.20884490013122559,0.30308888107538223,0.41167234753568965,0.4599606891473134,0.47441478570302326,0.6721062771975994,-3.669810614212148,-17.016955891054028,-0.5518994405479134,0.0,0.0
ES2002a,374,0.616378535827001,0.42190710206826526,0.08382328475515048,0.32737985004981357,0.4691228506465753,0.5504988233248392,0.5530697107315063,0.5828216228013238,-2.74736737719788,-21.16726113078813,1.1440675444659476,0.0,0.0
ES2002a,375,0.6480140686035156,0.5289225180943807,0.05897302801410357,0.4761874278386434,0.7553616563479105,0.500950425863266,0.509208470582962,0.8989848295847574,2.1479167651412228,-2.528666648324873,-1.8112536336782907,0.0,0.0
ES2002a,376,0.6600860357284546,0.4970838725566864,0.18290786941846213,0.37262746194998425,0.5813474506139755,0.30984562635421753,0.5848237673441569,0.7733920415242513,3.740761081528331,6.900044239094785,-1.782569946889162,0.0,0.0
ES2002a,377,0.6219881176948547,0.6241138974825541,0.06737583378950755,0.5312810440858206,0.7559893925984701,0.35724372665087384,0.4634007414182027,0.9249451557795206,2.008966219520604,-0.6419822474447905,-3.150933983354791,0.0,0.0
ES2002a,378,0.6331745982170105,0.5209915141264597,0.1067366823554039,0.31054627150297165,0.4019884318113327,0.23610025147596994,0.44542033473650616,0.8167037566502889,0.64315652525623,-0.8304460968734392,-5.05598678796224,0.0,0.0
ES2002a,379,0.6742687026659647,0.6093694368998209,0.12684311717748642,0.16978241503238678,0.15586892267068228,0.3193683425585429,0.4977623720963796,0.7494637767473856,3.7065402256955675,2.804220868210305,-3.87048903294516,0.0,0.0
ES2002a,380,0.6935921311378479,0.6904014746348063,0.08729604134956996,0.3273802002271016,0.41744257013003033,0.3740041156609853,0.49353612462679547,0.6050770481427511,4.6084293135097285,2.474139061462014,-4.428209158857164,0.0,0.0
ES2002a,381,0.630432665348053,0.6849563121795654,0.10723519573609035,0.48068590958913165,0.5933917164802551,0.4100169986486435,0.4909442365169525,0.48646309971809387,2.700017777949315,-1.1574311607985681,-4.945835246957276,0.0,0.0
ES2002a,382,0.6529202063878378,0.5674959123134613,0.1054154063264529,0.5230476558208466,0.5705031355222067,0.4119208753108978,0.46859729290008545,0.5400689244270325,3.119637680491327,-1.7193717415263556,-5.123463952947269,0.0,0.0
ES2002a,383,0.7386245528856913,0.57659912109375,0.1988409459590912,0.29758697003126144,0.32982950905958813,0.34676319857438404,0.41310102740923565,0.6445671838397781,-6.174409921546605,1.1148490970461526,1.519121418030317,0.0,0.0
ES2002a,384,0.8169904947280884,0.8066868384679159,0.23350591460863748,0.5062884738047918,0.703614721695582,0.2597295393546422,0.4048801163832347,0.820282926162084,-0.6270590532718116,-6.9343469420167,-5.970753085426888,0.0,0.0
ES2002a,385,0.6459199587504069,0.5836654802163442,0.5001528461774191,0.35618284593025845,0.4048788572351138,0.4548053840796153,0.43358025948206586,0.7043912957111994,-25.17961131186658,5.261253006535575,1.3734117204522451,0.0,0.0
ES2002a,386,0.5768583615620931,0.50067667166392,0.4656003812948863,0.11966214329004288,0.08036600550015767,0.37762563427289325,0.637108047803243,0.013146635610610247,-36.84522337717741,13.277245794585122,6.805849029937428,0.0,0.0
ES2002a,387,0.5929114818572998,0.5141443212827047,0.4261615077654521,0.14923402667045593,0.12515761206547418,0.4169546291232109,0.6474723219871521,0.1407349444925785,-40.05048377988429,14.124390613269597,4.925090456595409,0.0,0.0
ES2002a,388,0.5363086462020874,0.5207187831401825,0.3023701111475627,0.14097176492214203,0.07321997980276744,0.11863152186075847,0.6262739300727844,0.041592611310382686,-45.361698054967015,18.5006802998503,1.7282064688097023,0.0,0.0
ES2002a,389,0.5078351398309072,0.46706123153368634,0.2859090169270833,0.1335284635424614,0.07173626124858856,0.27447814246018726,0.6461388071378072,0.1891346580038468,-41.715516633817494,19.215525867091866,3.6020694173493326,0.0,0.0
ES2002a,390,0.5136531293392181,0.4059967001279195,0.17064979175726572,0.09498872607946396,0.06428430850307147,0.3622979025046031,0.6593419114748637,0.05705761071294546,-37.09418753790517,16.345278477394405,6.884187142852987,0.0,0.0
ES2002a,391,0.5294606884320577,0.4791478216648102,0.28782129287719727,0.09303525338570277,0.07412952805558841,0.4481731355190277,0.6119816104571024,0.006991845866044362,-35.951874628675085,17.137881366627724,7.340205564349951,0.0,0.0
ES2002a,392,0.5780121286710104,0.46842027703921,0.3266615867614746,0.08086106926202774,0.04905719310045242,0.3429272224505742,0.6241829593976339,0.009021720848977566,-34.46128025976335,15.376076528522825,8.706672573266689,0.0,0.0
ES2002a,393,0.6074515581130981,0.42964228987693787,0.2690152774254481,0.1067803328235944,0.05531479294101397,0.5793683330217997,0.6394346157709757,0.03949855221435428,-34.854620875275835,14.59124794896313,9.592697618217878,0.0,0.0
ES2002a,394,0.6582234700520834,0.49601272741953534,0.2339403952161471,0.11507221062978108,0.04324606930216154,0.45812200506528217,0.6227869590123495,0.0857514888048172,-35.05012884711144,13.992513126344017,9.118458750483173,0.0,0.0
ES2002a,395,0.6391964157422384,0.41815168658892315,0.12549757212400436,0.11112413307030995,0.049485484759012856,0.5837477445602417,0.6518113017082214,0.08200183510780334,-37.027214012275685,16.969604906391165,8.10191076201716,0.0,0.0
ES2002a,396,0.6188269456227621,0.4107445180416107,0.17410990595817566,0.11485850314299266,0.04532278577486674,0.5054198106129965,0.6225020885467529,0.029803787047664326,-38.40545956323441,17.200370269667108,7.61531617290833,0.0,0.0
ES2002a,397,0.6277406811714172,0.44532254338264465,0.26991308232148487,0.1034857506553332,0.05547391250729561,0.6071464816729227,0.6302590370178223,0.020235388229290645,-37.42492404314374,16.003233575577422,8.020066118854164,0.0,0.0
ES2002a,398,0.5840498805046082,0.3985091944535573,0.2377158353726069,0.13323906312386194,0.051563477764527,0.30814504126707715,0.5983632206916809,0.10893699154257774,-38.90678482684377,17.32758545947946,6.791060400368623,0.0,0.0
ES2002a,399,0.6465323368708292,0.48760755856831867,0.22992505133152008,0.08282596617937088,0.03670395910739899,0.3657269875208537,0.5168660481770834,0.22884453802059093,-24.97321017523741,7.895197216270122,2.6988767241114444,0.0,0.0
ES2002a,400,0.7669369379679362,0.5200856626033783,0.25563377638657886,0.04568261777361234,0.013041888363659382,0.3920041670401891,0.3874160548051198,0.1289468395213286,-6.179406580085967,-8.182229645880854,-3.427447543665767,0.0,0.0
ES2002a,401,0.7161762913068136,0.41648629307746887,0.24244127174218497,0.051938917487859726,0.018240249405304592,0.373430073261261,0.4696068565050761,0.03241480980068445,-13.157323749442803,-1.254925844500424,3.4694736792203784,0.0,0.0
ES2002a,402,0.6829844315846761,0.6442802349726359,0.1915563295284907,0.04284678399562836,0.047267010435462,0.3742869645357132,0.37848679224650067,0.03460608422756195,-18.90507398835241,1.7040325214673697,14.636497008284875,0.0,0.0
ES2002a,403,0.7048400044441223,0.5874254107475281,0.19475763042767844,0.05084957803289095,0.04896566147605578,0.3778069019317627,0.450724979241689,0.1701614959165454,-24.205772139716185,6.975611053893882,10.902614043363457,0.0,0.0
ES2002a,404,0.649909238020579,0.4851134121417999,0.16070505479971567,0.048239704221487045,0.03770462920268377,0.46877551078796387,0.4258207182089488,0.04217104675869147,-23.815486421625526,6.602366194556812,13.638834076017742,0.0,0.0
ES2002a,405,0.727071225643158,0.5058196783065796,0.14611926674842834,0.043647355089584984,0.027729290847977,0.4063069025675456,0.4173724949359894,0.04705083494385084,-21.49870808673902,6.1009942406745665,13.628036880268864,0.0,0.0
ES2002a,406,0.730140765508016,0.6145958304405212,0.1980366756518682,0.04349619522690773,0.032348185777664185,0.4705454806486766,0.4185810486475627,0.02720530827840169,-22.2420355636466,6.75305146378783,13.224017386119604,0.0,0.0
ES2002a,407,0.7328294316927592,0.5766860644022623,0.1914825439453125,0.043895469357570015,0.03069860426088174,0.3489239265521367,0.48813995718955994,0.01251752208918333,-22.277357188367166,7.213475755329835,13.896170623367157,0.0,0.0
ES2002a,408,0.7440865437189738,0.5457219580809275,0.20127867658933005,0.04143745203812917,0.02575046941637993,0.4355508089065552,0.39349379142125446,0.034010964135328926,-21.78991860563497,5.554279135010248,14.806589096361188,0.0,0.0
ES2002a,409,0.6801599065462748,0.46377689639727276,0.46390819052855176,0.09407731145620346,0.04721723745266596,0.4803021450837453,0.4756457308928172,0.2956353450814883,1.557422641187517,23.717779652414084,8.235982740538809,0.0,0.0
ES2002a,410,0.7273902098337809,0.521094004313151,0.4668658872445424,0.1798978621761004,0.16318119938174883,0.5496756434440613,0.5319358209768931,0.22228441635767618,16.335067684152907,40.83368046743214,3.232764593523821,0.0,0.0
ES2002a,411,0.6960400342941284,0.4664137562115987,0.5187015434106191,0.07985326151053111,0.03864133544266224,0.598542590936025,0.43731940786043805,0.2485580046971639,10.409259952352551,32.64126008824065,1.5133968120595902,0.0,0.0
ES2002a,412,0.6709752082824707,0.34329470495382947,0.4377922813097636,0.09248967468738556,0.0328761866937081,0.7470622857411703,0.44517337282498676,0.3650649810830752,9.301268232170044,30.070483277114022,0.44035446401172856,0.0,0.0
ES2002a,413,0.734458347161611,0.3255167603492737,0.44602325558662415,0.07743961612383525,0.016579344247778256,0.5636653105417887,0.42775943875312805,0.3569522698720296,3.231664271529413,23.89047166979738,0.9912267441069397,0.0,0.0
ES2002a,414,0.6959625283877054,0.4363180498282115,0.20674965778986612,0.05976304287711779,0.01694412964085738,0.5020791987578074,0.4507398506005605,0.29842596345891553,-6.007398127022374,14.084014978110119,5.668840898112099,0.0,0.0
ES2002a,415,0.6331170996030172,0.27694305777549744,0.6123234331607819,0.12898345788319907,0.11529885853330295,0.4401450753211975,0.4862218101819356,0.8543583353360494,-4.432179462873168,50.84691346520439,-4.5333724427056925,0.0,0.0
ES2002a,416,0.4985969364643097,0.24997135500113168,0.5235956311225891,0.20541238536437353,0.14097110057870546,0.5180214246114095,0.4372541308403015,0.9930762648582458,-6.166059377079502,24.95916387588699,-8.113745464096205,0.0,0.0
ES2002a,417,0.4845564862092336,0.2486032247543335,0.601438562075297,0.09894885867834091,0.03693561814725399,0.48645585775375366,0.5280567407608032,0.922681470712026,53.465035509801986,80.28355169863802,55.3323100197638,0.0,0.0
ES2002a,418,0.5750118295351664,0.28055542210737866,0.5898217658201853,0.20564933369557062,0.08920619823038578,0.7326082785924276,0.4928519626458486,0.7615296940008799,30.662841678650526,63.257479810939664,27.978331810629744,0.0,0.0
ES2002a,419,0.7254244685173035,0.40409717957178753,0.6872241695721945,0.1849552740653356,0.07268048201998074,0.6426028410593668,0.5125175515810648,0.7191400726636251,17.18189390431404,65.5306554224201,16.42606959339174,0.0,0.0
ES2002a,420,0.7723261713981628,0.2591302841901779,0.7053084572156271,0.24370986223220825,0.13808217396338782,0.587284117937088,0.5261306961377462,0.14019129425287247,-11.8217968993033,44.64512115386804,-16.819394571546095,0.0,0.0
ES2002a,421,0.6794890960057577,0.36948732535044354,0.7381792962551117,0.186212827761968,0.09408778448899587,0.632530560096105,0.43691738446553546,0.8908445636431376,-14.988124681279729,53.12199031607173,-20.2533804117913,0.0,0.0
ES2002a,422,0.6554140051205953,0.34528613090515137,0.7724031805992126,0.12149883806705475,0.056682215382655464,0.48461583256721497,0.5012791454792023,0.7739121913909912,-11.096323870793427,51.420317927795715,-12.335089028202882,0.0,0.0
ES2002a,423,0.7715930342674255,0.3115952213605245,0.7901565829912821,0.13091438015302023,0.0633646547794342,0.4855842590332031,0.4859616955121358,0.537651722629865,-8.38064591994546,54.903159681394804,-11.870370546848788,0.0,0.0
ES2002a,424,0.7695033152898153,0.27224034567674,0.7664567629496256,0.17922643820444742,0.10078613708416621,0.5636937618255615,0.5100688636302948,0.6562469551960627,-3.426094893004573,44.79743064027963,-6.096381456592549,0.0,0.0
ES2002a,425,0.6136602858702341,0.2578448752562205,0.6218592524528503,0.16907748579978943,0.0684915358821551,0.6236087580521902,0.45584723353385925,0.781442125638326,-4.041969404334823,11.540006744742671,0.9456088822965386,0.0,0.0
ES2002a,426,0.7920971910158793,0.4294905960559845,0.4642763137817383,0.2315335472424825,0.10250164568424225,0.4259527325630188,0.4636448323726654,0.6380001977086067,6.0724431741852385,26.84247705107674,-4.5696108131649575,0.0,0.0
ES2002a,427,0.5984106659889221,0.3488745018839836,0.6627946694691976,0.1814299151301384,0.1287835401793321,0.46571025252342224,0.4918159246444702,0.6613035798072815,3.1001113971458136,19.6257590984704,-1.9578916452948623,0.0,0.0
ES2002a,428,0.4121435483296712,0.13837428390979767,0.31234007080396015,0.10934377213319142,0.062007591128349304,0.36278749505678815,0.2809550364812215,0.49166786670684814,0.7703540546053076,8.399121939985681,-0.877870426984578,0.0,0.0
ES2002a,429,0.5594367881615957,0.22334624330202738,0.48074037830034894,0.17136498292287192,0.08377033720413844,0.4932701587677002,0.4397161602973938,0.727010061343511,3.8752717637403253,10.803555032782073,2.914590095810489,0.0,0.0
ES2002a,430,0.7131356398264567,0.34621872504552204,0.7033973932266235,0.12997694810231528,0.05782734975218773,0.5617977877457937,0.547508696715037,0.519460012515386,16.042394364348414,75.50602589966597,16.672200809225362,0.0,0.0
ES2002a,431,0.6812222599983215,0.2878831873337428,0.5444635252157847,0.20797687768936157,0.10377709815899532,0.6065404911835989,0.5380433599154154,0.7390020589033762,-1.240760305931248,58.31803104502615,-2.1493295137831034,0.0,0.0
ES2002a,432,0.7249187032381693,0.30512605607509613,0.7631980379422506,0.1997481236855189,0.0784291463593642,0.5399372279644012,0.42258162299791974,0.8505197366078695,-0.7122883904652172,44.30989017915065,-5.480457440506295,0.0,0.0
ES2002a,433,0.7145542899767557,0.3468871812025706,0.6831784248352051,0.15940667192141214,0.06222296009461085,0.6247531076272329,0.39222466945648193,0.979600171248118,5.300320621314132,31.063015387044626,-3.6488465113591997,0.0,0.0
ES2002a,434,0.7103961507479349,0.3243455688158671,0.6776181956132253,0.2680635253588359,0.08126720289389293,0.39812477429707843,0.3391493558883667,0.9839261372884115,5.286549857181659,19.30921961705343,-4.14190421232389,0.0,0.0
ES2002a,435,0.714923083782196,0.3483887513478597,0.6782475908597311,0.33973140517870587,0.1524374634027481,0.522301971912384,0.3335973968108495,0.9886718193689982,-5.710261843367011,47.26121991636463,-10.465490204908455,0.0,0.0
ES2002a,436,0.7393786112467448,0.18398242195447287,0.7839036186536154,0.20371113717556,0.08807788789272308,0.6966557304064432,0.37906327843666077,0.8979849020640055,-13.052784684497574,64.59919759588378,-14.419384592452637,0.0,0.0
ES2002a,437,0.7628918488820394,0.2577149420976639,0.8094691634178162,0.12509839236736298,0.059424313406149544,0.6855279803276062,0.45233364899953205,0.8068948785463969,-10.985602673320813,60.43760996908742,-12.018736543997923,0.0,0.0
ES2002a,438,0.7417687972386678,0.23448930184046426,0.8005813757578532,0.13038284331560135,0.042005639523267746,0.576246956984202,0.3928016225496928,0.934627890586853,-5.936025016034484,48.799560911847806,-11.786970905160045,0.0,0.0
ES2002a,439,0.7428692976633707,0.27273195485274,0.8118900458017985,0.1501647805174192,0.06754895548025767,0.6454322338104248,0.46520806352297467,0.770787517229716,-4.644678606687022,49.12927748745446,-8.373721491918113,0.0,0.0
ES2002a,440,0.7141550580660502,0.3003998100757599,0.6904495557149252,0.16200410077969232,0.06152056157588959,0.6151561538378397,0.4571119050184886,0.7910639047622681,0.2682211899296239,46.30297098525193,-7.724187895222838,0.0,0.0
ES2002a,441,0.6284063160419464,0.2802485873301824,0.7046184738477071,0.12978179256121317,0.08416902149717014,0.5218648612499237,0.44013004501660663,0.87647412220637,21.03900376462455,51.80383323318595,17.579330899794886,0.0,0.0
ES2002a,442,0.7492838104565939,0.35403965910275775,0.7185963789621989,0.15546610951423645,0.07485655943552653,0.497930109500885,0.4837309420108795,0.6385377744833628,-12.2405407703004,70.9804321402725,-9.900939442885031,0.0,0.0
ES2002a,443,0.731703003247579,0.2817573845386505,0.7067074378331503,0.17204902321100235,0.0752698394159476,0.5563799540201823,0.5053875148296356,0.7354947527249655,-6.5925733762813445,57.253872855408616,-10.344423971377022,0.0,0.0
ES2002a,444,0.5510570605595907,0.3359658569097519,0.5062777101993561,0.18849116563796997,0.12493304846187432,0.6693506240844727,0.5065453549226125,0.8701708912849426,-21.48645684615164,54.79741711617597,-22.042078260323887,0.0,0.0
ES2002a,445,0.5474734505017599,0.3594257632891337,0.7101468245188395,0.07474679499864578,0.02203780102233092,0.5270046293735504,0.5733182926972707,0.7338471611340841,32.470784734158094,86.53965242051987,32.06785715948397,0.0,0.0
ES2002a,446,0.6243906418482462,0.3709234793980916,0.7203038136164347,0.08796245356400807,0.028974769016106922,0.3289874891440074,0.49719300866127014,0.9221664667129517,-2.5947045789452403,85.26187567477739,-2.1380817612272467,0.0,0.0
ES2002a,447,0.605302095413208,0.3631654878457387,0.6118719776471456,0.08710930993159612,0.032642689843972526,0.3383323277036349,0.5774844090143839,0.901383618513743,-25.969936227856028,84.70109654586251,-25.360532081043942,0.0,0.0
ES2002a,448,0.5832370122273763,0.4160527487595876,0.6950651009877523,0.10997261603673299,0.0232795017460982,0.3550868133703868,0.47007646163304645,0.8020727435747782,-26.192751330247223,84.93054352479963,-26.30591557286152,0.0,0.0
ES2002a,449,0.6917716066042582,0.332259863615036,0.7151862581570944,0.11284989366928737,0.05952001425127188,0.3990315894285838,0.48292892177899677,0.7260047694047292,-16.859987979049034,68.08943057019563,-19.221532826415938,0.0,0.0
ES2002a,450,0.7436840534210205,0.4574587146441142,0.6097427407900492,0.23815840482711792,0.1296419861416022,0.47532421350479126,0.4885687232017517,0.7404362956682841,-0.4728118035054436,45.99258060760483,-2.075895608069381,0.0,0.0
ES2002a,451,0.4396065374215444,0.3138798475265503,0.6522250771522522,0.12879415353139242,0.04166662134230137,0.5897882531086603,0.46441319584846497,0.4572051527599494,35.960310826217516,58.61420356223643,41.454375049404085,0.0,0.0
ES2002a,452,0.4607375164826711,0.31278882424036664,0.6090794801712036,0.15764850502212843,0.06102569649616877,0.5326212147871653,0.48477400342623395,0.7905811965465546,48.02725932895114,63.1995069193959,45.97047421346563,0.0,0.0
ES2002a,453,0.509507824977239,0.30134010314941406,0.5201909840106964,0.24381951491038004,0.23227708165844282,0.46740344166755676,0.49087175726890564,0.9659356276194254,-22.541623051176618,45.78702207341192,-25.187155114569865,0.0,0.0
ES2002a,454,0.61237100760142,0.3333020607630412,0.5904829005400339,0.13447688519954681,0.05178340648611387,0.32243916889031726,0.5581248799959818,0.6369887019197146,-42.97388740944524,63.48934345079724,-44.61208872426323,0.0,0.0
ES2002a,455,0.6070180535316467,0.2563287913799286,0.64067742228508,0.1541504537065824,0.04352118199070295,0.4367254177729289,0.5504136085510254,0.9513964056968689,-49.980585345360716,74.62225711781024,-52.93215184969237,0.0,0.0
ES2002a,456,0.5808956424395243,0.2985164523124695,0.6006396412849426,0.2406227042277654,0.10761334250370662,0.44025633732477826,0.47774415214856464,0.9119455416997274,-34.55096366058498,55.680502425020414,-45.073772517532,0.0,0.0
ES2002a,457,0.6549041867256165,0.3713660587867101,0.29327770074208576,0.06546755135059357,0.03975069088240465,0.306334912776947,0.2817755937576294,0.11938234232366085,2.0686424324135086,-16.324257751008194,-1.3259035371425167,0.0,0.0
ES2002a,458,0.6600380341211954,0.4321883221467336,0.19724208861589432,0.05668418606122335,0.03138746259113153,0.18331224222977957,0.3058207829793294,0.10485908342525363,3.583134027422123,-14.168634253993963,-1.712427542991087,0.0,0.0
ES2002a,459,0.5347284177939097,0.3913631538550059,0.2153087059656779,0.1371376377840837,0.1205598668505748,0.20458426078160605,0.3415890733400981,0.07071263901889324,-15.789621725587013,-1.8901499598890592,2.426488710539601,0.0,0.0
ES2002a,460,0.383000651995341,0.2796219736337662,0.41125865777333576,0.2973279406627019,0.24606484671433768,0.26210731267929077,0.4570017357667287,0.3066224604845047,-41.08316414444024,16.666106109597774,12.382221156724057,0.0,0.0
ES2002a,461,0.38309701283772785,0.3041045069694519,0.29426998396714527,0.23361091812451681,0.1702936589717865,0.34074294567108154,0.5011083980401357,0.33105555921792984,-47.65891245498741,14.203486867002217,16.186098598948227,0.0,0.0
ES2002a,462,0.4046328365802765,0.37065769731998444,0.18281516432762146,0.11267158637444179,0.11273603079219659,0.32946255803108215,0.39152956008911133,0.057244030137856804,-16.435829309739066,6.928005942948513,-4.655933018061571,0.0,0.0
ES2002a,463,0.7011441389719645,0.6041844685872396,0.4132824093103409,0.08035288999478023,0.030625525241096813,0.34181058903535205,0.5148491263389587,0.42276113643310964,-14.11742674787596,15.557155316035171,-10.175184331143525,0.0,0.0
ES2002a,464,0.786801278591156,0.8016190528869629,0.3682788113753001,0.07078481713930766,0.021860561644037563,0.45780882736047107,0.5684715112050375,0.6052049398422241,-3.127337665675211,25.078106540340354,-12.961054139072345,0.0,0.0
ES2002a,465,0.6898805499076843,0.668270468711853,0.42541218797365826,0.06558643529812495,0.02709500988324483,0.45534035563468933,0.5968025128046671,0.49858391284942627,-2.236739271557609,31.06389740669778,-1.2698943123276734,0.0,0.0
ES2002a,466,0.803716778755188,0.6320587396621704,0.27585262556870777,0.06349150960644086,0.02036263297001521,0.24129755049943924,0.4664583404858907,0.4009866441289584,1.1975583616830647,9.025325508823368,-8.01597008684645,0.0,0.0
ES2002a,467,0.7683344483375549,0.7085291147232056,0.12427917867898941,0.09720644230643909,0.024619438995917637,0.2195646564165751,0.44128145774205524,0.30104251205921173,-17.840518407543783,6.4978802249228655,-11.252631159619861,0.0,0.0
ES2002a,468,0.6531562606493632,0.6055858631928762,0.21150746941566467,0.16800930723547935,0.053983924289544426,0.14302207032839456,0.5089026093482971,0.3926800911625226,-35.103268865307335,6.085428884040847,-12.951028244415793,0.0,0.0
ES2002a,469,0.6346287926038107,0.5409506460030874,0.28552549580732983,0.09861221040288608,0.03671752537290255,0.15630037089188895,0.3843871057033539,0.04348332869509856,-25.00651559978425,-5.754455439775761,-11.18677464848034,0.0,0.0
ES2002a,470,0.6930264035860697,0.4662763476371765,0.3005631963411967,0.053093149016300835,0.02849127600590388,0.23050697147846222,0.4199584722518921,0.14832048242290816,-11.324103856227858,-15.888418880267318,-11.34610389051286,0.0,0.0
ES2002a,471,0.649054209391276,0.5574776331583658,0.22995404402414957,0.06161910047133764,0.04268426944812139,0.19400172432263693,0.3739098409811656,0.551855381578207,-11.001464534810365,-13.32767693615437,-10.079444658075891,0.0,0.0
ES2002a,472,0.6474741299947103,0.46711205939451855,0.3313625752925873,0.12859377264976501,0.1832034500936667,0.19838862121105194,0.3858530521392822,0.6228363588452339,-17.70848912529949,-5.5876081698235405,-7.025826637352302,0.0,0.0
ES2002a,473,0.7155386408170065,0.555645207564036,0.3025152583916982,0.09110995257894199,0.07582120969891548,0.2179776132106781,0.41657182574272156,0.05618278651187817,-29.755762153338946,-3.160913418755633,-6.431636168926343,0.0,0.0
ES2002a,474,0.6978422403335571,0.336509108543396,0.5908421079317728,0.10021776209274928,0.038619772220651306,0.4293578068415324,0.4897557298342387,0.8606107036272684,24.862181617498365,73.36792026622096,25.650306304828018,0.0,0.0
ES2002a,475,0.6875069936116537,0.34331432978312176,0.6106920142968496,0.21164693186680475,0.16370514035224915,0.43918899198373157,0.40954317649205524,0.7773828506469727,19.230405024659476,45.16500479616459,8.050465281827927,0.0,0.0
ES2002a,476,0.6622483531634012,0.4280948539574941,0.3328271359205246,0.25922609368960065,0.26997264474630356,0.458663006623586,0.35798148314158124,0.9617982904116312,8.012566569651307,12.184384683783103,-3.5432936503657015,0.0,0.0
ES2002a,477,0.7785396774609884,0.46738916635513306,0.5068781773249308,0.32277466356754303,0.19615207612514496,0.4569149414698283,0.3749859035015106,0.9852869709332784,4.05356953141074,10.258378912367847,-5.821693414408888,0.0,0.0
ES2002a,478,0.7352230548858643,0.8259480198224386,0.10813879407942295,0.17741034428278604,0.14078100274006525,0.3605905870596568,0.4638913075129191,0.46963171660900116,0.17374442716548325,0.6664510014514828,-7.33354726473609,0.0,0.0
ES2002a,479,0.7050686875979105,0.7886201540629069,0.09798125674327214,0.1858219156662623,0.09605651597181956,0.2508467237154643,0.5343421697616577,0.5045705437660217,1.7805259171280692,1.6059067605082913,-6.698336068017272,0.0,0.0
ES2002a,480,0.71231077114741,0.7593088944753011,0.05657370388507843,0.19365984201431274,0.12769858539104462,0.27284955481688183,0.515911708275477,0.4431656002998352,0.6623582752236478,5.217594500176719,-6.788811635563181,0.0,0.0
ES2002a,481,0.7013375361760458,0.7140308221181234,0.05968572447697321,0.22741125027338663,0.09368770569562912,0.27688930928707123,0.5210246046384176,0.771587868531545,0.6750153117146942,7.522257446433737,-6.126084054943637,0.0,0.0
ES2002a,482,0.6761147379875183,0.5185147325197855,0.16568651422858238,0.151935284336408,0.05369971009592215,0.5044481952985128,0.5060290694236755,0.30787286659081775,-7.179237786928444,20.707995837400958,-7.20507745617127,0.0,0.0
ES2002a,483,0.6714895963668823,0.5445181528727213,0.07732332001129787,0.21588964263598123,0.08781461045145988,0.3448790560166041,0.5310467878977457,0.29098049613336724,-4.019283951502939,13.61807222693316,-7.470240541048999,0.0,0.0
ES2002a,484,0.6806729237238566,0.6783635218938192,0.09810093914469083,0.2941952546437581,0.23853537191947302,0.39894381662209827,0.5270754893620809,0.5315877099831899,0.5185982892675808,3.701087234897543,-4.8993362434139085,0.0,0.0
ES2002a,485,0.6848204533259074,0.6333305140336355,0.11614739522337914,0.3658471380670865,0.2306811511516571,0.3818556070327759,0.489191472530365,0.6989082098007202,2.476780583047326,2.0596188096945576,-1.2431094406055232,0.0,0.0
ES2002a,486,0.6947568655014038,0.6448011795679728,0.07401082664728165,0.2664525310198466,0.27441754440466565,0.3778979579607646,0.5213275651137034,0.25166218106945354,2.718847442329468,1.2233737602846384,-2.3596484910147897,0.0,0.0
ES2002a,487,0.6409720579783121,0.28526370227336884,0.5652199685573578,0.32150206466515857,0.16203579306602478,0.43946096301078796,0.4690185487270355,0.7575778166453043,-12.432107455214009,31.532536506621625,-17.128666655120778,0.0,0.0
ES2002a,488,0.6545147895812988,0.25704893966515857,0.5992056628068289,0.16365127762158713,0.06666269277532895,0.4327465196450551,0.5483131309350332,0.58475994070371,-22.19069349623952,41.762510659329884,-25.085032211638563,0.0,0.0
ES2002a,489,0.7268931269645691,0.4643462002277374,0.7976499001185099,0.25127218663692474,0.15621006985505423,0.6414726078510284,0.3908602794011434,0.978084921836853,-4.469755061368764,17.74848949285491,-9.0595134633192,0.0,0.0
ES2002a,490,0.6087609529495239,0.2905007948478063,0.4327552368243535,0.35941297312577564,0.2643400902549426,0.5063829819361368,0.3948965867360433,0.851153294245402,-6.838930466500791,8.1062939583109,-9.940641285399636,0.0,0.0
ES2002a,491,0.6627779404322306,0.3978882332642873,0.2560833344856898,0.5037543574968973,0.35610532760620117,0.2813178822398186,0.34247984488805133,0.9896486202875773,-0.34902095833795127,14.32512049452784,-7.327790901338425,0.0,0.0
ES2002a,492,0.7631304860115051,0.33755335211753845,0.719252864519755,0.21475350856781006,0.09032764782508214,0.49291056394577026,0.6557136376698812,0.9644722938537598,-61.78755890997263,74.08330501308708,-64.07076885305823,0.0,0.0
ES2002a,493,0.6593165993690491,0.34662748376528424,0.7682702740033468,0.189472496509552,0.07521796599030495,0.6364385684331259,0.52390918135643,0.9578664898872375,-71.73737239713225,77.09310716093653,-72.64882367558688,0.0,0.0
ES2002a,494,0.5229826867580414,0.22290501495202383,0.8465800881385803,0.39058830340703327,0.12255032608906428,0.6603021820386251,0.49597738186518353,0.9786302447319031,-74.27559065398407,80.54509117545679,-73.84953856941193,0.0,0.0
ES2002a,495,0.6165257096290588,0.2576369196176529,0.5690549810727438,0.3240431745847066,0.08102249850829442,0.5609916845957438,0.5418128073215485,0.9820935527483622,-76.40730704336335,79.88596060376443,-75.42423328655548,0.0,0.0
