meeting_id,segment_id,AU01,AU02,AU04,AU06,AU12,AU15,AU17,AU25,head_pitch,head_yaw,head_roll,gaze_x,gaze_y
ES2004b,0,0.6530267794926962,0.45795562863349915,0.358215793967247,0.17263750235239664,0.14099809527397156,0.49575215578079224,0.45746131738026935,0.7040927112102509,13.890768497484322,54.11954154750568,17.414187468504604,0.0,0.0
ES2004b,1,0.8119816184043884,0.5458103617032369,0.40029755731423694,0.29497971137364704,0.2633400211731593,0.5739839871724447,0.4989527761936188,0.5004145329197248,-12.567326113804855,29.258995796427225,-22.473097288505432,0.0,0.0
ES2004b,2,0.5403173168500265,0.35291122396787006,0.3435128803054492,0.1195072556535403,0.09476863717039426,0.24125298857688904,0.6359336574872335,0.403220534324646,-13.546595621212921,29.598720500280194,-11.227578348393124,0.0,0.0
ES2004b,3,0.6124746104081472,0.4667782684167226,0.2767088860273361,0.14779999355475107,0.21144542594750723,0.48091665903727215,0.41578848163286847,0.6996723115444183,-7.688539923935385,-12.608794039918605,-6.750285682128124,0.0,0.0
ES2004b,4,0.43673157691955566,0.21610897779464722,0.3628590553998947,0.09003965680797894,0.031895954782764115,0.23223410050074259,0.33580705523490906,0.6664170225461324,-16.153175917127154,-15.513459570610626,2.6857879379107703,0.0,0.0
ES2004b,5,0.48266686002413434,0.2061647226413091,0.5322840213775635,0.04656687751412392,0.028962456931670506,0.21354827284812927,0.3801376024881999,0.4931824170053005,-18.198495143712254,-17.925766698519425,6.585164191842877,0.0,0.0
ES2004b,6,0.7443311214447021,0.5273082156976064,0.15719058737158775,0.38901353379090625,0.15986730655034384,0.6084478795528412,0.40098076065381366,0.5760509967803955,-6.908263254998315,15.939263212225853,-15.443643633006943,0.0,0.0
ES2004b,7,0.705617090066274,0.4394681453704834,0.1871443490187327,0.3062035044034322,0.22489730268716812,0.41991948584715527,0.4316211740175883,0.6669577173888683,-2.288010969790052,1.2532719285372682,-9.667364233145992,0.0,0.0
ES2004b,8,0.6709038813908895,0.47453223665555316,0.401027391354243,0.14505643645922342,0.06313685141503811,0.5939805010954539,0.554035077492396,0.6868529220422109,-0.09523138019054371,8.623306564619625,-6.27955712284118,0.0,0.0
ES2004b,9,0.7639788587888082,0.5533044238885244,0.5671151578426361,0.16310886045296988,0.056854650378227234,0.6664166450500488,0.45257341861724854,0.4872906009356181,-8.808021828991002,27.601606907660848,-10.329187730900138,0.0,0.0
ES2004b,10,0.7936755021413168,0.47398193677266437,0.4946385423342387,0.13337444514036179,0.05541833179692427,0.479148010412852,0.3917453388373057,0.5211052807668844,-11.587815125423065,29.282971081499994,-12.949434269604007,0.0,0.0
ES2004b,11,0.7893054286638895,0.5120507081349691,0.4470839997132619,0.12571943054596582,0.0736280878384908,0.5588286916414896,0.47287458181381226,0.6121316303809484,-12.241437575329043,30.780015568105686,-12.825954409087686,0.0,0.0
ES2004b,12,0.7613697250684103,0.3379936118920644,0.380887637535731,0.11648993442455928,0.0664413720369339,0.48110052943229675,0.44463610649108887,0.24125596384207407,-13.026475493073349,31.567652797171302,-13.338761126947064,0.0,0.0
ES2004b,13,0.7500053842862447,0.40494075417518616,0.5240087111790975,0.10479092846314113,0.043288337687651314,0.6257238984107971,0.43701083461443585,0.4521200420955817,-9.971486329673375,27.371584029249835,-12.32504522391693,0.0,0.0
ES2004b,14,0.703769862651825,0.3553878962993622,0.5286252697308859,0.0926651731133461,0.018816852010786533,0.6378380358219147,0.41095391909281415,0.35011500616868335,1.061102202433699,23.178772502177953,-9.37994532313701,0.0,0.0
ES2004b,15,0.7715620398521423,0.42278135816256207,0.4840642313162486,0.12525580078363419,0.04750414751470089,0.6700994173685709,0.4775933523972829,0.6498129144310951,0.8758016101398184,21.373959357286648,-12.156114899954021,0.0,0.0
ES2004b,16,0.7462279200553894,0.3639856477578481,0.41029269496599835,0.07792173326015472,0.01775098716219266,0.5595530867576599,0.4505164623260498,0.37688737610975903,-1.9898014015336454,19.92183507514562,-11.988621982254868,0.0,0.0
ES2004b,17,0.7002590696016947,0.36906057596206665,0.2693495402733485,0.07936653246482213,0.01976291835308075,0.5405465960502625,0.43417585889498395,0.11026367048422496,-3.1180709912701787,16.696243398464684,-12.212966509315173,0.0,0.0
ES2004b,18,0.6867288748423258,0.34263354539871216,0.2477963666121165,0.0848502442240715,0.017183201387524605,0.5387866596380869,0.43505581219991046,0.459544042746226,-7.797892326791353,20.998020826663698,-14.552142224444651,0.0,0.0
ES2004b,19,0.7128786444664001,0.49454795320828754,0.5569049219290415,0.12419829269250234,0.06653409575422604,0.7559146682421366,0.4565942883491516,0.7633430361747742,-9.086354500118404,36.13602943708199,-18.97419641720766,0.0,0.0
ES2004b,20,0.7681098182996114,0.4886156717936198,0.5723650753498077,0.12582784642775854,0.08788560951749484,0.6623528699080149,0.49686352411905926,0.6633775432904562,-6.539179107256494,43.89858363259011,-20.611608776847202,0.0,0.0
ES2004b,21,0.6979016264279684,0.548353503147761,0.5551302433013916,0.1534589429696401,0.08248750989635785,0.7826024095217387,0.5639671385288239,0.5947591165701548,-3.771232456424684,36.439008393353,-16.54277028762429,0.0,0.0
ES2004b,22,0.7683536609013876,0.5715580383936564,0.633133073647817,0.11683839559555054,0.08723342480758826,0.5139080782731374,0.44911758104960126,0.4696332390109698,-2.7130686538084468,32.63157609162558,-14.49112487254213,0.0,0.0
ES2004b,23,0.7451227307319641,0.5296413600444794,0.4356650759776433,0.13105951497952142,0.06737808883190155,0.5317301551500956,0.42977895339330036,0.7791931430498759,2.8081746435843495,22.437894109376412,-8.797563720561485,0.0,0.0
ES2004b,24,0.7234999338785807,0.580156405766805,0.5709628760814667,0.2136963208516439,0.1286844164133072,0.5252707302570343,0.4606274962425232,0.590360922118028,2.2379563660938326,-0.1738307940737629,-1.657373064107403,0.0,0.0
ES2004b,25,0.6604516704877218,0.4635969400405884,0.3616567353407542,0.12391022344430287,0.07307327042023341,0.4333530515432358,0.40648772319157916,0.7901114026705424,-3.1354192638703693,8.007759765928194,-6.041894630224372,0.0,0.0
ES2004b,26,0.7746197382609049,0.4783061643441518,0.4246131976445516,0.13455377022425333,0.044860381012161575,0.6094134847323099,0.3627321124076843,0.7381127774715424,-6.658385892200964,24.804126680281595,-7.276136583004532,0.0,0.0
ES2004b,27,0.7957215110460917,0.5448389152685801,0.5499289631843567,0.15956264734268188,0.06165103614330292,0.6085158884525299,0.36008042097091675,0.790648361047109,-6.005580984913777,23.053578403524625,-5.81649611855745,0.0,0.0
ES2004b,28,0.8060810367266337,0.5684501628081003,0.44145995502670604,0.1618195374806722,0.06305096795161565,0.41325365503629047,0.40544888377189636,0.8739744822184244,-2.5322290274573134,19.481311561905923,-6.2693449779389,0.0,0.0
ES2004b,29,0.7122169137001038,0.5224235951900482,0.43646447360515594,0.2006850242614746,0.14433966080347696,0.40485544006029767,0.42413492997487384,0.902990976969401,3.3518051808227374,6.112331301957593,-3.952590932185401,0.0,0.0
ES2004b,30,0.6950752337773641,0.44200300176938373,0.3784109701712926,0.12289332350095113,0.0665701652566592,0.6256886124610901,0.3719917933146159,0.9117031892140707,-7.072552644711038,12.26705219383031,-9.998293514635149,0.0,0.0
ES2004b,31,0.699016273021698,0.3558709571758906,0.37786439061164856,0.10312490910291672,0.048207201063632965,0.49053550759951275,0.38510094086329144,0.6896874904632568,-11.478901822244232,28.775279253741775,-15.307903182554119,0.0,0.0
ES2004b,32,0.7621127367019653,0.4210982024669647,0.42480769753456116,0.13574013113975525,0.04688010737299919,0.6637369990348816,0.3465522329012553,0.9267603556315104,-10.271600329570816,26.65630450780327,-16.20435829133267,0.0,0.0
ES2004b,33,0.745524009068807,0.45980345209439594,0.6433924039204916,0.1363584225376447,0.03570991444091002,0.5445270935694376,0.37365707755088806,0.7443901201089224,-7.895089760978188,27.094986387814135,-14.690713240620127,0.0,0.0
ES2004b,34,0.7322244644165039,0.35349995891253155,0.4541046718756358,0.0834464281797409,0.025504184576372307,0.407603641351064,0.40441296497980755,0.56319327155749,-10.260498243102624,27.565859349915154,-15.044578436963926,0.0,0.0
ES2004b,35,0.6750536759694418,0.3320540835460027,0.3809271951516469,0.08781073987483978,0.029822777956724167,0.44281718631585437,0.3564739525318146,0.7892853021621704,-11.226461008663366,28.525513355531974,-17.292418358908414,0.0,0.0
ES2004b,36,0.7962644894917806,0.438166747490565,0.5991993943850199,0.12042002876599629,0.029836493854721386,0.5385027229785919,0.3551298876603444,0.68773020307223,-5.196226218412012,23.469846787138152,-10.586300801377478,0.0,0.0
ES2004b,37,0.7481987277666727,0.4993773897488912,0.6006355881690979,0.18214743584394455,0.10623493666450183,0.5599547525246938,0.3697420259316762,0.8275756041208903,-0.04460420561185533,23.33350293642935,-6.882790885973166,0.0,0.0
ES2004b,38,0.6757798989613851,0.5337050755818685,0.37755142400662106,0.2376597672700882,0.11783477167288463,0.524323562781016,0.4634898006916046,0.49071479340394336,2.8807793943517357,21.657450322770615,-5.142320626119443,0.0,0.0
ES2004b,39,0.6705814599990845,0.5692823529243469,0.26521868258714676,0.1191387673219045,0.06381804558138053,0.4505263219277064,0.49561047554016113,0.41138078769048053,22.087957876030316,34.71268175524494,18.253158808533296,0.0,0.0
ES2004b,40,0.7547484437624613,0.590899666150411,0.5145707428455353,0.21282409131526947,0.13301330742736658,0.4481395383675893,0.4588993887106578,0.36332193327446777,23.611830399359732,50.45585233574956,21.806818756258092,0.0,0.0
ES2004b,41,0.7181179523468018,0.5178613861401876,0.4973997374375661,0.28554170827070874,0.18230747183163962,0.3119366516669591,0.41858139634132385,0.7600230574607849,-9.546286148371836,37.51480832223363,-17.12680099908898,0.0,0.0
ES2004b,42,0.7469062805175781,0.5568345983823141,0.5147369106610616,0.25080448885758716,0.13547206670045853,0.5553815960884094,0.5046871602535248,0.6996930638949076,0.09125328856640362,32.67875630924167,-6.659799755638325,0.0,0.0
ES2004b,43,0.7458345890045166,0.4707944293816884,0.5443503260612488,0.2250305488705635,0.11020584435512622,0.5501459538936615,0.4146151940027873,0.8200874725977579,-1.987669592142838,24.577081451620902,-3.7152886521178323,0.0,0.0
ES2004b,44,0.7141991456349691,0.4741123517354329,0.29866960644721985,0.15208145479361215,0.08710044870773952,0.5422652860482534,0.450303981701533,0.6478226215889057,-7.794624894171226,10.471322982564866,-7.794249127782745,0.0,0.0
ES2004b,45,0.7488453586896261,0.5476058721542358,0.40190501014391583,0.27135424812634784,0.13231884688138962,0.3736246277888616,0.41158337394396466,0.6970730101068815,-13.260330779267482,22.14301120344661,-13.458550795911108,0.0,0.0
ES2004b,46,0.758976956208547,0.4760289788246155,0.4572075506051381,0.19202488660812378,0.11026148373881976,0.5586116313934326,0.414630393187205,0.486853198458751,-10.071336392294759,30.06211250824428,-13.456938114961504,0.0,0.0
ES2004b,47,0.7888487974802653,0.5250105957190195,0.4936722218990326,0.27775536974271137,0.08517878999312718,0.41967777411142987,0.3325736423333486,0.9338752627372742,-5.293051497004916,21.771182257632876,-11.525935297218311,0.0,0.0
ES2004b,48,0.7623590032259623,0.35882004102071124,0.47735150655110675,0.1985004891951879,0.059882696717977524,0.4941737453142802,0.38865745067596436,0.8885358373324076,-13.985138324448323,16.69553464182909,-22.40305137252496,0.0,0.0
ES2004b,49,0.6991424957911173,0.35328465700149536,0.4049261013666789,0.2036502112944921,0.09162841364741325,0.35439014434814453,0.42872987190882367,0.8101566533247629,-12.967213024048512,18.820390123017454,-19.695187894586216,0.0,0.0
ES2004b,50,0.7457879583040873,0.4501655399799347,0.5251789391040802,0.29947688182195026,0.06419275576869647,0.4248357017834981,0.3153178294499715,0.9918543497721354,-4.721455817272,19.199743133388438,-9.321844220122687,0.0,0.0
ES2004b,51,0.7980679074923197,0.5572198331356049,0.49289604028066,0.1498593588670095,0.06377354388435681,0.6795038084189097,0.40542101860046387,0.8537161747614542,-5.5858868874642935,25.734791383908675,-9.789674176408406,0.0,0.0
ES2004b,52,0.7558432817459106,0.4599042534828186,0.3066001534461975,0.0964937483270963,0.04453299194574356,0.5905654033025106,0.3196108142534892,0.8428264657656351,-12.501029897258647,28.94204172892078,-15.579544279022665,0.0,0.0
ES2004b,53,0.7188012798627218,0.40211112300554913,0.38637178142865497,0.10429862141609192,0.04525716416537762,0.4872370759646098,0.3469751278559367,0.7537320752938589,-12.649744496484564,30.439456416085438,-16.955589535086894,0.0,0.0
ES2004b,54,0.7253667314847311,0.38584552705287933,0.48317641019821167,0.12165523568789165,0.04395751282572746,0.4361186722914378,0.3732442855834961,0.4759575476249059,-9.909458564277566,26.045296490418835,-14.436532528481306,0.0,0.0
ES2004b,55,0.7743682662645975,0.4814379612604777,0.2892131855090459,0.12908857315778732,0.04820389300584793,0.5047289927800497,0.4942101240158081,0.5684470434983572,-7.271793989055496,19.96439155191773,-10.433732736623828,0.0,0.0
ES2004b,56,0.7391188144683838,0.43757885694503784,0.3901909788449605,0.10936269412438075,0.03000255487859249,0.4889465967814128,0.39133405685424805,0.48467378815015155,-8.25018630039425,22.479477255571584,-10.84420669777496,0.0,0.0
ES2004b,57,0.7524884144465128,0.49426819880803424,0.3522636791070302,0.2153316910068194,0.07798859073470037,0.5029877523581187,0.38015482823054,0.6797495757540067,-2.3291162990634438,17.1555712821398,-7.274864245103571,0.0,0.0
ES2004b,58,0.7367457946141561,0.5065189202626547,0.32531819740931195,0.17524169385433197,0.08727857222159703,0.5104770958423615,0.3849902053674062,0.7855055828889211,0.8719201263224511,-11.03627707929222,-3.8483792934263845,0.0,0.0
ES2004b,59,0.7356553673744202,0.6107776959737142,0.3511953850587209,0.10128285984198253,0.04312540342410406,0.488352507352829,0.3647134602069855,0.9445438782374064,3.5773809814357826,-25.0304251470466,0.508820994931665,0.0,0.0
ES2004b,60,0.8679217497507731,0.7979258298873901,0.34853535890579224,0.12601682543754578,0.07671967148780823,0.47100286682446796,0.42249129215876263,0.9046472708384196,9.963369843266348,-5.9751011241167475,1.4552245273016027,0.0,0.0
ES2004b,61,0.7597949107487997,0.6010392208894094,0.2765861451625824,0.07588354994853337,0.04046661158402761,0.45438849925994873,0.5451662043730418,0.9448167681694031,-0.42270669044830766,7.515453752552706,-3.5721820049643864,0.0,0.0
ES2004b,62,0.7731806437174479,0.7338879903157552,0.3731337438027064,0.2791725459198157,0.24831749374667803,0.6324435671170553,0.47354299823443097,0.7405718266963959,3.927723470177034,-1.8812744099692884,-4.070571143888178,0.0,0.0
ES2004b,63,0.5977128545443217,0.20004946986834207,0.44025322794914246,0.09234335521856944,0.03402636634806792,0.47796716292699176,0.33703263600667316,0.9838085770606995,-3.5712594603427292,-27.58775380959668,4.310670559181787,0.0,0.0
ES2004b,64,0.5724356571833292,0.2466935267051061,0.4247775077819824,0.1338004767894745,0.05895273759961128,0.4259047607580821,0.33360564708709717,0.7612087527910868,-2.1384332325617463,-21.168453436304578,5.860135154226499,0.0,0.0
ES2004b,65,0.4668833414713542,0.3293018142382304,0.22114487489064535,0.21721300979455313,0.1394478144745032,0.32257502277692157,0.41311323642730713,0.6213737924893697,-32.85716143651256,-53.57552984882403,28.079174236578506,0.0,0.0
ES2004b,66,0.46159987648328143,0.2541287839412689,0.18392155567804971,0.2424115538597107,0.1038065254688263,0.6638097663720449,0.37566909193992615,0.391474353770415,-38.173412621970435,-42.67611936997685,27.35455246612474,0.0,0.0
ES2004b,67,0.4218166371186574,0.29950015246868134,0.37970176835854846,0.28896761188904446,0.3934851636489232,0.5120925903320312,0.5412197013696035,0.032428273310263954,29.860071343341378,-70.53307888723154,-37.356086022017756,0.0,0.0
ES2004b,68,0.492646465698878,0.26443922022978467,0.38338635365168255,0.07985090464353561,0.048779008289178215,0.29316650827725727,0.4084390203158061,0.14542068005539477,-27.02102302620518,-39.427096085881125,12.17739230451727,0.0,0.0
ES2004b,69,0.46593185265858966,0.25711723665396374,0.42554394404093426,0.09296931823094685,0.038101594895124435,0.5420187811056772,0.3350025713443756,0.3615950408081214,-21.140205964876948,-32.7193832219361,8.20192677328104,0.0,0.0
ES2004b,70,0.4398796558380127,0.19215173770984015,0.3600570162137349,0.1348951756954193,0.0544790414472421,0.40155639747778576,0.3512587646643321,0.4034472207228343,-18.02346414008258,-40.324836020270595,6.993375139276046,0.0,0.0
ES2004b,71,0.5279369950294495,0.3208770155906677,0.4038292070229848,0.12061158070961635,0.0497486467162768,0.3128819713989894,0.4484117329120636,0.5711482378343741,-22.72571945695479,-34.08701540557651,7.898663588205973,0.0,0.0
ES2004b,72,0.478902002175649,0.3725307782491048,0.3401538034280141,0.1711797962586085,0.14790769355992475,0.472001850605011,0.4779738386472066,0.5285198472750684,-10.460290026869016,-49.744151211049456,-1.519329059640987,0.0,0.0
ES2004b,73,0.43122973044713336,0.2792028884092967,0.2983868618806203,0.14500358700752258,0.06894898290435474,0.37791597843170166,0.5070465902487437,0.31815991767992574,2.399585507018943,-68.04753527606367,-9.642323432752352,0.0,0.0
ES2004b,74,0.41216306885083515,0.32267789045969647,0.2664991170167923,0.10423101236422856,0.053744583701093994,0.45182012518246967,0.6045259237289429,0.04752650003259381,32.30778148230946,-83.60911355046875,-35.504973898921776,0.0,0.0
ES2004b,75,0.3817692995071411,0.3052666236956914,0.41466325521469116,0.08707895626624425,0.06346920629342397,0.3509933104117711,0.5444622039794922,0.01465561535830299,14.130733033988166,-66.60068017593478,-20.13630851283175,0.0,0.0
ES2004b,76,0.36987773577372235,0.21953216195106506,0.3673127094904582,0.09996029237906139,0.05228003300726414,0.38607719043890637,0.42628635962804157,0.36025831491375965,-1.8521504134891742,-43.803666173455575,-9.573209512530676,0.0,0.0
ES2004b,77,0.3754136959711711,0.2731818159421285,0.3061121255159378,0.09164708107709885,0.03287208514908949,0.4283384084701538,0.35101433595021564,0.38188434143861133,8.320483169714715,-46.09288327394788,-19.760695010311633,0.0,0.0
ES2004b,78,0.4203532834847768,0.27184276779492694,0.5531108925739924,0.14630473405122757,0.06870279585321744,0.35039928555488586,0.5913177331288656,0.560273872067531,16.391245406719243,-68.8732615969019,-22.66868026029131,0.0,0.0
ES2004b,79,0.5043019851048788,0.25661395490169525,0.19358770797650018,0.1004703293244044,0.06132826581597328,0.41862521568934125,0.44477200508117676,0.1928573176264763,21.881680673574795,-64.75427155431899,-28.863423969543945,0.0,0.0
ES2004b,80,0.5491696894168854,0.26808824638525647,0.2933892955382665,0.09375304480393727,0.04679642245173454,0.4223893831173579,0.32352455457051593,0.4459928112725417,-11.096955285337579,-23.19164564005113,-2.556204688840976,0.0,0.0
ES2004b,81,0.48067401846249896,0.23619758586088815,0.28889551758766174,0.13447011758883795,0.07932974273959796,0.3591942439476649,0.4161444306373596,0.4692739453166723,-8.179657297576197,-41.30006777590676,-1.0346329048121563,0.0,0.0
ES2004b,82,0.4408966302871704,0.2942083676656087,0.3615128348271052,0.07321749006708463,0.024195554976662,0.4680127600828807,0.4594370722770691,0.11055533215403557,7.234731958910028,-64.99274991687248,-11.866704576122936,0.0,0.0
ES2004b,83,0.37299662828445435,0.3035256564617157,0.34141770998636883,0.08201866348584493,0.03894664471348127,0.37993932763735455,0.46995266278584796,0.43790268898010254,7.517214138814201,-77.01092984161454,-8.668486552412249,0.0,0.0
ES2004b,84,0.54510098695755,0.2887081354856491,0.3034202804168065,0.09190179655949275,0.03508562905093034,0.4448979397614797,0.4292156994342804,0.7686202526092529,2.714225384825627,-44.80906432171418,-3.918430783083643,0.0,0.0
ES2004b,85,0.4321790238221486,0.3196706771850586,0.5063729782899221,0.08850027372439702,0.04193613802393278,0.3701535960038503,0.3528152108192444,0.5109153334051371,15.201217134984198,-46.452026976847385,-18.56555191049477,0.0,0.0
ES2004b,86,0.5071177780628204,0.2762881318728129,0.3257186710834503,0.07994358489910762,0.04148556416233381,0.43309374153614044,0.528277575969696,0.40624208142980933,5.772173875810645,-63.736072694477805,-8.693691800223675,0.0,0.0
ES2004b,87,0.49112023909886676,0.3113069534301758,0.39732226729393005,0.10256045311689377,0.05590448155999184,0.39275846381982166,0.5104830066363016,0.5289366027961174,19.81347491074023,-80.42573531255307,-22.468754113500776,0.0,0.0
ES2004b,88,0.4336637059847514,0.2039577215909958,0.388694907228152,0.08956216524044673,0.03195964234570662,0.18455066283543906,0.43471968173980713,0.20364769718920192,-0.046762088533358316,-48.49467478742059,-13.904746962550151,0.0,0.0
ES2004b,89,0.47892184058825177,0.23174727459748587,0.4068736732006073,0.07887226591507594,0.028881801292300224,0.4344869355360667,0.4292147954305013,0.07399211280668776,-19.4047256071802,-31.199308689508698,-0.8151206163662094,0.0,0.0
ES2004b,90,0.46002107858657837,0.2577711393435796,0.34761521220207214,0.07046516487995784,0.031043768549958866,0.36473942299683887,0.38686402638753253,0.032123818372686706,-16.67231569847608,-29.2549069822785,-2.217619233782111,0.0,0.0
ES2004b,91,0.4503077566623688,0.25169962147871655,0.2960079063971837,0.06938535223404567,0.028118984152873356,0.4456760585308075,0.31167927384376526,0.08402823967238267,-15.293620187189035,-23.908466426275112,-4.319974157011104,0.0,0.0
ES2004b,92,0.4615146219730377,0.31345316767692566,0.2513934075832367,0.07994550714890163,0.028018636628985405,0.572505791982015,0.3476443390051524,0.0702290739864111,-16.408268349927543,-26.07261877720981,-1.7403565879479161,0.0,0.0
ES2004b,93,0.4649939437707265,0.21379820505777994,0.516775647799174,0.08856629331906636,0.03326949725548426,0.5729416807492574,0.45584335923194885,0.05466210205728809,4.890585511184187,-50.07849957919314,-17.276019374656407,0.0,0.0
ES2004b,94,0.4452588160832723,0.3078494866689046,0.26069043576717377,0.09351532409588496,0.03747787078221639,0.40039702753225964,0.3901834984620412,0.09813816472887993,20.512710750479034,-73.267733683777,-24.78189655190626,0.0,0.0
ES2004b,95,0.3823387920856476,0.25870336095492047,0.2958241601785024,0.07308202236890793,0.03793483724196752,0.5042448143164316,0.4972761869430542,0.025735216758524377,31.421003665493064,-82.35553586501395,-34.94747577723706,0.0,0.0
ES2004b,96,0.4732486605644226,0.20944085717201233,0.37216060360272724,0.0833228329817454,0.06894063577055931,0.3459094266096751,0.46730899810791016,0.3497420474886894,9.991596677091607,-60.628651047964375,-17.848798125132664,0.0,0.0
ES2004b,97,0.4978054066499074,0.23918851216634116,0.2924860169490178,0.08024880041678746,0.03242418356239796,0.4709059993426005,0.3403628667195638,0.5174240668614706,-15.270632218710722,-23.50814433498553,-0.20424083529124903,0.0,0.0
ES2004b,98,0.5301527480284373,0.2580462694168091,0.4724644919236501,0.10007265955209732,0.03382956609129906,0.497085839509964,0.38197378317515057,0.4113016240298748,-11.940057767326744,-28.959479184010387,5.7047990486345554,0.0,0.0
ES2004b,99,0.555924654006958,0.32404758532842,0.3149477293093999,0.08298390607039134,0.04260972887277603,0.19961348672707876,0.37615615129470825,0.582337905963262,0.4877661824103893,-42.95642405663904,-1.3164953366878498,0.0,0.0
ES2004b,100,0.543155570824941,0.2599041759967804,0.4043778330087662,0.10026143739620845,0.04848950728774071,0.2068000684181849,0.41509048144022626,0.4694769289344549,-7.965511202904399,-41.22505214736382,1.7438955837727155,0.0,0.0
ES2004b,101,0.5722380181153616,0.17568779488404593,0.4026190936565399,0.0978602667649587,0.04142808417479197,0.27262398103872937,0.40769917766253155,0.42296768849094707,-2.7110040091681893,-40.83666910916911,-2.1247865613925274,0.0,0.0
ES2004b,102,0.47382205724716187,0.24137491981188455,0.3073103278875351,0.0908232182264328,0.05992616588870684,0.21401207149028778,0.4254969159762065,0.4996694897611936,0.7496626354061373,-48.16207503887485,-2.1336445161833155,0.0,0.0
ES2004b,103,0.5920939445495605,0.20944959421952566,0.2166418433189392,0.07597457865873973,0.027633673511445522,0.21646896998087564,0.33733444412549335,0.584255208571752,-3.008346293168637,-15.590132081927427,-1.8660110951297633,0.0,0.0
ES2004b,104,0.5163711607456207,0.17013189693291983,0.38983967900276184,0.0931076208750407,0.027690510575970013,0.39283475279808044,0.3620725671450297,0.09833469055593014,-16.605730050180735,-24.51780009463881,-1.1846793945698617,0.0,0.0
ES2004b,105,0.4949305256207784,0.2425812433163325,0.32839879393577576,0.09261177728573482,0.025883725533882778,0.5205871264139811,0.4080681800842285,0.14172439401348433,-20.405077673425605,-28.167514593356504,2.3218845738514418,0.0,0.0
ES2004b,106,0.4626806676387787,0.21174728373686472,0.3882277508576711,0.08978754033644994,0.027689792836705845,0.4326592932144801,0.3096679945786794,0.1333049163222313,-16.249811334344976,-26.37182540870634,1.8153740424277514,0.0,0.0
ES2004b,107,0.504940946896871,0.2695130407810211,0.2476170857747396,0.07456750422716141,0.028959055120746296,0.3460923631985982,0.30420031150182086,0.4350431685646375,-13.667677689709476,-26.38847123790701,2.956226340786879,0.0,0.0
ES2004b,108,0.49477458993593854,0.2544861286878586,0.34393320480982464,0.07750854144493739,0.023726670692364376,0.6005523999532064,0.3386221726735433,0.3285430197914441,-15.605533038071362,-26.946574835984805,2.768186191530443,0.0,0.0
ES2004b,109,0.438984751701355,0.18016362686951956,0.3822049597899119,0.08370933433373769,0.02982747678955396,0.5786785980065664,0.3356840908527374,0.3401677416016658,-17.3736346649885,-27.62873528466044,2.6042335878013563,0.0,0.0
ES2004b,110,0.45426751176516217,0.245846355954806,0.3433634340763092,0.0865467016895612,0.03295804684360822,0.6120873292287191,0.3638462920983632,0.1525040790438652,-14.444021450620383,-30.212749417775115,0.2300180203213689,0.0,0.0
ES2004b,111,0.3769948184490204,0.3546755313873291,0.304963876803716,0.13211719443400702,0.04545399732887745,0.17143924037615457,0.42276109258333844,0.14119608203570047,-15.456983861426806,-65.30911557968756,8.998464357200257,0.0,0.0
ES2004b,112,0.4475494722525279,0.2540343205134074,0.5205538471539816,0.21590539813041687,0.16049409409364065,0.36027511954307556,0.4024229844411214,0.6163378010193507,10.392219565430148,-44.46685062307218,-19.63798005238453,0.0,0.0
ES2004b,113,0.48110934098561603,0.20572646955649057,0.41023706396420795,0.14379799365997314,0.13030918315052986,0.43438757459322613,0.4012534221013387,0.49165976978838444,4.310592799855365,-40.87591601418173,-12.945488093810182,0.0,0.0
ES2004b,114,0.3899319072564443,0.1545795202255249,0.34056132038434345,0.15317048877477646,0.09591902606189251,0.3881465593973796,0.3395216365655263,0.3321904985544582,17.832989390764443,-63.314641636632125,-23.144757581053522,0.0,0.0
ES2004b,115,0.4613664348920186,0.19270522395769754,0.48537251353263855,0.06868279228607814,0.029587974150975544,0.26712531348069507,0.39433494210243225,0.10747709559897582,11.346784763130964,-61.51027579982369,-15.510693467718072,0.0,0.0
ES2004b,116,0.5028188129266103,0.23427360753218332,0.40075211723645526,0.10376794884602229,0.04149178539713224,0.35416128238042194,0.38372552394866943,0.4708871046702067,-4.410048975492678,-39.77574551091106,0.22731609800786304,0.0,0.0
ES2004b,117,0.5178902347882589,0.2215069184700648,0.3455835481484731,0.0923113872607549,0.047555812944968544,0.28568235039711,0.3091669629017512,0.7358107566833496,-6.7296111934197045,-27.43874703175399,0.05050036456346222,0.0,0.0
ES2004b,118,0.5392308235168457,0.20257015526294708,0.4810816744963328,0.1026829332113266,0.0380075890570879,0.4016286035378774,0.3206568161646525,0.37908656895160675,-7.719541768856719,-27.40899901401225,0.042692327231181736,0.0,0.0
ES2004b,119,0.34512148797512054,0.177349125345548,0.44931668043136597,0.07017867515484492,0.02457531417409579,0.13071267430981,0.41926013429959613,0.15726605678598085,13.362423822640816,-62.358097491648465,-15.955844290848665,0.0,0.0
ES2004b,120,0.396516074736913,0.2919853130976359,0.4068211615085602,0.07539794097344081,0.03416337197025617,0.21592108656962714,0.43812666336695355,0.03447136748582125,21.31471165383632,-79.49538700859028,-22.47652608902642,0.0,0.0
ES2004b,121,0.481416791677475,0.23216006656487784,0.3180227379004161,0.07371824234724045,0.021403214894235134,0.25831401844819385,0.4727604190508525,0.052573592557261385,21.54241154398477,-78.41263782398858,-23.323089493632057,0.0,0.0
ES2004b,122,0.4415945808092753,0.2245348940292994,0.4390806059042613,0.08259620890021324,0.03715884809692701,0.19150667637586594,0.29347436626752216,0.17653797380626202,17.992418889988926,-77.74848906024936,-19.965706163920963,0.0,0.0
ES2004b,123,0.4484679202238719,0.23389921089013418,0.4289134045441945,0.07485239456097285,0.029104838768641155,0.2673449019591014,0.39169283707936603,0.06839886261150241,10.51513124789234,-57.88792792688694,-12.969978361950234,0.0,0.0
ES2004b,124,0.49802770217259723,0.2332973231871923,0.4132162531216939,0.08506079763174057,0.04008811836441358,0.434845690925916,0.3454597294330597,0.3117190118258198,7.045619078023784,-48.077224431624416,-13.705117756039336,0.0,0.0
ES2004b,125,0.4741077919801076,0.25382158160209656,0.4794350266456604,0.08839477847019832,0.057942078759272896,0.5248335798581442,0.3539234896500905,0.2697530637184779,-6.516013672487475,-36.670121246437255,-3.0755504023446534,0.0,0.0
ES2004b,126,0.527560313542684,0.3205038408438365,0.4740492304166158,0.09604116280873616,0.03420142581065496,0.3908071567614873,0.3149073322614034,0.17329261948664984,-11.540195743061139,-28.427740768913548,-4.774237715885159,0.0,0.0
ES2004b,127,0.5251981715361277,0.2679198483626048,0.2868652443091075,0.09172347684701283,0.03262870013713837,0.45313264926274616,0.33896927038828534,0.5112723261117935,-11.682282627110723,-26.25186433028105,-5.176160991041937,0.0,0.0
ES2004b,128,0.49262601137161255,0.252860685189565,0.34463027616341907,0.08284509927034378,0.033793715139230095,0.5895839234193166,0.3204153577486674,0.46486009657382965,-10.44901992892609,-27.805971845076225,-6.578444240868401,0.0,0.0
ES2004b,129,0.43574102719624835,0.21294100085894266,0.4495423535505931,0.09176021565993626,0.030550606548786163,0.2730953668554624,0.341507355372111,0.3299941010773182,5.948368824012086,-46.42025498826786,-17.002505123530614,0.0,0.0
ES2004b,130,0.458085298538208,0.30773016313711804,0.34654780228932697,0.07562686751286189,0.0405197503666083,0.2625727852185567,0.43877123792966205,0.13512182189151645,35.647614060524496,-78.92584465233121,-38.36936703822596,0.0,0.0
ES2004b,131,0.2949209213256836,0.16694406668345133,0.44203484058380127,0.07056099300583203,0.019815606996417046,0.20347311596075693,0.36084746321042377,0.007540260752042134,25.485510374328868,-78.83997744283471,-28.233275565232457,0.0,0.0
ES2004b,132,0.4084024926026662,0.22348194320996603,0.3718031942844391,0.09199499587217967,0.035412841786940895,0.4164633850256602,0.47223083178202313,0.10753177106380463,18.024019513439146,-65.90217210342554,-18.96359142394327,0.0,0.0
ES2004b,133,0.5135259826978048,0.24152551094690958,0.2806859314441681,0.08972569803396861,0.04051475847760836,0.38146015008290607,0.37421099344889325,0.17477022049327692,4.8642827206325485,-37.013530515846526,-12.449211576851505,0.0,0.0
ES2004b,134,0.5453290144602457,0.25042202572027844,0.28858016431331635,0.08646047860383987,0.04338355610768,0.25754347940286,0.28373520572980243,0.639334907134374,-5.842015463010905,-15.62018437559398,-7.880166445448633,0.0,0.0
ES2004b,135,0.5970130761464437,0.27934635678927106,0.38282636801401776,0.04739635189374288,0.026479062313834827,0.24016697704792023,0.3246707220872243,0.5556097974379858,-6.47715453800582,-15.365313592644116,-5.969129889989124,0.0,0.0
ES2004b,136,0.3908122231562932,0.21117907762527466,0.4684458573659261,0.11041922122240067,0.05398593718806902,0.2342111219962438,0.33306411902109784,0.573831687370936,2.7449230844261603,-54.300644574428865,-9.284011975374987,0.0,0.0
ES2004b,137,0.4452138940493266,0.20193096498648325,0.2941401352485021,0.09096690267324448,0.030261791000763576,0.2816588183244069,0.4045920670032501,0.13165415885547796,-2.939293617189628,-45.427283402087575,-6.3226855641471955,0.0,0.0
ES2004b,138,0.5147215922673544,0.2674608031908671,0.3934675107399623,0.07237515598535538,0.0393980722874403,0.3185131748517354,0.48380250732103985,0.33726347362001735,7.581240347185751,-59.38239391024927,-13.011371110855762,0.0,0.0
ES2004b,139,0.5299553374449412,0.31538886328538257,0.35413691898187,0.1245858942468961,0.09271435812115669,0.5517050723234812,0.468298077583313,0.6777752476433913,4.476196358740686,-33.52632657945552,-7.74259893584152,0.0,0.0
ES2004b,140,0.7539296944936117,0.315665140748024,0.4627372125784556,0.0685122733314832,0.029773697567482788,0.3797302693128586,0.5248600939909617,0.7434476912021637,-6.3330474423049425,15.319661770016713,-16.04124532896375,0.0,0.0
ES2004b,141,0.7230118711789449,0.5257101655006409,0.24753162264823914,0.0740990974009037,0.02910008964439233,0.26002639532089233,0.5132844944794973,0.8678805629412333,-5.159166859103523,-4.021405932336553,-15.4034252588812,0.0,0.0
ES2004b,142,0.7118546962738037,0.44256115953127545,0.36533909539381665,0.06983066350221634,0.027392925694584846,0.34583723545074463,0.5054845015207926,0.9523483316103617,-5.185742959384854,7.654255979847455,-18.480543783586665,0.0,0.0
ES2004b,143,0.6287505825360616,0.32466453313827515,0.5175437480211258,0.10167004416386287,0.04386521689593792,0.18610466023286185,0.4583890537420909,0.9581015507380167,-4.289540774499897,21.794572401782148,-18.958303064485268,0.0,0.0
ES2004b,144,0.5555084645748138,0.18895794451236725,0.45368767778078717,0.10760448376337688,0.04243217843274275,0.3866073787212372,0.5560309092203776,0.24081641187270483,-3.8133078293898373,31.570125742229155,-18.90997928587029,0.0,0.0
ES2004b,145,0.48162272572517395,0.2635432581106822,0.4930623173713684,0.08889823158582051,0.03160177357494831,0.30529849727948505,0.5667779445648193,0.6460371414820353,-4.771853005717965,31.423059248454834,-18.989238705134277,0.0,0.0
ES2004b,146,0.536042054494222,0.27649051944414776,0.44392089049021405,0.1029972384373347,0.029763618484139442,0.2593298653761546,0.5104365150133768,0.5775605142116547,-6.3917085494969115,31.76771603253452,-18.13239268078229,0.0,0.0
ES2004b,147,0.5853630304336548,0.34017621477444965,0.5036654671033224,0.08436449120442073,0.030517222359776497,0.4077853759129842,0.5360532601674398,0.625667949517568,-6.3314033174032645,31.883320067833186,-17.58292527692713,0.0,0.0
ES2004b,148,0.6122515797615051,0.25811510781447095,0.5163998703161875,0.11141684154669444,0.03727223848303159,0.21902015805244446,0.48130592703819275,0.6434249033530554,-2.211018424670764,19.878934447281342,-19.15901141792125,0.0,0.0
ES2004b,149,0.5885115265846252,0.3499713862935702,0.5615593492984772,0.08918054898579915,0.03665331316490968,0.45541022221247357,0.4827009638150533,0.7101651579141617,-2.002526461021613,20.227012309712986,-21.313867292266128,0.0,0.0
ES2004b,150,0.5784948865572611,0.22526392340660095,0.5755405823389689,0.0930620829264323,0.0305955254783233,0.19509298106034598,0.5118202765782675,0.8200303514798483,-5.632601171977618,30.52145834668165,-22.994410074621687,0.0,0.0
ES2004b,151,0.6357077757517496,0.2762329975763957,0.3980831503868103,0.078078992664814,0.018873938359320164,0.2664048473040263,0.51420525709788,0.690600057442983,-0.7576104305567669,17.13931698510861,-17.609434448568326,0.0,0.0
ES2004b,152,0.6682058175404867,0.3698169986406962,0.33485545714696247,0.057502818604310356,0.01635550893843174,0.20344580709934235,0.49334662159283954,0.8160149653752645,-2.2103096042541206,10.914982451954709,-11.369872519098465,0.0,0.0
ES2004b,153,0.6076767047246298,0.3357738455136617,0.330282986164093,0.10648182531197865,0.05440769779185454,0.41753704845905304,0.441921591758728,0.6864076952139536,-6.5168731937711035,-8.364844736353593,-9.494781951545406,0.0,0.0
ES2004b,154,0.5302887558937073,0.22342020273208618,0.23371881743272147,0.08794606228669484,0.03147547009090582,0.41875676314036053,0.33911312619845074,0.3406662742296855,-10.30493721872767,-20.2414821722616,-7.652118793190074,0.0,0.0
ES2004b,155,0.5517155925432841,0.29143481453259784,0.30845535298188526,0.0763074979186058,0.03982922931512197,0.5167232950528463,0.35014163454373676,0.38076669971148175,-8.971547011846946,-17.769408817440155,-7.76326568303886,0.0,0.0
ES2004b,156,0.4560411870479584,0.20753700037797293,0.3248583475748698,0.08949721604585648,0.04563195755084356,0.35308336714903515,0.41119783123334247,0.5052360420425733,3.8901603900964794,-42.21895691078084,-15.688960594565595,0.0,0.0
ES2004b,157,0.45233044028282166,0.18286825716495514,0.36805732051531476,0.0830625519156456,0.035609304904937744,0.531333734591802,0.5067975123723348,0.25880340735117596,14.239304135577763,-62.5088620727376,-18.440317447904555,0.0,0.0
ES2004b,158,0.43673563996950787,0.1728296677271525,0.39263137181599933,0.08685110012690227,0.02434402145445347,0.5214604834715525,0.4335957070191701,0.27328346235056716,-7.957451394387786,-43.82183347733993,-2.8481728112584226,0.0,0.0
ES2004b,159,0.5553861260414124,0.21007753908634186,0.34933637579282123,0.10156175742546718,0.028482283776005108,0.5013257265090942,0.3511633376280467,0.075259605422616,-12.806447510020817,-26.882101149611668,-0.6992384380093899,0.0,0.0
ES2004b,160,0.551114022731781,0.22141051789124808,0.47902897000312805,0.09379241367181142,0.02740357940395673,0.4509398241837819,0.36726507544517517,0.09858011205991109,-10.950368758650038,-26.42413088467764,-1.8847588521190992,0.0,0.0
ES2004b,161,0.4447742799917857,0.24557779232660928,0.29617320497830707,0.09006107846895854,0.036410016318162285,0.30508318295081455,0.3394082486629486,0.4703378925720851,-2.2476462905014163,-43.85218376220386,-2.507250645889589,0.0,0.0
ES2004b,162,0.48674627145131427,0.2535812904437383,0.30673647423585254,0.08665003875891368,0.026104432841142017,0.3998766541481018,0.32712098956108093,0.2323057708175232,-12.20528690552599,-28.240247114556677,4.309308291490788,0.0,0.0
ES2004b,163,0.47657331824302673,0.22597346206506094,0.3451292812824249,0.08142602443695068,0.03456026501953602,0.4182728926340739,0.2841617961724599,0.11130975062648456,-9.588844171413992,-26.58431578468883,-2.1513891290112963,0.0,0.0
ES2004b,164,0.48027294874191284,0.24074724316596985,0.4175235331058502,0.08662388722101848,0.03222968243062496,0.3247269292672475,0.46141402920087177,0.4373764830331008,13.54936279960198,-60.996430893669505,-19.635811450945273,0.0,0.0
ES2004b,165,0.3865279455979665,0.284090593457222,0.40508421262105304,0.06603149076302846,0.019957304000854492,0.13914626588424048,0.37855440378189087,0.05865281719403962,21.280841999976428,-83.21021609091831,-23.520899676151036,0.0,0.0
ES2004b,166,0.5329837997754415,0.25482434531052905,0.404834379752477,0.060189660638570786,0.023167867834369343,0.38779278596242267,0.48615386088689166,0.3288925545833384,20.75857357612971,-58.40767293630909,-25.058501492539552,0.0,0.0
ES2004b,167,0.6503222187360128,0.3654356350501378,0.37792768081029254,0.10500455647706985,0.03723358362913132,0.2916760842005412,0.2956709067026774,0.3870333135128021,-4.74929561358013,-20.43581112849751,-5.528950442609606,0.0,0.0
ES2004b,168,0.5599344174067179,0.24403655529022217,0.2861904203891754,0.08280777186155319,0.026296670238176983,0.36853379011154175,0.3017682532469432,0.2598711351553599,-11.588207956116078,-24.284557517521844,-4.612212676881628,0.0,0.0
ES2004b,169,0.5111789107322693,0.2253547857205073,0.34699057539304096,0.09443836659193039,0.04617893323302269,0.3619896471500397,0.3244526783625285,0.24953785290320715,-9.916944522920579,-25.702150909589147,-2.002787462408502,0.0,0.0
ES2004b,170,0.5337661902109782,0.22171000639597574,0.4007568856080373,0.09959233303864796,0.04175427680214246,0.368876854578654,0.30186475316683453,0.4360933204491933,-6.834009404955619,-22.52430396682311,-0.8715830432656562,0.0,0.0
ES2004b,171,0.573155423005422,0.22713636358579,0.3919772803783417,0.08987817540764809,0.03237166007359823,0.2945634722709656,0.31757256388664246,0.4511926869551341,-7.36622649641309,-23.195298386345744,-2.338079594445887,0.0,0.0
ES2004b,172,0.5057740211486816,0.18980022271474203,0.5083831250667572,0.0856705258289973,0.03222452042003473,0.3322158455848694,0.30993154644966125,0.2569594879945119,-6.992077512681981,-26.62317623932741,1.7036491642536358,0.0,0.0
ES2004b,173,0.5482256213823954,0.24292845527331033,0.37272292375564575,0.11370439330736797,0.05442179925739765,0.37177950143814087,0.3052363991737366,0.8712294697761536,-2.7124253038895216,-25.801853663054047,4.437905534868815,0.0,0.0
ES2004b,174,0.6102206508318583,0.3676882783571879,0.4491105079650879,0.10328059395154317,0.054358962923288345,0.3791113297144572,0.37547366817792255,0.665432890256246,2.486806254780182,-43.77327310197966,1.7199449529457926,0.0,0.0
ES2004b,175,0.6568734248479208,0.45034658908843994,0.44707098603248596,0.09812582284212112,0.04503545040885607,0.3174920032421748,0.4884395897388458,0.4947649836540222,6.680123450704109,-71.13934519525696,-4.707059374383662,0.0,0.0
ES2004b,176,0.6383836368719736,0.4122430384159088,0.31331615646680194,0.09881465882062912,0.02790845309694608,0.4761539896329244,0.5196244219938914,0.3206986685593923,15.29872615508946,-75.39901268613238,-14.260025922557029,0.0,0.0
ES2004b,177,0.47153060634930927,0.32042508323987323,0.3401588002840678,0.07669068252046903,0.030240551258126896,0.45041921734809875,0.38601470987002057,0.1941353796670834,3.0297796562714283,-52.461121225588066,-9.070992455666952,0.0,0.0
ES2004b,178,0.5117778877417246,0.28138208389282227,0.4209420382976532,0.0893801177541415,0.027629357452193897,0.5214805603027344,0.327754944562912,0.18249306082725525,-10.035579110917487,-25.98413940740687,-3.3389519634431912,0.0,0.0
ES2004b,179,0.5691640575726827,0.16433715323607126,0.4239497085412343,0.08979446937640508,0.04849537958701452,0.40340448419253033,0.4408503770828247,0.8763811190923055,-1.0244033297119899,-40.73745218705645,-7.967566695468414,0.0,0.0
ES2004b,180,0.5205466051896414,0.2620951334635417,0.23383642236391702,0.08327032625675201,0.03401861060410738,0.3310539821783702,0.43857497970263165,0.293904693176349,11.350320056163989,-79.15213302445505,-12.29475966746768,0.0,0.0
ES2004b,181,0.44778300325075787,0.1524264266093572,0.29150180518627167,0.07384384423494339,0.021755374347170193,0.3584052224953969,0.6061670184135437,0.05579495926698049,8.45013954216259,-79.42656521931643,-9.85041951937774,0.0,0.0
ES2004b,182,0.42586979269981384,0.23524117966492972,0.32768628001213074,0.08785875389973323,0.02760113465289275,0.4182864526907603,0.5189687808354696,0.26487042506535846,6.996713644729927,-61.54556586599205,-10.435350589472712,0.0,0.0
ES2004b,183,0.5218555331230164,0.1910917560259501,0.5104076961676279,0.08591794967651367,0.0366765900204579,0.2220201169451078,0.32697488864262897,0.2628026604652405,2.5198095870743575,-41.688907556433485,-5.556820422344706,0.0,0.0
ES2004b,184,0.5769917368888855,0.18782854080200195,0.5001140435536703,0.09382154047489166,0.043825083722670875,0.25733541200558346,0.32930778463681537,0.5070859007537365,-6.016920611307293,-22.197594063574467,5.4425517036347815,0.0,0.0
ES2004b,185,0.5738396644592285,0.25357142587502796,0.5072790086269379,0.10064442704121272,0.03642042105396589,0.18859832485516867,0.3313518861929576,0.2451438345015049,-7.957181023933495,-24.380503013758812,11.507201124673925,0.0,0.0
ES2004b,186,0.5505682627360026,0.25693177183469135,0.3671320080757141,0.0912319744626681,0.056734116127093635,0.255767563978831,0.34355708956718445,0.5161998222271601,-9.55518108548282,-24.85046521758828,11.063770255192955,0.0,0.0
ES2004b,187,0.5422454078992208,0.2351554880539576,0.4442398150761922,0.08808949589729309,0.041174778093894325,0.1380893662571907,0.33795644839604694,0.4054342632492383,-8.748494831364978,-18.97002595679813,10.062128052031719,0.0,0.0
ES2004b,188,0.5744731227556864,0.24341453115145364,0.48283345500628155,0.09296097109715144,0.04252925142645836,0.3278475304444631,0.3499324818452199,0.7050473292668661,-7.865664478217371,-19.996332482528175,10.227111694203687,0.0,0.0
ES2004b,189,0.5294225811958313,0.2630736033121745,0.36923232674598694,0.07532564798990886,0.03276990229884783,0.19510928293069205,0.3243122498194377,0.6675927142302195,-9.38521962374889,-22.123826577075203,8.119699054429823,0.0,0.0
ES2004b,190,0.4777725239594777,0.21242491404215494,0.31216706335544586,0.09012545893589656,0.03598105038205782,0.46707741916179657,0.37534207105636597,0.4894814828100304,-11.194291633821189,-29.867167664158245,7.423583864919213,0.0,0.0
ES2004b,191,0.4356665114561717,0.2560917983452479,0.3915976981321971,0.08991322169701259,0.028434968863924343,0.4340464770793915,0.38373687863349915,0.6546660413344702,-14.562019201905974,-32.630152839093995,8.559743727732398,0.0,0.0
ES2004b,192,0.4583030045032501,0.25395235419273376,0.37714756031831104,0.11921768883864085,0.045222530141472816,0.42579150199890137,0.37687472502390545,0.6182871262232462,-12.2452567457189,-25.337550016792193,5.054404113490711,0.0,0.0
ES2004b,193,0.5010356704394022,0.23936670025189719,0.35406558712323505,0.0827315350373586,0.027872664233048756,0.49472281336784363,0.3057214617729187,0.17106901357571283,-9.966019289651998,-24.925083210275975,4.3143562853780715,0.0,0.0
ES2004b,194,0.4928712546825409,0.2476631154616674,0.2750113656123479,0.11303841322660446,0.055311321591337524,0.31311194598674774,0.34682271877924603,0.6826005503535271,-9.428908515285778,-26.034867431609428,4.152339195220255,0.0,0.0
ES2004b,195,0.529546062151591,0.25391778349876404,0.36074822147687274,0.10627819101015727,0.04622813997169336,0.4060082733631134,0.3421924114227295,0.71651890873909,-9.346105433493326,-26.65111224387884,4.713947589035796,0.0,0.0
ES2004b,196,0.5388449132442474,0.24099812904993692,0.3202691376209259,0.10759759942690532,0.05885037655631701,0.36241093277931213,0.3571041127045949,0.8130421042442322,-8.556758104136621,-26.629077774030776,3.7868271932543487,0.0,0.0
ES2004b,197,0.526745617389679,0.23674391210079193,0.45643167694409686,0.11215665688117345,0.042233369002739586,0.2854221612215042,0.3113234241803487,0.6680187781651815,-9.798876827780798,-25.470127234145323,6.125788278158548,0.0,0.0
ES2004b,198,0.4709392885367076,0.31103843450546265,0.3998999297618866,0.10790719836950302,0.04481958970427513,0.422508383790652,0.35116015871365863,0.7892859975496928,-15.44708774392825,-25.852288314039395,10.604887113267765,0.0,0.0
ES2004b,199,0.4544385274251302,0.2775568465391795,0.2700762003660202,0.12580561886231104,0.061429133638739586,0.3217294265826543,0.38086097439130145,0.6711910764376322,-19.754926798338655,-27.297023848928973,12.082116756439165,0.0,0.0
ES2004b,200,0.4744849006334941,0.28268204629421234,0.38514410952727,0.18181938181320825,0.07500469436248143,0.41034141182899475,0.45227524638175964,0.8141221205393473,-17.778190169847218,-57.47268207028136,15.025864750205123,0.0,0.0
ES2004b,201,0.36009522279103595,0.28648899992307025,0.38750730951627094,0.0961584597826004,0.03674385013679663,0.2832154780626297,0.538318951924642,0.6058073341846466,-3.019175249302032,-85.01114189137226,1.395349667389256,0.0,0.0
ES2004b,202,0.30104511976242065,0.18622231235106787,0.44125688076019287,0.07157363245884578,0.030445574472347896,0.16829498608907065,0.5426157315572103,0.11870978772640228,-0.7380341187636231,-85.01335822749341,-1.1114026094112155,0.0,0.0
ES2004b,203,0.5129419366518656,0.32659074664115906,0.3049545685450236,0.07582758118708928,0.03289093573888143,0.32358776529630023,0.5164012908935547,0.3419649510954817,15.390763210170386,-84.05206185748209,-16.42045356945324,0.0,0.0
ES2004b,204,0.3427097499370575,0.20488953093687692,0.4087635974089305,0.0831263115008672,0.032827937975525856,0.2674260437488556,0.5765310525894165,0.5133039553960165,20.473213205494353,-85.30368663233031,-21.549424562237704,0.0,0.0
ES2004b,205,0.508625735839208,0.28612157702445984,0.3722722331682841,0.07683081304033597,0.03197265416383743,0.39847218493620556,0.5517785449822744,0.3940877094864845,13.331680503983696,-85.39986356930574,-14.42879150625057,0.0,0.0
ES2004b,206,0.5050302843252817,0.28146278361479443,0.43422287205855054,0.08563973382115364,0.03245386170844237,0.3258085499207179,0.5618587930997213,0.4451780902842681,3.4689171741840976,-84.69349386374613,-4.733688119151398,0.0,0.0
ES2004b,207,0.4792037904262543,0.2084155355890592,0.5343594253063202,0.11954697221517563,0.0665065310895443,0.4018508990605672,0.4135020176569621,0.7233512699604034,5.360744564417291,-47.14175834342757,-4.53821619996813,0.0,0.0
ES2004b,208,0.5112663606802622,0.19178234289089838,0.3449786379933357,0.17231140037377676,0.05842674026886622,0.3966868321100871,0.39084698756535846,0.7505543828010559,-10.43187602939674,-34.835247883569444,7.364270725724334,0.0,0.0
ES2004b,209,0.36180444558461505,0.19138612846533457,0.403955136736234,0.10462610671917598,0.04627096466720104,0.37744733691215515,0.48637819290161133,0.6359684467315674,-10.380230626348643,-64.96516976475353,9.856640549504492,0.0,0.0
ES2004b,210,0.4428485333919525,0.2106927384932836,0.4571125308672587,0.12886511782805124,0.05644382225970427,0.4454226990540822,0.41270148754119873,0.5847460211565098,-14.734353195311272,-46.195124052766545,6.795541560642959,0.0,0.0
ES2004b,211,0.5764194329579672,0.25545098384221393,0.2492305189371109,0.13974077502886453,0.06116461008787155,0.4481927851835887,0.37427688638369244,0.7241701781749725,-15.58837491477017,-30.392275199794327,14.946915567407446,0.0,0.0
ES2004b,212,0.5373683969179789,0.2989455660184224,0.3586986263593038,0.10943420728047688,0.03381499213476976,0.4973902602990468,0.36991318066914874,0.4451618293921153,-19.326743465230233,-33.7792084296791,17.038334185026667,0.0,0.0
ES2004b,213,0.5510398149490356,0.24545288582642874,0.3513783315817515,0.08556170016527176,0.04126169594625632,0.2621324708064397,0.3287125527858734,0.46230997641881305,-15.24554944768055,-28.288308708048813,14.864751698948629,0.0,0.0
ES2004b,214,0.5305235783259074,0.2902008692423503,0.31879037618637085,0.08149310698111852,0.028901029378175735,0.4426664263010025,0.29311225811640423,0.351993673791488,-16.203773465188565,-28.64590573179758,16.481794742098163,0.0,0.0
ES2004b,215,0.5306104222933451,0.19649982949097952,0.285698339343071,0.08897249648968379,0.033255431801080704,0.4043841411670049,0.314249853293101,0.45309174060821533,-16.1129560747227,-27.300035990233084,15.080671750709792,0.0,0.0
ES2004b,216,0.5270636777083079,0.25321296354134876,0.2857423623402913,0.07469717413187027,0.03076486972471078,0.3786880125602086,0.3449881672859192,0.4770265693465869,-17.390522749478986,-28.7158744417214,16.56969821143173,0.0,0.0
ES2004b,217,0.5103498697280884,0.3122175335884094,0.3143477439880371,0.07283878078063329,0.028983233496546745,0.48108648260434467,0.3649526536464691,0.32117766165174544,-19.210630103172317,-27.47973943894462,12.104923900990663,0.0,0.0
ES2004b,218,0.5246059199174246,0.21920024851957956,0.30881131688753766,0.0940293272336324,0.03231797367334366,0.4624718228975932,0.30675559242566425,0.34648510192831355,-13.840388890221782,-28.879229278826173,10.766557958258536,0.0,0.0
ES2004b,219,0.5172678033510844,0.17073624829451242,0.4009609818458557,0.10579581558704376,0.02787996456027031,0.458051472902298,0.3402377665042877,0.5561940371990204,-8.628779017136859,-30.58219388026622,10.796127673988858,0.0,0.0
ES2004b,220,0.5838313102722168,0.24234349528948465,0.3810282349586487,0.12559462835391363,0.06545072731872399,0.4220031201839447,0.34457074602444965,0.5387103861818711,-6.823551250168182,-23.8776739989695,11.08908854750041,0.0,0.0
ES2004b,221,0.5513578057289124,0.2124237964550654,0.4679315487543742,0.0857271874944369,0.03244961301485697,0.38036344448725384,0.3466814160346985,0.67936243613561,-8.449730785072637,-24.598277735205276,12.652493610666859,0.0,0.0
ES2004b,222,0.5964520970980326,0.3527799646059672,0.43660325805346173,0.09833405911922455,0.05047620087862015,0.2695671444137891,0.36409491300582886,0.7962381442387899,-7.2950971267852625,-19.370146812783194,11.233519163860278,0.0,0.0
ES2004b,223,0.6373377044995626,0.3188551068305969,0.3841334482034047,0.06794622292121251,0.027531202261646587,0.17805220186710358,0.3216603597005208,0.722610076268514,-5.889756264731407,-14.082880288899267,6.9149312441321795,0.0,0.0
ES2004b,224,0.5896896123886108,0.3200039267539978,0.32052239775657654,0.07259341329336166,0.036895966778198876,0.25969819724559784,0.35685067375500995,0.5339130659898123,-8.16196769846371,-20.22388390761765,9.53982805285996,0.0,0.0
ES2004b,225,0.5509517192840576,0.293807049592336,0.4440833032131195,0.07933899263540904,0.03577769796053568,0.30765526990095776,0.30954118569691974,0.6327115098635355,-11.306401308248164,-22.459445492097064,11.31846114868096,0.0,0.0
ES2004b,226,0.5263191858927408,0.30066999793052673,0.3057207564512889,0.08952762931585312,0.038493928809960685,0.3405296554168065,0.317028949658076,0.5325593973199526,-7.988400569759918,-22.555018905022497,10.020583238566115,0.0,0.0
ES2004b,227,0.4880637228488922,0.2978939563035965,0.4261524776617686,0.07317144175370534,0.03097961035867532,0.4178817719221115,0.4717516402403514,0.023272084382673103,9.26220267663133,-62.22964868420174,-11.566933461654683,0.0,0.0
ES2004b,228,0.41315793991088867,0.2868320941925049,0.5660898288091024,0.09537367771069209,0.033810608088970184,0.14924154430627823,0.5203589797019958,0.047308601050948106,0.03139724248379849,-82.7677179332748,-1.6565263241239965,0.0,0.0
ES2004b,229,0.4840850333372752,0.3478419880072276,0.3361757496992747,0.11613424867391586,0.05551754683256149,0.41458528240521747,0.5904514193534851,0.06377084056536357,-2.090200085015398,-82.13978820027147,0.3649932731064964,0.0,0.0
ES2004b,230,0.5511855483055115,0.39029549558957416,0.435030202070872,0.09748187909523646,0.028087143475810688,0.2834279139836629,0.6008764704068502,0.11170804081484675,2.088199697004595,-81.83477940793102,-3.617070330023098,0.0,0.0
ES2004b,231,0.5457214713096619,0.40721331040064496,0.452534943819046,0.09216868132352829,0.026523385817805927,0.28699030975500744,0.4162674844264984,0.3296450488269329,-13.79340942886771,-60.05430273836543,18.386929538717038,0.0,0.0
ES2004b,232,0.576439380645752,0.23991966744263968,0.4833201467990875,0.10425059000651042,0.06186497583985329,0.32572078704833984,0.3035185436407725,0.8846947948137919,-2.4131042521906574,-25.118334961537652,12.15076643634189,0.0,0.0
ES2004b,233,0.5765194495519003,0.277615025639534,0.4171061913172404,0.09940670182307561,0.044239322344462075,0.3371303156018257,0.30143532156944275,0.8992786804835001,-8.661591226718492,-20.22541931035437,10.464195214473628,0.0,0.0
ES2004b,234,0.5932426651318868,0.3003249565760295,0.34293357531229657,0.09200512369473775,0.04214758053421974,0.28266484042008716,0.34338417649269104,0.625357006986936,-10.162820111541205,-25.973728357188474,14.715494736283972,0.0,0.0
ES2004b,235,0.5065358777840933,0.2207882503668467,0.2423260509967804,0.08316840852300326,0.021174850563208263,0.3730941613515218,0.41677122314771015,0.14757269620895386,-19.43534306797544,-21.841280495386872,13.156065482927607,0.0,0.0
ES2004b,236,0.5503083169460297,0.28710444768269855,0.3189135988553365,0.0868087833126386,0.03194596618413925,0.5300212303797404,0.35738348960876465,0.056859929425021015,-15.722496067743629,-22.672922712633284,7.913457480060497,0.0,0.0
ES2004b,237,0.4826038380463918,0.3087114989757538,0.31896964212258655,0.07561437537272771,0.027352308854460716,0.4818207919597626,0.3466752866903941,0.2890739055971305,-15.416778478662726,-28.398487806756062,10.077554733600987,0.0,0.0
ES2004b,238,0.5014754633108774,0.2989119042952855,0.373451034228007,0.09455428272485733,0.04282107514639696,0.3623155852158864,0.38519957661628723,0.5027633905410767,-6.315696986368031,-41.95214288430658,3.4313013221602215,0.0,0.0
ES2004b,239,0.42984554171562195,0.21084662526845932,0.46537087361017865,0.13144507507483164,0.0389032227297624,0.4347642461458842,0.5426216423511505,0.233539047340552,18.475990784436004,-66.18197410147123,-20.59381903995764,0.0,0.0
ES2004b,240,0.4588139057159424,0.2720094670852025,0.30711325506369275,0.09650340427954991,0.040504186103741326,0.45618608593940735,0.5170796016852061,0.633243146042029,17.90077464268961,-66.34761653411344,-18.26545329630219,0.0,0.0
ES2004b,241,0.5648090640703837,0.3015638589859009,0.388940488298734,0.08508648226658504,0.023807172973950703,0.3734421730041504,0.3213719924290975,0.15871150543292364,-6.072232590674109,-24.183933469171716,3.224676842318356,0.0,0.0
ES2004b,242,0.5035275220870972,0.2018097241719564,0.38586128254731494,0.0955145185192426,0.0370146402468284,0.5195877154668173,0.3532770375410716,0.28284915039936703,-10.965498747071237,-27.526047611246955,3.2398459976298195,0.0,0.0
ES2004b,243,0.5840125878651937,0.3076173663139343,0.3459704915682475,0.08421911547581355,0.01919114279250304,0.4790170192718506,0.3739975293477376,0.027599640811483066,-10.932659578982381,-30.155927100951647,4.242627244411596,0.0,0.0
ES2004b,244,0.5781443317731222,0.27207473417123157,0.28857826193173725,0.09893333166837692,0.029748377079765003,0.5320988595485687,0.3692457278569539,0.12964236115415892,-12.282893946503998,-24.761446526728538,3.5627882421365986,0.0,0.0
ES2004b,245,0.5197088221708933,0.2588786880175273,0.47211919724941254,0.10333886245886485,0.042999896531303726,0.5181562602519989,0.37951244910558063,0.5464682082335154,4.303264115387949,-46.94446517059913,-4.17849603555123,0.0,0.0
ES2004b,246,0.49688008427619934,0.2509729464848836,0.4657190541426341,0.14278790603081384,0.05513650054732958,0.40638668338457745,0.46192601323127747,0.5695293595393499,0.6401484607141347,-51.50381659247867,-5.2610361233751375,0.0,0.0
ES2004b,247,0.5333141386508942,0.23179298639297485,0.2676225999991099,0.09411191443602245,0.03767121831576029,0.302693431576093,0.3560258150100708,0.5339160561561584,-11.05214504880954,-28.329911921328375,10.8815555994889,0.0,0.0
ES2004b,248,0.5880019466082255,0.3631279667218526,0.26806595424811047,0.08094360306859016,0.028285148243109386,0.42670082052548725,0.3629929721355438,0.6642650042970976,-7.384454948850685,-16.22858982904648,6.694880931320373,0.0,0.0
ES2004b,249,0.5443123877048492,0.26203065117200214,0.40666956702868146,0.10461100935935974,0.09957981916765372,0.27948686977227527,0.4293775161107381,0.4784002900123596,-6.373869942715198,-35.19247527074061,4.244289880487759,0.0,0.0
ES2004b,250,0.5485248366991679,0.34690957764784497,0.5080570876598358,0.0965440000096957,0.04700216775139173,0.26344993710517883,0.3843400776386261,0.6561533808708191,-0.8146780990796275,-44.061925156404634,0.950456477082394,0.0,0.0
ES2004b,251,0.6112406651178995,0.3451586663722992,0.36322111388047534,0.08062670876582463,0.039906976434091725,0.3782563805580139,0.4063182274500529,0.5055122176806132,-7.148508699343018,-16.281557940778267,9.847871719879558,0.0,0.0
ES2004b,252,0.5598527789115906,0.2158576250076294,0.4831906358400981,0.11566013097763062,0.051497853050629296,0.19373571872711182,0.35006176431973773,0.7999956011772156,-7.044722112664506,-23.529198236561314,11.992613634950823,0.0,0.0
ES2004b,253,0.5641374985376993,0.19994923969109854,0.4488035539786021,0.07595970729986827,0.047294698655605316,0.3107685645421346,0.3397855559984843,0.35790137263635796,-6.610836853159337,-22.526272711100905,11.137774195578404,0.0,0.0
ES2004b,254,0.5591606497764587,0.22191104292869568,0.5351917942365011,0.13357934107383093,0.047033779323101044,0.43889179329077405,0.37770407398541767,0.6319798876841863,-10.501224005026499,-26.188950120408503,15.21332572398695,0.0,0.0
ES2004b,255,0.522789865732193,0.34983547528584796,0.4038434425989787,0.1491845746835073,0.07444699853658676,0.36692048112551373,0.4759907325108846,0.7729849318663279,-13.378439641975602,-49.06490490451716,15.239062252634696,0.0,0.0
ES2004b,256,0.46956635514895123,0.3509959081808726,0.28228382766246796,0.1190997635324796,0.061848593254884086,0.4681444317102432,0.4026350776354472,0.5816299219926199,-15.681865011601046,-60.0971990513502,16.225051198422815,0.0,0.0
ES2004b,257,0.5563758810361227,0.2929942011833191,0.40136395891507465,0.07860570897658666,0.03794627139965693,0.35959450776378316,0.4086686074733734,0.6109192570050558,-15.623588987640334,-38.73857346785248,12.027782799305202,0.0,0.0
ES2004b,258,0.6227484941482544,0.4197278916835785,0.29199908673763275,0.0867379183570544,0.03503446156779925,0.3235105574131012,0.32181911667188007,0.6680331317087015,-0.9139862349818154,-14.13209058951376,-1.6141859725106775,0.0,0.0
ES2004b,259,0.46038960417111713,0.2918323179086049,0.21687554816404978,0.09069803357124329,0.04223504289984703,0.40568705399831134,0.32019659876823425,0.34700316687424976,-2.1093379178140657,-30.72058987225209,1.8694143004231367,0.0,0.0
ES2004b,260,0.5418099761009216,0.2749924163023631,0.350005308787028,0.16442208488782248,0.08239790797233582,0.2511063615481059,0.3869967957337697,0.7201963464419047,-7.73160466140675,-63.79456091514472,7.865860595599483,0.0,0.0
ES2004b,261,0.5191146035989126,0.318782776594162,0.4078985850016276,0.12212929626305898,0.04676313636203607,0.4471164147059123,0.44586772720019024,0.5246211414535841,1.632383083848764,-61.71202397254822,-3.187428446858549,0.0,0.0
ES2004b,262,0.5912243723869324,0.2592708220084508,0.3136405050754547,0.26106729358434677,0.1597448525329431,0.42466674248377484,0.3679198424021403,0.9883469144503275,-2.6897101756841244,-9.738171388712496,-0.42391674443318905,0.0,0.0
ES2004b,263,0.6234824856122335,0.31363274653752643,0.4018623133500417,0.24163236220677695,0.21647462559243044,0.31656084458033246,0.4305322766304016,0.700001041094462,1.861876714402279,-22.52172490093777,-9.292371462359382,0.0,0.0
ES2004b,264,0.4257359206676483,0.32527417441209155,0.3191226969162623,0.1523332248131434,0.07221465992430846,0.428700069586436,0.396676500638326,0.8306983908017477,-1.0995654062416123,-55.26214671289791,-0.9595871528797334,0.0,0.0
ES2004b,265,0.5203213393688202,0.2692736089229584,0.35714249809583026,0.11447406808535258,0.05097739150126775,0.541989396015803,0.42786040902137756,0.48142610987027484,-16.38043006240276,-28.226161073284146,9.29799477475072,0.0,0.0
ES2004b,266,0.5734310249487559,0.294916699330012,0.3819495340188344,0.08070213844378789,0.06490872862438361,0.3465242187182109,0.4216109812259674,0.5349266156554222,7.495918672887093,-22.562757938589556,-12.642881441570745,0.0,0.0
ES2004b,267,0.5923076868057251,0.23625809450944266,0.3372674882411957,0.07459096610546112,0.04674393435319265,0.4983975092569987,0.3330965240796407,0.5776999481022358,7.638332556399234,-24.01740010822701,-7.102752496382784,0.0,0.0
ES2004b,268,0.7282777627309164,0.5131663680076599,0.4496745765209198,0.056054974595705666,0.023738630736867588,0.5234257280826569,0.47901415824890137,0.6533919175465902,5.735735489878266,-7.286101316670641,-0.7637426017083427,0.0,0.0
ES2004b,269,0.5207319458325704,0.29388729234536487,0.433867871761322,0.07744601368904114,0.032957841331760086,0.436817208925883,0.30967896183331806,0.05289871680239836,-21.145284380703522,-31.662596441974603,0.41098345851354906,0.0,0.0
ES2004b,270,0.47189809878667194,0.3626799484093984,0.5378620227177938,0.11747346073389053,0.033267516642808914,0.3998267625768979,0.457540621360143,0.593387208878994,-10.513187610365256,-22.143623566539002,-4.386696303573063,0.0,0.0
ES2004b,271,0.5336272815863291,0.19847321758667627,0.3047511875629425,0.05756714940071106,0.033764264856775604,0.5792089502016703,0.4286053975423177,0.36937705303231877,-4.471042312784009,-9.735339144267833,-11.55807158536689,0.0,0.0
ES2004b,272,0.5582305689652761,0.14465575913588205,0.461760809024175,0.055940981954336166,0.034877121448516846,0.379061500231425,0.3953611155351003,0.6089393297831217,13.22474101333975,-16.366710596463292,-15.75543738069918,0.0,0.0
ES2004b,273,0.5735334157943726,0.39646273851394653,0.5598819454511007,0.12436279654502869,0.07170814586182435,0.3323460618654887,0.4350225528081258,0.3352790450056394,19.246042142843116,42.85595704784364,21.553029676166915,0.0,0.0
ES2004b,274,0.5892592469851176,0.33081376552581787,0.5131779611110687,0.09909934302171071,0.04013134725391865,0.30018872022628784,0.42091238498687744,0.5426081816355387,13.229029905787513,44.05432315819116,15.93612015830279,0.0,0.0
ES2004b,275,0.5779303312301636,0.23280220727125803,0.5019173920154572,0.11446820199489594,0.04157500093181928,0.3005022232731183,0.46762704849243164,0.9293149908383688,-4.073233355560283,39.80388349685048,-5.587688408336104,0.0,0.0
ES2004b,276,0.6028084854284922,0.27403606474399567,0.5679937799771627,0.09702278176943462,0.030443078527847927,0.26123035947481793,0.3966123163700104,0.6307447866226236,-6.089248114647597,37.91195832955736,-5.596897731513248,0.0,0.0
ES2004b,277,0.4931626518567403,0.21925084789594015,0.3816646337509155,0.1075899600982666,0.025299379602074623,0.2065964937210083,0.4681054651737213,0.8906174898147583,-1.1569666475616605,31.083746232021056,-0.4038089667802332,0.0,0.0
ES2004b,278,0.5877864162127177,0.2541401982307434,0.4017774661382039,0.08861957987149556,0.021713177983959515,0.25682901591062546,0.4667858878771464,0.9419085184733073,-4.969269307285782,22.753170614781897,-4.401939758067969,0.0,0.0
ES2004b,279,0.5431506633758545,0.16644612699747086,0.48424723744392395,0.10155915344754855,0.021351926649610203,0.11537948250770569,0.4634001652399699,0.6426143944263458,-13.379114884288109,30.10310437945842,-7.291987051794501,0.0,0.0
ES2004b,280,0.5493014057477316,0.2080849309762319,0.3971542666355769,0.10720035682121913,0.022256532063086826,0.1548304557800293,0.43594371279080707,0.9017897645632426,-7.129051746830214,27.08218477102177,-5.629913313931905,0.0,0.0
ES2004b,281,0.5762001474698385,0.19252923130989075,0.4688730537891388,0.1250484436750412,0.01936952956020832,0.265767643849055,0.4124791622161865,0.6876604755719503,-1.4381920822417174,27.784468701642794,-3.3133974556251666,0.0,0.0
ES2004b,282,0.5999372601509094,0.29586734374364215,0.4782509009043376,0.13137194017569223,0.021946952988704044,0.32399144768714905,0.3805374999841054,0.8841909766197205,-4.604984751422627,26.117660735308476,-8.797250782830188,0.0,0.0
ES2004b,283,0.552125076452891,0.1416718289256096,0.46652935942014057,0.08313538879156113,0.017343189256886642,0.1791053389509519,0.44222816824913025,0.9124334255854288,-8.885006595156835,27.601823048228255,-5.046896589436737,0.0,0.0
ES2004b,284,0.5557460387547811,0.17124470074971518,0.5138784746328989,0.09581265101830165,0.02648657125731309,0.1571001559495926,0.49132924278577167,0.9812977313995361,-13.014427823846745,28.595798286846826,-6.998236206411396,0.0,0.0
ES2004b,285,0.5292490422725677,0.17607670525709787,0.3990534543991089,0.0791556586821874,0.02435119388004144,0.21280349294344583,0.4959120750427246,0.5662935425837835,-13.779974007318538,30.406662840620996,-7.26764658449039,0.0,0.0
ES2004b,286,0.6267533500989279,0.24392777681350708,0.43384601672490436,0.0961587205529213,0.026723143955071766,0.29281172901391983,0.44200989603996277,0.7933587630589803,-6.950932816322653,22.50921764900818,-9.486500394154824,0.0,0.0
ES2004b,287,0.49408938487370807,0.22612718244393668,0.2809003988901774,0.11531094710032146,0.028431088974078495,0.20039425293604532,0.35669707258542377,0.8760751088460287,-3.177022422633655,15.799014878592423,-9.387126073766916,0.0,0.0
ES2004b,288,0.6683283448219299,0.31126036246617633,0.3798004488150279,0.11080436905225118,0.023760903005798657,0.2814034918944041,0.49085091551144916,0.6267427305380503,-4.0697107052640495,16.245175210259507,-8.424462260982931,0.0,0.0
ES2004b,289,0.5042766133944193,0.17142490049203238,0.3864400088787079,0.05798740064104398,0.019206464290618896,0.12934128567576408,0.4353621006011963,0.33598041782776517,-12.802478087419436,36.28117369727378,-5.514122025795813,0.0,0.0
ES2004b,290,0.5347768465677897,0.24377432465553284,0.6119102636973063,0.0928812250494957,0.029798921197652817,0.19786779085795084,0.43470672766367596,0.2503017808000247,-13.429743404299122,39.21759325604207,-6.84778952274592,0.0,0.0
ES2004b,291,0.5737514694531759,0.2379515419403712,0.4228590577840805,0.09461791565020879,0.033662401139736176,0.19239064554373422,0.4643141229947408,0.7662159701188406,-8.08291664624077,40.069125606829644,-3.7991107491184994,0.0,0.0
ES2004b,292,0.5021809041500092,0.21831155816713968,0.48937984307607013,0.11244961371024449,0.02787116977075736,0.211580624183019,0.4043083190917969,0.5397506132721901,1.8668523064130786,40.60895361607914,0.8233219130496913,0.0,0.0
ES2004b,293,0.5771313110987345,0.34962642192840576,0.30010300874710083,0.08790968110164006,0.022794903566439945,0.15727280577023825,0.3827837407588959,0.8751929799715678,1.5029303948367587,34.03154760598028,-0.4741393771623061,0.0,0.0
ES2004b,294,0.532792458931605,0.35052687923113507,0.3513830155134201,0.11606130500634511,0.02803177200257778,0.18787155052026114,0.32541462779045105,0.6670684417088827,4.174452325223956,44.11363085734692,4.290241140980702,0.0,0.0
ES2004b,295,0.511947492758433,0.3795430064201355,0.3374064763387044,0.0828935739894708,0.021645647163192432,0.09336681043108304,0.3812851508458455,0.3006768474976222,2.4849221379768305,43.74156813884343,3.427074968211265,0.0,0.0
ES2004b,296,0.5192013382911682,0.31180377801259357,0.30099279681841534,0.08579243222872417,0.028001812597115833,0.13945863644282022,0.35468195875485736,0.6022325965265433,2.840884747178509,47.08976282855274,4.209443281241572,0.0,0.0
ES2004b,297,0.5382715861002604,0.2790773610273997,0.35831648111343384,0.0769930159052213,0.02529977634549141,0.18349547932545343,0.34070491790771484,0.64523712793986,1.6114678076351103,44.696692811147805,3.296369805619646,0.0,0.0
ES2004b,298,0.4980044464270274,0.24987414479255676,0.3274369438489278,0.0689028650522232,0.019993499542276066,0.1821504458785057,0.3321687877178192,0.7159333328406016,5.5141881584461805,41.32210060181297,7.011923582946392,0.0,0.0
ES2004b,299,0.5242467323939005,0.2797161042690277,0.3077152222394943,0.06587791070342064,0.02045345865190029,0.17594719181458154,0.3662288983662923,0.6591108789046606,2.774621900301289,42.05964084145628,5.490352090012455,0.0,0.0
ES2004b,300,0.5413461625576019,0.3535163700580597,0.32949328422546387,0.08540515104929607,0.025552648430069286,0.11209436009327571,0.3625699281692505,0.3966141566634178,2.82877263200758,47.263409364461545,5.9694223913681155,0.0,0.0
ES2004b,301,0.5253472228844961,0.21854390700658163,0.49818843106428784,0.09490011632442474,0.021422776704033215,0.16995620975891748,0.3598402639230092,0.9875168999036154,0.8749208644364642,36.580430197430836,0.30265601389804697,0.0,0.0
ES2004b,302,0.5169498324394226,0.21958068509896597,0.6253467400868734,0.12443548689285915,0.021937359124422073,0.17832859605550766,0.41418224573135376,0.8778417706489563,2.160515941639525,29.338425667548336,-5.287275738332004,0.0,0.0
ES2004b,303,0.5469688574473063,0.18252417941888174,0.6531340082486471,0.13354292263587317,0.019963474944233894,0.3094320595264435,0.42115630706151325,0.8436731497446696,3.3856234173038473,22.696163722061584,-6.530028902922901,0.0,0.0
ES2004b,304,0.5293189287185669,0.2009740173816681,0.5666097104549408,0.11361835648616155,0.023943326125542324,0.268248384197553,0.37789109349250793,0.702515090505282,1.043662338172617,29.41882106922237,-2.237577087441442,0.0,0.0
ES2004b,305,0.46592164039611816,0.20207960406939188,0.4279080231984456,0.07826609164476395,0.02092781290411949,0.08654899646838506,0.3299654722213745,0.6069183597962061,-1.346810371330448,43.07465287889687,0.9005767860178905,0.0,0.0
ES2004b,306,0.48436111211776733,0.1878825674454371,0.4474497238794963,0.09294773389895757,0.02229870731631915,0.15388107299804688,0.3977796634038289,0.4798782169818878,-1.154545195406959,38.6821059943105,-1.4738564292770906,0.0,0.0
ES2004b,307,0.5169937213261923,0.24720579385757446,0.37869104743003845,0.09844530373811722,0.02696758198241393,0.1467631310224533,0.3686560293038686,0.5728795002214611,0.32242310895114307,39.719742678663714,3.8255080874248795,0.0,0.0
ES2004b,308,0.5344294309616089,0.26124270757039386,0.35014381011327106,0.07941401625672977,0.02322430598239104,0.17130007098118463,0.3523474136988322,0.45748643577098846,1.385552969664727,45.93355513867519,6.253085375802788,0.0,0.0
ES2004b,309,0.49979973832766217,0.24050700664520264,0.37796013553937274,0.08784907559553783,0.02610551379621029,0.1286680152018865,0.3676487406094869,0.7839667697747549,1.1214761273257265,48.92893404928865,6.4066901851796985,0.0,0.0
ES2004b,310,0.5346346199512482,0.2516109496355057,0.2863486309846242,0.08841087172428767,0.02489572825531165,0.21936608850955963,0.324187437693278,0.8974111874898275,1.5557006418258241,47.56575112908368,4.383725888815628,0.0,0.0
ES2004b,311,0.6115160783131918,0.34260136882464093,0.40908128519852954,0.10871464510758717,0.0494108647108078,0.38176074127356213,0.3453577359517415,0.3637661462028821,-1.3586625380871802,44.89581952400412,0.796680047074226,0.0,0.0
ES2004b,312,0.4942156871159871,0.2214184602101644,0.6323982079823812,0.07587373380859692,0.016798630667229492,0.27767616510391235,0.4210496246814728,0.7643002569675446,-2.1890913327792423,32.08479755625378,-4.655395093999676,0.0,0.0
ES2004b,313,0.507617712020874,0.28526781996091205,0.4130468467871348,0.09601894517739613,0.02186552621424198,0.1928790162007014,0.4047320286432902,0.3385487450286746,-0.0005689071386637915,42.74574939362976,1.1085878804245097,0.0,0.0
ES2004b,314,0.5252849062283834,0.27018842101097107,0.420938899119695,0.07959677030642827,0.02284555385510127,0.27546992897987366,0.4796748161315918,0.29499823103348416,0.31233629315958955,51.07220637102247,4.786205849619313,0.0,0.0
ES2004b,315,0.5205834805965424,0.2652922024329503,0.3513346215089162,0.08383238067229588,0.03280863476296266,0.17072147379318872,0.3358195622762044,0.793095737695694,-1.2122193211628602,48.89368424629646,3.5410436363180544,0.0,0.0
ES2004b,316,0.47293518980344135,0.26784135897954303,0.4039862851301829,0.07521310324470203,0.0287769449253877,0.21858430157105127,0.5364518165588379,0.43226751933495206,-1.7553931126138131,55.054112296958664,2.4634704814303596,0.0,0.0
ES2004b,317,0.5321270624796549,0.28036464254061383,0.4695148865381877,0.0791003406047821,0.02929782619078954,0.16303398460149765,0.414343257745107,0.506240421285232,-4.532012462101764,51.747302327479666,-0.9423505767584647,0.0,0.0
ES2004b,318,0.47656382123629254,0.23914016783237457,0.42493529121081036,0.06379958987236023,0.022401488075653713,0.19593085845311484,0.4272573192914327,0.9420589009920756,-3.207331705819978,50.89845128571261,-0.3680803134558038,0.0,0.0
ES2004b,319,0.5023862818876902,0.19573283195495605,0.2451744278271993,0.08221677442391713,0.018284572288393974,0.1797003075480461,0.435091495513916,0.7304951846599579,-2.5791274100823496,26.784260217691884,-3.17413397285535,0.0,0.0
ES2004b,320,0.49401870369911194,0.2519827385743459,0.38563406467437744,0.09550029039382935,0.020875150337815285,0.27011528114477795,0.4184516370296478,0.6645392676194509,-2.573696057777393,37.73890137399166,-0.2674184479486901,0.0,0.0
ES2004b,321,0.5299288133780161,0.268762802084287,0.3705204576253891,0.11813375353813171,0.02181135304272175,0.1843591903646787,0.36036338408788043,0.9828850825627645,0.1518665830785162,29.659725743404845,1.4480866490144342,0.0,0.0
ES2004b,322,0.5622745951016744,0.20819993813832602,0.20860926806926727,0.10670218616724014,0.015396214711169401,0.2687774250904719,0.44488491614659625,0.9558826287587484,2.6791875663727622,15.026891778471104,1.8047587557067548,0.0,0.0
ES2004b,323,0.5019584794839224,0.1785999909043312,0.32615633805592853,0.08013804505268733,0.01548291090875864,0.3342060049374898,0.3758396605650584,0.8736500938733419,-1.8724570398606637,30.771080236508805,-2.985720951843932,0.0,0.0
ES2004b,324,0.5867584546407064,0.211993878086408,0.3153633624315262,0.09649847696224849,0.016745746756593387,0.21371093889077505,0.4264935652414958,0.7139709095160166,-0.8081970959631932,22.74881561434457,0.15636787545016576,0.0,0.0
ES2004b,325,0.5264003276824951,0.2391187995672226,0.25004520018895465,0.08740633850296338,0.02210553300877412,0.14608289301395416,0.3703477382659912,0.6702966187149286,-2.73997665530184,33.45893587386959,0.451542893212916,0.0,0.0
ES2004b,326,0.5024739901224772,0.231895183523496,0.45544688900311786,0.07181481023629506,0.021154388474921387,0.16554686427116394,0.38289766510327655,0.6661957204341888,-2.674581739508533,38.569367106085885,0.16786798150128815,0.0,0.0
ES2004b,327,0.5047354797522227,0.1842823326587677,0.3771800498167674,0.06802380333344142,0.016709538487096626,0.28372245530287427,0.4018336832523346,0.6803991148869196,-4.435288361794142,33.48185287510464,-0.3110855333182503,0.0,0.0
ES2004b,328,0.4777895510196686,0.18454985320568085,0.45052706201871234,0.08317244052886963,0.02079330664128065,0.2665216326713562,0.44487813115119934,0.8529559373855591,-2.3088460442585235,35.10033871348232,-0.48751160697324464,0.0,0.0
ES2004b,329,0.5169430673122406,0.2141126443942388,0.482558012008667,0.07904678707321484,0.018362887824575107,0.22139467298984528,0.37476998567581177,0.6967685669660568,-3.6982900694283836,36.876289831198484,0.32439919468128386,0.0,0.0
ES2004b,330,0.5345065593719482,0.21432596941788992,0.5089744925498962,0.09819218267997105,0.024995520090063412,0.282314936319987,0.37765999635060626,0.8164130846659342,-3.6227365064360524,39.353343254891534,-0.7051526728635972,0.0,0.0
ES2004b,331,0.5424153407414755,0.21553929150104523,0.31385256846745807,0.0844503069917361,0.018994385066131752,0.1988369052608808,0.4335974156856537,0.8400716384251913,-0.32089616380460056,37.521863855405435,-1.3641586366091405,0.0,0.0
ES2004b,332,0.4737159510453542,0.234849880139033,0.28489316006501514,0.07550864418347676,0.024405046676596005,0.1744980663061142,0.37009406089782715,0.8431742389996847,-0.6977797715295994,46.339819795955655,4.668578054814174,0.0,0.0
ES2004b,333,0.4804163972536723,0.19633875787258148,0.31144415338834125,0.07119640707969666,0.01725228534390529,0.20752590894699097,0.32486632466316223,0.7919870316982269,-0.39896959672484517,46.182034831848085,3.555481325195078,0.0,0.0
ES2004b,334,0.47542540232340497,0.1948709487915039,0.429822971423467,0.09700148055950801,0.025068243965506554,0.14136824756860733,0.3942211965719859,0.9739587505658468,-1.1965756002507417,35.243837511892615,-0.3281672466658388,0.0,0.0
ES2004b,335,0.5692214369773865,0.25698775549729663,0.5991911590099335,0.09975241621335347,0.024471401547392208,0.12132855256398518,0.3927624225616455,0.850014348824819,-5.833719216313536,29.121227063107295,-6.316223810380279,0.0,0.0
ES2004b,336,0.5533664325873057,0.19473995765050253,0.37315460046132404,0.06803433721264203,0.023227878535787266,0.24918845295906067,0.455880602200826,0.8466956416765848,-8.481444298462796,38.1710851003319,-2.2370727728089204,0.0,0.0
ES2004b,337,0.5605766773223877,0.2553546379009883,0.4518309533596039,0.0772358626127243,0.027894743407766025,0.13978203386068344,0.44398950537045795,0.9659468730290731,-5.2494840282991015,47.97216076740384,-0.9745077668859926,0.0,0.0
ES2004b,338,0.5567879676818848,0.32674096524715424,0.48003286123275757,0.09895009299119313,0.03308470919728279,0.44276166955629986,0.4759887357552846,0.5595159654815992,4.097366434423026,54.52551238865167,4.750171012181341,0.0,0.0
ES2004b,339,0.5607527693112692,0.3427387773990631,0.3100995272397995,0.09755844374497731,0.03196241334080696,0.2293588990966479,0.3726107676823934,0.7154044558604559,2.184629240998015,51.59563972144957,3.601916597187618,0.0,0.0
ES2004b,340,0.5055565039316813,0.20331829289595285,0.4321115513642629,0.09962165107329686,0.03087811606625716,0.23597054183483124,0.3892225921154022,0.4811418130993843,1.4111497949775311,40.80217295761528,0.16386713064131234,0.0,0.0
ES2004b,341,0.5556636055310568,0.2937784095605214,0.49921061595280963,0.10215250154336293,0.020009946078062057,0.18701341499884924,0.40046192208925885,0.8266408443450928,1.8725229056997879,33.77905535873608,-1.2686837326137435,0.0,0.0
ES2004b,342,0.5219195981820425,0.27685969074567157,0.3302956024805705,0.08432165781656902,0.022543154036005337,0.1894753376642863,0.37539419531822205,0.8032834728558859,2.0387910862620644,36.68733013280434,1.2261265472082747,0.0,0.0
ES2004b,343,0.5120128293832144,0.17542068163553873,0.5529114206631979,0.11919994403918584,0.029163279260198276,0.30076371133327484,0.39045586188634235,0.9535524646441141,0.26180467605309826,26.484623353344247,-2.8196238609550597,0.0,0.0
ES2004b,344,0.48975152770678204,0.2410514603058497,0.42859695355097455,0.12821581214666367,0.029530016084512074,0.2743422289689382,0.39838922023773193,0.9939774672190348,1.3564115766607685,21.41558570152132,-0.5608079152941599,0.0,0.0
ES2004b,345,0.5143210887908936,0.3012550274531047,0.3291092614332835,0.07119417066375415,0.02344563106695811,0.22688310345013937,0.365106334288915,0.6471058626969656,-1.3411149055581895,26.10250740952831,3.2847443441253756,0.0,0.0
ES2004b,346,0.5268455346425375,0.22180045147736868,0.27835116783777875,0.09397662431001663,0.021541056223213673,0.13048986221353212,0.3638683557510376,0.801818311214447,-0.7152388091502792,27.460822115044333,3.1866401136715723,0.0,0.0
ES2004b,347,0.5037070910135905,0.22913074493408203,0.3084953973690669,0.0870432158311208,0.017479183462758858,0.13037215173244476,0.3859318693478902,0.9935684402783712,1.1463420190571203,33.78247985927997,5.2288914769086405,0.0,0.0
ES2004b,348,0.5753597617149353,0.24099602301915488,0.3975932151079178,0.07166960462927818,0.014402405358850956,0.19498700896898905,0.369997575879097,0.6747475812832514,1.4171957462326883,22.14069599276448,2.6178582944249733,0.0,0.0
ES2004b,349,0.5026707152525584,0.24744879206021628,0.36837056279182434,0.092235932747523,0.017779790796339512,0.17538784444332123,0.4294017752011617,0.9138821363449097,3.092983346505111,24.74868965441318,3.05887395776088,0.0,0.0
ES2004b,350,0.47205154101053876,0.228192667166392,0.29704231520493823,0.11824646343787511,0.025766812885801,0.23540757099787393,0.38207335273424786,0.9479484558105469,-0.16698570280200328,32.692424941769126,3.725864011540556,0.0,0.0
ES2004b,351,0.4527820348739624,0.2169970621665319,0.29950093229611713,0.06125319004058838,0.01684570436676343,0.25308529039223987,0.4470725953578949,0.31015970061222714,-1.2676358775091077,45.79845999765167,5.30561541382968,0.0,0.0
ES2004b,352,0.4860462049643199,0.2409510761499405,0.38555940985679626,0.07795586809515953,0.02156788172821204,0.2492868701616923,0.3723612229029338,0.22531327853600183,0.39912850983497394,47.37938822560981,4.883887694701888,0.0,0.0
ES2004b,353,0.44905709226926166,0.2598869055509567,0.24835910896460214,0.06721525763471921,0.02240452729165554,0.27780082325140637,0.4065859417120616,0.29013554255167645,0.5159007344468249,48.60289674533889,5.151317968310868,0.0,0.0
ES2004b,354,0.4622124830881755,0.24119283755620322,0.28735342621803284,0.08591576541463534,0.024542410547534626,0.24104014535744986,0.3992755115032196,0.5815528047581514,1.6603340704185403,48.80831503857576,5.059070713883737,0.0,0.0
ES2004b,355,0.4795876145362854,0.23024806876977286,0.47138834993044537,0.08081769694884618,0.023475780462225277,0.15585914750893912,0.435922235250473,0.8040366073449453,3.3216774347346902,42.18816400909473,2.114683993913969,0.0,0.0
ES2004b,356,0.4909879267215729,0.28649988770484924,0.36754919091860455,0.11954300105571747,0.027971886719266575,0.17913689215977988,0.40674517552057904,0.682062824567159,5.927368546653955,43.035657962516844,4.056343636425894,0.0,0.0
ES2004b,357,0.4720739821592967,0.24599361419677734,0.4376658946275711,0.09136172756552696,0.01928472084303697,0.2501656959454219,0.37436919411023456,0.960508406162262,0.6366920826629926,40.196327590793544,0.6603695195212013,0.0,0.0
ES2004b,358,0.5076474944750468,0.2640521973371506,0.48749589920043945,0.08879015098015468,0.02383404349287351,0.22553650041421255,0.4022776484489441,0.5939566840728124,-2.601030643082087,36.70367416377177,0.8405956315191002,0.0,0.0
ES2004b,359,0.5500259101390839,0.22276522715886435,0.5011856357256571,0.0769534483551979,0.021724090601007145,0.33741937081019086,0.4662829339504242,0.519961545864741,-1.8544663697895365,37.81282379709462,2.908170699215967,0.0,0.0
ES2004b,360,0.5661985079447428,0.29426417251427966,0.5231091976165771,0.08549181868632634,0.027712463090817135,0.29490817586580914,0.4123208820819855,0.41020919879277545,-10.141747426225313,41.73944025518461,-6.6525866033485315,0.0,0.0
ES2004b,361,0.6276146372159322,0.32339466114838916,0.3857772449652354,0.0818375547726949,0.029903360952933628,0.1727845792969068,0.4284549256165822,0.4620792667071025,-6.935394413633464,48.36799977511009,-3.815279386502635,0.0,0.0
ES2004b,362,0.5312923590342203,0.33189598719278973,0.3568297227223714,0.09250060965617497,0.027013345311085384,0.26794228951136273,0.4066588183244069,0.5001956168562174,1.9114575767204134,49.52327265732392,3.205950074219453,0.0,0.0
ES2004b,363,0.5363231301307678,0.26065201063950855,0.4715394179026286,0.09291215737660725,0.025108779470125835,0.2618478039900462,0.37568892041842145,0.7622910141944885,5.056014025765678,50.379035471687,5.4735313841013316,0.0,0.0
ES2004b,364,0.5724263985951742,0.3597503403822581,0.4102180600166321,0.1350119635462761,0.02696876848737399,0.24129816889762878,0.34976696968078613,0.5695120493570963,0.9574849925682898,50.49178282922736,1.4592837599210382,0.0,0.0
ES2004b,365,0.5745302637418112,0.37455758452415466,0.5350267390410105,0.14873753488063812,0.06973918279012044,0.27420905232429504,0.36290128032366437,0.15622492879629135,5.618411851918077,47.08846423393869,1.8590322047361363,0.0,0.0
ES2004b,366,0.5375407040119171,0.3681810796260834,0.5380697449048361,0.24875137209892273,0.18540076166391373,0.36169230937957764,0.44569703936576843,0.23414299140373865,12.635332456642663,42.0522708186992,2.87635769640348,0.0,0.0
ES2004b,367,0.5940712292989095,0.34230662882328033,0.43790680170059204,0.21339413026968637,0.07866175969441731,0.5049451589584351,0.5283689796924591,0.40474871049324673,7.326804803092071,34.57740830667449,-0.4117612055900374,0.0,0.0
ES2004b,368,0.5454455812772115,0.3527156313260396,0.5217453837394714,0.08531791468461354,0.031431458269556366,0.21730152269204459,0.36568625768025714,0.639727940162023,2.2135988823430375,46.63043489402591,1.4601448952534868,0.0,0.0
ES2004b,369,0.48078808188438416,0.21885464092095694,0.34468965729077655,0.09456872443358104,0.022969796632726986,0.11945765217145284,0.36643022298812866,0.8995544115702311,1.1158416107033,47.5843146516902,2.810664783927733,0.0,0.0
ES2004b,370,0.503382275501887,0.2685759862263997,0.28580210357904434,0.09999288618564606,0.024259068071842194,0.12854557981093725,0.443184494972229,0.9051475922266642,1.7600382597033246,47.55662974269004,2.9762881513333994,0.0,0.0
ES2004b,371,0.5833959579467773,0.21621180574099222,0.49732956290245056,0.14410924663146338,0.02605132261912028,0.2459422548611959,0.3874368766943614,0.9714946349461874,0.12645310028101475,29.666818858192332,-2.0542827971982125,0.0,0.0
ES2004b,372,0.5422256588935852,0.1948020358880361,0.39849114418029785,0.1214587464928627,0.01774567613999049,0.18646598358949026,0.4099654455979665,0.9974622329076132,0.03667616131434013,20.07459799999165,-4.902232504645655,0.0,0.0
ES2004b,373,0.5263456602891287,0.19973708192507425,0.33751875658830005,0.10155615458885829,0.015404081592957178,0.25018124530712765,0.4061356882254283,0.9341327945391337,-0.10937331111496196,26.773820632905302,-2.009916585180528,0.0,0.0
ES2004b,374,0.47519469261169434,0.22861569623152414,0.33404211203257245,0.07594583183526993,0.02159653479854266,0.1940875401099523,0.3538968066374461,0.7307497759660085,0.04187202837993135,42.1894353730168,2.9994900538575133,0.0,0.0
ES2004b,375,0.5084239641825358,0.32841573655605316,0.48078031341234845,0.12158869206905365,0.03565505209068457,0.2854136973619461,0.3755966027577718,0.6448007648189863,2.90116023111455,42.77401375305371,3.8631063570940563,0.0,0.0
ES2004b,376,0.5635728041330973,0.37999895215034485,0.47957055767377216,0.1340759222706159,0.040670703475673996,0.3317235807577769,0.4119494557380676,0.5255917559067408,4.94903190043931,43.343723357436915,4.251067387808321,0.0,0.0
ES2004b,377,0.5630797147750854,0.41656336188316345,0.6527130405108134,0.22661746541659036,0.16386203840374947,0.5058996776739756,0.4787304600079854,0.6859807868798574,7.118485397253388,28.65556705588845,-2.0709885863428377,0.0,0.0
ES2004b,378,0.562467118104299,0.3664152721563975,0.7185768286387125,0.21230588356653848,0.09976213177045186,0.463065763314565,0.4784378111362457,0.6543141044676304,12.75486029240502,34.04913901142867,2.889597491127333,0.0,0.0
ES2004b,379,0.6418035626411438,0.29901358485221863,0.32475417852401733,0.13546555737654367,0.03821123639742533,0.4606504688660304,0.4511792262395223,0.7610408564408621,-4.572228099821683,11.483820560413,-7.581375532925222,0.0,0.0
ES2004b,380,0.6675872703393301,0.37765678266684216,0.44297415018081665,0.14102591325839361,0.09969762650628884,0.4213357170422872,0.31608879566192627,0.9589279492696127,-1.357850307689084,-3.3095535812183443,-4.1756241442048045,0.0,0.0
ES2004b,381,0.6670039196809133,0.40790992478529614,0.3344166725873947,0.10101126631100972,0.03320645106335481,0.4991615613301595,0.41827555497487384,0.7545275290807089,0.38268814776529014,-0.8213384510113029,-4.037002347055661,0.0,0.0
ES2004b,382,0.6535885135332743,0.41145174702008563,0.3540695309638977,0.10459958761930466,0.02356324593226115,0.4273844559987386,0.42956551909446716,0.8342752059300741,0.978520690512469,8.218094261280152,-5.88620496811442,0.0,0.0
ES2004b,383,0.7090178926785787,0.4001750499010086,0.43515950938065845,0.11562360326449077,0.04446176749964555,0.41332362095514935,0.4150930345058441,0.8626328110694885,1.7910532000748909,6.651609353613402,-4.6854604692451405,0.0,0.0
ES2004b,384,0.5011257926623026,0.14789168536663055,0.8549323280652364,0.147780771056811,0.11208902175227801,0.4124591847260793,0.5725334286689758,0.6316245794296265,-18.995892609981983,17.10421245117934,-18.53816082241899,0.0,0.0
ES2004b,385,0.5241023103396097,0.17820383608341217,0.8096572955449423,0.09494955589373906,0.040897320955991745,0.30205750465393066,0.5704826712608337,0.8338660001754761,-36.14372156078727,33.48604163810568,-33.462878493844705,0.0,0.0
ES2004b,386,0.5157896677652994,0.18700612088044485,0.8545495867729187,0.08736936251322429,0.034927199284235634,0.4242955247561137,0.5661726196606954,0.38785335421562195,-53.430512922404,50.57712088088072,-48.35645506602349,0.0,0.0
ES2004b,387,0.49495548009872437,0.16441099842389426,0.873394231001536,0.08123171081145604,0.030517787983020146,0.480728139479955,0.5365504821141561,0.5849493443965912,-14.222332586503851,25.45853811224367,-24.58697195103653,0.0,0.0
ES2004b,388,0.49150340755780536,0.18764801820119223,0.8326647877693176,0.06789614881078403,0.020909016951918602,0.3915321081876755,0.5329649051030477,0.21226508046189943,-74.31481170399103,48.778233321943446,-62.70447894475408,0.0,0.0
ES2004b,389,0.4710204402605693,0.32409749428431195,0.34030693769454956,0.053447410464286804,0.014615241438150406,0.3828768829504649,0.30282167593638104,0.639562169710795,-4.377802905000136,2.6217792273103173,2.4694045448058195,0.0,0.0
ES2004b,390,0.6642425258954366,0.4046749770641327,0.4374184509118398,0.07945749039451282,0.05300757599373659,0.3617449204126994,0.600550134976705,0.623438686132431,-12.541759764975035,16.70531644450668,-3.710072791718796,0.0,0.0
ES2004b,391,0.32385745644569397,0.19817226628462473,0.33931563297907513,0.3519887725512187,0.2830011447270711,0.21376691261927286,0.32430629928906757,0.639492134253184,0.0,0.0,0.0,0.0,0.0
ES2004b,392,0.772437314192454,0.5992205739021301,0.29619376361370087,0.10922988131642342,0.06953735152880351,0.33036049952109653,0.46306122342745465,0.7551367183526357,-3.976785295296455,-5.06065798953922,-1.723536667519588,0.0,0.0
ES2004b,393,0.0,0.0,0.0,0.0,0.0,0.0,0.0,0.0,0.0,0.0,0.0,0.0,0.0
ES2004b,394,0.0,0.0,0.0,0.0,0.0,0.0,0.0,0.0,0.0,0.0,0.0,0.0,0.0
ES2004b,395,0.0,0.0,0.0,0.0,0.0,0.0,0.0,0.0,0.0,0.0,0.0,0.0,0.0
ES2004b,396,0.5428252418835958,0.3565474251906077,0.5371557076772054,0.16801597426335016,0.15257535378138223,0.49113328258196515,0.5370834370454153,0.4413793881734212,-29.452757982810756,-29.898085310911785,35.80813153707641,0.0,0.0
ES2004b,397,0.4337817132472992,0.2643803308407466,0.4917713900407155,0.22846432526906332,0.13860579828421274,0.49931302666664124,0.6321038007736206,0.4615447322527568,-23.5500196429292,-29.051196864523472,25.15854397252114,0.0,0.0
ES2004b,398,0.43605096141497296,0.4568570852279663,0.5451337297757467,0.13172473510106406,0.1439859221378962,0.6603170931339264,0.5056081414222717,0.6356730659802755,-7.924250040181093,-27.523672554221893,16.57609469820387,0.0,0.0
ES2004b,399,0.0,0.0,0.0,0.0,0.0,0.0,0.0,0.0,0.0,0.0,0.0,0.0,0.0
ES2004b,400,0.0,0.0,0.0,0.0,0.0,0.0,0.0,0.0,0.0,0.0,0.0,0.0,0.0
ES2004b,401,0.655427893002828,0.4141763101021449,0.4890657564004262,0.12165070325136185,0.060492683202028275,0.5370063781738281,0.39698586861292523,0.5203423798084259,7.234027702331137,9.536884065255803,-8.554727284172259,0.0,0.0
ES2004b,402,0.6105289459228516,0.34117340048154193,0.6115598082542419,0.10526212304830551,0.039962051436305046,0.5031554996967316,0.46710007389386493,0.7067881723244985,-4.984026866309741,30.218033233022158,-8.533523496618523,0.0,0.0
ES2004b,403,0.6327282587687174,0.3898475070794423,0.3761732180913289,0.137412391602993,0.05231520098944505,0.40143467982610065,0.48312728603680927,0.5037555346886317,1.975656961769695,2.27658506751766,-6.945061684168711,0.0,0.0
ES2004b,404,0.6733798185984293,0.3019885371128718,0.6102394759654999,0.11629233260949452,0.05416785801450411,0.38425355156262714,0.516370157400767,0.746187150478363,-0.7845119228553177,6.842099827630695,-6.778455867790591,0.0,0.0
ES2004b,405,0.619581401348114,0.37630428870519,0.49890194336573285,0.08425132185220718,0.02689678470293681,0.5284365812937418,0.6143025954564413,0.7067070007324219,-3.124285022167019,21.57092117296713,-6.074224614719868,0.0,0.0
ES2004b,406,0.7397066354751587,0.4104476074377696,0.5548119147618612,0.14329358687003454,0.0821540355682373,0.47537583112716675,0.4573336640993754,0.9715801080067953,0.837545718791796,10.457039816772978,-6.103006625189951,0.0,0.0
ES2004b,407,0.6664311091105143,0.4383677939573924,0.40423767765363056,0.09663175543149312,0.045110115160544716,0.4932130078474681,0.5685410698254904,0.8969019651412964,-1.3828982473681428,11.984490548574124,-8.76863015495101,0.0,0.0
ES2004b,408,0.662794828414917,0.3862381875514984,0.3396480182806651,0.08591954906781514,0.020406853407621384,0.5139998098214468,0.6296634078025818,0.6655590981245041,-6.554640642590841,20.613920128915623,-11.651349787051217,0.0,0.0
ES2004b,409,0.6433514356613159,0.31759319206078845,0.3873436748981476,0.10321844120820363,0.04574562981724739,0.32626138130823773,0.41289036472638446,0.9078527688980103,10.6654263391061,-12.128273377733526,-16.276094773604385,0.0,0.0
ES2004b,410,0.6322924892107645,0.32190535962581635,0.32778331140677136,0.08651076505581538,0.03343920192370812,0.38676632444063824,0.4221220711867015,0.8977159857749939,17.030061728040256,-19.36789324952633,-13.192971855277667,0.0,0.0
ES2004b,411,0.687239408493042,0.37801850338776904,0.2571416993935903,0.0749955562253793,0.036972660571336746,0.5179675122102102,0.3912147581577301,0.7421769797801971,14.538409218493447,-17.122157331430287,-7.3569569457302935,0.0,0.0
ES2004b,412,0.6092078685760498,0.4062943359216054,0.36362531781196594,0.12134711444377899,0.04093313030898571,0.5702819724877676,0.3710702856381734,0.6536205038428307,15.643689498865436,-12.843814486978863,-7.475764878973109,0.0,0.0
ES2004b,413,0.6780445377031962,0.30340280135472614,0.3050354818503062,0.10143326471249263,0.04955900584657987,0.5059139331181844,0.3125563363234202,0.8139188289642334,12.813010927568934,-9.576195776017409,-5.776781351453045,0.0,0.0
ES2004b,414,0.5793052117029825,0.23878353337446848,0.3287486086289088,0.06208989769220352,0.024547845125198364,0.37240302562713623,0.39693546295166016,0.47211567002038163,6.2134595201639735,-29.12303326766661,-7.671958102151865,0.0,0.0
ES2004b,415,0.5586861769358317,0.26151380439599353,0.3885308603445689,0.08917127673824628,0.04684305936098099,0.3127194692691167,0.42994598547617596,0.44125550985336304,9.855601089924898,-32.89996877694545,-7.379540919547129,0.0,0.0
ES2004b,416,0.6337446371714274,0.3060940106709798,0.2582029749949773,0.11909959216912587,0.062043190002441406,0.4079621533552806,0.3428737223148346,0.767884373664856,20.060743152484413,-23.418547890167286,-15.257392033679926,0.0,0.0
ES2004b,417,0.6592739025751749,0.32230320076147717,0.28851865231990814,0.09419899682203929,0.04623324672381083,0.4412255833546321,0.3390331168969472,0.7259169419606527,23.71471960308973,-19.584154038815537,-18.812488098456402,0.0,0.0
ES2004b,418,0.6745273272196451,0.39862651626269024,0.47354644040266675,0.10933708399534225,0.047364190220832825,0.45860212047894794,0.41228782137235004,0.7183872163295746,15.984295833439498,-13.083368169642561,-8.541005211905434,0.0,0.0
ES2004b,419,0.6306226054827372,0.42595402896404266,0.43865159153938293,0.06310436502099037,0.030084823568662006,0.4425862729549408,0.44140783945719403,0.809235155582428,3.6713358661448354,1.3619836243087207,-9.880734802006666,0.0,0.0
ES2004b,420,0.7421281933784485,0.4120608866214752,0.3640298694372177,0.10129730155070622,0.05791817419230938,0.5400555630524954,0.5514656802018484,0.971409261226654,-6.082516536667967,21.8891940157271,-11.249289896074567,0.0,0.0
ES2004b,421,0.537695050239563,0.37014758586883545,0.4575914889574051,0.07832781225442886,0.03344342298805714,0.655280222495397,0.4964865744113922,0.5859650820493698,-4.884922770133284,8.095528887366706,-11.655129735610673,0.0,0.0
ES2004b,422,0.5551191767056783,0.36469030876954395,0.45142941176891327,0.08010892570018768,0.027594051013390224,0.4728852907816569,0.532598634560903,0.6722263892491659,1.7693133951848228,0.3623978283401357,-11.211566693338794,0.0,0.0
ES2004b,423,0.6796948512395223,0.4025034209092458,0.42933287223180133,0.09825237840414047,0.029655154794454575,0.5629213054974874,0.5756590565045675,0.7522968252499899,-5.825385023629398,17.82184183514772,-8.873464838805068,0.0,0.0
ES2004b,424,0.5863389372825623,0.27523257086674374,0.4756704866886139,0.0970804716149966,0.0411338284611702,0.38753314812978107,0.46267393231391907,0.829404373963674,12.246915690892251,-8.740234450044133,-12.44298867841632,0.0,0.0
ES2004b,425,0.515585740407308,0.22007725636164346,0.2815910428762436,0.06635002543528874,0.05181734636425972,0.29195373753706616,0.365176518758138,0.6967329184214274,14.841311147112195,-19.121191878160452,-21.40687613713882,0.0,0.0
ES2004b,426,0.5904834270477295,0.21403145790100098,0.39064736167589825,0.07118984560171764,0.03764371698101362,0.49679428339004517,0.35367180903752643,0.5256119606395563,18.095952538719626,-16.958793482772553,-18.95254850418807,0.0,0.0
ES2004b,427,0.6504417061805725,0.228787362575531,0.38201268513997394,0.06504591926932335,0.0560817743341128,0.3887299795945485,0.34748124082883197,0.535346582531929,12.815524617114193,-16.6904781174911,-15.090085252320868,0.0,0.0
ES2004b,428,0.6637851794560751,0.2512896607319514,0.445044606924057,0.12768265108267465,0.07663060848911603,0.6220214168230692,0.5290682216485342,0.9237258036931356,12.159838822410444,-11.030344605064998,-8.112619813654268,0.0,0.0
ES2004b,429,0.5789042115211487,0.29202371339003247,0.48073315620422363,0.09453103318810463,0.03057854933043321,0.38551514347394306,0.3830022911230723,0.7910590569178263,11.050976077142098,-27.19783278210146,-6.043681380849336,0.0,0.0
ES2004b,430,0.5273045202096304,0.4623093903064728,0.28664637605349225,0.07844184835751851,0.03511453109482924,0.2957748274008433,0.42959030469258624,0.13662414687375227,17.78516504018702,-32.04790336455827,-19.470946804850982,0.0,0.0
ES2004b,431,0.6441162625948588,0.313165823618571,0.30408193667729694,0.06205398837725321,0.03166992155214151,0.44865406552950543,0.42490089933077496,0.28142909953991574,17.301554996210225,-19.753825041480013,-20.702049643241985,0.0,0.0
ES2004b,432,0.723967432975769,0.3508859723806381,0.35101112723350525,0.08686296766002972,0.03404758622248968,0.501857856909434,0.5125187635421753,0.5268357684835792,16.65085246276128,-16.283145374516508,-14.647138413715522,0.0,0.0
ES2004b,433,0.7037223180135092,0.4390534410874049,0.473470335205396,0.12772936498125395,0.07322031197448571,0.41705386837323505,0.3629594047864278,0.8187081615130106,17.128622221874924,-14.138158235009163,-12.795777101310799,0.0,0.0
ES2004b,434,0.6297470331192017,0.32328622539838153,0.292125736673673,0.06046787276864052,0.045223794877529144,0.49566491444905597,0.43159568309783936,0.5698341280221939,10.45528082886645,-17.61721602591736,-12.978134173037175,0.0,0.0
ES2004b,435,0.6610293984413147,0.32109315196673077,0.4110761483510335,0.06604749461015065,0.03100540799399217,0.362283319234848,0.3772633969783783,0.33796268577377003,15.286672597073801,-18.75058285114505,-17.518231255746837,0.0,0.0
ES2004b,436,0.6680404543876648,0.3355167955160141,0.35307138164838153,0.11655981590350468,0.04124444847305616,0.4304875135421753,0.44538382689158124,0.6936966975529989,18.488368410970608,-16.748120239091133,-16.24943690781816,0.0,0.0
ES2004b,437,0.6843140125274658,0.29596204062302905,0.4246702790260315,0.13268641009926796,0.058786376068989434,0.1906923602024714,0.49379225571950275,0.5852543488144875,15.681086338291804,-19.588395247468714,-10.944984331848593,0.0,0.0
ES2004b,438,0.5612847010294596,0.16950955986976624,0.26637956996758777,0.06460700184106827,0.032807037234306335,0.4127635657787323,0.35092733303705853,0.354219992334644,11.454147717278817,-23.995592675016255,-14.05017723252866,0.0,0.0
ES2004b,439,0.5167948603630066,0.1774369776248932,0.2602788855632146,0.07751888285080592,0.03570978405574957,0.5793701410293579,0.3346385459105174,0.4655721535285314,12.96549508957024,-27.324586458004514,-13.424396359921388,0.0,0.0
ES2004b,440,0.49508259693781537,0.17289731899897257,0.417852262655894,0.08621913194656372,0.03319822996854782,0.34478602310021716,0.3280585507551829,0.7189236680666605,15.345012004887446,-26.094733251979733,-15.748711359066965,0.0,0.0
ES2004b,441,0.5656549334526062,0.26335667073726654,0.3537055253982544,0.06609521309534709,0.03448095793525378,0.34770822525024414,0.31832070151964825,0.8308788140614828,15.047653786831704,-21.384941088571157,-13.64607384061324,0.0,0.0
ES2004b,442,0.5499757726987203,0.15698324392239252,0.3135260095198949,0.055193121234575905,0.034564576422174774,0.4945346216360728,0.34812772274017334,0.1394919864833355,10.365515697351805,-23.70386868337219,-15.753464159269583,0.0,0.0
ES2004b,443,0.6276541352272034,0.2791105657815933,0.3369998335838318,0.0642605038980643,0.03309535483519236,0.31706614295641583,0.3348549207051595,0.48944183563192684,13.77923896984631,-23.83403374536297,-18.299755028700435,0.0,0.0
ES2004b,444,0.6134796142578125,0.27053946256637573,0.34108731150627136,0.12227880209684372,0.06136583288510641,0.314590185880661,0.368839959303538,0.9110832214355469,21.020375135341684,-24.280632667892537,-20.310076683996122,0.0,0.0
ES2004b,445,0.5612995028495789,0.1679022784034411,0.3222019821405411,0.08533271898825963,0.05788629253705343,0.4409312109152476,0.3522091706593831,0.8347508509953817,20.38733740750601,-20.92339399122656,-20.859881107048377,0.0,0.0
ES2004b,446,0.538730243841807,0.16964426885048547,0.29120974242687225,0.07149625693758328,0.05272667730847994,0.37321210900942486,0.3449627061684926,0.773851195971171,16.686331024931484,-17.971566113624274,-15.363410580179247,0.0,0.0
ES2004b,447,0.6265060901641846,0.23937218884627023,0.33456001182397205,0.06996416300535202,0.0516570129742225,0.43833204607168835,0.3484952648480733,0.4489451050758362,10.764647676564925,-15.035090093931167,-15.07238066028953,0.0,0.0
ES2004b,448,0.5687309900919596,0.1848008632659912,0.4351501166820526,0.05427602802713712,0.03346270012358824,0.3582932452360789,0.3255487581094106,0.39404602472980815,10.198030336273016,-16.878045060719646,-12.376027779410483,0.0,0.0
ES2004b,449,0.5972581307093302,0.15170075496037802,0.440899799267451,0.05478386953473091,0.04830728409190973,0.44237661361694336,0.3383418718973796,0.7498441338539124,12.21012427316325,-19.114380493347028,-16.43273544436499,0.0,0.0
ES2004b,450,0.6273358464241028,0.24302664399147034,0.3756623814503352,0.07433856402834256,0.05472900532186031,0.4938991169134776,0.4602069556713104,0.6841121713320414,14.763047605502612,-7.6872187693769405,-14.003347734005052,0.0,0.0
ES2004b,451,0.71682341893514,0.47393088539441425,0.6641865173975626,0.06533847500880559,0.025970498099923134,0.5343292454878489,0.4405914545059204,0.6568442126736045,4.009976875623985,1.5703496680667295,-3.925220258725014,0.0,0.0
ES2004b,452,0.6138903299967448,0.310654213031133,0.42122724652290344,0.1810043267905712,0.1556338413308064,0.5615066091219584,0.5264245371023814,0.6259564353773991,2.752873157847553,-4.183296586964631,-7.963804666941254,0.0,0.0
ES2004b,453,0.582020123799642,0.197153573234876,0.39125679930051166,0.06597298259536426,0.023723935708403587,0.47568756341934204,0.3964570959409078,0.6163112223148346,6.2184654514375834,-14.368191907379005,-5.193141978108779,0.0,0.0
ES2004b,454,0.7553920149803162,0.4992103576660156,0.40206332008043927,0.05912257730960846,0.025687947558859985,0.6159185171127319,0.5783869524796804,0.9523147940635681,-0.8951183104062045,1.8530309576440442,-1.048940891874467,0.0,0.0
ES2004b,455,0.5682720243930817,0.33241283893585205,0.1460783133904139,0.07132900257905324,0.017739389402170975,0.29686426122983295,0.46092241009076435,0.6982555985450745,7.565678349720358,-18.24874462112166,-9.601820768839941,0.0,0.0
ES2004b,456,0.48610440889994305,0.22215381761391959,0.24136662979920706,0.06753874321778615,0.024677861481904984,0.38068197419246036,0.35782236854235333,0.5144829436515769,13.09765424173225,-26.492180850634124,-19.435196172205337,0.0,0.0
ES2004b,457,0.7170276045799255,0.32904765506585437,0.44928178191185,0.10371672362089157,0.11734665371477604,0.4523114413022995,0.4179920454819997,0.976361095905304,10.290630225906275,-8.639201351974107,-5.4841925622143,0.0,0.0
ES2004b,458,0.7190382877985636,0.5026824176311493,0.3660045663515727,0.07375859717528026,0.033698247745633125,0.4210343360900879,0.460832138856252,0.7314815024534861,7.477709910662313,6.105044677477852,6.005084563054961,0.0,0.0
ES2004b,459,0.7612583438555399,0.4768598973751068,0.37461115916570026,0.10261959955096245,0.046237717072168984,0.38877447446187335,0.45987604061762494,0.9231597185134888,13.64384262986105,-4.027766335506803,-3.4238186567648143,0.0,0.0
ES2004b,460,0.661440352598826,0.44861583908398944,0.2645471493403117,0.13675176352262497,0.08725673208634059,0.2911897947390874,0.39678805073102313,0.8413295944531759,16.92276617221062,-20.54746872778966,-7.4049446426080605,0.0,0.0
ES2004b,461,0.8079753120740255,0.6479549407958984,0.291198988755544,0.08995584025979042,0.06142583986123403,0.3311643103758494,0.5321161150932312,0.8027850190798441,7.3891689732281245,-2.8802518938171424,3.091660006040461,0.0,0.0
ES2004b,462,0.7370095650355021,0.5311013708511988,0.4188596208890279,0.06340983510017395,0.034482146302858986,0.5083443721135458,0.5061599214871725,0.7480926116307577,5.760711448436471,-10.03526437459105,3.14757330302332,0.0,0.0
ES2004b,463,0.7874892155329386,0.7099957863489786,0.24783266708254814,0.04752536118030548,0.024701901711523533,0.3964535842339198,0.507269928852717,0.6862216095129648,6.591489756175192,6.714020675589313,5.962646152355998,0.0,0.0
ES2004b,464,0.7103175719579061,0.4277707139650981,0.479567547639211,0.0976543202996254,0.045332999899983406,0.5624834895133972,0.442113200823466,0.9408991932868958,0.9094492648574605,6.803876723503412,-3.988407178916512,0.0,0.0
ES2004b,465,0.526167611281077,0.34340547521909076,0.4517044723033905,0.08039048065741856,0.03560894044737021,0.4166051149368286,0.38933666547139484,0.6974292993545532,10.318573821237145,-10.40091837848676,-17.597910825404046,0.0,0.0
ES2004b,466,0.4574415683746338,0.23016146322091421,0.23869317770004272,0.07507380346457164,0.03871770265201727,0.29382023215293884,0.3219795028368632,0.8196495771408081,13.841958347017533,-25.584187818432017,-17.603721475334794,0.0,0.0
ES2004b,467,0.44878044724464417,0.2120922108491262,0.3166233152151108,0.05964993809660276,0.0428397407134374,0.2878072112798691,0.34727903207143146,0.5813068946202596,10.112130579337396,-24.270117423348808,-15.305087891721158,0.0,0.0
ES2004b,468,0.41638267040252686,0.2055042584737142,0.3420567959547043,0.07147079954544704,0.037924070532123245,0.34732286135355633,0.301867812871933,0.557960053284963,8.97976704616354,-28.148662951360848,-14.25637733767544,0.0,0.0
ES2004b,469,0.4999664823214213,0.202717125415802,0.434771329164505,0.08909611155589421,0.035059633354345955,0.3420405884583791,0.39528043071428937,0.6424529850482941,7.407030765061239,-34.18017048862268,-13.03175501717935,0.0,0.0
ES2004b,470,0.49165958166122437,0.163844496011734,0.2633969734112422,0.07898129026095073,0.03126040411492189,0.4485243260860443,0.33383986353874207,0.3456670803328355,16.584340163029495,-31.847316596697507,-18.241880402262126,0.0,0.0
ES2004b,471,0.5571407874425253,0.2522118588288625,0.36410585542519885,0.1174201841155688,0.04592780644694964,0.38816416760285694,0.3473476668198903,0.3168201434115569,17.428599398939504,-28.54210999655163,-18.974875931069207,0.0,0.0
ES2004b,472,0.5709780057271322,0.2423668553431829,0.376173198223114,0.09334589044253032,0.0724929968516032,0.5090183218320211,0.3301895260810852,0.7032862106959025,13.912726959693648,-15.300193506868377,-9.772134700501594,0.0,0.0
ES2004b,473,0.5881503025690714,0.270874318977197,0.4326303154230118,0.07394379874070485,0.04070962965488434,0.38613245884577435,0.40569395820299786,0.8127839962641398,14.778600554554144,-9.123916013394263,-9.38357199306247,0.0,0.0
ES2004b,474,0.4602733850479126,0.3005339602629344,0.23751104871431986,0.09422919899225235,0.02986352580289046,0.4350361426671346,0.3431112964948018,0.22090115242948136,12.57075965778442,-31.06703751930725,-15.569636996058264,0.0,0.0
ES2004b,475,0.49932120243708294,0.23294355968634287,0.2503372033437093,0.07008707399169604,0.033287160098552704,0.31416986882686615,0.372353474299113,0.3270559310136984,12.786343988025395,-29.6501074606075,-15.613304380494496,0.0,0.0
ES2004b,476,0.5488072633743286,0.3006790379683177,0.36299588282903034,0.07417880495389302,0.02608926532169183,0.4250234166781108,0.33693785468737286,0.5169463058312734,17.840553504233345,-28.758995840471453,-17.682471794826196,0.0,0.0
ES2004b,477,0.566202720006307,0.15961060424645743,0.24156639476617178,0.07778369386990865,0.04820508137345314,0.30528175334135693,0.36179736256599426,0.6473938326040903,19.513486199367065,-23.05409133177066,-19.327860791453805,0.0,0.0
ES2004b,478,0.7248844305674235,0.34139548738797504,0.46443968017896015,0.14540642003218332,0.07433207953969638,0.49542171756426495,0.36003167430559796,0.975921630859375,14.016383054386814,-5.703082811353681,-7.939161668003142,0.0,0.0
ES2004b,479,0.7553936044375101,0.44532086451848346,0.3696526239315669,0.08480609208345413,0.03358489088714123,0.4479097823301951,0.47339169184366864,0.9776012301445007,11.345123561244918,8.140714943335679,3.658680686476337,0.0,0.0
ES2004b,480,0.7763059933980306,0.5529869894186655,0.34351517260074615,0.09473207965493202,0.0647129255036513,0.4211477041244507,0.4524552921454112,0.8846882383028666,10.18536158938017,-4.046189766763917,-3.3537065990334294,0.0,0.0
ES2004b,481,0.6587238808472952,0.3446189562479655,0.29811135431130725,0.06882223983605702,0.04299583720664183,0.5890389581521353,0.4255514641602834,0.9425812164942423,8.001761287793789,0.735292295858074,-3.865331549401354,0.0,0.0
ES2004b,482,0.6336266199747721,0.3047016461690267,0.6485062837600708,0.14888373017311096,0.09694022064407666,0.4490702946980794,0.40185031294822693,0.7876699765523275,7.942065441208616,1.481175438844419,-3.8681965762252424,0.0,0.0
ES2004b,483,0.6051087379455566,0.45931599537531537,0.3830060015122096,0.0900942583878835,0.0336402722944816,0.4347362667322159,0.47069812814394635,0.6554475377003351,9.467835566910797,-6.804166993133427,-7.282442068216795,0.0,0.0
ES2004b,484,0.6063036223252615,0.2708691457907359,0.2933994084596634,0.07710010310014088,0.024672717166443665,0.3881243069966634,0.3772243658701579,0.9645991921424866,16.1108258857853,-13.673300161204239,-15.201007045186309,0.0,0.0
ES2004b,485,0.5814938644568125,0.25109125673770905,0.15178888539473215,0.07188797990481059,0.025278969357411068,0.4472331702709198,0.38906312982241315,0.7501092255115509,21.85745455448325,-22.523246001211486,-23.499418660298236,0.0,0.0
ES2004b,486,0.5393644372622172,0.20534061392148337,0.20598629613717398,0.0814049889643987,0.02876710208753745,0.3116479267676671,0.30739258726437885,0.5840370754400889,17.846584751569623,-23.062924047199036,-23.300522178830622,0.0,0.0
ES2004b,487,0.4900953571001689,0.18992021679878235,0.36889631549517315,0.08354396124680837,0.05421005810300509,0.39317774772644043,0.283486803372701,0.5563670831422011,11.270649736799177,-24.788200998917556,-16.70158344542325,0.0,0.0
ES2004b,488,0.5271077950795492,0.16994980225960413,0.34544069568316144,0.05668865765134493,0.03671897575259209,0.427163968483607,0.30520813663800556,0.6171857515970866,13.734191811339317,-21.9357617929673,-16.052928716406647,0.0,0.0
ES2004b,489,0.6747639576594034,0.29497919976711273,0.3203402906656265,0.07460399717092514,0.030195034729937714,0.44693345824877423,0.4287930130958557,0.5931959475080172,11.837147224576304,0.4958238477815276,-3.5240251235807865,0.0,0.0
ES2004b,490,0.7547368804613749,0.46822330355644226,0.4729524254798889,0.04884680360555649,0.0149170629059275,0.4566152095794678,0.4872994124889374,0.8012762069702148,6.60394164211661,7.2105794321233985,2.78426300994453,0.0,0.0
ES2004b,491,0.627015620470047,0.27973170081774396,0.48638561367988586,0.06510503714283307,0.029522177142401535,0.3871036171913147,0.485462745030721,0.5491631130377451,1.0519192789754739,6.246495322434067,3.9411397803343786,0.0,0.0
ES2004b,492,0.533544679482778,0.25998454292615253,0.5944781502087911,0.07055483882625897,0.024310157013436157,0.42645272612571716,0.4953701098759969,0.6367346892754236,-0.44005797759878656,-8.730378720555764,0.637650100304955,0.0,0.0
ES2004b,493,0.5785714785257975,0.24968587855497995,0.36069226264953613,0.06891866400837898,0.03126083128154278,0.5607444941997528,0.3501402735710144,0.7758886019388834,6.520714522702645,-12.083237397502815,-7.857761818162111,0.0,0.0
ES2004b,494,0.5251921812693278,0.1496253659327825,0.3047785758972168,0.07475140939156215,0.049719096471865974,0.3950001100699107,0.28953321774800617,0.6584832767645518,14.600177989384116,-22.453241118447252,-17.255089637158964,0.0,0.0
ES2004b,495,0.6492476264635721,0.34276724358399707,0.2871491213639577,0.06509934117396672,0.02869096336265405,0.4845132033030192,0.41783716281255084,0.7957427601019541,9.740350626631766,-15.12575882923919,-12.071380656407234,0.0,0.0
ES2004b,496,0.5651003321011862,0.27333879967530567,0.4794869025548299,0.07301853721340497,0.030677660057942074,0.46511714657147724,0.4314007560412089,0.9082792003949484,11.848613531530594,-17.58159866680887,-5.964481704904533,0.0,0.0
ES2004b,497,0.6064746379852295,0.291481393078963,0.34490089615186054,0.08616379896799724,0.06274020299315453,0.37916335463523865,0.26913149158159894,0.9095931450525919,14.998005773513384,-20.03826370495712,-6.232242994010067,0.0,0.0
ES2004b,498,0.6958432992299398,0.4553406337896983,0.23366302251815796,0.06744348878661792,0.03000504771868388,0.4135211060444514,0.5105481942494711,0.6517822643121084,8.562014900149263,-3.1072100758640833,2.3200430649133597,0.0,0.0
ES2004b,499,0.67001344760259,0.40180983146031696,0.32559876640637714,0.07172222311298053,0.0394987997909387,0.36739830672740936,0.4530116021633148,0.8859399358431498,4.930884025430897,-8.269376569423763,2.6932911980254617,0.0,0.0
ES2004b,500,0.7415202458699545,0.4974904954433441,0.5072846511999766,0.11010049780209859,0.08152403061588605,0.5076916317145029,0.44121426343917847,0.6770286758740743,8.843729347215131,-6.171939656048409,-0.04840914580566361,0.0,0.0
ES2004b,501,0.6679083704948425,0.4827061692873637,0.35325821240743,0.06080253918965658,0.03518431012829145,0.5065343181292216,0.49869824449221295,0.7659205794334412,2.0439016922483746,0.16355806086777194,6.149477924527449,0.0,0.0
ES2004b,502,0.5641317168871561,0.29125937819480896,0.4308196206887563,0.07144296665986379,0.024184342473745346,0.5189201434453329,0.5278815825780233,0.3678066035111745,5.2749251716545835,-3.323700527898616,-0.2962927344781671,0.0,0.0
ES2004b,503,0.6824338833491007,0.476611206928889,0.3834379067023595,0.09755995000402133,0.0897176240881284,0.3111468454202016,0.4557826022307078,0.5022616684436798,6.808679557923969,-23.804530620689405,-3.301273616210256,0.0,0.0
ES2004b,504,0.6262021859486898,0.29479122658570606,0.3462609201669693,0.06541864449779193,0.052371026327212654,0.26804110904534656,0.4170517325401306,0.40364116958032054,4.574575014465495,-15.213948705228693,-6.391827574409082,0.0,0.0
ES2004b,505,0.5072164833545685,0.1764176438252131,0.3067325750986735,0.05246739089488983,0.03189337067306042,0.33585474888483685,0.31343503793080646,0.30080487703283626,5.093880856344721,-25.66483056937703,-9.4321066327798,0.0,0.0
ES2004b,506,0.5379088123639425,0.25554292400677997,0.32519551118214923,0.0616707851489385,0.04778121535976728,0.4485865334669749,0.3733002841472626,0.5412115106980006,5.778257008177047,-17.901305252625637,-5.038217273560995,0.0,0.0
ES2004b,507,0.7511964639027914,0.5392503043015798,0.375662495692571,0.06261751552422841,0.029967404901981354,0.2965814967950185,0.4044423500696818,0.8308324416478475,7.73290716373858,-0.4536794721058275,3.373846131656292,0.0,0.0
ES2004b,508,0.7960442503293356,0.6028739313284556,0.34468266864617664,0.05759026234348615,0.01799098029732704,0.4794735113779704,0.4630115330219269,0.9160414536794027,9.071806460075633,7.24859656149703,4.513852494316018,0.0,0.0
ES2004b,509,0.7083578507105509,0.4940403699874878,0.3611990710099538,0.05875512957572937,0.01717409584671259,0.5151037176450094,0.49883262316385907,0.9544048508008321,4.073366940864439,7.016735679052477,1.7520126831262894,0.0,0.0
ES2004b,510,0.687507430712382,0.4356795350710551,0.3177515019973119,0.09891227632761002,0.030916492144266765,0.47370387117067975,0.44541393717130023,0.6237474332253138,10.038248413081108,1.1237910910491387,-4.82754757627416,0.0,0.0
ES2004b,511,0.5099924504756927,0.22496278087298074,0.24419650932153067,0.08467153211434682,0.04403825228412946,0.35499052206675213,0.3074730535348256,0.6285234093666077,15.552481498066863,-24.345142405821637,-18.05523012849442,0.0,0.0
ES2004b,512,0.5733060638109843,0.17210293312867483,0.23407663901646933,0.057139514635006584,0.03977555719514688,0.20935892562071481,0.26439538101355237,0.7000947793324789,6.632412012996844,-19.596258551360126,-19.442545696816484,0.0,0.0
ES2004b,513,0.527089943488439,0.18161925176779428,0.30859426657358807,0.06023679176966349,0.05058575049042702,0.3673325479030609,0.34163932005564374,0.7372901439666748,11.640120296307444,-16.365079257930685,-16.20011310480667,0.0,0.0
ES2004b,514,0.5698695778846741,0.20671017467975616,0.406780277689298,0.07073631013433139,0.047615911811590195,0.2453453242778778,0.31542500853538513,0.9865316947301229,4.210942445862277,-16.799957081697677,-13.330914393519043,0.0,0.0
ES2004b,515,0.6354900598526001,0.34452633062998456,0.3385610580444336,0.06952262793978055,0.03009164457519849,0.35136358936627704,0.4019794960816701,0.9433414936065674,5.476625682885255,0.8033438477076427,2.3954751330181807,0.0,0.0
ES2004b,516,0.6440809965133667,0.321068932612737,0.3454790612061818,0.07718246181805928,0.024910574468473595,0.420421838760376,0.46857668956120807,0.7061261137326559,8.132430114402128,2.492914630077871,-0.11376091744284977,0.0,0.0
ES2004b,517,0.5957310994466146,0.2844175572196643,0.32943037152290344,0.06781539445122083,0.045956059048573174,0.5587076048056284,0.4202740788459778,0.7715967893600464,9.126555483832426,-9.418898269762183,-7.754563027798355,0.0,0.0
ES2004b,518,0.7702638705571493,0.4481601417064667,0.37644825379053753,0.09751666709780693,0.03873150609433651,0.6614219943682352,0.5451652010281881,0.6106496949990591,7.741597091014577,12.819685121415105,5.800956008872913,0.0,0.0
ES2004b,519,0.7523472507794698,0.3535146266222,0.396854301293691,0.0755959302186966,0.014855098289748033,0.5696720977624258,0.5517031749089559,0.44726772233843803,8.40230987732354,18.80187417812382,4.810410031429742,0.0,0.0
ES2004b,520,0.6663959821065267,0.3491665720939636,0.2876858015855153,0.09421346584955852,0.05589965606729189,0.46940473715464276,0.47055819630622864,0.6805834968884786,10.345230165305844,0.15832624577017848,-0.28412593763450406,0.0,0.0
ES2004b,521,0.7011711895465851,0.3708641578753789,0.19718702882528305,0.0824942799905936,0.06425156941016515,0.42548319697380066,0.39568015933036804,0.953209122021993,6.090556319702894,-1.968711724385031,-1.8092204419688045,0.0,0.0
ES2004b,522,0.7131564617156982,0.3575625568628311,0.4590332806110382,0.09328027069568634,0.0481158047914505,0.45792218049367267,0.4537970225016276,0.53035107254982,4.804886853940753,8.794434118446953,-1.2773086553182635,0.0,0.0
ES2004b,523,0.7217363516489664,0.3702508757511775,0.4535221954186757,0.08021998032927513,0.026533858540157478,0.5760977268218994,0.5445505281289419,0.7389561136563619,2.8026367080610144,14.94437626622883,2.800212462229755,0.0,0.0
ES2004b,524,0.7324251731236776,0.4387396275997162,0.3208114355802536,0.08237747848033905,0.020823119829098385,0.6111986041069031,0.521835446357727,0.6297604938348135,8.708089534392524,19.967200675483742,8.75142993022875,0.0,0.0
ES2004b,525,0.6723229686419169,0.4176102826992671,0.31982435782750446,0.06859878947337468,0.019885291034976642,0.40271401902039844,0.4773028492927551,0.3962576389312744,10.638005950931971,3.458275522484559,-1.4970990940595417,0.0,0.0
ES2004b,526,0.6785691579182943,0.2484952708085378,0.33380275468031567,0.12911772231260935,0.07268536215027173,0.4243983527024587,0.34729920824368793,0.40317873035868007,-25.77189383085666,38.634158912082384,-27.94394143698896,0.0,0.0
ES2004b,527,0.5448500712712606,0.304551362991333,0.7995715936024984,0.2109211434920629,0.09051208198070526,0.286592831214269,0.47454093893369037,0.521325687567393,-40.54070063046055,48.88274318991827,-46.22853049416733,0.0,0.0
ES2004b,528,0.6637359062830607,0.4161951144536336,0.3262488692998886,0.08050971229871114,0.028081353132923443,0.44513205687205,0.38881882031758624,0.4505611148973306,-12.263004495856373,27.601164015215335,-12.434073982618342,0.0,0.0
ES2004b,529,0.7005422115325928,0.4844559331734975,0.3750525563955307,0.0910770483314991,0.040315947805841766,0.352035790681839,0.4054733117421468,0.8909695744514465,-2.918947171630484,-7.1326710269624485,5.638671402957018,0.0,0.0
ES2004b,530,0.7210915187994639,0.5451952815055847,0.42439403633276623,0.18972448259592056,0.09928664068380992,0.45856906473636627,0.42081830898920697,0.3757274771730105,1.7143576490517312,-13.32221234978074,6.8881430408952005,0.0,0.0
ES2004b,531,0.7225111126899719,0.4375734229882558,0.21990388383467993,0.10840617616971333,0.04368641910453638,0.5244021117687225,0.3232071002324422,0.690341904759407,-0.3354982824688674,-0.9095665010602545,-1.917214703228212,0.0,0.0
ES2004b,532,0.6997409661610922,0.44077954689661664,0.3552512476841609,0.2631688266992569,0.1501319215943416,0.6417438189188639,0.40935582915941876,0.5292794654766718,-9.752295323312746,30.00769129310954,-14.763690921966173,0.0,0.0
ES2004b,533,0.665236254533132,0.4599478840827942,0.43353386720021564,0.22537517299254736,0.11936045562227567,0.5085847874482473,0.44193850954373676,0.7509784499804179,-8.359042656738588,31.025418886874444,-13.78766877706965,0.0,0.0
ES2004b,534,0.714309831460317,0.4708207647005717,0.4784880777200063,0.27720510462919873,0.19761406381924948,0.4368801365296046,0.46466852227846783,0.9597513675689697,-13.223652595171094,48.255102056356826,-16.17295462808281,0.0,0.0
ES2004b,535,0.7468931078910828,0.5197861095269521,0.29088109731674194,0.20228901008764902,0.19770754811664423,0.3534507751464844,0.469521830479304,0.9729867776234945,-11.192008947469787,39.15967551552111,-14.511786780378877,0.0,0.0
ES2004b,536,0.7243431011835734,0.41730695962905884,0.3002813557783763,0.1327353616555532,0.054547518491744995,0.26084400713443756,0.3796193798383077,0.9595285256703695,0.536501670030558,5.902822074898686,-2.37090996109494,0.0,0.0
ES2004b,537,0.7413089871406555,0.6071487267812093,0.21016638229290643,0.11466520527998607,0.059337871770064034,0.31782446304957074,0.38663095235824585,0.9052818814913431,5.648139317225787,-1.6784536335855036,-1.5745956688402085,0.0,0.0
ES2004b,538,0.8159395654996237,0.7431626915931702,0.14399823794762293,0.08956704785426457,0.040687888860702515,0.44502952694892883,0.5616210699081421,0.22293671468893686,1.9242929585234567,-2.8225505471148526,-1.9297612698516513,0.0,0.0
ES2004b,539,0.7803050478299459,0.5912518600622813,0.18998576700687408,0.16041197876135507,0.07969659566879272,0.35466037193934125,0.42005714774131775,0.9047239820162455,4.475318919866295,0.786321910493403,-2.9469161753626985,0.0,0.0
ES2004b,540,0.7229124108950297,0.4954852908849716,0.386919766664505,0.16957940409580866,0.07821592688560486,0.2992638498544693,0.41644484798113507,0.6443306505680084,5.346897766770262,-7.328671999377384,-2.6425023649753006,0.0,0.0
ES2004b,541,0.6302963097890218,0.5062363346417745,0.42261258761088055,0.15952684978644052,0.05716720223426819,0.5245484809080759,0.45418087641398114,0.4718422293663025,2.296835707973289,-12.115213649205808,-2.6010836501264087,0.0,0.0
ES2004b,542,0.8116488655408224,0.5745500922203064,0.48767438530921936,0.1265432114402453,0.03567538969218731,0.5315464834372202,0.38854748010635376,0.9628772536913554,2.754485665851444,2.1128321214762082,-2.125197070996634,0.0,0.0
ES2004b,543,0.8468442757924398,0.686400830745697,0.24295135339101157,0.11465364197889964,0.03064654643336932,0.37225228548049927,0.44094528754552204,0.6677589615186056,1.8587828139555882,6.492408783043597,-0.8067334150522566,0.0,0.0
ES2004b,544,0.7611323396364847,0.5932396352291107,0.3741310586531957,0.17284520963827768,0.07775929197669029,0.5951526959737142,0.42589206496874493,0.7804133097330729,2.0925242450969943,11.362731557440908,2.065380526429204,0.0,0.0
ES2004b,545,0.8317574063936869,0.5785525043805441,0.579266885916392,0.15190988779067993,0.03295359884699186,0.42358314990997314,0.3374753991762797,0.9909263849258423,2.387609300236893,10.625458587979884,0.46703502647351697,0.0,0.0
ES2004b,546,0.8024268746376038,0.5320807894070944,0.5320017834504446,0.0749170184135437,0.016976794848839443,0.3727542757987976,0.3428736726442973,0.8701714873313904,3.710567181346312,14.493652549072799,-1.3506148850581148,0.0,0.0
ES2004b,547,0.8145931164423624,0.6192968289057413,0.4872482717037201,0.11155291398366292,0.037738856549064316,0.34625449279944104,0.3935414254665375,0.8849579095840454,6.6228950724412385,10.263508278937717,-4.8399395673652394,0.0,0.0
ES2004b,548,0.7841605742772421,0.5848070780436198,0.363424817721049,0.15327374637126923,0.052769931654135384,0.4455868750810623,0.4641748269399007,0.8080228169759115,9.995416382430312,4.81614522177791,-9.625401366979316,0.0,0.0
ES2004b,549,0.7760705153147379,0.5790265599886576,0.4658972422281901,0.09306601683298747,0.03245580196380615,0.3029504021008809,0.4336657126744588,0.767954538265864,6.935186622775693,5.215868871043617,-10.969512626861276,0.0,0.0
ES2004b,550,0.7599697510401408,0.4366234342257182,0.5512839754422506,0.07724459966023763,0.024827650437752407,0.33960722883542377,0.4224255482355754,0.9428174297014872,5.791953284064618,4.426436256741071,-10.268445216027152,0.0,0.0
ES2004b,551,0.7751318017641703,0.6005026499430338,0.327373743057251,0.09005148708820343,0.030819843833645184,0.3487699826558431,0.4291546444098155,0.8341556588808695,5.652702706015684,4.286951697464231,-10.269449966762451,0.0,0.0
ES2004b,552,0.7535025676091512,0.5330855449040731,0.42815203468004864,0.10506755361954372,0.040938488518198334,0.580043613910675,0.44139595826466876,0.6300890843073527,5.394159628610534,4.928163425542894,-10.191546006097111,0.0,0.0
ES2004b,553,0.6948350469271342,0.44054008026917774,0.5196021199226379,0.1177778070171674,0.0653197281062603,0.3419959892829259,0.38842512170473736,0.792934238910675,1.7812354135405224,-4.857452251555677,-5.727957833815471,0.0,0.0
ES2004b,554,0.566760410865148,0.28582902749379474,0.4930659929911296,0.14311542610327402,0.06425344695647557,0.39150537053744,0.32472168405850727,0.9674861431121826,6.516074643873421,-15.854950653946593,-3.3703543504347024,0.0,0.0
ES2004b,555,0.6435109376907349,0.35727917154630023,0.5544998000065485,0.1414134403069814,0.04716241545975208,0.2717893421649933,0.342698077360789,0.5067651222149531,11.574681015721062,2.507192761784804,-4.170178785490896,0.0,0.0
ES2004b,556,0.6475773851076762,0.4329427480697632,0.39227168758710224,0.13820715496937433,0.053047711650530495,0.44524453083674115,0.35966965556144714,0.786804586648941,11.366113623838388,17.052983606146224,-2.470251205724887,0.0,0.0
ES2004b,557,0.5786756873130798,0.3391558329264323,0.534982959429423,0.12893687933683395,0.03517946476737658,0.3476286033789317,0.3301105896631877,0.7551256418228149,8.361446314403358,23.179014951449073,-2.296846365729064,0.0,0.0
ES2004b,558,0.5717814366022745,0.19221091270446777,0.5625160833199819,0.057064744333426155,0.022375951521098614,0.2950982650121053,0.31532368063926697,0.9857273499170939,1.9457379036870337,-9.951144673885201,-16.648807083108196,0.0,0.0
ES2004b,559,0.6272276242574056,0.24850925306479135,0.4219046930472056,0.06403499593337376,0.018144441147645313,0.3198504646619161,0.418173611164093,0.8366259137789408,3.1841100761094743,6.350580327427764,-18.031931534140714,0.0,0.0
ES2004b,560,0.5693038105964661,0.24378512799739838,0.3981987039248149,0.06356475626428922,0.023676113535960514,0.27236054340998334,0.3652407427628835,0.9432998696962992,0.5227357240699476,-2.253611370438732,-18.150502677803576,0.0,0.0
ES2004b,561,0.6526416540145874,0.24983832240104675,0.5581908623377482,0.057112092773119606,0.020602759594718616,0.3361285279194514,0.38077783584594727,0.9858506321907043,1.5412880895391965,-8.931237550875274,-15.327526249145203,0.0,0.0
ES2004b,562,0.6744890411694845,0.35448693732420605,0.28977862497170764,0.06447956711053848,0.013094001449644566,0.31482849021752674,0.4716836214065552,0.8229397137959799,0.040338962442090565,-0.8880184742146593,-15.65651090003758,0.0,0.0
ES2004b,563,0.5720858176549276,0.2154087871313095,0.4142126242319743,0.07405966023604076,0.01770319075634082,0.3680986563364665,0.47986210385958356,0.8076972166697184,0.654422710922983,8.228182651987353,-12.500738374805252,0.0,0.0
ES2004b,564,0.5908383727073669,0.21234906713167825,0.4356769323348999,0.06318341071407,0.013360305068393549,0.44745349884033203,0.40887126326560974,0.9706417719523112,0.6171403237530948,1.751433521940475,-12.486192406813638,0.0,0.0
ES2004b,565,0.551583449045817,0.2682936837275823,0.40323246518770856,0.05689241488774618,0.031996224696437515,0.35638047258059186,0.325782835483551,0.9610210259755453,-3.121768945878252,-10.118823350796367,-10.377283179787456,0.0,0.0
ES2004b,566,0.7987970113754272,0.6152866085370382,0.22140907744566599,0.1022174209356308,0.033092799906929336,0.21664544939994812,0.4171076714992523,0.7092219491799673,4.874027490825553,4.398210429196412,-5.949251024844198,0.0,0.0
ES2004b,567,0.6383085250854492,0.4821244378884633,0.4823058247566223,0.177455335855484,0.020158556289970875,0.2569544663031896,0.4382791519165039,0.9524094859759012,-5.772056419502257,4.760143113355713,-12.643012096554799,0.0,0.0
ES2004b,568,0.5608440339565277,0.320766677459081,0.42113656798998517,0.1351286048690478,0.026044310691456,0.18130991359551749,0.3883965015411377,0.9650645653406779,-5.404795201038298,4.287437244963354,-14.758283637745796,0.0,0.0
ES2004b,569,0.5227798422177633,0.286302054921786,0.25265778601169586,0.13293766727050146,0.01954556753238042,0.2069192628065745,0.46013112862904865,0.6644497166077296,-7.39988115379052,8.1819605157957,-15.233464768815834,0.0,0.0
ES2004b,570,0.481270174185435,0.20356536408265433,0.44586073358853656,0.0571141354739666,0.028710770110289257,0.28475570182005566,0.39038583636283875,0.9469260573387146,6.71031181499422,-6.169952651952147,-2.4206671230371986,0.0,0.0
ES2004b,571,0.6387960910797119,0.3436155617237091,0.4892232120037079,0.05306747307380041,0.03283855381111304,0.3796982367833455,0.3905799388885498,0.9581219951311747,8.035167525926756,1.7094358679242525,-4.353625175836709,0.0,0.0
ES2004b,572,0.7445056041081747,0.4452176094055176,0.25029146671295166,0.06435083970427513,0.02950627574076255,0.3985617955525716,0.5524075826009115,0.36125337332487106,12.352109606378491,10.477514475135736,3.580237119159961,0.0,0.0
ES2004b,573,0.7340755065282186,0.37512288987636566,0.47146381934483844,0.06213683262467384,0.020162863346437614,0.5785130858421326,0.4909500579039256,0.7504730820655823,10.647202347851932,11.702754853775959,5.091847517742187,0.0,0.0
ES2004b,574,0.685561994711558,0.5006540715694427,0.28711261848608655,0.06174557159344355,0.022678570200999577,0.5603609283765157,0.49116405844688416,0.9652467568715414,3.7390121320570464,14.952461439468232,2.991831319977566,0.0,0.0
ES2004b,575,0.6702751119931539,0.3820089101791382,0.283234824736913,0.06572000434001286,0.03551369315634171,0.6543876528739929,0.5306345025698344,0.8235000371932983,-1.8143745322152995,12.255336769444325,1.9264483557362155,0.0,0.0
ES2004b,576,0.7588217258453369,0.3963550130526225,0.4544098873933156,0.054141497860352196,0.01710344882061084,0.6565162241458893,0.4645090301831563,0.8024420241514841,2.1397252406378975,7.2420200250051225,3.75733146755871,0.0,0.0
ES2004b,577,0.7650757431983948,0.43428563078244525,0.42616182565689087,0.05236725633343061,0.016963049148519833,0.6302100817362467,0.5405506690343221,0.9851665695508321,4.13259061723599,12.308430131856932,2.3004846107510963,0.0,0.0
ES2004b,578,0.7671880722045898,0.47969921429951984,0.3478891998529434,0.046676107992728554,0.018696670110026996,0.663198709487915,0.5291717946529388,0.6910607218742371,0.7447245879653628,3.878196683388923,0.6190698554334232,0.0,0.0
ES2004b,579,0.7645984093348185,0.5203709304332733,0.40034933884938556,0.06126065055529276,0.025747712701559067,0.6896577080090841,0.5262815455595652,0.6993149518966675,1.882395115269517,-2.773962527221265,5.037448068016901,0.0,0.0
ES2004b,580,0.6816770831743876,0.384762446085612,0.3354945133129756,0.07202474027872086,0.03918693897624811,0.535403976837794,0.4646165768305461,0.4947149455547333,1.7031526143341666,-2.130885993341741,0.03133750878513819,0.0,0.0
ES2004b,581,0.7217081189155579,0.28722015023231506,0.4669228692849477,0.09023410081863403,0.028041950116554897,0.5405113101005554,0.5747467676798502,0.6722285946210226,-1.4146142429430963,15.21740066161579,-0.2709496030659239,0.0,0.0
ES2004b,582,0.5272747576236725,0.20147125919659933,0.48787063360214233,0.063703586657842,0.02510378820200761,0.49130086104075116,0.3937493860721588,0.9501193761825562,-16.651750447834697,-0.9072762565997504,-5.597874408142688,0.0,0.0
ES2004b,583,0.4580804606278737,0.33205680549144745,0.37590404351552326,0.06977267314990361,0.03944524315496286,0.39995376269022626,0.38987456758817035,0.44900760240852833,1.5094709308957046,-28.117726492336956,-10.548994991291059,0.0,0.0
ES2004b,584,0.433602770169576,0.3652082681655884,0.32463059822718304,0.09810524433851242,0.06841129809617996,0.24447539448738098,0.34391409158706665,0.714970330397288,9.386120785144557,-71.25815853578804,-12.317048709994033,0.0,0.0
ES2004b,585,0.38098729650179547,0.20048430562019348,0.4032181402047475,0.13235794752836227,0.06949089715878169,0.21727459132671356,0.3734787305196126,0.45016253491242725,15.343100488060736,-76.55570085195014,-17.229847154480485,0.0,0.0
ES2004b,586,0.5701201955477396,0.2706550608078639,0.38238731026649475,0.0684668558339278,0.03995219245553017,0.14099526156981787,0.39435023069381714,0.8189055323600769,2.462044025744854,-30.796985515798184,-6.12602474980361,0.0,0.0
ES2004b,587,0.565464993317922,0.3260759462912877,0.2270768110950788,0.1378299482166767,0.1453671921044588,0.19413737704356512,0.41322606801986694,0.9906136393547058,-1.4642064958917371,2.3582330131104876,-7.190033911032249,0.0,0.0
ES2004b,588,0.41977054874102276,0.26722949743270874,0.17388624449570975,0.07578578591346741,0.034686747938394547,0.41412636637687683,0.32387128472328186,0.3123609544709325,12.27567946062504,-34.287383010817116,-23.332803847173107,0.0,0.0
ES2004b,589,0.49195106824239093,0.20495892564455667,0.2765647570292155,0.07371653988957405,0.02769680383304755,0.3433934400478999,0.30103911956151325,0.5214491238196691,8.089570288232185,-25.150147485402357,-22.297254543092265,0.0,0.0
ES2004b,590,0.5016175011793772,0.16153715550899506,0.38410290082295734,0.0803968111673991,0.04895812893907229,0.3765565752983093,0.3196038405100505,0.7424377004305521,10.600552445964732,-21.71369112009106,-18.153097493960136,0.0,0.0
ES2004b,591,0.5157910585403442,0.15686967968940735,0.33641545474529266,0.07202893495559692,0.04736753739416599,0.23392113049825033,0.306537002325058,0.8347704211870829,10.924259065217692,-18.717464359825254,-18.127037913905607,0.0,0.0
ES2004b,592,0.5239220956961314,0.1726860304673513,0.28918596108754474,0.05832867075999578,0.04665288453300794,0.3182595819234848,0.2929488519827525,0.8621803720792135,11.317110933757105,-19.061639436956835,-17.99090041338059,0.0,0.0
ES2004b,593,0.5499075651168823,0.2969861874977748,0.2827618420124054,0.09603785102566083,0.05751704672972361,0.2578569104274114,0.34780460596084595,0.42338103242218494,12.938611905108772,-22.95672475712767,-20.54384467470189,0.0,0.0
ES2004b,594,0.42563676834106445,0.31522881984710693,0.18509424229462942,0.07518057028452556,0.0277195709447066,0.21665768325328827,0.3233899772167206,0.3427283316850662,0.014947006665302354,-24.942171664215035,-23.946666444581552,0.0,0.0
ES2004b,595,0.4523339470227559,0.24764798084894815,0.17218850056330362,0.09311879674593608,0.042895728101332985,0.43592044214407605,0.3582485020160675,0.44238974899053574,1.0572601415082878,-24.31178464830734,-22.789424988019494,0.0,0.0
ES2004b,596,0.48321278889973956,0.14527864505847296,0.2513102988402049,0.06942116096615791,0.031719209626317024,0.38997381925582886,0.32537691791852313,0.7852855920791626,11.213792610646493,-19.643126292454365,-23.336150670478684,0.0,0.0
ES2004b,597,0.5560163855552673,0.22603676716486612,0.2555383990208308,0.06397525717814763,0.03507180760304133,0.4722735683123271,0.3100547293821971,0.5720889121294022,9.605493149482834,-19.25950414916549,-24.771664195504638,0.0,0.0
ES2004b,598,0.5283098816871643,0.14859752357006073,0.25574253499507904,0.0632845511039098,0.03373038334151109,0.4613848328590393,0.39270611604054767,0.6503922641277313,12.685500557745186,-17.877551858836778,-26.13174917506476,0.0,0.0
ES2004b,599,0.5600686073303223,0.2537132700284322,0.40301820635795593,0.049594478060801826,0.03524822617570559,0.3595353166262309,0.35695400834083557,0.6407984991868337,9.288447168144181,-16.09062544092283,-17.393517367950146,0.0,0.0
ES2004b,600,0.580159326394399,0.2074546366930008,0.36934160192807514,0.05173052723209063,0.04243923909962177,0.2385337104399999,0.2875153124332428,0.5633831123510996,7.678903246632328,-16.875846174884934,-13.773388674144973,0.0,0.0
ES2004b,601,0.5899505019187927,0.32283688088258106,0.4257502257823944,0.053003636499245964,0.02636079490184784,0.3806285262107849,0.4183529019355774,0.6642691716551781,-14.383926566483625,-3.270120957625325,-6.809968523797398,0.0,0.0
ES2004b,602,0.654302179813385,0.35906335214773816,0.4772837460041046,0.08704813073078792,0.04104022060831388,0.3054655392964681,0.3778492013613383,0.6732694059610367,-13.134580672369546,-10.762708451596831,-6.824948087992174,0.0,0.0
ES2004b,603,0.6205931305885315,0.280937597155571,0.21056572099526724,0.10381963600715001,0.04503467803200086,0.25450525681177777,0.44898683826128644,0.831896166006724,-7.31731395781064,-3.369397664628449,-7.592257379898752,0.0,0.0
ES2004b,604,0.6246622204780579,0.30551281074682873,0.42514440913995105,0.09634747604529063,0.04443412646651268,0.14248625685771307,0.5052653650442759,0.9512362678845724,-5.322500442693813,17.76214881961774,-12.738914337082017,0.0,0.0
ES2004b,605,0.6239449183146158,0.3120809942483902,0.5352734824021658,0.0850272427002589,0.02940973825752735,0.20412739117940268,0.4789315064748128,0.9201248288154602,-2.817535589659279,15.27900661028094,-13.204469965126341,0.0,0.0
ES2004b,606,0.6884236534436544,0.3807283341884613,0.4170879125595093,0.07925607139865558,0.029082828511794407,0.27398234605789185,0.48153066635131836,0.6366246541341146,-1.1703840629076105,3.89643424507787,-10.026065515415238,0.0,0.0
ES2004b,607,0.7634410659472147,0.5719505051771799,0.4901498854160309,0.15317068000634512,0.05171695724129677,0.3446672260761261,0.35424243410428363,0.6340392132600149,9.806732331588949,10.758787349139148,3.8929229825376415,0.0,0.0
ES2004b,608,0.7641104857126871,0.5736190378665924,0.2982647120952606,0.15803417066733041,0.0721335702886184,0.3599497030178706,0.36183587710062665,0.8116298119227091,8.298571894415435,10.216163064244926,2.2783836150876815,0.0,0.0
ES2004b,609,0.7410754561424255,0.5833119054635366,0.41207120070854825,0.1863651672999064,0.11743859139581521,0.4797833462556203,0.48254940907160443,0.9226157267888387,10.242969806530736,23.497749536818542,4.657137301523467,0.0,0.0
ES2004b,610,0.6054711937904358,0.34987032413482666,0.46389638384183246,0.1495161975423495,0.06278422971566518,0.4608465035756429,0.3975830078125,0.9521029988924662,30.07873691916018,38.338347890168855,26.554823820843453,0.0,0.0
ES2004b,611,0.6449909408887228,0.23275744915008545,0.3531855046749115,0.1876391644279162,0.05610346359511217,0.6454028487205505,0.33545592427253723,0.9775901039441427,29.719945921712547,35.237594347759064,28.082103034559385,0.0,0.0
ES2004b,612,0.7227212389310201,0.4306900004545848,0.5465058783690134,0.09496718272566795,0.021942808603247006,0.4450233379999797,0.38314303755760193,0.33016784489154816,1.8194307063044732,14.336743287204385,-0.5754519738857438,0.0,0.0
ES2004b,613,0.7716090877850851,0.5132872462272644,0.5294947723547617,0.1585464949409167,0.03451735774676005,0.5466197729110718,0.35736604531606037,0.644106230388085,7.51916685729341,13.179684773624059,-1.480464536953832,0.0,0.0
ES2004b,614,0.7294015089670817,0.4493075410525004,0.43800560633341473,0.1542408044139544,0.03492302323381106,0.5636592408021291,0.4543415606021881,0.31808248658974964,10.157178580565445,13.661248800798248,-1.6247163232936626,0.0,0.0
ES2004b,615,0.6877362132072449,0.3443743089834849,0.6011523405710856,0.1500732252995173,0.03749051255484422,0.4268680413564046,0.349204142888387,0.9364614884058634,11.49931239767753,12.24248999066974,-2.626138861010452,0.0,0.0
ES2004b,616,0.6280105312665304,0.3782168924808502,0.5581840872764587,0.18151908616224924,0.06447136774659157,0.4766299823919932,0.34777137637138367,0.9311834375063578,13.061108615862016,12.403185746299583,-4.71961935865384,0.0,0.0
ES2004b,617,0.6819472511609396,0.3764978249867757,0.4726395606994629,0.11316878100236256,0.029492000738779705,0.709185798962911,0.4482063452402751,0.6640067932506403,11.422626430738182,12.754762633658686,-5.643485675106519,0.0,0.0
ES2004b,618,0.7095116774241129,0.5593098203341166,0.3259647836287816,0.11286273350318272,0.029928240925073624,0.44583238164583844,0.4163789252440135,0.8233441313107809,8.34683394409053,15.63036979459082,-4.02161523560285,0.0,0.0
ES2004b,619,0.6407687465349833,0.3847665786743164,0.42600661019484204,0.10305647055308025,0.0367138876269261,0.44342998663584393,0.3737302323182424,0.7947511672973633,3.9895280702526907,13.901167501819463,-3.0039739426724226,0.0,0.0
ES2004b,620,0.5847483277320862,0.25433329741160077,0.6700136661529541,0.09839410583178203,0.03816814161837101,0.4820045828819275,0.2999636034170787,0.8244446118672689,4.670287039188444,19.623009917993993,-2.4797994942818504,0.0,0.0
ES2004b,621,0.6424378951390585,0.4365236808856328,0.5351137220859528,0.09496454894542694,0.02897481992840767,0.5841141442457835,0.41263694564501446,0.8464853564898173,12.058254904573916,17.190633741147483,-3.1309959436085304,0.0,0.0
ES2004b,622,0.6664285063743591,0.36700387795766193,0.6576745907465616,0.08907701820135117,0.025401736920078594,0.4958416720231374,0.3255916237831116,0.9501332839330038,9.20570751453415,19.538251883643543,-3.97466351164609,0.0,0.0
ES2004b,623,0.6499227086702982,0.3773360401391983,0.5552601367235184,0.11067162454128265,0.03889791605373224,0.4509921570618947,0.4037376344203949,0.6022990805407366,3.5920192863896916,18.564535260988684,-10.872907022850056,0.0,0.0
ES2004b,624,0.6139944990475973,0.2534116059541702,0.6346687078475952,0.12620468686024347,0.03303821571171284,0.3337997794151306,0.3713330924510956,0.9175180792808533,2.776435001120729,15.675539185535916,-7.242442855755235,0.0,0.0
ES2004b,625,0.6511347889900208,0.3278968234856923,0.44965968529383343,0.11727584650119145,0.02777070365846157,0.48373040556907654,0.34762950738271076,0.6196428537368774,2.959687998881261,16.850462896762355,-4.1636437231385415,0.0,0.0
ES2004b,626,0.8003606796264648,0.5167664488156637,0.3612714211146037,0.21871429433425268,0.1282610675940911,0.4688059538602829,0.39208845297495526,0.8526051640510559,4.478287920002271,10.287218984847117,-3.6010751494376265,0.0,0.0
ES2004b,627,0.8098355333010355,0.6860142548878988,0.26194899280865985,0.1491935004790624,0.09734226887424786,0.28496621549129486,0.4361325999101003,0.8881211479504904,9.577657041248441,2.3859860474836814,3.3045571677232783,0.0,0.0
ES2004b,628,0.794456680615743,0.5662307937939962,0.32066913694143295,0.11740865061680476,0.057777478049198784,0.3277873794237773,0.4419623911380768,0.5756108810504278,8.944289522341789,6.395628322114644,4.280454112572363,0.0,0.0
ES2004b,629,0.7524641156196594,0.42398159205913544,0.24555063247680664,0.13607066869735718,0.04472168410817782,0.4809744954109192,0.3234698375066121,0.6806091542045275,7.560578194239949,13.63368819492168,1.4346246078493872,0.0,0.0
ES2004b,630,0.715278148651123,0.39613454540570575,0.3343528211116791,0.09718493620554607,0.04091742696861426,0.5706890920797983,0.2681393325328827,0.972139298915863,2.6210221198414296,19.7403354525861,-2.6494884423072205,0.0,0.0
ES2004b,631,0.6702254017194113,0.5529842774073283,0.3504097064336141,0.12661898881196976,0.06821707636117935,0.3821128010749817,0.4032750129699707,0.7157478431860606,-28.09724536690895,35.54698537985711,-33.33307453985171,0.0,0.0
ES2004b,632,0.614084263642629,0.5133631726106008,0.2598930199940999,0.1813474496205648,0.11660901208718617,0.5164509216944376,0.4703119893868764,0.7370582421620687,-84.73290998359188,62.16152300495839,-87.9643727594353,0.0,0.0
ES2004b,633,0.5775097608566284,0.48030417164166767,0.2125271906455358,0.2338861475388209,0.13669410844643912,0.5622618893782297,0.49192383885383606,0.8442423939704895,-61.86850757821325,60.65047869164041,-67.60328325972735,0.0,0.0
ES2004b,634,0.6885597308476766,0.4517740110556285,0.4474693437417348,0.11860665182272594,0.0689105869581302,0.3311448593934377,0.5153962075710297,0.6521882166465124,-13.566603193338326,31.844693796275667,-22.007168208713264,0.0,0.0
ES2004b,635,0.8023011883099874,0.6687724788983663,0.3075091515978177,0.09076957652966182,0.021623001123468082,0.2873116383949916,0.3970223168532054,0.9233277638753256,2.5219233902312577,6.53157675851569,-1.2762090000010997,0.0,0.0
ES2004b,636,0.8138360977172852,0.55421315630277,0.24295424918333688,0.126558355987072,0.03535627263287703,0.393434335788091,0.38869736591974896,0.9853601853052775,0.9263615659971379,5.561859811895647,-1.8756967416269308,0.0,0.0
ES2004b,637,0.7766215999921163,0.5712780853112539,0.3799820343653361,0.10858041793107986,0.02995400254925092,0.3793298900127411,0.37137611707051593,0.6045469877620538,8.659727400464176,10.315649114734567,0.16860826109729432,0.0,0.0
ES2004b,638,0.782001793384552,0.6013484994570414,0.484522541364034,0.1319598307212194,0.039170706644654274,0.3853355646133423,0.43063737948735553,0.5663449019193649,11.027409247100023,7.273713663955506,-4.511570554874763,0.0,0.0
ES2004b,639,0.7312878370285034,0.5596521496772766,0.42366571724414825,0.13982958594957987,0.040949152782559395,0.4257647593816121,0.4186992347240448,0.6860664039850235,9.596817120458438,6.702248078826925,-6.847536422230928,0.0,0.0
ES2004b,640,0.7445930441220602,0.641787608464559,0.35854143897692364,0.1460841198762258,0.0380215123295784,0.5448553661505381,0.503451814254125,0.05956384787956873,8.106039942944827,6.299408023707255,-6.068426822818478,0.0,0.0
ES2004b,641,0.7854992548624674,0.5808945198853811,0.522810826698939,0.20858707030614218,0.09840861956278484,0.5258355339368185,0.4974814256032308,0.3294992819428444,19.144919810463673,26.29365999803608,9.362671192748698,0.0,0.0
ES2004b,642,0.7231765786806742,0.3878249526023865,0.6486190557479858,0.17949983229239783,0.061518172112603985,0.4424000183741252,0.45677430431048077,0.43677688638369244,12.693452748532472,24.67394668177754,5.5199275430737815,0.0,0.0
ES2004b,643,0.7879106203715006,0.5653944909572601,0.4650990664958954,0.09922180821498235,0.01597774587571621,0.3540446112553279,0.3201829095681508,0.9530038237571716,6.4471954593077525,13.474857309398123,-3.4869654890721744,0.0,0.0
ES2004b,644,0.7386056184768677,0.4911829431851705,0.5453336338202158,0.16092235346635184,0.0311053895081083,0.3633715013662974,0.3549330135186513,0.9138720631599426,13.744772991805599,13.18470551186843,-1.0072099793072782,0.0,0.0
ES2004b,645,0.7000826001167297,0.514565775791804,0.5668306847413381,0.14699618766705194,0.04856332143147787,0.5346534550189972,0.36329667766888935,0.8599691987037659,15.511086776309682,13.076165756981254,-0.05170816662660379,0.0,0.0
ES2004b,646,0.7983346978823344,0.49231794476509094,0.5952319999535879,0.12556390712658563,0.031452167158325516,0.4147849480311076,0.3623729348182678,0.9155726830164591,7.429766571124251,11.922873373455403,-1.2179555950656082,0.0,0.0
ES2004b,647,0.79304305712382,0.5144222974777222,0.5394830306371053,0.11588682482639949,0.029566706468661625,0.2984405855337779,0.34551888704299927,0.9104401270548502,2.6408021237917576,13.261739380993335,-1.928510262068915,0.0,0.0
ES2004b,648,0.7670616308848063,0.4803735911846161,0.5516892472902933,0.12021605670452118,0.040941389898459114,0.4770289162794749,0.4124644299348195,0.6540914823611578,2.9891536705505497,21.04802428354237,-4.638440074467951,0.0,0.0
ES2004b,649,0.6817542314529419,0.4808266411225001,0.36592234174410504,0.056716772417227425,0.026743724942207336,0.5047250986099243,0.3579397052526474,0.762796938419342,2.6956354364777906,-9.689188221143011,-5.760431862465947,0.0,0.0
ES2004b,650,0.7383195559183756,0.5113618473211924,0.2923874060312907,0.05810153235991796,0.0243629173686107,0.5233858724435171,0.4257114032904307,0.8725575606028239,0.7249354906818999,0.7150800682743302,-3.0438907050389457,0.0,0.0
ES2004b,651,0.7550437847773234,0.5482134918371836,0.17795991649230322,0.050002723932266235,0.021535093275209267,0.5750997066497803,0.5560717085997263,0.645778626203537,2.300329014217925,1.8318516222794503,-2.8681361760602626,0.0,0.0
ES2004b,652,0.731832484404246,0.4887333810329437,0.3576235423485438,0.05727738017837206,0.036213413501779236,0.5213412940502167,0.44055859247843426,0.7344234238068262,2.82259226717701,-4.41446277299638,-5.205000747000056,0.0,0.0
ES2004b,653,0.7639201482137045,0.4800177911917369,0.26214565833409625,0.061849892139434814,0.032237738370895386,0.4833681881427765,0.4639626443386078,0.68605604271094,2.6389243487843426,0.5080457593121928,-4.693152667306464,0.0,0.0
ES2004b,654,0.6512300173441569,0.47241853177547455,0.37059611082077026,0.06011050442854563,0.023611234811445076,0.2684505383173625,0.3977889120578766,0.88271697362264,4.476569834339345,-7.151996315081625,-4.392088500627293,0.0,0.0
ES2004b,655,0.6449958284695944,0.3562206874291102,0.33870689074198407,0.06919156014919281,0.0648303950826327,0.24653196334838867,0.4087228973706563,0.82406614224116,6.641833939921436,-17.055273646538215,-4.809731022836296,0.0,0.0
ES2004b,656,0.6969155470530192,0.5131435493628184,0.33589302003383636,0.0628729835152626,0.029258356740077335,0.25969821214675903,0.42283392945925397,0.9659544626871744,6.767739755152582,-8.209600309908994,-3.5696755024075237,0.0,0.0
ES2004b,657,0.8138086994489034,0.43477457761764526,0.3257680684328079,0.050097050766150154,0.028022099286317825,0.41998039682706195,0.5491047898928324,0.8512676954269409,2.218949302303202,-0.9961371807365484,-1.7887902903370285,0.0,0.0
ES2004b,658,0.7680721879005432,0.5175673961639404,0.3783130447069804,0.05774927760163943,0.022136842211087544,0.5050618648529053,0.638730009396871,0.583108626306057,1.9859829551340848,3.699922511131422,-3.3109663756738166,0.0,0.0
ES2004b,659,0.7696147759755453,0.35560322801272076,0.30040302872657776,0.08686526616414388,0.020748159537712734,0.5905742843945821,0.5823107560475668,0.6258206963539124,-0.6427613826679798,7.28394299794335,-2.724193549815057,0.0,0.0
ES2004b,660,0.7768711646397909,0.48310654362042743,0.2677389581998189,0.056816803912321724,0.015329444470504919,0.4482388695081075,0.5605069994926453,0.5835999896128973,0.3502427701314106,7.456750983405783,-2.5622421948788445,0.0,0.0
ES2004b,661,0.5900441408157349,0.3141474475463231,0.3155078689257304,0.06744311874111493,0.038359535237153373,0.4235526571671168,0.3707216829061508,0.8359979391098022,4.010907914938424,-11.578428717605865,-5.7542453868645795,0.0,0.0
ES2004b,662,0.4400505820910136,0.2482970654964447,0.3121487498283386,0.11452508717775345,0.06295578181743622,0.32155459622542065,0.2993814945220947,0.9728152950604757,8.200813603198526,-21.190582119901016,-7.693252218371836,0.0,0.0
ES2004b,663,0.51092728972435,0.2565213044484456,0.34309514860312146,0.07984180748462677,0.03162894677370787,0.4720186193784078,0.4331655104955037,0.47745633373657864,5.956282903181333,-6.789363324226863,-2.9252938395548767,0.0,0.0
ES2004b,664,0.6192784309387207,0.3402753323316574,0.5020257929960886,0.09309591352939606,0.030772351349393528,0.49148206909497577,0.579350213209788,0.4896315683921178,1.1714483990211988,6.225901568029962,3.8390815405180825,0.0,0.0
ES2004b,665,0.7662913799285889,0.319015771150589,0.272306149204572,0.05476514001687368,0.018014379156132538,0.5863439440727234,0.6204593777656555,0.1163450355331103,-2.1992973364745794,12.834309596587792,6.352415718534098,0.0,0.0
ES2004b,666,0.7785346110661825,0.5006415943304697,0.36890627443790436,0.05132674301664034,0.03210568396995465,0.5530816614627838,0.5301040510336558,0.6420258035262426,-5.9179162202059095,6.978180194621545,1.533837577308813,0.0,0.0
ES2004b,667,0.7407036225001017,0.440154771010081,0.20030795286099115,0.047911410530408226,0.014937261740366617,0.5464287797609965,0.5554021795590719,0.5501570105552673,-0.0137226296092355,7.340359666136483,2.090757167422155,0.0,0.0
ES2004b,668,0.4718502461910248,0.3070213347673416,0.4319841166337331,0.10399524867534637,0.022719533493121464,0.2708299656709035,0.39077656467755634,0.9469840129216512,3.9614610440736775,12.384084806380889,-0.8698227740951056,0.0,0.0
ES2004b,669,0.6108347574869791,0.47546857595443726,0.2804342359304428,0.13295039534568787,0.03147576004266739,0.3123542269070943,0.4180567264556885,0.7610272864500681,-0.8083775802682894,9.697026310211626,-4.8969031241438,0.0,0.0
ES2004b,670,0.5579300125439962,0.29989590247472125,0.2635978211959203,0.060473594814538956,0.01795157666007678,0.47499985496203107,0.509290337562561,0.9849481582641602,2.5293255149154925,-2.4185293937545693,-12.78814563566963,0.0,0.0
ES2004b,671,0.6429003278414408,0.2803569535414378,0.30994046727816266,0.07859743510683377,0.01903826060394446,0.32331639528274536,0.46593692898750305,0.915322502454122,2.319248385984672,-1.9193654350704572,-10.963219985573263,0.0,0.0
ES2004b,672,0.6129406491915385,0.3442834218343099,0.3353595981995265,0.07894676923751831,0.015032800224920114,0.34481388827164966,0.475419561068217,0.9970202644666036,1.5169221894805665,-2.970852219492389,-8.712448283017414,0.0,0.0
ES2004b,673,0.5062568585077921,0.28113341331481934,0.3367137014865875,0.087269127368927,0.013578477626045546,0.2621154884497325,0.3957742154598236,0.8083411554495493,-5.7816898300257025,9.601639446712328,-9.035341567864352,0.0,0.0
ES2004b,674,0.6211081941922506,0.5442724227905273,0.41829633712768555,0.10301065693298976,0.04575026718278726,0.43502960602442425,0.3663732310136159,0.6152300368994474,6.8254579510515265,-6.569147245624245,-5.80400590452674,0.0,0.0
ES2004b,675,0.6751630107561747,0.5254614452521006,0.44976378480593365,0.16113975644111633,0.06680821627378464,0.4824317892392476,0.3910875121752421,0.7861057917277018,5.644678976924595,5.697386156723614,-3.2128475674126324,0.0,0.0
ES2004b,676,0.5868396659692129,0.2836495538552602,0.5492579241593679,0.1565388242403666,0.05703528970479965,0.3458766241868337,0.4038111964861552,0.6451271070788304,5.6714284359455505,-7.262962165833812,-0.7092986999683366,0.0,0.0
ES2004b,677,0.7320921421051025,0.3535678784052531,0.5770502686500549,0.141078881919384,0.031251488253474236,0.4233369032541911,0.4157478113969167,0.7447826862335205,12.793100889579058,9.071899913018553,0.5342731431107236,0.0,0.0
ES2004b,678,0.680022140343984,0.33679455518722534,0.43166832129160565,0.11190777520338695,0.02375251737733682,0.3057683656613032,0.4257422586282094,0.5299746145804723,0.8158175754585738,11.625803058122479,2.9397257650208695,0.0,0.0
ES2004b,679,0.4814323087533315,0.2119100441535314,0.2962471892436345,0.08546156187852223,0.0175721716756622,0.36138110359509784,0.45321600635846454,0.49616943423946697,-2.4450918600652547,11.293878883227562,2.995024216433791,0.0,0.0
ES2004b,680,0.6486416459083557,0.3185620903968811,0.2842272122701009,0.13892695804437002,0.04405014682561159,0.428183913230896,0.4273780385653178,0.7744847337404887,5.621605302381159,12.093649193382234,2.235081601063222,0.0,0.0
ES2004b,681,0.7722759445508321,0.5991201202074686,0.39547622203826904,0.0922604575753212,0.03108442823092143,0.30687563866376877,0.4352146089076996,0.644539937376976,12.444253052902178,8.059902771195787,6.580190809540979,0.0,0.0
ES2004b,682,0.6552423139413198,0.3158079882462819,0.27427999675273895,0.08140598734219869,0.028102779760956764,0.3247169504563014,0.3920181294282277,0.6954735418160757,3.2411286498183642,-3.831067031869695,3.909407101151496,0.0,0.0
ES2004b,683,0.5820580919583639,0.426253338654836,0.3496345430612564,0.14864657074213028,0.05044322336713473,0.5222950180371603,0.3961992661158244,0.8123145500818888,6.513224849122289,-15.656788148409158,-0.9849019699314314,0.0,0.0
ES2004b,684,0.6550184686978658,0.405434509118398,0.2969128042459488,0.322590967019399,0.23343462124466896,0.5007734894752502,0.36690305670102435,0.6711204933623472,8.11175418402617,-6.326938846003119,-5.154995948931035,0.0,0.0
ES2004b,685,0.770036518573761,0.6767105857531229,0.2824896474679311,0.22384960452715555,0.2453733036915461,0.572540948788325,0.4291028380393982,0.9910222093264262,12.347729654512685,5.944496388155126,-8.185555841176985,0.0,0.0
ES2004b,686,0.7894176840782166,0.5963350137074789,0.3854428132375081,0.18392019718885422,0.1259090192615986,0.5693353911240896,0.5017237365245819,0.7539872030417124,11.562338459154674,10.176414376174511,-3.6809100498820633,0.0,0.0
ES2004b,687,0.6317513585090637,0.37612681090831757,0.6571436723073324,0.11813669155041377,0.037028562277555466,0.5396563212076823,0.4440742830435435,0.9510266979535421,6.919039859001875,13.605364126259039,0.22109531816790776,0.0,0.0
ES2004b,688,0.5325252314408621,0.3020618408918381,0.5498495300610861,0.09883776803811391,0.022512022405862808,0.5745251476764679,0.38297930359840393,0.6477855841318766,3.5107334899033233,15.66598476073863,-0.9332813403904344,0.0,0.0
ES2004b,689,0.7531478007634481,0.45280996958414715,0.4004522114992142,0.13096917668978372,0.03153061866760254,0.4190310637156169,0.3015545904636383,0.984870453675588,-0.7437843468386302,15.662228505122343,-6.879637699886712,0.0,0.0
ES2004b,690,0.8608668247858683,0.5442570050557455,0.27224695930878323,0.09388958911101024,0.02971840153137843,0.42947128415107727,0.4826861619949341,0.29031845182180405,3.3326767816576996,12.230283499304557,-2.9904652865574093,0.0,0.0
ES2004b,691,0.7073499957720438,0.5424474130074183,0.39319852491219837,0.11505122731129329,0.04407565047343572,0.3121323585510254,0.5234837333361307,0.6904019316037496,5.707452363063869,9.429365148359155,-2.325017171711994,0.0,0.0
ES2004b,692,0.7899898886680603,0.6278196771939596,0.25536468625068665,0.10319337993860245,0.040496932342648506,0.47337501247723895,0.45799921949704486,0.9296033382415771,5.3548911249918225,3.65999937959821,-5.3468116510253125,0.0,0.0
ES2004b,693,0.7087074915568033,0.4549567997455597,0.5224872728188833,0.15025797734657922,0.06039587905009588,0.48551947871843976,0.4029870927333832,0.7976442873477936,3.9453426167196355,7.801871061102934,-2.066343812463134,0.0,0.0
ES2004b,694,0.5399768650531769,0.35034840802351636,0.657673199971517,0.1535568709174792,0.03884673739473025,0.5567219853401184,0.3026660482088725,0.9601366519927979,3.4719873722347283,18.64404313258809,-0.46227927104966265,0.0,0.0
ES2004b,695,0.45245396097501117,0.21995274225870767,0.6746799945831299,0.09695450713237126,0.0312737071265777,0.6091781059900919,0.3177153468132019,0.7508852084477743,0.4775315749851415,19.899383053008766,-0.6669840959427148,0.0,0.0
ES2004b,696,0.48882843057314557,0.23909067114194235,0.6562884151935577,0.08119043459494908,0.018378330084184807,0.529668132464091,0.33636921644210815,0.9512590368588766,2.0224345114219786,16.99266288559915,-0.19916951805889319,0.0,0.0
ES2004b,697,0.623340904712677,0.3579241782426834,0.6764251788457235,0.10216439018646876,0.031354738399386406,0.36095090707143146,0.3368244965871175,0.5734421412150065,3.898686966904293,18.515962964289912,-1.7444670755173544,0.0,0.0
ES2004b,698,0.7241530617078146,0.44858915607134503,0.3040732791026433,0.13874477396408716,0.05349693881968657,0.4674842754999797,0.4252521296342214,0.8835755983988444,2.765631132552805,10.922568177984543,-4.920589115393612,0.0,0.0
ES2004b,699,0.8176666498184204,0.5710529685020447,0.3378426084915797,0.20185101528962454,0.08900081552565098,0.4762401580810547,0.37967000404993695,0.8895959059397379,7.375365245625617,6.1266208884644255,-3.807307186593373,0.0,0.0
ES2004b,700,0.6593423883120219,0.34854522347450256,0.6384222507476807,0.10311916967233022,0.023700732737779617,0.33199788133303326,0.4054709275563558,0.49359360337257385,4.22374228777258,7.746424509239272,-1.8531312619211502,0.0,0.0
ES2004b,701,0.5518025656541189,0.29204366604487103,0.578994462887446,0.08100174119075139,0.015970100959142048,0.530025710662206,0.4015943904717763,0.5706215649843216,3.2712108745811648,11.681438923215525,-0.25815921688255733,0.0,0.0
ES2004b,702,0.6453355153401693,0.3930576244990031,0.502996544043223,0.07452281564474106,0.02514380527039369,0.361139049132665,0.33414193987846375,0.6368698055545489,6.735710075284497,18.388203306762517,0.6824787245587313,0.0,0.0
ES2004b,703,0.605282743771871,0.3746744592984517,0.48578893144925434,0.14461786051591238,0.05399256944656372,0.396520917614301,0.3557370603084564,0.7449873089790344,10.636753105767939,25.912682244702996,-1.299752105787111,0.0,0.0
ES2004b,704,0.5371543169021606,0.28291449944178265,0.38328919808069867,0.05367764582236608,0.016881197690963745,0.4142639289299647,0.4775909682114919,0.592276910940806,-3.7709029634527074,-4.1652867811015275,2.9079360480075525,0.0,0.0
ES2004b,705,0.7701184352238973,0.5547528266906738,0.3594467143217723,0.15394884844621023,0.05721767246723175,0.5092455446720123,0.5067160328229269,0.21939853702982268,3.878162204563665,9.634955438952591,-9.575546584030329,0.0,0.0
ES2004b,706,0.7506797512372335,0.5833409229914347,0.3277244567871094,0.12043264011542003,0.03383954552312692,0.5035447378953298,0.45149073004722595,0.8420346180597941,6.432200654957756,11.808417394301037,-13.048081081674596,0.0,0.0
ES2004b,707,0.7022838890552521,0.49362998207410175,0.40222270290056866,0.22829249997933707,0.09603571891784668,0.30171767870585126,0.4162120620409648,0.9338991840680441,6.105015733908769,-4.149697822788533,-5.450173309698671,0.0,0.0
ES2004b,708,0.6850916345914205,0.5512162148952484,0.34860996901988983,0.21732318152983984,0.08955274522304535,0.4310644169648488,0.3192337155342102,0.8666563034057617,6.572254724360945,-13.900620010091481,0.9148930118273862,0.0,0.0
ES2004b,709,0.751910408337911,0.6494015653928121,0.26832422614097595,0.12715149919191995,0.05302563061316808,0.4576301376024882,0.3912009497483571,0.6837084293365479,4.11185299354132,-7.904891391533831,0.8850210173117472,0.0,0.0
ES2004b,710,0.8301432132720947,0.7084427078564962,0.27905500183502835,0.2329433560371399,0.11760848015546799,0.4203856686751048,0.39884355664253235,0.9982160528500875,6.473727669318772,3.4936926306021356,-1.6876062663771914,0.0,0.0
ES2004b,711,0.8031205534934998,0.6553437312444051,0.33259310324986774,0.13659807046254477,0.0371813972791036,0.4790071944395701,0.42442719141642254,0.8105026483535767,1.9182226647858356,5.4727303604847855,-8.742561065007385,0.0,0.0
ES2004b,712,0.5316050549348196,0.30228105187416077,0.3955771128336589,0.04454016933838526,0.01549175630013148,0.4879171351591746,0.40111783146858215,0.8615870674451193,-5.600328026875839,-9.127673307873176,-13.63223878001732,0.0,0.0
ES2004b,713,0.5769127905368805,0.26116740703582764,0.4555269082387288,0.06396788731217384,0.020296447599927585,0.47698479890823364,0.452505757411321,0.966016968091329,-4.8926798462479235,-5.986739168793664,-9.686230472602235,0.0,0.0
ES2004b,714,0.5839313864707947,0.22983275850613913,0.37880025307337445,0.07373684147993724,0.02712374118467172,0.2831109215815862,0.36330846945444745,0.9023968974749247,-4.986415795809038,-14.842076430375974,-5.959880655717488,0.0,0.0
ES2004b,715,0.5345115264256796,0.18512045592069626,0.3231211105982463,0.08940552671750386,0.0380596158405145,0.3678031961123149,0.3448491195837657,0.7649378577868143,-1.2850867140309654,-15.705658577809047,-0.9055320988051686,0.0,0.0
ES2004b,716,0.5152068932851156,0.22173560659090677,0.3888792097568512,0.08845566213130951,0.036561003575722374,0.22726846237977347,0.3837904930114746,0.798104057709376,-8.774460762508737,-20.816333115436354,3.1032536541913855,0.0,0.0
ES2004b,717,0.5245898564656576,0.26172124842802685,0.28845346470673877,0.09093284606933594,0.04269015664855639,0.305141141017278,0.3279987374941508,0.6109514633814493,-9.529814326424527,-25.472395368381573,8.1477574174594,0.0,0.0
ES2004b,718,0.5378054976463318,0.19955545167128244,0.2728545268376668,0.08450165390968323,0.03293383990724882,0.1797446310520172,0.32670607169469196,0.8777322371800741,-1.0314764145341722,-14.707750564210771,5.529206619664578,0.0,0.0
ES2004b,719,0.5495551029841105,0.2843502362569173,0.24919952948888144,0.07443364212910335,0.030557870243986446,0.33289114634195965,0.3737059036890666,0.6393418411413828,1.0180284029438285,-9.149397567118333,3.2577822693513023,0.0,0.0
ES2004b,720,0.5431261559327444,0.34286467730998993,0.2806801150242488,0.05561727657914162,0.017211966837445896,0.28392062584559125,0.3829331199328105,0.6827676594257355,2.244120415786474,-6.281386051629517,4.217537599681402,0.0,0.0
ES2004b,721,0.5168211062749227,0.2565004378557205,0.357368399699529,0.07613086700439453,0.018684100980559986,0.32414544125398,0.3897094627221425,0.3728926132122676,2.194263387818142,-5.943874398844173,2.8005505354828966,0.0,0.0
ES2004b,722,0.48700499534606934,0.22997604807217917,0.35894065101941425,0.09132271135846774,0.029649512531856697,0.3357481062412262,0.37031928698221844,0.48310061544179916,1.0428735569973693,-5.869813717956279,2.9017238930185307,0.0,0.0
ES2004b,723,0.5942230621973673,0.28410230576992035,0.2930097430944443,0.0490122027695179,0.017802294343709946,0.18136633932590485,0.43387800455093384,0.9380786816279093,0.9366202127009728,-5.030017757683882,3.6830803971817048,0.0,0.0
ES2004b,724,0.49618836243947345,0.24834905564785004,0.38375212748845416,0.06991282353798549,0.024325430082778137,0.325998991727829,0.3775647481282552,0.6671893199284872,1.8922352321415525,-8.232385060195242,4.5048013551782935,0.0,0.0
ES2004b,725,0.5460589528083801,0.24472995599110922,0.3294898768266042,0.05474709595243136,0.022491189651191235,0.39449015259742737,0.3552200396855672,0.6387455978741249,0.6346166061116113,-8.29998196347879,5.399352306843138,0.0,0.0
ES2004b,726,0.5684496164321899,0.25866647561391193,0.29957562188307446,0.0860104039311409,0.0379423126578331,0.41133566697438556,0.33805516362190247,0.980144182840983,2.359292579495499,-6.001060139300905,3.4085000448770217,0.0,0.0
ES2004b,727,0.5130819181601206,0.21150470773379007,0.3530484239260356,0.060131228218475975,0.03377202277382215,0.44053833683331806,0.33052942156791687,0.8297827045122782,3.271843825650771,-5.594387423464958,1.326016437256146,0.0,0.0
ES2004b,728,0.570278525352478,0.2889833251635234,0.41934101780255634,0.0727999396622181,0.02001989632844925,0.4808286726474762,0.4217687745889028,0.7607799470424652,0.47615459319029246,-6.407163699936504,-4.641669186011632,0.0,0.0
ES2004b,729,0.6084483663241068,0.25523560245831806,0.4957657257715861,0.05968562265237173,0.020969989399115246,0.28232958912849426,0.3709305326143901,0.9745539426803589,-2.3233019627112546,-8.870821893954876,-9.788114555883105,0.0,0.0
ES2004b,730,0.5754557251930237,0.19343322763840357,0.5651726325352987,0.04950770859917005,0.01755588750044505,0.27771810193856555,0.4131704866886139,0.9064395626386007,-2.62988649971077,-9.285205086432489,-9.580957534680904,0.0,0.0
ES2004b,731,0.49939683079719543,0.20880636076132456,0.566017746925354,0.06603467961152394,0.020825736535092194,0.2566340814034144,0.45242072145144147,0.8626691699028015,-1.5977736744930133,-8.965484127912697,-11.039069865899355,0.0,0.0
ES2004b,732,0.5534294744332632,0.2128185828526815,0.44954826682806015,0.07793533553679784,0.049367472218970455,0.4350477357705434,0.42094747225443524,0.9660592079162598,-0.044253061704896846,-6.0323824442779035,-9.723908674902717,0.0,0.0
ES2004b,733,0.5943373044331869,0.26673802733421326,0.29890159765879315,0.06553099304437637,0.023828167468309402,0.3326217184464137,0.4674564103285472,0.9399145245552063,-0.39771367301871924,-2.878520927117915,-5.125976908302602,0.0,0.0
ES2004b,734,0.6651665170987447,0.3868920107682546,0.1843952735265096,0.06905515119433403,0.027454956745107967,0.2142103761434555,0.4808618625005086,0.8190736571947733,1.938288870997421,0.21425343568943797,-1.4613873998316622,0.0,0.0
ES2004b,735,0.7426886757214864,0.4875202775001526,0.1971359501282374,0.0668746866285801,0.023228115091721218,0.20838484913110733,0.4357738097508748,0.9387774666150411,0.5176652521679991,2.078038692920295,-0.10117480768012428,0.0,0.0
ES2004b,736,0.5139695703983307,0.21729855984449387,0.32563069214423496,0.0754409742852052,0.016333127704759438,0.34941866000493366,0.463485320409139,0.9867553114891052,-8.621380337024098,11.423838936195017,-7.8436273117608515,0.0,0.0
ES2004b,737,0.5200202465057373,0.17630861699581146,0.2804395208756129,0.10345380753278732,0.01733077069123586,0.19932520389556885,0.4823172489802043,0.7155777414639791,-10.489685437364717,13.071687434318461,-11.204666611498517,0.0,0.0
ES2004b,738,0.4399123291174571,0.14124042789141336,0.10549293955167134,0.12384519726037979,0.019847352368136246,0.17717832823594412,0.4662447969118754,0.9905926982561747,-13.456437816187202,11.760784645855127,-11.515406255940228,0.0,0.0
ES2004b,739,0.42648621400197345,0.17937622964382172,0.24234636624654135,0.070967602233092,0.015176348698635897,0.23226834336916605,0.430355300505956,0.9519691467285156,-6.033213826939889,18.474675442596286,-2.1825365374596566,0.0,0.0
ES2004b,740,0.5153215328852335,0.19393136103947958,0.2649497166275978,0.09322159737348557,0.01687489232669274,0.2539795512954394,0.3751075168450673,0.9303608934084574,-5.724555034305552,19.438327999753174,-3.6050331587377307,0.0,0.0
ES2004b,741,0.4452026883761088,0.13861371080080667,0.37239934007326764,0.090166836977005,0.014873001724481583,0.22926190495491028,0.47137617071469623,0.810732106367747,-6.844108195595997,15.943148156166272,-4.427903592056214,0.0,0.0
ES2004b,742,0.5334375301996866,0.11706340809663136,0.23643153409163156,0.07697981471816699,0.014603369558850924,0.15849747757116953,0.41635652383168537,0.9755541483561198,-3.572816422549872,21.31243540447195,-2.3063194068082393,0.0,0.0
ES2004b,743,0.4917449752489726,0.1271007532874743,0.34669740001360577,0.10330698887507121,0.023735253140330315,0.21811339755853018,0.3788953522841136,0.9473803242047628,-0.7699007168991129,21.59455199268076,1.7697452013659971,0.0,0.0
ES2004b,744,0.5102569460868835,0.1793099194765091,0.31653449436028797,0.09302085638046265,0.019756557419896126,0.2547212392091751,0.3882470230261485,0.9876430432001749,-1.431513740985758,20.880162316176495,1.2603026153310894,0.0,0.0
ES2004b,745,0.4554859797159831,0.1676169534524282,0.3370639979839325,0.09990155945221584,0.018944120965898037,0.18279355764389038,0.3705865244070689,0.9905319015185038,-3.6751549376084243,16.553534422983475,-3.4949671866029832,0.0,0.0
ES2004b,746,0.44684306780497235,0.17361483971277872,0.1766726796825727,0.09972094744443893,0.015125459370513758,0.20588955283164978,0.4010256032148997,0.9866476853688558,-8.375540487209522,11.538994251684642,-8.871202475865188,0.0,0.0
ES2004b,747,0.43678462505340576,0.13340418289105097,0.15283743540445963,0.11901711920897166,0.016820101998746395,0.22141621013482413,0.44336843490600586,0.9726168115933737,-7.360941269993634,14.940315730253198,-5.67613947026156,0.0,0.0
ES2004b,748,0.3946728507677714,0.15343653659025827,0.25587400794029236,0.1052057867248853,0.01653611535827319,0.17235471804936728,0.4049355487028758,0.9026227990786234,-5.421959709114756,14.831976494907755,-2.5271074213711224,0.0,0.0
ES2004b,749,0.4333608349164327,0.12099157273769379,0.11999928454558055,0.10955291489760081,0.014530642268558344,0.21774119635423025,0.43250394860903424,0.9848857124646505,-7.6913633808400235,15.893051351475895,-6.355194239473675,0.0,0.0
ES2004b,750,0.8196828365325928,0.6326353549957275,0.22979065030813217,0.13286781311035156,0.061209174493948616,0.2866383145252864,0.4388636648654938,0.9878283739089966,1.518239598710834,4.016923026653074,-4.120642183259291,0.0,0.0
ES2004b,751,0.8121852080027262,0.48295870423316956,0.33059753229220706,0.10903514052430789,0.02604210873444875,0.3693699936072032,0.36906606952349347,0.9186476270357767,1.85540192006927,9.928726125077949,-4.1264570281436415,0.0,0.0
ES2004b,752,0.737338920434316,0.40900930762290955,0.44204668203989667,0.08517744392156601,0.01794163944820563,0.6397236982981364,0.5165486633777618,0.49055347343285877,0.9861257572688595,16.490642953002137,-4.197097260248065,0.0,0.0
ES2004b,753,0.7524582544962565,0.4926641335090001,0.3537948578596115,0.11450039098660152,0.04380073926101128,0.42954616248607635,0.47534841299057007,0.7684859832127889,2.2278265008603175,8.08298739179044,-3.6960752013521763,0.0,0.0
ES2004b,754,0.7948701779047648,0.5636335909366608,0.5047391951084137,0.09145105133454005,0.02828021751095851,0.33290157715479535,0.3782922128836314,0.9213359157244364,6.495947573000471,11.753011178047549,-3.305224404703612,0.0,0.0
ES2004b,755,0.7209545771280924,0.3585568269093831,0.4758111536502838,0.09785301238298416,0.026382295414805412,0.4349261323610942,0.3820875684420268,0.8681200742721558,2.017399970416457,13.118009343806486,-3.506835695625933,0.0,0.0
ES2004b,756,0.7928891181945801,0.6306125521659851,0.20196777085463205,0.1167565609018008,0.05915474767486254,0.39599484701951343,0.4475178023179372,0.407159307350715,3.73182030604169,-5.875180589742523,0.8538627243356341,0.0,0.0
ES2004b,757,0.6471889813741049,0.432332585255305,0.3240879277388255,0.10125524550676346,0.04177961219102144,0.60417107741038,0.3694939414660136,0.9129064281781515,-3.244486288080903,-9.6970924437613,-1.0647656101495986,0.0,0.0
ES2004b,758,0.5178322891394297,0.21617805461088815,0.34385695060094196,0.10054270426432292,0.03099845660229524,0.49457912643750507,0.38118844230969745,0.7997875014940897,-4.09459002861563,-3.145331691400671,-4.613992086936808,0.0,0.0
ES2004b,759,0.6415372292200724,0.3505014479160309,0.4340348293383916,0.07842454314231873,0.012924997446437677,0.3928680618604024,0.4027118881543477,0.4441353976726532,-4.228874357603487,10.869814420502214,-0.0802521974015337,0.0,0.0
ES2004b,760,0.6842681566874186,0.33158613244692486,0.5085635979970297,0.08271511644124985,0.02231233101338148,0.5032659967740377,0.5895675222078959,0.6707987387975057,-3.0154923484633245,11.346673347640134,-2.233502462936902,0.0,0.0
ES2004b,761,0.6483725706736246,0.21286742389202118,0.4414985328912735,0.05480032910903295,0.022165038002034027,0.44816634555657703,0.5002974569797516,0.7480645577112833,3.0252314544158523,0.5500431203641867,0.4701298407976446,0.0,0.0
ES2004b,762,0.6035067935784658,0.2225756843884786,0.4096613923708598,0.06628154963254929,0.02734136177847783,0.46473533908526105,0.4665615459283193,0.8099738558133444,3.2067688127512635,-9.620066467443252,-0.9877929124011242,0.0,0.0
ES2004b,763,0.6218891441822052,0.28810906410217285,0.4147521952788035,0.055896222591400146,0.03388739128907522,0.4500785271326701,0.4384772479534149,0.74542569120725,2.5189626189627687,-11.091413231092554,3.7715531106321567,0.0,0.0
ES2004b,764,0.6586710015932719,0.3067394395669301,0.45543867349624634,0.0499211847782135,0.021484441434343655,0.5173486371835073,0.4890886644522349,0.538932998975118,0.7629927467086278,-4.539760973142152,9.724128470085917,0.0,0.0
ES2004b,765,0.6552374760309855,0.301505446434021,0.4629915654659271,0.05440579727292061,0.04040958577146133,0.5076722403367361,0.47108806173006695,0.7148961027463278,-0.106749751505448,2.22473114343251,4.6044657004692615,0.0,0.0
ES2004b,766,0.5654912491639456,0.2106573780377706,0.43864262104034424,0.058643595625956856,0.021369383049507935,0.495535284280777,0.5987186431884766,0.4533170163631439,1.2993398516095718,10.81637031710749,9.334001691228616,0.0,0.0
ES2004b,767,0.6719395716985067,0.3064749638239543,0.4229859908421834,0.05436432485779127,0.024938689544796944,0.3107168823480606,0.5345076421896616,0.6240611970424652,1.0038729799809074,7.8804151085004435,8.306304802180248,0.0,0.0
ES2004b,768,0.7216417988141378,0.3103876014550527,0.3770458996295929,0.059621127943197884,0.017202951945364475,0.5771943728129069,0.5729707082112631,0.7016337414582571,-0.5791394414580799,9.571178240998101,5.559622755511126,0.0,0.0
ES2004b,769,0.7174803018569946,0.31823941071828205,0.3622412035862605,0.06400321424007416,0.017550281559427578,0.5704247752825419,0.604984700679779,0.33546345060070354,-5.946276888824921,10.190051512619183,2.334026230359103,0.0,0.0
ES2004b,770,0.6967284282048544,0.34780267874399823,0.33409737547238666,0.0529145747423172,0.022007243086894352,0.595473070939382,0.642987072467804,0.5152226686477661,-1.661772975541555,6.7054915748007256,-0.180263757109164,0.0,0.0
ES2004b,771,0.5209694902102152,0.37875306606292725,0.32666628062725067,0.11358027656873067,0.06321129699548085,0.33076022068659466,0.474420686562856,0.17198619743188223,-2.5447173175411706,-26.845308816525513,-3.352209851317362,0.0,0.0
ES2004b,772,0.5033843417962393,0.35742656389872235,0.3068930506706238,0.166921716183424,0.09156385033080976,0.39182377358277637,0.4965736468633016,0.19021686911582947,-5.008046150553395,-42.51688437765451,-3.0518812813595138,0.0,0.0
ES2004b,773,0.5834638973077139,0.37146395444869995,0.2803962528705597,0.07206793998678525,0.06017981469631195,0.4270646224419276,0.47719483574231464,0.3898339942097664,-0.7478437961058266,-19.141436651810185,1.1907421119612223,0.0,0.0
ES2004b,774,0.5439428885777792,0.22678746779759726,0.5055298010508219,0.056907168279091515,0.017821164801716805,0.4118301471074422,0.4366140365600586,0.9835198322931925,-5.635540969115158,3.779628455438971,-3.7541445280403773,0.0,0.0
ES2004b,775,0.5874724586804708,0.2761361300945282,0.6936903794606527,0.09379081179698308,0.03382130432873964,0.22726680586735407,0.5471957325935364,0.9168422818183899,-7.679411270453211,11.01504451752121,-11.646458929493633,0.0,0.0
ES2004b,776,0.4890279273192088,0.1975468397140503,0.5763663450876871,0.07315721362829208,0.01757475050787131,0.29323444267114,0.5735448797543844,0.8987088600794474,-6.664406440072764,25.55408113343744,-19.363932930718253,0.0,0.0
ES2004b,777,0.5710413058598837,0.18725391725699106,0.5233233670393626,0.07870063682397206,0.033204312436282635,0.19351797799269357,0.4382059673468272,0.8795521457990011,-6.561750723089677,4.469810123748409,-11.654506743220663,0.0,0.0
ES2004b,778,0.6313715974489847,0.27841663857301074,0.47081682085990906,0.08401614179213841,0.07770537150402863,0.3121567716201146,0.36999955773353577,0.9497619867324829,-5.3305079752944975,-8.570677966538225,-4.13425703837786,0.0,0.0
ES2004b,779,0.7867020964622498,0.6673944195111593,0.25371964275836945,0.09542121489842732,0.023220097335676353,0.52143195271492,0.4654059211413066,0.509019248187542,1.0276259345738392,6.184945257208752,3.1681838242139495,0.0,0.0
ES2004b,780,0.7952800790468851,0.5615780452887217,0.39082496364911395,0.14745252331097922,0.03550497069954872,0.37902097900708515,0.38813985387484234,0.7379209895928701,3.189555557204843,9.897763659574833,-2.218201702321349,0.0,0.0
ES2004b,781,0.6636453866958618,0.34448177615801495,0.3373643110195796,0.12392099450031917,0.031663594767451286,0.5573454002539316,0.3959820667902629,0.644901325305303,4.818029501658724,12.327643086805042,-8.470498110303529,0.0,0.0
ES2004b,782,0.71675177415212,0.42079020539919537,0.27648300925890607,0.20953647792339325,0.0768267164627711,0.4875149726867676,0.4407958885033925,0.6654769840339819,4.179646528556632,7.156963922700716,-9.763551765093172,0.0,0.0
ES2004b,783,0.7833302617073059,0.5830867538849512,0.3720039526621501,0.26199659953514737,0.12103267448643844,0.5072990953922272,0.46874819199244183,0.5629015962282816,6.0405133546819085,7.33233440299589,-8.50628673810061,0.0,0.0
ES2004b,784,0.5556824604670206,0.12139156212409337,0.39787232875823975,0.06453688070178032,0.030232775956392288,0.3510462095340093,0.3064943750699361,0.8666848341623942,10.25587981253741,-17.424418733200493,-13.70590020118228,0.0,0.0
ES2004b,785,0.4548097550868988,0.14501033971707025,0.38850557804107666,0.05866944914062818,0.037017323076725006,0.4046679437160492,0.4519735276699066,0.20845774289531013,4.6540532401996595,-21.074048167847973,-19.58387462982918,0.0,0.0
ES2004b,786,0.4533611834049225,0.31607839465141296,0.43370555837949115,0.06409893060723941,0.040693859880169235,0.3432960311571757,0.5003597438335419,0.15755203055838743,-1.7030084655221127,-19.96197678505177,-23.959653011183363,0.0,0.0
ES2004b,787,0.4682016968727112,0.1695471853017807,0.328006386756897,0.05291342114408811,0.03370787762105465,0.4294891655445099,0.40044961373011273,0.3245803713798523,0.3856977288605294,-21.245605777592953,-21.016459246167702,0.0,0.0
ES2004b,788,0.47649288177490234,0.1885642558336258,0.3132633864879608,0.050679283837477364,0.030729026223222416,0.4634482165177663,0.3870876332124074,0.22904386619726816,-0.45540651190751974,-16.051080801595457,-13.889575392473409,0.0,0.0
ES2004b,789,0.621408224105835,0.2491605430841446,0.4412689407666524,0.0549396350979805,0.022046161194642384,0.5095616380373637,0.4167040189107259,0.7345411678155264,1.6755511236413396,-8.714140120864935,-4.551834427690399,0.0,0.0
ES2004b,790,0.6639445026715597,0.437154879172643,0.43381209174791974,0.06011973445614179,0.026326149702072144,0.5012116928895315,0.5472869078318278,0.5481529285510381,2.020812210748383,-2.9401593959967975,4.269785348861046,0.0,0.0
ES2004b,791,0.58332692583402,0.2693347632884979,0.36508678396542865,0.060046845426162086,0.047156531984607376,0.4205695390701294,0.4744238754113515,0.6954982678095499,0.644282219745088,-6.353300551079908,3.716547457962697,0.0,0.0
ES2004b,792,0.7090893189112345,0.3883625070254008,0.4750201106071472,0.054052505642175674,0.023636809239784878,0.3907863646745682,0.48042287429173786,0.9342997670173645,3.263885421658653,0.6015152765846729,1.7020792082690412,0.0,0.0
ES2004b,793,0.626797616481781,0.39821608861287433,0.3586900557080905,0.09516700357198715,0.03351046952108542,0.4173487325509389,0.3946291704972585,0.8923595746358236,3.2133905338858253,9.28570732924779,-0.9464254812628347,0.0,0.0
ES2004b,794,0.570302406946818,0.483341783285141,0.18414910634358725,0.09020216266314189,0.021076046861708164,0.236020157734553,0.4148041903972626,0.7777878642082214,1.1617287656273219,10.135600178608957,-2.0050453009333244,0.0,0.0
ES2004b,795,0.6737894813219706,0.3315228869517644,0.2581678132216136,0.07112138842542966,0.027117541680733364,0.7214334408442179,0.645772377649943,0.437105471889178,-0.454883996509113,-1.276801410556878,-5.889376441903434,0.0,0.0
ES2004b,796,0.6773205995559692,0.3334093193213145,0.5009733239809672,0.1828030695517858,0.08708952243129413,0.3907443583011627,0.3845495879650116,0.8865266640981039,7.02189077093973,16.475286977612356,-11.443063217741804,0.0,0.0
ES2004b,797,0.7124837239583334,0.333416869242986,0.4781866470972697,0.15844053526719412,0.04581834437946478,0.5855622092882792,0.3455860416094462,0.6202439765135447,-0.9875061246853599,22.095201306711413,-14.012716770030059,0.0,0.0
ES2004b,798,0.6979307134946188,0.3750448077917099,0.3787503441174825,0.1363223815957705,0.03149643229941527,0.5717959801355997,0.3599285880724589,0.8747313419977824,-1.4425156799309746,14.505951527162892,-11.742895038789365,0.0,0.0
ES2004b,799,0.7065990964571635,0.408698429663976,0.3556319276491801,0.1617936690648397,0.043944639464219414,0.3862800399462382,0.3492772579193115,0.8865629633267721,5.783480737417638,8.439533052020595,-2.937963199560292,0.0,0.0
ES2004b,800,0.7259822885195414,0.48405033349990845,0.12729092687368393,0.18259640534718832,0.09193399051825206,0.412071814139684,0.4562232593695323,0.6568705340226492,8.05507123336884,6.58909984642255,3.4412520088459417,0.0,0.0
ES2004b,801,0.7781513333320618,0.5837623377641042,0.2898753782113393,0.20250682532787323,0.0911495170245568,0.3542163670063019,0.43154993653297424,0.9458675583203634,4.456581998821727,0.7433113606392628,0.8813016700060815,0.0,0.0
ES2004b,802,0.8373956282933553,0.6590151985486349,0.44802504529555637,0.3095501959323883,0.24943178767959276,0.5343941946824392,0.4410383701324463,0.9632490475972494,6.439947495359786,-0.5991535839038464,-2.5286341740704112,0.0,0.0
ES2004b,803,0.8361267248789469,0.7559394836425781,0.27268698811531067,0.22032019992669424,0.09600724776585896,0.3508312503496806,0.49179549018541974,0.8306233882904053,5.665416701445433,-1.816457237875533,-4.315765014041213,0.0,0.0
ES2004b,804,0.7480372985204061,0.5889662802219391,0.5105873843034109,0.1944613034526507,0.13548127437631288,0.5276541213194529,0.382371058066686,0.4136923874417941,2.686440461666102,-13.416542566726996,0.6678750057228834,0.0,0.0
ES2004b,805,0.7521573106447855,0.6470397114753723,0.31322718660036725,0.20220957696437836,0.10711156204342842,0.33474015196164447,0.4009667932987213,0.9610372384389242,1.8696393969106886,-11.940447968882602,1.9767916076270249,0.0,0.0
ES2004b,806,0.8330107728640238,0.5690005421638489,0.22447087367375693,0.14102145036061606,0.05167137707273165,0.5582726995150248,0.47826632857322693,0.7372213204701742,2.7345902402022535,-4.704108412331117,-2.23527233317687,0.0,0.0
ES2004b,807,0.6117720603942871,0.45284538467725116,0.33556487907965976,0.13566413770119348,0.04813274430731932,0.6303112904230753,0.4192539652188619,0.8177372217178345,4.598634182349024,-12.464661374406873,-2.0509843265483614,0.0,0.0
ES2004b,808,0.73491370677948,0.643883059422175,0.35755622883637744,0.17361382395029068,0.08103321492671967,0.4778665602207184,0.42556849122047424,0.9517642259597778,7.177464213628437,-12.929018306620046,-3.715661785919215,0.0,0.0
ES2004b,809,0.7300447821617126,0.454313188791275,0.32167696456114453,0.11720923334360123,0.07018190125624339,0.28783869246641797,0.378658930460612,0.9814265171686808,3.4574930131176225,-8.178370997752872,-1.5515368567675447,0.0,0.0
ES2004b,810,0.8382041056950887,0.638505240281423,0.15376527607440948,0.10537622372309367,0.04033744086821874,0.39420249064763385,0.48745285471280414,0.7846154769261678,1.6287829052999225,0.9280098199372685,-2.527620437241167,0.0,0.0
ES2004b,811,0.7825578451156616,0.5942786931991577,0.2774045467376709,0.10481700797875722,0.050422386576732,0.45930635929107666,0.5089951654275259,0.7877660393714905,1.447897501872264,-1.247068576021145,-3.100962300847083,0.0,0.0
ES2004b,812,0.8006610671679179,0.6318448980649313,0.29715417325496674,0.16549576818943024,0.09011078129212062,0.4639872610569,0.4505331019560496,0.8329615592956543,2.8593121347420265,-0.568012032429093,-5.233321580985319,0.0,0.0
ES2004b,813,0.80118860801061,0.6961482365926107,0.22097947200139365,0.13998426993687949,0.07658771177132924,0.38908042510350543,0.37375763058662415,0.962265412012736,6.418641764237779,-4.367982389476453,-4.54558095166817,0.0,0.0
ES2004b,814,0.7381302913029989,0.605296810468038,0.2018470217784246,0.15914810945590338,0.05656824509302775,0.4005650778611501,0.4903477927049001,0.5381736755371094,9.833423461046058,-0.6958709368464859,1.2032568203746414,0.0,0.0
ES2004b,815,0.7384114066759745,0.533922811349233,0.31523165106773376,0.2624175747235616,0.13505157083272934,0.4554446339607239,0.438446303208669,0.6790961138904095,10.330127123487845,4.154951148535221,4.569448999941968,0.0,0.0
ES2004b,816,0.6327005426088969,0.4321336845556895,0.16229762136936188,0.04958547775944074,0.01557537509749333,0.48461803793907166,0.5998014012972513,0.049196840574344,0.23718286348846238,8.08142113922464,0.9987600428727034,0.0,0.0
ES2004b,817,0.5919856230417887,0.307125781973203,0.19847503304481506,0.05917499586939812,0.024774660045901935,0.5609984000523885,0.3872137864430745,0.48470398750699434,4.753916180105701,-6.654582335198389,-4.678658324046789,0.0,0.0
ES2004b,818,0.48018351197242737,0.302791769305865,0.3651706675688426,0.09265094250440598,0.04204881004989147,0.2711801528930664,0.3415715992450714,0.5708286811908087,10.28068145870749,-22.41105786395957,-12.040400611925682,0.0,0.0
ES2004b,819,0.6935599644978842,0.5207529862721761,0.3842012782891591,0.09247006227572759,0.06032685935497284,0.36715563635031384,0.46639159321784973,0.9827377398808798,9.81534894029784,-8.184300294196783,-5.0481960597681175,0.0,0.0
ES2004b,820,0.7705191771189371,0.644508441289266,0.38868239521980286,0.06388964131474495,0.061195796355605125,0.44821449120839435,0.5013506611188253,0.7700341542561849,5.572136792100161,3.257422791179637,1.230954413916432,0.0,0.0
ES2004b,821,0.7595967650413513,0.35654719670613605,0.39710894723733264,0.04789619520306587,0.014164295047521591,0.5163481732209524,0.5487802028656006,0.9030130902926127,-0.42254217979462183,6.53017338745321,-2.321279900181296,0.0,0.0
ES2004b,822,0.7363009254137675,0.5866903165976206,0.26559720436731976,0.07715756942828496,0.06577097562452157,0.5320769548416138,0.4725561241308848,0.6669995499153932,1.0543148119332872,-3.0657454871007737,-0.9180897365440882,0.0,0.0
ES2004b,823,0.7792269190152487,0.5988872448603312,0.4022396405537923,0.1428847350180149,0.08958616914848487,0.3482759892940521,0.5232325891653696,0.8064219951629639,9.973247085791236,-5.264589000724037,3.207961451034253,0.0,0.0
ES2004b,824,0.733158548672994,0.5675645470619202,0.360512634118398,0.055232107639312744,0.04010211179653803,0.487180029352506,0.4793161948521932,0.9050362308820089,7.733003593789232,-2.9941852083223672,3.4625493898698836,0.0,0.0
ES2004b,825,0.7924742102622986,0.5210470259189606,0.3897281885147095,0.06100967278083166,0.030833236873149872,0.603403627872467,0.5341823597749075,0.8352198004722595,9.127420433504035,-1.37242953514203,3.9515616119106194,0.0,0.0
ES2004b,826,0.7238569855690002,0.46170101563135785,0.3005636582771937,0.05037432536482811,0.031888436526060104,0.43772054215272266,0.5600085655848185,0.7436153292655945,7.785592181853491,1.5205651655136505,3.6688918962128345,0.0,0.0
ES2004b,827,0.8096544146537781,0.5588540037473043,0.271187166372935,0.08825527628262837,0.02968320995569229,0.5345711708068848,0.5260983109474182,0.9917976458867391,2.6881599278053163,8.948243987373992,1.8853887030031016,0.0,0.0
ES2004b,828,0.6479148666063944,0.39527496695518494,0.1946073373158773,0.07482886066039403,0.02439605010052522,0.5300591289997101,0.47788016001383465,0.6571188240001599,2.9443737449063954,-6.509901024327533,0.768767558024852,0.0,0.0
ES2004b,829,0.6821050047874451,0.4934437721967697,0.3909919063250224,0.09687200809518497,0.051280051159361996,0.37473364174366,0.4781002402305603,0.4320135662953059,0.5494729362687428,-17.553928069321366,1.7051822395163228,0.0,0.0
ES2004b,830,0.732093095779419,0.34027041494846344,0.43780850370724994,0.10573379198710124,0.03431845890978972,0.4861220717430115,0.3251585563023885,0.7084524631500244,-7.224259931748463,26.21723734858252,-14.048555625477936,0.0,0.0
ES2004b,831,0.6860907475153605,0.28461789588133496,0.3755199412504832,0.08278412371873856,0.030057134727636974,0.6161542038122813,0.3314212163289388,0.4314868201812108,-7.0890391345819515,23.52444468617655,-15.41920284966434,0.0,0.0
ES2004b,832,0.6657982468605042,0.28942052523295086,0.3418297717968623,0.0974706436196963,0.03118483970562617,0.6538112759590149,0.3417087097962697,0.8217235604921976,-5.632853636303442,21.019952594518035,-12.063059168553854,0.0,0.0
ES2004b,833,0.7830014626185099,0.4312686125437419,0.4373878041903178,0.10850522915522258,0.02602497674524784,0.3911633590857188,0.39335710803667706,0.34182072430849075,-2.999999550132887,12.33118739365498,-4.966941059456615,0.0,0.0
ES2004b,834,0.6699724098046621,0.3470060129960378,0.5006753156582514,0.126270001133283,0.029997897644837696,0.554802656173706,0.33163600663344067,0.3716765468319257,-0.6023304439930183,-2.9485709829941555,0.3057863746399641,0.0,0.0
ES2004b,835,0.6891395847002665,0.4937245051066081,0.2622760534286499,0.14631606141726175,0.06261505434910457,0.29936544100443524,0.4237106343110402,0.9071864485740662,2.1361333695882023,-12.680476680340023,-1.0935806512200115,0.0,0.0
ES2004b,836,0.6977628270785013,0.43316112955411273,0.43840815623601276,0.14139832307895026,0.054968975484371185,0.2912566711505254,0.38792183995246887,0.9755471348762512,6.533586135425232,-6.068426675638311,-2.4090280190954476,0.0,0.0
ES2004b,837,0.7246352235476176,0.45345886548360187,0.5933388670285543,0.17179015775521597,0.03294190143545469,0.35762784878412884,0.4622347156206767,0.4794455412775278,9.196344803512238,13.212029784023391,-11.914478489919189,0.0,0.0
ES2004b,838,0.7060941457748413,0.38504398862520856,0.7929091850916544,0.19771333038806915,0.03364361263811588,0.32707710564136505,0.43881796797116596,0.6425897895048062,11.021817343093636,18.204753596494147,-19.040544861493572,0.0,0.0
ES2004b,839,0.6440929969151815,0.3768337368965149,0.6415187219778696,0.20052576065063477,0.043648255368073784,0.5351702272891998,0.4316267967224121,0.4041603033741315,10.607549962966205,16.995386308464873,-9.152649899211434,0.0,0.0
ES2004b,840,0.534199466307958,0.390595664580663,0.5918493568897247,0.13970689723889032,0.048516131937503815,0.3950166205565135,0.3396114408969879,0.6740504453579584,6.709727522501294,15.312525413851086,0.7708865658904202,0.0,0.0
ES2004b,841,0.4430582622687022,0.2966242730617523,0.3467415124177933,0.08332005143165588,0.03362842959662279,0.5424715280532837,0.2568520853916804,0.7819845974445343,5.337842456472664,13.972435692570805,2.9999414718900876,0.0,0.0
ES2004b,842,0.4701034228006999,0.28541045884291333,0.40230853855609894,0.08532264331976573,0.03233359629909197,0.38347020248572034,0.2970959444840749,0.9335695306460062,5.613732043538427,17.83069061130008,3.728893881590422,0.0,0.0
ES2004b,843,0.5403863986333212,0.2611978004376094,0.439543937643369,0.1057884618639946,0.05504195267955462,0.5002802213033041,0.2889234224955241,0.7942748864491781,3.4056206004091876,22.43346762364904,-0.45485749709839113,0.0,0.0
ES2004b,844,0.585610161225001,0.2565229882796605,0.6300235788027445,0.12254880617062251,0.04464800966282686,0.42620301246643066,0.3434966405232747,0.98794557650884,3.417260432445459,23.91785852855887,-3.140380341705369,0.0,0.0
ES2004b,845,0.47637603680292767,0.246185173590978,0.45294609665870667,0.14508642007907233,0.06496072684725125,0.44846487045288086,0.27986668546994525,0.9041127959887186,2.4426209251891238,25.056803037858803,-4.806190262571402,0.0,0.0
ES2004b,846,0.5392108261585236,0.23139671484629312,0.5116082032521566,0.10103465119997661,0.037177142376701035,0.26078736782073975,0.3122122387091319,0.2557178984085719,3.390803861711985,25.257721000039652,-4.360897138551384,0.0,0.0
ES2004b,847,0.42443705598513287,0.20315062503019968,0.5653059581915537,0.16879155486822128,0.05987832136452198,0.4288352330525716,0.279410183429718,0.9774418671925863,0.8758293391322894,22.296467859722913,-5.585395646099006,0.0,0.0
ES2004b,848,0.5340963999430338,0.237458735704422,0.6739638050397238,0.20339341958363852,0.05642096077402433,0.6036937038103739,0.3488033513228099,0.9263378779093424,-0.2652466365529755,15.488056663071518,-7.675418538015596,0.0,0.0
ES2004b,849,0.5859281222025553,0.33715514341990155,0.4253552705049515,0.1874919111529986,0.07307866339882214,0.48846859733263653,0.3240204155445099,0.9764723181724548,1.3450192441232947,-4.684156578793716,-3.0346030439559595,0.0,0.0
ES2004b,850,0.6261576513449351,0.29816949367523193,0.33421626687049866,0.1589482774337133,0.07695835207899411,0.3978443642457326,0.3431613544623057,0.7878615260124207,2.3030218385468246,-21.925302245954672,1.1273187438414773,0.0,0.0
ES2004b,851,0.7570199171702067,0.5873092412948608,0.4376862545808156,0.15567183246215185,0.03917990376551946,0.5577143629391988,0.45204225182533264,0.47170837596058846,3.9285612477183265,8.041824848626591,-5.558753911171638,0.0,0.0
ES2004b,852,0.7695807417233785,0.6489889025688171,0.5474656919638315,0.13238080590963364,0.037309700002272926,0.4367229441801707,0.39299826820691425,0.7147711912790934,1.936181001727473,6.849074774116243,-5.296267360713657,0.0,0.0
ES2004b,853,0.8175984223683676,0.709449976682663,0.3330761690934499,0.13838920245567957,0.04461325394610564,0.39234105745951336,0.41699231664339703,0.7310183495283127,4.419620809581616,7.504615935648773,-2.910558457498167,0.0,0.0
ES2004b,854,0.8585923910140991,0.7465702891349792,0.40963955223560333,0.13688825070858002,0.06064298003911972,0.33979273835817975,0.45981664458910626,0.8602197567621866,4.951755789303426,1.8713729929689842,-2.476218380291055,0.0,0.0
ES2004b,855,0.8273112376530966,0.6339402794837952,0.22062168518702188,0.12632670750220618,0.06155203779538473,0.29069728155930835,0.43632733821868896,0.5235041926304499,6.507630025767438,2.160539110504517,-3.556328861577583,0.0,0.0
ES2004b,856,0.8386628230412801,0.6575961907704672,0.29790465037027997,0.13857083022594452,0.06073443964123726,0.39993788798650104,0.42710147301356,0.8960573077201843,3.66169828389463,2.1157500191748064,-3.000344510402188,0.0,0.0
ES2004b,857,0.7088854114214579,0.5100620289643606,0.3279174864292145,0.10737482955058415,0.01931773250301679,0.3810732513666153,0.4096687038739522,0.6994224190711975,2.002543303555001,10.879361761006534,-4.189604046925902,0.0,0.0
ES2004b,858,0.7554919322331747,0.5026781360308329,0.4209062208731969,0.09982823580503464,0.03809938455621401,0.33658696711063385,0.33576780557632446,0.7763877213001251,4.519569964101354,6.693901918234093,-3.72063911482687,0.0,0.0
ES2004b,859,0.7022985219955444,0.620203286409378,0.3760126282771428,0.17180648942788443,0.07260584210356076,0.4409592052300771,0.4739239315191905,0.944916288057963,5.096962980885087,-12.509013505470719,-5.4244650732628585,0.0,0.0
ES2004b,860,0.7385518749554952,0.6617207328478495,0.33905699849128723,0.2355185647805532,0.2675219774246216,0.3303600649038951,0.38381274541219074,0.8505693674087524,3.9129769913999866,-13.403474618687321,-5.2255217539209315,0.0,0.0
ES2004b,861,0.8420524597167969,0.7303545872370402,0.45170319080352783,0.1700502187013626,0.08566603561242421,0.49542561173439026,0.48018690943717957,0.8105724155902863,6.308602381454587,0.3387229182326266,-3.307454950220714,0.0,0.0
ES2004b,862,0.7896957198778788,0.6527522007624308,0.2849308003981908,0.20760426918665567,0.12893989433844885,0.44922759135564166,0.4626084367434184,0.989317774772644,0.8882013167849662,4.110160839060917,-4.476956733973905,0.0,0.0
ES2004b,863,0.7123305598894755,0.45041342576344806,0.18729601303736368,0.17641806602478027,0.06560175307095051,0.4655315726995468,0.36130252480506897,0.9951155185699463,0.3502314236689932,8.777300247030196,-4.234721303567148,0.0,0.0
ES2004b,864,0.5579753716786703,0.20679153501987457,0.6732357939084371,0.07054436455170314,0.024025601024429005,0.34674851099650067,0.38983555634816486,0.9808420936266581,0.08993047517570367,-8.3303727671576,-15.902259843086453,0.0,0.0
ES2004b,865,0.6522939006487528,0.26012615362803143,0.495762179295222,0.059387337416410446,0.016936946660280228,0.3639021913210551,0.3470843931039174,0.9870060284932455,-0.674040413003171,-7.311705489484285,-15.843644322933377,0.0,0.0
ES2004b,866,0.5574277639389038,0.2116458664337794,0.3739192932844162,0.05316880842049917,0.02568816828231017,0.290106733640035,0.381981760263443,0.9445585211118063,1.129791573576101,-6.9050638644350615,-9.908700946766215,0.0,0.0
ES2004b,867,0.6563073396682739,0.4866107801596324,0.2589959551890691,0.0979951024055481,0.14810111497839293,0.3656112998723984,0.609860897064209,0.6766614218552908,-20.089511311232133,1.025408883298495,6.2026642222588455,0.0,0.0
ES2004b,868,0.76944899559021,0.49399606386820477,0.45013241469860077,0.1867692619562149,0.08892077766358852,0.4463263104359309,0.39150641361872357,0.7496015926202139,5.663556514247513,8.339029502400287,-12.101758515041999,0.0,0.0
ES2004b,869,0.7830193241437277,0.5128320654233297,0.6195435225963593,0.16570555418729782,0.0409795648107926,0.5032834708690643,0.38270773490269977,0.9629305203755697,4.560113201444181,8.597094340527862,-7.711826680534009,0.0,0.0
ES2004b,870,0.7823314865430196,0.6176846623420715,0.383628249168396,0.13404077043135962,0.04118827233711878,0.4267067809899648,0.45207279920578003,0.8563216328620911,6.1229257524336695,9.031430854224721,-4.288744739273537,0.0,0.0
ES2004b,871,0.6699215571085612,0.38668715953826904,0.6250023345152537,0.1855024794737498,0.04501735667387644,0.47179393966992694,0.34551289677619934,0.8553909063339233,5.927007577822575,16.97577693891999,-4.779492017411286,0.0,0.0
ES2004b,872,0.7008428374926249,0.5451623102029165,0.5932839165131251,0.18948685626188913,0.058612409979104996,0.4870050251483917,0.4359237353006999,0.6299474537372589,4.860581198470264,15.983712368279328,-10.733029879066812,0.0,0.0
ES2004b,873,0.7933523853619894,0.6403895417849222,0.42537084221839905,0.30516792337099713,0.14382735391457876,0.3923081358273824,0.35461251934369403,0.9926786621411642,2.704794602135484,4.586053116297849,-10.006777613681933,0.0,0.0
ES2004b,874,0.8261897563934326,0.6753855645656586,0.30106212695439655,0.24985805650552115,0.11109877253572147,0.32805199921131134,0.44206884503364563,0.9749916593233744,3.692104279055808,-0.34650793791833756,-0.8221168111291318,0.0,0.0
ES2004b,875,0.7574998537699381,0.7240001757939657,0.37236688534418744,0.17803981403509775,0.0679616816341877,0.5398928821086884,0.4778646032015483,0.5802554848293463,6.209319450596862,5.528920909614148,-4.082463695686052,0.0,0.0
ES2004b,876,0.7742540041605631,0.6625576416651408,0.21613578498363495,0.16094746192296347,0.06273966282606125,0.42826642592748004,0.4247356951236725,0.9312566121419271,0.11701317818490221,6.942204308729633,-4.883192738056728,0.0,0.0
ES2004b,877,0.8457648158073425,0.7573716839154562,0.1885217527548472,0.17653104911247888,0.1490445633729299,0.4479698638121287,0.40917696555455524,0.9513554175694784,4.148500881225167,3.3223416088746003,-1.7593830319682748,0.0,0.0
ES2004b,878,0.8592274188995361,0.8334688345591227,0.32512838145097095,0.23497060934702554,0.1769367754459381,0.48356618483861286,0.47282978892326355,0.9568042556444804,4.576627880547785,0.9234433701544921,-1.727084127766882,0.0,0.0
ES2004b,879,0.8500474095344543,0.8249683976173401,0.31137335300445557,0.165678138534228,0.14054388056198755,0.35006214678287506,0.4246735672156016,0.9972402254740397,10.410661870243198,0.4099293656379775,0.2015649492650895,0.0,0.0
ES2004b,880,0.842378040154775,0.7530834476153055,0.2669618179400762,0.1326171730955442,0.09544446816047032,0.46542587379614514,0.4215274353822072,0.8436925212542216,12.199231416730626,4.771037958673063,3.657162831841689,0.0,0.0
ES2004b,881,0.8058483799298605,0.786544938882192,0.26706019540627796,0.17267111192146936,0.09754704808195432,0.384517381588618,0.4156900644302368,0.8903652230898539,12.42999284326728,5.4997606961008225,3.561175442022923,0.0,0.0
ES2004b,882,0.8005342284838358,0.7311445077260336,0.2691110869248708,0.17347033073504767,0.11123321081201236,0.45163507262865704,0.47693727413813275,0.7687380512555441,10.59669697762991,6.788269882835322,2.1240758657114784,0.0,0.0
ES2004b,883,0.6387043197949728,0.2895689209302266,0.20512999594211578,0.06109875813126564,0.016797941488524277,0.24715078870455423,0.4440315862496694,0.9475052754084269,1.693622136396738,5.106784160027733,-14.022478150937863,0.0,0.0
ES2004b,884,0.6803788542747498,0.3511180380980174,0.3767592857281367,0.09292710324128468,0.01930374652147293,0.5248788595199585,0.5003399749596914,0.4665331095457077,-0.4821241513295929,5.442980950267267,-3.9632393329641324,0.0,0.0
ES2004b,885,0.6019859115282694,0.27752258876959485,0.32711635033289593,0.06111729020873705,0.014379116706550121,0.26638008157412213,0.4682153860727946,0.9810245037078857,0.30198352654934085,1.7341007505827566,-15.228220856954612,0.0,0.0
ES2004b,886,0.6140621304512024,0.25260603427886963,0.34381015102068585,0.07318980991840363,0.025545832701027393,0.24839980900287628,0.4603886405626933,0.9932589133580526,-1.183124876448576,7.332052918216802,-14.674345244227746,0.0,0.0
ES2004b,887,0.5821411410967509,0.30478933453559875,0.2794918715953827,0.0862125630180041,0.031242504095037777,0.24327010164658228,0.42550115784009296,0.9938046336174011,2.75326582782388,-1.3775318174577322,-12.134460048349593,0.0,0.0
ES2004b,888,0.6329124768575033,0.3458655774593353,0.3435625334580739,0.06737613802154858,0.01762143863985936,0.13646126041809717,0.5367371439933777,0.6560431023438772,-0.8609534659628334,9.83408772003913,-14.644376595351652,0.0,0.0
ES2004b,889,0.5714011788368225,0.2720453143119812,0.533568263053894,0.08511410777767499,0.03196887734035651,0.23485295474529266,0.5383706589539846,0.8668721715609232,-1.20648861531661,21.386581457444965,-17.75845076728282,0.0,0.0
ES2004b,890,0.6441362301508585,0.2900116741657257,0.49128365019957226,0.08798375229040782,0.04271869423488776,0.40183407068252563,0.5132136642932892,0.7542090713977814,1.3397561156645699,18.539247817705643,-20.322756306847324,0.0,0.0
ES2004b,891,0.7440269986788431,0.5098311603069305,0.3621995598077774,0.06937737514575322,0.022385503475864727,0.15618538856506348,0.5212667187054952,0.5244220991929373,1.9808831886941938,10.380503207131099,-17.337338968493892,0.0,0.0
ES2004b,892,0.6316407322883606,0.25373154878616333,0.5841787358125051,0.08041474968194962,0.020097784077127773,0.15568896134694418,0.4822629888852437,0.9053637584050497,-1.5304011306658616,18.988122469869527,-17.940463161255554,0.0,0.0
ES2004b,893,0.6577327052752177,0.30746813615163165,0.5901545385519663,0.08185287192463875,0.023541610067089398,0.29919347167015076,0.536453902721405,0.6614709794521332,0.36750731378904317,14.79559688921298,-18.196774663790013,0.0,0.0
ES2004b,894,0.6691050330797831,0.33996343115965527,0.4603019207715988,0.07460944478710492,0.021221226702133816,0.25742748379707336,0.49219125509262085,0.9701700011889139,1.1403409311846466,5.299724508165805,-17.744564264118303,0.0,0.0
ES2004b,895,0.681612233320872,0.42903006076812744,0.27704625328381854,0.06668428828318913,0.023059650945166748,0.22732574492692947,0.47637009620666504,0.941099226474762,1.1113671217072383,-0.9153229962599125,-16.149326798071034,0.0,0.0
ES2004b,896,0.772796094417572,0.5354805787404379,0.1660748173793157,0.06302919238805771,0.03185631583134333,0.28129400312900543,0.4877449572086334,0.9537210265795389,-0.6024466153167516,-3.167101505003695,-12.054905957750586,0.0,0.0
ES2004b,897,0.5523703098297119,0.276872714360555,0.3478710502386093,0.0636876051624616,0.02245796037216981,0.418504257996877,0.4949560860792796,0.6210308062533537,1.6254475182751795,-10.275836181908401,-8.062628838950689,0.0,0.0
ES2004b,898,0.5689204633235931,0.5807704528172811,0.4878394405047099,0.0982083169122537,0.030478434016307194,0.3655032416184743,0.5394710501035055,0.6810833116372427,-14.160468020158289,-22.026650534900327,-5.538893005056454,0.0,0.0
ES2004b,899,0.7315527399381002,0.34359044830004376,0.5361128052075704,0.057909575601418815,0.03586633875966072,0.6167494455973307,0.5586193005243937,0.8641859690348307,-1.433728901006461,1.8533266998966509,3.0999252478476946,0.0,0.0
ES2004b,900,0.7349195679028829,0.3907277782758077,0.4856204191843669,0.05338185901443163,0.04031633151074251,0.6132811009883881,0.5146503647168478,0.8192446629206339,-3.091068186384506,-2.027462088972887,2.439875763707373,0.0,0.0
ES2004b,901,0.6461092829704285,0.26740780969460803,0.6856237451235453,0.04802732914686203,0.04823925967017809,0.660801370938619,0.5118947327136993,0.7270846863587698,-3.906453656705613,-2.3479966164499095,2.205783795084749,0.0,0.0
ES2004b,902,0.6970852216084799,0.34196702639261883,0.6104972064495087,0.05388810485601425,0.04012683779001236,0.7712235252062479,0.5383846163749695,0.8105564514795939,-1.3268552340631798,-0.5651707292913085,0.26648748401303796,0.0,0.0
ES2004b,903,0.7387129068374634,0.4552574058373769,0.31745006144046783,0.062353835751612983,0.060550209445257984,0.5110044678052267,0.5140519638856252,0.6978965476155281,0.9849031829466748,-1.5378468138210197,-0.9832963507578732,0.0,0.0
ES2004b,904,0.7363848487536112,0.424271027247111,0.44227280219395954,0.0599760003387928,0.018710574756066006,0.6198999087015787,0.5436099370320638,0.7979393204053243,0.025991615901961012,8.235237456127178,-1.6793111768428661,0.0,0.0
ES2004b,905,0.7324707508087158,0.3819788098335266,0.44331161181132,0.060032342871030174,0.02495229399452607,0.48911138375600177,0.5841865936915079,0.7368204394976298,1.2590753860228021,11.69744729093952,-0.8546711590169932,0.0,0.0
ES2004b,906,0.6973337928454081,0.3709295491377513,0.39832208553949994,0.07359932363033295,0.013954190537333488,0.7195402185122172,0.5741904973983765,0.3985673189163208,-2.243149120722507,8.436352967008236,-2.7217755496087523,0.0,0.0
ES2004b,907,0.6787491838137308,0.49893078207969666,0.32402169704437256,0.07995444784561793,0.029001081983248394,0.5737118025620779,0.43028826514879864,0.6804288327693939,0.996248330033023,-3.003777393529995,-5.868202564032742,0.0,0.0
ES2004b,908,0.7393696506818136,0.400149126847585,0.5229425132274628,0.07289753357569377,0.025575062880913418,0.6123022039731344,0.4509691298007965,0.7157704879840215,4.9760558278452685,1.4196857759434902,-3.194006469181416,0.0,0.0
ES2004b,909,0.6533902188142141,0.3894946575164795,0.346610963344574,0.06510575984915097,0.026064167109628517,0.34470923244953156,0.4774000147978465,0.6036428175866604,4.383441293151266,-5.56189852223451,-0.10005007651884885,0.0,0.0
ES2004b,910,0.7299786806106567,0.3951728641986847,0.34083277483781177,0.12565755223234495,0.07211702316999435,0.4405318697293599,0.4574742317199707,0.8681611816088358,3.757230482190295,-5.422354287562478,2.596013852658705,0.0,0.0
ES2004b,911,0.804070254166921,0.5080799361069998,0.30348601937294006,0.06907777860760689,0.045477014034986496,0.46953898668289185,0.5655760765075684,0.7961320877075195,5.697032539379401,-3.193468009622809,1.3814110020048638,0.0,0.0
ES2004b,912,0.6784369150797526,0.4099443157513936,0.29209696253140766,0.05665091797709465,0.024274485806624096,0.4188867509365082,0.6412747701009115,0.5669612089792887,2.1091645126545973,-18.099493735365787,-0.31977438439072986,0.0,0.0
ES2004b,913,0.8144526282946268,0.6321738163630167,0.23734986782073975,0.05628021930654844,0.02623953732351462,0.5026338597138723,0.5926238695780436,0.8739200234413147,5.818055594997261,3.3423470456451425,0.27091767125023175,0.0,0.0
ES2004b,914,0.6588131785392761,0.46194617946942645,0.4271855354309082,0.09537815178434055,0.05295887775719166,0.41177240014076233,0.4274180829524994,0.9285433093706766,1.5051885921508135,-2.2354187972939026,1.2234605656084678,0.0,0.0
ES2004b,915,0.6316242814064026,0.3161166658004125,0.36506447196006775,0.04532311980923017,0.018985304981470108,0.43800830096006393,0.3871380587418874,0.6388573696215948,-2.038071728125009,-6.6598306654461235,3.1521683238884997,0.0,0.0
ES2004b,916,0.5101419687271118,0.299652432401975,0.3643944561481476,0.0935623546441396,0.05202787555754185,0.3691604534784953,0.42531440655390423,0.8303163647651672,-2.848447959751424,-2.302808318180741,1.0017704143455066,0.0,0.0
ES2004b,917,0.5681155920028687,0.3393137753009796,0.4161056578159332,0.07259701192378998,0.044412750750780106,0.5178027947743734,0.47244547804196674,0.9622572064399719,-1.5047214630267234,-3.0723985201194606,1.7603240313829962,0.0,0.0
ES2004b,918,0.6824170152346293,0.3990524709224701,0.44419803222020465,0.0462317888935407,0.023959485813975334,0.5888820290565491,0.5458268225193024,0.8430960377057394,1.1093478786943998,-2.6005104139322897,3.310413256773499,0.0,0.0
ES2004b,919,0.5721396009127299,0.2483439197142919,0.431170458594958,0.06479277710119884,0.03544036174813906,0.45589956641197205,0.3638511896133423,0.8074779907862345,5.603126396777959,-9.352383486782747,-6.635121374052939,0.0,0.0
ES2004b,920,0.5957401196161906,0.3953758676846822,0.28274837136268616,0.19993298004070917,0.1526955415805181,0.5308251877625784,0.4309899111588796,0.8822206457455953,10.378340011209604,-14.276484859060327,-3.9388012038562077,0.0,0.0
ES2004b,921,0.7144551475842794,0.49041323860486347,0.36825136343638104,0.09108622123797734,0.06928328486780326,0.5148531297842661,0.485565721988678,0.9929517507553101,6.866553193086246,3.8303009209889427,2.243681398674374,0.0,0.0
ES2004b,922,0.6762282053629557,0.46208282311757404,0.5738491515318552,0.05536448955535889,0.0345385999729236,0.39910660187403363,0.5259025494257609,0.877618134021759,4.0546487528910475,-2.605531154824728,0.7273651078937377,0.0,0.0
ES2004b,923,0.6973057786623637,0.4178992410500844,0.4085683623949687,0.09007204448183377,0.04499533586204052,0.32861950993537903,0.5243174135684967,0.8558833599090576,5.350112236868116,-4.261956036958861,5.385125629256034,0.0,0.0
ES2004b,924,0.6502946416536967,0.3389780918757121,0.41403889656066895,0.05252355461319288,0.025036757811903954,0.4839814802010854,0.49822304646174115,0.7006467084089915,4.396620077404673,-1.3525206063895086,5.821240197716473,0.0,0.0
ES2004b,925,0.6891372998555502,0.39026286204655963,0.3575010647376378,0.05544261385997137,0.03803634891907374,0.4692775110403697,0.5718746185302734,0.8905148506164551,2.057310510155667,-3.1464817981486015,3.5903352562434523,0.0,0.0
ES2004b,926,0.6606244643529257,0.43653278549512226,0.2520335962375005,0.055416556696097054,0.017998505694170792,0.19500435888767242,0.4563608368237813,0.7687386969725291,3.2057002118100932,2.1691005516444792,-15.811216129157964,0.0,0.0
ES2004b,927,0.7006176312764486,0.3403191516796748,0.29356250166893005,0.058115098625421524,0.014353935606777668,0.15794824063777924,0.5114832321802775,0.41695110003153485,-0.39838746256993735,8.382467537717526,-17.67825739538881,0.0,0.0
ES2004b,928,0.6770524978637695,0.3053825298945109,0.46322425206502277,0.07440427566568057,0.020056791914006073,0.2889053175846736,0.48533979058265686,0.9654396375020345,2.421554337880672,6.019539321009563,-17.080598319138243,0.0,0.0
ES2004b,929,0.8059321244557699,0.47732436656951904,0.4046252171198527,0.09009897957245509,0.057153558979431786,0.17445378502209982,0.4324326316515605,0.9866039554278055,4.298500970493008,2.746733843505881,-16.93007361088381,0.0,0.0
ES2004b,930,0.7486797769864401,0.44904733697573346,0.28311047454675037,0.07553159693876903,0.028660206745068233,0.16972939173380533,0.46840085585912067,0.8141334056854248,1.753189558352112,5.078957607613141,-20.24065954616106,0.0,0.0
ES2004b,931,0.7544380227724711,0.6077805757522583,0.3751731961965561,0.113368920981884,0.048866925140221916,0.23570570349693298,0.5429417093594869,0.9588890075683594,-0.47226260929125524,5.357615754236583,-19.402383549212686,0.0,0.0
ES2004b,932,0.7746550043423971,0.5948162376880646,0.25334304571151733,0.1050986647605896,0.08483100403100252,0.1281814749042193,0.534501830736796,0.9248349865277609,-0.9881731683520772,4.425924789548424,-18.75284987071466,0.0,0.0
ES2004b,933,0.6655994057655334,0.27364907662073773,0.4742509722709656,0.09498097747564316,0.0468879546970129,0.37546388804912567,0.398196816444397,0.7502098679542542,-6.1313920722591595,-9.105814726601475,-11.35476752367409,0.0,0.0
ES2004b,934,0.6781894365946451,0.308772752682368,0.24171623090902963,0.10410502552986145,0.053275048111875854,0.2185377130905787,0.4182519316673279,0.9645923773447672,-7.571729880279093,4.026727223122145,-13.402262616242586,0.0,0.0
ES2004b,935,0.6611790855725607,0.35439838965733844,0.2336884786685308,0.08629354586203893,0.031321510672569275,0.3029874563217163,0.5332742730776469,0.6606689294179281,-3.357526121915267,5.947608835697754,-17.67226307021694,0.0,0.0
ES2004b,936,0.6811220447222391,0.4385949472586314,0.26059775054454803,0.08390842005610466,0.0337615218013525,0.15031287570794424,0.5118693312009176,0.9246929486592611,-0.8239835602084177,3.083755665272772,-18.191661280017062,0.0,0.0
ES2004b,937,0.6832551757494608,0.41962262988090515,0.3740637004375458,0.061146883914868035,0.02165905199944973,0.1073378399014473,0.4567451973756154,0.9423008561134338,2.5809519312260663,4.145177480402392,-17.94732409759263,0.0,0.0
ES2004b,938,0.6637069781621298,0.29084503650665283,0.3770381857951482,0.07141851137081782,0.019950090286632378,0.21360924343268076,0.45793039600054425,0.9367112119992574,-0.3776758161807739,10.068701608475687,-19.063826841838832,0.0,0.0
ES2004b,939,0.7147868275642395,0.4258584529161453,0.3966033806403478,0.07091778889298439,0.026046480362613995,0.18151751160621643,0.49244846900304157,0.7017978131771088,-1.1544140771373683,5.555242335288032,-18.53666773250068,0.0,0.0
ES2004b,940,0.748543401559194,0.4605730175971985,0.2898312856753667,0.05966645106673241,0.022033150618275005,0.11984144647916158,0.44994407892227173,0.8926966190338135,-0.8788157099630082,-0.5317356119972341,-16.620572316782784,0.0,0.0
ES2004b,941,0.7154281735420227,0.5208241442839304,0.3761572539806366,0.3103950967391332,0.1528125454982122,0.44035497307777405,0.41016849875450134,0.9139835834503174,8.964726767212525,14.147449562820384,-2.9131993256796993,0.0,0.0
ES2004b,942,0.6819795568784078,0.4453086853027344,0.43646033604939777,0.3004555106163025,0.19991235807538033,0.4237385292847951,0.4353780845801036,0.8262089292208353,9.787103896287295,14.33433744737158,-4.613834593206884,0.0,0.0
ES2004b,943,0.7437032063802084,0.48918116092681885,0.3902142991622289,0.20777650674184164,0.07353190332651138,0.4558550814787547,0.42761274178822833,0.8846835494041443,9.65586574805253,12.243119137315196,-3.72206431385457,0.0,0.0
ES2004b,944,0.7708103458086649,0.5353322923183441,0.36299359798431396,0.200078085064888,0.06664339763422807,0.4677722156047821,0.3930271069208781,0.9475710988044739,6.856313754518085,8.338480681429568,-4.417971391142768,0.0,0.0
ES2004b,945,0.7903421322504679,0.49113138516743976,0.22048713763554892,0.24923960864543915,0.126018226146698,0.47526978453000385,0.3794010281562805,0.994234542051951,1.8249957950154732,7.244302337916352,-3.8883780078612187,0.0,0.0
ES2004b,946,0.7943098545074463,0.5680257280667623,0.49760015805562335,0.4134333406885465,0.2744662364323934,0.4744005898634593,0.38565359512964886,0.9160324533780416,10.404449030504686,2.318454355171941,0.5869413682573269,0.0,0.0
ES2004b,947,0.7554399371147156,0.5565628210703532,0.455050786336263,0.11702548215786616,0.07973381380240123,0.38506095111370087,0.4516124427318573,0.6527548432350159,2.3017782667953637,-11.325281424166931,4.057131123764761,0.0,0.0
ES2004b,948,0.7631202737490336,0.4768009881178538,0.4301641384760539,0.07887824500600497,0.023359664405385654,0.40311773618062335,0.408733993768692,0.6543947656949362,-0.024535054135554013,-8.79441717818573,8.3268180657572,0.0,0.0
ES2004b,949,0.705259104569753,0.43473098675409955,0.4129870335261027,0.09166649853189786,0.050647420808672905,0.5384640594323477,0.49515440066655475,0.9467687606811523,-1.3258692374744248,2.7922483976082355,7.362268904217537,0.0,0.0
ES2004b,950,0.7721919020016988,0.5537449022134145,0.2688414628307025,0.060096729546785355,0.039746263374884926,0.4015804131825765,0.5832791825135549,0.9066709876060486,-3.584570840555918,1.661486857574855,6.61849427405284,0.0,0.0
ES2004b,951,0.7275105118751526,0.3733823299407959,0.3089383741219838,0.09873677790164948,0.026381878803173702,0.35408251484235126,0.5384521186351776,0.6314756671587626,-3.894142268883092,4.797901139670791,-21.11740125513376,0.0,0.0
ES2004b,952,0.7134992678960165,0.47538770238558453,0.42425669233004254,0.16251101593176523,0.049369148910045624,0.504711796840032,0.4147576193014781,0.8403635819753011,7.965811202615394,10.031128655647713,-1.3166639909319329,0.0,0.0
ES2004b,953,0.7180701692899069,0.4561171233654022,0.2984372327725093,0.12287390977144241,0.045398359497388206,0.3389100829760234,0.4224358598391215,0.8227277000745138,3.553471316669579,7.520910581459122,-3.866278139476853,0.0,0.0
ES2004b,954,0.7237526377042135,0.4305245776971181,0.38761595884958905,0.12924521416425705,0.03927563627560934,0.40619365374247235,0.49703601996103924,0.17918775354822478,4.592056648698108,14.864553284363675,-1.9404732361030803,0.0,0.0
ES2004b,955,0.7894923289616903,0.5536032219727834,0.15686203291018805,0.11651226381460826,0.028814522549510002,0.3938171366850535,0.4768340090910594,0.7414907217025757,5.115437633710941,8.090373139600183,-7.312372028537486,0.0,0.0
ES2004b,956,0.7682422796885172,0.5442890028158823,0.21091562509536743,0.2544083744287491,0.12099963054060936,0.48531744877497357,0.44371557235717773,0.7798516949017843,8.821429645099549,7.572823320383525,-6.7831723211230885,0.0,0.0
ES2004b,957,0.7623834808667501,0.5987831552823385,0.32436222831408185,0.15496174494425455,0.0668550468981266,0.43113623559474945,0.42788297931353253,0.866232673327128,8.69465572657562,9.871457738524576,-8.120758263227962,0.0,0.0
ES2004b,958,0.7463866869608561,0.6431128978729248,0.37027673919995624,0.1959047019481659,0.07242719891170661,0.464755117893219,0.39522350827852887,0.8859227299690247,7.99042489873712,9.374545861937754,-7.416709228416906,0.0,0.0
ES2004b,959,0.8518540064493815,0.8059894839922587,0.24978118886550268,0.15364211052656174,0.055582781632741295,0.3862089216709137,0.4653041164080302,0.3803298758963744,4.51918699953321,1.4808192805452356,-4.474828851507858,0.0,0.0
ES2004b,960,0.5641997953255972,0.3345361252625783,0.37968018154303235,0.14173552145560583,0.03192151399950186,0.3725564976533254,0.45042218764623004,0.9046400189399719,-4.969414795081477,9.277844382061957,-11.756450651612608,0.0,0.0
ES2004b,961,0.5178744395573934,0.33229326208432514,0.16487656285365423,0.12171928336222966,0.02013943127046029,0.2047825207312902,0.47287928064664203,0.9899706443150839,-4.196481871505966,6.629542951872647,-9.387185914549597,0.0,0.0
ES2004b,962,0.5028508901596069,0.3628302713235219,0.28974441687266034,0.15598701934019724,0.04815492716928323,0.23299569388230643,0.362705260515213,0.9989018638928732,-4.619690893550335,5.880735722267214,-3.7848691206298413,0.0,0.0
ES2004b,963,0.5091689030329386,0.2411613017320633,0.19112960000832876,0.12114568054676056,0.030038838585217793,0.08646098772684734,0.46058062712351483,0.9924643039703369,-5.197774739698444,6.40788114094953,-5.8673316524280805,0.0,0.0
ES2004b,964,0.4640769461790721,0.23208722472190857,0.20419102907180786,0.12301073968410492,0.014617161514858404,0.17715641359488168,0.5018693804740906,0.8543199102083842,-3.914333498088578,6.950123131599117,-8.462898684435757,0.0,0.0
ES2004b,965,0.7240590850512186,0.6778405904769897,0.3046441823244095,0.1313160980741183,0.03576782469948133,0.4795270661513011,0.5012075304985046,0.4372553850213687,-0.17483231370448407,0.5393310485442773,-4.129363036879243,0.0,0.0
ES2004b,966,0.7566798329353333,0.6400821407636007,0.14536930869023004,0.3081702118118604,0.1724528968334198,0.35597555836041767,0.4601564009984334,0.5289365723729134,-0.13369513707358424,2.7332039972085176,-4.625764301469395,0.0,0.0
ES2004b,967,0.8295935392379761,0.5943154493967692,0.2420920878648758,0.14747795214255652,0.0782759077847004,0.3212018857399623,0.4613306224346161,0.9804742733637491,1.8497039288757129,2.1612018395863757,-5.311600060315551,0.0,0.0
ES2004b,968,0.7089841763178507,0.44074417153994244,0.408651202917099,0.13961591819922128,0.046974796801805496,0.519139568010966,0.4143417576948802,0.7871691485246023,5.881171728461549,7.611496590411065,-6.923407450508615,0.0,0.0
ES2004b,969,0.8224300543467203,0.7613779703776041,0.2282090038061142,0.20929413040479025,0.15421263376871744,0.5728577375411987,0.465145081281662,0.9654685060183207,8.259300957153945,4.259783631178113,-2.1569693852619842,0.0,0.0
ES2004b,970,0.8494745890299479,0.7814299464225769,0.2763238350550334,0.16194859147071838,0.10982176785667737,0.41153356432914734,0.4129721323649089,0.9927993615468343,7.013441028206107,-1.1368783328979861,3.6105048374890174,0.0,0.0
ES2004b,971,0.6307899951934814,0.43566052118937176,0.23497469226519266,0.12991668283939362,0.07273624340693156,0.5502014954884847,0.40800240635871887,0.7128912409146627,-3.043085645103053,-14.505983167376158,4.310952886717295,0.0,0.0
ES2004b,972,0.6354459524154663,0.35713599622249603,0.4467669725418091,0.09187055130799611,0.046836090584596,0.376785010099411,0.3860503335793813,0.5909993400176367,-8.138483120547015,13.429470440199319,-9.823711237755198,0.0,0.0
ES2004b,973,0.6317326823870341,0.22939379513263702,0.510706384976705,0.07307448983192444,0.020735432704289753,0.28749093661705655,0.4201438824335734,0.4072047745188077,-5.324917950808145,31.03518104711756,-15.889158149898108,0.0,0.0
ES2004b,974,0.742281993230184,0.27094659705956775,0.5173988938331604,0.11257489522298177,0.033909604574243225,0.5284804304440817,0.3537982702255249,0.8924146890640259,-5.752169646433977,26.533934505136525,-16.039607639422115,0.0,0.0
ES2004b,975,0.6792463262875875,0.24625634650389353,0.4608576198418935,0.08059481531381607,0.027117219443122547,0.34835005303223926,0.32716848452885944,0.9840815663337708,-7.6806626416566175,24.700100130578164,-18.550981529555937,0.0,0.0
ES2004b,976,0.6918996572494507,0.34373148282368976,0.5781724552313486,0.12104783207178116,0.04768914977709452,0.43827079733212787,0.3414573272069295,0.7139958639939626,-6.829903853778227,25.369570722689648,-18.640662397437083,0.0,0.0
ES2004b,977,0.6921905477841696,0.3845776816209157,0.4723365604877472,0.1070801168680191,0.027491218720873196,0.48498902718226117,0.3923613429069519,0.43344337741533917,-5.553002836578158,20.03817812373776,-16.61236768092056,0.0,0.0
ES2004b,978,0.648459235827128,0.27570487062136334,0.5419801274935404,0.08230564494927724,0.01741659827530384,0.6042521397272745,0.3234526813030243,0.974314014116923,-6.360446274488233,15.735530954673068,-15.103815852465553,0.0,0.0
ES2004b,979,0.6590950886408488,0.5326557755470276,0.43366097410519916,0.11655723055203755,0.032223730658491455,0.4726067731777827,0.3714694380760193,0.8277812004089355,-0.6437220303537122,13.707427050468874,-12.099103517863691,0.0,0.0
ES2004b,980,0.7670233249664307,0.5802744825681051,0.5176928540070852,0.12756158659855524,0.03620112625261148,0.3847182293732961,0.3812825580437978,0.8840860923131307,3.052218295461175,10.299459604313505,-7.881807480497012,0.0,0.0
ES2004b,981,0.7367175817489624,0.5122221410274506,0.33199163277943927,0.10378186653057735,0.04401943211754163,0.30708033094803494,0.3904041349887848,0.8213350971539816,6.322043310252828,16.561298860916548,-7.007305689998225,0.0,0.0
ES2004b,982,0.7462396423021952,0.4788024127483368,0.572299192349116,0.1787674700220426,0.06769138388335705,0.354358231027921,0.3843470364809036,0.6554225583871206,4.747958153842084,17.911493626505557,-5.250622029820189,0.0,0.0
ES2004b,983,0.5371387402216593,0.27135218183199566,0.42340268691380817,0.06763964146375656,0.016430869698524475,0.3204970707496007,0.37880003452301025,0.6647354451318582,5.99856428111141,20.711551032851276,-0.41103528382486987,0.0,0.0
ES2004b,984,0.6190727651119232,0.3430352210998535,0.48149393995602924,0.06364056964715321,0.024631713206569355,0.34951749444007874,0.3801169792811076,0.9836627046267191,1.6865698953504387,-4.706489498175968,-10.634483138460636,0.0,0.0
ES2004b,985,0.4898769756158193,0.33406055967013043,0.375984529654185,0.06663069625695546,0.026654320148130257,0.38442887117465335,0.4183058937390645,0.8714190324147543,6.078923813516938,-5.903918976947974,3.08352180913139,0.0,0.0
ES2004b,986,0.5276115338007609,0.2410662273565928,0.33831774195035297,0.06521786128481229,0.029564001287023228,0.2901780406634013,0.36057424545288086,0.9576069315274557,3.0538347698702,-12.885262093204664,16.123943819452137,0.0,0.0
ES2004b,987,0.5819351077079773,0.3039385974407196,0.20431490739186606,0.09080900251865387,0.03147846274077892,0.12408493210872014,0.42219797770182294,0.4223354657491048,2.0217256269019543,-13.351590389729628,15.181882077339365,0.0,0.0
ES2004b,988,0.5075452526410421,0.20943076411883035,0.48017563422520954,0.0787890541056792,0.03286282407740752,0.4227650264898936,0.3722020586331685,0.8865451812744141,0.7125724972391237,-10.70170383439927,2.7349008052018093,0.0,0.0
ES2004b,989,0.6290995875994364,0.40748857458432514,0.48624927798906964,0.29239417612552643,0.16146603847543398,0.6105434596538544,0.36626749237378436,0.9171652992566427,8.802061197973735,24.405360965128477,-8.164992220887193,0.0,0.0
ES2004b,990,0.7369268536567688,0.6115666031837463,0.40714781483014423,0.23613053560256958,0.07613291280965011,0.27470771471659344,0.41290117303530377,0.5815978596607844,6.180186746133576,11.89861261156566,-6.094870588190516,0.0,0.0
ES2004b,991,0.78326282898585,0.5545193950335184,0.4308283527692159,0.14542865008115768,0.04381873396535715,0.3565034916003545,0.36548228065172833,0.9400670925776163,2.5024303474106455,9.373173063418372,-7.137459558038014,0.0,0.0
ES2004b,992,0.7413045366605123,0.46704964836438495,0.49922770261764526,0.14580664038658142,0.03665075699488322,0.5837435921033224,0.386117547750473,0.7572079102198283,6.526846222561452,11.543994063298706,-2.2928129215283426,0.0,0.0
ES2004b,993,0.7533271312713623,0.4323538541793823,0.318891962369283,0.14631429066260657,0.02711944654583931,0.40478581190109253,0.3982654611269633,0.8578130404154459,4.211435060940538,7.353402869989569,1.4011364103430541,0.0,0.0
ES2004b,994,0.6243585348129272,0.32467084129651386,0.3846821536620458,0.1609760820865631,0.054038637628157936,0.26411839326222736,0.40954411029815674,0.575196652362744,2.4773278217819237,-19.115313364762077,2.833807668355105,0.0,0.0
ES2004b,995,0.5594725012779236,0.36566563447316486,0.3322349786758423,0.12551758935054144,0.0501201885441939,0.22965325911839804,0.28730906546115875,0.9340987801551819,7.086320062996218,-17.579310094265495,1.6394650041084435,0.0,0.0
ES2004b,996,0.8336438536643982,0.7367187937100729,0.3224915862083435,0.15053086479504904,0.06761232266823451,0.45221803585688275,0.41505061586697894,0.6314903994401296,8.834645890372189,9.459188289408196,-0.8804294288766602,0.0,0.0
ES2004b,997,0.8097000320752462,0.6920379002888998,0.46458151936531067,0.13856602956851324,0.05014795996248722,0.4991789162158966,0.373184194167455,0.9388081630071005,7.010501786886685,11.69051493099591,-2.85666642278575,0.0,0.0
ES2004b,998,0.7472230593363444,0.6040155589580536,0.43277741471926373,0.16075894236564636,0.07827181617418925,0.3787959466377894,0.38424105445543927,0.9327574769655863,9.017925016067958,11.566807070359033,-1.9431680266410194,0.0,0.0
ES2004b,999,0.8380670348803202,0.6940290331840515,0.5270372927188873,0.15397286911805472,0.043331598242123924,0.3463433086872101,0.4374864300092061,0.630172914514939,9.254080175625623,8.157588988578993,2.294874030678388,0.0,0.0
ES2004b,1000,0.5644524494806925,0.30672013759613037,0.29476338624954224,0.06892089545726776,0.033526125053564705,0.24481882651646933,0.3920371929804484,0.6844918926556905,3.7128142154036095,-6.291154112299091,2.1189955273246492,0.0,0.0
ES2004b,1001,0.6236368417739868,0.241058220465978,0.33422290285428363,0.07597458983461063,0.036776578053832054,0.4221005439758301,0.3675430516401927,0.9096258878707886,0.04640901998487901,-5.663379959905931,1.4982156180386443,0.0,0.0
ES2004b,1002,0.6084320147832235,0.22226177155971527,0.41705503066380817,0.08123301714658737,0.049382383624712624,0.29239357511202496,0.35634827613830566,0.22639936953783035,-2.0145067798072476,-11.996112950514224,-4.754183265840415,0.0,0.0
ES2004b,1003,0.5785974760850271,0.2608940203984578,0.411779244740804,0.06693426395455997,0.028092094386617344,0.2949964553117752,0.3161015013853709,0.6808434426784515,-0.424315944791831,-14.349422945908955,-11.073671278535764,0.0,0.0
ES2004b,1004,0.585232267777125,0.2733062406380971,0.44031240542729694,0.04650088275472323,0.018020842224359512,0.18628492703040442,0.32694127162297565,0.7267085959513983,-4.847735634801782,-11.313778722090111,-10.73812039741457,0.0,0.0
ES2004b,1005,0.5055493811766306,0.20305641988913217,0.5182505249977112,0.044899443785349526,0.01906648154060046,0.2778284549713135,0.3448391358057658,0.9741849700609843,-5.408983081119455,-10.495410212995102,-13.38329830536039,0.0,0.0
ES2004b,1006,0.65646759668986,0.49165329337120056,0.22524977723757425,0.06492917984724045,0.03825885740419229,0.24935750166575113,0.4333280821641286,0.8880207935969034,4.150407952942014,-4.661900542185782,-0.9407823991628576,0.0,0.0
ES2004b,1007,0.6769353747367859,0.49704262614250183,0.14807412525018057,0.06776023531953494,0.03286954884727796,0.29511254529158276,0.44332494338353473,0.8581820925076803,3.481177354135283,-3.4709330895149644,6.586500912779717,0.0,0.0
ES2004b,1008,0.5752371946970621,0.32463887830575305,0.33399733901023865,0.07918128371238708,0.040220290422439575,0.3008554031451543,0.35435784856478375,0.86541219552358,1.4858284288292432,-11.550883115802426,8.490672786925984,0.0,0.0
ES2004b,1009,0.5967756509780884,0.19253550469875336,0.5675087769826254,0.08475798616806667,0.028521795757114887,0.39482345680395764,0.36851054430007935,0.6529305477937063,-0.9289906191005065,-16.281140350912327,7.0170678280098,0.0,0.0
ES2004b,1010,0.5948595205942789,0.23123391966025034,0.34296869734923047,0.06955403710405032,0.024803922201196354,0.2550017187992732,0.3668513496716817,0.43442802627881366,-3.0960329230200085,-19.6419700845689,6.492801682933101,0.0,0.0
ES2004b,1011,0.6767770846684774,0.4293291320403417,0.47528113921483356,0.1776264781753222,0.05073949694633484,0.4586300452550252,0.3259306053320567,0.7666943470637003,4.779102485421458,19.113374440703385,-8.350174982883788,0.0,0.0
ES2004b,1012,0.7195726235707601,0.5573057234287262,0.5841107567151388,0.1297824482123057,0.034785917649666466,0.40061943729718524,0.39814945062001544,0.6174374911934137,4.884715956077427,14.336478218781677,-9.00179958739376,0.0,0.0
ES2004b,1013,0.7505206068356832,0.5838244060675303,0.5522335569063822,0.2023738274971644,0.07091130316257477,0.42400263249874115,0.39085057377815247,0.8967316150665283,3.874026001883108,11.049245674739451,-8.388958358332129,0.0,0.0
ES2004b,1014,0.7615348100662231,0.5268019835154215,0.5204613109429678,0.17117366194725037,0.05581834291418394,0.6104995608329773,0.42878363529841107,0.8294683297475179,5.985808857756024,12.012772633940443,-8.28178203289927,0.0,0.0
ES2004b,1015,0.7112566033999125,0.5331744452317556,0.35138362646102905,0.12943546722332636,0.03869119410713514,0.5016924341519674,0.5053128004074097,0.3856312558054924,5.405190316729867,11.206252171836782,-6.288698277292631,0.0,0.0
ES2004b,1016,0.7125388185183207,0.3762802928686142,0.4298662046591441,0.119798610607783,0.031256102646390595,0.3208000063896179,0.5195640126864115,0.7452658613522848,2.2801844924956707,12.180723962511882,-4.5767168511465846,0.0,0.0
ES2004b,1017,0.6844069957733154,0.44772404432296753,0.5244028170903524,0.2119744916756948,0.09648613445460796,0.5091741780440012,0.3886852065722148,0.8739180763562521,4.845503134916772,13.25552460793489,-4.272258790031736,0.0,0.0
ES2004b,1018,0.7006100416183472,0.5803171594937643,0.5088992267847061,0.22773448626200357,0.1563707279662291,0.3938787629206975,0.38215021292368573,0.9455519517262777,4.822274428382923,8.14821707924291,-5.346618789342345,0.0,0.0
ES2004b,1019,0.7879185477892557,0.5943435927232107,0.2926809738079707,0.19324386616547903,0.06973433370391528,0.37020185589790344,0.4138726592063904,0.9043610294659933,4.693547784330156,2.4782433169340403,-1.7873885399755964,0.0,0.0
ES2004b,1020,0.698416511217753,0.37502090136210126,0.4591268102327983,0.22683684527873993,0.07586804901560147,0.4561821023623149,0.4090469479560852,0.7952173352241516,8.239215904429638,-1.6816044223690307,-1.8631446964694274,0.0,0.0
ES2004b,1021,0.7719268202781677,0.5626214742660522,0.40684446692466736,0.1180471455057462,0.0474185086786747,0.4522511462370555,0.40692006548245746,0.7178976585467657,4.43233415964206,8.695213801515164,-2.9768603174095962,0.0,0.0
ES2004b,1022,0.7116369803746542,0.4358111321926117,0.4751715511083603,0.10638475666443507,0.037282951176166534,0.4186183462540309,0.44698940714200336,0.6913054759303728,2.339380782804621,7.375624597278093,-5.573019192703401,0.0,0.0
ES2004b,1023,0.7678735256195068,0.6207757989565531,0.19527932008107504,0.12511081248521805,0.05016252088050047,0.617888738711675,0.45163922508557636,0.577580581108729,2.096975277276652,5.6850685404260695,-6.203892119891809,0.0,0.0
ES2004b,1024,0.7434438467025757,0.563476045926412,0.5351912478605906,0.1831253543496132,0.1399719131489595,0.4078534146149953,0.5008099774519602,0.8264431556065878,9.140622461528748,-9.466375001079994,-1.2820823321278165,0.0,0.0
ES2004b,1025,0.6971986889839172,0.5484617749849955,0.27366580069065094,0.06053631752729416,0.050181965033213295,0.43116312225659686,0.5599412322044373,0.845809280872345,4.1491515680203745,0.14639740143099256,1.440456781163691,0.0,0.0
ES2004b,1026,0.6287317276000977,0.24356700976689658,0.4086981415748596,0.054424883176883064,0.028658076499899227,0.37901004155476886,0.5005817313989004,0.8550677100817362,0.9145179660946291,-6.0682110601553605,0.7495261600820683,0.0,0.0
ES2004b,1027,0.7157426675160726,0.3450155754884084,0.46373721957206726,0.0584886372089386,0.03910278839369615,0.5805302262306213,0.5171003639698029,0.9846378366152445,-0.39633685402841695,-4.2824749828312125,0.2526201392889078,0.0,0.0
ES2004b,1028,0.6771549185117086,0.3974587519963582,0.4561455150445302,0.05638540908694267,0.03371779682735602,0.48615704973538715,0.4342060287793477,0.9003832538922628,-0.12216036709854095,-8.617311295007616,0.7812485497435694,0.0,0.0
ES2004b,1029,0.7785523136456808,0.6260017156600952,0.29330910245577496,0.06861408179004987,0.03365893382579088,0.5105175177256266,0.5746731559435526,0.7924213806788126,5.499170888160509,6.811187560832965,-3.805307889443282,0.0,0.0
ES2004b,1030,0.7126137415568033,0.4066932499408722,0.405676672856013,0.06775303309162457,0.030247920503218968,0.4701765278975169,0.4291976988315582,0.8932490944862366,-0.7334506193558289,-3.7666359199692554,-3.0444688058684797,0.0,0.0
ES2004b,1031,0.7503902713457743,0.4715414047241211,0.21370182186365128,0.056189149618148804,0.01974504254758358,0.5382576286792755,0.5290972590446472,0.7088289360205332,0.12915620762535643,9.213061359990695,-2.1361179029174875,0.0,0.0
ES2004b,1032,0.7874577840169271,0.6035850544770559,0.22257130841414133,0.10508918017148972,0.03323902810613314,0.3704153498013814,0.4430467387040456,0.5554926159481207,4.379228584292883,5.558622935797228,-4.323443006074467,0.0,0.0
ES2004b,1033,0.7690367102622986,0.5295978784561157,0.3071669762333234,0.10235502322514851,0.028522947803139687,0.3304854929447174,0.4233004053433736,0.6645386945456266,2.3844586458401653,6.271802473760197,-5.147767610260915,0.0,0.0
ES2004b,1034,0.41543487707773846,0.19424261152744293,0.2728895346323649,0.15984920412302017,0.017376969878872234,0.1261493836839994,0.4209267795085907,0.8765015999476115,-6.853734271406182,11.063274699766703,-8.826605375331264,0.0,0.0
ES2004b,1035,0.5010738670825958,0.17037897805372873,0.4945024847984314,0.11011897027492523,0.01634612089643876,0.2445125381151835,0.44306909044583637,0.9778273701667786,-10.29478281363359,15.639987559080906,-10.787540996866271,0.0,0.0
ES2004b,1036,0.5139102041721344,0.14921733488639197,0.5531263848145803,0.212717371682326,0.0213544350117445,0.3181784649689992,0.43163245916366577,0.9807064533233643,-13.393779529782245,14.832217099420015,-10.85799134762783,0.0,0.0
ES2004b,1037,0.48358869552612305,0.20857166747252145,0.33690378318230313,0.11965508759021759,0.01834174431860447,0.3433491587638855,0.4640817443529765,0.9737724860509237,-9.906216599215215,12.237909077179284,-10.226492096242518,0.0,0.0
ES2004b,1038,0.5381517012914022,0.25566362341245014,0.3087872962156932,0.10773357500632604,0.019661778584122658,0.2911389817794164,0.4513864517211914,0.919957439104716,-3.143061395751735,10.70439122663172,-12.957533241245235,0.0,0.0
ES2004b,1039,0.5747579336166382,0.2889430820941925,0.4003738562266032,0.084107822428147,0.02006953830520312,0.4559975067774455,0.4624088406562805,0.6696719725926717,-2.108309327146513,7.887428132890115,-15.951021344219265,0.0,0.0
ES2004b,1040,0.4999470015366872,0.3194914956887563,0.24547619620958963,0.07353982950250308,0.028964287290970486,0.21237397193908691,0.40567636489868164,0.5823449144760767,-1.3149523259173908,0.8426726474849984,-15.14251651992519,0.0,0.0
ES2004b,1041,0.476347674926122,0.27751938501993817,0.23618113001187643,0.16939552128314972,0.019658951088786125,0.16647655765215555,0.4727083543936412,0.9875660538673401,-13.322512676491435,5.781599217756308,-14.30582455941103,0.0,0.0
ES2004b,1042,0.5316801766554514,0.22171864410241446,0.22491625448067984,0.22146778305371603,0.03848359237114588,0.1255670761068662,0.5017563501993815,0.9756439725557963,-17.7815721203531,6.287631255603343,-14.170964009569666,0.0,0.0
ES2004b,1043,0.49316419164339703,0.22026061018308005,0.27160214881102246,0.156498392422994,0.028338583807150524,0.12783029427131018,0.45559579133987427,0.9889137148857117,-12.656959566875608,5.981932934219279,-15.91851575460673,0.0,0.0
ES2004b,1044,0.4940105577309926,0.1761258989572525,0.17932139337062836,0.14424359798431396,0.021275691998501618,0.18143381675084433,0.4962066213289897,0.6671059230963389,-13.87531115778725,4.244781617700391,-20.731867212630636,0.0,0.0
ES2004b,1045,0.49938209851582843,0.15838239590326944,0.2643241286277771,0.21671774983406067,0.03446074451009432,0.20199798047542572,0.531990627447764,0.7954681118329366,-13.61853795960483,6.906659741904583,-24.410193982687815,0.0,0.0
ES2004b,1046,0.49500468373298645,0.23169970015684763,0.17080396165450415,0.15315836171309152,0.029837006703019142,0.2264188826084137,0.37214483817418414,0.9822575052579244,-13.204039084435147,3.8428714382223093,-22.664209302900787,0.0,0.0
ES2004b,1047,0.4823392430941264,0.251187726855278,0.20053223023811975,0.13727510472138724,0.03518749214708805,0.291985164086024,0.4371403455734253,0.9686826666196188,-12.024130538944265,3.1850975276531295,-22.813328499663765,0.0,0.0
ES2004b,1048,0.4681620995203654,0.22033116718133292,0.1740965098142624,0.15330860515435538,0.027892005319396656,0.24309122562408447,0.45032528042793274,0.9935353398323059,-11.7726625510662,4.839933308735648,-21.04874384512472,0.0,0.0
ES2004b,1049,0.4994293550650279,0.2158582160870234,0.2677467117706935,0.0998332326610883,0.019253928835193317,0.1684787025054296,0.46797805031140643,0.6661382865471145,-8.452260465298473,19.470316483427222,-15.061670818402964,0.0,0.0
ES2004b,1050,0.476544052362442,0.18256365756193796,0.4747030685345332,0.14380200455586115,0.016401349877317745,0.36279211938381195,0.4455932676792145,0.7768888274828593,-14.442220915278554,22.905218186331183,-8.672742948578703,0.0,0.0
ES2004b,1051,0.4785841604073842,0.1879158765077591,0.3615259528160095,0.08026855438947678,0.013678240589797497,0.2877148687839508,0.41696810722351074,0.889238715171814,-6.1803656836752845,14.536945009120293,-9.740145046996325,0.0,0.0
ES2004b,1052,0.5290733277797699,0.23473812639713287,0.21048126369714737,0.08476150035858154,0.011106145257751146,0.3140788972377777,0.5254317124684652,0.3623019938046734,-11.86251436115903,9.069637297243133,-14.131347019203266,0.0,0.0
ES2004b,1053,0.48947031299273175,0.1748676598072052,0.2537503093481064,0.0777430534362793,0.0175132288907965,0.261630043387413,0.5485981106758118,0.8216361204783121,-17.029655399031096,11.932230235289426,-15.057300392021766,0.0,0.0
ES2004b,1054,0.507532795270284,0.21368247518936792,0.3114871233701706,0.15992367267608643,0.015893211277822655,0.2554377267758052,0.5062663853168488,0.9542854825655619,-14.874385750103235,9.389241737978852,-15.646017184035538,0.0,0.0
ES2004b,1055,0.47925392786661786,0.15140306949615479,0.3356054052710533,0.08094919721285503,0.013403823909660181,0.19327717026074728,0.4247935612996419,0.7968495090802511,-12.174690951350408,20.727026701005528,-13.292001023046083,0.0,0.0
ES2004b,1056,0.5067087014516195,0.15520945688088736,0.30103500684102374,0.13238434245189032,0.017538368081053097,0.27297276755174,0.481659730275472,0.9691310326258341,-6.882509959019359,11.49304368401449,-15.9071728193156,0.0,0.0
ES2004b,1057,0.5173181196053823,0.22613220910231271,0.2996370444695155,0.13050038119157156,0.02139238640666008,0.38028493026892346,0.4593755304813385,0.6924068306883177,-2.02571072410961,10.17312444288611,-13.590464562430066,0.0,0.0
ES2004b,1058,0.6261147856712341,0.3621867001056671,0.218745489915212,0.09068073829015096,0.01633000373840332,0.3005906442801158,0.4690401653448741,0.7414423028628031,-7.557344018972046,9.828911660617031,-15.64019443068617,0.0,0.0
ES2004b,1059,0.5195115208625793,0.3425400952498118,0.36914291977882385,0.12048663944005966,0.014780234855910143,0.2599933495124181,0.5131691892941793,0.834002157052358,-12.935403898084461,8.63360969562597,-17.636102992964435,0.0,0.0
ES2004b,1060,0.5003588994344076,0.25883783400058746,0.294303759932518,0.14622807254393896,0.019529773543278377,0.26693714161713916,0.48374826709429425,0.9912547866503397,-13.234570698520585,9.78922225929656,-17.564349778195204,0.0,0.0
ES2004b,1061,0.5199463466803232,0.28810037672519684,0.4777294447024663,0.13435492664575577,0.05907455583413442,0.34366536637147266,0.360108604033788,0.9033218622207642,-1.2957683173370775,-24.855795175766897,-1.6414755625651178,0.0,0.0
ES2004b,1062,0.631898840268453,0.33705229063828784,0.430514931678772,0.11424052218596141,0.05187788295249144,0.6273643771807352,0.4052967429161072,0.6466108411550522,-10.683942357319777,13.098055322333458,-12.57872132420745,0.0,0.0
ES2004b,1063,0.6963029702504476,0.3310363789399465,0.36135220030943555,0.10017993301153183,0.0313568382213513,0.42760975162188214,0.37176718314488727,0.8679985602696737,-12.114707328035033,28.627536201620615,-15.789468529533886,0.0,0.0
ES2004b,1064,0.6739550630251566,0.31318768362204236,0.5370534261067709,0.17360028127829233,0.029382127647598583,0.673991839090983,0.3546282847722371,0.6925707881649336,-6.707182494041164,20.403320176373075,-13.458357465536778,0.0,0.0
ES2004b,1065,0.5531854927539825,0.20352572202682495,0.3931647290786107,0.1060554360349973,0.04180975630879402,0.493077019850413,0.33692416548728943,0.5840963274240494,-7.158907094402546,-10.84955122756002,-3.9869561634569783,0.0,0.0
ES2004b,1066,0.49769121408462524,0.2573804905017217,0.42921798427899677,0.16350898891687393,0.08107283959786098,0.594596803188324,0.3598385949929555,0.8242395321528116,-1.277660633804138,-18.646967971184637,-0.38475212520279206,0.0,0.0
ES2004b,1067,0.5105459292729696,0.28000835577646893,0.5635604659716288,0.16554887096087137,0.1009448915719986,0.5246684749921163,0.3824317355950673,0.9802081187566122,2.991571553524867,-14.624454433605068,-1.5424925830906842,0.0,0.0
ES2004b,1068,0.46273593107859295,0.20121178030967712,0.3866744836171468,0.15807893872261047,0.08227209374308586,0.6659752726554871,0.41388770937919617,0.907452126344045,4.027290751107184,-16.979505067928585,0.5025040196654652,0.0,0.0
ES2004b,1069,0.5145753721396128,0.26740503311157227,0.34122271339098614,0.14677095413208008,0.08806383361419041,0.5403337478637695,0.35439462463061017,0.5948042546709379,-1.0326605609328865,-28.431318349831184,2.228400537649747,0.0,0.0
ES2004b,1070,0.4901071588198344,0.28293822705745697,0.4498313367366791,0.14881411443154016,0.07035781008501847,0.5120154023170471,0.34191696842511493,0.39483326425155,-8.52831868017824,-33.77558814121267,0.6675694849770085,0.0,0.0
ES2004b,1071,0.6804554263750712,0.5055258274078369,0.31643523275852203,0.1812193344036738,0.11949603321651618,0.6409899493058523,0.44016950329144794,0.7965707381566366,-5.660120308024152,-11.582470362554895,-6.57657391842715,0.0,0.0
ES2004b,1072,0.7753360072771708,0.6084698836008707,0.21917239328225455,0.38691065708796185,0.3610622187455495,0.5209063986937205,0.49523410201072693,0.9505485693613688,1.3540274129788703,1.0665909618638338,-8.914887415908103,0.0,0.0
ES2004b,1073,0.6753981908162435,0.4379374732573827,0.43492985516786575,0.2176794931292534,0.17523086505631605,0.6332712769508362,0.5652262568473816,0.9460887710253397,-4.507013119285706,5.173564140667415,-13.290241661338191,0.0,0.0
ES2004b,1074,0.6272705992062887,0.5014627873897552,0.2701013386249542,0.2811830590168635,0.24223759770393372,0.7002530296643575,0.43474775552749634,0.3957334818939368,-11.439945567437073,-13.965778840885376,-10.426331549442352,0.0,0.0
ES2004b,1075,0.6206781566143036,0.4687750240166982,0.3980240449309349,0.29104005297025043,0.2797908013065656,0.7205420831839243,0.36850390831629437,0.41930830478668213,-10.665006249208718,-18.238913631945685,-8.714378068504912,0.0,0.0
ES2004b,1076,0.7821606596310934,0.5948233505090078,0.3470440407594045,0.3158043920993805,0.21140826245148978,0.46374789873758954,0.3620830178260803,0.9979705413182577,-3.5207389934503674,-4.90927058851372,-11.104239859541762,0.0,0.0
ES2004b,1077,0.6299037436644236,0.3975799232721329,0.44112259646256763,0.14296762645244598,0.057098415990670524,0.46284374594688416,0.35711071888605755,0.3792931257436673,-4.834698764196737,-20.429751035086138,-7.878538821366859,0.0,0.0
ES2004b,1078,0.36297131578127545,0.19532345235347748,0.28079025944073993,0.09811868766943614,0.04623283073306084,0.5742510159810384,0.3957243065039317,0.41140038271745044,-13.021919450678903,-37.13910905066758,-2.1074370018037736,0.0,0.0
ES2004b,1079,0.5230821569760641,0.29472904404004413,0.27055055399735767,0.17967396477858225,0.05535107726852099,0.5943130105733871,0.3507537245750427,0.9383049011230469,-8.188458130472421,-31.066457921106146,-3.897726816158386,0.0,0.0
ES2004b,1080,0.5167508820692698,0.25281930963198346,0.3536663254102071,0.1418505609035492,0.06274884318312009,0.5916875203450521,0.3940037488937378,0.47990142243603867,2.0552086385091517,-15.134653814731527,-2.5647768116610496,0.0,0.0
ES2004b,1081,0.4646603564421336,0.19512835144996643,0.3861182729403178,0.1439967801173528,0.08132613946994145,0.5493985215822855,0.3346630136171977,0.7045938471953074,-1.1897555623442893,-15.8394379272872,-2.8934187362240356,0.0,0.0
ES2004b,1082,0.5116914212703705,0.30167289574941,0.3174017171065013,0.13388192902008691,0.0806875837345918,0.366194744904836,0.40136054158210754,0.11798378417734057,-12.784807167074684,-31.57686910855664,-1.8744066339098648,0.0,0.0
ES2004b,1083,0.5178524454434713,0.21290511886278787,0.21137485404809317,0.12779741237560907,0.0645119808614254,0.2954229811827342,0.3323347866535187,0.06413059627326827,-18.519148198754444,-41.56215019812466,-2.7811463131980894,0.0,0.0
ES2004b,1084,0.6317692399024963,0.4272075096766154,0.3891264796257019,0.14505903671185175,0.06839368492364883,0.5659733812014262,0.3838776151339213,0.5420786192019781,-3.796784658131809,-30.27563605126522,-6.487877698047064,0.0,0.0
ES2004b,1085,0.5426066716512045,0.28627630074818927,0.5060440301895142,0.1522730067372322,0.11424875756104787,0.5004863242308298,0.3921929399172465,0.5310993293921152,-2.0117107351621843,-27.70266412509353,-2.98853374993795,0.0,0.0
ES2004b,1086,0.5948100487391154,0.4645535747210185,0.266571581363678,0.15030699968338013,0.06515197207530339,0.6608632802963257,0.40527891119321185,0.4670884907245636,-4.477075803958983,-27.02932489030265,1.1262429885762508,0.0,0.0
ES2004b,1087,0.5156628092130026,0.17427856723467508,0.6339989205201467,0.13561411698659262,0.04857774761815866,0.14683939019838968,0.5133755008379618,0.8096603353818258,1.3558812956333248,29.095084591207797,-3.172792117783588,0.0,0.0
ES2004b,1088,0.5234526097774506,0.29924726486206055,0.6641507744789124,0.1812349408864975,0.0742256132264932,0.28476908802986145,0.43785574038823444,0.7204656551281611,2.286276212089137,28.827730950904282,-12.36616063280787,0.0,0.0
ES2004b,1089,0.49637367328008014,0.23852627476056418,0.49268675843874615,0.1223094513018926,0.0332043676947554,0.30851022402445477,0.4017399748166402,0.5849504470825195,0.8987891311625669,26.624364323987066,-7.390242031091258,0.0,0.0
ES2004b,1090,0.4657336274782817,0.23922109107176462,0.31954479217529297,0.0833706222474575,0.02919939470787843,0.22092896699905396,0.3599581221739451,0.9437236785888672,-1.8627157292118213,22.265288315291624,0.8539647959632624,0.0,0.0
ES2004b,1091,0.4769793152809143,0.3287757436434428,0.3130016624927521,0.10832011202971141,0.07557933156689008,0.1675476829210917,0.4152342677116394,0.7415125866731008,-9.578845987053453,22.168565864347116,6.076173841876272,0.0,0.0
ES2004b,1092,0.4668396810690562,0.2347287635008494,0.34774840871493023,0.08532249927520752,0.03714638948440552,0.26465096324682236,0.4347039759159088,0.6515812824169794,-11.87588818402385,14.952947480574933,-2.973690761327907,0.0,0.0
ES2004b,1093,0.4808611472447713,0.28435466190179187,0.5918538570404053,0.04784608632326126,0.021717655782898266,0.3312373757362366,0.3328844755887985,0.6106237024068832,-14.881252429341425,-2.4252616264522486,-11.70003536249171,0.0,0.0
ES2004b,1094,0.40349288781483966,0.2589919989307721,0.524713377157847,0.0578995943069458,0.02580805867910385,0.2093045562505722,0.3796805242697398,0.601498524347941,-16.635243672581172,1.725493227132559,-7.882271103795225,0.0,0.0
ES2004b,1095,0.5157351493835449,0.2408339579900106,0.3136606315771739,0.22776384900013605,0.2132255615045627,0.25355901072422665,0.42450758814811707,0.7840363184611002,-11.86404437794801,20.795244980681982,-8.386045569452014,0.0,0.0
ES2004b,1096,0.7737141648928324,0.5019059777259827,0.4573453317085902,0.14642117669185004,0.04723342259724935,0.4658060868581136,0.4144250849882762,0.6380695501963297,8.354157201108967,5.802422987532612,-1.0921290798278431,0.0,0.0
ES2004b,1097,0.6262421905994415,0.2544158448775609,0.5244146883487701,0.09805088738600413,0.022222659240166347,0.48828638593355816,0.570509135723114,0.5885112496713797,-0.12046712693275285,19.069181283510225,-3.004404183921236,0.0,0.0
ES2004b,1098,0.5831358929475149,0.21863811711470285,0.7216334342956543,0.08534951508045197,0.01265932402263085,0.5025292932987213,0.5583198070526123,0.9771602352460226,0.6414908113747475,19.009699663728767,-1.193286292114214,0.0,0.0
ES2004b,1099,0.531022439400355,0.21656289199988046,0.598815937836965,0.0882204994559288,0.016569491165379684,0.5827628175417582,0.5224701960881551,0.9660085439682007,0.36170300114114484,17.15481928164651,-0.8198955280959742,0.0,0.0
ES2004b,1100,0.6198411186536154,0.3193892389535904,0.5401024719079336,0.10953005154927571,0.02687578151623408,0.5639100174109141,0.5446846783161163,0.7400578260421753,-1.230830256027601,8.404916294179563,0.11554603964465719,0.0,0.0
ES2004b,1101,0.6147039930025736,0.23287419974803925,0.3455905665953954,0.08754501864314079,0.02539810569336017,0.5211771031220754,0.5899800856908163,0.7664455771446228,-1.2895833603738487,15.17155567014938,2.37760087643008,0.0,0.0
ES2004b,1102,0.5565825998783112,0.18767818808555603,0.5474269886811575,0.0856198916832606,0.02423630841076374,0.41773901383082074,0.5350337624549866,0.44517092903455097,-3.537266445757144,7.159456205919885,3.3065739295420724,0.0,0.0
ES2004b,1103,0.6320114731788635,0.27130405604839325,0.48417137066523236,0.09078456833958626,0.06556331521521012,0.5269700884819031,0.5187898178895315,0.8685205777486166,-2.537926720802625,0.198200005433146,0.6223232078671986,0.0,0.0
ES2004b,1104,0.622048407793045,0.21452133854230246,0.454827884833018,0.049255127708117165,0.020922452211380005,0.4716814657052358,0.5495165586471558,0.9223196506500244,-1.338876361354071,1.5032185396436581,1.3634113412831486,0.0,0.0
ES2004b,1105,0.6195475657780966,0.270629420876503,0.5013879438241323,0.09567876905202866,0.04003284499049187,0.555196593205134,0.5104207297166189,0.8960163990656534,-2.5984824623557725,-5.609524607479731,2.612426707792008,0.0,0.0
ES2004b,1106,0.3762768904368083,0.150995006163915,0.2337086300055186,0.0742835874358813,0.12207130466898282,0.31126933296521503,0.2961187958717346,0.6485297679901123,-2.639507081197515,-3.9890712043242407,5.112630416773238,0.0,0.0
ES2004b,1107,0.5182872215906779,0.32303210099538165,0.2163299322128296,0.07439692690968513,0.039471907541155815,0.3481976091861725,0.5279960234959921,0.38329537212848663,5.349184422531568,6.8769187905037255,7.061643190627706,0.0,0.0
ES2004b,1108,0.6512332558631897,0.32229896386464435,0.43211137255032855,0.07450322061777115,0.030362074573834736,0.31913795073827106,0.5473303298155466,0.6724810500939687,1.004108480393483,9.46319018230878,11.059573280096187,0.0,0.0
ES2004b,1109,0.5970082879066467,0.27502190073331195,0.28034977118174237,0.0760839395225048,0.03690293896943331,0.3519434481859207,0.5897080699602762,0.8969632188479105,3.5031745249911643,10.460977270781745,13.421296481129168,0.0,0.0
ES2004b,1110,0.6287784179051717,0.3008752663930257,0.33136896789073944,0.05702634776631991,0.019905193708837032,0.38375823696454364,0.5821758508682251,0.5876582972705364,2.2515838738663683,9.148671185339829,10.68526182212677,0.0,0.0
ES2004b,1111,0.6675775448481241,0.3116546720266342,0.24231453239917755,0.06060285369555155,0.055548430110017456,0.5076243430376053,0.5722331404685974,0.9275865952173868,-1.2486310528775606,1.0947349655300556,3.640369954598821,0.0,0.0
ES2004b,1112,0.645129938920339,0.29724644621213275,0.412300984064738,0.07694447661439578,0.054126568138599396,0.4785311420758565,0.4757109582424164,0.9433899323145548,-3.2071360857275404,-1.8958664418059854,2.8709841334358885,0.0,0.0
ES2004b,1113,0.6345450083414713,0.3510229041179021,0.6041205028692881,0.0957873413960139,0.04813959822058678,0.6444407105445862,0.42965035637219745,0.686965192357699,-1.1920486401058341,-2.3193193265722134,2.382760626933709,0.0,0.0
ES2004b,1114,0.7599361538887024,0.38640129566192627,0.4489648640155792,0.05244142562150955,0.02146558991322915,0.5399245917797089,0.502536674340566,0.8676828344662985,-0.15435704394177532,2.7301475443248227,1.2203469053378482,0.0,0.0
ES2004b,1115,0.592758297920227,0.25712170203526813,0.4889062245686849,0.06289234757423401,0.020452257866660755,0.5367397765318552,0.531595398982366,0.9371467034022013,-1.3328519301757482,6.396332321351147,-3.2368929709497407,0.0,0.0
ES2004b,1116,0.6372426549593607,0.2962672809759776,0.47281645735104877,0.07250186800956726,0.019488306405643623,0.38632287581761676,0.5966273546218872,0.6450843016306559,-1.5754401178706872,10.106860851485179,-5.4000046180771895,0.0,0.0
ES2004b,1117,0.5195441544055939,0.2171060691277186,0.5785857141017914,0.07366541897257169,0.015603947453200817,0.5536466439565023,0.6099101305007935,0.8861811757087708,-1.9151103072460878,13.992680145647702,-2.377123737142018,0.0,0.0
ES2004b,1118,0.6781801581382751,0.18359497686227164,0.3131781443953514,0.0594517948726813,0.012076719043155512,0.5884153246879578,0.6310470898946127,0.281894385193785,-1.4674874993528115,13.342652967224739,1.2524792888772722,0.0,0.0
ES2004b,1119,0.6975610852241516,0.4067806551853816,0.5871303677558899,0.14801528553167978,0.04841428870956103,0.3054635052879651,0.3990262945493062,0.7273584256569544,13.918015691619177,14.583074589826332,-13.522169679698765,0.0,0.0
ES2004b,1120,0.5485665599505106,0.3094976445039113,0.5371342897415161,0.26255223403374356,0.17178093393643698,0.3702627072731654,0.3798164327939351,0.608437309662501,15.760786076569419,22.009513421219026,-10.135473537735276,0.0,0.0
ES2004b,1121,0.6805975437164307,0.3468480308850606,0.552718460559845,0.15481007347504297,0.055648857106765114,0.37453339497248334,0.3251899580160777,0.6844019194444021,7.401591331096554,19.24553506457273,-5.137514794446288,0.0,0.0
ES2004b,1122,0.7447923421859741,0.5095857779184977,0.3252420872449875,0.21436251203219095,0.06790765126546223,0.4869290391604106,0.39005767305692035,0.9091364542643229,5.902109339002156,10.086948162023157,-5.872633826857919,0.0,0.0
ES2004b,1123,0.8163528243700663,0.658179521560669,0.24694838126500449,0.09886886924505234,0.0335772397617499,0.27847106258074444,0.5883457958698273,0.6322992841402689,7.422590511666936,3.837776449742586,-6.158142748707339,0.0,0.0
ES2004b,1124,0.7980225086212158,0.5020471115907034,0.2799554169178009,0.09503392626841863,0.042060043662786484,0.4267464776833852,0.48002806305885315,0.5983377847199639,10.378167147345467,6.761263600456624,-5.546518189767394,0.0,0.0
ES2004b,1125,0.8176955779393514,0.6346604923407236,0.35599082708358765,0.12767411023378372,0.07663364708423615,0.475596288839976,0.43097415566444397,0.8857561151186625,12.067818709969666,8.132153064877905,-10.532530013369309,0.0,0.0
ES2004b,1126,0.7813803950945536,0.5318562934796015,0.47342435518900555,0.2061520218849182,0.12333351311584313,0.6263043284416199,0.484827200571696,0.9543338219324747,11.057402083489634,9.520324032831825,-10.62865749595524,0.0,0.0
ES2004b,1127,0.7289240956306458,0.45008693635463715,0.4609970251719157,0.12650312980016074,0.09008098021149635,0.6492487192153931,0.4667574365933736,0.6652392049630483,9.1935562128214,10.154375722329595,-7.622377128290513,0.0,0.0
ES2004b,1128,0.7773351073265076,0.49924132227897644,0.46228142579396564,0.0674337384601434,0.022451552251974743,0.6881544987360636,0.6194480458895365,0.4658778558174769,0.5044986904600565,3.9682591342124973,-2.4524624594522244,0.0,0.0
ES2004b,1129,0.749807337919871,0.5916095475355784,0.17593265076478323,0.06557753557960193,0.037215196837981544,0.5089304745197296,0.6078999042510986,0.8187575340270996,0.98578882255096,0.22009050466890198,-2.313686324342461,0.0,0.0
ES2004b,1130,0.7616363167762756,0.6748857299486796,0.31890211006005603,0.11448487018545468,0.08769641319910686,0.5530815521876017,0.55589559674263,0.8230188290278116,3.6038070075967887,0.575575032027697,-0.4263488613492366,0.0,0.0
ES2004b,1131,0.7792677084604899,0.6047030687332153,0.31397778292497,0.06418549021085103,0.023958730821808178,0.5559888780117035,0.5925852457682291,0.9431600769360861,2.6393356251522917,5.045688252108644,-5.282175260564974,0.0,0.0
ES2004b,1132,0.7055498758951823,0.46128283937772113,0.35448206464449566,0.06901306907335918,0.01512280572205782,0.6004232962926229,0.5866266886393229,0.8019377787907919,-3.0871949108729937,7.839740525199114,-5.32612504035102,0.0,0.0
ES2004b,1133,0.7377735376358032,0.43456466992696124,0.26613397399584454,0.07485339293877284,0.03670369399090608,0.6359138588110606,0.6214601397514343,0.44692223767439526,-2.0238145354646395,7.543305416983878,-2.8083014742450323,0.0,0.0
ES2004b,1134,0.7691778937975565,0.4847119649251302,0.3621065318584442,0.05780643100539843,0.02382420872648557,0.6106998920440674,0.5641068716843923,0.5510607163111368,-2.988931076247296,2.110072253932374,-2.521252067800378,0.0,0.0
ES2004b,1135,0.5719125072161356,0.3098195344209671,0.18401692062616348,0.24701309204101562,0.2998313500235478,0.4466935694217682,0.49242961406707764,0.8482592503229777,-5.425854145610526,7.55378851327778,-7.024990576663714,0.0,0.0
ES2004b,1136,0.6900616486867269,0.421954204638799,0.4873171846071879,0.2934685672322909,0.21941136506696543,0.4539948105812073,0.47821859021981555,0.6674799844622612,1.2863307657702954,9.907542278454839,-9.234447121491188,0.0,0.0
ES2004b,1137,0.4434462785720825,0.23278771340847015,0.39327381054560345,0.20840437958637872,0.05528122124572595,0.18150012691815695,0.5166993737220764,0.46036237478256226,-4.640313351790694,6.451170166483821,-6.83967485609512,0.0,0.0
ES2004b,1138,0.4644542932510376,0.2539873570203781,0.44395509362220764,0.16188075890143713,0.10807867410282294,0.35843318204085034,0.4991665581862132,0.344132747365317,-5.0111806661695155,4.736733951161401,-1.7425594349169902,0.0,0.0
ES2004b,1139,0.4595611294110616,0.24461953341960907,0.31496236721674603,0.09112873797615369,0.030224573177595932,0.24446266641219458,0.520061175028483,0.49534981449445087,-5.073394639162161,4.461224869718538,-4.387013458873221,0.0,0.0
ES2004b,1140,0.4787088831265767,0.30561498800913495,0.16085819154977798,0.13297570620973906,0.03357701996962229,0.2700120558341344,0.45233837763468426,0.6027697846293449,-6.223615935607056,5.238948444268747,-4.09940844031908,0.0,0.0
ES2004b,1141,0.4733736316363017,0.24705041448275247,0.0948152889808019,0.11804208904504776,0.03521008510142565,0.16067987183729807,0.3975965181986491,0.6587249782557288,-8.65835296489356,4.894970592864032,-4.853761748737281,0.0,0.0
ES2004b,1142,0.4364493985970815,0.18432513376077017,0.24936903019746146,0.154885600010554,0.05880487089355787,0.13663599143425623,0.3734491268793742,0.9886860450108846,-8.758149814529018,4.468229977816314,-4.617319905472544,0.0,0.0
ES2004b,1143,0.6333755552768707,0.4270199437936147,0.3780774573485057,0.06708342209458351,0.02725367806851864,0.4785081744194031,0.4773653248945872,0.9788758357365926,-9.314485135307857,-1.5175459346848061,12.253680835225921,0.0,0.0
ES2004b,1144,0.5738758047421774,0.39514854550361633,0.27923937141895294,0.13999812304973602,0.11573828756809235,0.6100827952226003,0.4879847764968872,0.940106471379598,-9.701883836127033,-0.9620852790247397,12.361044875071585,0.0,0.0
ES2004b,1145,0.668711264928182,0.5382114152113596,0.2205872784058253,0.15847491969664892,0.15711898853381476,0.4541184951861699,0.5011446078618368,0.9108029206593832,-3.230591536753358,1.9452396057979573,8.801269079482088,0.0,0.0
ES2004b,1146,0.7200307846069336,0.33141913016637164,0.4263488252957662,0.1075533206264178,0.0967631700138251,0.5830999811490377,0.4528784255186717,0.9147340854008993,-5.063886058469959,2.9463961364241356,6.792425553029013,0.0,0.0
ES2004b,1147,0.7474582393964132,0.5393617153167725,0.24205117921034494,0.10038567086060841,0.05423679326971372,0.4661082824071248,0.38601985573768616,0.9344906806945801,-12.146673184830911,1.0088752587855867,9.30414196608754,0.0,0.0
ES2004b,1148,0.6637425820032755,0.5307640135288239,0.19880153238773346,0.05522763977448145,0.043712678675850235,0.5491716762383779,0.40631651878356934,0.8864824573198954,-9.982683878152079,0.6150312216884606,12.196767639570231,0.0,0.0
ES2004b,1149,0.7030156254768372,0.519415020942688,0.3578651050726573,0.11112699906031291,0.1280157392223676,0.6513844132423401,0.5103127956390381,0.9246856967608134,-10.042427727563839,2.2261478472606964,12.495355699069487,0.0,0.0
ES2004b,1150,0.7378145456314087,0.5356072982152303,0.652001142501831,0.13379916548728943,0.047106885661681495,0.290514479080836,0.5033449431260427,0.12346064299345016,14.107722194328334,9.843931490856802,0.21500762504250578,0.0,0.0
ES2004b,1151,0.7595749497413635,0.5071397125720978,0.5295635859171549,0.15816046794255575,0.051735009998083115,0.36664331952730816,0.3918159306049347,0.6374364793300629,8.673964880701439,7.015148635340348,-2.499104070534829,0.0,0.0
ES2004b,1152,0.7876367966334025,0.5713693102200826,0.37120681007703143,0.16173329949378967,0.03995256250103315,0.4897131423155467,0.4639213780562083,0.7071011563142141,4.465988194186623,8.362723977534415,-9.230202475766804,0.0,0.0
ES2004b,1153,0.6675068537394205,0.4483811855316162,0.32919324437777203,0.14293277015288672,0.05294747774799665,0.3638586699962616,0.3861179053783417,0.934454083442688,3.303296550063525,5.770673422968469,-8.705542026311681,0.0,0.0
ES2004b,1154,0.7736231486002604,0.5227172374725342,0.4737052917480469,0.14959829797347388,0.06330276777346928,0.47182728350162506,0.397371768951416,0.8990294138590494,9.710944060427408,5.5974829789372045,-6.211231624443365,0.0,0.0
ES2004b,1155,0.7918132742245992,0.7352289954821268,0.28296715021133423,0.20894977947076163,0.10176644225915273,0.33947377900282544,0.43173102537790936,0.7035835832357407,9.321959329692733,5.290939961458059,-5.013431210282165,0.0,0.0
ES2004b,1156,0.7269805272420248,0.48007993896802265,0.3933322528998057,0.12220373501380284,0.042305584996938705,0.4386601944764455,0.39896126588185626,0.811827540397644,11.149922107158062,9.993079961250404,-6.461344506798799,0.0,0.0
ES2004b,1157,0.7609868248303732,0.48297887047131854,0.2778607855240504,0.05673500647147497,0.02238178128997485,0.5747088491916656,0.5594157775243124,0.7983984549840292,3.528744952108717,8.078693502822036,4.6379087645745,0.0,0.0
ES2004b,1158,0.7392046054204305,0.46812301874160767,0.4267035325368245,0.046369717766841255,0.015710164171953995,0.4464091360569,0.5451644460360209,0.6150401135285696,2.8756489130500196,7.186173436428905,2.731277241943376,0.0,0.0
ES2004b,1159,0.7535247604052225,0.46204517285029095,0.37491851051648456,0.047384075820446014,0.01507224328815937,0.5486711462338766,0.5503546893596649,0.6475316981474558,1.3740017988049802,6.744945062184741,2.4864833460869806,0.0,0.0
ES2004b,1160,0.7350630958875021,0.459813396135966,0.4117689033349355,0.04622822254896164,0.015729489115377266,0.41512693961461383,0.4593213399251302,0.9607867002487183,-3.7149137658167706,3.911932124780908,4.792911801437267,0.0,0.0
ES2004b,1161,0.7125885089238485,0.41401201486587524,0.46398212512334186,0.041007962077856064,0.022865528240799904,0.6177403132120768,0.48948996265729267,0.8119190533955892,-8.064875594959656,1.909315338137814,6.477082751421428,0.0,0.0
ES2004b,1162,0.605368028084437,0.36263591051101685,0.42496665318806964,0.04925046364466349,0.020060795669754345,0.6470768650372823,0.5345389445622762,0.6740412811438242,-7.4606726850839875,4.824491961144688,3.939271062989985,0.0,0.0
ES2004b,1163,0.7164188226064047,0.5576985081036886,0.47886642316977185,0.22626416385173798,0.08579821760455768,0.46352413296699524,0.3971925576527913,0.7831040422121683,10.06755118900786,10.859831059253844,-6.028986765839218,0.0,0.0
ES2004b,1164,0.7442153493563334,0.48870009183883667,0.37561629215876263,0.12968406081199646,0.062103518595298134,0.3715403775374095,0.4522085686524709,0.7480745514233907,4.850360609844587,5.731385115104139,-6.577680305546502,0.0,0.0
ES2004b,1165,0.7844130396842957,0.5195314884185791,0.401820848385493,0.17371751368045807,0.07211432792246342,0.5362100601196289,0.4175051947434743,0.9720214605331421,4.966587107478236,4.700017236022253,-7.714289013943542,0.0,0.0
ES2004b,1166,0.757932980855306,0.5227429668108622,0.4186495343844096,0.18851569294929504,0.07922074571251869,0.4769834478696187,0.4521174530188243,0.7441338201363882,8.785808202727521,8.126148675215852,-8.864253975488987,0.0,0.0
ES2004b,1167,0.7332578500111898,0.49031151334444684,0.2823416143655777,0.2685011128584544,0.13884878158569336,0.23756479223569235,0.3630785842736562,0.9280293583869934,6.716627638584036,5.055362960878564,-0.40438324434025735,0.0,0.0
ES2004b,1168,0.7844018936157227,0.5993814269701639,0.26074014604091644,0.2946569174528122,0.1466291919350624,0.4381494124730428,0.41879093647003174,0.9479123751322428,6.933026125399349,7.512582250203937,-4.057196016949864,0.0,0.0
ES2004b,1169,0.7497751712799072,0.5895766913890839,0.3984765907128652,0.2307594269514084,0.06694923092921574,0.3507345716158549,0.42090823252995807,0.7075942158699036,6.5323464328912735,6.332331723645325,-7.534313297127757,0.0,0.0
ES2004b,1170,0.7298555771509806,0.675903300444285,0.39330316583315533,0.20310722291469574,0.07558575024207433,0.49485283096631366,0.3910778760910034,0.7621595859527588,4.889294780360664,5.8245175604000385,-7.9048580655632295,0.0,0.0
ES2004b,1171,0.7632889946301779,0.5277276039123535,0.3348142256339391,0.23856190840403238,0.08970576524734497,0.46295639872550964,0.38310666879018146,0.9069953759511312,5.846402027642346,6.429074068087865,-8.094575990471885,0.0,0.0
ES2004b,1172,0.7463371753692627,0.6568508744239807,0.4669533173243205,0.17702536284923553,0.046006327494978905,0.3354129195213318,0.46587868531545,0.4118361820777257,6.072225558481441,8.502843246639417,-8.597579684802286,0.0,0.0
ES2004b,1173,0.7654001911481222,0.7003192901611328,0.43692431847254437,0.1994324823220571,0.06852804124355316,0.47725855310757953,0.4395155409971873,0.7393474181493124,6.658798424274726,7.921441497053067,-8.224235355444288,0.0,0.0
ES2004b,1174,0.7965848644574484,0.7431055704752604,0.4264603406190872,0.1826070894797643,0.06768869732817014,0.503778318564097,0.43764714399973553,0.8978132406870524,4.72918233660262,4.684662209519206,-6.894298093923463,0.0,0.0
ES2004b,1175,0.7918974558512369,0.698542853196462,0.3100033054749171,0.15622148414452872,0.049552147587140404,0.5598988930384318,0.46443697810173035,0.3506395642956098,4.335820145917735,-1.2998911869304017,-2.680987106228803,0.0,0.0
ES2004b,1176,0.8454082608222961,0.7029922405878702,0.2354703148206075,0.232620636622111,0.10333351915081342,0.3166005512078603,0.39542531967163086,0.9474850495656332,6.765638121056507,3.047150880667861,1.6133130847749033,0.0,0.0
ES2004b,1177,0.8294860124588013,0.7711011171340942,0.17404690136512121,0.10826716323693593,0.040606326734026275,0.39552666743596393,0.4197398324807485,0.7601498564084371,4.704357327981318,3.6182584003505425,2.204193791893757,0.0,0.0
ES2004b,1178,0.6434147556622823,0.3331860105196635,0.4365193744500478,0.05535946413874626,0.01704279085000356,0.5359049737453461,0.5047631363073984,0.5506722424179316,-8.02003241458782,-11.970342066950474,-3.4928063622878276,0.0,0.0
ES2004b,1179,0.5637134909629822,0.32317616045475006,0.49944334228833515,0.06233963991204897,0.04230703289310137,0.47972171505292255,0.4367065330346425,0.8521726528803507,-12.897496477664363,-3.2177976143858427,5.546760718796796,0.0,0.0
ES2004b,1180,0.5047939618428549,0.2850044419368108,0.3811269799868266,0.06307500849167506,0.05314492806792259,0.5268049190441767,0.49815337856610614,0.9841145475705465,-10.989797338267474,-1.858050195050648,14.237124422074599,0.0,0.0
ES2004b,1181,0.6494093338648478,0.2536461850007375,0.5039624273777008,0.19031401971975961,0.148047444721063,0.42165865500768024,0.5090120732784271,0.5883152584234873,-55.61531173549971,52.95706077584989,-61.24602287616161,0.0,0.0
ES2004b,1182,0.5828407804171244,0.2562161187330882,0.4350678324699402,0.1585046574473381,0.0897369347512722,0.45916720231374103,0.4662855962912242,0.39819365506991744,-38.9301948436172,21.66814585579377,-43.515993896300365,0.0,0.0
ES2004b,1183,0.4695753554503123,0.19969971477985382,0.2854211727778117,0.08622906108697255,0.03523681436975797,0.6045239965120951,0.39930133024851483,0.29985656775534153,-22.018037112958964,-8.110495369266895,-19.457284652033874,0.0,0.0
ES2004b,1184,0.5054733256498972,0.26181652148564655,0.34676318367322284,0.1471344754099846,0.07936520874500275,0.5501847664515177,0.4418094555536906,0.25381379512449104,-30.433580145460024,-3.3031833620653805,-25.726935138017463,0.0,0.0
ES2004b,1185,0.5361279745896658,0.3209761480490367,0.2707371339201927,0.19360217452049255,0.127858255058527,0.5143562853336334,0.4767177402973175,0.5987456937630972,-57.69972193697257,29.28848343612979,-58.23405213262034,0.0,0.0
ES2004b,1186,0.505069891611735,0.23829522728919983,0.476819783449173,0.04900763928890228,0.037342786168058716,0.38109126190344494,0.5287462472915649,0.3315248228609562,-3.930443067867161,3.6879145368410193,4.726472136523383,0.0,0.0
ES2004b,1187,0.7323487599690756,0.34338925778865814,0.3340323269367218,0.07166553537050883,0.02230050725241502,0.43633919954299927,0.5597215096155802,0.6196748452881972,0.08080000069414166,11.252008233169411,-0.35029626401397945,0.0,0.0
ES2004b,1188,0.7411439816157023,0.23084938526153564,0.5395578344662985,0.07011930892864864,0.013422007051606974,0.5406504770119985,0.5654199322064718,0.7429560025533041,-0.07256996009257834,15.102234538607702,1.005389052471567,0.0,0.0
ES2004b,1189,0.6203371286392212,0.39141679803530377,0.4587511122226715,0.17811600863933563,0.12500189679364362,0.3495708405971527,0.40268248319625854,0.8228683670361837,-9.409147904185522,27.41634288227284,-17.294991116100714,0.0,0.0
ES2004b,1190,0.6423474351565043,0.4175094813108444,0.5518862803777059,0.24283149590094885,0.15006712699929872,0.4346306522687276,0.5238553384939829,0.6879859616359075,-38.95757167536117,43.46741277180223,-46.02796178249037,0.0,0.0
ES2004b,1191,0.5980186661084493,0.37733109792073566,0.6027058561642965,0.2483858565489451,0.23077887296676636,0.5101694961388906,0.5344323913256327,0.7639795541763306,-44.91640471131796,55.1464020037846,-55.78183110268105,0.0,0.0
ES2004b,1192,0.6973823308944702,0.45042847593625385,0.4942273497581482,0.18921798467636108,0.06658172296981017,0.3468005210161209,0.4507557551066081,0.9707040588061014,-11.21940517810394,26.75859127178161,-23.553164729374483,0.0,0.0
ES2004b,1193,0.7617253661155701,0.4692995548248291,0.6926100651423136,0.11120123416185379,0.02439462145169576,0.3628840098778407,0.41588260730107623,0.888256311416626,6.413474515343037,13.816315568464736,-5.818215394228585,0.0,0.0
ES2004b,1194,0.66776442527771,0.5165650645891825,0.35119380553563434,0.2388124813636144,0.19726891070604324,0.4322747588157654,0.43571290373802185,0.7003259062767029,-37.60188547210619,42.53474932808137,-45.35683886562081,0.0,0.0
ES2004b,1195,0.5965487758318583,0.325412059823672,0.5287282864252726,0.2948093116283417,0.22045955061912537,0.47283608714739483,0.4796997507413228,0.980261226495107,-69.16525068514123,50.733445364229745,-73.48500015992892,0.0,0.0
ES2004b,1196,0.5768133401870728,0.2743896593650182,0.6375793019930521,0.31128954887390137,0.21798488746086755,0.574548085530599,0.5188338657220205,0.9004520177841187,-66.48713375923317,49.911965798254556,-70.22166717127295,0.0,0.0
ES2004b,1197,0.6965563495953878,0.4922177692254384,0.2591710686683655,0.1541996176044146,0.07612322457134724,0.4501340389251709,0.494059294462204,0.8007901509602865,-34.95641437353873,34.85922124953828,-43.64316257767201,0.0,0.0
ES2004b,1198,0.695916493733724,0.4554094076156616,0.478738434612751,0.2059603383143743,0.176222562789917,0.5597323775291443,0.5107181469599406,0.8693854411443075,-36.735867060786774,41.05596980700599,-44.709340226818426,0.0,0.0
ES2004b,1199,0.49966628352801007,0.22058618068695068,0.37750837206840515,0.41695067783196765,0.27775057156880695,0.37448279559612274,0.40150074164072674,0.9897332787513733,-63.719488738014014,56.035086082229306,-66.6413387915624,0.0,0.0
ES2004b,1200,0.5894070068995158,0.4667435586452484,0.32856478293736774,0.2848233679930369,0.22351430356502533,0.5076548258463541,0.47026632229487103,0.9891954859097799,-71.28040406972839,56.84273838834647,-74.23782024944364,0.0,0.0
ES2004b,1201,0.43815527359644574,0.35817821820576984,0.349187175432841,0.37266120314598083,0.22971941033999124,0.3049456675847371,0.5354166527589163,0.6983813146750132,-62.77180499576891,56.349491375887794,-66.62910253700933,0.0,0.0
ES2004b,1202,0.6182728707790375,0.40216901898384094,0.32211917142073315,0.20878983785708746,0.12012281889716785,0.2868237942457199,0.4801372289657593,0.5753874182701111,-51.21039246084899,54.52509990922206,-58.38096798083296,0.0,0.0
ES2004b,1203,0.7923018137613932,0.581535150607427,0.24843526631593704,0.17524650444587073,0.13608947830895582,0.4378596842288971,0.3920823136965434,0.9013647238413492,-12.26445149931376,19.91180782328518,-21.656388175466464,0.0,0.0
ES2004b,1204,0.7079444328943888,0.5127441187699636,0.14635871102412543,0.10032495111227036,0.05678629626830419,0.37938084701697034,0.473498394091924,0.2509182294209798,-0.3743938289205409,-8.618914296098891,-3.6637200784114277,0.0,0.0
ES2004b,1205,0.76488196849823,0.6039044459660848,0.28357894718647003,0.0529159481326739,0.03443516418337822,0.3921832541624705,0.5304376979668936,0.6716907322406769,5.9504803164972495,4.231192747240562,3.5117225222742214,0.0,0.0
ES2004b,1206,0.7712146838506063,0.5756676892439524,0.27342331906159717,0.052611115078131356,0.03254049892226855,0.42831892768541974,0.5230595469474792,0.8567471305529276,4.205738850170056,7.590554698831755,2.784509704297097,0.0,0.0
ES2004b,1207,0.8439673582712809,0.6884300510088602,0.32444916665554047,0.1928759217262268,0.0761680118739605,0.27763669689496356,0.44979732235272724,0.40107644349336624,3.5725102612936905,1.5728809711744978,-6.506685805822535,0.0,0.0
ES2004b,1208,0.7762044668197632,0.5872166156768799,0.2632211297750473,0.24035310745239258,0.16520576675732931,0.513500839471817,0.42071754733721417,0.7657141784826914,7.263012975270937,3.0352691351804535,-15.230224029619523,0.0,0.0
ES2004b,1209,0.7217369476954142,0.5976895193258921,0.1438580503066381,0.30543934802214306,0.3205743730068207,0.36609142025311786,0.5827493468920389,0.8284194270769755,2.0928123666773137,3.2767633850942315,-15.131331541348189,0.0,0.0
ES2004b,1210,0.7394812703132629,0.6719675262769064,0.19584988802671432,0.13740038126707077,0.11274455736080806,0.5515437722206116,0.5883540908495585,0.6384192208449045,7.011526001621806,4.569276313580631,-14.700843577890822,0.0,0.0
ES2004b,1211,0.732600192228953,0.6097865104675293,0.3451229731241862,0.2971059928337733,0.3280859390894572,0.3926241199175517,0.42075538635253906,0.9635331432024637,7.268965740984034,5.32850023980265,-15.49390319472277,0.0,0.0
ES2004b,1212,0.7539710601170858,0.5704973141352335,0.3142911394437154,0.12538972993691763,0.06266392394900322,0.3921381135781606,0.42574551701545715,0.8908755381902059,6.72779316712531,5.683245761448536,-13.50517621099842,0.0,0.0
ES2004b,1213,0.7467337449391683,0.5957748293876648,0.4002222220102946,0.08931297560532887,0.03194150080283483,0.5592377086480459,0.5063318113485972,0.661945511897405,6.450152912318674,3.4515824339993935,-11.303944875069254,0.0,0.0
ES2004b,1214,0.7777570088704427,0.5491297642389933,0.35562429825464886,0.09269730498393376,0.04693279042840004,0.42004889249801636,0.4836941560109456,0.6962010165055593,8.68613205336811,5.071064846458603,-10.963528400233121,0.0,0.0
ES2004b,1215,0.7820903857549032,0.6349126895268759,0.37068601449330646,0.1441706120967865,0.05647081136703491,0.2916291207075119,0.45118554433186847,0.5944759150346121,10.351713403884888,8.040671792173853,-10.028077770414495,0.0,0.0
