meeting_id,segment_id,AU01,AU02,AU04,AU06,AU12,AU15,AU17,AU25,head_pitch,head_yaw,head_roll,gaze_x,gaze_y
ES2003b,0,0.4404290020465851,0.31718895335992175,0.44315338134765625,0.12716582541664442,0.04622408747673035,0.4655827780564626,0.5647283991177877,0.0724522266536951,-25.658509315377973,2.066571326392391,-7.481330545563826,0.0,0.0
ES2003b,1,0.45345117648442584,0.3369561235109965,0.4161007006963094,0.23043231666088104,0.05829978734254837,0.4872325360774994,0.5783248742421468,0.08874516437451045,-31.00299266207382,1.318011685547897,-8.04961477965053,0.0,0.0
ES2003b,2,0.45462940136591595,0.3486325939496358,0.29500070214271545,0.2135547399520874,0.0661679928501447,0.2712569485108058,0.5561655561129252,0.3190265782177448,-29.535753661681653,0.29764796917668324,-6.442988306458493,0.0,0.0
ES2003b,3,0.4337502022584279,0.3766598751147588,0.5502734382947286,0.1512016678849856,0.05185843134919802,0.5089220305283865,0.502403974533081,0.4884190211693446,-26.57712623574049,-0.41480357416145025,-5.362815866991849,0.0,0.0
ES2003b,4,0.4557770888010661,0.3589109281698863,0.3867851694424947,0.08304731672008832,0.03152098196248213,0.4007902791102727,0.48932557304700214,0.49938030540943146,-24.660881472972104,0.04215446805664713,-5.605954798638364,0.0,0.0
ES2003b,5,0.4395447572072347,0.41247673829396564,0.40653400619824726,0.056936975568532944,0.023362059767047565,0.3506571451822917,0.45607443650563556,0.05187434609979391,-23.75395660801468,-0.7000669971935006,-6.800430157186891,0.0,0.0
ES2003b,6,0.5138436257839203,0.40490058064460754,0.2267561654249827,0.1631116271018982,0.04566603774825732,0.2876637876033783,0.5172907809416453,0.5433870057264963,-16.328910732517315,-5.268510427381508,-5.5382893743959185,0.0,0.0
ES2003b,7,0.49599628647168476,0.22707193593184152,0.4691701978445053,0.1730494499206543,0.05484401062130928,0.4311513404051463,0.5122392773628235,0.526361495256424,4.90422191203242,12.254464909075082,-3.5094468438838913,0.0,0.0
ES2003b,8,0.5362515350182852,0.22772539655367532,0.7912895083427429,0.13419895619153976,0.039682871041198574,0.6763373215993246,0.48658279577891034,0.6242501785357794,12.622692204447938,21.611290505929265,-1.3561133157089886,0.0,0.0
ES2003b,9,0.513210395971934,0.28551583488782245,0.7169960935910543,0.11893453945716222,0.037989262491464615,0.5249607463677725,0.4759209454059601,0.411136481910944,8.127803560426315,10.662345340430523,1.5555736262545254,0.0,0.0
ES2003b,10,0.40921839078267414,0.4192802906036377,0.4126958151658376,0.058880432198445,0.022693158748249214,0.3660947581132253,0.4885251522064209,0.02344830023745696,-23.61208795357317,1.371415081249454,-7.193741836877478,0.0,0.0
ES2003b,11,0.40478256344795227,0.3185092608133952,0.34014322360356647,0.09175585955381393,0.03834340224663416,0.4556321899096171,0.5164869626363119,0.02904670313000679,-22.977463629620104,1.8339667258493282,-7.8371755679335005,0.0,0.0
ES2003b,12,0.5288439194361368,0.336514671643575,0.4049639453490575,0.06986034909884135,0.02751094102859497,0.29602814217408496,0.5089300672213236,0.027325067358712356,-21.30671283521819,2.3770339218921017,-8.308660809796063,0.0,0.0
ES2003b,13,0.38953477144241333,0.4593379994233449,0.3503048022588094,0.082373791684707,0.030804576352238655,0.4842744668324788,0.5457894802093506,0.05414803046733141,-20.59284204217789,2.67834140123531,-8.932328010530155,0.0,0.0
ES2003b,14,0.3395003080368042,0.5088229179382324,0.33685973286628723,0.08621703336636226,0.027348687251408894,0.3466767966747284,0.5166560808817545,0.41259337961673737,-16.21608718008918,2.9609780939834547,-9.156572187002261,0.0,0.0
ES2003b,15,0.41527602076530457,0.4309387008349101,0.33284225563208264,0.09082547823588054,0.028280182431141537,0.4800852835178375,0.4904690186182658,0.3219183360536893,-18.005778283701858,3.2235382488541577,-9.13515810408071,0.0,0.0
ES2003b,16,0.6090713540712992,0.4009143610795339,0.17521721869707108,0.11358132213354111,0.05795055814087391,0.23779899875322977,0.5158533851305643,0.07769422892791529,-20.666238109015637,4.017781012235115,-9.76712540765587,0.0,0.0
ES2003b,17,0.497714638710022,0.44318560759226483,0.21969023843606314,0.11330745369195938,0.09144656422237556,0.4332774778207143,0.5018151005109152,0.07529798087974389,-17.037562793955072,7.633529850913786,-7.364523860464298,0.0,0.0
ES2003b,18,0.4755660394827525,0.3538466642300288,0.2008442059159279,0.062963105738163,0.019612945926686127,0.3982829650243123,0.5632995367050171,0.05256482042993108,-10.329509427680916,14.662937267934211,-9.176424321727085,0.0,0.0
ES2003b,19,0.4157830476760864,0.2524878680706024,0.16322630643844604,0.06562748303016026,0.011192464890579382,0.3880208134651184,0.5487744212150574,0.12108769578238328,-11.451200980144165,15.978162180181343,-8.50188190531441,0.0,0.0
ES2003b,20,0.4673667748769124,0.2207480619351069,0.18067153791586557,0.07019785791635513,0.011325206607580185,0.2729427367448807,0.5341958800951639,0.3030868222316106,-9.899319195248895,15.411000437967067,-9.302713066094471,0.0,0.0
ES2003b,21,0.4634042779604594,0.21094855666160583,0.27359675864378613,0.07231728980938594,0.01062569860368967,0.3277340233325958,0.5667556921641032,0.20847764238715172,-11.216974615411695,15.026536211492674,-10.052482986242635,0.0,0.0
ES2003b,22,0.47258779406547546,0.2338810016711553,0.2759762853384018,0.06432077536980312,0.013523198353747526,0.31581856807072956,0.574647068977356,0.15420905003945032,-17.28293887352963,13.133214724081967,-10.19480705012591,0.0,0.0
ES2003b,23,0.5669061541557312,0.3079977383216222,0.24472367515166601,0.06325512751936913,0.013633522515495619,0.310383935769399,0.5132975180943807,0.036559637635946274,-18.152032205023485,8.872046482774799,-9.274230402328245,0.0,0.0
ES2003b,24,0.4740746219952901,0.30529002845287323,0.2752046287059784,0.06734728813171387,0.016618994064629078,0.3575531641642253,0.5145621995131174,0.020593667558083933,-18.694395113009275,6.50585152813465,-8.75998436978933,0.0,0.0
ES2003b,25,0.5387120048205057,0.42522533734639484,0.21729408701260886,0.06379805505275726,0.01435545894006888,0.19144982596238455,0.5147577623526255,0.03329015003206829,-18.874764685669593,5.3465269763599315,-8.208618166509444,0.0,0.0
ES2003b,26,0.5349668165047964,0.2717691908280055,0.24331289529800415,0.05853466813762983,0.012433961654702822,0.20817521214485168,0.5052918096383413,0.04138708487153053,-14.828642477706927,6.7897867284735485,-9.869718412080779,0.0,0.0
ES2003b,27,0.6440651416778564,0.5039299627145132,0.174841471016407,0.06292601550618808,0.025964178144931793,0.25867263972759247,0.4193676511446635,0.35423756887515384,-4.565112189610904,-2.3183539095588253,-16.220892861081087,0.0,0.0
ES2003b,28,0.6842136184374491,0.544874499241511,0.36508666972319287,0.05931024501721064,0.02308563484499852,0.3862929840882619,0.3528331021467845,0.44736280913154286,0.7868291185082418,-7.665131087003924,-14.438393733010349,0.0,0.0
ES2003b,29,0.6578813989957174,0.5024284720420837,0.1975330337882042,0.05443204070130984,0.01601710511992375,0.40982450048128766,0.5211975077788035,0.11376919131726027,-12.641274049677614,3.3970099429266525,-5.6547236091621125,0.0,0.0
ES2003b,30,0.6295924782752991,0.5611590842405955,0.22042441864808401,0.05313690503438314,0.015359445475041866,0.34505658348401386,0.4767874876658122,0.014060284399117032,-20.571456339937765,1.8609729495118408,-6.75470314323348,0.0,0.0
ES2003b,31,0.5107581416765848,0.433814932902654,0.27191897730032605,0.05779264743129412,0.023671890298525494,0.46807944774627686,0.48419032494227093,0.02433959549913804,-20.08001593779075,1.9491603048276527,-6.891363210194199,0.0,0.0
ES2003b,32,0.4172891676425934,0.5247116486231486,0.4037136435508728,0.054449314872423805,0.021707584150135517,0.2871390680472056,0.4430777430534363,0.008168444192657867,-14.922165736752923,3.213436794603958,-6.86881774805718,0.0,0.0
ES2003b,33,0.559664805730184,0.4932771722475688,0.28415724635124207,0.05557197456558546,0.01967193807164828,0.3211255818605423,0.4902338782946269,0.021958446828648448,-13.960537671987849,3.2705228945560063,-6.89703201366411,0.0,0.0
ES2003b,34,0.6512041290601095,0.43610625465710956,0.2516421427329381,0.07512765501936276,0.03789870347827673,0.23704883952935538,0.49019115169843036,0.024034548550844193,-20.349745907377947,2.1461142573151184,-7.9158808977466535,0.0,0.0
ES2003b,35,0.6491736570994059,0.41485363245010376,0.2801034599542618,0.08175829301277797,0.037218520417809486,0.41760845482349396,0.5398234923680624,0.008438925569256147,-23.94562120953164,1.5696201223921447,-8.628869107650035,0.0,0.0
ES2003b,36,0.6688767870267233,0.37399113178253174,0.16489074130853018,0.07566862056652705,0.03696736631294092,0.4213087856769562,0.5385131537914276,0.009444042729834715,-21.84626653464718,2.3361586642822982,-8.635272768481455,0.0,0.0
ES2003b,37,0.450061172246933,0.400454044342041,0.19780200471480688,0.12074098984400432,0.06731670784453551,0.28176288306713104,0.5021709104379019,0.0038889730349183083,-23.2508187531664,1.7048488297854416,-8.857149969111703,0.0,0.0
ES2003b,38,0.5349413951237997,0.35360970596472424,0.26405339936415356,0.10278915117184322,0.03453441460927328,0.26007922490437824,0.45155887802441913,0.07433107425458729,-20.527790640036596,1.6133623274105273,-9.036017247470255,0.0,0.0
ES2003b,39,0.6057506203651428,0.451948344707489,0.21962022284666696,0.10535535216331482,0.037503801907102265,0.40388521552085876,0.45892934997876483,0.0732524103174607,-20.100043195177893,1.3818158566199543,-9.069970846748388,0.0,0.0
ES2003b,40,0.6176797350247701,0.435193012158076,0.25460458795229596,0.08565513292948405,0.028887681663036346,0.3798058678706487,0.53557288646698,0.0656787824506561,-20.681306480237243,0.38563623123921853,-9.019839875597016,0.0,0.0
ES2003b,41,0.6353857119878134,0.46533356110254925,0.2061407963434855,0.07108339170614879,0.022890154893199604,0.2706957111756007,0.5350781480471293,0.041916266859819494,-18.39263722370337,0.6008721832825603,-8.98594147537559,0.0,0.0
ES2003b,42,0.5665817459424337,0.5175784130891165,0.16160202523072562,0.11215753604968388,0.028238682076334953,0.3090653618176778,0.5229593912760416,0.040019745007157326,-19.51158714347793,1.7885105610633503,-8.829553701850898,0.0,0.0
ES2003b,43,0.6970207293828329,0.4227465093135834,0.4369523922602336,0.09502243747313817,0.02305082107583682,0.42588359117507935,0.5428166687488556,0.0317445353915294,-18.848126962706868,2.7243197601925253,-9.362253618844143,0.0,0.0
ES2003b,44,0.6379008491834005,0.4817894399166107,0.409197469552358,0.08292498687903087,0.01944518896440665,0.46766621867815655,0.5518043239911398,0.02985896108051141,-18.273986636703885,2.6274601497674523,-9.415096383529344,0.0,0.0
ES2003b,45,0.6435980796813965,0.4407999316851298,0.3329278578360875,0.11061335106690724,0.034571550165613495,0.36132514476776123,0.5842359860738119,0.11763740951816241,-21.772343970352768,4.625131240511329,-11.093133397319866,0.0,0.0
ES2003b,46,0.506322572628657,0.323256254196167,0.347667599717776,0.09205711881319682,0.02510410298903783,0.4190371632575989,0.5506780942281088,0.5841815993189812,-22.754237316468906,6.4188859413859065,-11.990134221486215,0.0,0.0
ES2003b,47,0.5199861228466034,0.3661414384841919,0.379540354013443,0.14228749523560205,0.03260987220952908,0.3076336681842804,0.5261540512243906,0.633993610739708,-23.611249812715712,4.535707292466199,-13.033309405499422,0.0,0.0
ES2003b,48,0.5277334054311117,0.47593794266382855,0.3826086223125458,0.17134816944599152,0.04090559482574463,0.3000936433672905,0.5374088982741038,0.5828607554237047,-27.615377952250274,4.359767382989922,-13.52084105931163,0.0,0.0
ES2003b,49,0.5036967992782593,0.504412442445755,0.3029470642407735,0.21905148526032767,0.08003035560250282,0.26308120290438336,0.46493106087048847,0.7264576951662699,-27.577190832459195,3.898425131733012,-14.085858162093034,0.0,0.0
ES2003b,50,0.47159215807914734,0.24671895802021027,0.22787943482398987,0.12595982228716215,0.07527968504776557,0.3522842625776927,0.44687171777089435,0.3990715090185404,-17.798946117011543,9.225365389583196,-7.279065651947431,0.0,0.0
ES2003b,51,0.4592191179593404,0.2534217486778895,0.2295760214328766,0.059062196562687554,0.019357164700826008,0.23095707595348358,0.5349354048569998,0.02211857959628105,-18.020240915730927,9.23127348939006,-8.579474236409748,0.0,0.0
ES2003b,52,0.44220754504203796,0.18714469174544016,0.25946831703186035,0.0609444777170817,0.013933487546940645,0.36582159996032715,0.5814981063206991,0.029784806538373232,-18.75431788130413,11.279453877788347,-11.721666409911096,0.0,0.0
ES2003b,53,0.43761880199114483,0.1918742706378301,0.40297093987464905,0.06180042773485184,0.011576582056780657,0.390797217686971,0.524548331896464,0.04097603261470795,-18.26998469139184,9.634556633429668,-11.754186450782589,0.0,0.0
ES2003b,54,0.4992031256357829,0.31490152577559155,0.28447596232096356,0.08973042915264766,0.017623784951865673,0.4209097921848297,0.4903773566087087,0.09952527781327565,-20.90300007486263,7.204350970396539,-11.114494173240857,0.0,0.0
ES2003b,55,0.4992592930793762,0.4063200056552887,0.23335704455773035,0.07674584289391835,0.025408755367000897,0.433726688226064,0.553672194480896,0.05667536934682479,-20.20523420004595,6.147238957093497,-10.704604337412663,0.0,0.0
ES2003b,56,0.5500739912192026,0.3437272161245346,0.37595977385838825,0.08338278407851855,0.044940883914629616,0.4380957285563151,0.49718137582143146,0.05820592989524206,-19.899805220412002,5.652616337516872,-9.893584431555995,0.0,0.0
ES2003b,57,0.432898888985316,0.31775039931138355,0.5350474814573923,0.07247718175252278,0.018190260666112106,0.48411692182223004,0.5143370032310486,0.11754767876118422,-22.153486858249718,6.694124905650991,-12.202778956410874,0.0,0.0
ES2003b,58,0.4846819539864858,0.3414999345938365,0.27661291758219403,0.08625087141990662,0.020212566169599693,0.4690622587998708,0.5184353291988373,0.17735287671287855,-23.525663013956727,6.020022715489859,-12.1188635166853,0.0,0.0
ES2003b,59,0.4493455688158671,0.2594668169816335,0.46032625436782837,0.08058435097336769,0.02104460448026657,0.35652071237564087,0.5413286884625753,0.07295747473835945,-23.287928740254056,5.432187029376618,-11.837296597224231,0.0,0.0
ES2003b,60,0.5680357416470846,0.3769189417362213,0.3366854985555013,0.06755333517988522,0.018779483313361805,0.46271194020907086,0.547342042128245,0.03298383803727726,-24.391747049256818,5.133098942225039,-12.379621053716313,0.0,0.0
ES2003b,61,0.5492573579152426,0.3684549530347188,0.33817216257254284,0.10580483824014664,0.021942927812536556,0.3095451394716899,0.5195164084434509,0.01654228117937843,-22.973834115793036,5.070141006717955,-12.077133386829559,0.0,0.0
ES2003b,62,0.4346495568752289,0.451388160387675,0.38930649558703107,0.07400315503279369,0.028074119860927265,0.40062616268793744,0.5246826310952505,0.02120882784947753,-18.007184862435512,4.655961878065441,-10.713089569820655,0.0,0.0
ES2003b,63,0.5577361881732941,0.41883047421773273,0.5709991653760275,0.11989162117242813,0.05807110605140527,0.25537695984045666,0.453826646010081,0.2086856539050738,3.7967616361523313,-10.938997045311417,-16.275915357516354,0.0,0.0
ES2003b,64,0.586408942937851,0.40150732298692066,0.31280289093653363,0.07760076224803925,0.04051819661011299,0.4578483998775482,0.4543173313140869,0.6612519274155298,14.47136736227305,-8.918496265139392,-14.998016400746517,0.0,0.0
ES2003b,65,0.6261907815933228,0.33913534382979077,0.26426635185877484,0.09081545223792394,0.034114633997281395,0.3071157882610957,0.5342917541662852,0.5074264854192734,1.2664224875851329,0.39771262644301214,-4.597026004297452,0.0,0.0
ES2003b,66,0.6219189564387003,0.48902735114097595,0.34242256979147595,0.062317535281181335,0.016374943157037098,0.33832116921742755,0.5686768690745035,0.049953561276197433,-6.4139583339955175,7.459744072796529,-4.0288909882338,0.0,0.0
ES2003b,67,0.6129088203112284,0.4882197578748067,0.40282192826271057,0.06215902790427208,0.015795241110026836,0.3327515621980031,0.6046518683433533,0.048503244295716286,-5.781124432452592,7.358568155158093,-5.774911128566718,0.0,0.0
ES2003b,68,0.5239512224992117,0.39415692289670307,0.2981586903333664,0.05812798937161764,0.01510255845884482,0.4636576573053996,0.5492941439151764,0.06465980131179094,-7.912939323236022,7.2313052751596105,-6.3716437864834505,0.0,0.0
ES2003b,69,0.5505349338054657,0.44807008902231854,0.29014212389787036,0.06811507046222687,0.018460948951542377,0.3192191869020462,0.5274933675924937,0.14971556762854257,-8.039933831365905,7.539856253111876,-4.775989890535956,0.0,0.0
ES2003b,70,0.5264086027940115,0.44408081968625385,0.18878193696339926,0.057379970947901406,0.012596389899651209,0.3252468407154083,0.5133261978626251,0.07020581141114235,-6.963171120029649,7.282711051582434,-4.056647735334863,0.0,0.0
ES2003b,71,0.4905441502730052,0.4658300479253133,0.18997090061505637,0.05808442955215772,0.0176266444226106,0.43788636724154156,0.49476199348767597,0.0800345301007231,-6.896685809089033,6.819625374890493,-3.884921145048464,0.0,0.0
ES2003b,72,0.6030660271644592,0.5538109739621481,0.26118890941143036,0.07841771468520164,0.018027271144092083,0.3015072097380956,0.5388843019803365,0.05810162238776684,-6.682858813663903,6.949477578755325,-4.651701781389967,0.0,0.0
ES2003b,73,0.6364065011342367,0.5534886916478475,0.159715769191583,0.059859100729227066,0.01310733798891306,0.46466729044914246,0.5035243431727091,0.03035743146513899,-6.345672388822309,6.813966544109736,-4.554409187733771,0.0,0.0
ES2003b,74,0.5899242758750916,0.5203653772672018,0.1421584611137708,0.05903760840495428,0.018795050991078217,0.277092769742012,0.5116689205169678,0.034181629152347646,-5.277071887719851,7.097073199623459,-3.8431754050452955,0.0,0.0
ES2003b,75,0.6171206633249918,0.4966718852519989,0.1849127933382988,0.0729201336701711,0.01815777365118265,0.28428636988004047,0.5003437697887421,0.0673139567176501,-5.215627592674525,6.214892185786624,-3.987138884983981,0.0,0.0
ES2003b,76,0.6041878263155619,0.43413838744163513,0.18437628199656805,0.0536540262401104,0.01564443049331506,0.39049187302589417,0.4889816145102183,0.027391417262454826,-5.477784439236859,5.654293615323695,-4.310681472902842,0.0,0.0
ES2003b,77,0.5716336766878763,0.5068654914697012,0.23133118947347006,0.052771893640359245,0.01612746249884367,0.43090253074963886,0.5086837311585745,0.01575202603513996,-5.956103436340027,5.391052763601938,-4.2443142340105,0.0,0.0
ES2003b,78,0.5297013223171234,0.448093314965566,0.16703039407730103,0.05293184146285057,0.014721418730914593,0.5198357701301575,0.5446908374627432,0.022284837439656258,-5.697475984861794,5.556665692876268,-4.438611631187105,0.0,0.0
ES2003b,79,0.5455323855082194,0.47849095861117047,0.23737304906050363,0.05117737750212351,0.01487093356748422,0.5019114365180334,0.46075088779131573,0.03940969659015536,-5.851239021951147,4.539183698113987,-4.074003727210172,0.0,0.0
ES2003b,80,0.5080606937408447,0.3689136604468028,0.3170132140318553,0.0540128822127978,0.01721027462432782,0.49751045803229016,0.42808084686597186,0.009041281261791786,-5.94636657761522,4.370839558103121,-3.512120266720635,0.0,0.0
ES2003b,81,0.5725661913553873,0.39291027188301086,0.39000751574834186,0.05397573858499527,0.01565195278575023,0.11453970770041148,0.4076158404350281,0.01103451611318936,-6.637274970807868,5.373525887758686,-3.8399440899224895,0.0,0.0
ES2003b,82,0.445814977089564,0.4464976986249288,0.21993149320284525,0.050913937389850616,0.01789945736527443,0.21541355550289154,0.4114993115266164,0.049808831264575325,-6.96413017937074,5.724433271611662,-3.0002315868571614,0.0,0.0
ES2003b,83,0.5513930718104044,0.2652024527390798,0.722667376200358,0.10926272968451183,0.03467972887059053,0.2101458211739858,0.44111398855845135,0.20900088051954904,0.009516387644481483,29.086203945462472,11.457604348918872,0.0,0.0
ES2003b,84,0.6053115129470825,0.32707037528355914,0.4269002278645833,0.10908135523398717,0.057903031508127846,0.2961628834406535,0.48644574483235675,0.3228480163961649,3.1162942130997044,33.30965683674753,10.658510482334563,0.0,0.0
ES2003b,85,0.5389682849248251,0.2382033516963323,0.4255184680223465,0.0869557758172353,0.03029770900805791,0.3554304341475169,0.4027319053808848,0.3239465728402138,1.4038865273679573,29.78379678027458,10.41060319037073,0.0,0.0
ES2003b,86,0.5305829544862112,0.397070974111557,0.6283033490180969,0.10513801624377568,0.04120440284411112,0.2908640652894974,0.389082670211792,0.45450430115063983,4.002657871600868,37.392472944771114,13.89901283819149,0.0,0.0
ES2003b,87,0.5400283932685852,0.40444229046503705,0.6531140406926473,0.11457318812608719,0.03598615899682045,0.27160516381263733,0.40593549609184265,0.18551339084903398,4.149504582561092,37.836371247361626,14.438415669953185,0.0,0.0
ES2003b,88,0.5930798451105753,0.29480717579523724,0.6557734409968058,0.15090186397234598,0.08399548133214314,0.2906496226787567,0.5338235894838969,0.3083840434749921,5.408395866265649,40.954745894294064,13.593206572477643,0.0,0.0
ES2003b,89,0.5917436083157858,0.2802997926870982,0.7265352209409078,0.15344808995723724,0.09731520712375641,0.3490445415178935,0.4380451540152232,0.1825972174604734,5.575445044759946,41.025657837039226,13.661778647279279,0.0,0.0
ES2003b,90,0.6490861177444458,0.35710001985232037,0.5713924864927927,0.13964468240737915,0.0723186731338501,0.3199615925550461,0.4824700752894084,0.28170182059208554,3.845271223955985,39.89258017826801,12.998167225258863,0.0,0.0
ES2003b,91,0.5896182258923849,0.33744195103645325,0.4015166759490967,0.09620019048452377,0.03999111553033193,0.4092043439547221,0.3831486205259959,0.5537521267930666,0.9207924505770885,34.65861074826612,11.508768805394212,0.0,0.0
ES2003b,92,0.49718059102694195,0.2248206983009974,0.3699120730161667,0.07693828518191974,0.024767866358160973,0.41444304088751477,0.38684237003326416,0.508117695649465,-11.819440189496921,19.405751678290656,4.101016787786539,0.0,0.0
ES2003b,93,0.4881751636664073,0.4519345959027608,0.3781372755765915,0.06073882306615511,0.01790886993209521,0.24508393307526907,0.4898984531561534,0.023065943736582994,-12.994135101104483,7.0058169819562375,-4.266098999460172,0.0,0.0
ES2003b,94,0.6848151286443075,0.413669357697169,0.6794471144676208,0.15110112726688385,0.07796245813369751,0.3143167942762375,0.40717798471450806,0.34174345433712006,1.8461145906627046,41.35643090249594,10.967408803338003,0.0,0.0
ES2003b,95,0.6284797191619873,0.3078597734371821,0.7621040145556132,0.14076649645964304,0.06908611580729485,0.3124900708595912,0.436927596728007,0.3585880249738693,4.3561127667353565,52.134190917126226,13.14896700014558,0.0,0.0
ES2003b,96,0.6154070496559143,0.32826385895411175,0.7664048870404562,0.14308183640241623,0.05209601173798243,0.2849544982115428,0.3461316227912903,0.4634099950393041,8.72971172391315,59.567088842146994,15.943956129344096,0.0,0.0
ES2003b,97,0.5377402802308401,0.2631603280703227,0.7730991045633951,0.1116615856687228,0.03746538360913595,0.3672934025526047,0.3631933927536011,0.4126222829023997,7.153935610342404,59.162472549923706,14.900998096785557,0.0,0.0
ES2003b,98,0.590862880150477,0.32164551814397174,0.6554645299911499,0.1636673907438914,0.08862887819608052,0.40153785546620685,0.43116355935732525,0.32021740823984146,6.894274919450339,55.27564851526651,14.278271562355966,0.0,0.0
ES2003b,99,0.7216026186943054,0.34814350803693134,0.745182991027832,0.2418483098347982,0.09469512104988098,0.6118189295132955,0.504639615615209,0.32352884610493976,8.424665266963656,49.69212079421748,14.284029035084302,0.0,0.0
ES2003b,100,0.7665709257125854,0.3715631266434987,0.6331596473852793,0.2284685323635737,0.11354207247495651,0.7040392756462097,0.5128149688243866,0.20031399776538214,7.564120390033669,49.515281084559206,13.849370460361065,0.0,0.0
ES2003b,101,0.7417330543200175,0.32322318355242413,0.5942219098409017,0.18949591120084128,0.09667995075384776,0.4298205723365148,0.5244984229405721,0.30676448345184326,7.426168444647509,49.49126593417241,13.751577909203716,0.0,0.0
ES2003b,102,0.6987981597582499,0.3090687890847524,0.6471119324366251,0.25934389730294544,0.152699942390124,0.5518259207407633,0.5329714417457581,0.5288710296154022,7.0646179336385755,48.60447437961833,13.793961921707904,0.0,0.0
ES2003b,103,0.7471765478452047,0.3241722782452901,0.6457998355229696,0.2685633699099223,0.1324841429789861,0.7156617244084676,0.5268046855926514,0.19511346146464348,6.04324265950185,49.04213644250877,13.292968467456731,0.0,0.0
ES2003b,104,0.7060926755269369,0.3269679844379425,0.7444570064544678,0.24245255688826242,0.09734459966421127,0.5361182490984598,0.5152196288108826,0.1906378169854482,2.690626981348656,51.09112532093258,10.826734465646958,0.0,0.0
ES2003b,105,0.6879878640174866,0.27934999267260235,0.7536665995915731,0.2062866042057673,0.1305136556426684,0.5334126849969228,0.5142601033051809,0.302235659211874,4.098546690738281,52.433088636866565,11.575204041761296,0.0,0.0
ES2003b,106,0.6307449340820312,0.35668063163757324,0.840591311454773,0.17827336490154266,0.08776260664065678,0.5427239338556925,0.4684214989344279,0.33492566148440045,3.725288789901427,52.37956621263098,11.551742361106188,0.0,0.0
ES2003b,107,0.6576745510101318,0.36639800667762756,0.8427624702453613,0.17892185846964517,0.09475088864564896,0.4538482129573822,0.46298813819885254,0.17385381211837134,5.205579834316588,52.22428423300653,12.45530324800499,0.0,0.0
ES2003b,108,0.6409567793210348,0.3166577567656835,0.7650306622187296,0.17713005344072977,0.08379381398359935,0.34298016627629596,0.44686159491539,0.25627241283655167,4.570067005581354,52.35362952322807,12.948582895186604,0.0,0.0
ES2003b,109,0.6439775029818217,0.302708367506663,0.6537468632062277,0.16643297672271729,0.09909083694219589,0.5416911343733469,0.5056595702966055,0.31691916286945343,7.148327146012314,53.68928594279162,14.453004994544946,0.0,0.0
ES2003b,110,0.6495750149091085,0.2835639913876851,0.7465049227078756,0.16329185664653778,0.11946431050697963,0.515002965927124,0.5089702208836874,0.4439746414621671,9.50584744398875,55.595032697552675,15.940621991505301,0.0,0.0
ES2003b,111,0.6736330986022949,0.3608454366525014,0.8287158012390137,0.18110004564126334,0.10748457163572311,0.3706865559021632,0.4739603102207184,0.13483207176129022,7.692390954015152,54.92078049233555,14.786241685888742,0.0,0.0
ES2003b,112,0.6926467418670654,0.26882826785246533,0.8342112898826599,0.20848724246025085,0.10733553270498912,0.5330274303754171,0.5172291199366251,0.43017010887463886,7.972785411373775,56.46223882088098,14.40471748745812,0.0,0.0
ES2003b,113,0.6464961171150208,0.282877912123998,0.7942136923472086,0.18318308889865875,0.0999158372481664,0.5619261761506399,0.5311802824338278,0.38743476072947186,7.13303549730221,54.49264991197686,13.603082048018635,0.0,0.0
ES2003b,114,0.699401060740153,0.30436474084854126,0.7187610864639282,0.19093418618043265,0.10473305483659108,0.4309727946917216,0.5271904865900675,0.5530845324198405,4.256978874666742,51.59226847656387,11.259714785623848,0.0,0.0
ES2003b,115,0.6562782526016235,0.3258131444454193,0.7724454601605734,0.2044325495759646,0.0906061219672362,0.49356550971666974,0.49566876888275146,0.26528620223204297,3.489375623181416,51.55561686964643,11.294201646785035,0.0,0.0
ES2003b,116,0.5652961532274882,0.2697249750296275,0.8406270742416382,0.11348186681667964,0.04587664579351743,0.4755179484685262,0.30280111233393353,0.3727647264798482,0.707690563538235,50.2990976789737,10.757176634234973,0.0,0.0
ES2003b,117,0.5879355669021606,0.32943939169247943,0.8338433106740316,0.13525564223527908,0.045563407242298126,0.37405137221018475,0.37047266960144043,0.2514384537935257,1.9847876693778648,50.96559139606592,11.345305853343051,0.0,0.0
ES2003b,118,0.6054793397585551,0.3174584110577901,0.8671247561772665,0.17806260784467062,0.06019402046998342,0.5256989796956381,0.464922030766805,0.2777448420723279,2.0923651287705862,50.15036143042355,11.07175438532166,0.0,0.0
ES2003b,119,0.5559201836585999,0.3919198016325633,0.8217594424883524,0.1574556529521942,0.06436563407381375,0.5662965873877207,0.5195295115311941,0.10656995822985967,2.678843329569936,51.69786540738963,11.41558273558716,0.0,0.0
ES2003b,120,0.6642892956733704,0.3313068151473999,0.7674610217412313,0.12417481591304143,0.05325475831826528,0.39438337087631226,0.40145673354466754,0.4753021498521169,2.363389251584048,51.34563891845301,11.171613066709801,0.0,0.0
ES2003b,121,0.6678146719932556,0.37196407715479535,0.7205682794253031,0.10905556629101436,0.04808925340572993,0.3595249280333519,0.3887466291586558,0.49717816710472107,0.15593728140933996,49.51540679259201,10.956777788831095,0.0,0.0
ES2003b,122,0.58883136510849,0.3107595543066661,0.6298278669516245,0.0941033735871315,0.044049025823672615,0.3555149734020233,0.36199769377708435,0.2181209639335672,0.023621757778125474,48.593327756700496,11.23955350577024,0.0,0.0
ES2003b,123,0.5731619596481323,0.3152930537859599,0.6193524599075317,0.07702231407165527,0.034079991901914276,0.36552974581718445,0.36788620551427204,0.15665056556463242,-0.5334712715965182,48.16242084655119,12.60237648575152,0.0,0.0
ES2003b,124,0.5870304902394613,0.30135154724121094,0.635344942410787,0.07301334291696548,0.025639875481526058,0.42862215638160706,0.389205406109492,0.04118564104040464,-0.9904268736434442,47.75994512689835,13.751161355093727,0.0,0.0
ES2003b,125,0.5716989040374756,0.24173775811990103,0.5723457535107931,0.06415817514061928,0.01986602507531643,0.3950297335783641,0.38419673840204877,0.3359660605589549,-0.20016432265455408,49.11488867814535,14.053264561290327,0.0,0.0
ES2003b,126,0.588437815507253,0.23849915464719137,0.6468952695528666,0.06731152534484863,0.021381118645270664,0.3697929084300995,0.36973966161410016,0.17835210263729095,-1.0124277568908948,49.443163831150116,13.267003163104624,0.0,0.0
ES2003b,127,0.5559338927268982,0.23712922632694244,0.6448111534118652,0.06851884722709656,0.03349385783076286,0.3488948841889699,0.3551073968410492,0.13036003957192102,0.8381331971960421,51.0333024581788,14.656971515833646,0.0,0.0
ES2003b,128,0.6131267746289571,0.3612266381581624,0.7585816184679667,0.14772129928072295,0.08320916009445985,0.29312614103158313,0.39396632711092633,0.590306376417478,4.802066270398534,54.00082012638956,14.913278936211578,0.0,0.0
ES2003b,129,0.5545810659726461,0.32977620760599774,0.5618306795756022,0.3489522735277812,0.26944930851459503,0.46824970841407776,0.410736620426178,0.6752717594305674,9.863192659152896,58.289893684406024,14.780236501210945,0.0,0.0
ES2003b,130,0.576932946840922,0.36353473862012226,0.5377898017565409,0.31904781858126324,0.30560386180877686,0.6679405172665914,0.46991226077079773,0.5787171324094137,10.090098384987341,57.189505078115474,14.680298015579297,0.0,0.0
ES2003b,131,0.6323143839836121,0.38219912846883136,0.6916848619778951,0.2008214294910431,0.14651081711053848,0.4558058480421702,0.47240527470906574,0.18749899168809256,9.156547506951549,57.44214479559003,14.932416834667734,0.0,0.0
ES2003b,132,0.7050641973813375,0.3464956184228261,0.8298432230949402,0.2549579093853633,0.1523891215523084,0.6806295911471049,0.4439391791820526,0.6439557274182638,8.522388418651445,54.54442477528395,13.493944492860487,0.0,0.0
ES2003b,133,0.7414504885673523,0.3387407163778941,0.6955056587855021,0.222101628780365,0.15916120012601218,0.43270819385846454,0.4724854528903961,0.5391374180714289,7.677956991872911,53.931685354702445,12.7246140487471,0.0,0.0
ES2003b,134,0.7067774136861166,0.3681052525838216,0.7947809100151062,0.2513890564441681,0.17453869183858237,0.5604309737682343,0.4783230523268382,0.30191031595071155,9.304249900748948,56.67326035724941,13.840576027879441,0.0,0.0
ES2003b,135,0.632018506526947,0.44858118891716003,0.534798244635264,0.2952685256799062,0.17341450105110803,0.4518367350101471,0.45525091886520386,0.6057530641555786,7.15686631545368,55.952842061508896,10.96607445345804,0.0,0.0
ES2003b,136,0.5650374988714854,0.44311611851056415,0.5375521381696066,0.4040309290091197,0.2957876573006312,0.45315849781036377,0.5426090757052103,0.4373112420241038,4.454369396080875,55.1695770844078,7.359769080252569,0.0,0.0
ES2003b,137,0.6810570359230042,0.32959510385990143,0.665038675069809,0.321629931529363,0.18577409287293753,0.46060867110888165,0.5381021797657013,0.3007527415951093,3.834325679068321,52.52057535329468,7.301334262160882,0.0,0.0
ES2003b,138,0.6339669823646545,0.4037059545516968,0.7641981244087219,0.3118417163689931,0.23031624654928842,0.6201887726783752,0.4273736774921417,0.47551538546880084,3.699056850766207,52.67729136698509,7.537626988965595,0.0,0.0
ES2003b,139,0.5305915574232737,0.38672160108884174,0.5443803171316782,0.404774268468221,0.3031848768393199,0.625402549902598,0.5018078684806824,0.6462875008583069,5.108583314809717,53.411772594388545,8.49657621808671,0.0,0.0
ES2003b,140,0.6963466008504232,0.32689478000005084,0.7475311557451884,0.24057489136854807,0.19917157292366028,0.4949584901332855,0.45405131578445435,0.6240754922231039,5.393810480073206,53.936594602382854,9.384626132799879,0.0,0.0
ES2003b,141,0.6366820335388184,0.3696523606777191,0.6694511274496714,0.29690657059351605,0.2060125768184662,0.5133935560782751,0.49530216058095294,0.4459379315376282,5.779003266185615,53.85570511990452,9.80540079179547,0.0,0.0
ES2003b,142,0.6284069418907166,0.42142390211423236,0.6103856861591339,0.3713909387588501,0.23386946817239126,0.4731619556744893,0.5219943126042684,0.49723203976949054,5.938793822938855,54.15495553342629,9.872733892144778,0.0,0.0
ES2003b,143,0.6946843266487122,0.4093450605869293,0.7016550501187643,0.34038441876570386,0.18389993409315744,0.5512364308039347,0.541603147983551,0.4464826708038648,6.00596450311086,53.81463639232046,9.993826056519117,0.0,0.0
ES2003b,144,0.6714375615119934,0.3070194025834401,0.7616807421048483,0.30870571732521057,0.18027889728546143,0.40495667854944867,0.47877052426338196,0.5008413294951121,5.930180180970673,54.46423930937657,9.859358220583184,0.0,0.0
ES2003b,145,0.668169359366099,0.31078288952509564,0.7322143117586771,0.3074657469987869,0.22267360985279083,0.6260614991188049,0.46840564409891766,0.5106078634659449,6.150756494337222,54.900789794514765,10.10443090978846,0.0,0.0
ES2003b,146,0.667390763759613,0.41591190298398334,0.744746188322703,0.25820458432038623,0.15539531906445822,0.35891632239023846,0.48464496930440265,0.29725057383378345,4.0913988164693285,50.55394868832895,9.57459626078087,0.0,0.0
ES2003b,147,0.5196138322353363,0.31356900930404663,0.6377148628234863,0.10694681977232297,0.04226031775275866,0.5770153800646464,0.47938812772432965,0.23147435237963995,-5.226119020441737,14.276745270346602,0.39190184273545076,0.0,0.0
ES2003b,148,0.4752943813800812,0.31361709038416546,0.5173897941907247,0.05588987718025843,0.015084782925744852,0.20990876605113348,0.33031625548998517,0.3452078228195508,-13.75477173174994,-13.69488970387719,-7.164133914324645,0.0,0.0
ES2003b,149,0.535031646490097,0.3231876840194066,0.5869792699813843,0.0976905884842078,0.04518647802372774,0.2234974503517151,0.4116829534371694,0.04819661813477675,-12.916394461354534,-9.669284594703454,-6.201955866935118,0.0,0.0
ES2003b,150,0.5775459210077921,0.25278206169605255,0.6591382424036661,0.0676989418764909,0.03001032459239165,0.46560138463974,0.452610303958257,0.4691360890865326,3.363452923892521,25.898880351248454,11.083218207187697,0.0,0.0
ES2003b,151,0.5776286323865255,0.1855625460545222,0.566535492738088,0.08516229689121246,0.042699278642733894,0.4423587719599406,0.4517564872900645,0.38926439980665845,1.4999584035019577,43.949652130689344,14.999873874609307,0.0,0.0
ES2003b,152,0.5730452736218771,0.18575434883435568,0.5339866479237875,0.0757147545615832,0.06163127844532331,0.5257851680119833,0.4851291974385579,0.2918836424748103,1.9305598365104035,44.49179744584958,18.10621868812281,0.0,0.0
ES2003b,153,0.5695522427558899,0.1757455269495646,0.5509914060433706,0.07677618662516277,0.04686859374245008,0.4468577802181244,0.42817845940589905,0.39798373480637866,0.9720298490444849,44.48272564722428,17.37870365293585,0.0,0.0
ES2003b,154,0.5629674394925436,0.15333516895771027,0.5846497019131979,0.07589797675609589,0.04993322491645813,0.3743043641249339,0.4602503776550293,0.5157095293203989,0.8718898991961946,44.344670337192305,16.952357693430894,0.0,0.0
ES2003b,155,0.570440411567688,0.2083560824394226,0.523869127035141,0.06859965125719707,0.04064329961935679,0.5416414638360342,0.4624549051125844,0.44012632966041565,1.7773508039404937,45.62092401441521,16.67838059003212,0.0,0.0
ES2003b,156,0.5534051259358724,0.22044333815574646,0.583385705947876,0.07482888922095299,0.04318777720133463,0.450033575296402,0.4612673024336497,0.20237908264001211,2.587163174725496,46.46119147726023,18.350022930686425,0.0,0.0
ES2003b,157,0.5505673289299011,0.1962960163752238,0.6470511158307394,0.06903052826722463,0.03662670155366262,0.6377410491307577,0.43448979655901593,0.2657240877548854,0.22634156719189882,43.813955591899884,12.403864295053092,0.0,0.0
ES2003b,158,0.5417588154474894,0.16155708332856497,0.6633230249087015,0.07753875354925792,0.0411935659746329,0.4612847566604614,0.43165695667266846,0.2717108577489853,1.7798043423921728,45.614394231024356,16.074325659735038,0.0,0.0
ES2003b,159,0.5419455269972483,0.28162965178489685,0.5666149655977885,0.18474885572989783,0.08670339360833168,0.39636264244715375,0.517032523949941,0.4929354290167491,8.799074298298118,37.097158768098076,9.149760149693016,0.0,0.0
ES2003b,160,0.6002887487411499,0.4352140724658966,0.516035238901774,0.17625789220134416,0.08543764986097813,0.41939207911491394,0.47749967376391095,0.6412900487581888,-7.202350252854007,12.570142927409648,3.928988553832092,0.0,0.0
ES2003b,161,0.5686343908309937,0.250601867834727,0.46594561139742535,0.07717855150500934,0.02352627708266179,0.36759146054585773,0.43201083938280743,0.41440018514792126,-2.5858217787316806,19.24406542772571,6.411274542804954,0.0,0.0
ES2003b,162,0.5572936534881592,0.1756033847729365,0.5097419619560242,0.08030573278665543,0.03921950360139211,0.2845536371072133,0.39521685242652893,0.5693984863658746,1.1315629277404569,36.0713731153939,13.597080526506488,0.0,0.0
ES2003b,163,0.554008424282074,0.14095707734425864,0.6865095297495524,0.07751443982124329,0.027643898501992226,0.47204288840293884,0.3659073015054067,0.5081394414107004,0.2367106344378773,37.07060990713662,13.530837114386893,0.0,0.0
ES2003b,164,0.5639542738596598,0.20093901455402374,0.6451412638028463,0.08110004911820094,0.043770470966895424,0.35352206726868945,0.3564208348592122,0.6448686420917511,0.7443161488906064,37.715776397046234,12.843769838648283,0.0,0.0
ES2003b,165,0.5803946852684021,0.22518118222554526,0.6253559192021688,0.07496024916569392,0.02958391172190507,0.37271109223365784,0.38702018062273663,0.6454979280630747,0.12686444707589042,37.98544527749184,12.661884371388657,0.0,0.0
ES2003b,166,0.5402038196722666,0.1849918762842814,0.7120832403500875,0.07779382665952046,0.029498486469189327,0.4344285825888316,0.34623075524965924,0.34983081618944806,-0.059192234958463784,37.89403086925208,12.794511971731744,0.0,0.0
ES2003b,167,0.5555744171142578,0.19772969186306,0.7022942900657654,0.0934168001015981,0.026994716376066208,0.4158257643381755,0.35804665088653564,0.1457429031531016,0.6221116461133519,38.2739536538888,12.701380640522705,0.0,0.0
ES2003b,168,0.5622758666674296,0.19600268453359604,0.6342367728551229,0.07481508205334346,0.027273820092280705,0.29903119802474976,0.39084391792615253,0.40965693195660907,1.2987565588158871,38.96821029764546,12.727424764567246,0.0,0.0
ES2003b,169,0.5561090310414633,0.25820179283618927,0.6442752877871195,0.07490393271048863,0.0320083387196064,0.49832703669865924,0.382222056388855,0.11553275119513273,1.8344932625906125,39.46975149820718,13.270582678376883,0.0,0.0
ES2003b,170,0.5763505299886068,0.19912290076414743,0.6839082638422648,0.08303073793649673,0.02764272193113963,0.3080640733242035,0.3965081175168355,0.12574474016825357,0.7380179329826356,38.290461985313016,13.085885410229224,0.0,0.0
ES2003b,171,0.5461403528849283,0.2316418488820394,0.6113040645917257,0.07758795966704686,0.026680694272120793,0.2756513257821401,0.34884117046991986,0.06639714197566111,1.1123980844109151,37.31567763239204,12.435423149861366,0.0,0.0
ES2003b,172,0.5398721297581991,0.24823478360970816,0.6981488664944967,0.07951176166534424,0.03385186567902565,0.3523460427920024,0.35415716965993244,0.07506559789180756,1.6066396405068264,37.0880331246432,12.567922770803811,0.0,0.0
ES2003b,173,0.5425515274206797,0.2771197905143102,0.6746426622072855,0.08797959983348846,0.0386065940062205,0.39405081669489544,0.343142032623291,0.2017726426323255,1.045212988904727,37.51841612124886,12.502799215230711,0.0,0.0
ES2003b,174,0.5369167923927307,0.19330371419588724,0.7428018649419149,0.07598858575026195,0.03536843881011009,0.28797928988933563,0.3878505726655324,0.05685188372929891,1.5598717921391738,38.01636346566639,12.727032529282582,0.0,0.0
ES2003b,175,0.5446896155675253,0.22122494876384735,0.6800654133160909,0.09103550016880035,0.046658143401145935,0.47710779309272766,0.3901003996531169,0.06331995626290639,1.6261471264635023,38.46420769787316,12.62170977060366,0.0,0.0
ES2003b,176,0.5617513259251913,0.2550203949213028,0.6916800538698832,0.08646395057439804,0.04772289842367172,0.4563929537932078,0.36147908369700116,0.025602168093125027,1.6748622875581027,39.19642936891316,12.515998649785308,0.0,0.0
ES2003b,177,0.5488631625970205,0.26072630782922107,0.6815026799837748,0.07735145588715871,0.03634383901953697,0.3698156177997589,0.3677900433540344,0.11500013868014018,1.8809867127004096,38.84314222031109,12.416135701923038,0.0,0.0
ES2003b,178,0.5669884085655212,0.30786200364430744,0.6406341195106506,0.14360915372769037,0.11578438617289066,0.3830748150746028,0.41694481174151105,0.11618874470392863,7.097812592217214,36.30909584186035,9.988401421836206,0.0,0.0
ES2003b,179,0.6250089208285013,0.33131349583466846,0.6314790844917297,0.10232235491275787,0.1594704215725263,0.43464434146881104,0.46067004402478534,0.19099021578828493,3.1021531669236246,41.717265588936165,7.821993244896322,0.0,0.0
ES2003b,180,0.6153701345125834,0.2389779339234034,0.7152063449223837,0.18383428702751795,0.1331230252981186,0.3624802231788635,0.5353480080763499,0.28781798481941223,4.8784955441525275,45.60822081621766,11.28908536988075,0.0,0.0
ES2003b,181,0.5873566468556722,0.30982204775015515,0.645387589931488,0.2194450447956721,0.18965114653110504,0.39729389548301697,0.449723760286967,0.2125450074672699,6.7379874614404685,45.093871414600414,13.83102948099531,0.0,0.0
ES2003b,182,0.5940900047620138,0.20968289176623026,0.6227838397026062,0.18252795934677124,0.14511448393265405,0.528977632522583,0.44605691234270733,0.20448376486698785,6.351332072293819,44.944833631885594,11.367862381945246,0.0,0.0
ES2003b,183,0.533041775226593,0.2459752857685089,0.6337786118189493,0.1558725113670031,0.1135299305121104,0.534318228562673,0.5081520279248556,0.32597127308448154,6.216457141147919,43.7299916778616,11.493674483519968,0.0,0.0
ES2003b,184,0.6337993741035461,0.231260284781456,0.5353893538316091,0.25933121144771576,0.15429876248041788,0.44898854692776996,0.4773513078689575,0.27415631463130313,6.199649300216467,44.139426009470505,10.558047911829801,0.0,0.0
ES2003b,185,0.5609191258748373,0.26109545926253,0.737361749013265,0.210043395558993,0.11896488815546036,0.4351918697357178,0.45002733667691547,0.19920741828779379,5.4902306571421375,43.88423581427586,10.192411326445583,0.0,0.0
ES2003b,186,0.5476311147212982,0.21156398952007294,0.682383398214976,0.17177215218544006,0.13590859870115915,0.4139215648174286,0.47115005056063336,0.06094239031275114,4.563244649509822,43.59917788283169,9.81415198140264,0.0,0.0
ES2003b,187,0.569207896788915,0.23525041341781616,0.657828688621521,0.16145929197470346,0.14994961520036063,0.4999376932779948,0.5004324118296305,0.1784885305290421,4.517518968027658,42.856943064424684,9.66604821816301,0.0,0.0
ES2003b,188,0.5091533263524374,0.2911027868588765,0.6741329630215963,0.2936804046233495,0.2407203515370687,0.3138182709614436,0.4313764075438182,0.44104409714539844,5.388593414991984,41.14024135827327,9.149787830442442,0.0,0.0
ES2003b,189,0.5363704760869344,0.3367622097333272,0.6076616644859314,0.14820978293816248,0.06764257078369458,0.4337110022703807,0.47191330790519714,0.20518921129405499,3.2651939878436895,38.96381072113243,7.823177480364468,0.0,0.0
ES2003b,190,0.5463976562023163,0.24650751054286957,0.7260379791259766,0.10208768894275029,0.04509610372285048,0.14789866780241331,0.3697155813376109,0.20772768557071686,4.690298365081964,41.02211256296232,8.538171774737753,0.0,0.0
ES2003b,191,0.500263124704361,0.2632675766944885,0.6322460969289144,0.0800390640894572,0.03342889683942,0.15627217292785645,0.4425780177116394,0.2180831879377365,5.066497646415652,41.28634275894054,8.593553699083474,0.0,0.0
ES2003b,192,0.5473408500353495,0.23548737168312073,0.5776772995789846,0.10317343100905418,0.029699513067801792,0.27372974654038745,0.3749273220698039,0.20686576267083487,4.54596599267663,42.41212131529948,8.095356895379702,0.0,0.0
ES2003b,193,0.5120248993237814,0.2730857978264491,0.6017565131187439,0.09139279276132584,0.029670624683300655,0.26434438427289325,0.43354598681132,0.4757902920246124,4.58988807305518,41.83633583455616,7.122808528121818,0.0,0.0
ES2003b,194,0.5375853180885315,0.26848000288009644,0.6715200344721476,0.09300620605548222,0.05351159224907557,0.5123982628186544,0.44345661004384357,0.37269979404906434,2.0863548383188153,40.71646865627461,4.955759056513705,0.0,0.0
ES2003b,195,0.5708137055238088,0.24946074187755585,0.49733859797318775,0.09038404375314713,0.08080939451853435,0.5800201098124186,0.454365352789561,0.24882725812494755,5.903075210220863,33.82527507726011,6.102891121382033,0.0,0.0
ES2003b,196,0.6708661516507467,0.2897609770298004,0.6359995404879252,0.13864405701557794,0.10770131399234135,0.37104175488154095,0.48909199237823486,0.2901280128086607,2.321538252410179,38.31229116530128,7.301361644673776,0.0,0.0
ES2003b,197,0.644441564877828,0.3025978207588196,0.5868112146854401,0.1572016030550003,0.1074387567738692,0.3707779546578725,0.4893488585948944,0.09129566823442777,-2.159849281826713,44.255652338945204,10.420669052603653,0.0,0.0
ES2003b,198,0.5616790652275085,0.25265778601169586,0.6025600930054983,0.12207293262084325,0.10974693298339844,0.5551803608735403,0.5341329077879587,0.25520656009515125,0.7992563965161716,44.10039506106306,12.033409776355711,0.0,0.0
ES2003b,199,0.48625802993774414,0.22137528161207834,0.4084310134251912,0.11322494347890218,0.16691595067580542,0.3380238115787506,0.6048544049263,0.27585531771183014,1.400271778135836,45.903735230874666,11.860999436659107,0.0,0.0
ES2003b,200,0.16230965654055277,0.14682847261428833,0.18789211908976236,0.12236833572387695,0.08963505427042644,0.18615577618281046,0.13838404417037964,0.18689016501108804,3.1754247187366738,16.694212503010736,3.7741873213430797,0.0,0.0
ES2003b,201,0.0,0.0,0.0,0.0,0.0,0.0,0.0,0.0,0.0,0.0,0.0,0.0,0.0
ES2003b,202,0.18205849329630533,0.20164310932159424,0.06011455257733663,0.04401092231273651,0.02235278735558192,0.07870673139890035,0.16927176713943481,0.012388642877340317,0.3858890157971458,17.255049029522702,4.980648097207079,0.0,0.0
ES2003b,203,0.4581704835096995,0.3930692672729492,0.21902215977509817,0.08618876089652379,0.04293972377975782,0.3074334959189097,0.4578145543734233,0.051482100039720535,-0.4406303143398435,50.034890855052716,13.899022787199224,0.0,0.0
ES2003b,204,0.4790000816186269,0.291646604736646,0.34459051489830017,0.07648207992315292,0.0350797176361084,0.2857082138458888,0.46869035561879474,0.11993761608997981,0.3428428558487522,48.87680907707186,12.565379681132937,0.0,0.0
ES2003b,205,0.41848145922025043,0.3314098318417867,0.23062640925248465,0.06465675060947736,0.03476860746741295,0.21844139695167542,0.47656354308128357,0.030665116384625435,0.3566849935169616,47.6032399450784,12.474392722786902,0.0,0.0
ES2003b,206,0.4501139124234517,0.3552974263827006,0.32284096380074817,0.058160378287235893,0.033508202681938805,0.35425840814908344,0.4850451648235321,0.06677920340249936,-0.21911489274022863,45.458624108421475,12.22388146699462,0.0,0.0
ES2003b,207,0.4569015105565389,0.48747188846270245,0.22765770554542542,0.06957762688398361,0.04702459399898847,0.4183663825194041,0.42040451367696124,0.07531124042967956,-2.153126685025264,44.77657984657056,11.342998433843492,0.0,0.0
ES2003b,208,0.5468523701032003,0.4434847633043925,0.35699020822842914,0.06288167337576549,0.06558092311024666,0.44694435596466064,0.376432865858078,0.07049680066605409,1.2607929172919072,40.94206446591361,7.259216166669499,0.0,0.0
ES2003b,209,0.5838635166486105,0.3300527234872182,0.4370342741409938,0.07421574493249257,0.033343310778339706,0.2940092831850052,0.38752080003420514,0.09148664896686871,-5.427042674855595,44.157789180824444,-0.6597378961184175,0.0,0.0
ES2003b,210,0.5814751187960306,0.2579917063315709,0.6641885240872701,0.07706703493992488,0.02092455637951692,0.35942327976226807,0.45602938532829285,0.04651891253888607,-7.538411291816755,44.611608271212816,-6.020802793734515,0.0,0.0
ES2003b,211,0.576911191145579,0.2509465565284093,0.5435692767302195,0.07993488758802414,0.10577813846369584,0.45803510149319965,0.4079180459181468,0.0871523255482316,1.741687110834549,43.724552321982195,2.5502518150653515,0.0,0.0
ES2003b,212,0.4926196237405141,0.2651781638463338,0.6766142845153809,0.0773979624112447,0.02958579050997893,0.3915082315603892,0.3005987306435903,0.3080083206295967,5.896621273663185,46.98074549448058,13.492365421717546,0.0,0.0
ES2003b,213,0.4795157810052236,0.18316339949766794,0.6709646979967753,0.07553236434857051,0.026660475879907608,0.17857890824476877,0.3038210968176524,0.12866071177025637,6.322690401130139,48.850082889475225,15.272368457024376,0.0,0.0
ES2003b,214,0.5545163551966349,0.22162501017252603,0.6444785197575887,0.07551665604114532,0.034897894908984504,0.34457770983378094,0.2965635160605113,0.3785139049092929,7.451015623356187,49.81574198105326,15.033321947707917,0.0,0.0
ES2003b,215,0.5525504946708679,0.18403286735216776,0.6524441440900167,0.07435474296410878,0.049649798621733986,0.29417261977990466,0.28760356704394024,0.2862696299950282,6.180421945082052,50.11814641103896,14.72064419444495,0.0,0.0
ES2003b,216,0.5175501008828481,0.16091743111610413,0.6569276650746664,0.0776447852452596,0.08482901255289714,0.2135594586531321,0.3154316544532776,0.11945424725612004,5.852129508474003,51.09318836845673,15.133914147100796,0.0,0.0
ES2003b,217,0.5004942119121552,0.2146157572666804,0.4687664608160655,0.07640827943881352,0.06980909531315167,0.21346054474512735,0.3076134920120239,0.2240441214914123,7.020840995849555,50.53383662032994,15.21262665530186,0.0,0.0
ES2003b,218,0.5565363963445028,0.23656027019023895,0.622625728448232,0.06750335295995076,0.05428109007577101,0.22847365836302438,0.449376513560613,0.2695174068212509,10.364572698447738,54.785529441727,18.088462650952767,0.0,0.0
ES2003b,219,0.6047454873720804,0.2904522518316905,0.6774536371231079,0.06876429418722789,0.06721449395020802,0.3753873457511266,0.5190742015838623,0.26812397316098213,9.880722267584858,54.85065314080824,14.291894619701148,0.0,0.0
ES2003b,220,0.5549705326557159,0.33375706275304157,0.5198671917120615,0.06262209142247836,0.04964867979288101,0.4368587334950765,0.5167844990889231,0.4067958543697993,9.595948554843485,50.99285419967996,13.826054530710712,0.0,0.0
ES2003b,221,0.5338340600331625,0.20558084547519684,0.5603734155495962,0.06499167407552402,0.057223583882053695,0.3315881888071696,0.5012138684590658,0.2993434729675452,6.1511740926084,50.09021199138101,14.673748466824087,0.0,0.0
ES2003b,222,0.5265049238999685,0.2757555643717448,0.5750558177630106,0.06535238275925319,0.0673725778857867,0.33607343832651776,0.47426942984263104,0.1852696935335795,7.281247023875032,51.60763736639945,15.99126054813012,0.0,0.0
ES2003b,223,0.5278871854146322,0.24296623468399048,0.5690414905548096,0.06385950992504756,0.05589928478002548,0.3400884469350179,0.458938201268514,0.1526259904106458,7.047220081942648,51.61806691596942,15.889988559020273,0.0,0.0
ES2003b,224,0.6049544215202332,0.26824746032555896,0.470647265513738,0.0922585700949033,0.10062972952922185,0.3112442344427109,0.49063413341840106,0.15322958553830782,9.82037259823789,45.05203637021822,11.950129741729041,0.0,0.0
ES2003b,225,0.5382097462813059,0.2769794563452403,0.39968594908714294,0.08455399175484975,0.04613746330142021,0.4373835523923238,0.38691853483517963,0.09329162413875262,3.3245414931520663,45.39384471105948,12.164626945731733,0.0,0.0
ES2003b,226,0.49949078758557636,0.3354682922363281,0.4410519003868103,0.0791129618883133,0.07068058600028355,0.29916557172934216,0.43566633264223736,0.25326835612456006,-0.751858990668527,41.88957440262374,10.649842488772576,0.0,0.0
ES2003b,227,0.4652702212333679,0.3171146710713704,0.3731296161810557,0.08425907045602798,0.05056874081492424,0.34206659098466236,0.4449280798435211,0.16950479398171106,-1.342500187221899,41.626177063451884,10.953642056763492,0.0,0.0
ES2003b,228,0.4761359989643097,0.18865919609864554,0.43084725737571716,0.07167740414539973,0.03973441570997238,0.1860742891828219,0.41672810912132263,0.03779695679744085,-1.1663893327324841,44.14335797945611,10.533785411266967,0.0,0.0
ES2003b,229,0.5265806118647257,0.17745745678742728,0.314038743575414,0.07440199206272761,0.031355355555812515,0.07971452176570892,0.3397294779618581,0.2923351327578227,0.6908572613642869,45.0809042079048,11.091961320933953,0.0,0.0
ES2003b,230,0.4832833707332611,0.17420497785011926,0.5070561170578003,0.07000328848759334,0.02774078833560149,0.25499721616506577,0.3495150903860728,0.06573508555690448,0.4490882481755553,45.13748727062605,10.704295364936469,0.0,0.0
ES2003b,231,0.530066708723704,0.2185435195763906,0.3203183710575104,0.0678096314271291,0.03205639558533827,0.16681619733572006,0.34711235761642456,0.06269119804104169,1.7143834000329232,44.98574505564998,11.518134607949094,0.0,0.0
ES2003b,232,0.5023068189620972,0.27775151530901593,0.49612532059351605,0.06314055994153023,0.038210874423384666,0.21538509925206503,0.3726479709148407,0.16143015523751578,-1.345778444809051,45.70623218599019,10.975363804585177,0.0,0.0
ES2003b,233,0.49573205908139545,0.3030851185321808,0.5053622821966807,0.07424002637465794,0.038786573335528374,0.18299029767513275,0.37959468364715576,0.046335285529494286,-1.8829230935769277,46.37333862470521,10.992092957123717,0.0,0.0
ES2003b,234,0.4769330422083537,0.22796023885409036,0.4604797959327698,0.06838820377985637,0.03503734121719996,0.20074646671613058,0.3551728129386902,0.1026705081264178,-2.362264417788752,46.31956785991084,10.754591687233807,0.0,0.0
ES2003b,235,0.4762875437736511,0.21068308254082999,0.4593503375848134,0.06372083351016045,0.036099594086408615,0.2873580604791641,0.33968974153200787,0.06031188244620959,-3.1929219833858906,45.02561330850307,11.344325282011022,0.0,0.0
ES2003b,236,0.4805023471514384,0.21155123909314474,0.536678820848465,0.06569237013657887,0.038125824804107346,0.2793234934409459,0.3449718952178955,0.16125537486126026,-3.3622010293489506,44.973876626225184,10.954880479297598,0.0,0.0
ES2003b,237,0.4583985408147176,0.20439576357603073,0.5002381503582001,0.07093304892381032,0.0307663610825936,0.10645057012637456,0.3429456154505412,0.266745841751496,-3.548856282009829,45.74319667307716,11.05235072825616,0.0,0.0
ES2003b,238,0.5656734506289164,0.2740176518758138,0.39665335416793823,0.07847750931978226,0.045788045351703964,0.27925748378038406,0.35305872559547424,0.5720883905887604,-3.491536767724417,45.317218746150736,10.885783980842012,0.0,0.0
ES2003b,239,0.4721253116925557,0.31138849755128223,0.3478252788384755,0.06750507652759552,0.06135141849517822,0.21902917822202048,0.3608255783716838,0.3116082660853863,-1.6040367429005364,43.67243539491855,11.277943566674027,0.0,0.0
ES2003b,240,0.4871284067630768,0.25735964874426526,0.38882023096084595,0.07821801553169887,0.06794127076864243,0.16496359805266061,0.39820502201716107,0.16413703188300133,-6.058515638310255,44.40800731816811,10.208629569253993,0.0,0.0
ES2003b,241,0.5244491100311279,0.24561043083667755,0.4434446394443512,0.06931496411561966,0.04163979863127073,0.26804809272289276,0.40649349490801495,0.07708556779349844,-6.9189524465444,42.223173391064684,9.650338035533322,0.0,0.0
ES2003b,242,0.5883386731147766,0.2658863961696625,0.4378620684146881,0.07996104657649994,0.05286819487810135,0.2814587901035945,0.4816681643327077,0.047889714439709984,0.020685126381454772,33.82091906399882,2.595711663747504,0.0,0.0
ES2003b,243,0.6795969406763712,0.34233321746190387,0.5104760328928629,0.12480584283669789,0.11686517919103305,0.5206424494584402,0.4910276134808858,0.554161141316096,6.0722743895331766,29.111483399406836,2.561768509164978,0.0,0.0
ES2003b,244,0.607769767443339,0.4575529595216115,0.5483982165654501,0.16489062209924063,0.16455423831939697,0.38640358050664264,0.4848051071166992,0.09587690730889638,4.115303220897352,33.356502734320166,3.969198953907073,0.0,0.0
ES2003b,245,0.6465055346488953,0.31750398377577466,0.5028598805268606,0.10283687710762024,0.10044930875301361,0.5142951309680939,0.49764655033747357,0.04219396164019903,5.714048158385002,34.45983639282942,6.6073856535360695,0.0,0.0
ES2003b,246,0.5651122132937113,0.33825914065043133,0.41318567593892414,0.09379784266153972,0.05783136934041977,0.3753083248933156,0.4408085246880849,0.07339666597545147,6.975253763658759,34.663048535490695,8.018172081078127,0.0,0.0
ES2003b,247,0.590179979801178,0.4147657851378123,0.46888887882232666,0.10918760299682617,0.07057361180583636,0.3616909186045329,0.4841110308965047,0.11440011858940125,7.4064608650868315,33.74470946008628,9.311858043807248,0.0,0.0
ES2003b,248,0.5813665787378947,0.3846665521462758,0.5677439073721567,0.14164888362089792,0.11602918555339177,0.4129612445831299,0.548494964838028,0.05440931674093008,7.4197181878353335,34.967100899153664,8.874495059221196,0.0,0.0
ES2003b,249,0.6961908141771952,0.3289329210917155,0.3555047810077667,0.08008724575241406,0.03851115144789219,0.4582034647464752,0.4199395676453908,0.4283144374688466,3.628226692581979,22.96385139419334,0.1365874302783805,0.0,0.0
ES2003b,250,0.6801511446634928,0.2808845043182373,0.41469938556353253,0.09120915209253629,0.050996994599699974,0.3816660890976588,0.48258283734321594,0.5551097889741262,4.257591667679521,16.93560796181327,-4.791456093058339,0.0,0.0
ES2003b,251,0.6925800840059916,0.28299139936765033,0.6381941934426626,0.08606886118650436,0.05344924361755451,0.3621526708205541,0.4214433828989665,0.20121483132243156,3.557548521470167,28.728452547343938,1.7251852654696698,0.0,0.0
ES2003b,252,0.5527432560920715,0.3496037721633911,0.4969119628270467,0.12495568891366322,0.08981351926922798,0.3320286124944687,0.34458277622858685,0.39221418648958206,5.73568238210209,38.79679873375508,7.184836995174496,0.0,0.0
ES2003b,253,0.6558253169059753,0.3446744481722514,0.5892200668652853,0.14084639648596445,0.11751852184534073,0.3890342712402344,0.39301954706509906,0.3689257875084877,5.161392160544694,38.838525210665914,7.488529768143134,0.0,0.0
ES2003b,254,0.7040794889132181,0.3660912811756134,0.5324863394101461,0.1755639761686325,0.15051978081464767,0.22670426964759827,0.4858095546563466,0.15167655423283577,4.665725822573031,38.21356918607609,7.5198984142065255,0.0,0.0
ES2003b,255,0.667890191078186,0.41050800681114197,0.6713170607884725,0.15331417322158813,0.13892555236816406,0.16829824695984522,0.5101878046989441,0.14146718382835388,5.683966518696408,38.47260528617304,8.362185145184018,0.0,0.0
ES2003b,256,0.6769968072573344,0.32468879222869873,0.5393217007319132,0.16726987063884735,0.15634324153264365,0.1328219547867775,0.525464653968811,0.033661339432001114,5.870141903754326,39.07106495137916,8.292004743066341,0.0,0.0
ES2003b,257,0.6885409553845724,0.3361784517765045,0.6342678268750509,0.14331026375293732,0.1333899845679601,0.20705016950766245,0.5838174025217692,0.037491790329416595,4.9753021067681855,39.217415019853405,8.275794669674433,0.0,0.0
ES2003b,258,0.6788894335428873,0.4593005081017812,0.6628090143203735,0.12069796274105708,0.09940508628884952,0.2351252535978953,0.487380584081014,0.04045390415315827,4.455796719748061,39.38721164815661,7.8918448641572665,0.0,0.0
ES2003b,259,0.7102815508842468,0.41227319836616516,0.5521441797415415,0.14672675232092539,0.12989329795042673,0.21226728955904642,0.519932746887207,0.039948271897931896,4.349659127586603,39.46948155114635,7.859151258715578,0.0,0.0
ES2003b,260,0.6214609344800314,0.334696223338445,0.5440883139769236,0.10993257661660512,0.09407786404093106,0.2703185925881068,0.46707914272944134,0.07790362151960532,3.923203808645044,38.942006104485884,7.836326412397166,0.0,0.0
ES2003b,261,0.5469304124514262,0.3501104513804118,0.5580921669801077,0.11781886219978333,0.08084077015519142,0.2602786421775818,0.40100276470184326,0.03937769991656145,3.481162928591992,37.750568499523055,8.56570375322171,0.0,0.0
ES2003b,262,0.6520594755808512,0.38245617349942523,0.6153747240702311,0.1279261658589045,0.1679893285036087,0.3602158377567927,0.5168232023715973,0.028211471314231556,3.91413071613526,36.4260494675961,7.908173098270976,0.0,0.0
ES2003b,263,0.6607324679692587,0.31190640727678937,0.4103977084159851,0.13296711444854736,0.14053531736135483,0.35363978147506714,0.46116891503334045,0.09434161211053531,3.0678670334467912,35.27018324465485,7.117740273766061,0.0,0.0
ES2003b,264,0.6912044088045756,0.3230389952659607,0.5274102886517843,0.09425117075443268,0.06369601810971896,0.3338388502597809,0.42528486251831055,0.3014377560466528,6.585388351392019,23.68340160728881,2.1581113390633413,0.0,0.0
ES2003b,265,0.6203080217043558,0.3859713872273763,0.24030213057994843,0.10184281816085179,0.03298633980254332,0.3390665153662364,0.5220156808694204,0.05820373694101969,6.799231779743631,14.884782240742174,-1.4438143338657763,0.0,0.0
ES2003b,266,0.5585110584894816,0.22580210864543915,0.2700756962100665,0.09567457685867946,0.0625687874853611,0.3858768443266551,0.42329063018163043,0.06887695876260598,5.311045020907911,28.459471457350542,4.227478300290037,0.0,0.0
ES2003b,267,0.5745933453241984,0.2107315535346667,0.6145526866118113,0.15587606032689413,0.1391077240308126,0.3886551360289256,0.5820383230845133,0.013815472523371378,8.637250800396258,41.91524358626119,12.961521854346818,0.0,0.0
ES2003b,268,0.5532985925674438,0.16279510656992593,0.6193345288435618,0.13761827846368155,0.15222321450710297,0.36893438299496967,0.6114662885665894,0.10279965804268916,9.02289698783405,45.20928229019902,17.40368893754831,0.0,0.0
ES2003b,269,0.5562747120857239,0.22396626075108847,0.6871952613194784,0.13814800481001535,0.14789935946464539,0.37736788392066956,0.5693977077802023,0.05164042146255573,6.073916118259845,44.30876924698416,15.519773426269595,0.0,0.0
ES2003b,270,0.5721067388852438,0.20321529606978098,0.7244972189267477,0.14250410596529642,0.18244719008604685,0.29844028254350025,0.5885540246963501,0.27252494419614476,5.636986647512863,44.31030062251784,15.172082623898794,0.0,0.0
ES2003b,271,0.5370153188705444,0.15319127092758814,0.8139003117879232,0.14430788656075796,0.10299721608559291,0.3795104722181956,0.5553392569224039,0.011249541925887266,6.416664403900538,43.98060394799554,14.971984820934338,0.0,0.0
ES2003b,272,0.5396529237429301,0.25804218153158825,0.6907066901524862,0.14275274922450384,0.17434479792912802,0.3687946101029714,0.5403150022029877,0.37669605513413745,9.424526435877244,44.33405848891561,16.310316917881448,0.0,0.0
ES2003b,273,0.5540866057078043,0.23592972258726755,0.7060763637224833,0.16918626924355826,0.13603733976682028,0.2909216235081355,0.547758420308431,0.15719130208405355,9.971700016112612,41.80966923632216,14.848812108751057,0.0,0.0
ES2003b,274,0.5642306407292684,0.3018176108598709,0.6280370155970255,0.13446072240670523,0.09253752355774243,0.2508631596962611,0.5208879510561625,0.027950984037791688,5.844715053055775,34.0947726749069,7.464447882972967,0.0,0.0
ES2003b,275,0.6424315969149271,0.3312972734371821,0.43762218952178955,0.12946891536315283,0.10661400606234868,0.425777609149615,0.5114246507485708,0.2704657365878423,6.742622049060556,31.531848304458276,6.2077598537742285,0.0,0.0
ES2003b,276,0.700338085492452,0.4212381839752197,0.6651685237884521,0.1604169954856237,0.11953107515970866,0.5676437020301819,0.5504923860232035,0.10633774350086848,8.464263603508897,30.920593793425308,6.153411714728648,0.0,0.0
ES2003b,277,0.609892745812734,0.28026949365933734,0.6701365113258362,0.14562524358431497,0.10299610098203023,0.6129355629285177,0.4905698398749034,0.2418271874388059,7.642714620005248,31.294780001380655,5.079932421484185,0.0,0.0
ES2003b,278,0.5653468569119772,0.36794142921765643,0.6799341340859731,0.15325106183687845,0.08718797564506531,0.4114133616288503,0.44131608804066974,0.13306403594712415,5.949483104518556,32.978887767176275,6.579333267200918,0.0,0.0
ES2003b,279,0.5672433177630106,0.31775399049123126,0.6828505198160807,0.16998357822497687,0.10773193339506786,0.3260360062122345,0.4236935079097748,0.06832969072274864,3.7968893822037835,33.18443480797371,5.868888688971128,0.0,0.0
ES2003b,280,0.5619077086448669,0.3111496567726135,0.6032687425613403,0.11273992309967677,0.05273625502983729,0.4690479834874471,0.4354677398999532,0.03987683697293202,6.352700758072062,29.01137182612722,2.5937768372349166,0.0,0.0
ES2003b,281,0.47543059786160785,0.43093950549761456,0.7904727856318156,0.16326817373434702,0.08826462676127751,0.5374422570069631,0.37387407819430035,0.2297258876884977,9.413610230609976,27.31121226891932,1.8062836431502636,0.0,0.0
ES2003b,282,0.555697520573934,0.34481241305669147,0.8172554969787598,0.19307947407166162,0.07081439221898715,0.697129487991333,0.43127477169036865,0.18110250805815062,8.218304938604113,30.409795146158046,0.2065146602432022,0.0,0.0
ES2003b,283,0.5430477261543274,0.23118118941783905,0.721190353234609,0.12524979809919992,0.05163345051308473,0.6209099888801575,0.4747113088766734,0.17844925572474798,5.8854713972953805,23.965384254670493,-4.009234455445789,0.0,0.0
ES2003b,284,0.5300525724887848,0.29725704590479535,0.34623723725477856,0.07075257475177447,0.019339938337604206,0.4580551087856293,0.467661718527476,0.33121882379055023,3.4488701080091624,15.016987564607637,-7.509531662047995,0.0,0.0
ES2003b,285,0.6719350020090739,0.4549631178379059,0.28051649779081345,0.1292139651874701,0.05294934846460819,0.4289385179678599,0.49784067273139954,0.1343815034876267,3.8363242256341814,13.106931560369361,-6.026735398080722,0.0,0.0
ES2003b,286,0.6212832232316335,0.3594830632209778,0.4185691600044568,0.29422858109076816,0.18973933594922224,0.4121524691581726,0.5435396035512289,0.4727216170479854,2.0196245200588585,31.29219144840469,-4.837047889738848,0.0,0.0
ES2003b,287,0.6675248344739279,0.4404712716738383,0.6275189419587454,0.314918652176857,0.20037913570801416,0.5485169986883799,0.5172898372014364,0.5221743285655975,4.048464013614005,46.846531380806674,-0.4847088446913614,0.0,0.0
ES2003b,288,0.6682758331298828,0.43196116884549457,0.6672728856404623,0.29478652278582257,0.21147056420644125,0.4188026984532674,0.45387883981068927,0.5042126377423605,4.072322730015964,54.25640839032934,6.84373427054905,0.0,0.0
ES2003b,289,0.679183840751648,0.315967599550883,0.706255833307902,0.25736522674560547,0.1613010416428248,0.514231413602829,0.48469528555870056,0.4537072529395421,4.124890822702447,54.56604485292215,6.395352158033192,0.0,0.0
ES2003b,290,0.7164626320203146,0.29523559908072156,0.7151567935943604,0.2558778276046117,0.13186530768871307,0.607897937297821,0.49814267953236896,0.35196277995904285,4.602618640401568,54.195613368210736,6.878030308649103,0.0,0.0
ES2003b,291,0.7390895485877991,0.32627705732981366,0.5627045830090841,0.23708799481391907,0.13068261742591858,0.42421560486157733,0.4990606407324473,0.5362647175788879,4.638063933458322,52.76353921746256,7.278736921391418,0.0,0.0
ES2003b,292,0.6810808579126993,0.3587712546189626,0.6680576999982198,0.236668328444163,0.1216056098540624,0.32746173938115436,0.45932730038960773,0.5674881786108017,4.2380197883852,52.703195243309096,7.3232101255395525,0.0,0.0
ES2003b,293,0.6685354908307394,0.3453647394975026,0.7640214562416077,0.21072909235954285,0.10989116628964742,0.4468867580095927,0.4373694956302643,0.3803212145964305,3.7948455525758944,53.70186421434287,6.342058546802922,0.0,0.0
ES2003b,294,0.6345059275627136,0.3645869890848796,0.7088329792022705,0.2257027874390284,0.1130410631497701,0.1841266949971517,0.465986301501592,0.5636663635571798,3.364463364729757,54.02316784363081,5.868330023634577,0.0,0.0
ES2003b,295,0.7005858818689982,0.4131828844547272,0.5808750589688619,0.17332051197687784,0.06866692751646042,0.348217636346817,0.46088963747024536,0.6274305284023285,3.3278908515919334,52.24575289132857,6.793485889786514,0.0,0.0
ES2003b,296,0.6831040581067404,0.3764088749885559,0.6325094203154246,0.22602716088294983,0.13872341811656952,0.3887216846148173,0.45622703433036804,0.6584371825059255,3.354397408156737,52.18608150479872,5.560625584635576,0.0,0.0
ES2003b,297,0.7339754899342855,0.4958568215370178,0.6401061415672302,0.26047517855962116,0.1434984803199768,0.16718007375796637,0.4551539719104767,0.37111632029215497,2.4625185667440825,51.173651977409634,4.662377062590428,0.0,0.0
ES2003b,298,0.7507599393526713,0.44492507974306744,0.51905490954717,0.20162283877531686,0.1186029240489006,0.39149954294164974,0.443175733089447,0.6095499098300934,2.8274464498040253,51.813798553038545,5.66778657851033,0.0,0.0
ES2003b,299,0.7491412957509359,0.42317327857017517,0.6304488182067871,0.21606199940045676,0.09775278717279434,0.576497475306193,0.48986348509788513,0.32345419252912205,3.1129542604511116,53.74570547794582,6.075929818136082,0.0,0.0
ES2003b,300,0.6832560499509176,0.3627001941204071,0.5865560869375864,0.2608776142199834,0.12212871760129929,0.4087468882401784,0.48958497246106464,0.34710393597682315,3.6767469748599773,54.220388690974325,6.8080883558825995,0.0,0.0
ES2003b,301,0.7378005782763163,0.4359373450279236,0.5939120650291443,0.21510393420855203,0.10104140390952428,0.4307502508163452,0.44836126764615375,0.45500094691912335,3.444518224640475,52.92372680176374,6.930443878974838,0.0,0.0
ES2003b,302,0.7646185954411825,0.5155822237332662,0.6296398639678955,0.19282275438308716,0.12033645311991374,0.4081638604402542,0.49994314710299176,0.4126692960659663,2.824339385684942,52.65774674749084,6.344902912095947,0.0,0.0
ES2003b,303,0.7436941464742025,0.44982274373372394,0.7278494437535604,0.2166022708018621,0.11599356681108475,0.3642280449469884,0.44253526131312054,0.6543027559916178,1.8226113760414095,52.15039672998881,5.6994809406813545,0.0,0.0
ES2003b,304,0.76289963722229,0.43816180030504864,0.7377767960230509,0.21947952608267465,0.08914384245872498,0.4865449567635854,0.4955650369326274,0.39598598579565686,3.1241009926759986,52.468275078901534,6.388573658808148,0.0,0.0
ES2003b,305,0.7777947386105856,0.4752968947092692,0.5993539293607076,0.23333849012851715,0.09819760421911876,0.4911496639251709,0.4733736713727315,0.3188530554374059,3.3837999832469507,52.35400907735836,6.943348310594895,0.0,0.0
ES2003b,306,0.7634555498758951,0.5064468483130137,0.688707192738851,0.19936156769593558,0.09567562490701675,0.45859861373901367,0.4924558599789937,0.5042530198891958,3.1889260242619692,52.55276588779208,6.470966776112122,0.0,0.0
ES2003b,307,0.6980212926864624,0.5010495483875275,0.6415015757083893,0.22372096280256906,0.09693645934263866,0.4737956424554189,0.458613524834315,0.5405582164724668,2.9178350446642765,52.44640046969698,6.887182205418437,0.0,0.0
ES2003b,308,0.7578322092692057,0.38489192724227905,0.5470781524976095,0.17134956270456314,0.08699547499418259,0.33714979887008667,0.4584936598936717,0.568317120273908,1.6186909023578204,52.05039781657408,6.897957091961794,0.0,0.0
ES2003b,309,0.5983737707138062,0.3674796521663666,0.5476800402005514,0.1075495146214962,0.0584378382191062,0.31346124907334644,0.45514941215515137,0.1631596771379312,0.9897759520499264,39.327643566135286,10.677714392887346,0.0,0.0
ES2003b,310,0.7147294282913208,0.33487280706564587,0.620999256769816,0.13432552417119345,0.0476375458141168,0.2780960152546565,0.4882296820481618,0.21971150736014047,0.28866059842922837,49.0134531285292,4.946163747466864,0.0,0.0
ES2003b,311,0.5703109006086985,0.3588317632675171,0.5492892861366272,0.12274319057663281,0.030619668774306774,0.6131008068720499,0.46343039472897846,0.19603135576471686,-10.947899676868344,24.457227048244082,2.765781334642232,0.0,0.0
ES2003b,312,0.3245050311088562,0.24375969668229422,0.5297464827696482,0.07194555550813675,0.012491408114631971,0.5521362920602163,0.6150160431861877,0.11278017237782478,-23.3436215931504,2.549309636453899,-0.3153684917418688,0.0,0.0
ES2003b,313,0.4504666825135549,0.21646354347467422,0.39442429939905804,0.10148201137781143,0.05077116439739863,0.38038384914398193,0.367642601331075,0.7398380239804586,16.97815114184313,-20.19933507487355,-20.207735413447875,0.0,0.0
ES2003b,314,0.49088958899180096,0.19941375901301703,0.5668519735336304,0.0526496060192585,0.03224611965318521,0.21898768345514932,0.32181169589360553,0.9691437482833862,7.142830435451483,-12.227755692661576,-12.423341626864413,0.0,0.0
ES2003b,315,0.4378833770751953,0.16518636544545492,0.5274572173754374,0.036587104201316833,0.023438967764377594,0.2846038043498993,0.28203455607096356,0.8921883702278137,0.4510580228106787,-10.56492280941733,-8.944934807792194,0.0,0.0
ES2003b,316,0.5347636143366495,0.2632910932103793,0.48175082604090375,0.040816028912862144,0.024219792957107227,0.16827610631783804,0.3183668553829193,0.9573792020479838,-0.06605341251403374,-7.7849897334888745,-9.228802863060851,0.0,0.0
ES2003b,317,0.6187062561511993,0.28521255652109784,0.5537231961886088,0.06503923609852791,0.021564803396662075,0.31745773553848267,0.38909555474917096,0.7691385845343272,1.5981598101086076,-3.6654217570514547,-7.524918156142597,0.0,0.0
ES2003b,318,0.5119525293509165,0.26444720725218457,0.44668276111284894,0.06022682785987854,0.02454739933212598,0.517274926106135,0.4405406316121419,0.5857745458682379,4.901096945184657,-15.559474668177371,-20.441637298141295,0.0,0.0
ES2003b,319,0.46451159318288165,0.1860288828611374,0.4028979142506917,0.07637405395507812,0.023832978680729866,0.4165160159269969,0.4234100580215454,0.2924848323067029,8.650737964561438,-22.33346298482104,-27.052471556670966,0.0,0.0
ES2003b,320,0.4443149467309316,0.19537569830814996,0.39371106028556824,0.08349315077066422,0.04247666957477728,0.36170343557993573,0.4256373743216197,0.03871501920123895,0.24260564317706143,-28.8390789152575,-25.865745947774915,0.0,0.0
ES2003b,321,0.5036401251951853,0.5160447557767233,0.38090329865614575,0.20512180030345917,0.08736625810464223,0.25769665837287903,0.5110093057155609,0.2022152580320835,-30.908117099376614,6.655075368893821,-10.300967902275245,0.0,0.0
ES2003b,322,0.3211672008037567,0.20375911394755045,0.3828599750995636,0.054556568463643394,0.04120498523116112,0.19883223374684653,0.39841437339782715,0.01972209879507621,-14.676753951571717,18.286047894117164,-15.188596301479022,0.0,0.0
ES2003b,323,0.0,0.0,0.0,0.0,0.0,0.0,0.0,0.0,0.0,0.0,0.0,0.0,0.0
ES2003b,324,0.0,0.0,0.0,0.0,0.0,0.0,0.0,0.0,0.0,0.0,0.0,0.0,0.0
ES2003b,325,0.0,0.0,0.0,0.0,0.0,0.0,0.0,0.0,0.0,0.0,0.0,0.0,0.0
ES2003b,326,0.0,0.0,0.0,0.0,0.0,0.0,0.0,0.0,0.0,0.0,0.0,0.0,0.0
ES2003b,327,0.0,0.0,0.0,0.0,0.0,0.0,0.0,0.0,0.0,0.0,0.0,0.0,0.0
ES2003b,328,0.0,0.0,0.0,0.0,0.0,0.0,0.0,0.0,0.0,0.0,0.0,0.0,0.0
ES2003b,329,0.0,0.0,0.0,0.0,0.0,0.0,0.0,0.0,0.0,0.0,0.0,0.0,0.0
ES2003b,330,0.0,0.0,0.0,0.0,0.0,0.0,0.0,0.0,0.0,0.0,0.0,0.0,0.0
ES2003b,331,0.0,0.0,0.0,0.0,0.0,0.0,0.0,0.0,0.0,0.0,0.0,0.0,0.0
ES2003b,332,0.0,0.0,0.0,0.0,0.0,0.0,0.0,0.0,0.0,0.0,0.0,0.0,0.0
ES2003b,333,0.0,0.0,0.0,0.0,0.0,0.0,0.0,0.0,0.0,0.0,0.0,0.0,0.0
ES2003b,334,0.0,0.0,0.0,0.0,0.0,0.0,0.0,0.0,0.0,0.0,0.0,0.0,0.0
ES2003b,335,0.0,0.0,0.0,0.0,0.0,0.0,0.0,0.0,0.0,0.0,0.0,0.0,0.0
ES2003b,336,0.0,0.0,0.0,0.0,0.0,0.0,0.0,0.0,0.0,0.0,0.0,0.0,0.0
ES2003b,337,0.0,0.0,0.0,0.0,0.0,0.0,0.0,0.0,0.0,0.0,0.0,0.0,0.0
ES2003b,338,0.0,0.0,0.0,0.0,0.0,0.0,0.0,0.0,0.0,0.0,0.0,0.0,0.0
ES2003b,339,0.0,0.0,0.0,0.0,0.0,0.0,0.0,0.0,0.0,0.0,0.0,0.0,0.0
ES2003b,340,0.0,0.0,0.0,0.0,0.0,0.0,0.0,0.0,0.0,0.0,0.0,0.0,0.0
ES2003b,341,0.0,0.0,0.0,0.0,0.0,0.0,0.0,0.0,0.0,0.0,0.0,0.0,0.0
ES2003b,342,0.0,0.0,0.0,0.0,0.0,0.0,0.0,0.0,0.0,0.0,0.0,0.0,0.0
ES2003b,343,0.0,0.0,0.0,0.0,0.0,0.0,0.0,0.0,0.0,0.0,0.0,0.0,0.0
ES2003b,344,0.0,0.0,0.0,0.0,0.0,0.0,0.0,0.0,0.0,0.0,0.0,0.0,0.0
ES2003b,345,0.0,0.0,0.0,0.0,0.0,0.0,0.0,0.0,0.0,0.0,0.0,0.0,0.0
ES2003b,346,0.0,0.0,0.0,0.0,0.0,0.0,0.0,0.0,0.0,0.0,0.0,0.0,0.0
ES2003b,347,0.0,0.0,0.0,0.0,0.0,0.0,0.0,0.0,0.0,0.0,0.0,0.0,0.0
ES2003b,348,0.0,0.0,0.0,0.0,0.0,0.0,0.0,0.0,0.0,0.0,0.0,0.0,0.0
ES2003b,349,0.0,0.0,0.0,0.0,0.0,0.0,0.0,0.0,0.0,0.0,0.0,0.0,0.0
ES2003b,350,0.0,0.0,0.0,0.0,0.0,0.0,0.0,0.0,0.0,0.0,0.0,0.0,0.0
ES2003b,351,0.0,0.0,0.0,0.0,0.0,0.0,0.0,0.0,0.0,0.0,0.0,0.0,0.0
ES2003b,352,0.0,0.0,0.0,0.0,0.0,0.0,0.0,0.0,0.0,0.0,0.0,0.0,0.0
ES2003b,353,0.0,0.0,0.0,0.0,0.0,0.0,0.0,0.0,0.0,0.0,0.0,0.0,0.0
ES2003b,354,0.0,0.0,0.0,0.0,0.0,0.0,0.0,0.0,0.0,0.0,0.0,0.0,0.0
ES2003b,355,0.0,0.0,0.0,0.0,0.0,0.0,0.0,0.0,0.0,0.0,0.0,0.0,0.0
ES2003b,356,0.0,0.0,0.0,0.0,0.0,0.0,0.0,0.0,0.0,0.0,0.0,0.0,0.0
ES2003b,357,0.0,0.0,0.0,0.0,0.0,0.0,0.0,0.0,0.0,0.0,0.0,0.0,0.0
ES2003b,358,0.0,0.0,0.0,0.0,0.0,0.0,0.0,0.0,0.0,0.0,0.0,0.0,0.0
ES2003b,359,0.0,0.0,0.0,0.0,0.0,0.0,0.0,0.0,0.0,0.0,0.0,0.0,0.0
ES2003b,360,0.0,0.0,0.0,0.0,0.0,0.0,0.0,0.0,0.0,0.0,0.0,0.0,0.0
ES2003b,361,0.0,0.0,0.0,0.0,0.0,0.0,0.0,0.0,0.0,0.0,0.0,0.0,0.0
ES2003b,362,0.0,0.0,0.0,0.0,0.0,0.0,0.0,0.0,0.0,0.0,0.0,0.0,0.0
ES2003b,363,0.0,0.0,0.0,0.0,0.0,0.0,0.0,0.0,0.0,0.0,0.0,0.0,0.0
ES2003b,364,0.0,0.0,0.0,0.0,0.0,0.0,0.0,0.0,0.0,0.0,0.0,0.0,0.0
ES2003b,365,0.0,0.0,0.0,0.0,0.0,0.0,0.0,0.0,0.0,0.0,0.0,0.0,0.0
ES2003b,366,0.0,0.0,0.0,0.0,0.0,0.0,0.0,0.0,0.0,0.0,0.0,0.0,0.0
ES2003b,367,0.0,0.0,0.0,0.0,0.0,0.0,0.0,0.0,0.0,0.0,0.0,0.0,0.0
ES2003b,368,0.0,0.0,0.0,0.0,0.0,0.0,0.0,0.0,0.0,0.0,0.0,0.0,0.0
ES2003b,369,0.0,0.0,0.0,0.0,0.0,0.0,0.0,0.0,0.0,0.0,0.0,0.0,0.0
ES2003b,370,0.0,0.0,0.0,0.0,0.0,0.0,0.0,0.0,0.0,0.0,0.0,0.0,0.0
ES2003b,371,0.0,0.0,0.0,0.0,0.0,0.0,0.0,0.0,0.0,0.0,0.0,0.0,0.0
ES2003b,372,0.0,0.0,0.0,0.0,0.0,0.0,0.0,0.0,0.0,0.0,0.0,0.0,0.0
ES2003b,373,0.0,0.0,0.0,0.0,0.0,0.0,0.0,0.0,0.0,0.0,0.0,0.0,0.0
ES2003b,374,0.0,0.0,0.0,0.0,0.0,0.0,0.0,0.0,0.0,0.0,0.0,0.0,0.0
ES2003b,375,0.0,0.0,0.0,0.0,0.0,0.0,0.0,0.0,0.0,0.0,0.0,0.0,0.0
ES2003b,376,0.0,0.0,0.0,0.0,0.0,0.0,0.0,0.0,0.0,0.0,0.0,0.0,0.0
ES2003b,377,0.0,0.0,0.0,0.0,0.0,0.0,0.0,0.0,0.0,0.0,0.0,0.0,0.0
ES2003b,378,0.0,0.0,0.0,0.0,0.0,0.0,0.0,0.0,0.0,0.0,0.0,0.0,0.0
ES2003b,379,0.0,0.0,0.0,0.0,0.0,0.0,0.0,0.0,0.0,0.0,0.0,0.0,0.0
ES2003b,380,0.0,0.0,0.0,0.0,0.0,0.0,0.0,0.0,0.0,0.0,0.0,0.0,0.0
ES2003b,381,0.0,0.0,0.0,0.0,0.0,0.0,0.0,0.0,0.0,0.0,0.0,0.0,0.0
ES2003b,382,0.0,0.0,0.0,0.0,0.0,0.0,0.0,0.0,0.0,0.0,0.0,0.0,0.0
ES2003b,383,0.0,0.0,0.0,0.0,0.0,0.0,0.0,0.0,0.0,0.0,0.0,0.0,0.0
ES2003b,384,0.0,0.0,0.0,0.0,0.0,0.0,0.0,0.0,0.0,0.0,0.0,0.0,0.0
ES2003b,385,0.0,0.0,0.0,0.0,0.0,0.0,0.0,0.0,0.0,0.0,0.0,0.0,0.0
ES2003b,386,0.0,0.0,0.0,0.0,0.0,0.0,0.0,0.0,0.0,0.0,0.0,0.0,0.0
ES2003b,387,0.0,0.0,0.0,0.0,0.0,0.0,0.0,0.0,0.0,0.0,0.0,0.0,0.0
ES2003b,388,0.0,0.0,0.0,0.0,0.0,0.0,0.0,0.0,0.0,0.0,0.0,0.0,0.0
ES2003b,389,0.0,0.0,0.0,0.0,0.0,0.0,0.0,0.0,0.0,0.0,0.0,0.0,0.0
ES2003b,390,0.0,0.0,0.0,0.0,0.0,0.0,0.0,0.0,0.0,0.0,0.0,0.0,0.0
ES2003b,391,0.0,0.0,0.0,0.0,0.0,0.0,0.0,0.0,0.0,0.0,0.0,0.0,0.0
ES2003b,392,0.0,0.0,0.0,0.0,0.0,0.0,0.0,0.0,0.0,0.0,0.0,0.0,0.0
ES2003b,393,0.0,0.0,0.0,0.0,0.0,0.0,0.0,0.0,0.0,0.0,0.0,0.0,0.0
ES2003b,394,0.0,0.0,0.0,0.0,0.0,0.0,0.0,0.0,0.0,0.0,0.0,0.0,0.0
ES2003b,395,0.0,0.0,0.0,0.0,0.0,0.0,0.0,0.0,0.0,0.0,0.0,0.0,0.0
ES2003b,396,0.0,0.0,0.0,0.0,0.0,0.0,0.0,0.0,0.0,0.0,0.0,0.0,0.0
ES2003b,397,0.0,0.0,0.0,0.0,0.0,0.0,0.0,0.0,0.0,0.0,0.0,0.0,0.0
ES2003b,398,0.0,0.0,0.0,0.0,0.0,0.0,0.0,0.0,0.0,0.0,0.0,0.0,0.0
ES2003b,399,0.0,0.0,0.0,0.0,0.0,0.0,0.0,0.0,0.0,0.0,0.0,0.0,0.0
ES2003b,400,0.0,0.0,0.0,0.0,0.0,0.0,0.0,0.0,0.0,0.0,0.0,0.0,0.0
ES2003b,401,0.0,0.0,0.0,0.0,0.0,0.0,0.0,0.0,0.0,0.0,0.0,0.0,0.0
ES2003b,402,0.0,0.0,0.0,0.0,0.0,0.0,0.0,0.0,0.0,0.0,0.0,0.0,0.0
ES2003b,403,0.0,0.0,0.0,0.0,0.0,0.0,0.0,0.0,0.0,0.0,0.0,0.0,0.0
ES2003b,404,0.0,0.0,0.0,0.0,0.0,0.0,0.0,0.0,0.0,0.0,0.0,0.0,0.0
ES2003b,405,0.0,0.0,0.0,0.0,0.0,0.0,0.0,0.0,0.0,0.0,0.0,0.0,0.0
ES2003b,406,0.0,0.0,0.0,0.0,0.0,0.0,0.0,0.0,0.0,0.0,0.0,0.0,0.0
ES2003b,407,0.0,0.0,0.0,0.0,0.0,0.0,0.0,0.0,0.0,0.0,0.0,0.0,0.0
ES2003b,408,0.0,0.0,0.0,0.0,0.0,0.0,0.0,0.0,0.0,0.0,0.0,0.0,0.0
ES2003b,409,0.0,0.0,0.0,0.0,0.0,0.0,0.0,0.0,0.0,0.0,0.0,0.0,0.0
ES2003b,410,0.0,0.0,0.0,0.0,0.0,0.0,0.0,0.0,0.0,0.0,0.0,0.0,0.0
ES2003b,411,0.0,0.0,0.0,0.0,0.0,0.0,0.0,0.0,0.0,0.0,0.0,0.0,0.0
ES2003b,412,0.0,0.0,0.0,0.0,0.0,0.0,0.0,0.0,0.0,0.0,0.0,0.0,0.0
ES2003b,413,0.0,0.0,0.0,0.0,0.0,0.0,0.0,0.0,0.0,0.0,0.0,0.0,0.0
ES2003b,414,0.0,0.0,0.0,0.0,0.0,0.0,0.0,0.0,0.0,0.0,0.0,0.0,0.0
ES2003b,415,0.0,0.0,0.0,0.0,0.0,0.0,0.0,0.0,0.0,0.0,0.0,0.0,0.0
ES2003b,416,0.0,0.0,0.0,0.0,0.0,0.0,0.0,0.0,0.0,0.0,0.0,0.0,0.0
ES2003b,417,0.0,0.0,0.0,0.0,0.0,0.0,0.0,0.0,0.0,0.0,0.0,0.0,0.0
ES2003b,418,0.0,0.0,0.0,0.0,0.0,0.0,0.0,0.0,0.0,0.0,0.0,0.0,0.0
ES2003b,419,0.0,0.0,0.0,0.0,0.0,0.0,0.0,0.0,0.0,0.0,0.0,0.0,0.0
ES2003b,420,0.0,0.0,0.0,0.0,0.0,0.0,0.0,0.0,0.0,0.0,0.0,0.0,0.0
ES2003b,421,0.0,0.0,0.0,0.0,0.0,0.0,0.0,0.0,0.0,0.0,0.0,0.0,0.0
ES2003b,422,0.0,0.0,0.0,0.0,0.0,0.0,0.0,0.0,0.0,0.0,0.0,0.0,0.0
ES2003b,423,0.0,0.0,0.0,0.0,0.0,0.0,0.0,0.0,0.0,0.0,0.0,0.0,0.0
ES2003b,424,0.0,0.0,0.0,0.0,0.0,0.0,0.0,0.0,0.0,0.0,0.0,0.0,0.0
ES2003b,425,0.0,0.0,0.0,0.0,0.0,0.0,0.0,0.0,0.0,0.0,0.0,0.0,0.0
ES2003b,426,0.0,0.0,0.0,0.0,0.0,0.0,0.0,0.0,0.0,0.0,0.0,0.0,0.0
ES2003b,427,0.0,0.0,0.0,0.0,0.0,0.0,0.0,0.0,0.0,0.0,0.0,0.0,0.0
ES2003b,428,0.0,0.0,0.0,0.0,0.0,0.0,0.0,0.0,0.0,0.0,0.0,0.0,0.0
ES2003b,429,0.0,0.0,0.0,0.0,0.0,0.0,0.0,0.0,0.0,0.0,0.0,0.0,0.0
ES2003b,430,0.0,0.0,0.0,0.0,0.0,0.0,0.0,0.0,0.0,0.0,0.0,0.0,0.0
ES2003b,431,0.0,0.0,0.0,0.0,0.0,0.0,0.0,0.0,0.0,0.0,0.0,0.0,0.0
ES2003b,432,0.0,0.0,0.0,0.0,0.0,0.0,0.0,0.0,0.0,0.0,0.0,0.0,0.0
ES2003b,433,0.0,0.0,0.0,0.0,0.0,0.0,0.0,0.0,0.0,0.0,0.0,0.0,0.0
ES2003b,434,0.0,0.0,0.0,0.0,0.0,0.0,0.0,0.0,0.0,0.0,0.0,0.0,0.0
ES2003b,435,0.0,0.0,0.0,0.0,0.0,0.0,0.0,0.0,0.0,0.0,0.0,0.0,0.0
ES2003b,436,0.0,0.0,0.0,0.0,0.0,0.0,0.0,0.0,0.0,0.0,0.0,0.0,0.0
ES2003b,437,0.0,0.0,0.0,0.0,0.0,0.0,0.0,0.0,0.0,0.0,0.0,0.0,0.0
ES2003b,438,0.0,0.0,0.0,0.0,0.0,0.0,0.0,0.0,0.0,0.0,0.0,0.0,0.0
ES2003b,439,0.0,0.0,0.0,0.0,0.0,0.0,0.0,0.0,0.0,0.0,0.0,0.0,0.0
ES2003b,440,0.0,0.0,0.0,0.0,0.0,0.0,0.0,0.0,0.0,0.0,0.0,0.0,0.0
ES2003b,441,0.0,0.0,0.0,0.0,0.0,0.0,0.0,0.0,0.0,0.0,0.0,0.0,0.0
ES2003b,442,0.0,0.0,0.0,0.0,0.0,0.0,0.0,0.0,0.0,0.0,0.0,0.0,0.0
ES2003b,443,0.0,0.0,0.0,0.0,0.0,0.0,0.0,0.0,0.0,0.0,0.0,0.0,0.0
ES2003b,444,0.0,0.0,0.0,0.0,0.0,0.0,0.0,0.0,0.0,0.0,0.0,0.0,0.0
ES2003b,445,0.0,0.0,0.0,0.0,0.0,0.0,0.0,0.0,0.0,0.0,0.0,0.0,0.0
ES2003b,446,0.0,0.0,0.0,0.0,0.0,0.0,0.0,0.0,0.0,0.0,0.0,0.0,0.0
ES2003b,447,0.0,0.0,0.0,0.0,0.0,0.0,0.0,0.0,0.0,0.0,0.0,0.0,0.0
ES2003b,448,0.20758662621180216,0.22727290789286295,0.070452481508255,0.01898561293880145,0.007397053142388661,0.14925530552864075,0.17079766591389975,0.27564720312754315,2.2505519657196236,-2.9289336934951407,-2.411057046355241,0.0,0.0
ES2003b,449,0.6156541307767233,0.5629831651846567,0.33644754191239673,0.1102247213323911,0.08367184177041054,0.5387450059254965,0.4863908588886261,0.36752985666195553,11.216969055934698,-21.419854728143587,-9.705546535453927,0.0,0.0
ES2003b,450,0.6119737426439921,0.5663351813952128,0.32383928696314496,0.08234066516160965,0.05512914558251699,0.28503094613552094,0.3968009352684021,0.4648830195267995,39.141411378211096,-56.3458171295212,-33.65408316449297,0.0,0.0
ES2003b,451,0.6011732816696167,0.503636916478475,0.340494046608607,0.06553775320450465,0.035553187131881714,0.542569766441981,0.4209153850873311,0.31299376239379245,40.21705119768331,-59.90235111556843,-37.371577111684644,0.0,0.0
ES2003b,452,0.6285142699877421,0.5173804561297098,0.2201952487230301,0.07077414666612943,0.04754482830564181,0.7707241177558899,0.3928478757540385,0.6087869753440222,38.14108646799972,-61.73708961640734,-36.77947115537441,0.0,0.0
ES2003b,453,0.5874002575874329,0.5785888830820719,0.22575984398523966,0.059972612808148064,0.04131484404206276,0.5618709822495779,0.3279801905155182,0.5882667501767477,39.75526374432324,-60.671817822809096,-38.55903067815358,0.0,0.0
ES2003b,454,0.5947168469429016,0.5499366621176401,0.2536311248938243,0.06356981148322423,0.052164593090613685,0.5366578300793966,0.3977463444073995,0.17463418841362,36.702850829553654,-59.495557691069926,-34.80816240135915,0.0,0.0
ES2003b,455,0.5243690808614095,0.5095518132050832,0.36528679728507996,0.08706283072630565,0.05112461124857267,0.4338870048522949,0.36835711201032,0.49086063106854755,6.496083630076792,-60.49347911645949,-4.453113601727573,0.0,0.0
ES2003b,456,0.5352958738803864,0.5015873511632284,0.38884391884009045,0.08928416421016057,0.034501089404026665,0.5407393177350363,0.3998178044954936,0.28642465981344384,4.6136933817394565,-54.9592892385244,-2.373192127694795,0.0,0.0
ES2003b,457,0.5543063680330912,0.5579165816307068,0.37652096649010974,0.07312702387571335,0.06660545865694682,0.6056587000687917,0.4134642283121745,0.48974794149398804,45.45971967190878,-48.00275499233249,-45.6307660110806,0.0,0.0
ES2003b,458,0.6096506317456564,0.5744005739688873,0.4030517836411794,0.07265703876813252,0.044254726419846215,0.6013589998086294,0.446495662132899,0.32951793757577735,48.71272610945477,-50.93972669355139,-47.26302135186194,0.0,0.0
ES2003b,459,0.5568601489067078,0.48509570956230164,0.5302869379520416,0.06769425794482231,0.05940770482023557,0.699628492196401,0.5126064817110697,0.2616335451602936,51.776992094609824,-56.47789977729442,-48.84895567640756,0.0,0.0
ES2003b,460,0.5228975911935171,0.45091934005419415,0.2986425682902336,0.07881109416484833,0.05522723620136579,0.6192518075307211,0.4678560495376587,0.12523720227181911,49.45898138926852,-59.613461193088916,-47.989789218922084,0.0,0.0
ES2003b,461,0.48735272884368896,0.5074914296468099,0.1925712302327156,0.07709262395898502,0.06161447738607725,0.4970424969991048,0.49170700709025067,0.048721485771238804,47.93894063444399,-59.94974545851392,-46.047093041088395,0.0,0.0
ES2003b,462,0.5459226667881012,0.3969245155652364,0.28542856375376385,0.0637501912812392,0.07095561921596527,0.6952116886774699,0.4653472900390625,0.14836856660743555,46.285370202829135,-60.17599293173163,-45.079558688286504,0.0,0.0
ES2003b,463,0.5420829157034556,0.574247678120931,0.33368578056494397,0.06461227064331372,0.04388831742107868,0.6023203531901041,0.49606288472811383,0.1223473275701205,46.7397012467828,-60.027149576959566,-45.451946439793026,0.0,0.0
ES2003b,464,0.5257765054702759,0.45509400963783264,0.38789894183476764,0.05601091682910919,0.04106747483213743,0.5108526249726614,0.5732724865277609,0.04276589769870043,47.21553695379786,-59.01889794728432,-45.59602365748526,0.0,0.0
ES2003b,465,0.5771904389063517,0.5587298174699148,0.23190394043922424,0.07011919965346654,0.05701697741945585,0.5648413697878519,0.5206019282341003,0.08195146794120471,50.055381016183134,-58.42107299839233,-47.90219173326296,0.0,0.0
ES2003b,466,0.5089121560255686,0.3955876628557841,0.24096910655498505,0.05686938017606735,0.042833070581158005,0.7377119461695353,0.4974238673845927,0.1007280523578326,49.64272843313364,-57.18930508063073,-48.011410591480455,0.0,0.0
ES2003b,467,0.5525687535603842,0.5044327080249786,0.2652425815661748,0.06456674387057622,0.047036303828159966,0.6481811900933584,0.5270995100339254,0.1493291718264421,47.57346984277992,-57.99269614451584,-45.5704399820986,0.0,0.0
ES2003b,468,0.6120982964833578,0.5147212644418081,0.20265403389930725,0.060536752144495644,0.0464906245470047,0.6558921933174133,0.5185215473175049,0.35790453975399333,48.462930969400496,-58.05428804153462,-46.64234051495544,0.0,0.0
ES2003b,469,0.4818758467833201,0.3216668466726939,0.339281087120374,0.07372612754503886,0.05372137079636256,0.61655726035436,0.5379997491836548,0.2647660927226146,47.36935244091996,-58.10115078853704,-46.00157996024071,0.0,0.0
ES2003b,470,0.47476546963055927,0.30244415005048114,0.1705481857061386,0.06553820768992107,0.04847283164660136,0.6358737150828043,0.5000576376914978,0.07700518347943823,46.14291867663277,-57.94605742220718,-45.39925110546411,0.0,0.0
ES2003b,471,0.4905003507932027,0.36798784136772156,0.2215342273314794,0.07428911825021108,0.07395398616790771,0.7251219352086385,0.5098903775215149,0.08115701004862785,43.40212563021968,-60.111143060836845,-42.58440853733712,0.0,0.0
ES2003b,472,0.43483569224675495,0.37290647625923157,0.3008603056271871,0.07558855166037877,0.08887730166316032,0.5242763658364614,0.4507191876570384,0.35125998345514137,46.37832629505726,-60.44632744339008,-45.154884779551644,0.0,0.0
ES2003b,473,0.5657380819320679,0.604160726070404,0.2986850291490555,0.05800910914937655,0.01542016708602508,0.3213167041540146,0.4451457659403483,0.6497152658800284,0.07338297850985573,4.598491007844166,-7.8088755177634015,0.0,0.0
ES2003b,474,0.6428723931312561,0.6888876756032308,0.21244945377111435,0.05273028959830602,0.013912553898990154,0.23749029636383057,0.43442078431447345,0.8994928995768229,-1.3644205156279525,1.8278915391793584,-7.9549211042476236,0.0,0.0
ES2003b,475,0.6132593949635824,0.20015336076418558,0.6714808742205302,0.17402502397696176,0.028953795010844868,0.2026503930489222,0.45667322476704914,0.22809996207555136,-0.4409814995612729,7.538698125187019,-7.624266999622414,0.0,0.0
ES2003b,476,0.5621374150117239,0.3094827135403951,0.4088387688000997,0.16608920941750208,0.0908620444436868,0.2861044704914093,0.4409225682417552,0.20371867716312408,1.4536351413424358,2.4914761727364874,-2.3199372129354727,0.0,0.0
ES2003b,477,0.5853971441586813,0.336372767885526,0.6148906449476877,0.13785593087474504,0.042008157819509506,0.5380265315373739,0.42116711537043255,0.22035294026136398,1.4446157134232571,6.997197207293413,0.316927982431732,0.0,0.0
ES2003b,478,0.49870232741038006,0.2842144121726354,0.4520920266707738,0.15630667905012766,0.04130035359412432,0.4327015280723572,0.49077380696932477,0.39304888248443604,1.4982253067983358,16.052717052222352,4.722306758909925,0.0,0.0
ES2003b,479,0.4984821279843648,0.4242987434069316,0.2185005247592926,0.06855084374547005,0.022518114186823368,0.1789978196223577,0.5527013540267944,0.35879505674044293,-9.737547628993818,6.931113853702996,-7.1881345461484925,0.0,0.0
ES2003b,480,0.5249414841334025,0.5184215009212494,0.1196461667617162,0.06201555083195368,0.023650058545172215,0.3772917290528615,0.5420453151067098,0.013283021748065948,-13.00864554475419,8.042291415498907,-7.610796838706871,0.0,0.0
ES2003b,481,0.4607152541478475,0.2864384651184082,0.266159870972236,0.05852742741505305,0.015234598889946938,0.4350196048617363,0.5423783461252848,0.06125458776174734,-13.037719904643412,9.705729847919288,-7.211344773351176,0.0,0.0
ES2003b,482,0.4629948039849599,0.15532164772351584,0.41898249586423236,0.06126168121894201,0.014402655574182669,0.41795165340105694,0.4942209521929423,0.03137187395865718,-12.44938767885393,13.240831264018276,-8.101283793281114,0.0,0.0
ES2003b,483,0.4303530255953471,0.2486222336689631,0.2564222315947215,0.05926975732048353,0.018057044905920822,0.4129157414038976,0.5466144581635793,0.0418881643563509,-15.645227249442513,11.112798004693582,-8.94208795814471,0.0,0.0
ES2003b,484,0.36775651574134827,0.24743427832921347,0.4732589026292165,0.06425968930125237,0.022587542111674946,0.2987125863631566,0.45973607897758484,0.10182087868452072,-13.583348538054159,11.410499423369329,-7.783907065512668,0.0,0.0
ES2003b,485,0.4076221485932668,0.269992729028066,0.32553379237651825,0.06469020868341128,0.02194959173599879,0.27130697170893353,0.4899934430917104,0.15069545479491353,-14.8570771532031,11.027055715503096,-8.944443221220132,0.0,0.0
ES2003b,486,0.4785340527693431,0.24192643662293753,0.3902391791343689,0.05867825075984001,0.014208668222030004,0.4110007882118225,0.551543136437734,0.5079864921669165,-13.645754890751826,12.755881279026276,-8.415794670613954,0.0,0.0
ES2003b,487,0.4043217996756236,0.3056281805038452,0.409241904815038,0.05360701431830724,0.04030313529074192,0.3198134129246076,0.45531731843948364,0.16472651157528162,-17.37536785972866,4.546540335207356,-6.476362879189993,0.0,0.0
ES2003b,488,0.4323856035868327,0.2715895076592763,0.3787510891755422,0.0509347195426623,0.03376173600554466,0.2023983101050059,0.4545245369275411,0.1312524645278851,-20.67133952942501,1.7084382037782806,-6.284867640446553,0.0,0.0
ES2003b,489,0.6020194292068481,0.262803316116333,0.3763929506142934,0.24154088397820792,0.12822075188159943,0.5189184248447418,0.4204898575941722,0.7462407449881235,6.891751769596765,1.5409013594638328,-1.405730945901061,0.0,0.0
ES2003b,490,0.4757597744464874,0.16549490888913473,0.3594289968411128,0.28285737832387287,0.13735022582113743,0.38238303860028583,0.3928221066792806,0.9341287811597189,3.30330645453523,2.901954116919613,-4.383636473173994,0.0,0.0
ES2003b,491,0.33389100432395935,0.1472955991824468,0.65056973695755,0.10911735395590465,0.04194352341194948,0.19690843919912973,0.4977907141049703,0.5257309923569361,-0.2580618120262848,3.042875282077611,-4.0172532982932365,0.0,0.0
ES2003b,492,0.4700959622859955,0.13525388638178507,0.550726463397344,0.08132353673378627,0.013834780392547449,0.19660238921642303,0.5655552943547567,0.12030805026491483,-1.876032093442647,3.0820545545729217,-3.0226986363975485,0.0,0.0
ES2003b,493,0.40652425090471905,0.18316308160622916,0.3780689338843028,0.08834756910800934,0.023506882910927136,0.16407562792301178,0.5756670435269674,0.1563818653424581,-1.0666968317481254,2.198311316825844,-2.7918494817338897,0.0,0.0
ES2003b,494,0.5253948171933492,0.17875982820987701,0.7666871150334676,0.18382443487644196,0.03910309014221033,0.6611378987630209,0.5356525381406149,0.4652513861656189,9.320275306125454,20.964901113743068,2.6514698265857803,0.0,0.0
ES2003b,495,0.5179084539413452,0.22823184231917062,0.8567578991254171,0.23337873816490173,0.052555326372385025,0.6422463456789652,0.5226422349611918,0.6411567827065786,9.288848582351148,20.272700888766238,1.7950735273623126,0.0,0.0
ES2003b,496,0.5400287508964539,0.22794642051060995,0.7967446049054464,0.18195576469103494,0.04225299134850502,0.7173202236493429,0.5286074976126353,0.3915252437194188,7.906049601839506,20.70838499849115,1.3043893170750807,0.0,0.0
ES2003b,497,0.5306285619735718,0.25337721904118854,0.9157395958900452,0.1843761553366979,0.037459531178077064,0.5888245503107706,0.534182608127594,0.5783342023690542,8.552094325689941,21.42249328376751,1.5796523033641054,0.0,0.0
ES2003b,498,0.5803956588109335,0.2688380032777786,0.7734082440535227,0.19678470492362976,0.09424669295549393,0.6536056399345398,0.5025463998317719,0.47171330203612644,9.723728281955223,21.457265573086158,1.6148052973740976,0.0,0.0
ES2003b,499,0.5127182602882385,0.2512863079706828,0.51982381939888,0.12066126366456349,0.031184545407692593,0.37893370787302655,0.509293923775355,0.4210672900080681,9.030979476676603,22.813047670650406,0.37787090137142876,0.0,0.0
ES2003b,500,0.5222156445185343,0.3001045038302739,0.49893471598625183,0.061203294744094215,0.03184094776709875,0.44890091319878894,0.3698767324288686,0.10444223570326965,13.2616060235669,22.176774864747617,3.6008202457651137,0.0,0.0
ES2003b,501,0.5519486665725708,0.32001082102457684,0.6564014951388041,0.060680956890185676,0.021596604337294895,0.3864087561766307,0.42158882816632587,0.10972970662017663,14.327917958362953,22.48301571467051,4.238831990118314,0.0,0.0
ES2003b,502,0.5563850204149882,0.26297428210576373,0.6341744959354401,0.13827828814586005,0.0412785429507494,0.5059974491596222,0.42654892802238464,0.24557660768429437,14.543392491795005,23.43533286372232,3.6155608755787476,0.0,0.0
ES2003b,503,0.4939664602279663,0.2294397751490275,0.7628504633903503,0.19807686160008112,0.05444289743900299,0.6233399510383606,0.4434558153152466,0.5096904939661423,14.368721574660986,23.89493757416555,2.605927515882111,0.0,0.0
ES2003b,504,0.5330754915873209,0.24380716184775034,0.8306219577789307,0.20552703738212585,0.0516568993528684,0.5582994719346365,0.4741932849089305,0.7660393118858337,15.62062739148192,24.197350069038688,2.350595315958504,0.0,0.0
ES2003b,505,0.6167630950609843,0.29596306880315143,0.7344986796379089,0.19129026929537454,0.07866907492280006,0.6702965895334879,0.5038415392239889,0.6537122627099355,16.33573415179941,24.61067423402935,1.4538272041552025,0.0,0.0
ES2003b,506,0.5108992358048757,0.2936903735001882,0.7028447190920512,0.35842066009839374,0.1511380448937416,0.5662421882152557,0.516970028479894,0.8436029354731241,16.626091215613965,24.261556778939845,2.3811992408428218,0.0,0.0
ES2003b,507,0.5178074836730957,0.28251955409844715,0.6166362265745798,0.2604796340068181,0.12385609497626622,0.5912905732790629,0.5536772807439169,0.8780006567637125,16.13205432129652,23.074550461201536,3.4528530174368037,0.0,0.0
ES2003b,508,0.5175848205884298,0.3268413345019023,0.6533082326253256,0.3699128528436025,0.23770483831564584,0.6792903145154318,0.4898158510526021,0.8410285512606303,19.344002128314767,23.105586647507426,3.0352874824139797,0.0,0.0
ES2003b,509,0.5983331799507141,0.45014938712120056,0.5543208122253418,0.3373417407274246,0.2829396252830823,0.47475771109263104,0.5240749716758728,0.6182780315478643,20.694872613402705,24.077373663462158,1.289600598221941,0.0,0.0
ES2003b,510,0.5649904807408651,0.36618657906850177,0.6872629920641581,0.23901003350814184,0.13169122425218424,0.5181526839733124,0.5017048716545105,0.7379555503527323,20.705363467247995,22.75517588715347,1.7049238119386712,0.0,0.0
ES2003b,511,0.6465157270431519,0.46055500706036884,0.5903387665748596,0.227428471048673,0.1231669547657172,0.4876849850018819,0.5441111425558726,0.4488331625858943,20.64094307768325,21.868978100101714,1.9159371062533677,0.0,0.0
ES2003b,512,0.6375523606936137,0.4408244788646698,0.7406473954518636,0.10386764258146286,0.02857021304468314,0.46881969769795734,0.515570600827535,0.20638742918769518,21.423320670719495,22.992845525375554,0.735382636577404,0.0,0.0
ES2003b,513,0.6663845578829447,0.4503874083360036,0.7932411432266235,0.10917569200197856,0.031021205708384514,0.5515664021174113,0.4540975093841553,0.26738404979308444,20.859813005480543,22.10526171498,0.4421728382874548,0.0,0.0
ES2003b,514,0.6376835703849792,0.3645567198594411,0.6338828106721243,0.0958152711391449,0.03163065078357855,0.5400450527667999,0.5041248798370361,0.2502167634665966,19.648725709240917,23.020039820054567,1.1584755973359193,0.0,0.0
ES2003b,515,0.6544119517008463,0.4202575484911601,0.5967452923456827,0.08664876719315846,0.029251237710316975,0.4787278374036153,0.556583563486735,0.243409663438797,19.664412010934683,22.842319836298003,0.7171246970398784,0.0,0.0
ES2003b,516,0.7306484580039978,0.46170637011528015,0.5543644527594248,0.11237091074387233,0.027698467175165813,0.42439273993174237,0.500083992878596,0.4287193442384402,19.486040398885688,22.779402756516244,0.45399561614300277,0.0,0.0
ES2003b,517,0.7128137350082397,0.4702686270078023,0.609747072060903,0.09534969677527745,0.03617442771792412,0.40698278943697613,0.5206977327664694,0.13131067529320717,19.041245912427076,24.0035569923481,-0.11778481053536112,0.0,0.0
ES2003b,518,0.6588545838991801,0.40279454986254376,0.5122676293055216,0.0940097173055013,0.02923193263510863,0.45342110594113666,0.5396310289700826,0.2837895601987839,19.29327966388625,22.630465671262545,-0.1979674358024306,0.0,0.0
ES2003b,519,0.698738157749176,0.4128018468618393,0.6317606667677561,0.102377916375796,0.040526473273833595,0.5152598718802134,0.5612482031186422,0.31214330593744916,19.31323777818997,22.721003884761775,0.04901564470056382,0.0,0.0
ES2003b,520,0.6866613825162252,0.4099433322747548,0.6459744473298391,0.10650468369325002,0.04708545282483101,0.4174904028574626,0.5386769076188406,0.2951308687527974,19.409254414779877,23.586526345053773,1.7715995885872735,0.0,0.0
ES2003b,521,0.6513632734616598,0.3572792907555898,0.5366019507249197,0.10387126604715984,0.03641293322046598,0.3980225721995036,0.5511827170848846,0.20030993719895682,19.98666389075864,21.507084493778517,4.458458484032846,0.0,0.0
ES2003b,522,0.6086885134379069,0.3169196347395579,0.5494155983130137,0.07405353337526321,0.02937774049739043,0.3448465019464493,0.49269406994183856,0.12959882244467735,19.77908462112669,20.291773770196002,6.8938500554165145,0.0,0.0
ES2003b,523,0.6358402768770853,0.3538878361384074,0.5455984771251678,0.08673804501692454,0.028300483400623005,0.3217925230662028,0.5073606868584951,0.22315896054108939,19.077129891543382,20.610675935706656,6.173528520907212,0.0,0.0
ES2003b,524,0.6060280203819275,0.3013051599264145,0.4484559992949168,0.18302682787179947,0.11197372774283092,0.3870307405789693,0.49094223976135254,0.48463305334250134,14.69545850801664,22.396006688883997,4.3635089231326445,0.0,0.0
ES2003b,525,0.5982218186060587,0.3484412332375844,0.6938626368840536,0.27287398527065915,0.1294202965994676,0.37755581736564636,0.47028614083925885,0.5313208897908529,13.085708246469693,22.283195316032558,3.0736534341458523,0.0,0.0
ES2003b,526,0.5358538826306661,0.313406765460968,0.8114427328109741,0.32167935868104297,0.1581926867365837,0.28146203358968097,0.47590439518292743,0.8334247867266337,12.195388100659374,23.112347442408833,3.102577255355202,0.0,0.0
ES2003b,527,0.5114745497703552,0.2959861159324646,0.8639079531033834,0.35378311574459076,0.1533183455467224,0.2950591867168744,0.5042525927225748,0.5008237759272257,11.469067054083283,22.47944589003662,3.617314971553025,0.0,0.0
ES2003b,528,0.5261446237564087,0.21809491018454233,0.9103897412618002,0.26485922932624817,0.07127375279863675,0.47278236349423725,0.536445697148641,0.804665744304657,11.074013993931745,21.59621041249844,4.368838385047157,0.0,0.0
ES2003b,529,0.5312649408976237,0.23623942335446677,0.90494704246521,0.1700133979320526,0.03918188810348511,0.5097150901953379,0.5299340089162191,0.44459981719652814,12.179767565138599,21.79027620033513,4.59744373080972,0.0,0.0
ES2003b,530,0.5442854563395182,0.2839330732822418,0.6629915336767832,0.17608779420455298,0.07415061133603255,0.49268118540445965,0.5075605809688568,0.5812490781148275,9.534925032809113,22.414453542729657,4.006073885294787,0.0,0.0
ES2003b,531,0.5179522037506104,0.25499536097049713,0.5843538145224253,0.16318861643473306,0.04827446987231573,0.5268742938836416,0.46004000306129456,0.14396287376681963,9.362747099365821,21.97493569592264,4.989888453915886,0.0,0.0
ES2003b,532,0.49378615617752075,0.21778892477353415,0.8164557417233785,0.19009402891000113,0.05574926237265269,0.3655719757080078,0.49807072679201764,0.4554836650689443,10.031192137751992,20.184906115955748,4.467188533000379,0.0,0.0
ES2003b,533,0.5321788589159647,0.20641725758711496,0.8713973760604858,0.20948186020056406,0.04526080253223578,0.5266706248124441,0.5048779348532358,0.6310714979966482,15.241931674808958,20.713412519291865,6.5656601088597135,0.0,0.0
ES2003b,534,0.5236906210581461,0.17672087252140045,0.8400167028109232,0.13010459889968237,0.024477182577053707,0.5869597593943278,0.5053220192591349,0.5942982733249664,13.13517320556224,21.102526825017353,6.321051349668665,0.0,0.0
ES2003b,535,0.5507398247718811,0.2735648602247238,0.7990994254748026,0.169427419702212,0.04082723148167133,0.5317391057809194,0.4761674503485362,0.5906574328740438,10.404573757313505,22.097026643278397,10.8121429434208,0.0,0.0
ES2003b,536,0.5476723710695902,0.18896680076917013,0.682101309299469,0.10105133056640625,0.03146540311475595,0.43247751394907635,0.5101196269194285,0.8024067282676697,8.273835321696906,25.232333369211926,16.659565751139567,0.0,0.0
ES2003b,537,0.4748804171880086,0.16232315202554068,0.6328761180241903,0.1173534169793129,0.03245376795530319,0.4256898760795593,0.49517471591631573,0.9270006616910299,5.433573529507311,24.591741813322884,18.21154181888852,0.0,0.0
ES2003b,538,0.5101029872894287,0.22657296558221182,0.7461089392503103,0.1607259064912796,0.04458200931549072,0.5954329371452332,0.4751072923342387,0.6906820138295492,10.719713219819653,21.999041187987302,16.081532262102098,0.0,0.0
ES2003b,539,0.4375842610994975,0.22905230522155762,0.4143255849679311,0.08358473082383473,0.015091294112304846,0.553191194931666,0.5016923050085703,0.15781291325887045,11.092311905688767,16.729777964061455,10.625291697687052,0.0,0.0
ES2003b,540,0.4860338568687439,0.22401139636834463,0.3960687021414439,0.09829092770814896,0.02238455352683862,0.6450044512748718,0.48815077543258667,0.09461353319541861,11.032046765926603,16.244150865506693,8.845949513661676,0.0,0.0
ES2003b,541,0.4785450796286265,0.25192099312941235,0.45244815945625305,0.12835521499315897,0.03642750655611356,0.6038369238376617,0.47222548723220825,0.27943916122118634,5.483560826315556,9.64129027977428,11.986635985407665,0.0,0.0
ES2003b,542,0.4526750346024831,0.3076254427433014,0.46724048256874084,0.06546479339400928,0.017950440756976604,0.447603444258372,0.4163072407245636,0.21889014433448514,-10.778501395625755,-3.8977691403447814,5.925647740332138,0.0,0.0
ES2003b,543,0.445365031560262,0.22725657125314078,0.6166474421819051,0.10917890071868896,0.0372382535909613,0.4362686077753703,0.47137729326883954,0.13823467368880907,-3.5503168529607567,3.0612645928597977,8.8339511588412,0.0,0.0
ES2003b,544,0.49686310688654584,0.2830383727947871,0.3895432651042938,0.11006982376178105,0.028719405954082806,0.41500553488731384,0.5064670940240225,0.03023816893498103,9.086791006002555,15.798777263782462,8.159774082604276,0.0,0.0
ES2003b,545,0.5486871004104614,0.2971761226654053,0.5317143599192301,0.1519168516000112,0.051153477281332016,0.44360286990801495,0.5271923343340555,0.23449591547250748,9.944032764820316,16.094162107494785,7.2006033861400285,0.0,0.0
ES2003b,546,0.5091138680775961,0.2546251267194748,0.7207523385683695,0.15525410821040472,0.04087312954167525,0.4695819119612376,0.4869142373402913,0.4382300525903702,12.202481056720671,17.742612554224348,7.217154104689548,0.0,0.0
ES2003b,547,0.5032396713892618,0.1978679597377777,0.7681211431821188,0.10586422433455785,0.01775801523278157,0.5510395467281342,0.46261589725812274,0.3405889756977558,14.61023777090515,17.56692598102368,5.5104055984731675,0.0,0.0
ES2003b,548,0.48713918526967365,0.29054488738377887,0.7643234133720398,0.18247772753238678,0.0463404543697834,0.3230031877756119,0.4892471134662628,0.1483613724509875,15.525381712372608,17.723172870214075,7.5297857027449036,0.0,0.0
ES2003b,549,0.5237540304660797,0.31411102414131165,0.7499543825785319,0.11544242252906163,0.03076910475889842,0.3886198103427887,0.5075152218341827,0.12744437654813132,23.344886957250953,21.612971695884358,6.818399076274717,0.0,0.0
ES2003b,550,0.5606319308280945,0.3366284668445587,0.7713147004445394,0.12364571789900462,0.029105757052699726,0.43351268271605176,0.4842713971932729,0.06473586708307266,23.465601188283,22.58049306276189,6.584142079537462,0.0,0.0
ES2003b,551,0.5622881452242533,0.27017932136853534,0.7403323650360107,0.11905681590239207,0.03916743894418081,0.24337272346019745,0.5292465090751648,0.058974768966436386,23.247639066497328,22.50346917981594,5.9375791367037465,0.0,0.0
ES2003b,552,0.5526412725448608,0.2529134800036748,0.6559789578119913,0.11268779387076695,0.027549371123313904,0.36723880966504413,0.46121665835380554,0.12847723439335823,23.747288190830286,22.368376846242228,5.264537827852915,0.0,0.0
ES2003b,553,0.5176742970943451,0.24143721163272858,0.5576088428497314,0.11460409313440323,0.02736530949672063,0.4146924118200938,0.5004318555196127,0.08445380628108978,23.760278595041324,22.453148104692758,5.127996597186753,0.0,0.0
ES2003b,554,0.5575810472170512,0.30807145436604816,0.7660263379414877,0.11438390612602234,0.03617540809015433,0.3044269531965256,0.47472070654233295,0.10027380908528964,23.04612807053634,23.443137337467807,4.5310899176797905,0.0,0.0
ES2003b,555,0.5468491315841675,0.3020869195461273,0.7042518456776937,0.11963661511739095,0.035181596875190735,0.2938423703114192,0.5072258710861206,0.13775407647093138,21.69173066908881,22.140395819980927,5.947391448230904,0.0,0.0
ES2003b,556,0.49811439712842304,0.33047832548618317,0.5097073614597321,0.28973238915205,0.14473333023488522,0.5964632630348206,0.5345125496387482,0.5445051590601603,17.663587511722223,23.99230913683074,3.834377223409689,0.0,0.0
ES2003b,557,0.6307980219523112,0.3756709198156993,0.7291901508967081,0.1640348086754481,0.04933378348747889,0.46627681454022724,0.49774189790089923,0.36529402683178586,16.605846882892703,23.41598928583133,4.043286175313253,0.0,0.0
ES2003b,558,0.6087733507156372,0.33064525822798413,0.7627892096837362,0.16968712955713272,0.07890187328060468,0.4272386332352956,0.5355649590492249,0.3519045040011406,17.094101095173766,23.47801472183294,2.9646758876606794,0.0,0.0
ES2003b,559,0.5286279519399008,0.3872677683830261,0.705362876256307,0.33806734283765155,0.17050758128364882,0.4592086374759674,0.5192131797472636,0.5260235269864401,18.14745241172165,22.302842939486425,4.903105337031785,0.0,0.0
ES2003b,560,0.5011887550354004,0.4913846552371979,0.36064718166987103,0.5231997768084208,0.35366057356198627,0.4611948827902476,0.5254210432370504,0.8466833035151163,17.681411231229053,22.17109988308496,4.313518694006442,0.0,0.0
ES2003b,561,0.5394822359085083,0.4349881907304128,0.6689042150974274,0.47256489594777423,0.3319579487045606,0.6334081689516703,0.571294923623403,0.8413370450337728,17.469203786486524,22.25003138840106,4.158990994634676,0.0,0.0
ES2003b,562,0.5529263814290365,0.38585250576337177,0.6186304291089376,0.4957120319207509,0.3040388524532318,0.6766291658083597,0.5605644981066386,0.7489612301190695,18.226902230838952,23.09557908948207,3.8987966382134047,0.0,0.0
ES2003b,563,0.5291794339815775,0.3757421871026357,0.735346774260203,0.3245472311973572,0.16100020706653595,0.8035439054171244,0.6243415673573812,0.7211656371752421,17.7550419765642,23.18589461795609,4.3571569781278106,0.0,0.0
ES2003b,564,0.5352786580721537,0.32828901211420697,0.7524158358573914,0.27939891318480176,0.08467086404561996,0.7157224615414938,0.5564272602399191,0.5685877402623495,17.313326605517712,23.255458565537307,4.306562247224929,0.0,0.0
ES2003b,565,0.5442864894866943,0.3931144177913666,0.41769368449846905,0.46423494815826416,0.20682347814242044,0.6676365534464518,0.5742772817611694,0.5974823832511902,18.439806244316134,22.690398626681628,4.763022445758632,0.0,0.0
ES2003b,566,0.5323531031608582,0.3057725926240285,0.6023761431376139,0.24369422843058905,0.08433149506648381,0.7084712783495585,0.48181180159250897,0.2520325357715289,19.469920482233363,22.966065264784643,4.8925276634555575,0.0,0.0
ES2003b,567,0.4968654414017995,0.3070013572772344,0.6649226347605387,0.3396849085887273,0.15291725099086761,0.7699193557103475,0.5362730622291565,0.44282684723536175,20.124601720065588,23.330243892575883,5.907952432756179,0.0,0.0
ES2003b,568,0.47832544644673664,0.38890259464581806,0.6716707348823547,0.4004546254873276,0.221196581919988,0.5012862881024679,0.5254426896572113,0.6934312383333842,18.83818966962964,24.066986034223945,4.063889600377797,0.0,0.0
ES2003b,569,0.5027512808640798,0.4159040649731954,0.6148066620031992,0.4587724804878235,0.28612851599852246,0.4758480389912923,0.5588125387827555,0.6062910060087839,17.9361207113068,24.874383583250744,2.7739884428054182,0.0,0.0
ES2003b,570,0.4946030577023824,0.45490750670433044,0.5655563672383627,0.5230723023414612,0.29116636514663696,0.295905202627182,0.5407999157905579,0.8597640593846639,16.46002761045609,24.66834114934861,2.7953837148109795,0.0,0.0
ES2003b,571,0.509238620599111,0.3656933705012004,0.7965289354324341,0.4529527723789215,0.22626176476478577,0.7097764611244202,0.5623092850049337,0.8284897009531657,17.73647922084036,23.251906420661,3.8135507478396904,0.0,0.0
ES2003b,572,0.5304989218711853,0.37931203842163086,0.5837003688017527,0.45937392115592957,0.2771756500005722,0.7212350567181905,0.5319347282250723,0.7599365909894308,15.780928177610468,24.605989089215626,3.5567342886060658,0.0,0.0
ES2003b,573,0.5381446480751038,0.4075170656045278,0.6144344210624695,0.4361746410528819,0.24703952173391977,0.49397603670756024,0.5427914261817932,0.47936128576596576,14.30968476520097,24.558220261406777,3.055213497957094,0.0,0.0
ES2003b,574,0.0,0.0,0.0,0.0,0.0,0.0,0.0,0.0,0.0,0.0,0.0,0.0,0.0
ES2003b,575,0.5061410566171011,0.30482851962248486,0.4258139183123906,0.06308279559016228,0.03005391452461481,0.3153057446082433,0.4273576537768046,0.5195263822873434,9.446723307402236,-12.40133798143926,-11.882063359274637,0.0,0.0
ES2003b,576,0.2935333847999573,0.15841034054756165,0.2899822990099589,0.04781906555096308,0.021656759083271027,0.35613181193669635,0.24002687136332193,0.25477155297994614,4.171904309145378,-10.255392774300049,-15.023680487242656,0.0,0.0
ES2003b,577,0.6131627162297567,0.3981625437736511,0.3459264139334361,0.06735883032282193,0.034108398482203484,0.4079717795054118,0.38891152540842694,0.3008204981063803,11.650444336905778,-11.221006346700584,-22.581821741635395,0.0,0.0
ES2003b,578,0.7179970145225525,0.589656929175059,0.4695321321487427,0.08083145941297214,0.03797400059799353,0.3142407536506653,0.39718663692474365,0.4334948658943176,14.468903079115828,-5.68710378686831,-9.96707855210132,0.0,0.0
ES2003b,579,0.6445202032725016,0.411903515458107,0.4368580182393392,0.1365949660539627,0.10368205606937408,0.4371979584296544,0.47359304626782733,0.20240289469559988,22.75514584523266,-12.002706391767333,-9.408039831893719,0.0,0.0
ES2003b,580,0.6201676726341248,0.3077629804611206,0.39275678992271423,0.13343174755573273,0.05827330922087034,0.5402872661749522,0.4364362557729085,0.39146216710408527,23.385318165109506,-15.336447971245413,-6.610127397150131,0.0,0.0
ES2003b,581,0.6179306904474894,0.2636758089065552,0.363005667924881,0.12739012638727823,0.05528052772084872,0.5334621369838715,0.44038793444633484,0.519151637951533,24.486563756870424,-18.450266319272842,-25.437473237129655,0.0,0.0
ES2003b,582,0.6217174927393595,0.3569680203994115,0.4242180685202281,0.14716521898905435,0.06948087861140569,0.4793187181154887,0.40784310301144916,0.29542804695665836,28.424094414579695,-18.275449688695577,-24.88510848599114,0.0,0.0
ES2003b,583,0.5739877025286356,0.26989006002744037,0.39029113451639813,0.15783025324344635,0.07577480624119441,0.7052808205286661,0.3778153359889984,0.7072746455669403,29.710222194574516,-17.91056566502297,-25.557664115599465,0.0,0.0
ES2003b,584,0.5305721561113993,0.3052881509065628,0.4934026300907135,0.13511409610509872,0.046327577282985054,0.6098883152008057,0.4026220639546712,0.6706954737504324,25.069076850219464,-18.199363903953998,-23.819342685715444,0.0,0.0
ES2003b,585,0.6133507887522379,0.3025927742322286,0.5098844269911448,0.13045489291350046,0.04007933164636294,0.4740803341070811,0.43410158157348633,0.4779170751571655,23.913139909974813,-16.727607886131157,-13.819633275037033,0.0,0.0
ES2003b,586,0.6660704215367635,0.311616172393163,0.4118490715821584,0.15041880309581757,0.052945345640182495,0.46627553800741833,0.393390417098999,0.37104848275582,24.780328719353793,-17.24092679748371,-8.316219010255928,0.0,0.0
ES2003b,587,0.6962394118309021,0.2596935878197352,0.39348791042963666,0.14465535432100296,0.06751789897680283,0.3316639264424642,0.3713506857554118,0.4170263235767682,27.64084811161844,-16.455325824198074,-12.533700565882958,0.0,0.0
ES2003b,588,0.5817375282446543,0.24523686369260153,0.420039306084315,0.13366499294837317,0.0883445752163728,0.5734561185042063,0.43533308307329815,0.4365200052658717,25.95823789243424,-17.255654692167315,-14.07703237147053,0.0,0.0
ES2003b,589,0.5273640155792236,0.22367524604002634,0.5051797330379486,0.10263617957631747,0.06779384116331737,0.4101217985153198,0.425905704498291,0.1692126396422585,13.13649680592662,-16.866102723870075,-14.231163973344522,0.0,0.0
ES2003b,590,0.472301721572876,0.15996366987625757,0.5068085789680481,0.0640657717982928,0.035649800673127174,0.2934310684601466,0.38586893677711487,0.07771263023217519,4.296929502071182,-18.62700107951931,-16.12877448963862,0.0,0.0
ES2003b,591,0.525162140528361,0.2613207350174586,0.49334608515103656,0.0849355086684227,0.036479764307538666,0.2846355487902959,0.376726637283961,0.16859702114015818,7.279812102218841,-16.301629337612255,-14.876984639235355,0.0,0.0
ES2003b,592,0.5819353063901266,0.23658319811026254,0.49136126041412354,0.1359503629306952,0.07630837708711624,0.24447127679983774,0.4330126146475474,0.25789575030406314,11.978364635384716,-19.476651280141784,0.5046120674047057,0.0,0.0
ES2003b,593,0.5857834617296854,0.300872340798378,0.45966707666714984,0.15160143127044043,0.08801042164365451,0.4098962644735972,0.3761161466439565,0.6392979969580969,18.803689538048232,-20.09171059048301,-4.304032916879723,0.0,0.0
ES2003b,594,0.5258483091990153,0.3561285138130188,0.4395788162946701,0.1258553316195806,0.05350445583462715,0.5161870817343394,0.4300054709116618,0.35039277374744415,22.689078512757632,-24.518872681466565,-13.771730401123127,0.0,0.0
ES2003b,595,0.5621555745601654,0.2495821217695872,0.4923057158788045,0.12568138291438422,0.0651617447535197,0.4021509091059367,0.46555423736572266,0.6880680471658707,21.9536120743162,-29.280909335808534,-11.648179605327584,0.0,0.0
ES2003b,596,0.5316392183303833,0.24317281444867453,0.2903181364138921,0.13342134406169256,0.05618195856610934,0.3030121525128682,0.459047536055247,0.7524690429369608,11.909281068724148,-25.6395968717857,-11.835728715323407,0.0,0.0
ES2003b,597,0.49882209300994873,0.21533131102720895,0.4012344280878703,0.11072152604659398,0.047175134221712746,0.4076020320256551,0.3918064932028453,0.1631894533832868,7.954156923459371,-20.43007786317402,-13.399974950054188,0.0,0.0
ES2003b,598,0.5130237837632498,0.23330587645371756,0.33877261479695636,0.09502949565649033,0.03814855342109998,0.3455309122800827,0.42081400752067566,0.09721888353427251,8.397458759222234,-21.534178601171092,-13.557817560983887,0.0,0.0
ES2003b,599,0.31713152925173443,0.1515171080827713,0.3448534111181895,0.057972535490989685,0.024356847008069355,0.31089407205581665,0.3046211798985799,0.2567795713742574,6.317650522594953,-14.98341334104453,-14.18336483863809,0.0,0.0
ES2003b,600,0.3084905842940013,0.09310072660446167,0.30348846316337585,0.0461698534588019,0.01963254064321518,0.39334482947985333,0.2630709906419118,0.24921933809916177,10.113993130380878,-10.688110101527045,-20.21304529032585,0.0,0.0
ES2003b,601,0.5447800556818644,0.21308674911657968,0.47546625634034473,0.08479405691226323,0.03605998493731022,0.392715980609258,0.47657230496406555,0.6723966201146444,13.020662797636126,-20.67488258760744,-22.811385840338435,0.0,0.0
ES2003b,602,0.5190992256005605,0.24298510452111563,0.5340638359387716,0.08459170162677765,0.03813699881235758,0.39976704120635986,0.49407731493314105,0.35415452097853023,9.029560091548579,-22.84986650838511,-21.604313067593385,0.0,0.0
ES2003b,603,0.48563089966773987,0.184651051958402,0.32057319084803265,0.06860643376906712,0.04669431348641714,0.3947092096010844,0.4135737419128418,0.04139780749877294,7.708239249985568,-18.885386404413243,-22.379609985260984,0.0,0.0
ES2003b,604,0.5023327271143595,0.21719222764174143,0.3546772499879201,0.0796246478954951,0.042503269389271736,0.4891337752342224,0.422087162733078,0.020248982434471447,13.042979191540729,-12.422854318498336,-23.812637784377895,0.0,0.0
ES2003b,605,0.5111097296079,0.26328374942143756,0.34883464376131695,0.084409495194753,0.036653817941745125,0.31188725928465527,0.3996070424715678,0.023161564643184345,12.21668059777213,-14.302504974398127,-24.9318436753619,0.0,0.0
ES2003b,606,0.4482300281524658,0.2289527803659439,0.2940167983373006,0.07886614402135213,0.03789823378125826,0.38001280029614765,0.4088802436987559,0.01575120460862915,10.200912011503961,-20.719255013014685,-24.596421396131834,0.0,0.0
ES2003b,607,0.48566271861394245,0.1991692086060842,0.36445772647857666,0.09449820220470428,0.04018536334236463,0.3891676962375641,0.4260304272174835,0.024224525317549706,10.123668504999552,-17.281827821968466,-24.235127502852738,0.0,0.0
ES2003b,608,0.5294873515764872,0.23977657159169516,0.29763734340667725,0.0834823449452718,0.035377842684586845,0.3542981694142024,0.461073766152064,0.11399546048293512,10.459185313019542,-18.172462018891352,-24.422639312930258,0.0,0.0
ES2003b,609,0.4833536446094513,0.32425124446551007,0.3802807331085205,0.08147506415843964,0.024123673016826313,0.41880305608113605,0.3965211808681488,0.0968252420425415,8.917426280526717,-22.752050340564505,-24.36630854893491,0.0,0.0
ES2003b,610,0.590243528286616,0.28047003348668414,0.4478200028340022,0.06742844606439273,0.02601568525036176,0.17961776753266653,0.38923261562983197,0.22142134420573711,6.5231843204640185,-16.4756771227784,-10.578044102548718,0.0,0.0
ES2003b,611,0.677691638469696,0.35407697161038715,0.5813783208529154,0.08173961192369461,0.04277906815210978,0.2639326552549998,0.3546796143054962,0.4381646116574605,8.439666964206578,-8.999197665643486,-1.2149676487969192,0.0,0.0
ES2003b,612,0.6042667726675669,0.3709299912055333,0.4481361409028371,0.05715326468149821,0.028405848269661266,0.2101141115029653,0.37825024127960205,0.4221358547608058,7.023289948093055,-9.143070943538188,-5.281313581121336,0.0,0.0
ES2003b,613,0.554633637269338,0.3153582115968068,0.64639812707901,0.1154469648996989,0.046303787579139076,0.2833353082338969,0.34250667691230774,0.5192081580559412,9.183582700813377,-8.128514557689362,-14.75623829234253,0.0,0.0
ES2003b,614,0.6432515184084574,0.4402187466621399,0.47097999850908917,0.14696967601776123,0.0515179131180048,0.2400218447049459,0.4106088876724243,0.7613587578137716,12.509844356886482,-6.176757078405281,-13.981010273664701,0.0,0.0
ES2003b,615,0.6486525535583496,0.5120998422304789,0.7201553781827291,0.10041791945695877,0.046516609067718186,0.351212998231252,0.40173094471295673,0.537936270236969,9.418820706994914,-4.140349469910787,-19.034573296480605,0.0,0.0
ES2003b,616,0.6958150863647461,0.48948708176612854,0.3588176767031352,0.06031870593627294,0.020563266550501186,0.2300043155749639,0.341225524743398,0.20805388192335764,4.069874908083366,-4.007903688214579,-18.101187276094276,0.0,0.0
ES2003b,617,0.6074811021486918,0.37760912378629047,0.5586928824583689,0.06254694610834122,0.02474838060637315,0.20099286238352457,0.28065552314122516,0.4041294952233632,6.070136520519585,-6.677076164350141,-14.107307999634884,0.0,0.0
ES2003b,618,0.44665748874346417,0.24664809803167978,0.594483365615209,0.06526731823881467,0.03542574495077133,0.23550951480865479,0.3054254005352656,0.6545790433883667,7.317779618119514,-8.219513887434973,-13.654680509601894,0.0,0.0
ES2003b,619,0.43428632616996765,0.2365849365790685,0.5220326880613962,0.07505299150943756,0.02581946427623431,0.1629941165447235,0.3590097824732463,0.31401288012663525,5.386091929396135,-7.102607367058671,-15.438625138914901,0.0,0.0
ES2003b,620,0.470464825630188,0.19815618793169656,0.5261605481306711,0.06139184162020683,0.03291807509958744,0.12033992509047191,0.3092172642548879,0.45130576690038043,3.915261420316417,-8.25819642629717,-17.718121473447937,0.0,0.0
ES2003b,621,0.5282232662041982,0.3215220769246419,0.4958864053090413,0.06027474254369736,0.027495689690113068,0.21065293004115423,0.3044404685497284,0.47348221639792126,4.174220277518168,-8.233479316811744,-17.855053178947692,0.0,0.0
ES2003b,622,0.5602262616157532,0.34210315346717834,0.508134126663208,0.0618750217060248,0.024483489493529003,0.1982017159461975,0.25537120799223584,0.6592608094215393,4.347072488904835,-8.041589712056,-17.494331344702886,0.0,0.0
ES2003b,623,0.5575309793154398,0.3692210266987483,0.41309725244839984,0.055729739367961884,0.02734667311112086,0.17060219744841257,0.270656814177831,0.49511460959911346,4.255579435257716,-8.314621922358137,-17.815459449238535,0.0,0.0
ES2003b,624,0.5765054225921631,0.43610988060633343,0.4579624632994334,0.06071851526697477,0.027647173032164574,0.15804659326871237,0.31970808903376263,0.6885351141293844,4.294690927275659,-8.068035469063014,-18.221066252404913,0.0,0.0
ES2003b,625,0.48712854584058124,0.31180795033772785,0.5091303785641988,0.050327556828657784,0.031050090367595356,0.18681619067986807,0.25494041045506793,0.6298133333524069,4.253662376424669,-7.942977759821822,-18.177941237420956,0.0,0.0
ES2003b,626,0.4918268918991089,0.2744072328011195,0.45979976654052734,0.05952365696430206,0.03977646927038828,0.2535475492477417,0.31350386142730713,0.7001128792762756,8.134089811060209,-7.572868710539665,-21.589483587119616,0.0,0.0
ES2003b,627,0.5301854411760966,0.35150139530499774,0.5421309272448221,0.06494412447015445,0.031017054493228596,0.257594034075737,0.32271377742290497,0.844729502995809,10.2705651054511,-5.602187102382806,-22.296094887780313,0.0,0.0
ES2003b,628,0.561676820119222,0.3270376920700073,0.6568307280540466,0.0662897601723671,0.039183362697561584,0.2434669385353724,0.298817644516627,0.7090966900189718,8.520193435169796,-2.8467920650894034,-21.852749004231196,0.0,0.0
ES2003b,629,0.5028660198052725,0.27776919305324554,0.41344960530598956,0.09934227913618088,0.02165023299554984,0.3460097958644231,0.5279527505238851,0.3628920565048854,0.2833670442949972,15.337443098231311,2.967996306112468,0.0,0.0
ES2003b,630,0.558592826128006,0.3698241015275319,0.30687596400578815,0.07588865359624226,0.020195077483852703,0.22441199918588003,0.5501909653345743,0.09802910685539246,-4.800992988834435,15.854568657017703,1.7865981393883958,0.0,0.0
ES2003b,631,0.5910335183143616,0.42347077031930286,0.4538453320662181,0.04233707363406817,0.018068755666414898,0.4486973186333974,0.3817312816778819,0.5966397871573766,-0.38753009113275344,-4.922263384435442,-9.241053781999433,0.0,0.0
ES2003b,632,0.5779755314191183,0.33903401096661884,0.3964745104312897,0.03687106817960739,0.014550502101580301,0.49815304080645245,0.3276574909687042,0.5771309435367584,-0.7916014223549945,-5.4980961167874325,-12.278539404261906,0.0,0.0
ES2003b,633,0.6207118431727091,0.4341023763020833,0.44048277537027997,0.037391516069571175,0.014322035945951939,0.53048704067866,0.3880237936973572,0.8738853136698405,0.025934331930195748,-5.545493096323035,-11.711947749307162,0.0,0.0
ES2003b,634,0.6117969950040182,0.42674270272254944,0.4829273621241252,0.03790407255291939,0.013847718015313148,0.497461199760437,0.39317359526952106,0.8797281185785929,0.39898267659033476,-5.835424150655894,-11.505378317038017,0.0,0.0
ES2003b,635,0.5506370464960734,0.43975287675857544,0.5478618045647939,0.039075057953596115,0.017607535235583782,0.43017388383547467,0.37670918305714923,0.619402011235555,1.170002314804195,-6.7111572071854475,-11.33894599183076,0.0,0.0
ES2003b,636,0.5989682277043661,0.3763958265384038,0.46751952171325684,0.03782192120949427,0.023938946425914764,0.33910663922627765,0.27772057056427,0.5990672707557678,2.4968815076886663,-6.603314829082623,-11.74688905491376,0.0,0.0
ES2003b,637,0.5572982728481293,0.4483622411886851,0.4728603661060333,0.04390100638071696,0.021893780678510666,0.35707423587640125,0.30865995089213055,0.49219949046770733,4.303089505517234,-6.715903036330438,-11.065055240796527,0.0,0.0
ES2003b,638,0.5357011258602142,0.31212667127450305,0.5305891831715902,0.05099625761310259,0.03887799382209778,0.2380504459142685,0.2707599451144536,0.5801138083140055,6.842509797771949,-6.752350455799982,-12.417030508527526,0.0,0.0
ES2003b,639,0.4887709418932597,0.23930597802003226,0.6487036546071371,0.06465908512473106,0.036826059222221375,0.2795466482639313,0.2951942980289459,0.7390202879905701,10.165766136252048,-6.894619928211868,-11.051153093691433,0.0,0.0
ES2003b,640,0.46945010622342426,0.2750839690367381,0.6768042047818502,0.06708419819672902,0.040216693033774696,0.1874320904413859,0.25904400646686554,0.9089484016100565,9.21468032551988,-7.3281208745397235,-11.29495570237809,0.0,0.0
ES2003b,641,0.5147054096062978,0.35165013869603473,0.7054981589317322,0.06621746967236201,0.04408792903025945,0.13505204766988754,0.2668325404326121,0.8870880802472433,7.872394902564039,-6.771408212031417,-11.989290213511312,0.0,0.0
ES2003b,642,0.5932035048802694,0.38267211119333905,0.5881174306074778,0.07586016009251277,0.04037708913286527,0.22703836361567178,0.30621389547983807,0.9427000085512797,7.675488424629898,-6.310795352547582,-11.98790902603533,0.0,0.0
ES2003b,643,0.5322056810061137,0.21456604699293771,0.6910501917203268,0.07169386247793834,0.053087566047906876,0.31779415905475616,0.253833328684171,0.9031108021736145,6.74504027028171,-5.9975491942902925,-12.288784610961562,0.0,0.0
ES2003b,644,0.5205010573069254,0.27613597611586255,0.6966937979062399,0.07020476212104161,0.06445064768195152,0.1697340781490008,0.25237446029980976,0.8998952507972717,7.651459062495118,-6.400450411212934,-12.288891292970566,0.0,0.0
ES2003b,645,0.6158778071403503,0.45174392064412433,0.5671332875887553,0.0648467093706131,0.06600383917490642,0.16528081645568213,0.29978202283382416,0.9760200381278992,11.367487658106455,-7.332895581956233,-11.369576920864938,0.0,0.0
ES2003b,646,0.6042808492978414,0.36102476219336194,0.6627229650815328,0.07351080079873402,0.061432277162869774,0.16881566246350607,0.3103893001874288,0.8185150225957235,8.353073675258797,-7.170531954758059,-11.400526286111864,0.0,0.0
ES2003b,647,0.6058830221494039,0.38898900151252747,0.5331986049811045,0.056063072135051094,0.03392303052047888,0.20238962521155676,0.29635919133822125,0.871657133102417,5.197057268392396,-5.601410269992603,-12.610584950422515,0.0,0.0
ES2003b,648,0.6412288546562195,0.44842763741811115,0.46364497145016986,0.03991823519269625,0.018846220647295315,0.3899408181508382,0.32145775357882184,0.8073210914929708,3.2353440961184847,-6.910201730440536,-13.472106265048614,0.0,0.0
ES2003b,649,0.7133347193400065,0.5210819045702616,0.42386170228322345,0.0358878622452418,0.019534040242433548,0.3079528858264287,0.29067418972651166,0.9091087182362875,3.3815230064185386,-6.778592372579546,-13.469517278556877,0.0,0.0
ES2003b,650,0.6874186197916666,0.5370442370573679,0.4008086721102397,0.0362213800350825,0.020978578676780064,0.22510073085625967,0.30673742294311523,0.8680906097094218,3.5369049302759286,-6.4337635523505625,-13.742613315137035,0.0,0.0
ES2003b,651,0.6738202571868896,0.5514690279960632,0.4049866795539856,0.10063508649667104,0.07765911767880122,0.22023823857307434,0.5113702118396759,0.29479832962776226,10.987768891369322,0.9250104997644913,-2.823874443930308,0.0,0.0
ES2003b,652,0.6844006975491842,0.5635774632294973,0.21969796468814215,0.08652835587660472,0.03738317141930262,0.3355998446544011,0.5227229297161102,0.007106819578136007,12.063439004734517,1.3008470056136394,-2.794424836723536,0.0,0.0
ES2003b,653,0.6316705544789633,0.45786985754966736,0.33072244624296826,0.059702387700478234,0.021364580218990643,0.2642773240804672,0.5048263669013977,0.2632040816048781,12.836530237362899,2.0550759472907525,-3.523279676212629,0.0,0.0
ES2003b,654,0.5357626378536224,0.271101971467336,0.19873843590418497,0.054130097230275474,0.012824480421841145,0.3392198433478673,0.4253888229529063,0.45227064440647763,9.223307528559962,4.358582766247941,-4.800604987250629,0.0,0.0
ES2003b,655,0.5997971892356873,0.3578809102376302,0.32162678241729736,0.052056012054284416,0.015757952506343525,0.4810262421766917,0.399024099111557,0.5936969121297201,8.055876086728915,5.407327684814327,-4.607969721716536,0.0,0.0
ES2003b,656,0.7066288789113363,0.36946694056193036,0.6005261043707529,0.10790900389353435,0.06055981448541085,0.5175856649875641,0.5652687350908915,0.5912408232688904,5.343827871323853,21.732980119433375,-7.206105552083751,0.0,0.0
ES2003b,657,0.6921801765759786,0.3689049979050954,0.3863862653573354,0.0970751407245795,0.01857179558525483,0.43930214643478394,0.5517236193021139,0.2163045530517896,-3.080243765067561,3.3639731719035098,-6.070728027103246,0.0,0.0
ES2003b,658,0.6698744098345438,0.29298234979311627,0.38812411824862164,0.06437232345342636,0.01484182911614577,0.3446307082970937,0.4972781340281169,0.08653583874305089,-2.948316842598634,2.4224315874422544,-6.268006180517677,0.0,0.0
ES2003b,659,0.5191070834795634,0.2095569372177124,0.5713093082110087,0.06803739567597707,0.011501338022450605,0.35436949133872986,0.5140946805477142,0.04715530357013146,-5.06573478393733,2.879135700572723,-6.375448296330124,0.0,0.0
ES2003b,660,0.5859879453976949,0.16190220167239508,0.7047185897827148,0.06738178928693135,0.011003395852943262,0.20221693565448126,0.49426578481992084,0.17554190258185068,-3.9420356019300904,2.4499418762694805,-5.990538144305705,0.0,0.0
ES2003b,661,0.5931626756985983,0.483084758122762,0.17827954391638437,0.10731634000937144,0.043578922748565674,0.2582094371318817,0.39671528339385986,0.013726859353482723,19.87217043404432,19.90000081513073,4.33218112279635,0.0,0.0
ES2003b,662,0.6143350402514139,0.4637723167737325,0.16358540703852972,0.11033373822768529,0.05649699022372564,0.4042620162169139,0.3688395122687022,0.35069579631090164,16.638015197323544,19.615964276706332,2.566673117603971,0.0,0.0
ES2003b,663,0.5541754961013794,0.4113468627134959,0.20820708324511847,0.09342969457308452,0.04238956235349178,0.30142628649870556,0.4090665578842163,0.2160709003607432,15.12368438155985,18.33299211322173,1.9545605404489443,0.0,0.0
ES2003b,664,0.6305241783459982,0.5192437469959259,0.11654228158295155,0.09517104923725128,0.051521810392538704,0.29505851368109387,0.4215439260005951,0.03462631069123745,16.197008053099193,17.055914131586036,1.824342559663992,0.0,0.0
ES2003b,665,0.6048035422960917,0.481034517288208,0.14454968025286993,0.09350874026616414,0.058496199548244476,0.3082496126492818,0.43241065740585327,0.08847450464963913,16.058240904333818,15.753380814769832,2.685236624822906,0.0,0.0
ES2003b,666,0.6068841616312662,0.37683287262916565,0.14544968803723654,0.07131039599577586,0.02737286314368248,0.39445902903874713,0.42137646675109863,0.3297752911845843,11.990725422056402,17.736657275152325,1.9055952593352876,0.0,0.0
ES2003b,667,0.7079562147458395,0.5507241189479828,0.17763056481877962,0.05794679497679075,0.02531668357551098,0.2073387106259664,0.45587873458862305,0.09892863531907399,10.014046412515851,12.158668137985819,0.39533427437682933,0.0,0.0
ES2003b,668,0.6104384064674377,0.4893736143906911,0.40869566798210144,0.14009952545166016,0.09534613353510697,0.5459521214167277,0.5401751101016998,0.22629099680731693,8.457220072619867,4.581097664915688,-0.10879986031634552,0.0,0.0
ES2003b,669,0.4162698984146118,0.37696178754170734,0.237417201201121,0.14631021146972975,0.08811828556160133,0.23824081818262735,0.3575325608253479,0.3166223391890526,6.505052363625485,1.1125041868645356,-1.9784716733925052,0.0,0.0
ES2003b,670,0.595473567644755,0.5836181044578552,0.3179389536380768,0.0724419467151165,0.03352523781359196,0.4149730404218038,0.5476442873477936,0.24079347401857376,10.266554605691253,0.5356350141251623,-1.1635547466944025,0.0,0.0
ES2003b,671,0.6222658753395081,0.6010306278864542,0.33069829146067303,0.06354113419850667,0.04095990148683389,0.6640730500221252,0.5780172149340311,0.4463125925976783,8.883436865493685,-0.19319439791313728,-0.4901354776785687,0.0,0.0
ES2003b,672,0.6219149430592855,0.49512336651484173,0.24663314719994864,0.0633746509750684,0.023189898890753586,0.35414742926756543,0.4953922629356384,0.33983218390494585,5.358366594450232,1.5720820881424242,-1.259085849622218,0.0,0.0
ES2003b,673,0.6218137343724569,0.5291656951109568,0.2780401060978572,0.06051346908013026,0.019895701048274834,0.1631561741232872,0.4356255729993184,0.46594181035955745,4.366596215543539,2.588676899511505,-1.3284146220734188,0.0,0.0
ES2003b,674,0.5640792846679688,0.4993799924850464,0.24639572699864706,0.05601827924450239,0.01880372998615106,0.4971229334672292,0.516094833612442,0.4439223458369573,6.276197822283838,2.611998297319722,-2.1691207765553937,0.0,0.0
ES2003b,675,0.5624072949091593,0.41583452622095746,0.2395996352036794,0.061592107017834984,0.018201264242331188,0.5346226195494334,0.48373886942863464,0.506099154551824,7.073853565790816,2.756480847953055,-2.3458321435968554,0.0,0.0
ES2003b,676,0.5999010999997457,0.5944176912307739,0.19129572808742523,0.055967699736356735,0.02003668217609326,0.5652743279933929,0.5216222604115804,0.23902691900730133,7.8116645052780145,3.6742774140064967,-3.148113344964577,0.0,0.0
ES2003b,677,0.5120737353960673,0.37095961968104046,0.13341875622669855,0.05317875991264979,0.016908626692990463,0.2780151392022769,0.4872864286104838,0.5017159034808477,7.465912033387373,3.787111894540638,-3.655962270190154,0.0,0.0
ES2003b,678,0.5663741230964661,0.43257881204287213,0.19321207702159882,0.05554294337828954,0.02359616942703724,0.4344511975844701,0.5104161202907562,0.6081350743770599,7.2071746494751485,2.482361662615809,-2.5989404553500317,0.0,0.0
ES2003b,679,0.5697455604871114,0.48122964302698773,0.18721628934144974,0.058784689754247665,0.019732041905323666,0.5235100587209066,0.5250983337561289,0.1284555202970902,10.072211319931798,2.8498824705946895,-0.5147746446522088,0.0,0.0
ES2003b,680,0.5749409397443136,0.4269112249215444,0.22376423080762228,0.056293386965990067,0.020834218089779217,0.7966393431027731,0.5516077677408854,0.0627431192745765,11.962110538814626,2.9574847645253635,0.14720714246170938,0.0,0.0
ES2003b,681,0.5824698805809021,0.4590561290582021,0.17577472825845084,0.055253187815348305,0.02744674247999986,0.8367255131403605,0.6150181492169698,0.17057491218050322,12.082966487798997,2.393762139628923,0.6923656668772112,0.0,0.0
ES2003b,682,0.6174018979072571,0.5203636984030405,0.1602268343170484,0.05241957679390907,0.02172977663576603,0.7186203996340433,0.6249598264694214,0.04983031873901685,13.452165469650504,2.696112828840979,0.5643138961632835,0.0,0.0
ES2003b,683,0.6189968784650167,0.4975639283657074,0.15099347134431204,0.05450650677084923,0.015191277799506983,0.5063692331314087,0.5548547307650248,0.2785349463423093,14.46332354887627,3.4214824910326977,0.03603174414005824,0.0,0.0
ES2003b,684,0.6594987908999125,0.46986743807792664,0.280901404718558,0.05875746284921964,0.022839130833745003,0.5726185142993927,0.5493669708569845,0.38655382208526134,12.9615242151612,2.2042360999935364,0.8934002233201513,0.0,0.0
ES2003b,685,0.6719488104184469,0.4797447721163432,0.12547116602460542,0.0568132313589255,0.02016386017203331,0.45581574738025665,0.4693392515182495,0.19181981372336546,9.196070239265564,5.790267685641439,-0.6625865976159386,0.0,0.0
ES2003b,686,0.5454018910725912,0.3586120804150899,0.09383191168308258,0.0920420636733373,0.07347868103533983,0.3558635711669922,0.46931934356689453,0.03934445988852531,6.789892858566574,10.342261901529447,0.4312420781404935,0.0,0.0
ES2003b,687,0.5230721235275269,0.28405825793743134,0.2805137286583583,0.057983393470446266,0.01447760034352541,0.24102629721164703,0.48380908370018005,0.10510051498810451,4.368632049413319,9.531644914924534,-0.6650152323464511,0.0,0.0
ES2003b,688,0.5762085715929667,0.38090116779009503,0.21522272129853567,0.051643162965774536,0.011058523009220758,0.45071645577748615,0.4880511562029521,0.20430518686771393,5.466995361502373,6.486765183433278,-0.3694602191172583,0.0,0.0
ES2003b,689,0.6079133152961731,0.34263447920481366,0.33837000528971356,0.057259210695823036,0.01843468938022852,0.4199310541152954,0.5260326663653055,0.529636899009347,6.447846541479869,2.4452326752125884,-3.152931324716963,0.0,0.0
ES2003b,690,0.5238496164480845,0.3662692606449127,0.3903151551882426,0.07889699811736743,0.031846857319275536,0.4149700105190277,0.5407446622848511,0.3911672805746396,10.64850703444967,-1.9697546964295014,-4.767162567224765,0.0,0.0
ES2003b,691,0.6329270203908285,0.3658457001050313,0.36874546607335407,0.07252972573041916,0.02262365197141965,0.42634690304597217,0.5743926167488098,0.11790818721055984,10.241425169398521,-2.447983668951832,-3.3194055773080087,0.0,0.0
ES2003b,692,0.6227171421051025,0.42409812410672504,0.21629302700360617,0.06852378199497859,0.032038288190960884,0.4276670714219411,0.5017547607421875,0.4468784953157107,14.006009231593993,-2.3876698543189274,-4.035949772666033,0.0,0.0
ES2003b,693,0.7340744932492574,0.7191688021024069,0.18979325393835703,0.04714279621839523,0.011423088299731413,0.10464497655630112,0.45198654135068256,0.14941046511133513,1.5547527345397576,3.1428152374437777,-8.553961067275782,0.0,0.0
ES2003b,694,0.7613890767097473,0.732629120349884,0.21223234385252,0.04199758172035217,0.010511118918657303,0.12100876371065776,0.43487071990966797,0.265092392762502,1.7809391410337065,0.5898582971526548,-9.231764806002202,0.0,0.0
ES2003b,695,0.7422924836476644,0.7069755593935648,0.27773168683052063,0.038251299411058426,0.011831979577740034,0.2372493197520574,0.4529736240704854,0.43071334064006805,1.7183412808348884,-0.5302648811410783,-10.631131718080818,0.0,0.0
ES2003b,696,0.6833446820576986,0.5336799323558807,0.28513144453366596,0.0469196600218614,0.0269379826883475,0.2202441245317459,0.3761158883571625,0.5360678931077322,3.53931370234744,-4.059409137563754,-13.355734438809463,0.0,0.0
ES2003b,697,0.3996650278568268,0.18423271675904593,0.5521820286909739,0.10698821147282918,0.022950221473972004,0.4562123715877533,0.4633213480313619,0.1387380432958404,-6.942427852840816,4.446488586875259,-0.6477133481063032,0.0,0.0
ES2003b,698,0.47381325562795,0.22527857621510824,0.5411962072054545,0.08620614061752956,0.017316770739853382,0.30134836087624234,0.43186821540196735,0.13024594821035862,-7.23111146177843,5.018767065466293,-0.9111317114402055,0.0,0.0
ES2003b,699,0.3285805881023407,0.20615089436372122,0.5630895296732584,0.0908811166882515,0.018293308715025585,0.3867614318927129,0.42118557294209796,0.046671866439282894,-6.658414900440892,4.216283045447236,-0.9051795007626704,0.0,0.0
ES2003b,700,0.37478624780972797,0.175071914990743,0.681585947672526,0.08913092563549678,0.017593357401589554,0.41337838768959045,0.45460766553878784,0.01886178491016229,-6.996835222360548,4.702305832032461,-0.673031566764867,0.0,0.0
ES2003b,701,0.43680696686108905,0.24678948521614075,0.49048014481862384,0.08458550026019414,0.023098085696498554,0.4682642420132955,0.5008639295895895,0.09650069288909435,-7.116285530653523,4.385476168500353,-1.1741158247104588,0.0,0.0
ES2003b,702,0.45147140820821124,0.18241864939530691,0.5435817837715149,0.09378504008054733,0.022526012733578682,0.41695048411687213,0.4477318624655406,0.2394211937983831,-7.268639137572702,4.57707635088105,-1.1310304563643176,0.0,0.0
ES2003b,703,0.475946565469106,0.2264068971077601,0.5372362732887268,0.09916757047176361,0.02761152821282546,0.49985464413960773,0.45498524109522503,0.20549068103233972,-7.073955804044708,4.552137339017646,-1.2071611691933455,0.0,0.0
ES2003b,704,0.4996929466724396,0.22027302285035452,0.5568085312843323,0.08319422354300816,0.01654160985102256,0.4750410318374634,0.4644471804300944,0.06587761640548706,-6.901007711167203,4.582431449841935,-1.2730473001786047,0.0,0.0
ES2003b,705,0.4873540202776591,0.21827270090579987,0.4996892313162486,0.07528242965539296,0.02280753447363774,0.478507141272227,0.4823073744773865,0.03163929035266241,-6.930816635675147,5.886721563212336,-1.5027290382106184,0.0,0.0
ES2003b,706,0.49441713094711304,0.18993602196375528,0.6894099712371826,0.09064481159051259,0.024207600702842075,0.3552866379419963,0.4393254617849986,0.06848918460309505,-6.587680434388614,6.372523273658793,-1.467700465632416,0.0,0.0
ES2003b,707,0.5230351587136587,0.23877928157647452,0.6194127202033997,0.09023503959178925,0.024228562290469807,0.46001943945884705,0.47729965051015216,0.07281619682908058,-6.417552467833631,6.942026670343697,-1.4182069350713709,0.0,0.0
ES2003b,708,0.4336848258972168,0.19326412181059519,0.649295965830485,0.11204638332128525,0.027728047221899033,0.43526150782903034,0.41619183619817096,0.12725999454657236,-6.923636148518413,7.3976250798795755,-1.396049972008857,0.0,0.0
ES2003b,709,0.503256231546402,0.14305976529916128,0.48487313588460285,0.10120724389950435,0.023517293234666187,0.38863379259904224,0.46103214224179584,0.17283920571208,-6.721373742010542,7.1544434364964005,-1.4257486517368367,0.0,0.0
ES2003b,710,0.42513121167818707,0.1733202487230301,0.5963034729162852,0.09844679633776347,0.02659754827618599,0.44905481735865277,0.4638681709766388,0.08492804683434467,-6.5073567401009855,7.502957951721352,-1.13923158341989,0.0,0.0
ES2003b,711,0.45048854748408,0.18899535139401755,0.4965790609518687,0.09557624906301498,0.021397626027464867,0.31238482395807904,0.5040482580661774,0.06686116196215153,-5.273657190483867,7.594458595960506,-1.069295994130785,0.0,0.0
ES2003b,712,0.43971707423528034,0.2985959549744924,0.4459863603115082,0.0463441697259744,0.022474149242043495,0.34819889068603516,0.400629460811615,0.2968430320421855,3.060729573818547,-11.219585978293521,-10.599122450929018,0.0,0.0
ES2003b,713,0.4252479175726573,0.27882032593091327,0.4595457911491394,0.037672627717256546,0.02276713897784551,0.3497525254885356,0.43036869168281555,0.12736117963989577,2.7474661690993547,-10.745782645969802,-11.376733440761349,0.0,0.0
ES2003b,714,0.45414267977078754,0.3344716231028239,0.3202976236740748,0.04209428156415621,0.02578342768053214,0.3000468661387761,0.3639143208662669,0.1591003363331159,2.5465453794939203,-10.636440410142734,-11.535030967528181,0.0,0.0
ES2003b,715,0.4873812198638916,0.3043932517369588,0.40607895453770954,0.04121037075916926,0.027952589715520542,0.2757845272620519,0.39790887633959454,0.4000019083420436,2.5959276506961704,-10.435532484528546,-11.754386943786523,0.0,0.0
ES2003b,716,0.5427395701408386,0.3428877294063568,0.33907132347424823,0.0452607125043869,0.02584869476656119,0.3420921365420024,0.3762635588645935,0.40321605404218036,2.3228872880315143,-10.41123187369282,-11.882433542133574,0.0,0.0
ES2003b,717,0.5588902831077576,0.3797776897748311,0.27480314671993256,0.05188271775841713,0.029759674643476803,0.22187490264574686,0.42857010165850323,0.4285425841808319,1.8760950036630426,-10.273560109072257,-11.838764526446496,0.0,0.0
ES2003b,718,0.513653298219045,0.40810684363047284,0.38709495464960736,0.0429593063890934,0.03496167063713074,0.3219706118106842,0.37476666768391925,0.08996219063798587,1.0203274303712317,-9.365808128836527,-11.968563637953446,0.0,0.0
ES2003b,719,0.5259376764297485,0.41410964727401733,0.42940487464269,0.04290806253751119,0.0322752483189106,0.3526778866847356,0.43118836482365924,0.18268310527006784,0.5769696071206203,-8.88953485762453,-11.658535479409892,0.0,0.0
ES2003b,720,0.530994176864624,0.3769513666629791,0.37167222797870636,0.04649187003572782,0.025748689969380695,0.3601328432559967,0.3901398777961731,0.19790370762348175,0.7997915588676797,-9.010578600818034,-12.019344483612258,0.0,0.0
ES2003b,721,0.513988584280014,0.3247809410095215,0.3059123183290164,0.03592189153035482,0.02085174061357975,0.3359304815530777,0.39605990052223206,0.4091525375843048,0.9616498140836404,-9.230152009191167,-11.96327703337347,0.0,0.0
ES2003b,722,0.484127680460612,0.33553213874499005,0.40615224838256836,0.0446300134062767,0.02711044376095136,0.3338111788034439,0.4030642608801524,0.4435406004389127,1.4678985777980564,-10.220278932870213,-11.123117327094148,0.0,0.0
ES2003b,723,0.4912278850873311,0.35890133182207745,0.3961278001467387,0.03787336374322573,0.02001651314397653,0.4108336369196574,0.41965120037396747,0.16741936902205148,0.7545878250015647,-10.29107069655111,-11.408081651189221,0.0,0.0
ES2003b,724,0.45516366759936017,0.3719332118829091,0.3254413108030955,0.036966084192196526,0.019895327587922413,0.5360405047734579,0.38964157303174335,0.22129022826751074,0.09902585641124961,-9.399414297938415,-10.74495465472745,0.0,0.0
ES2003b,725,0.5195892651875814,0.46896442770957947,0.38300717373689014,0.03670627623796463,0.025824481000502903,0.4162566214799881,0.37968283891677856,0.3646392896771431,-0.33601863697927786,-8.385122717375499,-9.920537275753867,0.0,0.0
ES2003b,726,0.6001383662223816,0.42600762844085693,0.4158393144607544,0.036882415413856506,0.019314226383964222,0.3743778069814046,0.39810006817181903,0.155129536986351,0.2925039427719504,-7.786483510429391,-8.935805627138773,0.0,0.0
ES2003b,727,0.5546642343203226,0.3572485347588857,0.33913586537043255,0.036531741420427956,0.020921289299925167,0.453147957722346,0.43507348497708637,0.11845142145951588,1.175397338134663,-6.629600915883402,-8.543135208958153,0.0,0.0
ES2003b,728,0.5273706316947937,0.3214879333972931,0.30612175166606903,0.03294552614291509,0.023073666418592136,0.2702858845392863,0.3886631627877553,0.4126121600468953,0.4386332376942926,-6.8658247231364316,-9.580025743564452,0.0,0.0
ES2003b,729,0.48937490582466125,0.46239252885182697,0.32204406956831616,0.03443428253134092,0.019560266907016437,0.3515251080195109,0.3770657181739807,0.3237026333808899,0.2603556962659761,-7.9208203868005755,-9.519954174810694,0.0,0.0
ES2003b,730,0.5853661497433981,0.5417269666989645,0.3650890290737152,0.037632837891578674,0.016975695888201397,0.3384232570727666,0.3465633988380432,0.6168510516484579,0.4979280324379774,-8.141437184154563,-8.87900072293452,0.0,0.0
ES2003b,731,0.5988637804985046,0.3689008255799611,0.29803138971328735,0.03625254208842913,0.017752755743761856,0.3367983599503835,0.36063851912816364,0.5536866982777914,0.5984764366599202,-7.835617414661641,-8.7485877087319,0.0,0.0
ES2003b,732,0.6517478624979655,0.5308999220530192,0.32496389249960583,0.037063044806321464,0.01442233876635631,0.3116747935612996,0.3254133661588033,0.41940605640411377,1.0853216306953826,-8.133754159309145,-8.90522637500564,0.0,0.0
ES2003b,733,0.5865943729877472,0.4948654572168986,0.3666737178961436,0.04004074757297834,0.017684743118782837,0.348601038257281,0.37201709548632306,0.4702601258953412,0.6384702915687538,-8.362100714411183,-9.044182904361131,0.0,0.0
ES2003b,734,0.6432532370090485,0.5578661759694418,0.3324167728424072,0.03767151137193044,0.0174436258773009,0.31790750722090405,0.41293197870254517,0.3678971578677495,0.11273743617929687,-7.889000247596965,-8.803026392073585,0.0,0.0
ES2003b,735,0.6908275882403055,0.5983843008677164,0.2901666561762492,0.03680559371908506,0.015763779170811176,0.33376528322696686,0.3475862840811412,0.6767827669779459,0.47849231110735424,-7.372813793541684,-8.88215927088865,0.0,0.0
ES2003b,736,0.6032571792602539,0.5357090334097544,0.3383525063594182,0.03660215064883232,0.012201164538661638,0.3407573054234187,0.35993922750155133,0.5609919726848602,0.6096996446034262,-7.498249995691758,-9.061127152807797,0.0,0.0
ES2003b,737,0.6031898657480875,0.5510644316673279,0.38088590900103253,0.03598428269227346,0.013824223540723324,0.43783921996752423,0.3874218662579854,0.6032467583815256,0.9772656670176056,-8.17330025578162,-9.082382912057964,0.0,0.0
ES2003b,738,0.6159125169118246,0.5370140274365743,0.40764697392781574,0.03531861181060473,0.012091109529137611,0.41273270050684613,0.36132659514745075,0.620170404513677,1.0612904238373455,-8.101630526450496,-8.438580340593523,0.0,0.0
ES2003b,739,0.664479672908783,0.5614898403485616,0.3353021244208018,0.03619625171025594,0.01626320866247018,0.30980350573857623,0.34278275569279987,0.6535770893096924,1.2369527884852574,-7.109177471774598,-7.896649939575973,0.0,0.0
ES2003b,740,0.5922641654809316,0.47697338461875916,0.4436444044113159,0.03642187764247259,0.01529750693589449,0.4602719247341156,0.3879365126291911,0.43143291274706524,1.3031069953205274,-7.267212838784175,-7.2650548187382356,0.0,0.0
ES2003b,741,0.5347657402356466,0.4289410710334778,0.48214951157569885,0.03824211781223615,0.014364251866936684,0.400169958670934,0.4677252372105916,0.5471110741297404,1.2242602016583717,-7.068655983602892,-7.676772846139016,0.0,0.0
ES2003b,742,0.5731490254402161,0.47614388664563495,0.34274551272392273,0.035566421846548714,0.013060331034163633,0.43018941084543866,0.42003698150316876,0.5117308994134268,1.3257969979420798,-7.143048167868468,-7.8746900133385624,0.0,0.0
ES2003b,743,0.6022250950336456,0.4462273418903351,0.2401018093029658,0.03707203393181165,0.014905926771461964,0.36065563559532166,0.3378751575946808,0.30609243114789325,1.2366861228137285,-6.744026669127663,-7.963149394687826,0.0,0.0
ES2003b,744,0.6669694979985555,0.5484359761079153,0.3321857750415802,0.0363470713297526,0.013966219189266363,0.5630814135074615,0.43504030505816144,0.4360097547372182,1.8686975299897426,-7.233009794437581,-7.295513611269144,0.0,0.0
ES2003b,745,0.6449669599533081,0.5702950159708658,0.22324414551258087,0.03781132151683172,0.016532820959885914,0.45024724801381427,0.4395841360092163,0.38901477058728534,1.590970769987237,-7.655838893673841,-7.480554469222742,0.0,0.0
ES2003b,746,0.6734193166097006,0.5903000434239706,0.3543219069639842,0.03784700110554695,0.013275710244973501,0.3477756480375926,0.35244893034299213,0.5178151428699493,1.195333002683231,-7.024286949602403,-8.62870289693845,0.0,0.0
ES2003b,747,0.6600353121757507,0.5481785833835602,0.29446207483609516,0.03595298404494921,0.013631170615553856,0.39178865154584247,0.37460437417030334,0.1404685080051422,2.773187281207266,-6.428362743419469,-9.49402630429641,0.0,0.0
ES2003b,748,0.6547229091326395,0.5571854909261068,0.30529433488845825,0.037225582947333656,0.01170307615151008,0.3322548220554988,0.3688504993915558,0.39224762717882794,2.837320423374574,-7.209965595691453,-8.478524296285489,0.0,0.0
ES2003b,749,0.6917006572087606,0.579694668451945,0.27562332650025684,0.03657179201642672,0.010476104294260343,0.3916292190551758,0.3837825159231822,0.34970369438330334,2.301447226614627,-6.750007933902045,-9.209904168035221,0.0,0.0
ES2003b,750,0.6857810219128927,0.5951941808064779,0.22797550757726034,0.0387302761276563,0.009650976086656252,0.4506351848443349,0.3778332571188609,0.380713552236557,2.2879284958842625,-6.517439280105928,-8.780558996781219,0.0,0.0
ES2003b,751,0.7208726008733114,0.696369449297587,0.17597700655460358,0.03658173978328705,0.01157507672905922,0.2635880808035533,0.3623702824115753,0.24001479148864746,2.8242263120821605,-6.879722357457413,-8.150529119652225,0.0,0.0
ES2003b,752,0.7085979382197062,0.6366948882738749,0.29505909482638043,0.03677300984660784,0.014953980222344398,0.23544780413309732,0.3881036142508189,0.416554922858874,3.2646477665596154,-6.815807518433641,-7.756621275589635,0.0,0.0
ES2003b,753,0.7317845225334167,0.633480985959371,0.27834711968898773,0.03693676367402077,0.015009951156874498,0.3980327049891154,0.39933088421821594,0.3539316753546397,3.0703436733584426,-6.594931161037331,-7.795195413616298,0.0,0.0
ES2003b,754,0.7764244079589844,0.7130479017893473,0.2789975752433141,0.038304523875315986,0.014829544971386591,0.35791320105393726,0.3579140106836955,0.27733632425467175,2.8647028824769407,-6.678976304440558,-7.854508711808665,0.0,0.0
ES2003b,755,0.7858716249465942,0.6900078455607096,0.23667794466018677,0.038104681919018425,0.012737018056213856,0.31947149833043414,0.41312525669733685,0.5034779210885366,3.0839023643114007,-6.686895792142397,-8.099968902226847,0.0,0.0
ES2003b,756,0.7494271397590637,0.6914140582084656,0.18918550511201224,0.03991884862383207,0.010450708369414011,0.4049638509750366,0.44259347518285114,0.5241490602493286,2.7237256561638397,-6.748000085499439,-8.489788245114662,0.0,0.0
ES2003b,757,0.6720307866732279,0.5667689889669418,0.30043432861566544,0.049925422916809716,0.012488934521873793,0.3775326857964198,0.4009981056054433,0.20889421676596007,0.08009835630909438,-5.655883104988139,-2.4456141660797397,0.0,0.0
ES2003b,758,0.627275695403417,0.43085526426633197,0.31510942180951435,0.04013956959048907,0.015611792293687662,0.32524207731088,0.39823034405708313,0.08109013922512531,-0.7742639308920564,-4.551600118605094,-0.0625932091230114,0.0,0.0
ES2003b,759,0.4788129727045695,0.30055011808872223,0.24323758979638418,0.04030680408080419,0.017464019047717255,0.4843815316756566,0.3976043959458669,0.4879414439201355,-2.2636898784370376,-1.9275135660582476,-1.8280831806723075,0.0,0.0
ES2003b,760,0.5351494053999583,0.3453422387440999,0.24298540751139322,0.03854251280426979,0.01369854249060154,0.5445894400278727,0.41798508167266846,0.22327522188425064,-2.116186337027913,-0.85240442136661,-4.353537043528043,0.0,0.0
ES2003b,761,0.49024320642153424,0.24478557209173837,0.17499313255151114,0.04032839462161064,0.014505054180820784,0.4459550678730011,0.420570174853007,0.20139296104510626,-2.1153450370785927,0.5531787888769387,-3.810810441978996,0.0,0.0
ES2003b,762,0.45497192939122516,0.17139703532059988,0.2055979073047638,0.035434177766243614,0.009414248478909334,0.45450182755788165,0.38196470340092975,0.5214975277582804,-2.564660922093644,0.8200999505854911,-3.443279979574498,0.0,0.0
ES2003b,763,0.6349390546480814,0.28332631289958954,0.1981011504928271,0.038825505723555885,0.0159598911801974,0.3779152532418569,0.37301502625147503,0.5580927928288778,-2.9932077287191974,-0.33950192445933575,-4.806177432518411,0.0,0.0
ES2003b,764,0.6370307405789694,0.3478821615378062,0.27655574182669324,0.04052165523171425,0.014216780041654905,0.35673444469769794,0.4092821180820465,0.2618957149485747,-1.5001925528426145,-2.945221733671088,-5.016178412013486,0.0,0.0
ES2003b,765,0.6877546906471252,0.4082541763782501,0.17356363435586294,0.03817922497789065,0.013242733664810658,0.42330077290534973,0.46911917130152386,0.32204364985227585,-0.23920352197905703,-3.2116393898755233,-4.531652976707146,0.0,0.0
ES2003b,766,0.6489341855049133,0.44277018308639526,0.19209395349025726,0.03810922056436539,0.01232646219432354,0.5433328151702881,0.4156055152416229,0.2729666431744893,-0.019997185871292178,-2.6460633710989327,-4.185765208632135,0.0,0.0
ES2003b,767,0.5867236653963724,0.41907461484273273,0.23762542009353638,0.037901916851600014,0.01119874200473229,0.4557178517182668,0.4305712779362996,0.4709603488445282,-0.565559575358731,-1.201433876226948,-4.01457893498302,0.0,0.0
ES2003b,768,0.6019178728262583,0.30057038366794586,0.22524826228618622,0.03771340474486351,0.01053971548875173,0.3728746175765991,0.36172327399253845,0.2570645610491435,0.24279306452159477,-2.728243042198182,-4.045015600674284,0.0,0.0
ES2003b,769,0.6339750289916992,0.389651358127594,0.2570161720116933,0.038605048010746636,0.011068673183520636,0.3557434280713399,0.40123895804087323,0.1720840521156788,0.08821489519700924,-2.8819971294322517,-4.201756456785013,0.0,0.0
ES2003b,770,0.7575150926907858,0.46373842159907025,0.20522522429625192,0.03675004094839096,0.01155823189765215,0.38795926173528034,0.45549490054448444,0.13025953123966852,0.5144627774560478,-2.045085369087859,-3.657307992161339,0.0,0.0
ES2003b,771,0.6760032773017883,0.4630751609802246,0.2790135244528453,0.08235316723585129,0.06486713017026584,0.5028102894624075,0.4883186419804891,0.04460865934379399,0.7634720791333024,-6.716011409291169,-7.0064846173161905,0.0,0.0
ES2003b,772,0.6257421771685282,0.5247287849585215,0.3895084162553151,0.07201667999227841,0.050750281661748886,0.4680080711841583,0.49875981609026593,0.11537563676635425,3.1351763234060126,-5.341989929301321,-6.514334306453122,0.0,0.0
ES2003b,773,0.6541315714518229,0.534979005654653,0.2579650779565175,0.06675632546345393,0.03527580574154854,0.6134616335233053,0.5786993900934855,0.020021708352336038,7.27521460307369,-5.742077627601444,-6.588379490524193,0.0,0.0
ES2003b,774,0.5693006912867228,0.36468703548113507,0.2819824665784836,0.07197565337022145,0.07746887455383937,0.4380743106206258,0.5246862868467966,0.22239613781372705,6.459048452660916,-5.745205832841296,-7.051783623948144,0.0,0.0
ES2003b,775,0.5211594899495443,0.4415244261423747,0.3292417923609416,0.07927783330281575,0.07019240036606789,0.6635212500890096,0.5811955332756042,0.33136512090762454,6.504578954484686,-4.906491857865397,-7.272540846974226,0.0,0.0
ES2003b,776,0.636005183060964,0.4646149476369222,0.2687135736147563,0.07043704142173131,0.05716897857685884,0.6362811724344889,0.5057510336240133,0.1323958206921816,5.497685156229053,-5.2857915807591915,-6.59433689088289,0.0,0.0
ES2003b,777,0.666113018989563,0.48691877722740173,0.3385298550128937,0.057118998219569526,0.018373242268959682,0.5040131111939748,0.5164211889108022,0.12786788990100226,5.0329639268084465,-5.304603220730402,-7.132264937634328,0.0,0.0
ES2003b,778,0.6200723449389139,0.43931708733240765,0.3070065180460612,0.053259522964557014,0.0132880670328935,0.657668670018514,0.530566930770874,0.0614481990536054,6.828878006860961,-4.524017400744373,-6.245734677698283,0.0,0.0
ES2003b,779,0.6241152286529541,0.5214259028434753,0.29785047968228656,0.05334757144252459,0.015976163558661938,0.7706409096717834,0.4929058353106181,0.31288068493207294,8.216449148268458,-5.692433082091241,-5.5723418369369755,0.0,0.0
ES2003b,780,0.5727484226226807,0.5076418916384379,0.45779821276664734,0.05761996780832609,0.01995178312063217,0.6750612358252207,0.44953928391138714,0.2592164104183515,6.188600690307436,-3.0671207396174602,-5.627124895459841,0.0,0.0
ES2003b,781,0.6556201577186584,0.5116536219914755,0.45144546031951904,0.05449357132116953,0.014379520279665789,0.8228930036226908,0.48328588406244916,0.02490257006138563,6.209224939780069,-2.8546755944293096,-7.049861673896301,0.0,0.0
ES2003b,782,0.6121987501780192,0.5219660798708597,0.3157501220703125,0.05437455947200457,0.015302393585443497,0.7662416696548462,0.49773521224657696,0.18201823035875955,5.937825870363711,-3.806055942750023,-6.1947206428079555,0.0,0.0
ES2003b,783,0.636769433816274,0.3717190424601237,0.4213305910428365,0.05279002587000529,0.01687698004146417,0.8304613828659058,0.4986218909422557,0.039541816959778466,7.236184364320377,-4.99616630298013,-6.458991552252809,0.0,0.0
ES2003b,784,0.5769782364368439,0.4204602837562561,0.39520061016082764,0.07321010405818622,0.025458381200830143,0.6273989280064901,0.4924482802549998,0.3659207324186961,6.2351987284229935,-4.624456947995309,-6.923545651536512,0.0,0.0
ES2003b,785,0.6315031250317892,0.5074341495831808,0.42551322778066,0.060927855471769966,0.018831809051334858,0.7216415206591288,0.41968173782030743,0.2274017035961151,7.029339913820078,-5.48461937490202,-6.911929013787649,0.0,0.0
ES2003b,786,0.6424511671066284,0.33643922209739685,0.4141613443692525,0.05177763104438782,0.010906156773368517,0.6081178983052572,0.5204968651135763,0.27732205515106517,6.923621451370619,-5.202120476859942,-7.134666475509106,0.0,0.0
ES2003b,787,0.6070487101872762,0.49070970217386883,0.34275022149086,0.05303428818782171,0.014762472671767076,0.8175124923388163,0.4892999430497487,0.07190993179877599,7.498322691447569,-5.831956426602075,-7.207298541871147,0.0,0.0
ES2003b,788,0.5510842601458231,0.3758460034926732,0.43088016907374066,0.05736079439520836,0.02213399236400922,0.7387861410776774,0.4441521465778351,0.1645389615247647,7.646547494383579,-5.865909258092536,-7.172276977332146,0.0,0.0
ES2003b,789,0.6415464480717977,0.5620471239089966,0.3738454580307007,0.05296367406845093,0.017928261930743854,0.7376292943954468,0.46394971013069153,0.1941402107477188,7.080027065282625,-5.402091355837449,-6.837551394763359,0.0,0.0
ES2003b,790,0.6204835573832194,0.46347923080126446,0.3852401375770569,0.05494417125980059,0.014593503127495447,0.6797787745793661,0.49827298521995544,0.3831566870212555,6.654458954450473,-3.2324011497023957,-7.259624603578378,0.0,0.0
ES2003b,791,0.602942705154419,0.42189841469128925,0.21637665728727976,0.05448331808050474,0.01684887520968914,0.518251895904541,0.4710182746251424,0.6838204662005106,6.107740760518072,-2.3069146817719197,-7.09009738255999,0.0,0.0
ES2003b,792,0.6808584332466125,0.44331743319829303,0.26673483351866406,0.05857134858767191,0.014530821703374386,0.5732873280843099,0.5264137585957845,0.2434204208354155,7.205813350713857,-5.7961022057228595,-6.201956752698076,0.0,0.0
ES2003b,793,0.6215377847353617,0.49141257007916767,0.2007177472114563,0.05329191808899244,0.013983897243936857,0.7231918772061666,0.45512934525807697,0.1239380647117893,5.988816321618594,-4.746616106010619,-6.455458266663618,0.0,0.0
ES2003b,794,0.6668286323547363,0.4001196523507436,0.2616464247306188,0.0574810765683651,0.016884739821155865,0.4325406849384308,0.5284861127535502,0.019058259204030037,6.5522060140146285,-5.0711236213651025,-6.090766034564527,0.0,0.0
ES2003b,795,0.6710777084032694,0.462086021900177,0.23917861779530844,0.05600509916742643,0.016585187055170536,0.45716773470242816,0.5190949738025665,0.12169059614340465,6.204395460640822,-4.389296731945765,-6.1874594953001845,0.0,0.0
ES2003b,796,0.6580174366633097,0.4842882653077443,0.263142466545105,0.05706821630398432,0.015578603371977806,0.3113706558942795,0.4555123746395111,0.08420322525004546,6.32508191073721,-5.662771072388304,-5.83813961921206,0.0,0.0
ES2003b,797,0.6968031128247579,0.4523055851459503,0.3603532711664836,0.05544722328583399,0.013355194280544916,0.3148799041906993,0.5179557104905447,0.043170622239510216,5.714720324204329,-6.51955326078011,-6.161626334312373,0.0,0.0
ES2003b,798,0.6864941318829855,0.4705797533194224,0.32957058648268384,0.055325749019781746,0.015002909116446972,0.3413723558187485,0.4601208468278249,0.08220696076750755,5.656080164405029,-6.653886101419329,-6.249426283820529,0.0,0.0
ES2003b,799,0.6302329500516256,0.48431984583536786,0.261320228377978,0.05101718629399935,0.013234928871194521,0.4110655387242635,0.5407897929350535,0.03240347094833851,6.691117180223228,-5.603913805349376,-6.1105971827792445,0.0,0.0
ES2003b,800,0.6436870892842611,0.5233864088853201,0.27058300872643787,0.04975239187479019,0.013140016235411167,0.6317397157351176,0.5538215637207031,0.18524095291892687,7.957644471457821,-5.956025088966142,-5.576873978557397,0.0,0.0
ES2003b,801,0.6525370081265768,0.5173990428447723,0.2486423154671987,0.05413304020961126,0.020473703121145565,0.5494451224803925,0.4911581377188365,0.2961578493316968,7.997237851325835,-5.913963631741548,-5.6443570322924375,0.0,0.0
ES2003b,802,0.6148667534192404,0.47423145174980164,0.3270741005738576,0.054818386832873024,0.016143758470813434,0.4401882787545522,0.5253369013468424,0.18471639168759188,8.231081544573714,-6.844348107557113,-5.455616878464103,0.0,0.0
ES2003b,803,0.680763045946757,0.5482499798138937,0.17811496059099832,0.056973119576772056,0.014504809863865376,0.296538308262825,0.5183915197849274,0.26001999775568646,9.06670538535912,-5.453051075905047,-5.869350674705341,0.0,0.0
ES2003b,804,0.6251227458318075,0.5317990779876709,0.2632320324579875,0.05917655552426974,0.01735550444573164,0.46959879994392395,0.4467332859834035,0.10061466197172801,8.768875322913814,-4.1827335108081325,-6.266757851467406,0.0,0.0
ES2003b,805,0.6029626131057739,0.4630969862143199,0.4314694106578827,0.07590806484222412,0.02587800348798434,0.5171819627285004,0.5861805180708567,0.24187427014112473,9.262015389692554,-5.412946947281422,-4.474960631591346,0.0,0.0
ES2003b,806,0.617557168006897,0.4710371295611064,0.22931785384813944,0.0642428162197272,0.020149533947308857,0.4988846778869629,0.5281980236371359,0.14745501428842545,11.476014792609648,-6.277953880601814,-3.1958828784897464,0.0,0.0
ES2003b,807,0.6290831764539083,0.5534416437149048,0.16224896411101022,0.06026602163910866,0.01861247606575489,0.6601521174112955,0.600931723912557,0.25680573284626007,11.167527331856974,-7.017425630359438,-4.20688824080982,0.0,0.0
ES2003b,808,0.5231992999712626,0.42442430059115094,0.2809044619401296,0.05749077846606573,0.015174467427035173,0.5045311748981476,0.5706160068511963,0.4643545150756836,11.090312076414008,-6.922662672965298,-6.134465679517693,0.0,0.0
ES2003b,809,0.5770098567008972,0.5314279794692993,0.2943618396917979,0.06232191746433576,0.019471976285179455,0.4928584198156993,0.5781564116477966,0.5217937529087067,11.180871006476814,-5.944221993231523,-5.281525344602815,0.0,0.0
ES2003b,810,0.5867918431758881,0.44207050402959186,0.2659040838479996,0.05538439999024073,0.023715267268319924,0.3480169822772344,0.5817957123120626,0.42756665498018265,10.497747388622644,-5.184531392019134,-5.795308423411914,0.0,0.0
ES2003b,811,0.5715581476688385,0.43342769145965576,0.4306676685810089,0.06369802479942639,0.027760761169095833,0.5501073698202769,0.5496363043785095,0.48032358288764954,9.595976578910628,-5.489826698201315,-5.708811777149749,0.0,0.0
ES2003b,812,0.5359938144683838,0.36738985776901245,0.339309886097908,0.05661636839310328,0.016704932165642578,0.5705733696619669,0.569535473982493,0.22755361100037894,9.153141595357715,-6.391205038641897,-5.593069518524672,0.0,0.0
ES2003b,813,0.546334445476532,0.5223868191242218,0.2538287788629532,0.0553381492694219,0.0211286215732495,0.5429052809874216,0.5933973789215088,0.44206566115220386,9.900863602163804,-7.580212834341634,-5.042272413986842,0.0,0.0
ES2003b,814,0.5961900552113851,0.5210227171579996,0.3247917592525482,0.05932846789558729,0.019157716383536656,0.6131693919499716,0.5562226176261902,0.4683673679828644,12.230171619171914,-7.7744241097534905,-4.38631920332842,0.0,0.0
ES2003b,815,0.6129870414733887,0.43145009875297546,0.25793758034706116,0.059341832995414734,0.017622997363408405,0.5378233095010122,0.6070913076400757,0.28775986780722934,11.707016896169668,-7.5426543145216085,-4.001264180879237,0.0,0.0
ES2003b,816,0.580408771832784,0.3889966110388438,0.4555687556664149,0.06636402383446693,0.028210185778637726,0.664496898651123,0.5677001178264618,0.358821589499712,9.19067028791171,-6.00835124478236,-4.684615835999803,0.0,0.0
ES2003b,817,0.6556386748949686,0.40727747480074566,0.4152856965859731,0.09115256244937579,0.04508318565785885,0.6254535516103109,0.4625474313894908,0.2654830453296502,5.763108820949615,-5.225423752622656,-6.8466290120650335,0.0,0.0
ES2003b,818,0.6493377685546875,0.45891769727071124,0.43371377885341644,0.0626800333460172,0.02662677938739459,0.64820530017217,0.4353693127632141,0.5741797387599945,4.225390869442304,-5.591960616591442,-6.576571932206307,0.0,0.0
ES2003b,819,0.5521778066953024,0.39203377564748126,0.42109017570813495,0.07053738956650098,0.020166466012597084,0.5691284338633219,0.47410130500793457,0.11225241298476855,4.351936739749198,-5.029261940447277,-7.293524195805482,0.0,0.0
ES2003b,820,0.5897997419039408,0.3173883706331253,0.4568672478199005,0.08754564945896466,0.03679132182151079,0.5233254333337148,0.3909112711747487,0.1123305894434452,5.824134942967983,-4.705306409781314,-6.8187981132332345,0.0,0.0
ES2003b,821,0.5171404878298441,0.2994852860768636,0.368382195631663,0.058049636582533516,0.020960440238316853,0.5390661756197611,0.40372000137964886,0.056603542839487396,5.401188268972209,-5.16966491884997,-6.796595339386006,0.0,0.0
ES2003b,822,0.54267418384552,0.3684813777605693,0.42426326870918274,0.06408871834476788,0.025035410498579342,0.41746829946835834,0.43800874551137287,0.06712270559122165,5.730717414085876,-4.79624212457529,-6.621040470266601,0.0,0.0
ES2003b,823,0.6225219170252482,0.3479994237422943,0.3385138312975566,0.07474004725615184,0.04267123031119505,0.39443586270014447,0.48721036314964294,0.0995418094098568,5.116723584839643,-4.508408223437213,-6.6038974870696,0.0,0.0
ES2003b,824,0.6349155704180399,0.4202253619829814,0.36852213740348816,0.05884440988302231,0.03253842952350775,0.43624300758043927,0.5137947698434194,0.12632744759321213,5.107799837314599,-4.1983523877493125,-7.330611140334523,0.0,0.0
ES2003b,825,0.572659413019816,0.41262001792589825,0.44343186418215436,0.05275501559178034,0.030226850882172585,0.6427143216133118,0.5218285123507181,0.06408947954575221,5.608640885395455,-4.460562857959768,-6.917216090113595,0.0,0.0
ES2003b,826,0.7829193472862244,0.7182373603185018,0.28297869364420575,0.04661255329847336,0.014193907380104065,0.28808897236982983,0.47197439273198444,0.07628040015697479,2.793066863702773,1.3452868550519577,-2.4303989462552797,0.0,0.0
ES2003b,827,0.8032235105832418,0.7987001339594523,0.23555572827657065,0.04520093152920405,0.012324193802972635,0.2699976811806361,0.5252796014149984,0.19016090532143912,3.0748571770542092,1.0608694688981706,-2.452726355686337,0.0,0.0
ES2003b,828,0.797614852587382,0.7616822918256124,0.18623567124207815,0.046773924181858696,0.011430112334589163,0.15998742481072745,0.4989788730939229,0.1882862647374471,2.8814598336748296,1.3213551588621333,-3.0668130227223247,0.0,0.0
ES2003b,829,0.7690425117810568,0.6662790973981222,0.3293139586846034,0.04324995850523313,0.012882312449316183,0.2908885180950165,0.48142990469932556,0.3092806438604991,2.8290929354369685,-0.5442019946843474,-4.06264268022022,0.0,0.0
ES2003b,830,0.5292752583821615,0.49833597739537555,0.135854442914327,0.027043281743923824,0.008809222529331842,0.2142821898063024,0.3014633854230245,0.1820271114508311,2.6386364796109767,-1.91771268137214,-3.1370118545879415,0.0,0.0
ES2003b,831,0.3442855477333069,0.19956055283546448,0.33374635378519696,0.05442914366722107,0.03216869756579399,0.23697971304257712,0.20424160361289978,0.19964400430520376,10.213788938248642,-5.3044573603996,-11.616392650297698,0.0,0.0
ES2003b,832,0.6156406402587891,0.37538647651672363,0.4478551149368286,0.07976046204566956,0.03285416215658188,0.35814475019772846,0.37347554167111713,0.3669907550017039,19.361287655827216,-6.806291054583937,-17.69924315780101,0.0,0.0
ES2003b,833,0.5581205487251282,0.3455213705698649,0.5237818956375122,0.08782631903886795,0.029573968301216762,0.3311496128638585,0.3480789065361023,0.23755671083927155,18.61875574579525,-7.19050962655803,-17.505711890457857,0.0,0.0
ES2003b,834,0.6552164355913798,0.364200492699941,0.39076725641886395,0.11081198354562123,0.029526854554812115,0.444362074136734,0.3912229835987091,0.06725478917360306,19.02993217380073,-7.998750639416246,-16.78587935781275,0.0,0.0
ES2003b,835,0.5399335821469625,0.3276000916957855,0.47252487142880756,0.09619833032290141,0.027389409641424816,0.4189947446187337,0.37302905321121216,0.25037410482764244,18.052470815705515,-9.924715963289044,-23.64134146084159,0.0,0.0
ES2003b,836,0.27809418241182965,0.16268121699492136,0.18585466345151266,0.07767066359519958,0.062076506515343986,0.22529647747675577,0.24797998865445456,0.16901967426141104,12.61846011448585,-10.422140872538446,-21.77430498929937,0.0,0.0
ES2003b,837,0.28502365946769714,0.12494177122910817,0.40797611077626544,0.04574508840839068,0.02455909239749114,0.41417962312698364,0.223287562529246,0.5539337992668152,6.558556036598445,-8.227356993154013,-8.549873316957422,0.0,0.0
ES2003b,838,0.4485570689042409,0.2215492477019628,0.6212895313898722,0.04871841395894686,0.03993241240580877,0.4555276830991109,0.4368073642253876,0.48006632924079895,2.614880761016947,-10.065382170191725,-11.953348427958986,0.0,0.0
ES2003b,839,0.4082445402940114,0.2209670121471087,0.5434869329134623,0.0876799797018369,0.032661554093162216,0.4678172171115875,0.44983722766240436,0.4307697316010793,8.934116281884606,-12.00878934129893,-17.558525142516586,0.0,0.0
ES2003b,840,0.46295323967933655,0.2011382927497228,0.37359238664309186,0.06963040058811505,0.036753433446089424,0.5055872996648153,0.4118920663992564,0.21371183296044668,9.422174181484037,-14.371734651824701,-15.005205205598793,0.0,0.0
ES2003b,841,0.49176572759946185,0.24995396534601846,0.6155520578225454,0.058468429992596306,0.0336920985331138,0.28432897726694745,0.40784480174382526,0.3109106346964836,6.446113994313779,-12.050251537339143,-8.90686855457431,0.0,0.0
ES2003b,842,0.6587189237276713,0.35115190347035724,0.3613368074099223,0.053021459529797234,0.017687635806699593,0.7179214358329773,0.4771437446276347,0.11165112877885501,7.210242881139442,-5.370814303736959,-5.21234857380211,0.0,0.0
ES2003b,843,0.6413942376772562,0.32778793573379517,0.3003558615843455,0.051330103228489556,0.01956480337927739,0.48412997523943585,0.4673556387424469,0.23027736398701867,5.2812765344053565,-4.807783270819614,-6.08148438445556,0.0,0.0
ES2003b,844,0.5711084306240082,0.38969894250233966,0.30361882348855335,0.0598418302834034,0.01667066477239132,0.541232963403066,0.44766659537951153,0.5320258239905039,5.532865468158467,-6.187873688855368,-4.291438357942119,0.0,0.0
ES2003b,845,0.6397636731465658,0.4374767442544301,0.5545624494552612,0.03756393243869146,0.022122660651803017,0.230946051577727,0.3368232349554698,0.6748725573221842,3.9423847432374513,-9.043703518149817,-5.012738714738748,0.0,0.0
ES2003b,846,0.562322715918223,0.41449666023254395,0.5719351271788279,0.03776003544529279,0.018412037752568722,0.21526173750559488,0.336408128341039,0.6510659356911978,4.345118406656635,-9.727561182358643,-4.894303531629912,0.0,0.0
ES2003b,847,0.5896950165430704,0.5125738879044851,0.5778390467166901,0.040455891440312065,0.019873420397440594,0.30693744619687396,0.2929734190305074,0.4302417238553365,4.898097733196962,-9.572035013421477,-4.656371179682808,0.0,0.0
ES2003b,848,0.6122028032938639,0.5575850407282511,0.5080186227957407,0.046491642793019615,0.030825954551498096,0.29416773716608685,0.28801530599594116,0.4887124300003052,5.6683345048232665,-9.740688572978888,-4.58135522514895,0.0,0.0
ES2003b,849,0.6499257286389669,0.6335861484209696,0.5053582986195883,0.038879637916882835,0.02197543780008952,0.2961949308713277,0.33802401026089984,0.5399473408857981,4.354617750860905,-8.164735952961585,-7.14882237666259,0.0,0.0
ES2003b,850,0.6420032779375712,0.47837695479393005,0.4930681188901265,0.038632992655038834,0.018521087244153023,0.3659289826949437,0.3805630107720693,0.5417654166618983,3.370355547197088,-7.934577608595716,-7.556978538684558,0.0,0.0
ES2003b,851,0.611054261525472,0.5296396513779958,0.33426811297734577,0.03737135728200277,0.021729211633404095,0.4472271998723348,0.31702760855356854,0.4384286155303319,3.02639544105107,-7.003025115599999,-8.036149266439521,0.0,0.0
ES2003b,852,0.6393356323242188,0.5991536776224772,0.35920222103595734,0.037175738563140236,0.017065362073481083,0.35973886648813885,0.3682178159554799,0.7819188038508097,4.361564210775712,-6.966357784335268,-6.793107120223557,0.0,0.0
ES2003b,853,0.5733770926793417,0.4613932967185974,0.4405013918876648,0.03656075025598208,0.01733644555012385,0.39111438393592834,0.3104449510574341,0.43448178594311077,4.059791988736285,-6.6775545958782745,-5.472227981991232,0.0,0.0
ES2003b,854,0.492325355609258,0.39682841797669727,0.33521204193433124,0.04431199034055074,0.02368554224570592,0.27961815893650055,0.3063279290994008,0.18234039967258772,1.8662718553454418,-9.14659560282192,-8.234896947860781,0.0,0.0
ES2003b,855,0.44203431407610577,0.24238945047060648,0.4450265367825826,0.054859512796004616,0.02921511170764764,0.2662938634554545,0.31604687372843426,0.4103966106971105,0.7822538722850391,-12.070547430552294,-7.931600965104033,0.0,0.0
ES2003b,856,0.47948328653971356,0.3429860721031825,0.4357721507549286,0.04700723538796107,0.030675097058216732,0.325896884004275,0.305838406085968,0.49316804607709247,2.166456441662721,-9.794067927961393,-10.087590417927231,0.0,0.0
ES2003b,857,0.43279258410135907,0.30811087290445965,0.47553567091623944,0.0519092691441377,0.04005224940677484,0.5366508563359579,0.4015137354532878,0.4357262949148814,4.965120091439505,-10.006383758024835,-12.241038280298953,0.0,0.0
ES2003b,858,0.4742826422055562,0.18040860692660013,0.5709581871827444,0.09271188080310822,0.01713372766971588,0.6030188699563345,0.5318394800027212,0.14352456604441008,-4.7609535703832515,22.153658744227865,-8.212607658034306,0.0,0.0
ES2003b,859,0.48910287022590637,0.1731300801038742,0.6352390646934509,0.09049640347560246,0.014095862085620562,0.503246525923411,0.528345783551534,0.2047188604871432,-3.2204176525667862,21.194923078388598,-7.081357405033432,0.0,0.0
ES2003b,860,0.4200456440448761,0.32914785544077557,0.4339495201905568,0.05640764286120733,0.034064725041389465,0.27078943451245624,0.3486806849638621,0.9052840272585551,2.347078085915222,-9.678962373204717,-11.770068851892518,0.0,0.0
ES2003b,861,0.45839016636212665,0.26020247240861255,0.526309867699941,0.05703518415490786,0.04852756609519323,0.3000132242838542,0.3362192710240682,0.9391791423161825,2.5390599193225953,-8.905961507824804,-12.707404792021885,0.0,0.0
ES2003b,862,0.3541543483734131,0.23966214060783386,0.38217581808567047,0.05155416205525398,0.029024804010987282,0.36032863954703015,0.36943280696868896,0.736375610033671,4.62743367930575,-13.84266207837036,-5.585556745821009,0.0,0.0
ES2003b,863,0.3690919876098633,0.24668865899244943,0.530974268913269,0.05944140131274859,0.024119567746917408,0.500755618015925,0.3183988233407338,0.8006587028503418,3.118559561365996,-13.639721771233232,-6.236820022781791,0.0,0.0
ES2003b,864,0.4048921962579091,0.19193126261234283,0.4771849612394969,0.05650328720609347,0.021121079723040264,0.3283691654602687,0.28913448254267377,0.8561230897903442,2.2831999158022174,-13.469112775704469,-6.071359081838845,0.0,0.0
ES2003b,865,0.34199512998263043,0.166718989610672,0.4872906605402629,0.045814460764328636,0.015360565235217413,0.464570273955663,0.38198264439900714,0.7189283569653829,2.1675554739365004,-13.029010142450126,-6.115761228554423,0.0,0.0
ES2003b,866,0.3554326097170512,0.24047324558099112,0.48840203881263733,0.04548614596327146,0.014366032555699348,0.32271889845530194,0.3455305794874827,0.4548887511094411,2.0558189834612404,-13.250882299140278,-6.183970589902884,0.0,0.0
ES2003b,867,0.3705802361170451,0.2252705196539561,0.36102428038914997,0.04787502934535345,0.019682374472419422,0.4300604959328969,0.34671809275945026,0.585602323214213,2.676928701607587,-13.513381977719689,-5.817275131648578,0.0,0.0
ES2003b,868,0.31979145606358844,0.28303992251555127,0.37154388427734375,0.05348010857899984,0.022716058418154716,0.4657176037629445,0.2687951475381851,0.11800389364361763,2.7967989053731355,-12.709851945010257,-5.7890124393308335,0.0,0.0
ES2003b,869,0.4978353977203369,0.27980109055836994,0.6081787745157877,0.05532048394282659,0.03146494862933954,0.34852181871732074,0.3785226841767629,0.8551355997721354,3.3883161157784545,-7.471009466686063,-13.05372239974101,0.0,0.0
ES2003b,870,0.43981848160425824,0.2870204697052638,0.5633556246757507,0.049130005141099296,0.03146445440749327,0.39017341534296673,0.4085267384847005,0.8687637249628702,2.143928113273746,-8.109153848513708,-16.216461134309274,0.0,0.0
ES2003b,871,0.5735308726628622,0.38142996033032733,0.5307297905286154,0.06892710427443187,0.032829650988181434,0.5871781508127848,0.44734243551890057,0.7304985523223877,0.9475423779547727,-8.279120492289765,-13.458439497202619,0.0,0.0
ES2003b,872,0.5078073541323344,0.2959797531366348,0.5361046195030212,0.05994224672516187,0.03047829990585645,0.5701325535774231,0.4359525640805562,0.7611376245816549,1.659442570012594,-8.850995330492884,-14.569525551656325,0.0,0.0
ES2003b,873,0.491081843773524,0.3418615758419037,0.4782145023345947,0.05607971300681432,0.03902381782730421,0.39708296457926434,0.4069165786107381,0.8061176339785258,1.7655894481269996,-8.822622105780441,-14.657729250307804,0.0,0.0
ES2003b,874,0.44321011503537494,0.19493034978707632,0.4884011149406433,0.04762217402458191,0.03073771980901559,0.36891480286916095,0.3527779281139374,0.6787081360816956,1.8450108888561463,-9.880976096020959,-13.882575555904571,0.0,0.0
ES2003b,875,0.42063255111376446,0.29218058784802753,0.5615189174811045,0.05076552058259646,0.0331387867530187,0.4238014916578929,0.4613833427429199,0.33185656865437824,1.9734014600853682,-9.25224011865875,-12.571817559238852,0.0,0.0
ES2003b,876,0.49990375836690265,0.19356109201908112,0.47995475431283313,0.10828583687543869,0.02351733110845089,0.33713501195112866,0.4637921055157979,0.37611325830221176,-1.3050346039460996,27.829874239156577,0.15057536449847375,0.0,0.0
ES2003b,877,0.47489837805430096,0.29291895031929016,0.2563979576031367,0.0872230405608813,0.010152923874557018,0.3962566355864207,0.49872881174087524,0.6421123147010803,0.9030464365172467,15.395689518775214,-2.1462613038119764,0.0,0.0
ES2003b,878,0.5513623555501302,0.2643310676018397,0.3150821005304654,0.08994554976622264,0.01359587162733078,0.3322339355945587,0.5230312248071035,0.7455907662709554,-0.8808217563003223,13.573940821913048,-2.451330512108784,0.0,0.0
ES2003b,879,0.6053310434023539,0.34350735942522687,0.1872983972231547,0.0903865322470665,0.017099165357649326,0.3427058557669322,0.5304524103800455,0.8079050580660502,-0.021375381974025096,11.735924260565284,-0.9068407016828416,0.0,0.0
ES2003b,880,0.5240321457386017,0.34559346238772076,0.2573658376932144,0.08699409166971843,0.012928678964575132,0.39365331331888836,0.5481157302856445,0.7992281913757324,-0.027722388986484797,12.35958270018613,-0.7727422387958706,0.0,0.0
ES2003b,881,0.5272776285807291,0.32649096846580505,0.2144959568977356,0.08395176380872726,0.010937104932963848,0.285522922873497,0.5540262460708618,0.8650213479995728,-0.17258575545872978,13.293874416758984,-0.7215648728388359,0.0,0.0
ES2003b,882,0.5119367043177286,0.3220865527788798,0.20883795619010925,0.08378441383441289,0.011656837848325571,0.2781405796607335,0.467591514190038,0.8886622190475464,0.1264903155466777,13.286528436882326,-0.8300585720028617,0.0,0.0
ES2003b,883,0.4289454718430837,0.3052407205104828,0.20445183416207632,0.08492949604988098,0.010398184570173422,0.23197432359059653,0.4379863440990448,0.9077126979827881,0.3848395076731803,13.813210782066749,-0.8757835131041146,0.0,0.0
ES2003b,884,0.4822153647740682,0.3673125207424164,0.2374862233797709,0.07878304769595464,0.010262438716987768,0.3084105948607127,0.46661441524823505,0.7820558349291483,0.2609052769736846,12.982185008163817,0.3101565827303851,0.0,0.0
ES2003b,885,0.4935154914855957,0.36428625384966534,0.22623756527900696,0.07893341034650803,0.011398245580494404,0.31396137674649555,0.49285392959912616,0.6328748365243276,0.6551983147326053,12.225826809137113,1.9394041190929212,0.0,0.0
ES2003b,886,0.49001777172088623,0.36207787195841473,0.1767831693092982,0.0790357490380605,0.012149693133930365,0.3612428257862727,0.5048331717650095,0.5932435592015585,1.1333986014806599,11.619141045065433,2.27407777114655,0.0,0.0
ES2003b,887,0.5232787827650706,0.3434975743293762,0.20761736730734506,0.07857911040385564,0.01192427147179842,0.3189178208510081,0.5315655668576559,0.43128369251887005,1.9623422911561346,11.981308310909206,2.1149596177306242,0.0,0.0
ES2003b,888,0.5874778230985006,0.40918710827827454,0.1665381540854772,0.07223386690020561,0.010376931789020697,0.21680543820063272,0.5210451384385427,0.5783722003300985,2.747271188212835,12.130965028286363,1.9617039313012865,0.0,0.0
ES2003b,889,0.4653337200482686,0.3695339858531952,0.1739301234483719,0.07870951543251674,0.010831437384088835,0.3395257790883382,0.49303213755289715,0.8082742889722189,2.7672571194615423,12.908636632433108,1.5697004204730816,0.0,0.0
ES2003b,890,0.5183123747507731,0.37607627113660175,0.08521410326162975,0.07728623102108638,0.011004430241882801,0.24931950370470682,0.4497919976711273,0.5567865471045176,2.760783220133631,13.425016967356845,1.8663353152431916,0.0,0.0
ES2003b,891,0.5191815197467804,0.38881460825602215,0.11963129788637161,0.07783085852861404,0.010087330515185991,0.30778247117996216,0.4577275613943736,0.5003952383995056,3.226196114881002,13.545483687901621,1.6143124917946168,0.0,0.0
ES2003b,892,0.5302499532699585,0.38640745480855304,0.10250101238489151,0.07523830235004425,0.009354136263330778,0.2498589207728704,0.4700704614321391,0.3410358925660451,3.372522957577083,12.05548906287825,1.6474338080372564,0.0,0.0
ES2003b,893,0.5714024404684702,0.32243765393892926,0.15501114974419275,0.08052738507588704,0.007891733044137558,0.2966149648030599,0.4940328498681386,0.3415894955396652,3.9960606968885615,11.778833454629236,2.4980148609905393,0.0,0.0
ES2003b,894,0.43192575375239056,0.23434755702813467,0.3840019901593526,0.03658227498332659,0.02494215965270996,0.3603889544804891,0.3320692678292592,0.21767016872763634,1.8865661728418395,-10.518537734348628,-11.17893630885773,0.0,0.0
ES2003b,895,0.40471164385477704,0.23494452238082886,0.42460543910662335,0.043055826177199684,0.032585631435116134,0.542321652173996,0.4016788601875305,0.25770176108926535,3.0042211423177148,-9.963636053679473,-10.704148724330574,0.0,0.0
ES2003b,896,0.44131099184354144,0.2927299241224925,0.3464494397242864,0.04136403029163679,0.03099495793382327,0.4893938700358073,0.3751162389914195,0.16172040502230325,2.3375565948547607,-9.73086411699621,-10.895836363786065,0.0,0.0
ES2003b,897,0.36631308992703754,0.2689371059338252,0.40290628870328266,0.04071363806724548,0.029312292113900185,0.5081603129704794,0.40631837646166485,0.06539377011358738,1.9887416482519245,-9.29621736127406,-10.743669414683714,0.0,0.0
ES2003b,898,0.46491629878679913,0.246263787150383,0.5015133420626322,0.04341506709655126,0.030493208517630894,0.4439992904663086,0.38625605901082355,0.28620972732702893,2.699274233502745,-9.450315199995009,-10.641544468894041,0.0,0.0
ES2003b,899,0.43535303076108295,0.2337992936372757,0.367605060338974,0.039562128484249115,0.03414244701464971,0.3917648196220398,0.3891049921512604,0.34624964619676274,2.4887407813124884,-9.05711002823387,-11.904642102712351,0.0,0.0
ES2003b,900,0.40427475174268085,0.21177349984645844,0.4491506020228068,0.03913512329260508,0.04322062929471334,0.3635883132616679,0.4020913938681285,0.5213460226853689,1.4500976776700183,-9.426864971959724,-11.858067397945149,0.0,0.0
ES2003b,901,0.41362794240315753,0.3006380299727122,0.46617735425631207,0.037233807146549225,0.032189548636476197,0.28765228390693665,0.3944557805856069,0.44076594710350037,-0.21787437569271098,-9.507256662085382,-12.139745243573367,0.0,0.0
ES2003b,902,0.47248761852582294,0.2972935338815053,0.48241491119066876,0.04796380798021952,0.03418060392141342,0.4068276782830556,0.46864726146062213,0.11512214814623196,2.4915734981127367,-9.14296537348932,-10.93145210973613,0.0,0.0
ES2003b,903,0.4190636972586314,0.3145415584246318,0.40535136063893634,0.04714287196596464,0.035108380019664764,0.5221422215302786,0.3983952800432841,0.2267770692706108,3.140573752367725,-9.386655767194624,-11.149256041193366,0.0,0.0
ES2003b,904,0.5028304060300192,0.3424425820509593,0.4937083423137665,0.044211916625499725,0.02854644072552522,0.40429428219795227,0.4080203175544739,0.09200489272673924,1.7096425693080317,-9.202694319886348,-11.361406552812653,0.0,0.0
ES2003b,905,0.5335246721903483,0.19223836561044058,0.5707704822222391,0.08635662496089935,0.029726617659131687,0.37700865666071576,0.32735226551691693,0.8221505085627238,2.4178871195582965,25.968980077888475,5.437109755838051,0.0,0.0
ES2003b,906,0.5023127396901449,0.20232599476973215,0.5837723513444265,0.09515219430128734,0.04209981362024943,0.4058342178662618,0.34449459115664166,0.9936687350273132,5.096556941962796,23.725971230357874,5.090019167713332,0.0,0.0
ES2003b,907,0.5855385661125183,0.46663224697113037,0.46231324474016827,0.059028582026561104,0.02169930376112461,0.38148757815361023,0.3660637338956197,0.4138425389925639,1.2644644868938857,-7.8713090342042795,-12.334783168674031,0.0,0.0
ES2003b,908,0.4719094435373942,0.42009594043095905,0.41980912288029987,0.06368906423449516,0.025154266506433487,0.4417371650536855,0.4224271972974141,0.4801945586999257,0.36411272276438233,-7.123969845420421,-12.166487764983367,0.0,0.0
ES2003b,909,0.4416693051656087,0.4276968240737915,0.5322089095910391,0.05739620327949524,0.029990330959359806,0.4987789988517761,0.4465571343898773,0.31199902792771655,-0.14823042423395894,-7.391684762444226,-12.030076785174813,0.0,0.0
ES2003b,910,0.525905708471934,0.4272390902042389,0.5036417245864868,0.06228884682059288,0.024466602752606075,0.4601043164730072,0.4522154629230499,0.42860864847898483,-0.2525814538518078,-7.634570438152509,-11.697718831460213,0.0,0.0
ES2003b,911,0.4351155459880829,0.36834750572840375,0.46367980043093365,0.05134813239177068,0.025175002713998158,0.5458491841952006,0.45760037501653034,0.30872148151199025,-0.07391255496474443,-7.66754841918786,-9.966211749031652,0.0,0.0
ES2003b,912,0.4136835237344106,0.38180700937906903,0.5635794103145599,0.04954170684019724,0.023882620657483738,0.5606813232103983,0.42184095581372577,0.26201432446638745,-0.5299181060058383,-7.495615543564782,-10.346872847292623,0.0,0.0
ES2003b,913,0.45720409353574115,0.30913447837034863,0.47933221856753033,0.0489975760380427,0.022749163831273716,0.43492475152015686,0.43643321593602497,0.2885885275900364,-0.20038794701577892,-7.157444612715852,-10.665870437640987,0.0,0.0
ES2003b,914,0.42391277352968854,0.305734525124232,0.5088215172290802,0.04899659380316734,0.02543439281483491,0.45457657178243,0.5044656495253245,0.11870359256863594,-0.1445486181134835,-7.135284618342662,-10.904798893374272,0.0,0.0
ES2003b,915,0.4476308921972911,0.2795569946368535,0.5546918511390686,0.04529246191183726,0.022347016260027885,0.4705270727475484,0.47112199664115906,0.0928158862516284,-0.4796842091069347,-7.135134657205085,-11.017302392018395,0.0,0.0
ES2003b,916,0.45921051502227783,0.33872348070144653,0.48087888956069946,0.04433662568529447,0.01939317708214124,0.4782662292321523,0.3867953320344289,0.23482365161180496,-1.3606859545533159,-6.427646445424867,-10.374464653454185,0.0,0.0
ES2003b,917,0.4033927222092946,0.4271881381670634,0.42690473794937134,0.04726471876104673,0.024186300113797188,0.5766591429710388,0.44034592310587567,0.23427278300126395,-2.463397421819083,-7.7682147348518145,-9.505460454144773,0.0,0.0
ES2003b,918,0.4436115324497223,0.4272868533929189,0.5070984959602356,0.05045867835481962,0.02496512234210968,0.5129674772421519,0.3630061944325765,0.10287312977015972,-2.446765229036977,-7.705510275351732,-9.506381334726449,0.0,0.0
ES2003b,919,0.4487375815709432,0.31110068658987683,0.5776524941126505,0.05127108097076416,0.03101951504747073,0.3612638662258784,0.5009401539961497,0.05209586303681135,-2.3890376920085425,-8.549705496522785,-10.25093990715999,0.0,0.0
ES2003b,920,0.43634815017382306,0.35192255179087323,0.42842591802279156,0.04671304548780123,0.02168601130445798,0.4257024625937144,0.47809722026189166,0.03100869447613756,-2.9698557833249963,-8.509559341608702,-10.762806868929621,0.0,0.0
ES2003b,921,0.4586637616157532,0.34529433647791546,0.5061368544896444,0.05106290554006895,0.023024485136071842,0.4417150020599365,0.4937027295430501,0.04118517475823561,-2.4248071747397475,-8.391756440921254,-9.831178011353344,0.0,0.0
ES2003b,922,0.43218766649564105,0.32151029507319134,0.5253984232743582,0.050964757800102234,0.026669110481937725,0.5616813600063324,0.49776871005694073,0.19164555271466574,-1.1398743399749696,-8.332130855173865,-10.518121939279874,0.0,0.0
ES2003b,923,0.6469525893529257,0.5239116350809733,0.3898498018582662,0.06530121341347694,0.030531110242009163,0.3961126406987508,0.395778626203537,0.38114288697640103,4.815688256024664,-6.392765515668418,-6.131942326791896,0.0,0.0
ES2003b,924,0.5206102232138315,0.31866954267024994,0.5085044701894125,0.06123556693394979,0.03248737007379532,0.2841394493977229,0.3779322604338328,0.3635949989159902,6.0829935109830195,-9.253415859532607,-4.753087330635842,0.0,0.0
ES2003b,925,0.5495396057764689,0.3415471017360687,0.5224923491477966,0.09576372553904851,0.04611540213227272,0.42530373732248944,0.34616825977961224,0.5308345953623453,9.28394042296509,-13.190448535839423,-4.6692620859762,0.0,0.0
ES2003b,926,0.5297771592934927,0.34410467247168225,0.5594897568225861,0.09649794052044551,0.044230555494626365,0.29077040155728656,0.31686190764109295,0.44533607612053555,9.623061461182134,-12.51860358050085,-6.775841295034216,0.0,0.0
ES2003b,927,0.5485382080078125,0.2383106698592504,0.6087042490641276,0.07518649722139041,0.0430123507976532,0.5016535222530365,0.31672536333401996,0.3040684362252553,8.117342106387488,-11.50136917431915,-7.560869126026958,0.0,0.0
ES2003b,928,0.5433052877585093,0.2729479521512985,0.6062484582265218,0.06305656830469768,0.0329507440328598,0.34074663122495014,0.33979275822639465,0.4797445833683014,7.345757705477005,-11.731531055978444,-7.4360988970368735,0.0,0.0
ES2003b,929,0.5518746773401896,0.28068990508715314,0.6471833984057108,0.050251384576161705,0.023750029504299164,0.4185276726881663,0.3418954312801361,0.12330338110526402,4.966340438898325,-10.84934261697524,-7.384303485348592,0.0,0.0
ES2003b,930,0.5384731888771057,0.32147396604220074,0.5702990293502808,0.044298591713110604,0.021033936490615208,0.3909015953540802,0.35381706555684406,0.3745778699715932,3.2467449658883027,-10.303048962510482,-7.821637536638455,0.0,0.0
ES2003b,931,0.5317052106062571,0.3833513855934143,0.5932797392209371,0.043003976345062256,0.019628559549649555,0.3661702275276184,0.3607328236103058,0.4568796356519063,4.338109984075213,-9.146111256796283,-7.873352338288382,0.0,0.0
ES2003b,932,0.6256496906280518,0.4978177646795909,0.4799555738766988,0.044922102242708206,0.019833611324429512,0.45567267139752704,0.3686985671520233,0.3080934037764867,4.2797924442546105,-7.953768856133384,-9.031060639682995,0.0,0.0
ES2003b,933,0.5694413383801779,0.3697393039862315,0.47648512323697406,0.04636531323194504,0.029544568620622158,0.5246950685977936,0.4012749095757802,0.5427089470128218,4.0516686824638475,-7.946410204555377,-11.007143005141751,0.0,0.0
ES2003b,934,0.5702206691106161,0.36281663179397583,0.5851839780807495,0.05303190151850382,0.028162802880009014,0.4672272304693858,0.4128598670164744,0.4974359522263209,4.932253686609507,-8.561799079118869,-11.07001705884356,0.0,0.0
ES2003b,935,0.5853887796401978,0.45809144775072735,0.5468230446179708,0.049348061283429466,0.02255469063917796,0.48489352067311603,0.41514333089192706,0.3312477469444275,3.6502790471703577,-8.094395218791876,-10.771058477612192,0.0,0.0
ES2003b,936,0.6145040392875671,0.46045197049776715,0.5486620366573334,0.051698061327139534,0.02371925177673499,0.37208003799120587,0.40459494789441425,0.36691783368587494,3.829111270318588,-8.455159292452644,-12.71161392601825,0.0,0.0
ES2003b,937,0.6586128075917562,0.43819660941759747,0.5773523449897766,0.050792038440704346,0.01928985056777795,0.4246833473443985,0.40946222345034283,0.4285903175671895,3.1800450385133257,-8.310603374344634,-13.068111794999508,0.0,0.0
ES2003b,938,0.537835439046224,0.3294364313284556,0.5615849494934082,0.05636550858616829,0.024520179877678554,0.3726489047209422,0.45389749606450397,0.16008760780096054,2.7319691475709647,-8.33120748290199,-11.715795996000487,0.0,0.0
ES2003b,939,0.5055134197076162,0.32017778356870014,0.3342694739500682,0.04422655080755552,0.026587963725129764,0.4838813046614329,0.42003671328226727,0.2100540262957414,1.425408291751588,-6.933510481690482,-10.386012994148603,0.0,0.0
ES2003b,940,0.4506723682085673,0.3527841468652089,0.4653249979019165,0.052561538914839424,0.03004007910688718,0.39367733399073285,0.4032609760761261,0.5200502425432205,3.4864435414929225,-8.38302193639877,-11.753639246031298,0.0,0.0
ES2003b,941,0.45557084679603577,0.33361759781837463,0.46930622061093646,0.0458625095585982,0.03681957473357519,0.31238817671934765,0.3839118182659149,0.6491348743438721,4.78664942922455,-9.347923494100904,-13.694034542965047,0.0,0.0
ES2003b,942,0.5563601652781168,0.495113343000412,0.4311412076155345,0.05542993421355883,0.04045090079307556,0.47786369919776917,0.3905746638774872,0.8406399488449097,5.515329670371038,-8.735801550126883,-12.7356262417985,0.0,0.0
ES2003b,943,0.6603398521741232,0.5682414472103119,0.3385938306649526,0.06751501560211182,0.04172315386434396,0.5238494773705801,0.4505576392014821,0.6841921905676523,5.14924481769425,-8.731574336057541,-13.328050993320588,0.0,0.0
ES2003b,944,0.6051220496495565,0.46992077430089313,0.4526429971059163,0.053059676041205726,0.025440459450085957,0.4041781425476074,0.3774086634318034,0.5843929350376129,3.736321248639579,-9.308564700773248,-13.846644325807011,0.0,0.0
ES2003b,945,0.5903592308362325,0.3798505465189616,0.3853527754545212,0.06369907781481743,0.03576510834197203,0.44288983941078186,0.4138499399026235,0.5798600763082504,6.042635547346273,-7.442881752434342,-13.51766603235287,0.0,0.0
ES2003b,946,0.4597870707511902,0.21042232712109885,0.45398565133412677,0.06725897391637166,0.0332118384540081,0.22413276135921478,0.40017469724019367,0.42493885119135183,7.954034761508086,-9.184206578085998,-14.312779072834969,0.0,0.0
ES2003b,947,0.6181835532188416,0.435938556989034,0.5694727102915446,0.07993090152740479,0.03041531207660834,0.22862920661767325,0.37642280260721844,0.36243679467588663,5.007029386445219,-9.022220038333971,-7.9353381207254765,0.0,0.0
ES2003b,948,0.6162452499071757,0.3936716814835866,0.4686089555422465,0.058213486025730767,0.02770407497882843,0.432841494679451,0.3514537215232849,0.47498758882284164,3.6106194424172044,-9.749108342929313,-10.790809949025814,0.0,0.0
ES2003b,949,0.48943902055422467,0.29851004481315613,0.3846140106519063,0.06027544910709063,0.030986597140630085,0.5100176930427551,0.4074093798796336,0.5019810299078623,7.7029300465182615,-11.130353770099143,-17.1057501823546,0.0,0.0
ES2003b,950,0.6963133017222086,0.49268758793671924,0.3290128509203593,0.052177175879478455,0.022598068850735824,0.43624793489774066,0.47804297010103863,0.05616422307988008,4.707315292001599,-4.251650129402301,-7.365038222998645,0.0,0.0
ES2003b,951,0.6054675976435343,0.4384230226278305,0.4328441967566808,0.03950456902384758,0.030034789194663365,0.274655560652415,0.37128545840581256,0.24568024898568788,0.6056203326870189,-6.690008090835261,-6.908174675741061,0.0,0.0
ES2003b,952,0.46516316135724384,0.1717123637596766,0.5441802144050598,0.0390344113111496,0.036480773240327835,0.30172228813171387,0.3723331888516744,0.17868482942382494,1.931448448834536,-11.629905222734417,-10.96570120520728,0.0,0.0
ES2003b,953,0.4929230511188507,0.28713083267211914,0.5548859536647797,0.046287251015504204,0.03424745363493761,0.4392976760864258,0.39961307247479755,0.060868614353239536,2.9581335815993817,-10.688446198333255,-6.653149720869389,0.0,0.0
ES2003b,954,0.4208263158798218,0.26163850724697113,0.677372395992279,0.04695458710193634,0.024335576842228573,0.4167308062314987,0.37988104422887164,0.6314625690380732,2.3810750951072346,-10.041428649434158,-3.254680736797628,0.0,0.0
ES2003b,955,0.5756966571013132,0.3781706243753433,0.5344159205754598,0.03862672174970309,0.02681579999625683,0.4020928343137105,0.4258523186047872,0.3951483642061551,1.46215749163761,-9.208860386911658,-3.11228999202738,0.0,0.0
ES2003b,956,0.6158547798792521,0.36970946689446765,0.4668760895729065,0.042160955568154655,0.026470073809226353,0.294050653775533,0.36725478370984393,0.31214794516563416,2.4498779223828357,-9.491850521642581,-6.0627169409622566,0.0,0.0
ES2003b,957,0.5727296868960062,0.43419845898946124,0.5494217177232107,0.038818251341581345,0.024652714530626934,0.4369709938764572,0.4108971158663432,0.47230372826258343,3.075950887552526,-9.305197522603331,-7.06695417773937,0.0,0.0
ES2003b,958,0.5633280078570048,0.28289757172266644,0.5472851494948069,0.0883517141143481,0.04927587633331617,0.5035290817419688,0.3765917917092641,0.6390475432078043,8.85060160910221,-11.513872293628703,-13.106833988485187,0.0,0.0
ES2003b,959,0.5725561181704203,0.28954104085763294,0.6403710246086121,0.05200574298699697,0.025179587304592133,0.43177781502405804,0.35841108361879986,0.41021471470594406,4.360378695376527,-8.560767391993506,-8.326719878391616,0.0,0.0
ES2003b,960,0.5747246642907461,0.35364747047424316,0.5668532450993856,0.03501661866903305,0.018443009505669277,0.25677737096945447,0.31070736050605774,0.7160160541534424,0.7129491863180898,-7.056786081773786,-4.301533259054533,0.0,0.0
ES2003b,961,0.6180662512779236,0.42899444699287415,0.44231900572776794,0.03562221055229505,0.01603607429812352,0.2322501540184021,0.29112650950749713,0.7480409145355225,1.0687135292223122,-7.008137799772624,-4.298391141351799,0.0,0.0
ES2003b,962,0.5176267822583517,0.39230312903722125,0.35329313079516095,0.03513149296243986,0.019321757058302563,0.2358306646347046,0.27583613495031994,0.7076195478439331,0.2797786898106007,-6.868349467439221,-3.923939425010302,0.0,0.0
ES2003b,963,0.613945742448171,0.3697102566560109,0.4722687602043152,0.03684584672252337,0.020939530183871586,0.30291775862375897,0.2894369562466939,0.7156167229016622,1.0821875024684044,-7.052470918409763,-3.6717264611162075,0.0,0.0
ES2003b,964,0.583048532406489,0.33809622128804523,0.4087645510832469,0.03742317482829094,0.017535332590341568,0.207008828719457,0.31252336502075195,0.6308506826559702,1.0752454422122666,-7.010682671012041,-4.080658030945351,0.0,0.0
ES2003b,965,0.6439740061759949,0.5627875824769338,0.4603797992070516,0.04954997077584267,0.023553000142176945,0.16051209966341654,0.31494996945063275,0.6968056758244833,2.256645377871265,-7.193271387951285,-4.027861599443956,0.0,0.0
ES2003b,966,0.6144333680470785,0.5081032713254293,0.6215543150901794,0.05313356469074885,0.027224444473783176,0.3404020567735036,0.3657495578130086,0.8300117254257202,1.7404105685193896,-7.36625722698268,-4.6579082023611065,0.0,0.0
ES2003b,967,0.5017810066541036,0.3937213222185771,0.6562922596931458,0.036773040890693665,0.01906954435010751,0.28958625098069507,0.34600400924682617,0.5862299799919128,1.2612208378435346,-7.532630923845925,-4.8057599225604575,0.0,0.0
ES2003b,968,0.5404801170031229,0.3159066140651703,0.547474225362142,0.03713763629396757,0.0200123464067777,0.23257093131542206,0.3304220537344615,0.8002084096272787,0.7819352652538883,-7.080540327224802,-4.868063086907687,0.0,0.0
ES2003b,969,0.5923125743865967,0.36236223578453064,0.5529475112756094,0.036544514199097954,0.019086721042792004,0.27507079641024273,0.34162424008051556,0.7108820974826813,0.8372011987938911,-7.142651013950829,-4.617065454716539,0.0,0.0
ES2003b,970,0.5506872137387594,0.16910629719495773,0.6210669676462809,0.08601546908418338,0.0354098305106163,0.45859818657239276,0.43029794096946716,0.2914348676179846,-9.994001276025823,47.898195136036755,6.108014640356064,0.0,0.0
ES2003b,971,0.5938177307446798,0.35603054861227673,0.4458751479784648,0.062050161262353264,0.0166777390986681,0.4041652977466583,0.46490511298179626,0.6771596744656563,-3.786965457611007,21.60670378458019,-0.18121120714750946,0.0,0.0
ES2003b,972,0.5818291405836741,0.28556495408217114,0.3752613067626953,0.05406228452920914,0.02546725794672966,0.3854937603076299,0.43068331480026245,0.18634501347939172,-1.4690805933840168,-6.056442404805224,7.12693090642471,0.0,0.0
ES2003b,973,0.5927046140034994,0.23864064613978067,0.3358480433622996,0.07071498533089955,0.025264242043097813,0.4097582697868347,0.31757305065790814,0.23650800188382468,-3.05405384289789,-6.618136144330098,4.638562837743062,0.0,0.0
ES2003b,974,0.7554195125897726,0.3660737673441569,0.15770641962687174,0.07585819313923518,0.009417527044812838,0.3095690906047821,0.38394277294476825,0.4930318643649419,2.0760580330906833,14.451174586102354,0.18650963063170287,0.0,0.0
ES2003b,975,0.6530181964238485,0.28931647539138794,0.24197829763094583,0.07803612947463989,0.008250695808480183,0.39085768659909564,0.36450134714444477,0.7103926738103231,3.211363458570013,14.032021406132031,0.49935041444100814,0.0,0.0
ES2003b,976,0.6188293298085531,0.2639482816060384,0.13656258831421533,0.0788739025592804,0.008901357495536407,0.4485716223716736,0.40382564067840576,0.9524413744608561,3.4629611277839722,13.42139159316302,0.4856533858910867,0.0,0.0
ES2003b,977,0.609589159488678,0.25803357859452564,0.198652982711792,0.08152157813310623,0.009083001874387264,0.35476869344711304,0.3996375600496928,0.571633110443751,3.5235784831224812,13.349369905955763,0.3630257679699988,0.0,0.0
ES2003b,978,0.5643560290336609,0.2669414281845093,0.2665466368198395,0.09100706875324249,0.009356306089709202,0.3673248489697774,0.40200087428092957,0.857980211575826,4.389869027515171,13.78616514680204,0.8045847556873708,0.0,0.0
ES2003b,979,0.5417410929997762,0.24859254558881125,0.3616658349831899,0.08684391031662624,0.00935871091981729,0.4456930657227834,0.39969149231910706,0.8027632037798563,3.603127414041508,13.548956974986048,0.4577997708225068,0.0,0.0
ES2003b,980,0.5909432768821716,0.22185851136843363,0.3571029802163442,0.07811979701121648,0.009949739711980024,0.3480662405490875,0.4176967839399974,0.8850380778312683,2.741476126554726,14.032512386154755,0.2850337033410379,0.0,0.0
ES2003b,981,0.5949587225914001,0.25430866579214734,0.26184699932734173,0.08197724570830663,0.008443120246132215,0.22975202401479086,0.38132696350415546,0.8329250613848368,1.937903373609717,14.880708778642171,0.26239918347434893,0.0,0.0
ES2003b,982,0.5870367487271627,0.24032417933146158,0.38269232710202533,0.08140239616235097,0.009968416144450506,0.4908052583535512,0.38990989327430725,0.9058402180671692,2.2283244071644077,14.007016318462592,0.08114810815396088,0.0,0.0
ES2003b,983,0.6203005909919739,0.25117147465546924,0.30576929946740466,0.08258272955814998,0.011028503688673178,0.4702999989191691,0.39101462562878925,0.9449657201766968,3.2617428710572463,13.901945637767815,0.18573056486559536,0.0,0.0
ES2003b,984,0.628814160823822,0.2548123300075531,0.43120009700457257,0.08246848235527675,0.009395023807883263,0.5118678907553355,0.40695448716481525,0.7096875111262003,3.0747817477687556,13.820869573156855,0.34818278384769513,0.0,0.0
ES2003b,985,0.6484906673431396,0.27013106147448224,0.43781007329622906,0.076387124756972,0.009127232866982618,0.4544195234775543,0.4140741328398387,0.7101181745529175,2.3773832196191833,14.217902480654558,0.051717805958894074,0.0,0.0
ES2003b,986,0.6552342375119528,0.32048294444878894,0.2610639010866483,0.08506971597671509,0.010157165583223104,0.47173916300137836,0.39191903670628864,0.8865203460057577,2.1781548785710356,14.863357168229982,-0.0389607503368172,0.0,0.0
ES2003b,987,0.6730578541755676,0.33017534017562866,0.3931386470794678,0.08820481350024541,0.010907216308017572,0.32673950493335724,0.4290822744369507,0.6578887701034546,3.083799041254871,15.40787812535921,0.06837985660830427,0.0,0.0
ES2003b,988,0.6645084222157797,0.2647862434387207,0.37782008449236554,0.0843209723631541,0.009849034870664278,0.3889791468779246,0.36331398288408917,0.8144910335540771,2.0000646704651,16.56205799874797,-0.42208015381362013,0.0,0.0
ES2003b,989,0.516085664431254,0.23537557820479074,0.4033050537109375,0.06889265899856885,0.019672622283299763,0.4433116912841797,0.4455510675907135,0.3579263985157013,-1.916232209908922,22.929473513596793,4.037981337730909,0.0,0.0
ES2003b,990,0.5382211009661356,0.2914297978083293,0.35912250479062396,0.08778506765762965,0.041441909968853,0.4618673821290334,0.364757776260376,0.30737357834974927,-3.740003559982464,-14.82639403339792,5.957419080349446,0.0,0.0
ES2003b,991,0.5748483240604401,0.33719514807065326,0.3876349627971649,0.0782977690299352,0.04089671994249026,0.410018930832545,0.35656677683194477,0.3710552155971527,-3.617037640796962,-15.069894696210516,6.132763283256576,0.0,0.0
ES2003b,992,0.5875137448310852,0.2785191833972931,0.3821892241636912,0.08807231237490971,0.0366690227140983,0.4927915930747986,0.3022930125395457,0.15771070246895155,-5.251942048222403,-15.454224479699961,6.592492987555091,0.0,0.0
ES2003b,993,0.59451291958491,0.28215672075748444,0.37241286039352417,0.10745018223921458,0.04547347128391266,0.4740455349286397,0.3615942895412445,0.22031923135121664,-4.969962335474757,-15.624115530121875,6.612035165807398,0.0,0.0
ES2003b,994,0.5489822228749593,0.281999871134758,0.29993122319380444,0.08579188088576,0.035603995124499,0.4043648838996887,0.35890276233355206,0.18380810817082724,-4.230041498918487,-15.036714330837574,6.215818035865404,0.0,0.0
ES2003b,995,0.49577831228574115,0.2397348533074061,0.34699424107869464,0.08855310206611951,0.03504359846313795,0.4649523198604584,0.37806236743927,0.13411182165145874,-4.093161819891011,-14.850781919046932,6.674377416564247,0.0,0.0
ES2003b,996,0.5241174598534902,0.23392878969510397,0.34808086852232617,0.06787523378928502,0.02301765854159991,0.5675599674383799,0.25427208344141644,0.3035098562637965,-4.2185070760726875,-14.804638470549756,7.5050443505435025,0.0,0.0
ES2003b,997,0.5310319662094116,0.22066362698872885,0.2644205838441849,0.0803401196996371,0.028002390637993813,0.4661167959372203,0.28550254305203754,0.21160573760668436,-5.560875467114701,-14.559677919306102,6.9284519301254015,0.0,0.0
ES2003b,998,0.5324017604192098,0.15589774151643118,0.3921135167280833,0.06282278274496396,0.022975624228517216,0.2732825775941213,0.3170011639595032,0.035394404704372086,-4.523071538699614,-14.958516459243361,7.030951130816604,0.0,0.0
ES2003b,999,0.534469723701477,0.16674516598383585,0.2998463014761607,0.059395973881085716,0.02897425803045432,0.4180120478073756,0.26084695259730023,0.2275561715165774,-3.731766075285732,-14.633300072321035,7.341250174512524,0.0,0.0
ES2003b,1000,0.5542029738426208,0.2337807317574819,0.3342396318912506,0.06555631508429845,0.024479360009233158,0.43449053168296814,0.28653015196323395,0.3341202090183894,-2.5825708109765593,-14.107043997046958,7.297485197468309,0.0,0.0
ES2003b,1001,0.601632555325826,0.22371549904346466,0.27504969636599225,0.06506894777218501,0.02320672074953715,0.4149070878823598,0.2628410259882609,0.34509385625521344,-2.5285163521962377,-14.08395681073438,8.091754185091387,0.0,0.0
ES2003b,1002,0.6032498876253763,0.21355887750784555,0.3196193178494771,0.06490976984302203,0.029208316778143246,0.4594384829203288,0.26390377680460614,0.14957790821790695,-2.4888635633779614,-13.38560972382336,7.839004962424681,0.0,0.0
ES2003b,1003,0.5833580493927002,0.2164553701877594,0.2622627268234889,0.07235731308658917,0.03498514679570993,0.45155365268389386,0.2611016283432643,0.19970661525925001,-5.360764598069834,-13.963094500125855,7.820488255011791,0.0,0.0
ES2003b,1004,0.5215899546941122,0.23691174387931824,0.29156703253587085,0.07859597106774648,0.03570392479499181,0.39935269951820374,0.2759781579176585,0.1329694539308548,-4.245078957335115,-14.213452074931473,9.318550990711481,0.0,0.0
ES2003b,1005,0.5482541918754578,0.2394728163878123,0.3897351225217183,0.06574203322331111,0.023764791277547676,0.2770904203255971,0.2883167217175166,0.2219067681580782,-3.6293719385124192,-12.232260650618073,8.538929543344649,0.0,0.0
ES2003b,1006,0.38453898827234906,0.33307696382204693,0.2456544985373815,0.050640283773342766,0.017297774242858093,0.2420676996310552,0.4237869679927826,0.2862703949213028,-3.215676444498332,-16.72788986127055,-6.96891201349257,0.0,0.0
ES2003b,1007,0.41716350118319195,0.30133285125096637,0.25452836354573566,0.05499987552563349,0.02618102729320526,0.4953500032424927,0.34506937861442566,0.3446033298969269,-3.4311848208562044,-16.50620977538749,-7.508367573776911,0.0,0.0
ES2003b,1008,0.4283349812030792,0.365972359975179,0.3374971350034078,0.05862210194269816,0.023221409569183987,0.39720869064331055,0.3830340802669525,0.36739569902420044,-4.953137717582293,-16.274765136296427,-7.705748824280026,0.0,0.0
ES2003b,1009,0.3847348690032959,0.3486594557762146,0.2325507402420044,0.06099854037165642,0.03485023851195971,0.31541140377521515,0.3375800351301829,0.14515200008948645,-6.1386318903845725,-16.38083994998038,-7.409151382913138,0.0,0.0
ES2003b,1010,0.37335291504859924,0.3646482527256012,0.2941740204890569,0.05005800724029541,0.02566874461869399,0.26636077960332233,0.3194098969300588,0.12543359647194544,-6.9712541473725365,-16.633488701237983,-7.682365842428463,0.0,0.0
ES2003b,1011,0.37412192424138385,0.39204153418540955,0.20746930440266928,0.050849574307600655,0.023805260037382443,0.3038869798183441,0.3527343074480693,0.2667036751906077,-7.825635510254361,-15.837687844294829,-7.762240552934661,0.0,0.0
ES2003b,1012,0.38582690556844074,0.3584077258904775,0.4158865710099538,0.05055274193485578,0.021265021835764248,0.22488828003406525,0.3776481548945109,0.44250693917274475,-5.940076870709491,-16.082888667852547,-7.583295583119193,0.0,0.0
ES2003b,1013,0.38293761014938354,0.3248159388701121,0.47840429345766705,0.05589909106492996,0.0239198903242747,0.402346466978391,0.39431411027908325,0.15367081388831139,-3.6194745127906685,-16.48349038508297,-7.716841511991095,0.0,0.0
ES2003b,1014,0.35566622018814087,0.31696127851804096,0.4142405092716217,0.05570760120948156,0.020539638275901478,0.2799515078465144,0.3761421541372935,0.12570036947727203,-4.406049873158149,-16.348258735604208,-8.275681841466257,0.0,0.0
ES2003b,1015,0.35072367389996845,0.30459041396776837,0.5685698787371317,0.06781408687432607,0.03370902935663859,0.4555758039156596,0.38251731793085736,0.12204654204348724,-3.6578485171497057,-17.355356255561443,-7.537378769421287,0.0,0.0
ES2003b,1016,0.3802388211091359,0.32227470477422077,0.4630776842435201,0.05333457142114639,0.026016247769196827,0.34249425927797955,0.39740918080012005,0.18648213551690182,-5.451092326433712,-17.238710934170218,-7.451928729373276,0.0,0.0
ES2003b,1017,0.39649908741315204,0.26637891431649524,0.38179005185763043,0.049139021585385,0.027588902041316032,0.32416172822316486,0.3572404384613037,0.15478608198463917,-5.745718669820143,-16.189016666549293,-7.9030575910941705,0.0,0.0
ES2003b,1018,0.4631130297978719,0.3957763910293579,0.3270132640997569,0.06026438375314077,0.026259529093901317,0.2003961093723774,0.3143485685189565,0.17475254274904728,-6.386580582608623,-15.669467734610791,-7.956508304577561,0.0,0.0
ES2003b,1019,0.4189897874991099,0.3632092773914337,0.32322773337364197,0.048009843875964485,0.02418525144457817,0.351881742477417,0.39755385120709735,0.04398744304974874,-6.469983804024142,-15.882217772933897,-7.763862103288112,0.0,0.0
ES2003b,1020,0.37450794378916424,0.32532936334609985,0.3601844112078349,0.06465063244104385,0.0395790779342254,0.27333323160807294,0.3510773579279582,0.3243558555841446,-6.141646070569557,-15.917855593849302,-7.703548569622678,0.0,0.0
ES2003b,1021,0.3837973674138387,0.3581295907497406,0.416849821805954,0.06573268646995227,0.029238037765026093,0.30143991857767105,0.3858836591243744,0.16886094150443873,-4.648793939041717,-16.333913836941306,-7.7681344262821,0.0,0.0
ES2003b,1022,0.3927685618400574,0.3013591567675273,0.3635116716225942,0.0532312827805678,0.02242203801870346,0.30698156356811523,0.34214340647061664,0.21721759562691054,-4.091513826450099,-17.386230674677314,-9.214107144377879,0.0,0.0
ES2003b,1023,0.4390384952227275,0.3456399440765381,0.5225739280382792,0.1195250650246938,0.06150085603197416,0.3242044150829315,0.3654525876045227,0.45635853211085003,2.3499550318055453,-16.857341088087377,-5.542569752755043,0.0,0.0
ES2003b,1024,0.4440011481444041,0.3337910870711009,0.6091524759928385,0.13247148940960565,0.047291349619627,0.5820765793323517,0.3428260385990143,0.5758489867051443,5.431421052490877,-15.082445967472301,-5.204915417019975,0.0,0.0
ES2003b,1025,0.5618475476900736,0.36488208174705505,0.47730157772699994,0.17087207734584808,0.07400400191545486,0.392575482527415,0.3075658877690633,0.9436313112576803,11.56895415290642,-14.251008506620254,-6.68962930474596,0.0,0.0
ES2003b,1026,0.577434221903483,0.4661739269892375,0.4194074173768361,0.15151110043128332,0.08855664978424709,0.2528496930996577,0.28345724443594617,0.8677438894907633,7.570295377781373,-13.74645404185837,-4.8148421081691914,0.0,0.0
ES2003b,1027,0.5197224716345469,0.34534725546836853,0.5961791276931763,0.09100416302680969,0.03956554705897967,0.3735273281733195,0.2779181996981303,0.7948913176854452,4.8734340400276,-13.555781724506012,-4.950734901228084,0.0,0.0
ES2003b,1028,0.4837525685628255,0.37140098214149475,0.4187233050664266,0.08943610141674678,0.04306542749206225,0.2954817811648051,0.29984994729359943,0.8479688962300619,5.3363167317305225,-12.53203714551774,-5.30703311592995,0.0,0.0
ES2003b,1029,0.47663100560506183,0.31765057146549225,0.4477810362974803,0.07762837658325832,0.04326083635290464,0.3367442886034648,0.28275994459788006,0.6905404130617777,6.960337527047467,-12.57460086649831,-5.282728303054416,0.0,0.0
ES2003b,1030,0.4850168526172638,0.3116421103477478,0.4405328631401062,0.08206027994553249,0.03971795986096064,0.3062589317560196,0.2466213802496592,0.8095299204190572,7.559912202120628,-12.94926535365905,-4.811298305249316,0.0,0.0
ES2003b,1031,0.4445742070674896,0.3009958465894063,0.6551938056945801,0.10040252283215523,0.07175711231927077,0.26629845301310223,0.27501510580380756,0.9290661215782166,8.563110467323119,-12.771778431838941,-4.561563521087247,0.0,0.0
ES2003b,1032,0.47433196504910785,0.3664933741092682,0.42496780554453534,0.09939129402240117,0.047639548778533936,0.191391850511233,0.26931072274843854,0.7484750250975291,7.0666286693016085,-12.81418550312209,-4.744872357227129,0.0,0.0
ES2003b,1033,0.5305923124154409,0.33240582048892975,0.48620013395945233,0.1347382813692093,0.06797244151433308,0.35477571686108905,0.2687188635269801,0.7130153377850851,7.46972927346006,-12.983470974275008,-4.303191513814949,0.0,0.0
ES2003b,1034,0.4314227004845937,0.36546040574709576,0.37032050887743634,0.10261633743842442,0.04562395873169104,0.40531979004542035,0.31359779834747314,0.8567632436752319,7.699124885329941,-12.669202575106771,-3.9016157029495275,0.0,0.0
ES2003b,1035,0.5783352255821228,0.3653123180071513,0.3568764527638753,0.13754637042681375,0.07104387134313583,0.28634315232435864,0.44504569967587787,0.11193881308039029,8.003768998584235,-13.11229548781302,8.55202889607864,0.0,0.0
ES2003b,1036,0.5988179445266724,0.4331961472829183,0.41169660290082294,0.14408458272616068,0.05605424443880717,0.3038857728242874,0.3909323513507843,0.14848161488771439,6.844722260086667,-12.498844443628402,7.892777241605046,0.0,0.0
ES2003b,1037,0.6288639307022095,0.41346944371859234,0.5099348525206248,0.10010084013144176,0.037184409176309906,0.38985257347424823,0.4771730800469716,0.15253442774216333,2.945143336108147,-7.7211031166087105,10.27620963322263,0.0,0.0
ES2003b,1038,0.6519118348757426,0.4088020126024882,0.5581788619359335,0.10018917173147202,0.03072497931619485,0.21956471105416617,0.3837479154268901,0.2603972132007281,2.2902717413686773,-7.205343394716785,9.747534649497522,0.0,0.0
ES2003b,1039,0.6523725986480713,0.44464685519536334,0.4685154954592387,0.10067424674828847,0.0330493568132321,0.27035341163476306,0.4012432297070821,0.3824615975220998,3.049071876722492,-7.331524233831452,9.982444336240862,0.0,0.0
ES2003b,1040,0.6307638883590698,0.37091512481371564,0.5040288766225179,0.1272015298406283,0.06506711368759473,0.2259079416592916,0.4749266306559245,0.27166107296943665,4.456153531352178,-7.39402045902701,10.898436416308222,0.0,0.0
ES2003b,1041,0.4451889395713806,0.19450858732064566,0.4259716769059499,0.07773076991240184,0.010639401152729988,0.3552212019761403,0.4995256761709849,0.36530686914920807,-3.810907297955693,5.6350873826350965,-15.455337646670342,0.0,0.0
ES2003b,1042,0.5103860000769297,0.21555923918883005,0.3888291120529175,0.09307829042275746,0.012115926792224249,0.4082452356815338,0.5000363886356354,0.13941476990779242,-5.047179398656005,6.434697818969387,-16.27754314831367,0.0,0.0
ES2003b,1043,0.5024780730406443,0.23213685055573782,0.4765040377775828,0.10827985405921936,0.015071021082500616,0.5830526351928711,0.5562416315078735,0.13231536000967026,-6.526346025822181,7.597117890803401,-17.28770005070371,0.0,0.0
ES2003b,1044,0.35131874680519104,0.1561652421951294,0.2856921851634979,0.06498584399620692,0.024166432519753773,0.195454274614652,0.22411451737085977,0.17135831216971079,0.15747479016155363,-9.739666288775629,3.263614539361311,0.0,0.0
ES2003b,1045,0.3138291537761688,0.1483368674914042,0.21270144979159036,0.06226735437909762,0.019273354361454647,0.32501259446144104,0.22199041644732156,0.5080061157544454,-0.01105255414604677,-7.190173202537433,5.763469934666165,0.0,0.0
ES2003b,1046,0.46510695417722064,0.23863923052946726,0.297322154045105,0.0897284671664238,0.030937062576413155,0.3382485310236613,0.38192946712176007,0.17969281847278276,0.4824476316626318,-12.569203693738013,9.337446277683657,0.0,0.0
ES2003b,1047,0.5053939620653788,0.16983798146247864,0.3708001176516215,0.06307908147573471,0.026599691870311897,0.3777106801668803,0.35028554995854694,0.07695264679690202,0.023671491158229307,-11.814242070326822,9.335234085063497,0.0,0.0
ES2003b,1048,0.5199400981267294,0.2787504494190216,0.3436383008956909,0.08217375725507736,0.02572484500706196,0.29621534546216327,0.2964562078317006,0.35618752737840015,-0.08179959905152925,-11.571263153309303,9.298928112416114,0.0,0.0
ES2003b,1049,0.516352117061615,0.26900652547677356,0.285266250371933,0.05455548564592997,0.022454744825760525,0.2926534116268158,0.2992424964904785,0.44369203845659894,-0.4201859210528916,-11.111410431987629,9.32668592397497,0.0,0.0
ES2003b,1050,0.5081196029980978,0.27854572733243305,0.3855782051881154,0.07621468603610992,0.02427636149028937,0.21219436327616373,0.28441614905993146,0.17636807511250177,-0.3955421377034944,-11.261740028605638,8.963464222328241,0.0,0.0
ES2003b,1051,0.540532112121582,0.23276561995347342,0.3726016084353129,0.0809749960899353,0.027905508875846863,0.26795831322669983,0.3306701083978017,0.1349886233607928,-0.8222671302724663,-10.779297550715023,8.827937843825033,0.0,0.0
ES2003b,1052,0.4793544014294942,0.2147506276766459,0.3067054847876231,0.07742569968104362,0.03079744055867195,0.3040957401196162,0.28011855483055115,0.10419148237754901,-0.6301302392080701,-11.740332940004228,9.739836632197516,0.0,0.0
ES2003b,1053,0.5061497688293457,0.3435552070538203,0.3993461032708486,0.10515009611845016,0.034296062464515366,0.3106292436520259,0.378243366877238,0.48943224425117177,3.001273412018159,-12.390592003689456,9.64826462206055,0.0,0.0
ES2003b,1054,0.4122822384039561,0.15733604381481806,0.7413621743520101,0.11917038261890411,0.025602417687575024,0.5724801421165466,0.40425726771354675,0.3627626597881317,-2.1011664038434077,15.355237444478227,-9.564062093774801,0.0,0.0
ES2003b,1055,0.39052754640579224,0.1670872544248899,0.8575661778450012,0.10186668237050374,0.012137304370601973,0.2576770211259524,0.38567445675532025,0.3749874730904897,-0.6685507277293655,-1.8303891067665383,-12.7958985753257,0.0,0.0
ES2003b,1056,0.39035099744796753,0.19171084960301718,0.8039309779802958,0.10888548692067464,0.01655225269496441,0.34648022055625916,0.41887374718983966,0.5058765411376953,0.4777563807475784,1.5246246923419349,-13.233098623981732,0.0,0.0
ES2003b,1057,0.5335085391998291,0.2482639104127884,0.3475910971562068,0.09958655138810475,0.047313363601764045,0.48453665773073834,0.42238428195317584,0.28278938432534534,7.397458197321079,-14.286865241239356,10.873687690874277,0.0,0.0
ES2003b,1058,0.688640296459198,0.3916739821434021,0.23096644630034766,0.12159043302138646,0.06534923488895099,0.37774626910686493,0.43958492080370587,0.07274005189538002,12.785515048884344,-2.619710580329737,18.059279518882885,0.0,0.0
ES2003b,1059,0.6589924295743307,0.48687981565793353,0.22893180698156357,0.11838621397813161,0.04855392500758171,0.3902028451363246,0.4366154968738556,0.43437598645687103,6.710443882168814,-5.70814285835007,13.842805445730788,0.0,0.0
ES2003b,1060,0.5309039751688639,0.3096678853034973,0.15127282838026682,0.07313903421163559,0.038595154881477356,0.2432182232538859,0.4431970914204915,0.18530366321404776,2.297043866803804,-9.592158477534161,0.8622211458810831,0.0,0.0
ES2003b,1061,0.4753769040107727,0.29839380582173664,0.3266458710034688,0.07741934061050415,0.03196036939819654,0.40216832359631854,0.46662644545237225,0.035386052913963795,0.8035757228495523,-9.028571290720455,0.29292508554067326,0.0,0.0
ES2003b,1062,0.597358226776123,0.4730257491270701,0.4578087429205577,0.06436645984649658,0.024412314717968304,0.5047816634178162,0.3799050847689311,0.9425565203030905,7.104878836489747,0.029859484961928473,-2.860478722023777,0.0,0.0
ES2003b,1063,0.4637981454531352,0.2652831971645355,0.5389405290285746,0.06292854497830074,0.03898000965515772,0.36714200178782147,0.4053606390953064,0.11197078724702199,-0.35894094025163165,-10.507757091935119,-2.940483415277152,0.0,0.0
ES2003b,1064,0.4506715734799703,0.2844252636035283,0.27220256129900616,0.06975763912002246,0.03890548273921013,0.5644097328186035,0.3716173668702443,0.4923795362313588,-0.8307314496024597,-8.016758022473637,3.5404245994310504,0.0,0.0
ES2003b,1065,0.6338903903961182,0.3357031246026357,0.16234073291222254,0.040147796273231506,0.022225035664935906,0.40795665979385376,0.4937507708867391,0.1983068436384201,-2.6089798576078533,-3.944515016669142,5.392534094469062,0.0,0.0
ES2003b,1066,0.6637405753135681,0.45879927277565,0.16057540973027548,0.05266327659289042,0.02502428616086642,0.7020764549573263,0.46023787061373395,0.0860282468299071,-3.856283142578967,-2.730445018321347,8.904073978378827,0.0,0.0
ES2003b,1067,0.5943915049235026,0.3564576506614685,0.1568058356642723,0.05439780528346697,0.019986831583082676,0.5266892512639364,0.4817306101322174,0.0666208453476429,-2.909800572505431,-2.2617295331889458,8.889903214460416,0.0,0.0
ES2003b,1068,0.6207985083262125,0.29627599318822223,0.17582024385531744,0.045617442578077316,0.024325914060076077,0.6129479010899862,0.4007920026779175,0.10277716473986705,-2.1753258127179635,-1.7177568841209279,7.939557696771484,0.0,0.0
ES2003b,1069,0.6092671155929565,0.3975512186686198,0.14408418536186218,0.04103291407227516,0.01677505609889825,0.6533083319664001,0.45988447467486065,0.02244003179172675,-0.2660588212957337,-0.6433268686302661,7.264832968174059,0.0,0.0
ES2003b,1070,0.6936963597933451,0.42021994789441425,0.14546177784601846,0.04518032198150953,0.02420629809300105,0.5210075875123342,0.5291159848372141,0.031810716105004154,-2.1809150884923874,-1.958424493148094,8.449551317114704,0.0,0.0
ES2003b,1071,0.5971986552079519,0.2857651511828105,0.2913953314224879,0.05001559108495712,0.035436524699131645,0.4232666989167531,0.3856512854496638,0.2786617378393809,0.14014871195436296,-6.166831533673089,3.423484847071245,0.0,0.0
ES2003b,1072,0.4990543723106384,0.1927554706732432,0.4040381113688151,0.10859245186050732,0.05933590357502302,0.32968777418136597,0.34441159168879193,0.353641660263141,4.657621346556766,-10.576387758676622,-2.756948657462297,0.0,0.0
ES2003b,1073,0.18512354294459024,0.04935831824938456,0.20586194594701132,0.02928825467824936,0.01943397770325343,0.10315155982971191,0.09945835669835408,0.1760720213254293,3.577654294796482,-3.6611907988253183,-2.3636165569513916,0.0,0.0
ES2003b,1074,0.5294778347015381,0.2514995088179906,0.4263591766357422,0.06525289888183276,0.02897750275830428,0.22410245736440024,0.4535544812679291,0.5141890247662863,3.956108595441014,-9.750781927986692,-7.637463922306143,0.0,0.0
ES2003b,1075,0.6506667832533518,0.3582582672437032,0.6068182090918223,0.055001543213923774,0.030179727201660473,0.24264920751253763,0.480702668428421,0.7096997102101644,6.364207542573408,-7.842803872284464,-3.8132200539866017,0.0,0.0
ES2003b,1076,0.6917414466540018,0.502122143904368,0.8071865240732828,0.051330274591843285,0.04190802946686745,0.2985457380612691,0.5129348735014597,0.7475331823031107,6.695968482020791,-7.209117250510023,-0.828580262023761,0.0,0.0
ES2003b,1077,0.6700886090596517,0.5471513271331787,0.5714634458223978,0.048770045240720115,0.02443664458890756,0.2716279774904251,0.45759470264116925,0.6998834411303202,5.462522935042539,-7.3341731874320955,0.25099345743351753,0.0,0.0
ES2003b,1078,0.65926061073939,0.5298224786917368,0.4011388917764028,0.05695997551083565,0.023285069192449253,0.44672346115112305,0.45692939559618634,0.7037554482618967,5.027817100939386,-7.159380775709994,0.3246121953471041,0.0,0.0
ES2003b,1079,0.6965113480885824,0.42400863766670227,0.396753986676534,0.04889534041285515,0.0231914259493351,0.15967690447966257,0.45736920833587646,0.851202666759491,4.5448895581583235,-6.042960397775801,-1.4604421796916354,0.0,0.0
ES2003b,1080,0.6777019699414571,0.4696945250034332,0.34301690260569256,0.048624893029530845,0.019947912854452927,0.10682079195976257,0.41687317689259845,0.5528327176968256,4.435393066696472,-5.333474117798043,-1.0075701615588408,0.0,0.0
ES2003b,1081,0.6850495338439941,0.4313684304555257,0.4320748746395111,0.04791319246093432,0.017798309214413166,0.20266230156024298,0.5632463097572327,0.379201407233874,4.777725475106107,-5.102967352586876,-0.29912781255144444,0.0,0.0
ES2003b,1082,0.6855865716934204,0.5226552188396454,0.5478066205978394,0.05567517131567001,0.026853452747066815,0.22346082578102747,0.4397645692030589,0.5505053102970123,7.566364768774157,-4.637423321970968,-0.3200855584495381,0.0,0.0
ES2003b,1083,0.6713639299074808,0.47730908791224164,0.41034584244092304,0.04156537726521492,0.019137452666958172,0.37418554723262787,0.5127581755320231,0.48359788954257965,2.1301675658522843,-3.970543305173162,-3.040656058463124,0.0,0.0
ES2003b,1084,0.6360851526260376,0.48330773909886676,0.5947790245215098,0.04326815903186798,0.021727241575717926,0.336413433154424,0.46392250061035156,0.6373697072267532,3.314259819607397,-2.5228698098194706,-1.5939814892795612,0.0,0.0
ES2003b,1085,0.6509689688682556,0.45341651638348895,0.6566447416941324,0.048500750213861465,0.031341589987277985,0.4471934537092845,0.4612404505411784,0.612259641289711,5.446899713514523,-3.484084327900259,-1.1145457955778442,0.0,0.0
ES2003b,1086,0.662028431892395,0.4449545244375865,0.719828188419342,0.05152884249885877,0.026743777717153232,0.2703927258650462,0.47102834781010944,0.5943618218104044,4.8879845371497925,-5.065830046678336,-1.3010959336238044,0.0,0.0
ES2003b,1087,0.6373587846755981,0.5462678074836731,0.47636595368385315,0.05058476825555166,0.018049440657099087,0.28190140922864276,0.48913126190503436,0.6580616186062495,8.159837066362826,-5.145386953121428,-1.9566148007684194,0.0,0.0
ES2003b,1088,0.7579158941904703,0.6048645774523417,0.3706624408562978,0.05258936062455177,0.022374872739116352,0.25346611936887103,0.4787212908267975,0.4156316965818405,6.076811486077709,2.4168458236630457,1.0002991757974833,0.0,0.0
ES2003b,1089,0.8286535143852234,0.5581830342610677,0.5261301398277283,0.05254600569605827,0.02215735800564289,0.3010041465361913,0.473922202984492,0.16745717078447342,5.7391442380179205,6.196970863496889,1.414518735082708,0.0,0.0
ES2003b,1090,0.6090859969456991,0.22329317529996237,0.36885033051172894,0.0676463320851326,0.007901763853927454,0.22630770007769266,0.4419818123181661,0.503144254287084,-6.138645696702454,13.020199398289199,2.2494733403465017,0.0,0.0
ES2003b,1091,0.6079689860343933,0.2500295390685399,0.28664300342400867,0.06622324883937836,0.008137164327005545,0.27824315428733826,0.481520414352417,0.727187971274058,-6.3285597285557,12.633965447079705,1.9898108714459806,0.0,0.0
ES2003b,1092,0.5968843102455139,0.29374220967292786,0.2853112518787384,0.06830906867980957,0.008456110178182522,0.2516988292336464,0.48583688338597614,0.395224891602993,-6.67383666794612,12.329425919282015,1.8358295054820928,0.0,0.0
ES2003b,1093,0.5819323261578878,0.2961525470018387,0.289338285724322,0.0672342578570048,0.008217915271719297,0.2765948176383972,0.4943668444951375,0.5888436138629913,-6.517359846257581,11.8483412486932,1.3291531021248446,0.0,0.0
ES2003b,1094,0.6436594525973002,0.2990697870651881,0.2661595940589905,0.07020427286624908,0.00898031626517574,0.25615791976451874,0.4550032715002696,0.27955498546361923,-7.430577535127462,12.490393999976822,0.8739103791675528,0.0,0.0
ES2003b,1095,0.6344140370686849,0.3122724990049998,0.2507672955592473,0.07050907860199611,0.01097494705269734,0.2748973270257314,0.5036930243174235,0.2895929664373398,-8.006861633448326,13.083387464147803,1.2029686121541734,0.0,0.0
ES2003b,1096,0.5962839722633362,0.5416249434153239,0.13462268561124802,0.05267935370405515,0.024862147867679596,0.26012633244196576,0.46974824865659076,0.17642460887630781,3.3729151127645713,14.322429787593995,10.51335151513158,0.0,0.0
ES2003b,1097,0.6564384500185648,0.5631939768791199,0.23272490004698435,0.0653600146373113,0.027187546715140343,0.3228255361318588,0.5454549988110861,0.38308289647102356,4.323303021850557,15.898133558972859,14.193722621903412,0.0,0.0
ES2003b,1098,0.7211278676986694,0.5542754133542379,0.2372978925704956,0.07383378595113754,0.025678204372525215,0.27028653025627136,0.42796340584754944,0.5906639695167542,3.1851503532716787,20.1097926406995,18.472822548083816,0.0,0.0
ES2003b,1099,0.6668234268824259,0.3655305008093516,0.19099988291660944,0.08183280130227406,0.02967584195236365,0.37856370210647583,0.4429231882095337,0.5349396417538325,1.935528937133869,19.982089126921043,19.419820132842393,0.0,0.0
ES2003b,1100,0.6283373634020487,0.2943455974260966,0.19318384428819022,0.12676354497671127,0.06509918347001076,0.46101964513460797,0.3797632356484731,0.7139237523078918,1.7810733530754863,19.6389054552595,19.678055370507106,0.0,0.0
ES2003b,1101,0.6969535748163859,0.5305816729863485,0.21072507898012796,0.06614035492142041,0.022614893193046253,0.3772757252057393,0.45619164903958637,0.5995364983876547,4.8215045267660175,19.448020201111564,19.990656750632954,0.0,0.0
ES2003b,1102,0.6684122085571289,0.5840983390808105,0.1902575890223185,0.09886719038089116,0.05634107068181038,0.28265906870365143,0.4957466721534729,0.3994772732257843,6.2347795160579755,19.135839596140723,18.932440658259303,0.0,0.0
ES2003b,1103,0.6511885325113932,0.4817091723283132,0.32411685834328335,0.09577396512031555,0.04635618689159552,0.27853184938430786,0.512434720993042,0.5443812012672424,4.5657517623821215,10.648346630364012,9.858930269829251,0.0,0.0
ES2003b,1104,0.6860634088516235,0.4334895809491475,0.28280338396628696,0.05792313193281492,0.02518324026217063,0.2984650333722432,0.5294846793015798,0.3450540428360303,2.181946088833939,10.232008640739611,7.358474805079786,0.0,0.0
ES2003b,1105,0.6630597313245138,0.4647446771462758,0.1778962810834249,0.08755412076910336,0.03388587447504202,0.21135304868221283,0.535759707291921,0.3598107844591141,5.5804813757150455,19.31881827775821,19.145767788351677,0.0,0.0
ES2003b,1106,0.6919900178909302,0.4899248778820038,0.1435909296075503,0.08465569466352463,0.038326591874162354,0.30425094068050385,0.44796526432037354,0.7041075627009074,7.37874824997364,16.522456591224422,18.455155046153152,0.0,0.0
ES2003b,1107,0.6904108921686808,0.6689408620198568,0.13198192169268927,0.0812634105483691,0.05409091090162595,0.433239867289861,0.5009524623552958,0.7242863178253174,6.929714840183434,15.836784574312098,15.167349956804543,0.0,0.0
ES2003b,1108,0.6749364932378134,0.5792601903279623,0.19017788271109262,0.06151508539915085,0.0297426035006841,0.38641894857088727,0.5463374058405558,0.35208849608898163,7.106269778020433,15.943612291733253,14.937584817537115,0.0,0.0
ES2003b,1109,0.6241066654523214,0.6879869798819224,0.19796728839476904,0.06114025910695394,0.027435101568698883,0.2997700621684392,0.47260671854019165,0.24476170539855957,8.738696988961918,16.833717368271135,16.350148148376533,0.0,0.0
ES2003b,1110,0.6902472575505575,0.6226186553637186,0.1879566709200541,0.06967779497305553,0.03129718638956547,0.40831536054611206,0.4882888396581014,0.4941693842411041,7.517658391983182,17.343401790274044,16.915952582077026,0.0,0.0
ES2003b,1111,0.6484277248382568,0.5359028081099192,0.1562443325916926,0.07799897715449333,0.03665816535552343,0.3364909092585246,0.5144411226113638,0.6398083617289861,6.55115628688704,16.112711088840033,14.408029339153439,0.0,0.0
ES2003b,1112,0.3631276885668437,0.22682665288448334,0.07815586030483246,0.03911696374416351,0.017582671095927555,0.16760383049647012,0.3138122459252675,0.05909311088422934,3.977757455450494,11.914994299870171,11.180330077813707,0.0,0.0
ES2003b,1113,0.5990879535675049,0.3584900001684825,0.16676642497380575,0.05946888650457064,0.02716443066795667,0.31535687545935315,0.4216335614522298,0.4671119824051857,3.7701095183471014,17.67782190328285,17.856180247817722,0.0,0.0
ES2003b,1114,0.6193946202596029,0.4331567386786143,0.19050495823224387,0.07508137573798497,0.044386097540458046,0.38395846883455914,0.44236578543980914,0.6462208330631256,2.9405236566319224,18.31954975686229,18.371721882633565,0.0,0.0
ES2003b,1115,0.6942317485809326,0.5040463010470072,0.25312058130900067,0.06094881768027941,0.02642583039899667,0.4725345770517985,0.4742691417535146,0.517341156800588,3.6719387231938403,16.88482593149266,16.71748146769503,0.0,0.0
ES2003b,1116,0.7074090838432312,0.5543608963489532,0.24776136378447214,0.06085301687320074,0.025432916047672432,0.21319730579853058,0.48674609263737995,0.5099231799443563,4.605402784373909,5.310148783699026,9.734398094283533,0.0,0.0
ES2003b,1117,0.6641069849332174,0.45452122886975604,0.2779575288295746,0.06021424507101377,0.01933251755932967,0.29124565919240314,0.4441348115603129,0.42781050006548565,3.0355414057454886,0.034980392260458494,6.949615174141112,0.0,0.0
ES2003b,1118,0.5562972823778788,0.37545277178287506,0.1635983685652415,0.04972373445828756,0.020572942060728867,0.23745658745368323,0.431745449701945,0.2160360167423884,3.34189137316547,7.230102537736275,10.392332418358064,0.0,0.0
ES2003b,1119,0.5703813433647156,0.4970923364162445,0.07575309773286183,0.05854649469256401,0.02350033385058244,0.39540167649586994,0.5151948233445486,0.3629760568340619,2.093457412467218,13.515767618757723,10.468830028436594,0.0,0.0
ES2003b,1120,0.5138710041840872,0.38288434346516925,0.33793879052003223,0.0761747881770134,0.02210509590804577,0.2238548124829928,0.44993264476458233,0.22599193205436072,-18.155211548213384,18.205138381523806,2.3234554393340767,0.0,0.0
ES2003b,1121,0.5504944523175558,0.38598669071992237,0.5386630892753601,0.07809040447076161,0.015705871085325878,0.47714119652907055,0.467655748128891,0.29040881743033725,-10.725726418517704,10.555773728566914,-6.2346414905835426,0.0,0.0
ES2003b,1122,0.36053481698036194,0.12651769444346428,0.8081948161125183,0.13681153704722723,0.03226440834502379,0.3816044529279073,0.5390239357948303,0.22559674084186554,3.6490593630775243,3.270209343640443,-23.785378310030907,0.0,0.0
ES2003b,1123,0.6487195690472921,0.5390576819578806,0.5381865004698435,0.0633732241888841,0.028837901229659717,0.15737376113732657,0.41427966952323914,0.6125377168258032,6.579344151399397,-5.8456979405083445,4.102460582186837,0.0,0.0
ES2003b,1124,0.1940016746520996,0.12148596843083699,0.15216795603434244,0.027521627644697826,0.008000824600458145,0.16416541735331217,0.1668140490849813,0.01729016626874606,-4.130736279631416,-1.1868659874597023,1.1362010441615478,0.0,0.0
ES2003b,1125,0.3352501193682353,0.21508625646432242,0.21755748987197876,0.08083527038494746,0.02271134654680888,0.23379994928836823,0.3377487560113271,0.12654553850491843,-8.841121602265757,-3.118908053028574,3.641708465519247,0.0,0.0
ES2003b,1126,0.36542218923568726,0.20557489494482675,0.27760737140973407,0.04019368067383766,0.023909685512383778,0.2711479465166728,0.32585690418879193,0.37720516324043274,-1.4018129713781462,-2.848015512055209,3.1372848257925163,0.0,0.0
ES2003b,1127,0.5737380186716715,0.3779235581556956,0.2193845584988594,0.10022111982107162,0.03160359524190426,0.5222388108571371,0.49679885307947796,0.6221554055809975,-13.58200063928276,2.0128152596417364,1.1385736885707602,0.0,0.0
ES2003b,1128,0.5289867917696635,0.3696279227733612,0.35512543718020123,0.10942367215951283,0.049990120033423104,0.5992545286814371,0.5443299412727356,0.8359614213307699,-20.448607942925875,6.313776958297645,2.090663521829454,0.0,0.0
ES2003b,1129,0.5812944074471792,0.3582991460959117,0.4127368728319804,0.08405746519565582,0.038092433785398803,0.437382439772288,0.5210504233837128,0.6679098134239515,-24.95987459569766,7.221113842743961,-0.5882703901878539,0.0,0.0
ES2003b,1130,0.42860345045725506,0.2879967838525772,0.5450973709424337,0.06503564988573392,0.028018897399306297,0.6228102246920267,0.5026436249415079,0.2724415510892868,-29.10373422961668,7.732159353069718,-1.8735974631149237,0.0,0.0
ES2003b,1131,0.4996323784192403,0.34044264753659564,0.37924949328104657,0.08201549326380093,0.03187060790757338,0.37728093812863034,0.5528397659460703,0.5794142683347067,-24.24026551045854,6.8429516213148105,0.0032011974187187895,0.0,0.0
ES2003b,1132,0.824603815873464,0.712558368841807,0.5926996270815531,0.050984691828489304,0.019442211836576462,0.26984990139802295,0.42673469583193463,0.7799220085144043,10.782633350012423,8.160019748025077,15.506452098559457,0.0,0.0
ES2003b,1133,0.8251938422520956,0.6577747066815695,0.6029466390609741,0.050759500513474144,0.016659855532149475,0.22799613326787949,0.39580437541007996,0.6943483948707581,9.629808248503279,9.078790998176325,13.32325121524778,0.0,0.0
ES2003b,1134,0.7901112039883932,0.5826085011164347,0.4992726643880208,0.05092703923583031,0.015690132044255733,0.26927025119463605,0.4270891547203064,0.4829573929309845,8.440946957486416,7.610957695573052,10.564146696054099,0.0,0.0
ES2003b,1135,0.7888368566830953,0.6626913150151571,0.37513842682043713,0.04962646712859472,0.019771554196874302,0.4072330842415492,0.4492830236752828,0.1261384884516398,8.300167939422597,7.245199869308511,7.827862080195746,0.0,0.0
ES2003b,1136,0.7342080871264139,0.596653570731481,0.4695899287859599,0.0483496884504954,0.016981573154528935,0.27465299268563587,0.5375931163628896,0.2363017350435257,4.670768667428026,1.0515228735017264,4.545383886979059,0.0,0.0
ES2003b,1137,0.6253546873728434,0.5215786198774973,0.47280608614285785,0.0436708964407444,0.018649544877310593,0.17247826109329858,0.45715219775835675,0.599577784538269,3.8204181578107566,-3.8356618313603157,2.2985623953211594,0.0,0.0
ES2003b,1138,0.6140601138273875,0.3785318285226822,0.608495831489563,0.046158830324808754,0.024729431606829166,0.1751145621140798,0.4059932629267375,0.517101359864076,5.649120685229815,-7.835531332538345,-0.2754012572930404,0.0,0.0
ES2003b,1139,0.671287606159846,0.37017808357874554,0.4020368158817291,0.056762587279081345,0.022078709055980045,0.1940221240123113,0.4484881858030955,0.1637175977230072,8.379403903164254,-4.094496793646625,3.585079604244187,0.0,0.0
ES2003b,1140,0.7470154364903768,0.571617046991984,0.3846607208251953,0.04828821743528048,0.014064833521842957,0.30562032262484234,0.5026854375998179,0.15366310626268387,10.730740755489597,9.493555959576854,12.998159326656356,0.0,0.0
ES2003b,1141,0.7978830734888712,0.6808043519655863,0.5268072783946991,0.05052559822797775,0.018947423435747623,0.37209566434224445,0.4492185711860657,0.19389488796393076,10.964562118954584,5.843294120858778,14.573221374353357,0.0,0.0
ES2003b,1142,0.7283693552017212,0.6463067134221395,0.3703458607196808,0.05693749586741129,0.01892105396836996,0.24791191269954047,0.5000141163667043,0.4274230698744456,6.1118814863435125,3.274881141395765,13.303381675025848,0.0,0.0
ES2003b,1143,0.834684689839681,0.6732721130053202,0.45082446932792664,0.05025032162666321,0.021207462375362713,0.2666935821374257,0.4786161780357361,0.7360505561033884,6.516844534945025,0.5088535999584664,12.217328839761791,0.0,0.0
ES2003b,1144,0.8575723767280579,0.6987887819608053,0.5105803410212199,0.05450070649385452,0.018093653333683807,0.16700942069292068,0.3938655952612559,0.6799125671386719,6.758484847660085,-0.15800784834567944,12.85595292508455,0.0,0.0
ES2003b,1145,0.7965392072995504,0.5429488221804301,0.4321325421333313,0.05398830398917198,0.018498812181254227,0.14457507679859796,0.4658437470595042,0.8342896699905396,7.856810872249306,-0.6728027437360923,13.232830393928582,0.0,0.0
ES2003b,1146,0.4782481888930003,0.2619854509830475,0.3355862746636073,0.06761789694428444,0.033358845859766006,0.32786977539459866,0.4416668713092804,0.12125822529196739,-22.688916962155066,-7.415552104350161,1.9287395482013212,0.0,0.0
ES2003b,1147,0.42594919602076214,0.31361302236715954,0.375626673301061,0.09398609648148219,0.01993697074552377,0.4304559628168742,0.4019493559996287,0.2504329748141269,-23.87074410572625,-15.168595561553303,2.74544391056538,0.0,0.0
ES2003b,1148,0.5175969103972117,0.30343174934387207,0.45301003257433575,0.09778984884421031,0.0393048512438933,0.4690653781096141,0.2898525496323903,0.4503346234560013,-6.860447333622518,-26.9232325627362,13.048345436234369,0.0,0.0
ES2003b,1149,0.46937500437100727,0.2881198873122533,0.3951763262351354,0.08963275700807571,0.04622047829131285,0.4053886632124583,0.3483293851216634,0.14193517404297987,-13.470955758921647,-22.462846780616687,24.580381737269292,0.0,0.0
ES2003b,1150,0.45771082242329914,0.28034056226412457,0.5812727610270182,0.09273617466290791,0.03062603808939457,0.3643965721130371,0.3044100006421407,0.6133128106594086,-16.841269347667957,-17.69922891622733,24.337604832522857,0.0,0.0
ES2003b,1151,0.5024237235387167,0.3043561279773712,0.5059027473131815,0.07259563853343327,0.024333806708455086,0.4273815155029297,0.29850542545318604,0.34840938448905945,-17.740146815193608,-17.45710556343928,22.888159257621833,0.0,0.0
ES2003b,1152,0.44009484847386676,0.3642546037832896,0.5266908804575602,0.06841034566362698,0.025435687974095345,0.416103462378184,0.30594607690970105,0.2924702912569046,-12.732506887202867,-21.477791141617985,22.157324870843834,0.0,0.0
ES2003b,1153,0.4504366914431254,0.3101738492647807,0.3210739890734355,0.08108003437519073,0.031458220134178795,0.4869906504948934,0.30595193306605023,0.4659525752067566,-10.832071563698678,-26.638009276546544,21.41706671228557,0.0,0.0
ES2003b,1154,0.6883887052536011,0.6013237436612447,0.4800897538661957,0.05779459327459335,0.028113504871726036,0.2235835095246633,0.27265434960524243,0.7259809672832489,12.283998238630163,-11.601144137458327,-15.01501885131452,0.0,0.0
ES2003b,1155,0.7040730118751526,0.5658785899480184,0.42247190078099567,0.05088080341617266,0.028404288614789646,0.20446977019309998,0.3058383862177531,0.9853469530741373,8.728194243301626,-9.751503569943903,-12.656833417060126,0.0,0.0
ES2003b,1156,0.6963806748390198,0.5815967321395874,0.5318703452746073,0.054967942337195076,0.03474931667248408,0.19439291954040527,0.24470603466033936,0.9853797952334086,9.074943284922673,-7.608377729115033,-10.114169195643512,0.0,0.0
ES2003b,1157,0.6800411144892374,0.5462571581204733,0.39546899994214374,0.05489347130060196,0.03167086839675903,0.20301459729671478,0.2798779259125392,0.9752105077107748,9.947095241921614,-7.228324179056557,-10.80748577103219,0.0,0.0
ES2003b,1158,0.6904107729593912,0.5790071288744608,0.40978337327639264,0.060989713917175926,0.028477150325973827,0.17542981604735056,0.2940691411495209,0.8610422213872274,8.9779063130645,-8.768314448847521,-11.735858431022264,0.0,0.0
ES2003b,1159,0.7234030763308207,0.5068726142247518,0.3736471931139628,0.05700195704897245,0.054253420482079186,0.31400283177693683,0.42743486166000366,0.6617133344213167,11.235297043750835,-13.596584585484804,-14.874697574127225,0.0,0.0
ES2003b,1160,0.7500499884287516,0.6146048804124197,0.5243036250273386,0.09030638883511226,0.10727584610382716,0.35234925150871277,0.35358335574467975,0.9200941920280457,12.076957182696207,-12.889062397799655,-15.057791705655513,0.0,0.0
ES2003b,1161,0.7179521520932516,0.610013504823049,0.33105331659317017,0.06673320879538854,0.03434807124237219,0.40382428963979083,0.32339251041412354,0.9020648797353109,13.961862140309359,-13.938092315422447,-16.703078395489225,0.0,0.0
ES2003b,1162,0.6474438110987345,0.47289320826530457,0.4049080510934194,0.07112882410486539,0.032623531917730965,0.2394758810599645,0.31509647766749066,0.9199387232462565,12.420206836278481,-12.01757347189814,-17.68806182290508,0.0,0.0
ES2003b,1163,0.5564490258693695,0.42738401393095654,0.25923851132392883,0.07758084187904994,0.039299617831905685,0.24905784924825033,0.3261451820532481,0.7112703373034795,0.8458993335261251,1.2893810284242544,-15.507643600295028,0.0,0.0
ES2003b,1164,0.559755802154541,0.4009208679199219,0.315933217604955,0.05509775131940842,0.019872140760223072,0.2549996115267277,0.5057355066140493,0.32713549956679344,-14.071058002880585,25.17495577592796,-9.897832787746173,0.0,0.0
ES2003b,1165,0.5248710016409556,0.2818770259618759,0.33407674729824066,0.08103139450152715,0.04274832705656687,0.2848935201764107,0.4639520545800527,0.38322340821226436,-2.881092243180474,4.509410049726928,-9.346641258788486,0.0,0.0
ES2003b,1166,0.5637286802132925,0.2589856485525767,0.4975566367308299,0.11059407517313957,0.08747358123461406,0.3048075834910075,0.39893906315167743,0.4228835428754489,9.988622270822871,-18.87668406139857,-5.125003627852766,0.0,0.0
ES2003b,1167,0.5186372697353363,0.20428029199441275,0.4550314247608185,0.07941689093907674,0.036971126372615494,0.14394335945447287,0.3899507224559784,0.714612623055776,13.84973367209431,-13.373356622603223,-19.150853925570917,0.0,0.0
ES2003b,1168,0.5327456593513489,0.24824537833531699,0.3199980705976486,0.07573637366294861,0.025050831958651543,0.28008730212847394,0.35436301430066425,0.45800449202458066,12.378384008687126,-18.06079752898332,-23.07628260089004,0.0,0.0
ES2003b,1169,0.529248575369517,0.33835423986117047,0.5180810491243998,0.05933582534392675,0.0363984772314628,0.35709882775942486,0.4701123932997386,0.10510138732691605,2.7669440132771665,-12.088193419809029,-11.666294974949764,0.0,0.0
ES2003b,1170,0.5480885704358419,0.2910109758377075,0.2864159792661667,0.05951375141739845,0.0459111575037241,0.46695801615715027,0.48484387000401813,0.09323087163890402,3.4495113999388267,-11.232621527493036,-14.146600327191445,0.0,0.0
ES2003b,1171,0.5404481887817383,0.24461637934048971,0.3552109052737554,0.06534840166568756,0.033004223058621086,0.4122669994831085,0.4865903655687968,0.02320066870500644,9.929096385189508,-12.433304862712284,-16.360927303812996,0.0,0.0
ES2003b,1172,0.5635872880617777,0.3026086787382762,0.3349379499753316,0.06730676939090093,0.04015806565682093,0.32039665182431537,0.48011239369710285,0.2416572275881966,8.269442072810183,-7.962653151907947,-17.205436939435415,0.0,0.0
ES2003b,1173,0.6064475973447164,0.2998175819714864,0.2920222083727519,0.06107803185780843,0.0375624435643355,0.24989579617977142,0.4688536723454793,0.3142414229611556,8.676580743433126,-6.601629961622444,-18.719852105083927,0.0,0.0
ES2003b,1174,0.6062525113423666,0.32358869910240173,0.3700518310070038,0.06355182826519012,0.038427366564671196,0.3483859797318776,0.4755386710166931,0.45510969559351605,9.555268793794832,-8.07545347030561,-17.8046897319476,0.0,0.0
ES2003b,1175,0.565771758556366,0.29467888673146564,0.25916502873102826,0.0688397337992986,0.03628737727801005,0.4029918114344279,0.506519079208374,0.18317250162363052,7.634925102593985,-9.115091226945259,-16.78408101953774,0.0,0.0
ES2003b,1176,0.5635073184967041,0.29604396720727283,0.35482611258824664,0.06217359999815623,0.041803320248921715,0.48256563146909076,0.4795432686805725,0.33873522529999417,7.35486987756451,-8.107367272110448,-15.636844173547614,0.0,0.0
ES2003b,1177,0.5791630744934082,0.3860066930452983,0.3694029798110326,0.05166414876778921,0.03790734025339285,0.33206281810998917,0.5217838188012441,0.6343926886717478,9.052377835733981,-5.018450012092482,-15.774928287607878,0.0,0.0
ES2003b,1178,0.607702354590098,0.4849788347880046,0.4194200535615285,0.05122387036681175,0.0310092040648063,0.30779682099819183,0.5572173198064169,0.868260403474172,9.713506715982776,-4.032838202019822,-14.021413268930017,0.0,0.0
ES2003b,1179,0.5680959125359853,0.3731510241826375,0.3163914581139882,0.06598911806941032,0.0280486848205328,0.2967098355293274,0.5182050367196401,0.4012618139386177,9.860225173977662,-8.75235846180889,-14.61125397426092,0.0,0.0
ES2003b,1180,0.528945783774058,0.21487905581792197,0.14297669380903244,0.0679901937643687,0.03984807555874189,0.28264297048250836,0.4402081271012624,0.11793078978856404,7.654602926706587,-11.754106733410609,-18.82155667186133,0.0,0.0
ES2003b,1181,0.5017998814582825,0.2855473806460698,0.1957468887170156,0.0673181489109993,0.041776418685913086,0.4009792705376943,0.47230427463849384,0.10263469566901524,8.642260194451035,-10.54433318938203,-19.15815780922119,0.0,0.0
ES2003b,1182,0.5605511466662089,0.3445827712615331,0.24013700087865195,0.06098939850926399,0.03848268464207649,0.3753268172343572,0.43945396939913434,0.05587969099481901,9.026028203429346,-9.660016937372559,-19.984244333654427,0.0,0.0
ES2003b,1183,0.5079973042011261,0.31322433551152545,0.21015735467274985,0.06976992140213649,0.046187603225310646,0.2977143128712972,0.4720630745093028,0.07589560747146606,9.022339921563214,-8.65592385517408,-21.27926301210155,0.0,0.0
ES2003b,1184,0.3923169473807017,0.1852154607574145,0.2340075820684433,0.25960175693035126,0.2754937956730525,0.43815206984678906,0.49747363726298016,0.3904968003431956,62.26641279959293,77.00271896145203,64.84635608287844,0.0,0.0
ES2003b,1185,0.6285794774691263,0.3932088762521744,0.21686488886674246,0.24025559922059378,0.16582936296860376,0.5425636271635691,0.4647185504436493,0.5075702357571572,21.66573704247808,32.078246437490826,18.278415761412393,0.0,0.0
ES2003b,1186,0.6145787239074707,0.35433679322401684,0.21214391787846884,0.07716863974928856,0.03956806162993113,0.5373971362908682,0.3996951977411906,0.2690406423062086,0.6880496131411519,-4.9711690728172515,-1.6715061054081044,0.0,0.0
ES2003b,1187,0.4741982618967692,0.2161269336938858,0.34845249354839325,0.0812671110033989,0.032317159697413445,0.33182772000630695,0.30025915304819745,0.019548768488069374,2.937779604299898,-19.97755544074177,-5.3866114876324245,0.0,0.0
ES2003b,1188,0.6448853015899658,0.36758707960446674,0.33301305770874023,0.052900211264689766,0.022049568593502045,0.27086329460144043,0.3831360836823781,0.7795892953872681,-1.5224788680998749,-3.1664596338512454,-6.211485878700386,0.0,0.0
