pair_id,actor,gender,statement,intensity,repetition,audio_clip_id,video_clip_id,label,p_audio_happy,p_audio_angry,p_audio_sad,p_audio_neutral,p_video_happy,p_video_angry,p_video_sad,p_video_neutral,p_text_happy,p_text_angry,p_text_sad,p_text_neutral,jsd_text_audio,jsd_text_video,jsd_audio_video,jsd_composite,gender_female,diff_happy,diff_angry,diff_sad,diff_neutral,jsd_max
04_1_1_1_Ahappy_Vhappy,4,female,1,1,1,04_03_01_01_01,04_03_01_01_01,0,0.36376813244115336,0.334062594647817,0.027250660311545463,0.27491861259948425,0.3308611980147616,0.26579760341392833,0.2167290155241302,0.18661218304717986,0.004626,0.024107,0.005878,0.965388,0.433903,0.534812,0.069887,0.346201,1,0.032906934426391754,0.06826499123388868,0.18947835521258474,0.08830642955230439,0.534812
21_1_2_2_Aangry_Vsad,21,male,1,2,2,21_05_02_01_02,21_04_02_01_02,1,0.44264632791665554,0.4813862863476634,0.014521825299429768,0.06144556043625138,0.2925813001619069,0.26590200928404867,0.2528271134652319,0.18868957708881243,0.004626,0.024107,0.005878,0.965388,0.734915,0.531847,0.151307,0.47269,0,0.15006502775474861,0.21548427706361473,0.23830528816580213,0.12724401665256105,0.734915
01_1_2_1_Aangry_Vhappy,1,male,1,2,1,01_05_02_01_01,01_03_02_01_01,1,0.4392844601506046,0.48534813198075977,0.034742399655160267,0.040625008213475346,0.4042910095272537,0.2323022701874262,0.18825764553129465,0.1751490747540254,0.004626,0.024107,0.005878,0.965388,0.776558,0.552241,0.107912,0.478904,0,0.03499345062335091,0.25304586179333355,0.15351524587613438,0.13452406654055007,0.776558
01_2_1_2_Aangry_Vhappy,1,male,2,1,2,01_05_01_02_02,01_03_01_02_02,1,0.36979485667318107,0.4863353557481738,0.021160468073364077,0.12270931950528093,0.3589243552639748,0.2477555572523847,0.19488120083360058,0.1984388866500398,0.008141,0.007626,0.011831,0.972402,0.650616,0.530053,0.093107,0.424592,0,0.010870501409206257,0.2385797984957891,0.1737207327602365,0.07572956714475888,0.650616
07_2_1_2_Acalm_Vhappy,7,male,2,1,2,07_02_01_02_02,07_03_01_02_02,1,0.41045573734577684,0.13604887582842465,0.09861865314206146,0.35487673368373707,0.40567745101610564,0.23228437744162486,0.18893406318151268,0.17310410836075674,0.008141,0.007626,0.011831,0.972402,0.366511,0.563407,0.042631,0.324183,0,0.0047782863296712,0.09623550161320021,0.09031541003945122,0.18177262532298033,0.563407
06_1_2_1_Asad_Vsad,6,female,1,2,1,06_04_02_01_01,06_04_02_01_01,0,0.6748320651263617,0.2028040872292656,0.058205934373092356,0.06415791327128045,0.24802460369505794,0.35070028594745406,0.24540136373893515,0.15587374661855305,0.004626,0.024107,0.005878,0.965388,0.737177,0.572604,0.1474,0.485727,1,0.42680746143130377,0.14789619871818846,0.1871954293658428,0.0917158333472726,0.737177
07_1_2_2_Asad_Vangry,7,male,1,2,2,07_04_02_01_02,07_05_02_01_02,1,0.58329118862516,0.15552323234179885,0.14587710052562042,0.11530847850742067,0.22849701640055886,0.31655793882603067,0.23060164113169712,0.22434340364171354,0.004626,0.024107,0.005878,0.965388,0.646772,0.485458,0.097862,0.410031,0,0.3547941722246012,0.16103470648423182,0.0847245406060767,0.10903492513429287,0.646772
07_2_1_2_Aangry_Vcalm,7,male,2,1,2,07_05_01_02_02,07_02_01_02_02,1,0.18042893669662138,0.7042141848530834,0.009446420533063282,0.10591045791723204,0.2737771255049547,0.24855245458477188,0.21642988262269997,0.26124053728757335,0.008141,0.007626,0.011831,0.972402,0.68503,0.455645,0.19798,0.446218,0,0.09334818880833332,0.4556617302683115,0.2069834620896367,0.15533007937034132,0.68503
16_2_2_2_Ahappy_Vangry,16,female,2,2,2,16_03_02_02_02,16_05_02_02_02,1,0.2907217667847602,0.6361081737911152,0.009368211738129763,0.063801847685995,0.24947383143472923,0.27790114121472465,0.23848901955130117,0.234136007799245,0.008141,0.007626,0.011831,0.972402,0.759816,0.485954,0.18566,0.477143,1,0.04124793535003096,0.3582070325763905,0.2291208078131714,0.17033416011325,0.759816
10_1_2_2_Ahappy_Vcalm,10,female,1,2,2,10_03_02_01_02,10_02_02_01_02,1,0.5493476939500506,0.3146573432301894,0.05467971811552317,0.08131524470423694,0.22970154533200615,0.24664745293867593,0.2743260028103326,0.2493249989189852,0.004626,0.024107,0.005878,0.965388,0.697891,0.459592,0.141736,0.433073,1,0.3196461486180444,0.06800989029151347,0.21964628469480943,0.16800975421474829,0.697891
20_1_1_2_Ahappy_Vhappy,20,female,1,1,2,20_03_01_01_02,20_03_01_01_02,0,0.478774506564376,0.3387199806037139,0.033098914642616176,0.14940659818929397,0.2873102136969295,0.22894743842658172,0.2549519578213635,0.2287903900551252,0.004626,0.024107,0.005878,0.965388,0.588487,0.484349,0.101121,0.391319,1,0.19146429286744648,0.10977254217713217,0.22185304317874732,0.07938379186583122,0.588487
09_2_1_1_Aneutral_Vsad,9,male,2,1,1,09_01_01_02_01,09_04_01_02_01,1,0.4091498848028335,0.013270132189154973,0.13451314971614167,0.44306683329186985,0.19971590714892423,0.2823781175498004,0.30448632625804123,0.21341964904323424,0.008141,0.007626,0.011831,0.972402,0.296956,0.510165,0.189246,0.332122,0,0.20943397765390925,0.26910798536064545,0.16997317654189956,0.22964718424863562,0.510165
18_2_2_2_Acalm_Vhappy,18,female,2,2,2,18_02_02_02_02,18_03_02_02_02,1,0.4424746745262646,0.20698241661757685,0.04981451778938533,0.30072839106677324,0.4117997747903371,0.24809061054035295,0.18321170513685409,0.15689790953245578,0.008141,0.007626,0.011831,0.972402,0.423057,0.585791,0.04761,0.352153,1,0.03067489973592752,0.04110819392277609,0.13339718734746875,0.14383048153431746,0.585791
06_2_2_1_Asad_Vsad,6,female,2,2,1,06_04_02_02_01,06_04_02_02_01,0,0.7660586483021402,0.09345009480501489,0.1101926948977875,0.03029856199505751,0.2362292527562073,0.3593168817596587,0.24620860683679585,0.15824525864733816,0.008141,0.007626,0.011831,0.972402,0.821881,0.582631,0.219961,0.541491,1,0.5298293955459329,0.26586678695464383,0.13601591193900836,0.12794669665228064,0.821881
14_1_1_1_Ahappy_Vhappy,14,female,1,1,1,14_03_01_01_01,14_03_01_01_01,0,0.34784727069433885,0.5870236394252732,0.023309008898271533,0.04182008098211627,0.32279093025460176,0.26316737464038054,0.20569568055933338,0.2083460145456843,0.004626,0.024107,0.005878,0.965388,0.772881,0.507473,0.149763,0.476706,1,0.02505634043973709,0.3238562647848927,0.18238667166106184,0.16652593356356804,0.772881
16_1_2_2_Aangry_Vangry,16,female,1,2,2,16_05_02_01_02,16_05_02_01_02,0,0.059180259736100874,0.9240191074345816,0.0036801486764997844,0.013120484152817705,0.23352590804307188,0.29878611790793536,0.25041626243049037,0.21727171161850237,0.004626,0.024107,0.005878,0.965388,0.852205,0.494584,0.353058,0.566616,1,0.17434564830697102,0.6252329895266462,0.24673611375399057,0.20415122746568465,0.852205
15_1_2_1_Aangry_Vangry,15,male,1,2,1,15_05_02_01_01,15_05_02_01_01,0,0.15226005060216535,0.7912120475968617,0.01111533375353781,0.04541256804743528,0.21710321169949548,0.2656799834364307,0.23931011693202067,0.2779066879320531,0.004626,0.024107,0.005878,0.965388,0.765039,0.427366,0.262125,0.484843,0,0.06484316109733013,0.5255320641604311,0.22819478317848285,0.23249411988461782,0.765039
01_2_1_2_Acalm_Vhappy,1,male,2,1,2,01_02_01_02_02,01_03_01_02_02,1,0.5219343378964294,0.09377834733464015,0.09389551434987378,0.29039180041905654,0.3589243552639748,0.2477555572523847,0.19488120083360058,0.1984388866500398,0.008141,0.007626,0.011831,0.972402,0.432207,0.530053,0.056193,0.339484,0,0.1630099826324546,0.15397720991774455,0.1009856864837268,0.09195291376901674,0.530053
12_2_2_2_Aangry_Vsad,12,female,2,2,2,12_05_02_02_02,12_04_02_02_02,1,0.0978692072804744,0.8803167319466091,0.004632070151701952,0.017181990621214567,0.2097607380582908,0.30082184986543925,0.31462128095455244,0.17479613112171757,0.008141,0.007626,0.011831,0.972402,0.878057,0.559274,0.318555,0.585295,1,0.1118915307778164,0.5794948820811698,0.30998921080285047,0.157614140500503,0.878057
15_2_1_1_Acalm_Vsad,15,male,2,1,1,15_02_01_02_01,15_04_01_02_01,1,0.5257967252205279,0.13678882218375513,0.18770926817273637,0.1497051844229807,0.2270380373461934,0.25561906309854393,0.2326278336341028,0.2847150659211598,0.008141,0.007626,0.011831,0.972402,0.597721,0.430268,0.074268,0.367419,0,0.29875868787433446,0.1188302409147888,0.04491856546136644,0.1350098814981791,0.597721
04_1_2_1_Asad_Vfearful,4,female,1,2,1,04_04_02_01_01,04_06_02_01_01,1,0.33336989561548624,0.5350973726125086,0.03619739102783029,0.095335340744175,0.19896407314768663,0.27714604491996025,0.3295680348621174,0.19432184707023567,0.004626,0.024107,0.005878,0.965388,0.667139,0.524011,0.152601,0.447917,1,0.1344058224677996,0.2579513276925483,0.2933706438342871,0.09898650632606067,0.667139
01_2_1_1_Ahappy_Vangry,1,male,2,1,1,01_03_01_02_01,01_05_01_02_01,1,0.577213146189369,0.1511002736388489,0.052453976370071535,0.2192326038017105,0.22337182469370367,0.2959615649586159,0.2345903679092812,0.24607624243839915,0.008141,0.007626,0.011831,0.972402,0.514517,0.472439,0.121263,0.369406,0,0.3538413214956654,0.14486129131976702,0.18213639153920966,0.02684363863668865,0.514517
10_1_2_2_Asad_Vsad,10,female,1,2,2,10_04_02_01_02,10_04_02_01_02,0,0.5604895582671305,0.049204192563302024,0.3079261280446516,0.0823801211249159,0.22555245154614187,0.25938914556221226,0.24431278652455965,0.27074561636708633,0.004626,0.024107,0.005878,0.965388,0.717937,0.435343,0.150627,0.434636,1,0.33493710672098864,0.21018495299891024,0.06361334152009193,0.18836549524217044,0.717937
23_2_1_1_Aangry_Vsad,23,male,2,1,1,23_05_01_02_01,23_04_01_02_01,1,0.2319082864218134,0.6903628452088375,0.006797239501823304,0.07093162886752578,0.23242437072774752,0.24874557907452632,0.22860340888415728,0.2902266413135689,0.008141,0.007626,0.011831,0.972402,0.748277,0.42455,0.224953,0.465927,0,0.0005160843059341114,0.4416172661343112,0.22180616938233397,0.2192950124460431,0.748277
18_2_1_2_Aangry_Vangry,18,female,2,1,2,18_05_01_02_02,18_05_01_02_02,0,0.1885705431181381,0.7043886537594665,0.016038995871462344,0.09100180725093318,0.22694921653286085,0.2773631658781503,0.24631430309394012,0.2493733144950488,0.008141,0.007626,0.011831,0.972402,0.707289,0.468502,0.185828,0.453873,1,0.03837867341472276,0.42702548788131617,0.23027530722247777,0.1583715072441156,0.707289
11_1_2_2_Asurprised_Vsad,11,male,1,2,2,11_08_02_01_02,11_04_02_01_02,1,0.34582540753536145,0.5445077646118341,0.029234378137883793,0.08043244971492065,0.2262557420911506,0.2644466976853143,0.2731254724533649,0.23617208777017012,0.004626,0.024107,0.005878,0.965388,0.694266,0.473729,0.155533,0.441176,0,0.11956966544421085,0.28006106692651983,0.2438910943154811,0.15573963805524949,0.694266
20_2_1_1_Afearful_Vhappy,20,female,2,1,1,20_06_01_02_01,20_03_01_02_01,1,0.3701435782608154,0.13165870061097387,0.06053623079851042,0.4376614903297003,0.2890461273749526,0.2354854076843913,0.2623256384037986,0.21314282653685745,0.008141,0.007626,0.011831,0.972402,0.297042,0.510603,0.091903,0.299849,1,0.08109745088586279,0.10382670707341743,0.20178940760528816,0.22451866379284285,0.510603
24_2_2_1_Asad_Vsurprised,24,female,2,2,1,24_04_02_02_01,24_08_02_02_01,1,0.7515652027114174,0.06507579953963365,0.11889791246633441,0.06446108528261454,0.22070801386241334,0.2655791972757961,0.3048197011927972,0.20889308766899334,0.008141,0.007626,0.011831,0.972402,0.747086,0.515541,0.216934,0.493187,1,0.530857188849004,0.20050339773616244,0.1859217887264628,0.1444320023863788,0.747086
03_1_2_2_Aangry_Vsad,3,male,1,2,2,03_05_02_01_02,03_04_02_01_02,1,0.40723049658978855,0.46315921181556,0.05150456935002533,0.07810572224462617,0.24392855898326193,0.29082435191496436,0.2874212208409926,0.17782586826078117,0.004626,0.024107,0.005878,0.965388,0.698566,0.544801,0.108943,0.45077,0,0.16330193760652661,0.17233485990059566,0.23591665149096724,0.099720146016155,0.698566
09_1_2_1_Ahappy_Vsad,9,male,1,2,1,09_03_02_01_01,09_04_02_01_01,1,0.7562667184797637,0.12941791626615629,0.04295420669941628,0.07136115855466388,0.2192257613595515,0.32882897250673254,0.2996752130526488,0.15227005308106709,0.004626,0.024107,0.005878,0.965388,0.731136,0.578411,0.233996,0.514514,0,0.5370409571202122,0.19941105624057626,0.25672100635323253,0.08090889452640321,0.731136
13_2_1_1_Aangry_Vangry,13,male,2,1,1,13_05_01_02_01,13_05_01_02_01,0,0.13609787958801595,0.7312160283351221,0.006760115189070231,0.12592597688779167,0.22927875710373183,0.25903755133320755,0.23509885058367996,0.27658484097938074,0.008141,0.007626,0.011831,0.972402,0.655838,0.438826,0.212788,0.435817,0,0.09318087751571588,0.47217847700191456,0.22833873539460972,0.15065886409158907,0.655838
16_2_2_1_Aangry_Vdisgust,16,female,2,2,1,16_05_02_02_01,16_07_02_02_01,1,0.0720601102912784,0.9076010169047096,0.003615858511967941,0.0167230142920438,0.2710281027796396,0.2549864034914448,0.2810598379515551,0.19292565577736046,0.008141,0.007626,0.011831,0.972402,0.881946,0.535583,0.375576,0.597701,1,0.19896799248836122,0.6526146134132649,0.27744397943958715,0.17620264148531667,0.881946
04_1_2_1_Afearful_Vhappy,4,female,1,2,1,04_06_02_01_01,04_03_02_01_01,1,0.5003795155872729,0.3547985080297901,0.053290226696421875,0.091531749686515,0.3298925474382307,0.26211994847784026,0.22854241217174281,0.17944509191218638,0.004626,0.024107,0.005878,0.965388,0.677867,0.544326,0.070571,0.430921,1,0.17048696814904218,0.09267855955194987,0.17525218547532095,0.08791334222567139,0.677867
04_1_1_1_Asad_Vsad,4,female,1,1,1,04_04_01_01_01,04_04_01_01_01,0,0.2363791474351803,0.2683909365175006,0.05636752461781205,0.4388623914295071,0.21404616180108632,0.26369528443104706,0.27970558583184507,0.24255296793602166,0.004626,0.024107,0.005878,0.965388,0.280258,0.466421,0.079502,0.275394,1,0.02233298563409397,0.004695652086453561,0.22333806121403302,0.19630942349348546,0.466421
19_1_1_2_Ahappy_Vangry,19,male,1,1,2,19_03_01_01_02,19_05_01_01_02,1,0.6533501137663038,0.17137069375325592,0.043234462600925325,0.132044729879515,0.3094434862505522,0.26872482276724047,0.21362592813776665,0.20820576284444064,0.004626,0.024107,0.005878,0.965388,0.623514,0.507282,0.10379,0.411529,0,0.34390662751575163,0.09735412901398455,0.1703914655368413,0.07616103296492566,0.623514
15_2_1_2_Aneutral_Vsurprised,15,male,2,1,2,15_01_01_02_02,15_08_01_02_02,0,0.2982141018733151,0.37247907249626777,0.029881938245006855,0.29942488738541034,0.2722986910488734,0.2586253110603927,0.22364385691403404,0.24543214097669983,0.008141,0.007626,0.011831,0.972402,0.42732,0.473168,0.070248,0.323579,0,0.02591541082444171,0.11385376143587506,0.1937619186690272,0.05399274640871052,0.473168
09_1_2_2_Aangry_Vsad,9,male,1,2,2,09_05_02_01_02,09_04_02_01_02,1,0.5110997938409202,0.4028271356952496,0.019043292688973854,0.06702977777485634,0.2099490976944095,0.3214994420992819,0.31322126842565157,0.15533019178065705,0.004626,0.024107,0.005878,0.965388,0.725293,0.574365,0.176608,0.492089,0,0.3011506961465107,0.0813276935959677,0.2941779757366777,0.0883004140058007,0.725293
24_2_1_1_Ahappy_Vneutral,24,female,2,1,1,24_03_01_02_01,24_01_01_02_01,1,0.32063042456691043,0.3535148309045241,0.03127341355684377,0.2945813309717217,0.23592561491175315,0.2521089860100059,0.2650632389649789,0.24690216011326202,0.008141,0.007626,0.011831,0.972402,0.431931,0.471023,0.088452,0.330469,1,0.08470480965515728,0.1014058448945182,0.23378982540813514,0.04767917085845966,0.471023
15_2_2_2_Aangry_Vsad,15,male,2,2,2,15_05_02_02_02,15_04_02_02_02,1,0.1567445700095256,0.7981659876604175,0.005571278154368428,0.03951816417568863,0.22818672868219425,0.26527329989245274,0.2843715170675942,0.22216845435775884,0.008141,0.007626,0.011831,0.972402,0.817243,0.499589,0.28145,0.532761,0,0.07144215867266865,0.5328926877679647,0.2788002389132258,0.1826502901820702,0.817243
05_2_1_1_Aangry_Vhappy,5,male,2,1,1,05_05_01_02_01,05_03_01_02_01,1,0.5230892389506682,0.21866255561181241,0.050013667804460926,0.20823453763305852,0.3347358901144475,0.23882098967112889,0.2527756093555554,0.17366751085886822,0.008141,0.007626,0.011831,0.972402,0.527062,0.561186,0.069999,0.386082,0,0.18835334883622068,0.02015843405931647,0.20276194155109445,0.034567026774190296,0.561186
15_2_1_1_Ahappy_Vcalm,15,male,2,1,1,15_03_01_02_01,15_02_01_02_01,1,0.7340965710390366,0.07437148903867305,0.0394950674212692,0.1520368725010211,0.2350189252739484,0.25876330471189035,0.26656119648882065,0.2396565735253407,0.008141,0.007626,0.011831,0.972402,0.608026,0.479266,0.211529,0.43294,0,0.4990776457650882,0.1843918156732173,0.22706612906755144,0.0876197010243196,0.608026
18_1_1_1_Ahappy_Vsad,18,female,1,1,1,18_03_01_01_01,18_04_01_01_01,1,0.4460466564090386,0.292701022366618,0.03762862521211153,0.22362369601223187,0.21033635692139285,0.2785173334263858,0.3277071116047686,0.1834391980474527,0.004626,0.024107,0.005878,0.965388,0.492846,0.53798,0.128057,0.386294,1,0.23571029948764577,0.014183688940232198,0.2900784863926571,0.04018449796477916,0.53798
20_1_2_1_Asad_Vsad,20,female,1,2,1,20_04_02_01_01,20_04_02_01_01,0,0.6944622242334644,0.051250133858736835,0.13341484424361952,0.12087279766417933,0.2497614746216595,0.22934566705821632,0.28489483671380517,0.235998021606319,0.004626,0.024107,0.005878,0.965388,0.654686,0.475792,0.15657,0.429016,1,0.44470074961180484,0.1780955331994795,0.15147999247018565,0.11512522394213967,0.654686
13_1_2_1_Aangry_Vangry,13,male,1,2,1,13_05_02_01_01,13_05_02_01_01,0,0.08460622854271985,0.8968325223346665,0.003574308183933588,0.01498694093867991,0.23494153702915205,0.27005738331416546,0.23473132368999186,0.26026975596669044,0.004626,0.024107,0.005878,0.965388,0.84592,0.446297,0.356028,0.549415,0,0.1503353084864322,0.626775139020501,0.23115701550605827,0.24528281502801053,0.84592
13_1_2_1_Asad_Vsad,13,male,1,2,1,13_04_02_01_01,13_04_02_01_01,0,0.39320507326137716,0.29523618002367014,0.03262646797109915,0.2789322787438535,0.2274443102348926,0.2621281945233664,0.2390818136418235,0.27134568159991757,0.004626,0.024107,0.005878,0.965388,0.430672,0.434575,0.080818,0.315355,0,0.16576076302648457,0.03310798550030375,0.20645534567072432,0.007586597143935947,0.434575
03_1_2_2_Aangry_Vangry,3,male,1,2,2,03_05_02_01_02,03_05_02_01_02,0,0.40723049658978855,0.46315921181556,0.05150456935002533,0.07810572224462617,0.21925511916342302,0.2813694698071047,0.24392788355251036,0.25544752747696187,0.004626,0.024107,0.005878,0.965388,0.698566,0.451095,0.121767,0.423809,0,0.18797537742636553,0.18178974200845532,0.19242331420248504,0.1773418052323357,0.698566
11_2_1_2_Ahappy_Vhappy,11,male,2,1,2,11_03_01_02_02,11_03_01_02_02,0,0.5260188583679973,0.24968959212779587,0.030962319728752512,0.19332922977545425,0.2883179992724635,0.2313174089830756,0.22465892373955368,0.2557056680049072,0.008141,0.007626,0.011831,0.972402,0.548868,0.461655,0.088522,0.366348,0,0.23770085909553385,0.018372183144720278,0.19369660401080116,0.062376438229452935,0.548868
24_1_2_2_Aangry_Vangry,24,female,1,2,2,24_05_02_01_02,24_05_02_01_02,0,0.050804161853093846,0.9143934558880851,0.008366070526590752,0.026436311732230353,0.22359809390305357,0.30367108095049583,0.2495513940010041,0.2231794311454466,0.004626,0.024107,0.005878,0.965388,0.812776,0.487297,0.324279,0.541451,1,0.17279393204995974,0.6107223749375892,0.24118532347441335,0.19674311941321626,0.812776
14_2_2_2_Ahappy_Vhappy,14,female,2,2,2,14_03_02_02_02,14_03_02_02_02,0,0.5212532708331389,0.40157251831232116,0.040172211130251566,0.03700199972428834,0.3483341948006426,0.2598524904077261,0.19947736148700634,0.19233595330462502,0.008141,0.007626,0.011831,0.972402,0.807741,0.537647,0.106757,0.484048,1,0.1729190760324963,0.14172002790459504,0.15930515035675477,0.1553339535803367,0.807741
04_1_2_1_Afearful_Vsad,4,female,1,2,1,04_06_02_01_01,04_04_02_01_01,1,0.5003795155872729,0.3547985080297901,0.053290226696421875,0.091531749686515,0.2333908497071566,0.28709763937671084,0.29154911860834265,0.18796239230779008,0.004626,0.024107,0.005878,0.965388,0.677867,0.531669,0.116019,0.441852,1,0.26698866588011627,0.06770086865307928,0.2382588919119208,0.09643064262127508,0.677867
08_1_1_1_Asad_Vhappy,8,female,1,1,1,08_04_01_01_01,08_03_01_01_01,1,0.4202617470306995,0.11586232454651212,0.11367451953926488,0.35020140888352347,0.3998484307831995,0.23441474053795333,0.19692289740810323,0.16881393127074387,0.004626,0.024107,0.005878,0.965388,0.368422,0.560573,0.046445,0.325147,1,0.020413316247500035,0.11855241599144122,0.08324837786883835,0.1813874776127796,0.560573
24_1_2_2_Acalm_Vsad,24,female,1,2,2,24_02_02_01_02,24_04_02_01_02,1,0.3995083357451294,0.1327052855011245,0.11888801815382123,0.34889836059992485,0.20854451502694968,0.29216226445735954,0.3106601391922296,0.1886330813234612,0.004626,0.024107,0.005878,0.965388,0.367494,0.530605,0.09362,0.330573,1,0.19096382071817972,0.15945697895623503,0.1917721210384084,0.16026527927646364,0.530605
09_1_2_1_Acalm_Vangry,9,male,1,2,1,09_02_02_01_01,09_05_02_01_01,1,0.39458870454029443,0.005963925883273068,0.29585496971211855,0.30359239986431386,0.20771034813425146,0.3093257181217992,0.26764129828016814,0.21532263546378116,0.004626,0.024107,0.005878,0.965388,0.446462,0.4965,0.163528,0.36883,0,0.18687835640604297,0.30336179223852616,0.028213671431950416,0.08826976440053269,0.4965
18_1_2_2_Aangry_Vsad,18,female,1,2,2,18_05_02_01_02,18_04_02_01_02,1,0.1397851141735625,0.8067974725503387,0.006611836514168144,0.04680557676193074,0.28846088326445934,0.2924394272524656,0.2638996611023391,0.155200028380736,0.004626,0.024107,0.005878,0.965388,0.763558,0.575805,0.244266,0.527876,1,0.14867576909089683,0.5143580452978731,0.25728782458817095,0.10839445161880525,0.763558
01_1_1_1_Asad_Vhappy,1,male,1,1,1,01_04_01_01_01,01_03_01_01_01,1,0.4057840851451268,0.13375527647686947,0.1563424007100401,0.30411823766796364,0.37108103556389943,0.24232313363268718,0.19345009705914992,0.19314573374426355,0.004626,0.024107,0.005878,0.965388,0.410631,0.527932,0.022456,0.32034,0,0.034703049581227385,0.10856785715581771,0.03710769634910982,0.11097250392370009,0.527932
07_2_2_1_Asad_Vcalm,7,male,2,2,1,07_04_02_02_01,07_02_02_02_01,1,0.7985469784394318,0.02961339539214827,0.14570325137590204,0.026136374792517746,0.2792036227788999,0.23732485043358295,0.22440193148594836,0.2590695953015689,0.008141,0.007626,0.011831,0.972402,0.835962,0.457917,0.246162,0.513347,0,0.5193433556605319,0.20771145504143468,0.07869868011004633,0.2329332205090512,0.835962
08_1_1_1_Aangry_Vsad,8,female,1,1,1,08_05_01_01_01,08_04_01_01_01,1,0.19295564328834341,0.7155845944761364,0.017357382125324963,0.07410238011019507,0.22943664601441915,0.24367519889930636,0.3036546941002447,0.22323346098602972,0.004626,0.024107,0.005878,0.965388,0.70538,0.489991,0.228667,0.474679,1,0.03648100272607574,0.4719093955768301,0.28629731197491975,0.14913108087583465,0.70538
13_2_1_1_Ahappy_Vhappy,13,male,2,1,1,13_03_01_02_01,13_03_01_02_01,0,0.41342697449849414,0.23630109499577115,0.013061346230437497,0.33721058427529715,0.3066064617923286,0.24736657162914855,0.21903046628566242,0.22699650029286048,0.008141,0.007626,0.011831,0.972402,0.395243,0.494608,0.093427,0.327759,0,0.10682051270616555,0.011065476633377397,0.2059691200552249,0.11021408398243668,0.494608
04_2_2_1_Ahappy_Vangry,4,female,2,2,1,04_03_02_02_01,04_05_02_02_01,1,0.19152606502878375,0.7285103005339102,0.01192184088228018,0.06804179355502571,0.21783061496275,0.2825008616325789,0.26723296210712444,0.23243556129754664,0.008141,0.007626,0.011831,0.972402,0.751671,0.487714,0.212413,0.483932,1,0.026304549933966248,0.44600943890133127,0.2553111212248443,0.16439376774252093,0.751671
22_2_1_1_Ahappy_Vsurprised,22,female,2,1,1,22_03_01_02_01,22_08_01_02_01,1,0.3771859657520788,0.33967228409407174,0.021844574374984636,0.26129717577886485,0.21584283613921582,0.2480719545533633,0.2407674603320956,0.2953177489753253,0.008141,0.007626,0.011831,0.972402,0.469848,0.419185,0.098992,0.329342,1,0.16134312961286298,0.09160032954070843,0.21892288595711096,0.03402057319646046,0.469848
06_2_1_2_Aangry_Vsad,6,female,2,1,2,06_05_01_02_02,06_04_01_02_02,1,0.11462690186032136,0.7856448866158786,0.022084758431660054,0.07764345309214014,0.1906382172457836,0.3296137293391358,0.280667924539066,0.19908012887601448,0.008141,0.007626,0.011831,0.972402,0.731791,0.528305,0.190391,0.483496,1,0.07601131538546223,0.4560311572767428,0.25858316610740595,0.12143667578387433,0.731791
06_2_2_1_Aangry_Vangry,6,female,2,2,1,06_05_02_02_01,06_05_02_02_01,0,0.1922406140479463,0.7406324135545983,0.026137792611728185,0.04098917978572724,0.20319281528871053,0.3538186463147129,0.2431604730891549,0.19982806530742173,0.008141,0.007626,0.011831,0.972402,0.803938,0.527794,0.164421,0.498718,1,0.010952201240764237,0.3868137672398854,0.2170226804774267,0.15883888552169448,0.803938
12_2_2_1_Asad_Vfearful,12,female,2,2,1,12_04_02_02_01,12_06_02_02_01,1,0.44943572357830974,0.3856561802016285,0.061145486637438566,0.10376260958262314,0.22369019650305882,0.2705098108476197,0.27008888666450964,0.23571110598481193,0.008141,0.007626,0.011831,0.972402,0.673859,0.483833,0.105498,0.421063,1,0.22574552707525092,0.11514636935400879,0.20894340002707107,0.1319484964021888,0.673859
21_1_1_1_Asurprised_Vneutral,21,male,1,1,1,21_08_01_01_01,21_01_01_01_01,0,0.45123099166026664,0.32735254836693045,0.01681829984474601,0.20459816012805684,0.22415823120046968,0.24005408379236448,0.28949675855576895,0.24629092645139677,0.004626,0.024107,0.005878,0.965388,0.517419,0.463372,0.140492,0.373761,0,0.22707276045979696,0.08729846457456597,0.2726784587110229,0.04169276632333993,0.517419
01_2_2_1_Ahappy_Vsad,1,male,2,2,1,01_03_02_02_01,01_04_02_02_01,1,0.6441450075500106,0.2264329390420244,0.03164389126040445,0.09777816214756051,0.2205934922764288,0.3029734446454093,0.24406912219798804,0.23236394088017387,0.008141,0.007626,0.011831,0.972402,0.689837,0.488103,0.169507,0.449149,0,0.4235515152735818,0.0765405056033849,0.2124252309375836,0.13458577873261335,0.689837
06_1_1_2_Aangry_Vangry,6,female,1,1,2,06_05_01_01_02,06_05_01_01_02,0,0.1299699924599982,0.7857933213539722,0.02388348697251632,0.06035319921351334,0.2082462266796426,0.333746464621144,0.23964781862053755,0.21835949007867583,0.004626,0.024107,0.005878,0.965388,0.731,0.491965,0.18263,0.468532,1,0.07827623421964439,0.4520468567328282,0.21576433164802122,0.1580062908651625,0.731
23_2_1_1_Ahappy_Vdisgust,23,male,2,1,1,23_03_01_02_01,23_07_01_02_01,1,0.4760035119335899,0.3276452969601238,0.023710974871218395,0.17264021623506784,0.2267370970234621,0.2823794841511501,0.2675343453348622,0.22334907349052546,0.008141,0.007626,0.011831,0.972402,0.577374,0.498366,0.12249,0.39941,0,0.24926641491012783,0.04526581280897368,0.2438233704636438,0.05070885725545762,0.577374
01_1_1_1_Afearful_Vsurprised,1,male,1,1,1,01_06_01_01_01,01_08_01_01_01,0,0.596188777417783,0.14005067888533604,0.09084314237880517,0.1729174013180759,0.20691237219424596,0.2878805770032959,0.24036103601805117,0.264846014784407,0.004626,0.024107,0.005878,0.965388,0.565251,0.440459,0.122074,0.375928,0,0.389276405223537,0.14782989811795985,0.149517893639246,0.0919286134663311,0.565251
06_1_1_2_Ahappy_Vsad,6,female,1,1,2,06_03_01_01_02,06_04_01_01_02,1,0.5193337842864533,0.21434729237327546,0.05993169570286948,0.2063872276374019,0.19220041306614558,0.3288769949815008,0.27971774050833115,0.19920485144402253,0.004626,0.024107,0.005878,0.965388,0.516829,0.515695,0.12082,0.384448,1,0.3271333712203077,0.11452970260822534,0.21978604480546166,0.007182376193379358,0.516829
13_1_2_2_Ahappy_Vdisgust,13,male,1,2,2,13_03_02_01_02,13_07_02_01_02,1,0.5447080708711811,0.32511501853986774,0.01610327697393298,0.1140736336150181,0.2509855944952224,0.2751409884543159,0.24163057892790238,0.23224283812255933,0.004626,0.024107,0.005878,0.965388,0.645562,0.47787,0.141799,0.421744,0,0.2937224763759587,0.049974030085551846,0.2255273019539694,0.11816920450754123,0.645562
08_2_2_1_Asad_Vangry,8,female,2,2,1,08_04_02_02_01,08_05_02_02_01,1,0.6297113122652074,0.08292644643132296,0.14765424881916944,0.13970799248430013,0.22108157801533693,0.27139431371063477,0.2708079983188677,0.23671610995516063,0.008141,0.007626,0.011831,0.972402,0.616046,0.482677,0.134273,0.410999,1,0.4086297342498705,0.1884678672793118,0.12315374949969826,0.0970081174708605,0.616046
20_2_2_1_Ahappy_Vhappy,20,female,2,2,1,20_03_02_02_01,20_03_02_02_01,0,0.33269857201490893,0.5843563803401812,0.013991684971658902,0.0689533626732508,0.289779127794031,0.23903768991091712,0.24449951280151747,0.2266836694935345,0.008141,0.007626,0.011831,0.972402,0.746926,0.494581,0.176934,0.472814,1,0.042919444220877956,0.3453186904292641,0.23050782782985857,0.1577303068202837,0.746926
07_1_2_2_Asad_Vsad,7,male,1,2,2,07_04_02_01_02,07_04_02_01_02,0,0.58329118862516,0.15552323234179885,0.14587710052562042,0.11530847850742067,0.2401579090392704,0.30501067527603115,0.2729036916849276,0.18192772399977078,0.004626,0.024107,0.005878,0.965388,0.646772,0.538796,0.090549,0.425373,0,0.3431332795858897,0.1494874429342323,0.1270265911593072,0.06661924549235011,0.646772
24_2_1_1_Aneutral_Vangry,24,female,2,1,1,24_01_01_02_01,24_05_01_02_01,1,0.31299127394872733,0.25634404756692636,0.05767813100177329,0.3729865474825731,0.23723078348239637,0.2717102010301679,0.25766461013253217,0.23339440535490344,0.008141,0.007626,0.011831,0.972402,0.351926,0.4866,0.065077,0.301201,1,0.07576049046633096,0.01536615346324155,0.19998647913075887,0.13959214212766966,0.4866
09_1_1_1_Aangry_Vneutral,9,male,1,1,1,09_05_01_01_01,09_01_01_01_01,1,0.5240063149288441,0.04901333944138894,0.17187533772336464,0.2551050079064023,0.20948907635364847,0.25235044637167087,0.2656916730361061,0.2724688042385746,0.004626,0.024107,0.005878,0.965388,0.477463,0.433808,0.111929,0.341067,0,0.31451723857519565,0.20333710693028192,0.09381633531274144,0.017363796332172332,0.477463
11_2_1_1_Afearful_Vcalm,11,male,2,1,1,11_06_01_02_01,11_02_01_02_01,0,0.5259526659324882,0.3039425144882557,0.035914127881669,0.13419069169758693,0.23761920835753314,0.22597074139705753,0.22568914476448051,0.3107209054809289,0.008141,0.007626,0.011831,0.972402,0.62958,0.403704,0.125703,0.386329,0,0.2883334575749551,0.07797177309119818,0.1897750168828115,0.17653021378334197,0.62958
11_2_2_2_Asad_Vdisgust,11,male,2,2,2,11_04_02_02_02,11_07_02_02_02,1,0.664251061530869,0.19836784840162106,0.06749712933353076,0.06988396073397912,0.2431756290833569,0.25377621964023306,0.2554776307068395,0.24757052056957052,0.008141,0.007626,0.011831,0.972402,0.735701,0.470351,0.155793,0.453948,0,0.4210754324475121,0.055408371238612,0.18798050137330874,0.1776865598355914,0.735701
11_2_1_1_Asurprised_Vneutral,11,male,2,1,1,11_08_01_02_01,11_01_01_02_01,0,0.32674329140589065,0.5586761784428947,0.02378904068118355,0.09079148947003109,0.22420844934992537,0.2287675213518698,0.23320810831464828,0.3138159209835566,0.008141,0.007626,0.011831,0.972402,0.703125,0.400543,0.176578,0.426749,0,0.10253484205596528,0.3299086570910249,0.20941906763346474,0.22302443151352552,0.703125
13_2_2_2_Asad_Vsurprised,13,male,2,2,2,13_04_02_02_02,13_08_02_02_02,1,0.4977390166753622,0.09600776896715262,0.0791194122046972,0.327133802152788,0.23461521574717556,0.2566946089981689,0.2343536640170587,0.2743365112375969,0.008141,0.007626,0.011831,0.972402,0.396,0.441219,0.092935,0.310052,0,0.26312380092818666,0.1606868400310163,0.1552342518123615,0.052797290915191086,0.441219
11_1_1_1_Asad_Vdisgust,11,male,1,1,1,11_04_01_01_01,11_07_01_01_01,1,0.49693652899428997,0.19836757948758837,0.08244013739100074,0.22225575412712098,0.248707599811855,0.2458660112720446,0.2569767198640478,0.24844966905205246,0.004626,0.024107,0.005878,0.965388,0.497426,0.460656,0.066717,0.3416,0,0.24822892918243497,0.04749843178445623,0.17453658247304704,0.026193914924931477,0.497426
23_1_1_2_Asad_Vangry,23,male,1,1,2,23_04_01_01_02,23_05_01_01_02,1,0.5022819275570756,0.10956482368274632,0.07506077534200788,0.31309247341817026,0.21542984785151095,0.26413223967905847,0.26304496377225034,0.2573929486971802,0.004626,0.024107,0.005878,0.965388,0.406936,0.4497,0.108187,0.321608,0,0.2868520797055646,0.15456741599631213,0.18798418843024245,0.055699524720990046,0.4497
09_1_2_1_Acalm_Vsad,9,male,1,2,1,09_02_02_01_01,09_04_02_01_01,1,0.39458870454029443,0.005963925883273068,0.29585496971211855,0.30359239986431386,0.2192257613595515,0.32882897250673254,0.2996752130526488,0.15227005308106709,0.004626,0.024107,0.005878,0.965388,0.446462,0.578411,0.182603,0.402492,0,0.17536294318074294,0.3228650466234595,0.0038202433405302716,0.15132234678324677,0.578411
09_2_2_1_Asad_Vhappy,9,male,2,2,1,09_04_02_02_01,09_03_02_02_01,1,0.5664988207397692,0.002562533880925952,0.3822574644219707,0.0486811809573341,0.2919316229279138,0.25149455742107474,0.2645765370092596,0.191997282641752,0.008141,0.007626,0.011831,0.972402,0.785566,0.536938,0.189616,0.50404,0,0.2745671978118554,0.2489320235401488,0.11768092741271113,0.1433161016844179,0.785566
01_2_1_2_Ahappy_Vhappy,1,male,2,1,2,01_03_01_02_02,01_03_01_02_02,0,0.5100201344575355,0.21938110003866096,0.04634473462299631,0.2242540308808074,0.3589243552639748,0.2477555572523847,0.19488120083360058,0.1984388866500398,0.008141,0.007626,0.011831,0.972402,0.508077,0.530053,0.046189,0.36144,0,0.15109577919356065,0.028374457213723753,0.14853646621060426,0.025815144230767584,0.530053
12_2_2_2_Asad_Vsad,12,female,2,2,2,12_04_02_02_02,12_04_02_02_02,0,0.5118754398117343,0.3422537054761932,0.07457546243894038,0.07129539227313209,0.2097607380582908,0.30082184986543925,0.31462128095455244,0.17479613112171757,0.008141,0.007626,0.011831,0.972402,0.730734,0.559274,0.121656,0.470555,1,0.30211470175344357,0.041431855610753965,0.24004581851561207,0.10350073884858549,0.730734
18_2_2_2_Asad_Vhappy,18,female,2,2,2,18_04_02_02_02,18_03_02_02_02,1,0.68135361725419,0.18593156664364763,0.08144141623123402,0.05127339987092847,0.4117997747903371,0.24809061054035295,0.18321170513685409,0.15689790953245578,0.008141,0.007626,0.011831,0.972402,0.772543,0.585791,0.062188,0.473507,1,0.2695538424638529,0.06215904389670532,0.10177028890562007,0.10562450966152731,0.772543
02_1_2_1_Aangry_Vsurprised,2,female,1,2,1,02_05_02_01_01,02_08_02_01_01,1,0.052692876527364124,0.9150327578490653,0.003644223933933777,0.028630141689636672,0.23843397696366495,0.26818906204093534,0.28093618214436133,0.2124407788510385,0.004626,0.024107,0.005878,0.965388,0.809368,0.501773,0.366436,0.559192,1,0.18574110043630082,0.6468436958081301,0.27729195821042757,0.1838106371614018,0.809368
04_1_2_1_Ahappy_Vsad,4,female,1,2,1,04_03_02_01_01,04_04_02_01_01,1,0.48058784629064094,0.4001950137015512,0.04831631523751432,0.07090082477029355,0.2333908497071566,0.28709763937671084,0.29154911860834265,0.18796239230779008,0.004626,0.024107,0.005878,0.965388,0.714446,0.531669,0.127757,0.457957,1,0.24719699658348435,0.11309737432484035,0.24323280337082834,0.11706156753749652,0.714446
06_1_2_1_Aangry_Vsad,6,female,1,2,1,06_05_02_01_01,06_04_02_01_01,1,0.3000805335853889,0.6215706643426249,0.023591605882782158,0.05475719618920406,0.24802460369505794,0.35070028594745406,0.24540136373893515,0.15587374661855305,0.004626,0.024107,0.005878,0.965388,0.743913,0.572604,0.124449,0.480322,1,0.05205592989033095,0.2708703783951708,0.22180975785615298,0.10111655042934899,0.743913
15_1_2_1_Ahappy_Vhappy,15,male,1,2,1,15_03_02_01_01,15_03_02_01_01,0,0.26921049167681765,0.5986422377159195,0.03126430041746686,0.10088297018979604,0.30774985842896835,0.26130774922397304,0.21775337558949703,0.2131890167575617,0.004626,0.024107,0.005878,0.965388,0.656971,0.501505,0.12141,0.426629,0,0.038539366752150694,0.33733448849194647,0.18648907517203017,0.11230604656776565,0.656971
21_1_1_1_Asurprised_Vcalm,21,male,1,1,1,21_08_01_01_01,21_02_01_01_01,0,0.45123099166026664,0.32735254836693045,0.01681829984474601,0.20459816012805684,0.24143909397488908,0.25246111929168913,0.2623565541837768,0.24374323254964492,0.004626,0.024107,0.005878,0.965388,0.517419,0.465639,0.12176,0.368273,0,0.20979189768537757,0.07489142907524132,0.2455382543390308,0.03914507242158807,0.517419
22_1_2_1_Ahappy_Vhappy,22,female,1,2,1,22_03_02_01_01,22_03_02_01_01,0,0.2977624019949872,0.60613580558898,0.017470622615931068,0.07863116980010178,0.34971726022471866,0.24712902181970609,0.20173524991873837,0.20141846803683686,0.004626,0.024107,0.005878,0.965388,0.69822,0.517042,0.14345,0.452904,1,0.05195485822973145,0.35900678376927386,0.1842646273028073,0.12278729823673508,0.69822
01_2_1_1_Asad_Vangry,1,male,2,1,1,01_04_01_02_01,01_05_01_02_01,1,0.41225675948766627,0.14372894216384424,0.10694703184204503,0.3370672665064445,0.22337182469370367,0.2959615649586159,0.2345903679092812,0.24607624243839915,0.008141,0.007626,0.011831,0.972402,0.382724,0.472439,0.062735,0.305966,0,0.1888849347939626,0.15223262279477168,0.12764333606723616,0.09099102406804532,0.472439
12_2_1_2_Ahappy_Vangry,12,female,2,1,2,12_03_01_02_02,12_05_01_02_02,1,0.5180660911354502,0.2508501842687087,0.03450964595411031,0.19657407864173082,0.22124400310601813,0.267586378791293,0.24247266125793704,0.26869695684475187,0.008141,0.007626,0.011831,0.972402,0.543953,0.44724,0.111832,0.367675,1,0.2968220880294321,0.01673619452258429,0.20796301530382671,0.07212287820302105,0.543953
11_2_2_2_Ahappy_Vdisgust,11,male,2,2,2,11_03_02_02_02,11_07_02_02_02,1,0.25684574079675565,0.6568178639092529,0.01773606338423488,0.0686003319097567,0.2431756290833569,0.25377621964023306,0.2554776307068395,0.24757052056957052,0.008141,0.007626,0.011831,0.972402,0.746969,0.470351,0.194806,0.470708,0,0.013670111713398742,0.40304164426901984,0.2377415673226046,0.17897018865981382,0.746969
01_2_1_1_Aangry_Vhappy,1,male,2,1,1,01_05_01_02_01,01_03_01_02_01,1,0.4972633261368727,0.33503770200617583,0.034989990961404684,0.13270898089554667,0.397995805308602,0.24016860713825983,0.18448899311793499,0.17734659443520312,0.008141,0.007626,0.011831,0.972402,0.631829,0.557783,0.052256,0.413956,0,0.09926752082827067,0.094869094867916,0.1494990021565303,0.04463761353965645,0.631829
03_1_2_1_Ahappy_Vsad,3,male,1,2,1,03_03_02_01_01,03_04_02_01_01,1,0.6001389183413975,0.265018393163988,0.07177973903328674,0.06306294946132772,0.26659869335777686,0.29151460873622964,0.2745674582875007,0.16731923961849277,0.004626,0.024107,0.005878,0.965388,0.734489,0.558956,0.111301,0.468249,0,0.3335402249836207,0.026496215572241633,0.20278771925421393,0.10425629015716505,0.734489
16_2_2_1_Aangry_Vangry,16,female,2,2,1,16_05_02_02_01,16_05_02_02_01,0,0.0720601102912784,0.9076010169047096,0.003615858511967941,0.0167230142920438,0.22151823454697836,0.2971370112142943,0.25187510268627145,0.22946965155245594,0.008141,0.007626,0.011831,0.972402,0.881946,0.491368,0.338746,0.570687,1,0.14945812425569996,0.6104640056904154,0.2482592441743035,0.21274663726041215,0.881946
19_2_2_2_Afearful_Vsad,19,male,2,2,2,19_06_02_02_02,19_04_02_02_02,1,0.6819429048144807,0.08505435693388783,0.20303454049780756,0.029968197753823866,0.32162433511196137,0.2824290044752684,0.22948357860560642,0.1664630818071637,0.008141,0.007626,0.011831,0.972402,0.818875,0.571213,0.12632,0.50547,0,0.36031856970251935,0.1973746475413806,0.02644903810779886,0.13649488405333984,0.818875
20_2_2_2_Acalm_Vangry,20,female,2,2,2,20_02_02_02_02,20_05_02_02_02,1,0.5088919682909964,0.1393920276814374,0.07000525460643592,0.2817107494211304,0.22082291033290075,0.24023826316156233,0.30361489493351623,0.23532393157202067,0.008141,0.007626,0.011831,0.972402,0.44186,0.484028,0.110238,0.345376,1,0.2880690579580956,0.10084623548012492,0.23360964032708031,0.046386817849109724,0.484028
09_1_2_2_Aangry_Vhappy,9,male,1,2,2,09_05_02_01_02,09_03_02_01_02,1,0.5110997938409202,0.4028271356952496,0.019043292688973854,0.06702977777485634,0.3814218561414106,0.2486280801037389,0.20339757717763116,0.16655248657721924,0.004626,0.024107,0.005878,0.965388,0.725293,0.562735,0.100228,0.462752,0,0.12967793769950958,0.15419905559151068,0.18435428448865732,0.0995227088023629,0.725293
09_2_1_1_Aneutral_Vhappy,9,male,2,1,1,09_01_01_02_01,09_03_01_02_01,1,0.4091498848028335,0.013270132189154973,0.13451314971614167,0.44306683329186985,0.2923127678107278,0.25760314910823806,0.24997845601240773,0.20010562706862645,0.008141,0.007626,0.011831,0.972402,0.296956,0.526833,0.150923,0.324904,0,0.1168371169921057,0.2443330169190831,0.11546530629626606,0.2429612062232434,0.526833
11_1_2_1_Aangry_Vsad,11,male,1,2,1,11_05_02_01_01,11_04_02_01_01,1,0.14500291136905555,0.8117649893186137,0.00878001995830727,0.03445207935402332,0.2423287033548142,0.24213474097458706,0.28630640157610043,0.22923015409449837,0.004626,0.024107,0.005878,0.965388,0.791074,0.482975,0.303276,0.525775,0,0.09732579198575866,0.5696302483440266,0.27752638161779314,0.19477807474047504,0.791074
15_2_1_1_Acalm_Vangry,15,male,2,1,1,15_02_01_02_01,15_05_01_02_01,1,0.5257967252205279,0.13678882218375513,0.18770926817273637,0.1497051844229807,0.2219742815993685,0.25214711109810917,0.2440351457663676,0.28184346153615486,0.008141,0.007626,0.011831,0.972402,0.597721,0.433157,0.075853,0.36891,0,0.3038224436211594,0.11535828891435404,0.056325877593631224,0.13213827711317416,0.597721
09_1_2_1_Acalm_Vhappy,9,male,1,2,1,09_02_02_01_01,09_03_02_01_01,1,0.39458870454029443,0.005963925883273068,0.29585496971211855,0.30359239986431386,0.35233524939022076,0.25376201998839193,0.21929111875366944,0.17461161186771787,0.004626,0.024107,0.005878,0.965388,0.446462,0.551321,0.127061,0.374948,0,0.04225345515007367,0.24779809410511885,0.07656385095844911,0.12898078799659599,0.551321
02_1_1_2_Aangry_Vsad,2,female,1,1,2,02_05_01_01_02,02_04_01_01_02,1,0.1655338813739638,0.7019484167404307,0.012410856428588137,0.1201068454570173,0.20647862686274843,0.278678699328042,0.2525778853149207,0.2622647884942889,0.004626,0.024107,0.005878,0.965388,0.627698,0.443667,0.185616,0.418994,1,0.04094474548878463,0.4232697174123887,0.24016702888633257,0.1421579430372716,0.627698
11_2_1_2_Aangry_Vsad,11,male,2,1,2,11_05_01_02_02,11_04_01_02_02,1,0.10592054658405761,0.8274846116513445,0.007590091547318591,0.05900475021727935,0.21942453393937578,0.2322097367546784,0.26250909452012355,0.28585663478582224,0.008141,0.007626,0.011831,0.972402,0.775061,0.428756,0.311192,0.505003,0,0.11350398735531816,0.5952748748966661,0.25491900297280495,0.22685188456854288,0.775061
24_2_1_2_Aangry_Vsad,24,female,2,1,2,24_05_01_02_02,24_04_01_02_02,1,0.24734022746845097,0.5439497195754597,0.03900420460823514,0.16970584834785432,0.22406205181821848,0.24451314159098878,0.2598923068367999,0.2715324997539927,0.008141,0.007626,0.011831,0.972402,0.578845,0.443956,0.116968,0.379923,1,0.02327817565023249,0.2994365779844709,0.22088810222856478,0.10182665140613836,0.578845
21_1_1_1_Ahappy_Vcalm,21,male,1,1,1,21_03_01_01_01,21_02_01_01_01,1,0.420504437047677,0.22465549166024076,0.03160343643002175,0.32323663486206056,0.24143909397488908,0.25246111929168913,0.2623565541837768,0.24374323254964492,0.004626,0.024107,0.005878,0.965388,0.389175,0.465639,0.096922,0.317245,0,0.1790653430727879,0.027805627631448365,0.23075311775375504,0.07949340231241564,0.465639
13_1_2_2_Adisgust_Vsad,13,male,1,2,2,13_07_02_01_02,13_04_02_01_02,1,0.30291610729890966,0.4490813345467126,0.01786230024136914,0.23014025791300866,0.22603594822688164,0.26277959298796544,0.23546914033505606,0.275715318450097,0.004626,0.024107,0.005878,0.965388,0.481967,0.429856,0.103395,0.338406,0,0.07688015907202803,0.18630174155874718,0.21760684009368692,0.04557506053708835,0.481967
09_1_2_1_Asad_Vdisgust,9,male,1,2,1,09_04_02_01_01,09_07_02_01_01,1,0.568750914271968,0.0069719043439983855,0.33715533900074685,0.08712184238328674,0.24531545754864878,0.3162617997660255,0.27500602814716363,0.1634167145381622,0.004626,0.024107,0.005878,0.965388,0.730457,0.563273,0.195793,0.496508,0,0.3234354567233192,0.3092898954220271,0.06214931085358322,0.07629487215487546,0.730457
23_1_1_2_Ahappy_Vangry,23,male,1,1,2,23_03_01_01_02,23_05_01_01_02,1,0.3797632887960125,0.42408318547783175,0.013323101676004846,0.1828304240501509,0.21542984785151095,0.26413223967905847,0.26304496377225034,0.2573929486971802,0.004626,0.024107,0.005878,0.965388,0.542561,0.4497,0.134355,0.375539,0,0.16433344094450156,0.15995094579877328,0.2497218620962455,0.07456252464702931,0.542561
02_2_2_1_Asurprised_Vsad,2,female,2,2,1,02_08_02_02_01,02_04_02_02_01,1,0.1524882559257471,0.775652328820322,0.006776527358338525,0.06508288789559233,0.20280676025158198,0.29189599722741394,0.2679056811993101,0.237391561321694,0.008141,0.007626,0.011831,0.972402,0.761574,0.482075,0.236637,0.493429,1,0.05031850432583487,0.48375633159290804,0.2611291538409716,0.17230867342610168,0.761574
11_1_2_1_Asad_Vhappy,11,male,1,2,1,11_04_02_01_01,11_03_02_01_01,1,0.5855851125987438,0.24477511637268035,0.056404148136415484,0.11323562289216034,0.33137907360321756,0.241651095618826,0.21213446832542224,0.2148353624525343,0.004626,0.024107,0.005878,0.965388,0.646583,0.500641,0.071998,0.406407,0,0.25420603899552624,0.003124020753854345,0.15573032018900676,0.10159973956037395,0.646583
24_2_1_2_Ahappy_Vhappy,24,female,2,1,2,24_03_01_02_02,24_03_01_02_02,0,0.46770105426331005,0.29086850327953556,0.035977042601367575,0.20545339985578678,0.37296475102932564,0.24715775533686024,0.199667117592855,0.18021037604095916,0.008141,0.007626,0.011831,0.972402,0.532138,0.553503,0.050923,0.378854,1,0.09473630323398441,0.04371074794267532,0.1636900749914874,0.025243023814827625,0.553503
04_2_2_1_Asurprised_Vsad,4,female,2,2,1,04_08_02_02_01,04_04_02_02_01,1,0.2496799197905739,0.6885383902399933,0.01040890032206911,0.05137278964736363,0.23368778621282796,0.2851561320503108,0.29328159624601746,0.1878744854908437,0.008141,0.007626,0.011831,0.972402,0.785547,0.54207,0.211313,0.512977,1,0.015992133577745954,0.4033822581896825,0.28287269592394837,0.13650169584348007,0.785547
11_1_2_2_Aangry_Vdisgust,11,male,1,2,2,11_05_02_01_02,11_07_02_01_02,1,0.13709308658496994,0.8311331311564348,0.011849056671545784,0.0199247255870494,0.22737973045188667,0.2525744237318747,0.2566164488170826,0.2634293969991561,0.004626,0.024107,0.005878,0.965388,0.827677,0.443624,0.314434,0.528578,0,0.09028664386691673,0.5785587074245602,0.24476739214553683,0.2435046714121067,0.827677
02_1_1_2_Aangry_Vhappy,2,female,1,1,2,02_05_01_01_02,02_03_01_01_02,1,0.1655338813739638,0.7019484167404307,0.012410856428588137,0.1201068454570173,0.3368570357004941,0.23991113598248107,0.20058707232124043,0.22264475599578437,0.004626,0.024107,0.005878,0.965388,0.627698,0.491426,0.19049,0.436538,1,0.17132315432653028,0.4620372807579497,0.1881762158926523,0.10253791053876707,0.627698
19_1_2_2_Aangry_Vfearful,19,male,1,2,2,19_05_02_01_02,19_06_02_01_02,1,0.2610399749070185,0.6982557956373986,0.008923025759199663,0.03178120369638321,0.3372022728470925,0.2606361718112463,0.2213729223338897,0.1807886330077715,0.004626,0.024107,0.005878,0.965388,0.798224,0.542688,0.207789,0.516234,0,0.07616229794007395,0.43761962382615227,0.21244989657469004,0.1490074293113883,0.798224
09_2_1_1_Aangry_Vneutral,9,male,2,1,1,09_05_01_02_01,09_01_01_02_01,1,0.5391353361379664,0.08330854498409276,0.09010867463848689,0.2874474442394539,0.20779596485862872,0.2536890529192986,0.26824582293674876,0.2702691592853239,0.008141,0.007626,0.011831,0.972402,0.436103,0.445316,0.12105,0.334156,0,0.33133937127933766,0.17038050793520584,0.17813714829826188,0.017178284954129985,0.445316
11_1_2_2_Adisgust_Vangry,11,male,1,2,2,11_07_02_01_02,11_05_02_01_02,1,0.4730815955852563,0.3520283497004443,0.07135738801567178,0.10353266669862773,0.22641635312907107,0.25115075192694447,0.23344653622293268,0.28898635872105166,0.004626,0.024107,0.005878,0.965388,0.65632,0.416413,0.103819,0.392184,0,0.24666524245618524,0.1008775977734998,0.1620891482072609,0.18545369202242393,0.65632
15_1_2_2_Asad_Vangry,15,male,1,2,2,15_04_02_01_02,15_05_02_01_02,1,0.7429511044712845,0.10738342932776725,0.08097659141282215,0.06868887478812609,0.2102650322634165,0.28152460372910393,0.25124887178490407,0.25696149222257547,0.004626,0.024107,0.005878,0.965388,0.73678,0.449395,0.217773,0.467982,0,0.532686072207868,0.1741411744013367,0.17027228037208192,0.1882726174344494,0.73678
24_1_2_2_Aangry_Vcalm,24,female,1,2,2,24_05_02_01_02,24_02_02_01_02,1,0.050804161853093846,0.9143934558880851,0.008366070526590752,0.026436311732230353,0.28463935452342104,0.2457662084979977,0.2315601684071651,0.23803426857141616,0.004626,0.024107,0.005878,0.965388,0.812776,0.472698,0.376776,0.554084,1,0.2338351926703272,0.6686272473900874,0.22319409788057434,0.2115979568391858,0.812776
24_1_1_1_Ahappy_Vangry,24,female,1,1,1,24_03_01_01_01,24_05_01_01_01,1,0.37572488957674066,0.3834020253945891,0.032153664916091174,0.20871942011257905,0.23161523653637262,0.2763296581848175,0.24424861872187897,0.24780648655693088,0.004626,0.024107,0.005878,0.965388,0.507762,0.459898,0.086469,0.351376,1,0.14410965304036805,0.10707236720977165,0.2120949538057878,0.03908706644435184,0.507762
04_1_2_1_Asad_Vhappy,4,female,1,2,1,04_04_02_01_01,04_03_02_01_01,1,0.33336989561548624,0.5350973726125086,0.03619739102783029,0.095335340744175,0.3298925474382307,0.26211994847784026,0.22854241217174281,0.17944509191218638,0.004626,0.024107,0.005878,0.965388,0.667139,0.544326,0.100024,0.437163,1,0.003477348177255535,0.2729774241346683,0.19234502114391253,0.08410975116801138,0.667139
04_2_1_2_Aangry_Vsad,4,female,2,1,2,04_05_01_02_02,04_04_01_02_02,1,0.138134429192373,0.723618115285981,0.010213761614627736,0.12803369390701835,0.21464702843713276,0.26374624695583226,0.27886432051758897,0.242742404089446,0.008141,0.007626,0.011831,0.972402,0.65034,0.475712,0.212038,0.44603,1,0.07651259924475975,0.4598718683301487,0.26865055890296125,0.11470871018242765,0.65034
08_1_1_2_Aangry_Vfearful,8,female,1,1,2,08_05_01_01_02,08_06_01_01_02,1,0.2279782016506706,0.6667783019609866,0.020955241768912992,0.08428825461942982,0.2393292163954508,0.244259837194005,0.31759417763734116,0.198816768773203,0.004626,0.024107,0.005878,0.965388,0.686383,0.519896,0.203334,0.469871,1,0.011351014744780202,0.4225184647669816,0.29663893586842816,0.11452851415377319,0.686383
09_2_2_1_Ahappy_Vhappy,9,male,2,2,1,09_03_02_02_01,09_03_02_02_01,0,0.6700991296874199,0.23483006741002385,0.029503744448563973,0.06556705845399227,0.2919316229279138,0.25149455742107474,0.2645765370092596,0.191997282641752,0.008141,0.007626,0.011831,0.972402,0.749495,0.536938,0.156606,0.481013,0,0.3781675067595061,0.016664490011050886,0.23507279256069563,0.12643022418775973,0.749495
20_2_1_1_Aangry_Vangry,20,female,2,1,1,20_05_01_02_01,20_05_01_02_01,0,0.35568014307568796,0.3968719714854553,0.023769673777008317,0.22367821166184843,0.2468984504830581,0.2398222929258004,0.23270376286497646,0.28057549372616514,0.008141,0.007626,0.011831,0.972402,0.512517,0.434578,0.094686,0.34726,1,0.10878169259262985,0.15704967855965488,0.20893408908796815,0.05689728206431671,0.512517
23_2_2_2_Aangry_Vangry,23,male,2,2,2,23_05_02_02_02,23_05_02_02_02,0,0.08645997355927142,0.8996499096646299,0.003585689284431501,0.010304427491667004,0.2164073730935932,0.26787297930215925,0.24564801191122593,0.27007163569302167,0.008141,0.007626,0.011831,0.972402,0.900914,0.445738,0.370355,0.572336,0,0.12994739953432177,0.6317769303624706,0.24206232262679442,0.2597672082013547,0.900914
20_2_1_1_Ahappy_Vhappy,20,female,2,1,1,20_03_01_02_01,20_03_01_02_01,0,0.5209408261792552,0.27282044485892487,0.04171186876320654,0.16452686019861354,0.2890461273749526,0.2354854076843913,0.2623256384037986,0.21314282653685745,0.008141,0.007626,0.011831,0.972402,0.584948,0.510603,0.091865,0.395805,1,0.23189469880430258,0.03733503717453357,0.22061376964059204,0.048615966338243916,0.584948
16_2_2_1_Asad_Vdisgust,16,female,2,2,1,16_04_02_02_01,16_07_02_02_01,1,0.5817525041477661,0.20732768215412192,0.07785221343399391,0.133067600264118,0.2710281027796396,0.2549864034914448,0.2810598379515551,0.19292565577736046,0.008141,0.007626,0.011831,0.972402,0.626829,0.535583,0.09161,0.418007,1,0.3107244013681265,0.04765872133732288,0.2032076245175612,0.05985805551324244,0.626829
10_1_1_2_Asad_Vsurprised,10,female,1,1,2,10_04_01_01_02,10_08_01_01_02,1,0.4496005404013634,0.09101718439129364,0.21650011272122885,0.2428821624861141,0.22731290829222112,0.25317882852473095,0.2547042642419405,0.26480399894110757,0.004626,0.024107,0.005878,0.965388,0.481803,0.442091,0.05696,0.326951,1,0.22228763210914226,0.1621616441334373,0.03820415152071163,0.02192183645499346,0.481803
13_2_2_2_Acalm_Vsad,13,male,2,2,2,13_02_02_02_02,13_04_02_02_02,1,0.4272993645714266,0.12100974402741968,0.045593361882679095,0.40609752951847466,0.22782394300259623,0.2492444994373665,0.23786078458140383,0.2850707729786334,0.008141,0.007626,0.011831,0.972402,0.326061,0.429818,0.097837,0.284572,0,0.19947542156883036,0.12823475540994683,0.19226742269872474,0.12102675653984124,0.429818
19_2_2_2_Ahappy_Vfearful,19,male,2,2,2,19_03_02_02_02,19_06_02_02_02,1,0.33227074409287366,0.4682806768321693,0.0463238720375986,0.15312470703735834,0.3271428430243084,0.2711322729409962,0.2160162676456107,0.18570861638908479,0.008141,0.007626,0.011831,0.972402,0.599979,0.545799,0.06329,0.403023,0,0.005127901068565255,0.1971484038911731,0.16969239560801208,0.03258390935172645,0.599979
24_1_1_1_Aangry_Vhappy,24,female,1,1,1,24_05_01_01_01,24_03_01_01_01,1,0.07976833737895934,0.8676165870571098,0.008687087147420463,0.04392798841651051,0.33767089895733887,0.25220678938170704,0.22078775653439675,0.18933455512655725,0.004626,0.024107,0.005878,0.965388,0.76973,0.531977,0.31415,0.538619,1,0.25790256157837954,0.6154097976754027,0.21210066938697628,0.14540656671004676,0.76973
13_1_2_1_Aangry_Vhappy,13,male,1,2,1,13_05_02_01_01,13_03_02_01_01,1,0.08460622854271985,0.8968325223346665,0.003574308183933588,0.01498694093867991,0.4193763874339363,0.23740866282251047,0.1754485169950548,0.1677664327484985,0.004626,0.024107,0.005878,0.965388,0.84592,0.562128,0.365698,0.591249,0,0.3347701588912164,0.659423859512156,0.1718742088111212,0.1527794918098186,0.84592
18_1_2_1_Asad_Vsurprised,18,female,1,2,1,18_04_02_01_01,18_08_02_01_01,1,0.6171283730435315,0.24947750845727504,0.07960192947888432,0.053792189020309224,0.28216131252107446,0.3015779959729642,0.23282700544194632,0.18343368606401508,0.004626,0.024107,0.005878,0.965388,0.754135,0.537121,0.1032,0.464819,1,0.33496706052245706,0.05210048751568916,0.153225075963062,0.12964149704370587,0.754135
21_2_1_2_Ahappy_Vangry,21,male,2,1,2,21_03_01_02_02,21_05_01_02_02,1,0.49569281786586505,0.2301457164478872,0.04218778261530935,0.23197368307093824,0.20111326700344617,0.32362978333764136,0.26571501926727426,0.2095419303916381,0.008141,0.007626,0.011831,0.972402,0.499447,0.51534,0.117709,0.377499,0,0.2945795508624189,0.09348406688975416,0.2235272366519649,0.022431752679300143,0.51534
23_2_2_2_Asurprised_Vangry,23,male,2,2,2,23_08_02_02_02,23_05_02_02_02,1,0.36168026676751025,0.5485274485655068,0.009232724696723149,0.08055955997025972,0.2164073730935932,0.26787297930215925,0.24564801191122593,0.27007163569302167,0.008141,0.007626,0.011831,0.972402,0.72711,0.445738,0.186624,0.453158,0,0.14527289367391705,0.2806544692633476,0.23641528721450278,0.18951207572276196,0.72711
06_1_2_1_Asad_Vangry,6,female,1,2,1,06_04_02_01_01,06_05_02_01_01,1,0.6748320651263617,0.2028040872292656,0.058205934373092356,0.06415791327128045,0.20883694256053237,0.34942157218711356,0.24514080729677773,0.19660067795557648,0.004626,0.024107,0.005878,0.965388,0.737177,0.518284,0.177605,0.477689,1,0.46599512256582937,0.14661748495784796,0.18693487292368538,0.13244276468429603,0.737177
01_2_2_1_Aangry_Vfearful,1,male,2,2,1,01_05_02_02_01,01_06_02_02_01,1,0.5622101336779035,0.35691784236609864,0.019589330880477616,0.061282693075520374,0.20775750111770244,0.2933610636160907,0.23624778867228224,0.26263364659392446,0.008141,0.007626,0.011831,0.972402,0.759719,0.454052,0.19003,0.467934,0,0.3544526325602011,0.06355677875000793,0.21665845779180462,0.2013509535184041,0.759719
13_1_2_1_Aangry_Vcalm,13,male,1,2,1,13_05_02_01_01,13_02_02_01_01,1,0.08460622854271985,0.8968325223346665,0.003574308183933588,0.01498694093867991,0.3091548350717877,0.25357699640148623,0.21622281383876812,0.22104535468795797,0.004626,0.024107,0.005878,0.965388,0.84592,0.492413,0.361069,0.566467,0,0.22454860652906786,0.6432555259331802,0.21264850565483454,0.20605841374927805,0.84592
14_1_1_1_Aangry_Vhappy,14,female,1,1,1,14_05_01_01_01,14_03_01_01_01,1,0.10801250199759055,0.8363029665673563,0.010607922102143615,0.04507660933290969,0.32279093025460176,0.26316737464038054,0.20569568055933338,0.2083460145456843,0.004626,0.024107,0.005878,0.965388,0.766126,0.507473,0.272415,0.515338,1,0.2147784282570112,0.5731355919269757,0.19508775845718976,0.1632694052127746,0.766126
12_2_2_2_Aangry_Vangry,12,female,2,2,2,12_05_02_02_02,12_05_02_02_02,0,0.0978692072804744,0.8803167319466091,0.004632070151701952,0.017181990621214567,0.21803163685984267,0.2893989834550883,0.24742345241091107,0.24514592727415802,0.008141,0.007626,0.011831,0.972402,0.878057,0.473331,0.324465,0.558618,1,0.12016242957936828,0.5909177484915208,0.24279138225920913,0.22796393665294346,0.878057
04_1_2_2_Ahappy_Vangry,4,female,1,2,2,04_03_02_01_02,04_05_02_01_02,1,0.28258127813508055,0.6151237484082661,0.02193898355574491,0.08035598990090843,0.2174710163495395,0.2731858702275634,0.2722079736521911,0.23713513977070602,0.004626,0.024107,0.005878,0.965388,0.694093,0.472204,0.171745,0.446014,1,0.06511026178554105,0.3419378781807027,0.2502689900964462,0.15677914986979757,0.694093
21_1_2_1_Aangry_Vhappy,21,male,1,2,1,21_05_02_01_01,21_03_02_01_01,1,0.4746265184123628,0.4339811299759714,0.020253869867455452,0.07113848174421046,0.3565975676360656,0.2525736928458015,0.21276625807890562,0.17806248143922723,0.004626,0.024107,0.005878,0.965388,0.716029,0.546836,0.107521,0.456796,0,0.11802895077629721,0.18140743713016988,0.19251238821145017,0.10692399969501677,0.716029
16_1_2_1_Asad_Vhappy,16,female,1,2,1,16_04_02_01_01,16_03_02_01_01,1,0.668077306843452,0.10638734449418752,0.11500187655074609,0.11053347211161434,0.4047808154966212,0.21974283480624482,0.1884333174120525,0.1870430322850814,0.004626,0.024107,0.005878,0.965388,0.661129,0.537316,0.051706,0.416717,1,0.2632964913468308,0.1133554903120573,0.0734314408613064,0.07650956017346706,0.661129
23_2_1_2_Aneutral_Vhappy,23,male,2,1,2,23_01_01_02_02,23_03_01_02_02,1,0.4429443744561213,0.2979271268133025,0.022810275445027763,0.23631822328554852,0.249543622857077,0.2453021473867329,0.3021461412561815,0.2030080885000086,0.008141,0.007626,0.011831,0.972402,0.498004,0.522741,0.125402,0.382049,0,0.19340075159904427,0.05262497942656963,0.2793358658111537,0.03331013478553993,0.522741
08_2_1_1_Ahappy_Vhappy,8,female,2,1,1,08_03_01_02_01,08_03_01_02_01,0,0.5929399422202812,0.19152273250651647,0.029754441711762714,0.18578288356143963,0.4040180245518437,0.23108590999876694,0.1952509665804354,0.16964509886895404,0.008141,0.007626,0.011831,0.972402,0.559761,0.567923,0.063695,0.397126,1,0.18892191766843752,0.03956317749225047,0.16549652486867267,0.016137784692485585,0.567923
04_1_2_1_Ahappy_Vangry,4,female,1,2,1,04_03_02_01_01,04_05_02_01_01,1,0.48058784629064094,0.4001950137015512,0.04831631523751432,0.07090082477029355,0.21688373769965405,0.27974272715810694,0.27628752200386797,0.22708601313837096,0.004626,0.024107,0.005878,0.965388,0.714446,0.483649,0.139453,0.445849,1,0.2637041085909869,0.12045228654344425,0.22797120676635366,0.1561851883680774,0.714446
04_2_2_1_Ahappy_Vsad,4,female,2,2,1,04_03_02_02_01,04_04_02_02_01,1,0.19152606502878375,0.7285103005339102,0.01192184088228018,0.06804179355502571,0.23368778621282796,0.2851561320503108,0.29328159624601746,0.1878744854908437,0.008141,0.007626,0.011831,0.972402,0.751671,0.54207,0.211208,0.501649,1,0.04216172118404421,0.4433541684835994,0.2813597553637373,0.119832691935818,0.751671
03_2_2_1_Adisgust_Vdisgust,3,male,2,2,1,03_07_02_02_01,03_07_02_02_01,0,0.7255206620799411,0.17839895242401665,0.03386955609996559,0.06221082939607656,0.21067319769648868,0.2851902462044617,0.3353580416794247,0.16877851441962496,0.008141,0.007626,0.011831,0.972402,0.756261,0.567235,0.238363,0.520619,0,0.5148474643834524,0.10679129378044505,0.30148848557945906,0.10656768502354841,0.756261
02_2_2_2_Aangry_Vsad,2,female,2,2,2,02_05_02_02_02,02_04_02_02_02,1,0.07415945233022218,0.8975921241475797,0.0035763617296479615,0.024672061792550135,0.20296677327961588,0.30072247203277386,0.27553408500404275,0.22077666968356746,0.008141,0.007626,0.011831,0.972402,0.859657,0.501538,0.325334,0.562176,1,0.12880732094939368,0.5968696521148058,0.27195772327439477,0.19610460789101733,0.859657
16_1_2_2_Ahappy_Vsad,16,female,1,2,2,16_03_02_01_02,16_04_02_01_02,1,0.21262977814439182,0.7371999144732442,0.006863643653247895,0.04330666372911626,0.3355377368119944,0.22919739105652986,0.23744872164736516,0.19781615048411058,0.004626,0.024107,0.005878,0.965388,0.771458,0.522329,0.249617,0.514468,1,0.12290795866760257,0.5080025234167143,0.23058507799411726,0.15450948675499432,0.771458
09_2_1_1_Asad_Vneutral,9,male,2,1,1,09_04_01_02_01,09_01_01_02_01,1,0.4671947624634635,0.028811611346832806,0.22496359373828373,0.27903003245141994,0.20779596485862872,0.2536890529192986,0.26824582293674876,0.2702691592853239,0.008141,0.007626,0.011831,0.972402,0.443902,0.445316,0.112437,0.333885,0,0.25939879760483475,0.2248774415724658,0.04328222919846503,0.008760873166096028,0.445316
19_1_2_1_Asad_Vdisgust,19,male,1,2,1,19_04_02_01_01,19_07_02_01_01,1,0.7605512407097745,0.07569758739589745,0.11492154151956671,0.048829630374761436,0.26606023522146904,0.3074257316815455,0.24840034758094295,0.17811368551604256,0.004626,0.024107,0.005878,0.965388,0.78166,0.543811,0.190117,0.505196,0,0.4944910054883055,0.23172814428564809,0.13347880606137624,0.12928405514128113,0.78166
02_1_2_1_Ahappy_Vhappy,2,female,1,2,1,02_03_02_01_01,02_03_02_01_01,0,0.39842692537180063,0.4916162999287273,0.01973368610628134,0.09022308859319067,0.4337048499112478,0.22582146989501842,0.17204871654381496,0.1684249636499188,0.004626,0.024107,0.005878,0.965388,0.679287,0.562019,0.095624,0.445643,1,0.03527792453944717,0.26579483003370885,0.1523150304375336,0.07820187505672813,0.679287
20_2_1_1_Asad_Vfearful,20,female,2,1,1,20_04_01_02_01,20_06_01_02_01,1,0.28245096619853555,0.12238444450518529,0.08486067338759447,0.5103039159086846,0.22710106709478006,0.2288677649945201,0.2781577688856379,0.26587339902506185,0.008141,0.007626,0.011831,0.972402,0.237826,0.449916,0.081354,0.256365,1,0.055349899103755484,0.10648332048933482,0.19329709549804347,0.24443051688362277,0.449916
18_2_1_1_Aangry_Vsurprised,18,female,2,1,1,18_05_01_02_01,18_08_01_02_01,1,0.1466398521205213,0.759575744198791,0.009006204466569983,0.08477819921411772,0.24980558945176273,0.303258932583153,0.24472170187257294,0.20221377609251145,0.008141,0.007626,0.011831,0.972402,0.722923,0.524352,0.199453,0.482243,1,0.10316573733124143,0.45631681161563803,0.23571549740600295,0.11743557687839373,0.722923
02_1_2_2_Asad_Vhappy,2,female,1,2,2,02_04_02_01_02,02_03_02_01_02,1,0.3896126798241712,0.31657575601247845,0.10802555091743336,0.18578601324591704,0.45930678556617166,0.21980509935330328,0.16208494522266606,0.158803169857859,0.004626,0.024107,0.005878,0.965388,0.535331,0.57593,0.013089,0.374784,1,0.06969410574200047,0.09677065665917517,0.0540593943052327,0.026982843388058037,0.57593
04_2_2_1_Asurprised_Vhappy,4,female,2,2,1,04_08_02_02_01,04_03_02_02_01,1,0.2496799197905739,0.6885383902399933,0.01040890032206911,0.05137278964736363,0.34198511506519985,0.2621380387485441,0.21460955197898932,0.18126729420726667,0.008141,0.007626,0.011831,0.972402,0.785547,0.551675,0.186538,0.50792,1,0.09230519527462594,0.4264003514914492,0.2042006516569202,0.12989450455990303,0.785547
18_2_1_1_Asurprised_Vsad,18,female,2,1,1,18_08_01_02_01,18_04_01_02_01,1,0.3788172284643856,0.37692697130148123,0.033610489461149334,0.21064531077298387,0.20615193039150165,0.27169126681214884,0.3058623247723661,0.2162944780239834,0.008141,0.007626,0.011831,0.972402,0.525953,0.506609,0.115537,0.382699,1,0.17266529807288394,0.1052357044893324,0.27225183531121677,0.005649167250999537,0.525953
15_1_2_1_Ahappy_Vsad,15,male,1,2,1,15_03_02_01_01,15_04_02_01_01,1,0.26921049167681765,0.5986422377159195,0.03126430041746686,0.10088297018979604,0.24114244300071938,0.27491995431625355,0.2744859431538037,0.20945165952922323,0.004626,0.024107,0.005878,0.965388,0.656971,0.505125,0.138958,0.433685,0,0.028068048676098273,0.32372228339966597,0.24322164273633684,0.10856868933942719,0.656971
06_2_2_1_Afearful_Vsad,6,female,2,2,1,06_06_02_02_01,06_04_02_02_01,1,0.6166267843167427,0.25516713162995547,0.053551535823810704,0.07465454822949119,0.2362292527562073,0.3593168817596587,0.24620860683679585,0.15824525864733816,0.008141,0.007626,0.011831,0.972402,0.727383,0.582631,0.129263,0.479759,1,0.38039753156053535,0.10414975012970323,0.19265707101298515,0.08359071041784696,0.727383
15_2_2_2_Asad_Vhappy,15,male,2,2,2,15_04_02_02_02,15_03_02_02_02,1,0.7034908854509139,0.13030657235467905,0.0847944992980404,0.08140804289636656,0.366162237406402,0.25300084340767476,0.19576295301990215,0.18507396616602118,0.008141,0.007626,0.011831,0.972402,0.713955,0.547176,0.084656,0.448596,0,0.33732864804451185,0.12269427105299571,0.11096845372186176,0.10366592326965461,0.713955
03_1_1_2_Adisgust_Vangry,3,male,1,1,2,03_07_01_01_02,03_05_01_01_02,1,0.5286602159550273,0.2963767415011944,0.06103875421861924,0.11392428832515909,0.21913280319102843,0.25966347190610856,0.23654839754967463,0.2846553273531884,0.004626,0.024107,0.005878,0.965388,0.6423,0.420517,0.115624,0.392814,0,0.30952741276399887,0.03671326959508586,0.1755096433310554,0.17073103902802927,0.6423
21_2_1_2_Asad_Vsad,21,male,2,1,2,21_04_01_02_02,21_04_01_02_02,0,0.5551088913286808,0.06346862173300692,0.0758756845537969,0.30554680238451537,0.22118935426407899,0.28665393831218333,0.2625996663560387,0.2295570410676991,0.008141,0.007626,0.011831,0.972402,0.419744,0.491119,0.152271,0.354378,0,0.3339195370646018,0.2231853165791764,0.1867239818022418,0.07598976131681626,0.491119
20_2_2_2_Ahappy_Vhappy,20,female,2,2,2,20_03_02_02_02,20_03_02_02_02,0,0.3803437183261,0.5164688518018624,0.062338472869450094,0.040848957002587574,0.3090714216969363,0.234918954239647,0.2632595974714945,0.19275002659192217,0.008141,0.007626,0.011831,0.972402,0.795798,0.536041,0.128456,0.486765,1,0.07127229662916368,0.2815498975622154,0.20092112460204442,0.15190106958933458,0.795798
13_2_1_2_Afearful_Vhappy,13,male,2,1,2,13_06_01_02_02,13_03_01_02_02,1,0.2837192471048635,0.5008313710547189,0.015225210890075119,0.2002241709503425,0.32239620586432655,0.2516499104024548,0.21651069782163637,0.20944318591158226,0.008141,0.007626,0.011831,0.972402,0.54463,0.515808,0.106648,0.389029,0,0.03867695875946303,0.24918146065226404,0.20128548693156126,0.009219014961239752,0.54463
01_2_2_1_Aangry_Vsad,1,male,2,2,1,01_05_02_02_01,01_04_02_02_01,1,0.5622101336779035,0.35691784236609864,0.019589330880477616,0.061282693075520374,0.2205934922764288,0.3029734446454093,0.24406912219798804,0.23236394088017387,0.008141,0.007626,0.011831,0.972402,0.759719,0.488103,0.177039,0.474954,0,0.34161664140147474,0.05394439772068932,0.22447979131751042,0.1710812478046535,0.759719
13_2_1_2_Asurprised_Vfearful,13,male,2,1,2,13_08_01_02_02,13_06_01_02_02,0,0.25145837742855126,0.32952014957890136,0.008990804014867302,0.4100306689776801,0.22283120536805043,0.251263208452717,0.24269360353450564,0.2832119826447269,0.008141,0.007626,0.011831,0.972402,0.331074,0.431728,0.110718,0.291173,0,0.028627172060500833,0.07825694112618437,0.23370279951963835,0.12681868633295318,0.431728
15_2_1_1_Aangry_Vneutral,15,male,2,1,1,15_05_01_02_01,15_01_01_02_01,1,0.32395671730370285,0.5383887113034858,0.015742731222394897,0.12191184017041638,0.22134084167421006,0.24356582460334814,0.23686564698851706,0.29822768673392475,0.008141,0.007626,0.011831,0.972402,0.654035,0.416226,0.15943,0.409897,0,0.10261587562949279,0.2948228867001376,0.22112291576612217,0.17631584656350835,0.654035
09_2_2_1_Asad_Vangry,9,male,2,2,1,09_04_02_02_01,09_05_02_02_01,1,0.5664988207397692,0.002562533880925952,0.3822574644219707,0.0486811809573341,0.20069155370156863,0.31083408738395557,0.27978093333956183,0.208693425574914,0.008141,0.007626,0.011831,0.972402,0.785566,0.516201,0.255905,0.519224,0,0.36580726703820055,0.3082715535030296,0.1024765310824089,0.1600122446175799,0.785566
20_2_1_1_Ahappy_Vangry,20,female,2,1,1,20_03_01_02_01,20_05_01_02_01,1,0.5209408261792552,0.27282044485892487,0.04171186876320654,0.16452686019861354,0.2468984504830581,0.2398222929258004,0.23270376286497646,0.28057549372616514,0.008141,0.007626,0.011831,0.972402,0.584948,0.434578,0.100721,0.373416,1,0.27404237569619705,0.03299815193312447,0.19099189410176992,0.1160486335275516,0.584948
19_1_1_2_Aangry_Vsad,19,male,1,1,2,19_05_01_01_02,19_04_01_01_02,1,0.27283508661848,0.5839808188430029,0.020771043330359753,0.12241305120815738,0.22899631997709827,0.2730713320301731,0.24821285236746846,0.24971949562526025,0.004626,0.024107,0.005878,0.965388,0.623682,0.457878,0.140764,0.407442,0,0.04383876664138173,0.3109094868128298,0.2274418090371087,0.12730644441710287,0.623682
11_1_1_2_Aneutral_Vsad,11,male,1,1,2,11_01_01_01_02,11_04_01_01_02,1,0.393634380843586,0.13708062852500422,0.06881945171551317,0.4004655389158966,0.22238390665627503,0.2316910530072338,0.24433214635085737,0.3015928939856339,0.004626,0.024107,0.005878,0.965388,0.321837,0.404419,0.06891,0.265055,0,0.17125047418731096,0.09461042448222959,0.1755126946353442,0.09887264493026271,0.404419
21_2_2_1_Aangry_Vsad,21,male,2,2,1,21_05_02_02_01,21_04_02_02_01,1,0.3686140433268995,0.5525542117975591,0.01622458670927126,0.06260715816627023,0.29766183025817466,0.2756898901387727,0.23174255785462403,0.19490572174842857,0.008141,0.007626,0.011831,0.972402,0.758336,0.533664,0.143247,0.478416,0,0.07095221306872485,0.27686432165878644,0.21551797114535276,0.13229856358215836,0.758336
19_2_1_2_Afearful_Vhappy,19,male,2,1,2,19_06_01_02_02,19_03_01_02_02,1,0.5160612712215252,0.16445352628527807,0.06203222990495364,0.25745297258824307,0.43725882048523323,0.22521482564579048,0.1750772531154873,0.16244910075348906,0.008141,0.007626,0.011831,0.972402,0.468576,0.578498,0.033855,0.36031,0,0.078802450736292,0.060761299360512416,0.11304502321053367,0.095003871834754,0.578498
21_1_2_2_Ahappy_Vhappy,21,male,1,2,2,21_03_02_01_02,21_03_02_01_02,0,0.4271212041580417,0.37212500190274395,0.011868438519339724,0.18888535541987467,0.34695876859187247,0.25550256948555894,0.21783803192705636,0.17970062999551228,0.004626,0.024107,0.005878,0.965388,0.536815,0.544443,0.092094,0.391117,0,0.08016243556616925,0.116622432417185,0.20596959340771664,0.009184725424362383,0.544443
18_1_1_2_Ahappy_Vhappy,18,female,1,1,2,18_03_01_01_02,18_03_01_01_02,0,0.4945905166022361,0.28359098601697086,0.035226147146707826,0.18659235023408524,0.42270678882336243,0.23207844612380527,0.18410226442845407,0.16111250062437832,0.004626,0.024107,0.005878,0.965388,0.539849,0.571527,0.04451,0.385296,1,0.07188372777887364,0.05151253989316559,0.14887611728174624,0.025479849609706923,0.571527
18_2_2_2_Aangry_Vsad,18,female,2,2,2,18_05_02_02_02,18_04_02_02_02,1,0.16493442660171684,0.7998062910513615,0.006570685090322564,0.02868859725659916,0.2739634454442178,0.2986760771392969,0.2669406877980133,0.16041978961847217,0.008141,0.007626,0.011831,0.972402,0.842635,0.57903,0.246346,0.556004,1,0.10902901884250096,0.5011302139120646,0.26037000270769073,0.131731192361873,0.842635
02_2_2_1_Adisgust_Vsad,2,female,2,2,1,02_07_02_02_01,02_04_02_02_01,1,0.2834322795618441,0.5566069146006721,0.042160537997403595,0.11780026784008044,0.20280676025158198,0.29189599722741394,0.2679056811993101,0.237391561321694,0.008141,0.007626,0.011831,0.972402,0.654289,0.482075,0.11605,0.417471,1,0.0806255193102621,0.2647109173732582,0.22574514320190647,0.11959129348161357,0.654289
13_2_1_1_Aangry_Vhappy,13,male,2,1,1,13_05_01_02_01,13_03_01_02_01,1,0.13609787958801595,0.7312160283351221,0.006760115189070231,0.12592597688779167,0.3066064617923286,0.24736657162914855,0.21903046628566242,0.22699650029286048,0.008141,0.007626,0.011831,0.972402,0.655838,0.494608,0.216078,0.455508,0,0.17050858220431264,0.48384945670597357,0.21227035109659217,0.10107052340506881,0.655838
04_1_1_2_Asurprised_Vdisgust,4,female,1,1,2,04_08_01_01_02,04_07_01_01_02,0,0.1673525671416917,0.7227763900699624,0.010729973598790035,0.0991410691895559,0.21883654446220235,0.34837434932454886,0.25525850099609887,0.17753060521715006,0.004626,0.024107,0.005878,0.965388,0.662211,0.543027,0.159379,0.454873,1,0.05148397732051066,0.37440204074541356,0.24452852739730885,0.07838953602759416,0.662211
17_2_1_2_Aangry_Vneutral,17,male,2,1,2,17_05_01_02_02,17_01_01_02_02,1,0.4937682191104565,0.15201015409117805,0.13625060075973708,0.2179710260386285,0.21827406909190475,0.23145002555013344,0.24663243886933414,0.3036434664886276,0.008141,0.007626,0.011831,0.972402,0.509328,0.41061,0.062185,0.327374,0,0.2754941500185517,0.0794398714589554,0.11038183810959706,0.08567244044999911,0.509328
03_2_2_1_Ahappy_Vhappy,3,male,2,2,1,03_03_02_02_01,03_03_02_02_01,0,0.6985206327283293,0.17771086740130607,0.09788817697009448,0.025880322900270085,0.3463351060296035,0.2602942983164025,0.2196824453824112,0.17368815027158285,0.008141,0.007626,0.011831,0.972402,0.831334,0.561662,0.11085,0.501282,0,0.3521855266987258,0.08258343091509643,0.1217942684123167,0.14780782737131276,0.831334
06_1_2_1_Aangry_Vangry,6,female,1,2,1,06_05_02_01_01,06_05_02_01_01,0,0.3000805335853889,0.6215706643426249,0.023591605882782158,0.05475719618920406,0.20883694256053237,0.34942157218711356,0.24514080729677773,0.19660067795557648,0.004626,0.024107,0.005878,0.965388,0.743913,0.518284,0.141172,0.46779,1,0.09124359102485652,0.2721490921555113,0.22154920141399556,0.1418434817663724,0.743913
01_1_2_1_Ahappy_Vangry,1,male,1,2,1,01_03_02_01_01,01_05_02_01_01,1,0.439463339875222,0.31729994470990314,0.04433661281508551,0.19890010259978932,0.21096776176184684,0.3273447965326091,0.23549964958523872,0.22618779212030538,0.004626,0.024107,0.005878,0.965388,0.521532,0.482857,0.081959,0.362116,0,0.22849557811337518,0.01004485182270598,0.19116303677015323,0.02728768952051605,0.521532
10_2_1_2_Aangry_Vsurprised,10,female,2,1,2,10_05_01_02_02,10_08_01_02_02,1,0.3821232434274404,0.25607364013366435,0.07517314558854943,0.28662997085034586,0.22625523386111235,0.2567989681858074,0.2733799132710999,0.24356588468198037,0.008141,0.007626,0.011831,0.972402,0.43441,0.474763,0.059016,0.32273,1,0.15586800956632807,0.0007253280521430372,0.19820676768255047,0.04306408616836549,0.474763
06_1_2_1_Ahappy_Vhappy,6,female,1,2,1,06_03_02_01_01,06_03_02_01_01,0,0.6139066107552956,0.2736294063627864,0.043034188293929014,0.06942979458798884,0.3972304598476273,0.2831231997400623,0.16837264037383978,0.1512737000384706,0.004626,0.024107,0.005878,0.965388,0.723331,0.582795,0.056794,0.454307,1,0.21667615090766834,0.009493793377275905,0.12533845207991076,0.08184390545048176,0.723331
06_2_2_1_Adisgust_Vhappy,6,female,2,2,1,06_07_02_02_01,06_03_02_02_01,1,0.31723420962915133,0.5135866032374765,0.07662731627038885,0.0925518708629832,0.39955379899773136,0.28161526474027226,0.16758620872141178,0.15124472754058454,0.008141,0.007626,0.011831,0.972402,0.691871,0.594128,0.045848,0.443949,1,0.08231958936858003,0.23197133849720425,0.09095889245102293,0.05869285667760135,0.691871
07_1_2_2_Aangry_Vsad,7,male,1,2,2,07_05_02_01_02,07_04_02_01_02,1,0.12305040194095844,0.8597821755147625,0.0034334845088558083,0.013733938035423235,0.2401579090392704,0.30501067527603115,0.2729036916849276,0.18192772399977078,0.004626,0.024107,0.005878,0.965388,0.849339,0.538796,0.299943,0.562693,0,0.11710750709831196,0.5547715002387315,0.2694702071760718,0.16819378596434753,0.849339
09_2_2_1_Aangry_Vsad,9,male,2,2,1,09_05_02_02_01,09_04_02_02_01,1,0.5428018330843895,0.3456098629660353,0.042197673498180426,0.06939063045139486,0.19706158368501817,0.3146485959880164,0.3298684037482321,0.15842141657873315,0.008141,0.007626,0.011831,0.972402,0.73845,0.581703,0.165149,0.495101,0,0.3457402493993713,0.030961266978018875,0.2876707302500517,0.0890307861273383,0.73845
11_1_2_2_Asurprised_Vangry,11,male,1,2,2,11_08_02_01_02,11_05_02_01_02,1,0.34582540753536145,0.5445077646118341,0.029234378137883793,0.08043244971492065,0.22641635312907107,0.25115075192694447,0.23344653622293268,0.28898635872105166,0.004626,0.024107,0.005878,0.965388,0.694266,0.416413,0.15924,0.423306,0,0.11940905440629038,0.2933570126848897,0.2042121580850489,0.20855390900613102,0.694266
08_1_1_1_Ahappy_Vsad,8,female,1,1,1,08_03_01_01_01,08_04_01_01_01,1,0.5668691570676087,0.20811427543535976,0.03952579060756953,0.18549077688946214,0.22943664601441915,0.24367519889930636,0.3036546941002447,0.22323346098602972,0.004626,0.024107,0.005878,0.965388,0.54552,0.489991,0.138672,0.391394,1,0.3374325110531895,0.0355609234639466,0.26412890349267515,0.037742684096567586,0.54552
18_2_1_2_Ahappy_Vhappy,18,female,2,1,2,18_03_01_02_02,18_03_01_02_02,0,0.46974124633079073,0.26625399915109094,0.030467933589090394,0.233536820929028,0.410290215088124,0.23036066593718393,0.1905659466705389,0.16878317230415318,0.008141,0.007626,0.011831,0.972402,0.499516,0.569238,0.052738,0.373831,1,0.05945103124266671,0.035893333213907,0.1600980130814485,0.06475364862487482,0.569238
15_2_1_1_Adisgust_Vsurprised,15,male,2,1,1,15_07_01_02_01,15_08_01_02_01,0,0.5932818844897356,0.10702647318336907,0.10135140748440478,0.19834023484249058,0.2614209905475935,0.2645761444814707,0.24546041291620135,0.22854245205473447,0.008141,0.007626,0.011831,0.972402,0.537118,0.492365,0.095627,0.375037,0,0.33186089394214213,0.15754967129810166,0.14410900543179656,0.030202217212243893,0.537118
04_2_2_1_Aangry_Vhappy,4,female,2,2,1,04_05_02_02_01,04_03_02_02_01,1,0.17698978308012378,0.786233305299195,0.0049043794215690864,0.031872532199112166,0.34198511506519985,0.2621380387485441,0.21460955197898932,0.18126729420726667,0.008141,0.007626,0.011831,0.972402,0.835633,0.551675,0.252655,0.546655,1,0.16499533198507607,0.5240952665506509,0.20970517255742022,0.1493947620081545,0.835633
17_2_1_2_Ahappy_Vsad,17,male,2,1,2,17_03_01_02_02,17_04_01_02_02,1,0.499817145159437,0.12487029709083837,0.12539059599988645,0.24992196174983825,0.21756654694404726,0.26396691701254116,0.28558765351492194,0.23287888252848962,0.008141,0.007626,0.011831,0.972402,0.473167,0.487008,0.082853,0.347676,0,0.2822505982153897,0.1390966199217028,0.1601970575150355,0.017043079221348623,0.487008
23_2_1_1_Adisgust_Vangry,23,male,2,1,1,23_07_01_02_01,23_05_01_02_01,1,0.609717929082587,0.20402577421980037,0.0628934829126279,0.12336281378498458,0.21430737798641514,0.26294925843799805,0.2591943342714579,0.26354902930412893,0.008141,0.007626,0.011831,0.972402,0.643376,0.452673,0.139091,0.411713,0,0.3954105510961719,0.05892348421819768,0.19630085135882996,0.14018621551914434,0.643376
17_1_2_2_Adisgust_Vangry,17,male,1,2,2,17_07_02_01_02,17_05_02_01_02,1,0.5078091109546224,0.3071511165627195,0.03823842647740291,0.14680134600525518,0.2293440214331236,0.2620274529179643,0.2348777414558234,0.27375078419308874,0.004626,0.024107,0.005878,0.965388,0.593156,0.432002,0.111002,0.37872,0,0.27846508952149884,0.045123663644755174,0.1966393149784205,0.12694943818783355,0.593156
03_2_2_1_Aangry_Vhappy,3,male,2,2,1,03_05_02_02_01,03_03_02_02_01,1,0.2698475521725829,0.6058794296248333,0.023427549330361373,0.10084546887222232,0.3463351060296035,0.2602942983164025,0.2196824453824112,0.17368815027158285,0.008141,0.007626,0.011831,0.972402,0.686405,0.561662,0.127589,0.458552,0,0.07648755385702061,0.3455851313084308,0.19625489605204982,0.07284268139936054,0.686405
05_1_2_2_Aangry_Vsad,5,male,1,2,2,05_05_02_01_02,05_04_02_01_02,1,0.14442917628536875,0.8196915779686117,0.010652044513988301,0.025227201232031194,0.19535575135907327,0.29175585760701933,0.28532698117349636,0.227561409860411,0.004626,0.024107,0.005878,0.965388,0.813645,0.482589,0.279059,0.525097,0,0.050926575073704516,0.5279357203615924,0.27467493665950804,0.2023342086283798,0.813645
09_2_1_2_Asad_Vhappy,9,male,2,1,2,09_04_01_02_02,09_03_01_02_02,1,0.534123096899643,0.0076950163263688675,0.2523305900099829,0.20585129676400532,0.32307646347759583,0.2502634769366446,0.2375269296444626,0.18913312994129708,0.008141,0.007626,0.011831,0.972402,0.533256,0.541014,0.123368,0.399213,0,0.21104663342204716,0.2425684606102757,0.014803660365520332,0.01671816682270824,0.541014
09_1_1_2_Ahappy_Vangry,9,male,1,1,2,09_03_01_01_02,09_05_01_01_02,1,0.5969408081947346,0.04757760363283625,0.07975824401059943,0.2757233441618298,0.21420103166508336,0.28925475168208664,0.2600194678525999,0.2365247488002301,0.004626,0.024107,0.005878,0.965388,0.457803,0.472208,0.174679,0.36823,0,0.38273977652965124,0.2416771480492504,0.18026122384200044,0.0391985953615997,0.472208
15_1_1_1_Asad_Vangry,15,male,1,1,1,15_04_01_01_01,15_05_01_01_01,1,0.5159076703590726,0.2598363558053874,0.0478844133420715,0.17637156049346858,0.22005436536224643,0.27072211785046735,0.23625327568412893,0.2729702411031573,0.004626,0.024107,0.005878,0.965388,0.553543,0.432422,0.100872,0.362279,0,0.29585330499682616,0.01088576204507996,0.18836886234205744,0.09659868060968874,0.553543
16_2_2_2_Aangry_Vangry,16,female,2,2,2,16_05_02_02_02,16_05_02_02_02,0,0.06245404939944796,0.9222244748243008,9.226778612652067e-05,0.015229207990124664,0.24947383143472923,0.27790114121472465,0.23848901955130117,0.234136007799245,0.008141,0.007626,0.011831,0.972402,0.89277,0.485954,0.37691,0.585211,1,0.18701978203528127,0.6443233336095762,0.23839675176517464,0.21890679980912034,0.89277
09_1_1_1_Aneutral_Vsad,9,male,1,1,1,09_01_01_01_01,09_04_01_01_01,1,0.42813485879235924,0.02605826856931137,0.2396516942268996,0.30615517841142975,0.18742350049144252,0.302443612424298,0.2998805089376783,0.21025237814658113,0.004626,0.024107,0.005878,0.965388,0.430186,0.502997,0.142348,0.35851,0,0.24071135830091672,0.27638534385498664,0.060228814710778705,0.09590280026484863,0.502997
19_1_1_1_Asad_Vfearful,19,male,1,1,1,19_04_01_01_01,19_06_01_01_01,1,0.4917390374450071,0.08724713097983137,0.05466931526138188,0.36634451631377973,0.2578526140898131,0.26942692398615875,0.23309839942581578,0.23962206249821238,0.004626,0.024107,0.005878,0.965388,0.360094,0.469617,0.114554,0.314755,0,0.233886423355194,0.18217979300632736,0.1784290841644339,0.12672245381556735,0.469617
20_1_2_2_Adisgust_Vsurprised,20,female,1,2,2,20_07_02_01_02,20_08_02_01_02,0,0.31891613313887696,0.5083791061962148,0.09311600071797492,0.07958875994693328,0.2116410890700804,0.2694269478365354,0.26451367181059793,0.25441829128278626,0.004626,0.024107,0.005878,0.965388,0.692623,0.452758,0.100375,0.415252,1,0.10727504406879657,0.23895215835967942,0.171397671092623,0.174829531335853,0.692623
12_1_2_1_Asad_Vsad,12,female,1,2,1,12_04_02_01_01,12_04_02_01_01,0,0.6041161030124812,0.23072716614855068,0.1039171976049079,0.06123953323406024,0.21131025001480805,0.3024203173732732,0.30261369897449686,0.18365573363742188,0.004626,0.024107,0.005878,0.965388,0.738939,0.536637,0.134326,0.469967,1,0.3928058529976731,0.0716931512247225,0.19869650136958894,0.12241620040336164,0.738939
21_2_1_2_Ahappy_Vfearful,21,male,2,1,2,21_03_01_02_02,21_06_01_02_02,1,0.49569281786586505,0.2301457164478872,0.04218778261530935,0.23197368307093824,0.21394650455043243,0.2673367890482427,0.2748063782768933,0.24391032812443147,0.008141,0.007626,0.011831,0.972402,0.499447,0.474425,0.111403,0.361758,0,0.28174631331543265,0.03719107260035551,0.23261859566158394,0.011936645053493233,0.499447
01_2_1_1_Ahappy_Vhappy,1,male,2,1,1,01_03_01_02_01,01_03_01_02_01,0,0.577213146189369,0.1511002736388489,0.052453976370071535,0.2192326038017105,0.397995805308602,0.24016860713825983,0.18448899311793499,0.17734659443520312,0.008141,0.007626,0.011831,0.972402,0.514517,0.557783,0.049039,0.373779,0,0.17921734088076702,0.08906833349941093,0.13203501674786344,0.04188600936650738,0.557783
09_2_2_1_Aangry_Vhappy,9,male,2,2,1,09_05_02_02_01,09_03_02_02_01,1,0.5428018330843895,0.3456098629660353,0.042197673498180426,0.06939063045139486,0.2919316229279138,0.25149455742107474,0.2645765370092596,0.191997282641752,0.008141,0.007626,0.011831,0.972402,0.73845,0.536938,0.119331,0.464906,0,0.25087021015647565,0.09411530554496056,0.22237886351107916,0.12260665219035714,0.73845
04_2_2_1_Aangry_Vangry,4,female,2,2,1,04_05_02_02_01,04_05_02_02_01,0,0.17698978308012378,0.786233305299195,0.0049043794215690864,0.031872532199112166,0.21783061496275,0.2825008616325789,0.26723296210712444,0.23243556129754664,0.008141,0.007626,0.011831,0.972402,0.835633,0.487714,0.27098,0.531442,1,0.040840831882626216,0.5037324436666161,0.26232858268555537,0.2005630290984345,0.835633
05_1_1_1_Ahappy_Vsad,5,male,1,1,1,05_03_01_01_01,05_04_01_01_01,1,0.4724629616368165,0.2986849304246852,0.04908182633585801,0.17977028160264036,0.2191985207953073,0.23862631004265702,0.2832852102130068,0.2588899589490289,0.004626,0.024107,0.005878,0.965388,0.546854,0.449337,0.107651,0.367947,0,0.25326444084150923,0.060058620382028166,0.23420338387714879,0.07911967734638853,0.546854
23_2_1_2_Aneutral_Vsad,23,male,2,1,2,23_01_01_02_02,23_04_01_02_02,1,0.4429443744561213,0.2979271268133025,0.022810275445027763,0.23631822328554852,0.23367943574312292,0.2533250799856669,0.229895138468423,0.28310034580278715,0.008141,0.007626,0.011831,0.972402,0.498004,0.431981,0.097647,0.342544,0,0.20926493871299837,0.04460204682763563,0.20708486302339524,0.04678212251723862,0.498004
19_1_1_1_Aangry_Vfearful,19,male,1,1,1,19_05_01_01_01,19_06_01_01_01,1,0.3148163621280504,0.6020329344046037,0.014586043152889241,0.06856466031445677,0.2578526140898131,0.26942692398615875,0.23309839942581578,0.23962206249821238,0.004626,0.024107,0.005878,0.965388,0.718032,0.469617,0.169116,0.452255,0,0.05696374803823734,0.33260601041844495,0.21851235627292653,0.17105740218375562,0.718032
01_1_2_1_Asad_Vhappy,1,male,1,2,1,01_04_02_01_01,01_03_02_01_01,1,0.4126426744163327,0.10990605736564886,0.13704119444275056,0.3404100737752679,0.4042910095272537,0.2323022701874262,0.18825764553129465,0.1751490747540254,0.004626,0.024107,0.005878,0.965388,0.377962,0.552241,0.038543,0.322915,0,0.008351664889078958,0.12239621282177733,0.051216451088544085,0.16526099902124247,0.552241
17_2_1_1_Afearful_Vfearful,17,male,2,1,1,17_06_01_02_01,17_06_01_02_01,0,0.5430060044187394,0.1632504424067916,0.1788684266389559,0.11487512653551307,0.21426508862506188,0.260419163669168,0.2716566839816951,0.25365906372407493,0.008141,0.007626,0.011831,0.972402,0.650378,0.463466,0.0876,0.400481,0,0.3287409157936775,0.09716872126237641,0.09278825734273921,0.13878393718856186,0.650378
22_1_2_2_Ahappy_Vsad,22,female,1,2,2,22_03_02_01_02,22_04_02_01_02,1,0.362214534294444,0.525976763326669,0.035218192550560565,0.07659050982832653,0.213344000338347,0.25212521065485066,0.27935400740385613,0.25517678160294627,0.004626,0.024107,0.005878,0.965388,0.701147,0.452749,0.163875,0.439257,1,0.148870533956097,0.2738515526718183,0.24413581485329555,0.17858627177461972,0.701147
12_2_2_1_Afearful_Vangry,12,female,2,2,1,12_06_02_02_01,12_05_02_02_01,1,0.508204582157949,0.34068385207764584,0.07859541105346929,0.07251615471093589,0.2230961724398253,0.2750700274880733,0.2406849002893163,0.2611488997827851,0.008141,0.007626,0.011831,0.972402,0.728028,0.455496,0.115636,0.433054,1,0.2851084097181237,0.06561382458957254,0.162089489235847,0.1886327450718492,0.728028
15_2_2_1_Asad_Vhappy,15,male,2,2,1,15_04_02_02_01,15_03_02_02_01,1,0.65375215318414,0.17103862106362128,0.036991873248455,0.13821735250378359,0.3385822520701196,0.25621311063040797,0.20629322700390218,0.1989114102955703,0.008141,0.007626,0.011831,0.972402,0.625113,0.529134,0.093703,0.415983,0,0.31516990111402043,0.08517448956678669,0.1693013537554472,0.060694057791786715,0.625113
18_2_1_2_Ahappy_Vdisgust,18,female,2,1,2,18_03_01_02_02,18_07_01_02_02,1,0.46974124633079073,0.26625399915109094,0.030467933589090394,0.233536820929028,0.20653000596931897,0.32541743879938234,0.3059990036993054,0.16205355153199327,0.008141,0.007626,0.011831,0.972402,0.499516,0.576755,0.13926,0.405177,1,0.26321124036147175,0.059163439648291405,0.275531070110215,0.07148326939703473,0.576755
23_2_2_1_Asad_Vangry,23,male,2,2,1,23_04_02_02_01,23_05_02_02_01,1,0.680342714230522,0.10662888365462812,0.06177350239311116,0.15125489972173875,0.21822348481119605,0.2699672741592498,0.24359719248844652,0.2682120485411077,0.008141,0.007626,0.011831,0.972402,0.604279,0.447769,0.170065,0.407371,0,0.4621192294193259,0.16333839050462168,0.18182369009533536,0.11695714881936894,0.604279
13_1_1_1_Ahappy_Vangry,13,male,1,1,1,13_03_01_01_01,13_05_01_01_01,1,0.41154184223354184,0.27306338807077835,0.02337305448124345,0.2920217152144364,0.22746068135175548,0.25370065666636826,0.23750631724039734,0.28133234474147895,0.004626,0.024107,0.005878,0.965388,0.419155,0.42432,0.093413,0.312296,0,0.18408116088178636,0.019362731404410083,0.2141332627591539,0.010689370472957427,0.42432
23_2_2_1_Ahappy_Vfearful,23,male,2,2,1,23_03_02_02_01,23_06_02_02_01,1,0.17683103713257567,0.7482994841182414,0.006171931003612993,0.06869754774556999,0.23324136406468254,0.2656873187714508,0.30578344081667275,0.1952878763471939,0.008141,0.007626,0.011831,0.972402,0.754222,0.532467,0.246034,0.510907,0,0.056410326932106875,0.48261216534679063,0.29961150981305973,0.12659032860162392,0.754222
24_1_2_2_Aangry_Vhappy,24,female,1,2,2,24_05_02_01_02,24_03_02_01_02,1,0.050804161853093846,0.9143934558880851,0.008366070526590752,0.026436311732230353,0.3568738064078958,0.25016440015220603,0.2122622055995053,0.1806995878403929,0.004626,0.024107,0.005878,0.965388,0.812776,0.543476,0.369647,0.5753,1,0.30606964455480196,0.664229055735879,0.20389613507291454,0.15426327610816254,0.812776
09_1_2_1_Ahappy_Vcalm,9,male,1,2,1,09_03_02_01_01,09_02_02_01_01,1,0.7562667184797637,0.12941791626615629,0.04295420669941628,0.07136115855466388,0.23752544988644309,0.24117312526046902,0.26233535367771776,0.2589660711753701,0.004626,0.024107,0.005878,0.965388,0.731136,0.449133,0.219014,0.466428,0,0.5187412685933206,0.11175520899431274,0.2193811469783015,0.18760491262070625,0.731136
18_2_1_2_Asad_Vhappy,18,female,2,1,2,18_04_01_02_02,18_03_01_02_02,1,0.3253084289651657,0.2968308591276877,0.07777096748274706,0.30008974442439945,0.410290215088124,0.23036066593718393,0.1905659466705389,0.16878317230415318,0.008141,0.007626,0.011831,0.972402,0.420078,0.569238,0.037665,0.342327,1,0.08498178612295831,0.06647019319050376,0.11279497918779183,0.13130657212024627,0.569238
17_1_2_2_Asurprised_Vhappy,17,male,1,2,2,17_08_02_01_02,17_03_02_01_02,1,0.633683659033311,0.17994189539415312,0.09170375721700233,0.09467068835553347,0.2974804695612391,0.24844323345217023,0.25697644945264936,0.19709984753394144,0.004626,0.024107,0.005878,0.965388,0.680637,0.521977,0.091425,0.431346,0,0.33620318947207195,0.06850133805801711,0.16527269223564703,0.10242915917840797,0.680637
04_1_1_1_Asad_Vangry,4,female,1,1,1,04_04_01_01_01,04_05_01_01_01,1,0.2363791474351803,0.2683909365175006,0.05636752461781205,0.4388623914295071,0.21823646191768087,0.2653738500411031,0.2619082555182595,0.2544814325229565,0.004626,0.024107,0.005878,0.965388,0.280258,0.452879,0.070094,0.267744,1,0.018142685517499424,0.0030170864763975347,0.20554073090044747,0.1843809589065506,0.452879
02_1_2_1_Asad_Vsad,2,female,1,2,1,02_04_02_01_01,02_04_02_01_01,0,0.485712456024386,0.17103888946668266,0.13418395111256043,0.20906470339637095,0.2066437660900952,0.2938383817859626,0.2601101119155186,0.23940774020842348,0.004626,0.024107,0.005878,0.965388,0.514097,0.468691,0.06909,0.350626,1,0.2790686899342908,0.12279949231927995,0.12592616080295815,0.030343036812052526,0.514097
20_2_1_1_Aangry_Vsad,20,female,2,1,1,20_05_01_02_01,20_04_01_02_01,1,0.35568014307568796,0.3968719714854553,0.023769673777008317,0.22367821166184843,0.21962068899146478,0.23418543706826286,0.2648642691562764,0.28132960478399593,0.008141,0.007626,0.011831,0.972402,0.512517,0.43349,0.114482,0.353496,1,0.13605945408422318,0.1626865344171924,0.2410945953792681,0.05765139312214751,0.512517
07_2_2_2_Afearful_Vsad,7,male,2,2,2,07_06_02_02_02,07_04_02_02_02,1,0.41709500462749055,0.49135064737811857,0.04502732174573402,0.046527026248656796,0.29257399613956225,0.2982706168806082,0.2552529723470402,0.15390241463278934,0.008141,0.007626,0.011831,0.972402,0.785148,0.588303,0.105596,0.493016,0,0.1245210084879283,0.19308003049751038,0.21022565060130619,0.10737538838413255,0.785148
20_1_1_1_Aangry_Vsad,20,female,1,1,1,20_05_01_01_01,20_04_01_01_01,1,0.24883573916311497,0.4774386804238985,0.028764154032684387,0.24496142638030222,0.22358119571898138,0.23184896557271867,0.252802220153503,0.29176761855479694,0.004626,0.024107,0.005878,0.965388,0.462441,0.414509,0.107074,0.328008,1,0.02525454344413358,0.2455897148511798,0.2240380661208186,0.04680619217449472,0.462441
03_2_1_2_Adisgust_Vangry,3,male,2,1,2,03_07_01_02_02,03_05_01_02_02,1,0.6990555009325118,0.1785036154064376,0.0526043709364189,0.06983651272463168,0.22231152639960688,0.24907443651695288,0.2338869404628695,0.29472709662057067,0.008141,0.007626,0.011831,0.972402,0.738004,0.419856,0.196187,0.451349,0,0.4767439745329049,0.07057082111051527,0.1812825695264506,0.224890583895939,0.738004
15_2_1_2_Afearful_Vhappy,15,male,2,1,2,15_06_01_02_02,15_03_01_02_02,1,0.5677249931067067,0.2363171538764244,0.06989644105277763,0.12606141196409146,0.32161612105653614,0.25855780191062017,0.20937856047697784,0.21044751655586566,0.008141,0.007626,0.011831,0.972402,0.637936,0.514701,0.059254,0.403964,0,0.2461088720501705,0.02224064803419576,0.1394821194242002,0.0843861045917742,0.637936
22_1_1_1_Asurprised_Vsad,22,female,1,1,1,22_08_01_01_01,22_04_01_01_01,1,0.2886550778398095,0.5840652259091076,0.013784324870596571,0.11349537138048622,0.21636124328225237,0.24159109858369326,0.2459507979708804,0.29609686016317394,0.004626,0.024107,0.005878,0.965388,0.639251,0.409507,0.17798,0.408913,1,0.07229383455755711,0.3424741273254143,0.23216647310028382,0.18260148878268773,0.639251
12_2_1_2_Aneutral_Vcalm,12,female,2,1,2,12_01_01_02_02,12_02_01_02_02,0,0.5110300584760188,0.1459095616065246,0.039609083694910834,0.30345129622254574,0.2774894271910613,0.24749865111260214,0.22544182029337634,0.24957010140296007,0.008141,0.007626,0.011831,0.972402,0.423007,0.468469,0.088684,0.32672,1,0.2335406312849575,0.10158908950607753,0.1858327365984655,0.05388119481958567,0.468469
21_1_1_2_Afearful_Vsurprised,21,male,1,1,2,21_06_01_01_02,21_08_01_01_02,0,0.5694550888695389,0.15115852791798895,0.04477019168283779,0.23461619152963437,0.22435815304665777,0.27165832569001575,0.27107159138308423,0.2329119298802424,0.004626,0.024107,0.005878,0.965388,0.489122,0.47718,0.133457,0.366586,0,0.34509693582288115,0.1204997977720268,0.22630139970024643,0.0017042616493919693,0.489122
14_1_2_2_Asurprised_Vangry,14,female,1,2,2,14_08_02_01_02,14_05_02_01_02,1,0.20647763590189933,0.7035180773401398,0.012110481188265512,0.07789380556969526,0.207524604410546,0.3112507467777258,0.25250526782108074,0.22871938099064754,0.004626,0.024107,0.005878,0.965388,0.699569,0.480438,0.180933,0.453646,1,0.0010469685086466618,0.39226733056241403,0.24039478663281522,0.15082557542095226,0.699569
09_1_1_2_Afearful_Vsurprised,9,male,1,1,2,09_06_01_01_02,09_08_01_01_02,0,0.5828756658010971,0.02786310466798329,0.14366661681626408,0.24559461271465563,0.22087818224883196,0.28139670711685555,0.252018736381169,0.24570637425314354,0.004626,0.024107,0.005878,0.965388,0.496248,0.462032,0.158901,0.372394,0,0.36199748355226513,0.25353360244887224,0.10835211956490493,0.00011176153848790893,0.496248
21_2_2_1_Aangry_Vdisgust,21,male,2,2,1,21_05_02_02_01,21_07_02_02_01,1,0.3686140433268995,0.5525542117975591,0.01622458670927126,0.06260715816627023,0.21573133363843724,0.314097166065874,0.2504268885680423,0.21974461172764653,0.008141,0.007626,0.011831,0.972402,0.758336,0.503006,0.161204,0.474182,0,0.15288270968846226,0.23845704573168514,0.23420230185877103,0.15713745356137632,0.758336
03_1_2_2_Ahappy_Vangry,3,male,1,2,2,03_03_02_01_02,03_05_02_01_02,1,0.6606581524590665,0.19767875536432528,0.10226232220939505,0.03940076996721325,0.21925511916342302,0.2813694698071047,0.24392788355251036,0.25544752747696187,0.004626,0.024107,0.005878,0.965388,0.788717,0.451095,0.174228,0.471347,0,0.44140303329564345,0.08369071444277942,0.1416655613431153,0.2160467575097486,0.788717
04_2_2_2_Aangry_Vangry,4,female,2,2,2,04_05_02_02_02,04_05_02_02_02,0,0.1342963064024812,0.8347231594881435,0.0044033199406608384,0.02657721416871443,0.21195908738027522,0.2895604625350361,0.2679897547324526,0.23049069535223596,0.008141,0.007626,0.011831,0.972402,0.850848,0.490027,0.292648,0.544508,1,0.07766278097779403,0.5451626969531074,0.2635864347917918,0.20391348118352154,0.850848
05_2_1_1_Aangry_Vangry,5,male,2,1,1,05_05_01_02_01,05_05_01_02_01,0,0.5230892389506682,0.21866255561181241,0.050013667804460926,0.20823453763305852,0.21639215995610847,0.25557745840842966,0.2571274330555707,0.2709029485798913,0.008141,0.007626,0.011831,0.972402,0.527062,0.444698,0.10642,0.359393,0,0.30669707899455967,0.036914902796617244,0.20711376525110975,0.06266841094683276,0.527062
12_2_1_1_Afearful_Vsad,12,female,2,1,1,12_06_01_02_01,12_04_01_02_01,1,0.5175381303786557,0.28585521087780336,0.050575878151005976,0.14603078059253496,0.19736631134523014,0.291375611555099,0.2942230155002912,0.21703506159937977,0.008141,0.007626,0.011831,0.972402,0.609731,0.505895,0.127367,0.414331,1,0.32017181903342556,0.005520400677295645,0.2436471373492852,0.0710042810068448,0.609731
19_2_1_2_Adisgust_Vangry,19,male,2,1,2,19_07_01_02_02,19_05_01_02_02,1,0.490648130788403,0.2220996999665394,0.07685326987182428,0.2103988993732333,0.24464584187112626,0.27293393083913553,0.23628555260730794,0.24613467468243033,0.008141,0.007626,0.011831,0.972402,0.521294,0.472226,0.063856,0.352459,0,0.24600228891727677,0.05083423087259614,0.15943228273548365,0.035735775309197026,0.521294
21_2_1_2_Aneutral_Vsurprised,21,male,2,1,2,21_01_01_02_02,21_08_01_02_02,0,0.40619441684693863,0.1753727386230321,0.041131109854571295,0.3773017346754581,0.21707026364226983,0.26485876274110143,0.2735200849633837,0.2445508886532451,0.008141,0.007626,0.011831,0.972402,0.351066,0.473689,0.107251,0.310669,0,0.1891241532046688,0.08948602411806933,0.2323889751088124,0.132750846022213,0.473689
09_1_2_2_Ahappy_Vsad,9,male,1,2,2,09_03_02_01_02,09_04_02_01_02,1,0.875274174143151,0.04685413326629522,0.03708644961593322,0.04078524297462046,0.2099490976944095,0.3214994420992819,0.31322126842565157,0.15533019178065705,0.004626,0.024107,0.005878,0.965388,0.81086,0.574365,0.356549,0.580591,0,0.6653250764487415,0.27464530883298666,0.27613481880971835,0.11454494880603658,0.81086
24_1_2_2_Asad_Vhappy,24,female,1,2,2,24_04_02_01_02,24_03_02_01_02,1,0.4806895939786333,0.32256961593618017,0.08589171613686687,0.11084907394831964,0.3568738064078958,0.25016440015220603,0.2122622055995053,0.1806995878403929,0.004626,0.024107,0.005878,0.965388,0.64482,0.543476,0.035974,0.40809,1,0.12381578757073752,0.07240521578397413,0.1263704894626384,0.06985051389207325,0.64482
17_2_2_2_Aangry_Vangry,17,male,2,2,2,17_05_02_02_02,17_05_02_02_02,0,0.16529850914479988,0.6875948322141533,0.016232153663294727,0.13087450497775222,0.22706067493391963,0.2582229527101152,0.2357039111748348,0.2790124611811304,0.008141,0.007626,0.011831,0.972402,0.642402,0.436244,0.178754,0.419133,0,0.06176216578911975,0.4293718795040381,0.21947175751154008,0.14813795620337816,0.642402
06_2_1_2_Aangry_Vhappy,6,female,2,1,2,06_05_01_02_02,06_03_01_02_02,1,0.11462690186032136,0.7856448866158786,0.022084758431660054,0.07764345309214014,0.3833617575601773,0.274363421113526,0.1826979561486687,0.1595768651776281,0.008141,0.007626,0.011831,0.972402,0.731791,0.581884,0.210252,0.507976,1,0.26873485569985595,0.5112814655023525,0.16061319771700866,0.08193341208548795,0.731791
18_1_2_1_Asad_Vhappy,18,female,1,2,1,18_04_02_01_01,18_03_02_01_01,1,0.6171283730435315,0.24947750845727504,0.07960192947888432,0.053792189020309224,0.393587922334002,0.25202733900181196,0.19427271567492124,0.1601120229892647,0.004626,0.024107,0.005878,0.965388,0.754135,0.571578,0.055781,0.460498,1,0.2235404507095295,0.0025498305445369185,0.11467078619603692,0.10631983396895547,0.754135
23_2_2_2_Asurprised_Vsad,23,male,2,2,2,23_08_02_02_02,23_04_02_02_02,1,0.36168026676751025,0.5485274485655068,0.009232724696723149,0.08055955997025972,0.22957518927009712,0.2782447481546167,0.2571214843881542,0.23505857818713197,0.008141,0.007626,0.011831,0.972402,0.72711,0.48471,0.175928,0.462583,0,0.13210507749741313,0.27028270041089014,0.24788875969143104,0.15449901821687223,0.72711
18_1_1_1_Aangry_Vhappy,18,female,1,1,1,18_05_01_01_01,18_03_01_01_01,1,0.13567915590050736,0.711390458054208,0.023716719034463637,0.12921366701082102,0.39471797631396915,0.23841369375900767,0.19093678085735236,0.17593154906967087,0.004626,0.024107,0.005878,0.965388,0.61152,0.550775,0.19261,0.451635,1,0.2590388204134618,0.4729767642952003,0.16722006182288873,0.04671788205884986,0.61152
10_2_1_1_Ahappy_Vsurprised,10,female,2,1,1,10_03_01_02_01,10_08_01_02_01,1,0.6444998794261111,0.14013554774987919,0.08057234130390821,0.13479223152010164,0.22924595692935903,0.26092263662765103,0.2576828014443351,0.2521486049986549,0.008141,0.007626,0.011831,0.972402,0.625439,0.465226,0.135677,0.408781,1,0.4152539224967521,0.12078708887777184,0.17711046014042686,0.11735637347855324,0.625439
03_1_2_1_Aangry_Vhappy,3,male,1,2,1,03_05_02_01_01,03_03_02_01_01,1,0.2441041629956131,0.6481005007174012,0.014552785258547966,0.09324255102843773,0.3491824978975932,0.2544186579215315,0.21330496453099007,0.18309387964988516,0.004626,0.024107,0.005878,0.965388,0.671988,0.540067,0.156442,0.456166,0,0.1050783349019801,0.3936818427958697,0.1987521792724421,0.08985132862144743,0.671988
17_1_1_1_Aneutral_Vcalm,17,male,1,1,1,17_01_01_01_01,17_02_01_01_01,0,0.4424764485232115,0.09316995216684718,0.151304693411036,0.31304890589890527,0.21838551178006207,0.253623193663236,0.294971902404034,0.233019392152668,0.004626,0.024107,0.005878,0.965388,0.407037,0.47793,0.077009,0.320658,0,0.22409093674314942,0.16045324149638882,0.14366720899299798,0.08002951374623726,0.47793
20_2_2_2_Asad_Vangry,20,female,2,2,2,20_04_02_02_02,20_05_02_02_02,1,0.7400609162708065,0.070615216759595,0.14409184074458978,0.04523202622500885,0.22082291033290075,0.24023826316156233,0.30361489493351623,0.23532393157202067,0.008141,0.007626,0.011831,0.972402,0.785894,0.484028,0.213933,0.494619,1,0.5192380059379058,0.16962304640196732,0.15952305418892646,0.1900919053470118,0.785894
22_2_2_2_Ahappy_Vfearful,22,female,2,2,2,22_03_02_02_02,22_06_02_02_02,1,0.3305355485544244,0.570484957094536,0.027785957770018604,0.07119353658102116,0.23163974992881592,0.2505842568519016,0.2750015295090862,0.24277446371019623,0.008141,0.007626,0.011831,0.972402,0.738155,0.47563,0.172644,0.462143,1,0.09889579862560849,0.31990070024263434,0.24721557173906758,0.17158092712917505,0.738155
03_1_2_2_Asad_Vangry,3,male,1,2,2,03_04_02_01_02,03_05_02_01_02,1,0.687433934567351,0.14355085472932538,0.07099118247049138,0.09802402823283222,0.21925511916342302,0.2813694698071047,0.24392788355251036,0.25544752747696187,0.004626,0.024107,0.005878,0.965388,0.67927,0.451095,0.170389,0.433585,0,0.46817881540392803,0.13781861507777932,0.17293670108201897,0.15742349924412963,0.67927
17_2_1_1_Afearful_Vcalm,17,male,2,1,1,17_06_01_02_01,17_02_01_02_01,0,0.5430060044187394,0.1632504424067916,0.1788684266389559,0.11487512653551307,0.21503751368499688,0.24901817032397655,0.2834920675231464,0.25245224846788017,0.008141,0.007626,0.011831,0.972402,0.650378,0.464705,0.087049,0.400711,0,0.32796849073374246,0.08576772791718495,0.10462364088419046,0.1375771219323671,0.650378
01_2_2_1_Ahappy_Vhappy,1,male,2,2,1,01_03_02_02_01,01_03_02_02_01,0,0.6441450075500106,0.2264329390420244,0.03164389126040445,0.09777816214756051,0.4097696296340319,0.2440552195637319,0.18013515421963425,0.16603999658260185,0.008141,0.007626,0.011831,0.972402,0.689837,0.573194,0.067106,0.443379,0,0.23437537791597868,0.0176222805217075,0.1484912629592298,0.06826183443504134,0.689837
16_2_1_1_Ahappy_Vsad,16,female,2,1,1,16_03_01_02_01,16_04_01_02_01,1,0.1799587378766871,0.7459632284608952,0.005723097130613207,0.06835493653180451,0.3278352199775953,0.21815493706728137,0.21505053365738894,0.23895930929773432,0.008141,0.007626,0.011831,0.972402,0.755165,0.480869,0.253337,0.496457,1,0.1478764821009082,0.5278082913936138,0.20932743652677574,0.17060437276592982,0.755165
20_1_1_2_Asad_Vangry,20,female,1,1,2,20_04_01_01_02,20_05_01_01_02,1,0.44915408936911977,0.09239757081814548,0.14284944882038786,0.315598890992347,0.2233831113827598,0.23501462377239088,0.24055167152001755,0.3010505933248318,0.004626,0.024107,0.005878,0.965388,0.404772,0.404795,0.060252,0.28994,1,0.22577097798635998,0.1426170529542454,0.09770222269962969,0.014548297667515198,0.404795
08_2_1_1_Aangry_Vhappy,8,female,2,1,1,08_05_01_02_01,08_03_01_02_01,1,0.28541821557822056,0.6096981935311119,0.018943510992283093,0.08594007989838441,0.4040180245518437,0.23108590999876694,0.1952509665804354,0.16964509886895404,0.008141,0.007626,0.011831,0.972402,0.713673,0.567923,0.14214,0.474578,1,0.11859980897362316,0.37861228353234494,0.1763074555881523,0.08370501897056963,0.713673
15_1_2_2_Ahappy_Vangry,15,male,1,2,2,15_03_02_01_02,15_05_02_01_02,1,0.6568365049731176,0.21506021171534248,0.028891229991042752,0.09921205332049708,0.2102650322634165,0.28152460372910393,0.25124887178490407,0.25696149222257547,0.004626,0.024107,0.005878,0.965388,0.674376,0.449395,0.189387,0.437719,0,0.4465714727097011,0.06646439201376145,0.2223576417938613,0.15774943890207838,0.674376
20_1_1_1_Asad_Vsad,20,female,1,1,1,20_04_01_01_01,20_04_01_01_01,0,0.3662652769308248,0.09162140040662531,0.17889975495061838,0.3632135677119315,0.22358119571898138,0.23184896557271867,0.252802220153503,0.29176761855479694,0.004626,0.024107,0.005878,0.965388,0.358365,0.414509,0.042645,0.271839,1,0.1426840812118434,0.14022756516609336,0.07390246520288463,0.07144594915713454,0.414509
14_2_2_2_Asad_Vhappy,14,female,2,2,2,14_04_02_02_02,14_03_02_02_02,1,0.418451161086561,0.42700057011526094,0.06409693747797857,0.09045133132019953,0.3483341948006426,0.2598524904077261,0.19947736148700634,0.19233595330462502,0.008141,0.007626,0.011831,0.972402,0.696395,0.537647,0.056995,0.430346,1,0.0701169662859184,0.1671480797075348,0.13538042400902778,0.1018846219844255,0.696395
16_1_2_1_Asad_Vsad,16,female,1,2,1,16_04_02_01_01,16_04_02_01_01,0,0.668077306843452,0.10638734449418752,0.11500187655074609,0.11053347211161434,0.33703465145062006,0.23018871170694494,0.2434029085877115,0.18937372825472346,0.004626,0.024107,0.005878,0.965388,0.661129,0.533038,0.081414,0.425194,1,0.33104265539283195,0.12380136721275742,0.1284010320369654,0.07884025614310912,0.661129
01_1_1_1_Asad_Vsad,1,male,1,1,1,01_04_01_01_01,01_04_01_01_01,0,0.4057840851451268,0.13375527647686947,0.1563424007100401,0.30411823766796364,0.20773206568006433,0.28646752161056926,0.24619309387843544,0.2596073188309311,0.004626,0.024107,0.005878,0.965388,0.410631,0.446261,0.052523,0.303138,0,0.19805201946506248,0.1527122451336998,0.08985069316839533,0.044510918837032565,0.446261
06_2_1_2_Ahappy_Vhappy,6,female,2,1,2,06_03_01_02_02,06_03_01_02_02,0,0.5157889155119091,0.24185535643712522,0.04001976765014857,0.2023359604008171,0.3833617575601773,0.274363421113526,0.1826979561486687,0.1595768651776281,0.008141,0.007626,0.011831,0.972402,0.535719,0.581884,0.045328,0.387643,1,0.13242715795173177,0.0325080646764008,0.14267818849852015,0.04275909522318902,0.581884
20_2_2_2_Asad_Vsad,20,female,2,2,2,20_04_02_02_02,20_04_02_02_02,0,0.7400609162708065,0.070615216759595,0.14409184074458978,0.04523202622500885,0.2680010374957949,0.23710418943894077,0.2856975139590062,0.20919725910625794,0.008141,0.007626,0.011831,0.972402,0.785894,0.515196,0.175696,0.492262,1,0.4720598787750116,0.16648897267934576,0.14160567321441644,0.1639652328812491,0.785894
15_2_2_1_Ahappy_Vhappy,15,male,2,2,1,15_03_02_02_01,15_03_02_02_01,0,0.6313627119949548,0.23486804257362726,0.03165970637083206,0.10210953906058585,0.3385822520701196,0.25621311063040797,0.20629322700390218,0.1989114102955703,0.008141,0.007626,0.011831,0.972402,0.682338,0.529134,0.095808,0.43576,0,0.29278045992483515,0.021345068056780714,0.1746335206330701,0.09680187123498445,0.682338
23_2_1_1_Asad_Vdisgust,23,male,2,1,1,23_04_01_02_01,23_07_01_02_01,1,0.5703917601760164,0.16010430862532435,0.039711693861302085,0.2297922373373571,0.2267370970234621,0.2823794841511501,0.2675343453348622,0.22334907349052546,0.008141,0.007626,0.011831,0.972402,0.503638,0.498366,0.135912,0.379305,0,0.34365466315255433,0.12227517552582576,0.22782265147356012,0.006443163846831634,0.503638
12_2_1_2_Aangry_Vsad,12,female,2,1,2,12_05_01_02_02,12_04_01_02_02,1,0.42507923794031616,0.36055942806137425,0.030332164959443405,0.18402916903886618,0.19431987518725802,0.3034345470793181,0.30822028495324066,0.19402529278018316,0.008141,0.007626,0.011831,0.972402,0.560452,0.534362,0.12926,0.408025,1,0.23075936275305814,0.05712488098205615,0.27788811999379726,0.009996123741316976,0.560452
08_2_2_1_Adisgust_Vangry,8,female,2,2,1,08_07_02_02_01,08_05_02_02_01,1,0.38465679301611744,0.39728928831377686,0.03618049218024658,0.18187342648985916,0.22108157801533693,0.27139431371063477,0.2708079983188677,0.23671610995516063,0.008141,0.007626,0.011831,0.972402,0.562084,0.482677,0.100522,0.381761,1,0.1635752150007805,0.12589497460314208,0.23462750613862113,0.05484268346530147,0.562084
17_2_2_2_Ahappy_Vhappy,17,male,2,2,2,17_03_02_02_02,17_03_02_02_02,0,0.49453555882352934,0.3327541580464368,0.06366500650091357,0.10904527662912014,0.28376096971224546,0.2450049908505149,0.2675283290409781,0.2037057103962616,0.008141,0.007626,0.011831,0.972402,0.664962,0.522138,0.084837,0.423979,0,0.21077458911128388,0.08774916719592193,0.20386332254006456,0.09466043376714145,0.664962
18_1_2_1_Asurprised_Vhappy,18,female,1,2,1,18_08_02_01_01,18_03_02_01_01,1,0.43235404691649487,0.4294044236352473,0.05065518455676212,0.08758634489149576,0.393587922334002,0.25202733900181196,0.19427271567492124,0.1601120229892647,0.004626,0.024107,0.005878,0.965388,0.682355,0.571578,0.057685,0.437206,1,0.038766124582492845,0.17737708463343532,0.14361753111815911,0.07252567809776893,0.682355
20_1_1_1_Ahappy_Vangry,20,female,1,1,1,20_03_01_01_01,20_05_01_01_01,1,0.4077166034671565,0.412654820355928,0.03259111723311435,0.14703745894380119,0.22205036159090472,0.22984739036842136,0.24539787836571367,0.3027043696749603,0.004626,0.024107,0.005878,0.965388,0.5892,0.403388,0.125428,0.372672,1,0.18566624187625178,0.18280742998750663,0.21280676113259933,0.1556669107311591,0.5892
09_2_1_2_Asad_Vsad,9,male,2,1,2,09_04_01_02_02,09_04_01_02_02,0,0.534123096899643,0.0076950163263688675,0.2523305900099829,0.20585129676400532,0.1967803230631919,0.2787253098352424,0.30401418581630785,0.22048018128525793,0.008141,0.007626,0.011831,0.972402,0.533256,0.501667,0.177916,0.40428,0,0.33734277383645106,0.27103029350887353,0.05168359580632492,0.014628884521252605,0.533256
15_1_1_1_Ahappy_Vangry,15,male,1,1,1,15_03_01_01_01,15_05_01_01_01,1,0.6123586315362459,0.17615880975060508,0.03648945698409546,0.17499310172905358,0.22005436536224643,0.27072211785046735,0.23625327568412893,0.2729702411031573,0.004626,0.024107,0.005878,0.965388,0.562315,0.432422,0.143415,0.379384,0,0.3923042661739995,0.09456330809986227,0.19976381870003346,0.09797713937410374,0.562315
02_2_1_2_Asurprised_Vsad,2,female,2,1,2,02_08_01_02_02,02_04_01_02_02,1,0.22382183626571822,0.6112594946085276,0.00949484897055937,0.15542382015519476,0.2142557465469202,0.2612918817427254,0.23812478031694206,0.2863275913934124,0.008141,0.007626,0.011831,0.972402,0.608132,0.428563,0.161116,0.399271,1,0.009566089718798021,0.3499676128658022,0.2286299313463827,0.13090377123821764,0.608132
18_2_1_1_Asurprised_Vhappy,18,female,2,1,1,18_08_01_02_01,18_03_01_02_01,1,0.3788172284643856,0.37692697130148123,0.033610489461149334,0.21064531077298387,0.4341391335795716,0.22607544345728697,0.17530055122572358,0.1644848717374178,0.008141,0.007626,0.011831,0.972402,0.525953,0.575661,0.055147,0.385587,1,0.05532190511518603,0.15085152784419426,0.14169006176457424,0.046160439035566075,0.575661
10_2_1_1_Aangry_Vsurprised,10,female,2,1,1,10_05_01_02_01,10_08_01_02_01,1,0.32682941989955316,0.3146750418242132,0.08467418413967892,0.27382135413655473,0.22924595692935903,0.26092263662765103,0.2576828014443351,0.2521486049986549,0.008141,0.007626,0.011831,0.972402,0.447088,0.465226,0.041379,0.317898,1,0.09758346297019413,0.05375240519656216,0.17300861730465616,0.02167274913789985,0.465226
11_2_1_2_Asad_Vhappy,11,male,2,1,2,11_04_01_02_02,11_03_01_02_02,1,0.5789327956325574,0.10313005422573786,0.13779150194840661,0.18014564819329815,0.2883179992724635,0.2313174089830756,0.22465892373955368,0.2557056680049072,0.008141,0.007626,0.011831,0.972402,0.55878,0.461655,0.066326,0.362254,0,0.2906147963600939,0.12818735475733772,0.08686742179114706,0.07556001981160904,0.55878
18_2_1_2_Ahappy_Vangry,18,female,2,1,2,18_03_01_02_02,18_05_01_02_02,1,0.46974124633079073,0.26625399915109094,0.030467933589090394,0.233536820929028,0.22694921653286085,0.2773631658781503,0.24631430309394012,0.2493733144950488,0.008141,0.007626,0.011831,0.972402,0.499516,0.468502,0.10061,0.356209,1,0.24279202979792988,0.01110916672705936,0.21584636950484973,0.015836493566020793,0.499516
13_1_1_2_Aangry_Vhappy,13,male,1,1,2,13_05_01_01_02,13_03_01_01_02,1,0.13963577019945445,0.7674085899780584,0.00535846258977669,0.08759717723271036,0.3261816113604644,0.25183961185874804,0.20711093677521505,0.21486784000557246,0.004626,0.024107,0.005878,0.965388,0.684183,0.500068,0.234388,0.47288,0,0.18654584116100997,0.5155689781193104,0.20175247418543837,0.1272706627728621,0.684183
22_2_1_1_Asad_Vangry,22,female,2,1,1,22_04_01_02_01,22_05_01_02_01,1,0.357017904512533,0.1609440609841212,0.12393854754212334,0.3580994869612224,0.22449754067324287,0.2525218896483681,0.235506839118333,0.28747373056005593,0.008141,0.007626,0.011831,0.972402,0.361508,0.427348,0.033856,0.274238,1,0.13252036383929014,0.09157782866424688,0.11156829157620966,0.07062575640116647,0.427348
24_2_2_1_Aangry_Vsurprised,24,female,2,2,1,24_05_02_02_01,24_08_02_02_01,1,0.15227747615928736,0.7448163696748953,0.013349393339442907,0.08955676082637434,0.22070801386241334,0.2655791972757961,0.3048197011927972,0.20889308766899334,0.008141,0.007626,0.011831,0.972402,0.711927,0.515541,0.226751,0.48474,1,0.06843053770312599,0.4792371723990992,0.2914703078533543,0.119336326842619,0.711927
03_1_1_2_Afearful_Vneutral,3,male,1,1,2,03_06_01_01_02,03_01_01_01_02,0,0.5367230442880682,0.18038304407612604,0.07403787592251858,0.20885603571328717,0.22158559916956985,0.23648014491974417,0.23598482622287714,0.3059494296878089,0.004626,0.024107,0.005878,0.965388,0.515607,0.399744,0.090152,0.335168,0,0.3151374451184983,0.05609710084361813,0.16194695030035855,0.09709339397452174,0.515607
18_2_1_2_Aneutral_Vangry,18,female,2,1,2,18_01_01_02_02,18_05_01_02_02,1,0.3853878993586751,0.18290595576312899,0.08265980661097362,0.3490463382672222,0.22694921653286085,0.2773631658781503,0.24631430309394012,0.2493733144950488,0.008141,0.007626,0.011831,0.972402,0.372276,0.468502,0.058726,0.299835,1,0.15843868282581428,0.09445721011502131,0.16365449648296648,0.09967302377217341,0.468502
20_2_1_2_Ahappy_Vdisgust,20,female,2,1,2,20_03_01_02_02,20_07_01_02_02,1,0.4802207864638376,0.2467586311218952,0.026463416336465363,0.2465571660778019,0.25435943260405014,0.2627275885335519,0.275029206311978,0.20788377255041993,0.008141,0.007626,0.011831,0.972402,0.485593,0.516903,0.112903,0.371799,1,0.22586135385978745,0.015968957411656687,0.24856578997551265,0.03867339352738197,0.516903
10_1_2_2_Asad_Vcalm,10,female,1,2,2,10_04_02_01_02,10_02_02_01_02,1,0.5604895582671305,0.049204192563302024,0.3079261280446516,0.0823801211249159,0.22970154533200615,0.24664745293867593,0.2743260028103326,0.2493249989189852,0.004626,0.024107,0.005878,0.965388,0.717937,0.459592,0.135842,0.43779,1,0.3307880129351244,0.1974432603753739,0.03360012523431899,0.1669448777940693,0.717937
13_1_1_2_Asad_Vangry,13,male,1,1,2,13_04_01_01_02,13_05_01_01_02,1,0.39802439316074034,0.18444967532670714,0.10261096343854705,0.3149149680740054,0.230376546423307,0.26005865844804193,0.233008100614755,0.2765566945138962,0.004626,0.024107,0.005878,0.965388,0.396217,0.429098,0.04065,0.288655,0,0.16764784673743335,0.0756089831213348,0.13039713717620793,0.03835827356010918,0.429098
08_2_2_1_Aangry_Vhappy,8,female,2,2,1,08_05_02_02_01,08_03_02_02_01,1,0.15944945100178387,0.7947602509517971,0.013213914678451068,0.03257638336796779,0.41426990079726267,0.22865183677931566,0.20121088955264393,0.1558673728707776,0.008141,0.007626,0.011831,0.972402,0.829233,0.586891,0.264889,0.560338,1,0.2548204497954788,0.5661084141724815,0.18799697487419287,0.12329098950280981,0.829233
10_1_2_2_Ahappy_Vhappy,10,female,1,2,2,10_03_02_01_02,10_03_02_01_02,0,0.5493476939500506,0.3146573432301894,0.05467971811552317,0.08131524470423694,0.2828652498257322,0.25601248788135933,0.25773277539098116,0.20338948690192726,0.004626,0.024107,0.005878,0.965388,0.697891,0.513641,0.1047,0.438744,1,0.2664824441243184,0.05864485534883007,0.203053057275458,0.12207424219769032,0.697891
13_1_1_2_Aangry_Vangry,13,male,1,1,2,13_05_01_01_02,13_05_01_01_02,0,0.13963577019945445,0.7674085899780584,0.00535846258977669,0.08759717723271036,0.230376546423307,0.26005865844804193,0.233008100614755,0.2765566945138962,0.004626,0.024107,0.005878,0.965388,0.684183,0.429098,0.240395,0.451225,0,0.09074077622385254,0.5073499315300165,0.2276496380249783,0.18895951728118582,0.684183
17_1_1_1_Ahappy_Vsad,17,male,1,1,1,17_03_01_01_01,17_04_01_01_01,1,0.5254489044841112,0.12002044800995779,0.08197336549333074,0.27255728201260015,0.21382097197639544,0.2677182114794136,0.2883593205228494,0.23010149602134156,0.004626,0.024107,0.005878,0.965388,0.447637,0.480653,0.114955,0.347748,0,0.31162793250771575,0.14769776346945582,0.20638595502951868,0.0424557859912586,0.480653
24_2_2_1_Asurprised_Vhappy,24,female,2,2,1,24_08_02_02_01,24_03_02_02_01,1,0.5461505668747277,0.2671201959060937,0.13135649510414613,0.05537274211503248,0.3845500209193486,0.23631423931347745,0.21444686006437383,0.16468887970280036,0.008141,0.007626,0.011831,0.972402,0.759269,0.574173,0.038607,0.45735,1,0.16160054595537915,0.030805956592616257,0.0830903649602277,0.10931613758776787,0.759269
22_1_2_2_Adisgust_Vdisgust,22,female,1,2,2,22_07_02_01_02,22_07_02_01_02,0,0.3526521150474942,0.5507857532233452,0.015782328375796455,0.08077980335336409,0.23425972149494262,0.25736157109842306,0.27387282947888,0.23450587792775426,0.004626,0.024107,0.005878,0.965388,0.695671,0.476013,0.176845,0.44951,1,0.1183923935525516,0.29342418212492216,0.2580905011030835,0.1537260745743902,0.695671
01_2_2_1_Ahappy_Vfearful,1,male,2,2,1,01_03_02_02_01,01_06_02_02_01,1,0.6441450075500106,0.2264329390420244,0.03164389126040445,0.09777816214756051,0.20775750111770244,0.2933610636160907,0.23624778867228224,0.26263364659392446,0.008141,0.007626,0.011831,0.972402,0.689837,0.454052,0.179702,0.441197,0,0.43638750643230817,0.0669281245740663,0.2046038974118778,0.16485548444636394,0.689837
09_1_2_1_Asad_Vhappy,9,male,1,2,1,09_04_02_01_01,09_03_02_01_01,1,0.568750914271968,0.0069719043439983855,0.33715533900074685,0.08712184238328674,0.35233524939022076,0.25376201998839193,0.21929111875366944,0.17461161186771787,0.004626,0.024107,0.005878,0.965388,0.730457,0.551321,0.145531,0.475769,0,0.21641566488174724,0.24679011564439354,0.1178642202470774,0.08748976948443113,0.730457
20_2_1_1_Afearful_Vangry,20,female,2,1,1,20_06_01_02_01,20_05_01_02_01,1,0.3701435782608154,0.13165870061097387,0.06053623079851042,0.4376614903297003,0.2468984504830581,0.2398222929258004,0.23270376286497646,0.28057549372616514,0.008141,0.007626,0.011831,0.972402,0.297042,0.434578,0.071866,0.267828,1,0.12324512777775729,0.10816359231482653,0.17216753206646604,0.15708599660353517,0.434578
02_2_2_1_Asurprised_Vangry,2,female,2,2,1,02_08_02_02_01,02_05_02_02_01,1,0.1524882559257471,0.775652328820322,0.006776527358338525,0.06508288789559233,0.21479547533510226,0.2896562802109885,0.23878560511083866,0.2567626393430706,0.008141,0.007626,0.011831,0.972402,0.761574,0.460434,0.231281,0.48443,1,0.06230721940935516,0.4859960486093335,0.23200907775250013,0.19167975144747826,0.761574
11_1_1_1_Ahappy_Vdisgust,11,male,1,1,1,11_03_01_01_01,11_07_01_01_01,1,0.3491000090190099,0.283317559738986,0.04773970195822699,0.31984272928377705,0.248707599811855,0.2458660112720446,0.2569767198640478,0.24844966905205246,0.004626,0.024107,0.005878,0.965388,0.387707,0.460656,0.067249,0.305204,0,0.10039240920715489,0.037451548466941376,0.2092370179058208,0.07139306023172459,0.460656
20_2_2_2_Aangry_Vcalm,20,female,2,2,2,20_05_02_02_02,20_02_02_02_02,1,0.4338987346542877,0.46995009810037913,0.06526423753653388,0.03088692970879938,0.23488325292771073,0.23181270773166995,0.23009984909010037,0.303204190250519,0.008141,0.007626,0.011831,0.972402,0.819185,0.411212,0.179358,0.469918,1,0.19901548172657696,0.23813739036870918,0.1648356115535665,0.2723172605417196,0.819185
16_2_2_2_Asad_Vsad,16,female,2,2,2,16_04_02_02_02,16_04_02_02_02,0,0.6020754915042487,0.1556598271737892,0.13148746152735968,0.11077721979460244,0.31258961460737816,0.2254771343610555,0.2488956325447442,0.2130376184868223,0.008141,0.007626,0.011831,0.972402,0.659253,0.510953,0.063395,0.4112,1,0.2894858768968705,0.06981730718726628,0.11740817101738452,0.10226039869221985,0.659253
19_2_1_2_Aangry_Vdisgust,19,male,2,1,2,19_05_01_02_02,19_07_01_02_02,1,0.2082297407889212,0.6750067279094785,0.02151361907987948,0.09524991222172087,0.3416401148073485,0.2932721304677504,0.21440286908490103,0.15068488564000004,0.008141,0.007626,0.011831,0.972402,0.697544,0.593589,0.138124,0.476419,0,0.1334103740184273,0.38173459744172805,0.19288925000502155,0.055434973418279174,0.697544
18_1_2_1_Asad_Vangry,18,female,1,2,1,18_04_02_01_01,18_05_02_01_01,1,0.6171283730435315,0.24947750845727504,0.07960192947888432,0.053792189020309224,0.247510305354759,0.31045880901782175,0.25496003420042485,0.18707085142699437,0.004626,0.024107,0.005878,0.965388,0.754135,0.531897,0.124286,0.470106,1,0.3696180676887725,0.06098130056054671,0.1753581047215405,0.13327866240668515,0.754135
19_1_1_1_Afearful_Vsad,19,male,1,1,1,19_06_01_01_01,19_04_01_01_01,1,0.5953455061869326,0.1140548624058463,0.12926028831466455,0.16133934309255665,0.21054738751888813,0.30592428120153464,0.2551327664455795,0.22839556483399767,0.004626,0.024107,0.005878,0.965388,0.583049,0.481022,0.121193,0.395088,0,0.3847981186680445,0.19186941879568836,0.12587247813091493,0.06705622174144102,0.583049
16_1_2_1_Ahappy_Vhappy,16,female,1,2,1,16_03_02_01_01,16_03_02_01_01,0,0.23972722553889658,0.6987047064123159,0.007974830694872787,0.053593237353914795,0.4047808154966212,0.21974283480624482,0.1884333174120525,0.1870430322850814,0.004626,0.024107,0.005878,0.965388,0.748932,0.537316,0.212512,0.499587,1,0.16505358995772462,0.47896187160607107,0.1804584867171797,0.1334497949311666,0.748932
16_2_1_1_Afearful_Vdisgust,16,female,2,1,1,16_06_01_02_01,16_07_01_02_01,0,0.5087307309990102,0.3278282380052678,0.03360225287606273,0.1298387781196593,0.2927257225868357,0.25271389359413815,0.24613141754575357,0.20842896627327265,0.008141,0.007626,0.011831,0.972402,0.636519,0.516545,0.097198,0.416754,1,0.21600500841217452,0.07511434441112963,0.21252916466969085,0.07859018815361335,0.636519
04_2_2_1_Asad_Vhappy,4,female,2,2,1,04_04_02_02_01,04_03_02_02_01,1,0.27956948498076917,0.6329899414052407,0.026380833082214773,0.061059740531775375,0.34198511506519985,0.2621380387485441,0.21460955197898932,0.18126729420726667,0.008141,0.007626,0.011831,0.972402,0.759063,0.551675,0.142326,0.484355,1,0.062415630084430684,0.3708519026566966,0.18822871889677453,0.1202075536754913,0.759063
04_1_2_2_Aangry_Vsad,4,female,1,2,2,04_05_02_01_02,04_04_02_01_02,1,0.12208878062823485,0.839525215761038,0.005203933020800586,0.03318207058992657,0.22075516699564715,0.29397769733201534,0.2998888721115145,0.18537826356082296,0.004626,0.024107,0.005878,0.965388,0.795758,0.534731,0.284816,0.538435,1,0.0986663863674123,0.5455475184290226,0.2946849390907139,0.1521961929708964,0.795758
05_2_1_1_Asad_Vangry,5,male,2,1,1,05_04_01_02_01,05_05_01_02_01,1,0.49339603904532925,0.06981093552669408,0.05674067278819465,0.3800523526397821,0.21639215995610847,0.25557745840842966,0.2571274330555707,0.2709029485798913,0.008141,0.007626,0.011831,0.972402,0.34985,0.444698,0.137278,0.310609,0,0.27700387908922075,0.18576652288173556,0.20038676026737604,0.10914940405989082,0.444698
06_2_1_2_Ahappy_Vsad,6,female,2,1,2,06_03_01_02_02,06_04_01_02_02,1,0.5157889155119091,0.24185535643712522,0.04001976765014857,0.2023359604008171,0.1906382172457836,0.3296137293391358,0.280667924539066,0.19908012887601448,0.008141,0.007626,0.011831,0.972402,0.535719,0.528305,0.134236,0.39942,1,0.3251506982661255,0.08775837290201058,0.24064815688891744,0.0032558315248026326,0.535719
03_1_2_2_Asad_Vsad,3,male,1,2,2,03_04_02_01_02,03_04_02_01_02,0,0.687433934567351,0.14355085472932538,0.07099118247049138,0.09802402823283222,0.24392855898326193,0.29082435191496436,0.2874212208409926,0.17782586826078117,0.004626,0.024107,0.005878,0.965388,0.67927,0.544801,0.156693,0.460255,0,0.4435053755840891,0.14727349718563898,0.2164300383705012,0.07980184002794895,0.67927
07_2_2_2_Ahappy_Vfearful,7,male,2,2,2,07_03_02_02_02,07_06_02_02_02,1,0.6029237756830358,0.24959250644240874,0.07372922108591054,0.07375449678864493,0.2030792653320052,0.2937708680822863,0.3060536018051525,0.197096264780556,0.008141,0.007626,0.011831,0.972402,0.726852,0.530384,0.152192,0.46981,0,0.3998445103510306,0.04417836163987757,0.23232438071924197,0.12334176799191107,0.726852
12_2_2_1_Ahappy_Vfearful,12,female,2,2,1,12_03_02_02_01,12_06_02_02_01,1,0.5609746447917159,0.3145020717265318,0.03234251976252656,0.0921807637192257,0.22369019650305882,0.2705098108476197,0.27008888666450964,0.23571110598481193,0.008141,0.007626,0.011831,0.972402,0.698472,0.483833,0.1557,0.446001,1,0.33728444828865706,0.04399226087891206,0.23774636690198309,0.14353034226558622,0.698472
23_1_1_2_Ahappy_Vsad,23,male,1,1,2,23_03_01_01_02,23_04_01_01_02,1,0.3797632887960125,0.42408318547783175,0.013323101676004846,0.1828304240501509,0.22948433416921152,0.2429526600305849,0.2315150072806701,0.2960479985195335,0.004626,0.024107,0.005878,0.965388,0.542561,0.409524,0.126317,0.359467,0,0.150278954626801,0.18113052544724684,0.21819190560466525,0.1132175744693826,0.542561
19_1_2_1_Ahappy_Vangry,19,male,1,2,1,19_03_02_01_01,19_05_02_01_01,1,0.5712014694992577,0.25088503276851637,0.03430984750362484,0.14360365022860103,0.25817835169969705,0.2825896108097636,0.2291783864088814,0.230053651081658,0.004626,0.024107,0.005878,0.965388,0.601259,0.480149,0.109872,0.397093,0,0.3130231177995606,0.03170457804124721,0.19486853890525657,0.08645000085305699,0.601259
18_2_2_2_Acalm_Vsad,18,female,2,2,2,18_02_02_02_02,18_04_02_02_02,1,0.4424746745262646,0.20698241661757685,0.04981451778938533,0.30072839106677324,0.2739634454442178,0.2986760771392969,0.2669406877980133,0.16041978961847217,0.008141,0.007626,0.011831,0.972402,0.423057,0.57903,0.095064,0.365717,1,0.1685112290820468,0.09169366052172004,0.21712617000862794,0.14030860144830107,0.57903
18_1_1_2_Ahappy_Vangry,18,female,1,1,2,18_03_01_01_02,18_05_01_01_02,1,0.4945905166022361,0.28359098601697086,0.035226147146707826,0.18659235023408524,0.22772038203989955,0.29186647849773867,0.24470596694294275,0.23570717251941908,0.004626,0.024107,0.005878,0.965388,0.539849,0.473069,0.102084,0.371667,1,0.26687013456233655,0.00827549248076781,0.20947981979623492,0.04911482228533384,0.539849
09_1_2_2_Asad_Vsad,9,male,1,2,2,09_04_02_01_02,09_04_02_01_02,0,0.7121555192784563,0.012688629348057482,0.15187849865633504,0.1232773527171511,0.2099490976944095,0.3214994420992819,0.31322126842565157,0.15533019178065705,0.004626,0.024107,0.005878,0.965388,0.667244,0.574365,0.254343,0.49865,0,0.5022064215840468,0.3088108127512244,0.16134276976931652,0.03205283906350595,0.667244
02_2_2_2_Ahappy_Vsad,2,female,2,2,2,02_03_02_02_02,02_04_02_02_02,1,0.516143450954462,0.3400733626289948,0.025713140369664732,0.11807004604687862,0.20296677327961588,0.30072247203277386,0.27553408500404275,0.22077666968356746,0.008141,0.007626,0.011831,0.972402,0.656663,0.501538,0.150403,0.436201,1,0.31317667767484614,0.03935089059622093,0.249820944634378,0.10270662363668884,0.656663
23_2_1_1_Ahappy_Vsad,23,male,2,1,1,23_03_01_02_01,23_04_01_02_01,1,0.4760035119335899,0.3276452969601238,0.023710974871218395,0.17264021623506784,0.23242437072774752,0.24874557907452632,0.22860340888415728,0.2902266413135689,0.008141,0.007626,0.011831,0.972402,0.577374,0.42455,0.115069,0.372331,0,0.2435791412058424,0.07889971788559746,0.20489243401293888,0.11758642507850106,0.577374
05_2_2_1_Asad_Vangry,5,male,2,2,1,05_04_02_02_01,05_05_02_02_01,1,0.5575066775269389,0.047113238467446854,0.04963387530441319,0.3457462087012011,0.21414207833250445,0.2593583786445285,0.2622236697584285,0.26427587326453855,0.008141,0.007626,0.011831,0.972402,0.384448,0.451845,0.176729,0.337674,0,0.3433645991944345,0.21224514017708163,0.2125897944540153,0.08147033543666254,0.451845
16_1_1_1_Asurprised_Vhappy,16,female,1,1,1,16_08_01_01_01,16_03_01_01_01,1,0.16841475576800136,0.6688689561758051,0.013114649097314383,0.14960163895887912,0.4196362389405221,0.2023129503977813,0.18625065653294562,0.19180015412875107,0.004626,0.024107,0.005878,0.965388,0.583572,0.532403,0.201677,0.439217,1,0.25122148317252074,0.4665560057780238,0.17313600743563123,0.04219851516987194,0.583572
24_1_2_2_Asad_Vangry,24,female,1,2,2,24_04_02_01_02,24_05_02_01_02,1,0.4806895939786333,0.32256961593618017,0.08589171613686687,0.11084907394831964,0.22359809390305357,0.30367108095049583,0.2495513940010041,0.2231794311454466,0.004626,0.024107,0.005878,0.965388,0.64482,0.487297,0.07881,0.403643,1,0.25709150007557974,0.018898534985684334,0.1636596778641372,0.11233035719712697,0.64482
13_1_2_2_Aangry_Vdisgust,13,male,1,2,2,13_05_02_01_02,13_07_02_01_02,1,0.1173406648719147,0.856824174148651,0.0045135934172846805,0.021321567562149722,0.2509855944952224,0.2751409884543159,0.24163057892790238,0.23224283812255933,0.004626,0.024107,0.005878,0.965388,0.826761,0.47787,0.311849,0.538827,0,0.1336449296233077,0.5816831856943351,0.2371169855106177,0.2109212705604096,0.826761
14_2_1_2_Asad_Vangry,14,female,2,1,2,14_04_01_02_02,14_05_01_02_02,1,0.23406649529681076,0.4054746265113756,0.07487948404680916,0.28557939414500444,0.22595842408210112,0.2725171994848647,0.2425060327745675,0.25901834365846665,0.008141,0.007626,0.011831,0.972402,0.435905,0.457802,0.043595,0.312434,1,0.008108071214709633,0.13295742702651092,0.16762654872775834,0.026561050486537785,0.457802
10_1_1_2_Aneutral_Vhappy,10,female,1,1,2,10_01_01_01_02,10_03_01_01_02,1,0.4053768081174692,0.195568476539167,0.16711947766949495,0.2319352376738689,0.3165536954101865,0.26036102904652636,0.23109300345088732,0.19199227209239986,0.004626,0.024107,0.005878,0.965388,0.483833,0.528016,0.012366,0.341405,1,0.08882311270728266,0.06479255250735935,0.06397352578139237,0.039942965581469037,0.528016
13_1_1_1_Ahappy_Vsad,13,male,1,1,1,13_03_01_01_01,13_04_01_01_01,1,0.41154184223354184,0.27306338807077835,0.02337305448124345,0.2920217152144364,0.22561865696706,0.25446489811749756,0.23785226098538942,0.28206418393005317,0.004626,0.024107,0.005878,0.965388,0.419155,0.423506,0.093987,0.312216,0,0.18592318526648186,0.018598489953280783,0.21447920650414598,0.009957531284383203,0.423506
23_2_1_1_Aangry_Vdisgust,23,male,2,1,1,23_05_01_02_01,23_07_01_02_01,1,0.2319082864218134,0.6903628452088375,0.006797239501823304,0.07093162886752578,0.2267370970234621,0.2823794841511501,0.2675343453348622,0.22334907349052546,0.008141,0.007626,0.011831,0.972402,0.748277,0.498366,0.207786,0.48481,0,0.005171189398351317,0.4079833610576874,0.2607371058330389,0.15241744462299966,0.748277
08_1_1_2_Ahappy_Vfearful,8,female,1,1,2,08_03_01_01_02,08_06_01_01_02,1,0.49304409879055666,0.2193201804407551,0.02666600170516116,0.26096971906352706,0.2393292163954508,0.244259837194005,0.31759417763734116,0.198816768773203,0.004626,0.024107,0.005878,0.965388,0.455347,0.519896,0.140347,0.371863,1,0.25371488239510587,0.024939656753249884,0.29092817593218,0.062152950290324055,0.519896
12_1_2_1_Asad_Vhappy,12,female,1,2,1,12_04_02_01_01,12_03_02_01_01,1,0.6041161030124812,0.23072716614855068,0.1039171976049079,0.06123953323406024,0.3421113529851708,0.24674817676473487,0.22581509382993564,0.18532537642015856,0.004626,0.024107,0.005878,0.965388,0.738939,0.537457,0.066936,0.447777,1,0.2620047500273104,0.01602101061618419,0.12189789622502774,0.12408584318609832,0.738939
21_1_2_1_Asad_Vsad,21,male,1,2,1,21_04_02_01_01,21_04_02_01_01,0,0.7555436552157526,0.054876229331477185,0.059210105015456815,0.13037001043731333,0.2904354851522988,0.2574248834911527,0.24706467635038853,0.20507495500615996,0.004626,0.024107,0.005878,0.965388,0.641948,0.511517,0.179413,0.444293,0,0.46510817006345384,0.20254865415967555,0.18785457133493172,0.07470494456884663,0.641948
12_2_1_2_Asad_Vangry,12,female,2,1,2,12_04_01_02_02,12_05_01_02_02,1,0.3897474616473179,0.22404154587384878,0.13564708799816233,0.25056390448067106,0.22124400310601813,0.267586378791293,0.24247266125793704,0.26869695684475187,0.008141,0.007626,0.011831,0.972402,0.470094,0.44724,0.029636,0.315657,1,0.16850345854129975,0.04354483291744421,0.10682557325977471,0.018133052364080804,0.470094
09_1_2_1_Adisgust_Vsad,9,male,1,2,1,09_07_02_01_01,09_04_02_01_01,1,0.4545731284167557,0.06452576611770366,0.15633334399085666,0.324567761474684,0.2192257613595515,0.32882897250673254,0.2996752130526488,0.15227005308106709,0.004626,0.024107,0.005878,0.965388,0.400794,0.578411,0.139823,0.373009,0,0.2353473670572042,0.2643032063890289,0.14334186906179217,0.17229770839361694,0.578411
14_1_2_2_Aangry_Vsurprised,14,female,1,2,2,14_05_02_01_02,14_08_02_01_02,1,0.1373541494831638,0.8186470053713859,0.013260087313191216,0.030738757832259163,0.24655837140516626,0.26119351661443563,0.22829861872790264,0.2639494932524955,0.004626,0.024107,0.005878,0.965388,0.798879,0.442711,0.280309,0.5073,1,0.10920422192200246,0.5574534887569502,0.2150385314147114,0.23321073542023635,0.798879
10_1_1_2_Aneutral_Vsad,10,female,1,1,2,10_01_01_01_02,10_04_01_01_02,1,0.4053768081174692,0.195568476539167,0.16711947766949495,0.2319352376738689,0.22263252454615928,0.2362746951585713,0.23240380225357926,0.30868897804169015,0.004626,0.024107,0.005878,0.965388,0.483833,0.396999,0.028654,0.303162,1,0.1827442835713099,0.040706218619404294,0.06528432458408431,0.07675374036782126,0.483833
04_2_2_2_Asad_Vhappy,4,female,2,2,2,04_04_02_02_02,04_03_02_02_02,1,0.33488401588743716,0.562840413354376,0.032904672221226394,0.0693708985369605,0.35783847720965783,0.2587326152851595,0.21003488529373376,0.17339402221144887,0.008141,0.007626,0.011831,0.972402,0.740481,0.562279,0.110432,0.471064,1,0.022954461322220676,0.30410779806921645,0.17713021307250737,0.10402312367448836,0.740481
04_2_1_2_Ahappy_Vangry,4,female,2,1,2,04_03_01_02_02,04_05_01_02_02,1,0.2887330680454278,0.5179436062779648,0.015444927300785706,0.1778783983758216,0.2157104269676046,0.2748552002245382,0.2700890377544596,0.23934533505339764,0.008141,0.007626,0.011831,0.972402,0.573527,0.479688,0.133858,0.395691,1,0.07302264107782322,0.24308840605342658,0.25464411045367386,0.06146693667757605,0.573527
02_2_1_1_Aangry_Vangry,2,female,2,1,1,02_05_01_02_01,02_05_01_02_01,0,0.17883732940238128,0.7067697403244874,0.011575745824482902,0.10281718444864844,0.20713073358607983,0.29367751593509417,0.25124529870715756,0.2479464517716683,0.008141,0.007626,0.011831,0.972402,0.689109,0.470191,0.183643,0.447648,1,0.02829340418369855,0.4130922243893932,0.23966955288267466,0.14512926732301984,0.689109
01_1_1_1_Ahappy_Vangry,1,male,1,1,1,01_03_01_01_01,01_05_01_01_01,1,0.476143198141112,0.22379455730799397,0.035226981019301044,0.26483526353159303,0.20780825744802803,0.296041742880665,0.23874055475453249,0.2574094449167745,0.004626,0.024107,0.005878,0.965388,0.449751,0.448304,0.10384,0.333965,0,0.26833494069308395,0.07224718557267101,0.20351357373523143,0.007425818614818558,0.449751
15_1_1_2_Asad_Vangry,15,male,1,1,2,15_04_01_01_02,15_05_01_01_02,1,0.4950241887406934,0.1547029175538586,0.06850807074821441,0.2817648229572336,0.219200259849523,0.26289595222336093,0.2377215919839923,0.2801821959431237,0.004626,0.024107,0.005878,0.965388,0.434539,0.425083,0.085356,0.314993,0,0.27582392889117047,0.10819303466950234,0.16921352123577788,0.001582627014109883,0.434539
18_2_1_2_Asad_Vsad,18,female,2,1,2,18_04_01_02_02,18_04_01_02_02,0,0.3253084289651657,0.2968308591276877,0.07777096748274706,0.30008974442439945,0.20626747048451075,0.27112786298421215,0.3168721958186584,0.2057324707126188,0.008141,0.007626,0.011831,0.972402,0.420078,0.519458,0.072537,0.337358,1,0.11904095848065496,0.025702996143475543,0.23910122833591133,0.09435727371178065,0.519458
15_1_1_1_Asad_Vhappy,15,male,1,1,1,15_04_01_01_01,15_03_01_01_01,1,0.5159076703590726,0.2598363558053874,0.0478844133420715,0.17637156049346858,0.31097515032987805,0.2596312143073293,0.21285961543246212,0.21653401993033045,0.004626,0.024107,0.005878,0.965388,0.553543,0.497562,0.060672,0.370593,0,0.20493252002919454,0.00020514149805805904,0.16497520209039063,0.040162459436861864,0.553543
11_1_1_1_Asad_Vneutral,11,male,1,1,1,11_04_01_01_01,11_01_01_01_01,1,0.49693652899428997,0.19836757948758837,0.08244013739100074,0.22225575412712098,0.23103546130223376,0.22545803206689358,0.23262089010433765,0.310885616526535,0.004626,0.024107,0.005878,0.965388,0.497426,0.395406,0.068716,0.320516,0,0.26590106769205624,0.027090452579305202,0.15018075271333692,0.08862986239941403,0.497426
10_1_1_2_Ahappy_Vneutral,10,female,1,1,2,10_03_01_01_02,10_01_01_01_02,1,0.4366769660270581,0.31353100254592714,0.07247699706915535,0.17731503435785945,0.2255717036814648,0.24021640056418236,0.23444165921383922,0.2997702365405136,0.004626,0.024107,0.005878,0.965388,0.548017,0.405837,0.072121,0.341992,1,0.21110526234559326,0.07331460198174478,0.16196466214468386,0.12245520218265415,0.548017
18_1_2_1_Asurprised_Vangry,18,female,1,2,1,18_08_02_01_01,18_05_02_01_01,1,0.43235404691649487,0.4294044236352473,0.05065518455676212,0.08758634489149576,0.247510305354759,0.31045880901782175,0.25496003420042485,0.18707085142699437,0.004626,0.024107,0.005878,0.965388,0.682355,0.531897,0.092386,0.435546,1,0.18484374156173586,0.11894561461742553,0.20430484964366272,0.0994845065354986,0.682355
16_2_1_1_Asad_Vangry,16,female,2,1,1,16_04_01_02_01,16_05_01_02_01,1,0.3506827647471594,0.397418716550123,0.02223948950149425,0.22965902920122333,0.25681924454413785,0.24608697472865546,0.22594179933495306,0.2711519813922538,0.008141,0.007626,0.011831,0.972402,0.505862,0.444718,0.08954,0.346707,1,0.09386352020302158,0.15133174182146755,0.20370230983345883,0.0414929521910305,0.505862
20_2_2_1_Ahappy_Vangry,20,female,2,2,1,20_03_02_02_01,20_05_02_02_01,1,0.33269857201490893,0.5843563803401812,0.013991684971658902,0.0689533626732508,0.23592913806779292,0.2507712790778498,0.2638323750752724,0.24946720777908485,0.008141,0.007626,0.011831,0.972402,0.746926,0.468143,0.193505,0.469525,1,0.09676943394711601,0.33358510126233143,0.2498406901036135,0.18051384510583404,0.746926
16_2_2_1_Adisgust_Vsad,16,female,2,2,1,16_07_02_02_01,16_04_02_02_01,1,0.33695637734735,0.5246471288256652,0.02305349514906091,0.11534299867792382,0.34401414029628213,0.22603821830308946,0.245317142227476,0.1846304991731524,0.008141,0.007626,0.011831,0.972402,0.661932,0.54686,0.127374,0.445388,1,0.0070577629489321225,0.29860891052257577,0.2222636470784151,0.0692875004952286,0.661932
20_2_1_2_Aangry_Vdisgust,20,female,2,1,2,20_05_01_02_02,20_07_01_02_02,1,0.3992855184725099,0.4502434714678215,0.03621793300400768,0.11425307705566096,0.25435943260405014,0.2627275885335519,0.275029206311978,0.20788377255041993,0.008141,0.007626,0.011831,0.972402,0.66032,0.516903,0.114527,0.430583,1,0.1449260858684598,0.18751588293426963,0.23881127330797036,0.09363069549475897,0.66032
08_1_1_1_Ahappy_Vhappy,8,female,1,1,1,08_03_01_01_01,08_03_01_01_01,0,0.5668691570676087,0.20811427543535976,0.03952579060756953,0.18549077688946214,0.3998484307831995,0.23441474053795333,0.19692289740810323,0.16881393127074387,0.004626,0.024107,0.005878,0.965388,0.54552,0.560573,0.052547,0.386213,1,0.16702072628440917,0.026300465102593568,0.1573971068005337,0.016676845618718267,0.560573
08_2_1_1_Asad_Vangry,8,female,2,1,1,08_04_01_02_01,08_05_01_02_01,1,0.5290697970478003,0.10009089994119011,0.13027900066566112,0.24056030234534842,0.22569006016038523,0.2615671761961621,0.27302598217683427,0.23971678146661834,0.008141,0.007626,0.011831,0.972402,0.484522,0.479171,0.09082,0.351504,1,0.3033797368874151,0.161476276254972,0.14274698151117315,0.0008435208787300752,0.484522
17_1_1_2_Acalm_Vhappy,17,male,1,1,2,17_02_01_01_02,17_03_01_01_02,1,0.49393407801708583,0.13586721716319367,0.10082827265282782,0.2693704321668927,0.3063608923603961,0.23494204455412554,0.2511121503922121,0.20758491269326626,0.004626,0.024107,0.005878,0.965388,0.448506,0.509644,0.05247,0.336874,0,0.18757318565668973,0.09907482739093187,0.15028387773938426,0.061785519473626455,0.509644
10_2_1_1_Asurprised_Vsad,10,female,2,1,1,10_08_01_02_01,10_04_01_02_01,1,0.20181564237043817,0.662421831976019,0.031131074730096426,0.10463145092344643,0.22107835346763444,0.24270063097698027,0.23772970087475828,0.29849131468062706,0.008141,0.007626,0.011831,0.972402,0.67917,0.415946,0.173246,0.422787,1,0.019262711097196267,0.41972120099903876,0.20659862614466185,0.19385986375718062,0.67917
11_1_1_1_Aangry_Vneutral,11,male,1,1,1,11_05_01_01_01,11_01_01_01_01,1,0.17423825251835265,0.7521243698188361,0.01240615894928367,0.061231218713527595,0.23103546130223376,0.22545803206689358,0.23262089010433765,0.310885616526535,0.004626,0.024107,0.005878,0.965388,0.731382,0.395406,0.263986,0.463591,0,0.056797208783881115,0.5266663377519425,0.22021473115505397,0.2496543978130074,0.731382
18_1_2_1_Ahappy_Vsad,18,female,1,2,1,18_03_02_01_01,18_04_02_01_01,1,0.4516043423118228,0.4304776063477338,0.039238985239814984,0.07867906610062846,0.2788693659557692,0.298625412700971,0.2649191770335825,0.15758604430967746,0.004626,0.024107,0.005878,0.965388,0.699475,0.57216,0.100929,0.457521,1,0.17273497635605356,0.13185219364676282,0.2256801917937675,0.078906978209049,0.699475
22_2_1_1_Aangry_Vhappy,22,female,2,1,1,22_05_01_02_01,22_03_01_02_01,1,0.2299192964941915,0.6397006788859749,0.015142797953115926,0.11523722666671754,0.34372451505732854,0.23770191148073233,0.19917933142990965,0.21939424203202942,0.008141,0.007626,0.011831,0.972402,0.666009,0.504154,0.156749,0.442304,1,0.11380521856313705,0.4019987674052426,0.18403653347679372,0.10415701536531188,0.666009
13_1_1_1_Asad_Vangry,13,male,1,1,1,13_04_01_01_01,13_05_01_01_01,1,0.38381849646313154,0.17635580231129233,0.062609662999453,0.37721603822612304,0.22746068135175548,0.25370065666636826,0.23750631724039734,0.28133234474147895,0.004626,0.024107,0.005878,0.965388,0.339162,0.42432,0.063874,0.275785,0,0.15635781511137606,0.07734485435507593,0.17489665424094433,0.0958836934846441,0.42432
21_1_2_1_Asad_Vhappy,21,male,1,2,1,21_04_02_01_01,21_03_02_01_01,1,0.7555436552157526,0.054876229331477185,0.059210105015456815,0.13037001043731333,0.3565975676360656,0.2525736928458015,0.21276625807890562,0.17806248143922723,0.004626,0.024107,0.005878,0.965388,0.641948,0.546836,0.138333,0.442372,0,0.398946087579687,0.19769746351432432,0.1535561530634488,0.0476924710019139,0.641948
20_1_1_1_Aangry_Vangry,20,female,1,1,1,20_05_01_01_01,20_05_01_01_01,0,0.24883573916311497,0.4774386804238985,0.028764154032684387,0.24496142638030222,0.22205036159090472,0.22984739036842136,0.24539787836571367,0.3027043696749603,0.004626,0.024107,0.005878,0.965388,0.462441,0.403388,0.105362,0.32373,1,0.02678537757221025,0.24759129005547711,0.21663372433302927,0.05774294329465807,0.462441
04_1_1_1_Asad_Vfearful,4,female,1,1,1,04_04_01_01_01,04_06_01_01_01,1,0.2363791474351803,0.2683909365175006,0.05636752461781205,0.4388623914295071,0.21223217376839054,0.26893828492436317,0.28847449550161375,0.23035504580563237,0.004626,0.024107,0.005878,0.965388,0.280258,0.480299,0.085932,0.282163,1,0.02414697366678975,0.0005473484068625467,0.2321069708838017,0.20850734562387474,0.480299
05_1_1_1_Ahappy_Vangry,5,male,1,1,1,05_03_01_01_01,05_05_01_01_01,1,0.4724629616368165,0.2986849304246852,0.04908182633585801,0.17977028160264036,0.21699602591888675,0.25726345584868804,0.24740559046701133,0.2783349277654139,0.004626,0.024107,0.005878,0.965388,0.546854,0.427301,0.096061,0.356738,0,0.2554669357179298,0.04142147457599715,0.19832376413115332,0.09856464616277355,0.546854
15_1_2_1_Asad_Vangry,15,male,1,2,1,15_04_02_01_01,15_05_02_01_01,1,0.5868724889164783,0.2014362110641159,0.07276253470817629,0.13892876531122947,0.21710321169949548,0.2656799834364307,0.23931011693202067,0.2779066879320531,0.004626,0.024107,0.005878,0.965388,0.608726,0.427366,0.117727,0.384606,0,0.3697692772169828,0.06424377237231477,0.1665475822238444,0.13897792262082362,0.608726
15_1_1_1_Aangry_Vhappy,15,male,1,1,1,15_05_01_01_01,15_03_01_01_01,1,0.19797375353883867,0.7142339236968062,0.014878356195232508,0.07291396656912268,0.31097515032987805,0.2596312143073293,0.21285961543246212,0.21653401993033045,0.004626,0.024107,0.005878,0.965388,0.708155,0.497562,0.189809,0.465175,0,0.11300139679103938,0.45460270938947683,0.19798125923722962,0.14362005336120776,0.708155
06_1_1_2_Asad_Vhappy,6,female,1,1,2,06_04_01_01_02,06_03_01_01_02,1,0.33786420206187195,0.14842478277127386,0.15616147651074144,0.3575495386561128,0.3782669464595421,0.27834447735344336,0.18212167939302887,0.16126689679398565,0.004626,0.024107,0.005878,0.965388,0.356901,0.568704,0.043498,0.323034,1,0.040402744397670165,0.1299196945821695,0.025960202882287425,0.19628264186212713,0.568704
12_2_2_1_Afearful_Vsad,12,female,2,2,1,12_06_02_02_01,12_04_02_02_01,1,0.508204582157949,0.34068385207764584,0.07859541105346929,0.07251615471093589,0.21832052995817536,0.3046644245422959,0.29217884635924557,0.18483619914028315,0.008141,0.007626,0.011831,0.972402,0.728028,0.54614,0.109145,0.461104,1,0.2898840521997736,0.036019427535349924,0.21358343530577628,0.11232004442934726,0.728028
16_1_2_2_Asad_Vhappy,16,female,1,2,2,16_04_02_01_02,16_03_02_01_02,1,0.5747622106150473,0.16934269233732419,0.10112664482287786,0.15476845222475072,0.4532822614104988,0.20798158402262568,0.17204228327703547,0.16669387128984015,0.004626,0.024107,0.005878,0.965388,0.587142,0.565616,0.013495,0.388751,1,0.12147994920454847,0.03863889168530149,0.0709156384541576,0.011925419065089427,0.587142
17_2_1_2_Asad_Vsad,17,male,2,1,2,17_04_01_02_02,17_04_01_02_02,0,0.5232625109719828,0.14471746896852505,0.12527207009150348,0.2067479499679887,0.21756654694404726,0.26396691701254116,0.28558765351492194,0.23287888252848962,0.008141,0.007626,0.011831,0.972402,0.523857,0.487008,0.083351,0.364739,0,0.3056959640279356,0.1192494480440161,0.16031558342341845,0.02613093256050092,0.523857
07_2_2_2_Asad_Vhappy,7,male,2,2,2,07_04_02_02_02,07_03_02_02_02,1,0.6921271768750845,0.13762073803276592,0.06612332639307511,0.10412875869907445,0.415860838243732,0.24116590454704073,0.1921058101435805,0.15086744706564684,0.008141,0.007626,0.011831,0.972402,0.675685,0.594154,0.0617,0.443846,0,0.2762663386313525,0.10354516651427481,0.1259824837505054,0.046738688366572384,0.675685
15_2_2_2_Asad_Vangry,15,male,2,2,2,15_04_02_02_02,15_05_02_02_02,1,0.7034908854509139,0.13030657235467905,0.0847944992980404,0.08140804289636656,0.22230060372430344,0.26350665743165913,0.24611761221271788,0.2680751266313195,0.008141,0.007626,0.011831,0.972402,0.713955,0.447859,0.178871,0.446895,0,0.48119028172661044,0.13320008507698008,0.1613231129146775,0.18666708373495294,0.713955
08_2_1_1_Asad_Vhappy,8,female,2,1,1,08_04_01_02_01,08_03_01_02_01,1,0.5290697970478003,0.10009089994119011,0.13027900066566112,0.24056030234534842,0.4040180245518437,0.23108590999876694,0.1952509665804354,0.16964509886895404,0.008141,0.007626,0.011831,0.972402,0.484522,0.567923,0.034424,0.36229,1,0.12505177249595661,0.13099501005757683,0.06497196591477428,0.07091520347639438,0.567923
10_2_2_1_Aangry_Vsad,10,female,2,2,1,10_05_02_02_01,10_04_02_02_01,1,0.1577156636631191,0.7960370842260162,0.0049533175472678765,0.04129393456359687,0.2284563608189633,0.2445221695311839,0.23187785775421557,0.2951436118956372,0.008141,0.007626,0.011831,0.972402,0.813621,0.419432,0.294639,0.509231,1,0.07074069715584422,0.5515149146948323,0.2269245402069477,0.25384967733204034,0.813621
14_1_2_2_Asurprised_Vsad,14,female,1,2,2,14_08_02_01_02,14_04_02_01_02,1,0.20647763590189933,0.7035180773401398,0.012110481188265512,0.07789380556969526,0.20066580305976475,0.27591251742795353,0.2809330410264847,0.24248863848579713,0.004626,0.024107,0.005878,0.965388,0.699569,0.465936,0.211824,0.45911,1,0.005811832842134573,0.4276055599121863,0.2688225598382192,0.16459483291610189,0.699569
01_2_2_1_Ahappy_Vangry,1,male,2,2,1,01_03_02_02_01,01_05_02_02_01,1,0.6441450075500106,0.2264329390420244,0.03164389126040445,0.09777816214756051,0.22380534934463192,0.3408545514159824,0.2369646109123884,0.19837548832699725,0.008141,0.007626,0.011831,0.972402,0.689837,0.529513,0.161614,0.460321,0,0.42033965820537866,0.11442161237395801,0.20532071965198395,0.10059732617943674,0.689837
18_2_1_2_Ahappy_Vcalm,18,female,2,1,2,18_03_01_02_02,18_02_01_02_02,1,0.46974124633079073,0.26625399915109094,0.030467933589090394,0.233536820929028,0.34275673182577493,0.2440533238495539,0.20653836279811855,0.20665158152655264,0.008141,0.007626,0.011831,0.972402,0.499516,0.519506,0.061045,0.360022,1,0.1269845145050158,0.02220067530153705,0.17607042920902816,0.026885239402475364,0.519506
17_2_1_2_Asad_Vangry,17,male,2,1,2,17_04_01_02_02,17_05_01_02_02,1,0.5232625109719828,0.14471746896852505,0.12527207009150348,0.2067479499679887,0.2192810668684026,0.2436325482777506,0.23719992675913062,0.29988645809471615,0.008141,0.007626,0.011831,0.972402,0.523857,0.414535,0.0743,0.337564,0,0.30398144410358025,0.09891507930922555,0.11192785666762714,0.09313850812672744,0.523857
22_2_2_2_Afearful_Vsad,22,female,2,2,2,22_06_02_02_02,22_04_02_02_02,1,0.543973421532039,0.3302681978721219,0.066620600156898,0.059137780438941065,0.22243546996014246,0.2393369740387537,0.24221538955234276,0.296012166448761,0.008141,0.007626,0.011831,0.972402,0.755742,0.418427,0.155915,0.443361,1,0.3215379515718965,0.09093122383336821,0.17559478939544476,0.23687438600981991,0.755742
18_2_2_2_Ahappy_Vcalm,18,female,2,2,2,18_03_02_02_02,18_02_02_02_02,1,0.5389005024571055,0.3526706680491013,0.05542988577622782,0.05299894371756525,0.37510940559499034,0.23251499081692917,0.19366389275929113,0.1987117108287894,0.008141,0.007626,0.011831,0.972402,0.769759,0.529844,0.081307,0.460303,1,0.16379109686211518,0.12015567723217213,0.13823400698306332,0.14571276711122416,0.769759
12_1_2_1_Ahappy_Vangry,12,female,1,2,1,12_03_02_01_01,12_05_02_01_01,1,0.28830001487177864,0.6603995150863216,0.009320908487268157,0.04197956155463165,0.21384394614239727,0.2859508571824285,0.2476041618335503,0.2526010348416239,0.004626,0.024107,0.005878,0.965388,0.774388,0.454067,0.218764,0.482406,1,0.07445606872938137,0.37444865790389303,0.23828325334628214,0.21062147328699224,0.774388
16_2_1_1_Asad_Vsad,16,female,2,1,1,16_04_01_02_01,16_04_01_02_01,0,0.3506827647471594,0.397418716550123,0.02223948950149425,0.22965902920122333,0.3278352199775953,0.21815493706728137,0.21505053365738894,0.23895930929773432,0.008141,0.007626,0.011831,0.972402,0.505862,0.480869,0.084848,0.357193,1,0.022847544769564132,0.17926377948284164,0.19281104415589467,0.009300280096510988,0.505862
17_2_1_1_Afearful_Vdisgust,17,male,2,1,1,17_06_01_02_01,17_07_01_02_01,0,0.5430060044187394,0.1632504424067916,0.1788684266389559,0.11487512653551307,0.1892306829234667,0.29741838168570134,0.31818778864579206,0.19516314674504004,0.008141,0.007626,0.011831,0.972402,0.650378,0.532887,0.100463,0.427909,0,0.3537753214952727,0.13416793927890974,0.13931936200683614,0.08028802020952697,0.650378
04_1_2_2_Ahappy_Vhappy,4,female,1,2,2,04_03_02_01_02,04_03_02_01_02,0,0.28258127813508055,0.6151237484082661,0.02193898355574491,0.08035598990090843,0.2990720005395971,0.26958371159557365,0.23764044353881797,0.19370384432601137,0.004626,0.024107,0.005878,0.965388,0.694093,0.525294,0.143141,0.454176,1,0.016490722404516545,0.34554003681269246,0.21570145998307305,0.11334785442510294,0.694093
15_2_2_1_Ahappy_Vangry,15,male,2,2,1,15_03_02_02_01,15_05_02_02_01,1,0.6313627119949548,0.23486804257362726,0.03165970637083206,0.10210953906058585,0.21962972363840982,0.26006345793475827,0.23890437977161844,0.28140243865521347,0.008141,0.007626,0.011831,0.972402,0.682338,0.433703,0.171697,0.429246,0,0.4117329883565449,0.025195415361131013,0.20724467340078637,0.17929289959462763,0.682338
22_1_2_1_Asad_Vsad,22,female,1,2,1,22_04_02_01_01,22_04_02_01_01,0,0.42809437868892514,0.23372265711097445,0.12632361924168536,0.21185934495841516,0.21576791630191422,0.23811897198091136,0.2713697856708456,0.27474332604632873,0.004626,0.024107,0.005878,0.965388,0.506172,0.432107,0.048214,0.328831,1,0.21232646238701092,0.0043963148699369126,0.1450461664291602,0.06288398108791357,0.506172
10_1_1_2_Afearful_Vhappy,10,female,1,1,2,10_06_01_01_02,10_03_01_01_02,1,0.5689259043690134,0.16110711743744888,0.13451667763543879,0.13545030055809887,0.3165536954101865,0.26036102904652636,0.23109300345088732,0.19199227209239986,0.004626,0.024107,0.005878,0.965388,0.615174,0.528016,0.047666,0.396952,1,0.25237220895882684,0.09925391160907748,0.09657632581544853,0.05654197153430099,0.615174
15_2_2_1_Ahappy_Vsad,15,male,2,2,1,15_03_02_02_01,15_04_02_02_01,1,0.6313627119949548,0.23486804257362726,0.03165970637083206,0.10210953906058585,0.22889900296002064,0.2617582417591731,0.2685804042700498,0.24076235101075646,0.008141,0.007626,0.011831,0.972402,0.682338,0.478002,0.16913,0.443156,0,0.4024637090349341,0.02689019918554586,0.23692069789921774,0.1386528119501706,0.682338
20_1_2_1_Asad_Vangry,20,female,1,2,1,20_04_02_01_01,20_05_02_01_01,1,0.6944622242334644,0.051250133858736835,0.13341484424361952,0.12087279766417933,0.22600341829605555,0.25567868293349255,0.2814913665668149,0.2368265322036371,0.004626,0.024107,0.005878,0.965388,0.654686,0.4734,0.177042,0.435042,1,0.46845880593740885,0.20442854907475572,0.14807652232319538,0.11595373453945779,0.654686
19_1_2_1_Ahappy_Vdisgust,19,male,1,2,1,19_03_02_01_01,19_07_02_01_01,1,0.5712014694992577,0.25088503276851637,0.03430984750362484,0.14360365022860103,0.26606023522146904,0.3074257316815455,0.24840034758094295,0.17811368551604256,0.004626,0.024107,0.005878,0.965388,0.601259,0.543811,0.110432,0.4185,0,0.3051412342777886,0.05654069891302915,0.2140905000773181,0.03451003528744154,0.601259
15_2_1_1_Aneutral_Vangry,15,male,2,1,1,15_01_01_02_01,15_05_01_02_01,1,0.34291054345585553,0.3689553821881413,0.02392166284626179,0.26421241150974145,0.2219742815993685,0.25214711109810917,0.2440351457663676,0.28184346153615486,0.008141,0.007626,0.011831,0.972402,0.466072,0.433157,0.093413,0.330881,0,0.12093626185648704,0.11680827109003211,0.2201134829201058,0.01763105002641341,0.466072
12_2_2_2_Ahappy_Vsad,12,female,2,2,2,12_03_02_02_02,12_04_02_02_02,1,0.48710019998701853,0.45333895024210735,0.017065943347931028,0.04249490642294309,0.2097607380582908,0.30082184986543925,0.31462128095455244,0.17479613112171757,0.008141,0.007626,0.011831,0.972402,0.800656,0.559274,0.200649,0.520193,1,0.2773394619287277,0.1525171003766681,0.2975553376066214,0.13230122469877448,0.800656
12_2_1_1_Afearful_Vangry,12,female,2,1,1,12_06_01_02_01,12_05_01_02_01,1,0.5175381303786557,0.28585521087780336,0.050575878151005976,0.14603078059253496,0.22913745029303598,0.26750712530186127,0.24316974041560088,0.2601856839895018,0.008141,0.007626,0.011831,0.972402,0.609731,0.456488,0.102734,0.389651,1,0.2884006800856197,0.018348085575942086,0.1925938622645949,0.11415490339696685,0.609731
20_2_2_1_Aangry_Vsad,20,female,2,2,1,20_05_02_02_01,20_04_02_02_01,1,0.27092295171091224,0.6735289887915284,0.029406185286168056,0.026141874211391414,0.24338016778819954,0.23139369664399556,0.26678005684259154,0.2584460787252135,0.008141,0.007626,0.011831,0.972402,0.838146,0.458108,0.24017,0.512141,1,0.0275427839227127,0.4421352921475329,0.23737387155642348,0.2323042045138221,0.838146
23_2_2_1_Aangry_Vfearful,23,male,2,2,1,23_05_02_02_01,23_06_02_02_01,1,0.13431246731167498,0.8467729271972537,8.501815153030315e-05,0.01882958733954099,0.23324136406468254,0.2656873187714508,0.30578344081667275,0.1952878763471939,0.008141,0.007626,0.011831,0.972402,0.878404,0.532467,0.338256,0.583042,0,0.09892889675300756,0.5810856084258029,0.30569842266514247,0.17645828900765292,0.878404
15_2_2_1_Aangry_Vsad,15,male,2,2,1,15_05_02_02_01,15_04_02_02_01,1,0.2817613191028749,0.6743876202792135,0.009289441013415807,0.0345616196044958,0.22889900296002064,0.2617582417591731,0.2685804042700498,0.24076235101075646,0.008141,0.007626,0.011831,0.972402,0.824028,0.478002,0.242089,0.514706,0,0.05286231614285425,0.4126293785200404,0.259290963256634,0.20620073140626066,0.824028
17_2_1_2_Aneutral_Vsad,17,male,2,1,2,17_01_01_02_02,17_04_01_02_02,1,0.457708229514633,0.05647719113292619,0.1864041053150588,0.2994104740373819,0.21756654694404726,0.26396691701254116,0.28558765351492194,0.23287888252848962,0.008141,0.007626,0.011831,0.972402,0.420537,0.487008,0.094652,0.334066,0,0.24014168257058577,0.20748972587961498,0.09918354819986314,0.06653159150889229,0.487008
02_2_2_2_Ahappy_Vhappy,2,female,2,2,2,02_03_02_02_02,02_03_02_02_02,0,0.516143450954462,0.3400733626289948,0.025713140369664732,0.11807004604687862,0.39134000338363467,0.23270367846539486,0.18797591270494096,0.18798040544602956,0.008141,0.007626,0.011831,0.972402,0.656663,0.543749,0.069508,0.423306,1,0.12480344757082734,0.10736968416359993,0.16226277233527622,0.06991035939915094,0.656663
13_1_2_1_Asad_Vhappy,13,male,1,2,1,13_04_02_01_01,13_03_02_01_01,1,0.39320507326137716,0.29523618002367014,0.03262646797109915,0.2789322787438535,0.4193763874339363,0.23740866282251047,0.1754485169950548,0.1677664327484985,0.004626,0.024107,0.005878,0.965388,0.430672,0.562128,0.051504,0.348101,0,0.026171314172559135,0.05782751720115967,0.14282204902395562,0.111165845995355,0.562128
21_1_2_2_Ahappy_Vsad,21,male,1,2,2,21_03_02_01_02,21_04_02_01_02,1,0.4271212041580417,0.37212500190274395,0.011868438519339724,0.18888535541987467,0.2925813001619069,0.26590200928404867,0.2528271134652319,0.18868957708881243,0.004626,0.024107,0.005878,0.965388,0.536815,0.531847,0.112934,0.393865,0,0.1345399039961348,0.10622299261869528,0.24095867494589218,0.00019577833106224074,0.536815
08_2_2_1_Adisgust_Vhappy,8,female,2,2,1,08_07_02_02_01,08_03_02_02_01,1,0.38465679301611744,0.39728928831377686,0.03618049218024658,0.18187342648985916,0.41426990079726267,0.22865183677931566,0.20121088955264393,0.1558673728707776,0.008141,0.007626,0.011831,0.972402,0.562084,0.586891,0.063308,0.404094,1,0.02961310778114523,0.1686374515344612,0.16503039737239736,0.026006053619081565,0.586891
18_1_2_2_Ahappy_Vangry,18,female,1,2,2,18_03_02_01_02,18_05_02_01_02,1,0.72870344755742,0.166695007069627,0.07526865480540149,0.029332890567551367,0.25050431803924567,0.3023397029200889,0.2577954404151679,0.18936053862549757,0.004626,0.024107,0.005878,0.965388,0.816936,0.52926,0.187607,0.511267,1,0.47819912951817434,0.13564469585046188,0.1825267856097664,0.1600276480579462,0.816936
04_1_2_2_Asad_Vangry,4,female,1,2,2,04_04_02_01_02,04_05_02_01_02,1,0.38429026578082603,0.4851603211326681,0.05732722538935736,0.07322218769714842,0.2174710163495395,0.2731858702275634,0.2722079736521911,0.23713513977070602,0.004626,0.024107,0.005878,0.965388,0.706776,0.472204,0.126342,0.435107,1,0.16681924943128654,0.2119744509051047,0.21488074826283377,0.1639129520735576,0.706776
20_1_1_1_Asurprised_Vcalm,20,female,1,1,1,20_08_01_01_01,20_02_01_01_01,0,0.4005770073442036,0.3568348088131504,0.04083415906155881,0.2017540247810872,0.24305914832134326,0.2292035266154124,0.22458512750358386,0.3031521975596606,0.004626,0.024107,0.005878,0.965388,0.516568,0.403044,0.082058,0.33389,1,0.15751785902286033,0.12763128219773798,0.18375096844202504,0.10139817277857341,0.516568
22_1_2_2_Ahappy_Vangry,22,female,1,2,2,22_03_02_01_02,22_05_02_01_02,1,0.362214534294444,0.525976763326669,0.035218192550560565,0.07659050982832653,0.24684232160070146,0.26233831298132343,0.2298538759375231,0.26096548948045206,0.004626,0.024107,0.005878,0.965388,0.701147,0.445927,0.13636,0.427811,1,0.11537221269374254,0.26363845034534555,0.19463568338696252,0.18437497965212551,0.701147
05_1_1_1_Aangry_Vangry,5,male,1,1,1,05_05_01_01_01,05_05_01_01_01,0,0.14685331274033692,0.7797529453440135,0.0071813672418971335,0.06621237467375252,0.21699602591888675,0.25726345584868804,0.24740559046701133,0.2783349277654139,0.004626,0.024107,0.005878,0.965388,0.72313,0.427301,0.258699,0.46971,0,0.07014271317854984,0.5224894894953255,0.2402242232251142,0.2121225530916614,0.72313
02_2_1_1_Asad_Vangry,2,female,2,1,1,02_04_01_02_01,02_05_01_02_01,1,0.3197306827330358,0.2888545305067069,0.03286612280389553,0.35854866395636187,0.20713073358607983,0.29367751593509417,0.25124529870715756,0.2479464517716683,0.008141,0.007626,0.011831,0.972402,0.368906,0.470191,0.084716,0.307938,1,0.11259994914695595,0.004822985428387272,0.21837917590326203,0.11060221218469357,0.470191
20_1_1_2_Asad_Vsad,20,female,1,1,2,20_04_01_01_02,20_04_01_01_02,0,0.44915408936911977,0.09239757081814548,0.14284944882038786,0.315598890992347,0.2256384481541101,0.24145835583321398,0.2708295519328157,0.2620736440798603,0.004626,0.024107,0.005878,0.965388,0.404772,0.445678,0.068395,0.306282,1,0.22351564121500966,0.1490607850150685,0.12798010311242786,0.053525246912486724,0.445678
16_1_2_2_Aangry_Vsad,16,female,1,2,2,16_05_02_01_02,16_04_02_01_02,1,0.059180259736100874,0.9240191074345816,0.0036801486764997844,0.013120484152817705,0.3355377368119944,0.22919739105652986,0.23744872164736516,0.19781615048411058,0.004626,0.024107,0.005878,0.965388,0.852205,0.522329,0.41567,0.596734,1,0.27635747707589353,0.6948217163780517,0.23376857297086537,0.18469566633129286,0.852205
02_2_2_1_Aangry_Vfearful,2,female,2,2,1,02_05_02_02_01,02_06_02_02_01,1,0.09897781623360165,0.8701611075293144,0.0053855547201345924,0.025475521516949193,0.2153528602916845,0.3108344228574287,0.2777781532480876,0.19603456360279922,0.008141,0.007626,0.011831,0.972402,0.854378,0.531916,0.291471,0.559255,1,0.11637504405808284,0.5593266846718857,0.272392598527953,0.17055904208585004,0.854378
04_1_2_1_Aangry_Vfearful,4,female,1,2,1,04_05_02_01_01,04_06_02_01_01,1,0.1911840665707697,0.7674416887428509,0.011209252287216122,0.030164992399163253,0.19896407314768663,0.27714604491996025,0.3295680348621174,0.19432184707023567,0.004626,0.024107,0.005878,0.965388,0.800923,0.524011,0.269581,0.531505,1,0.007780006576916937,0.49029564382289065,0.31835878257490124,0.1641568546710724,0.800923
04_1_2_2_Asad_Vsad,4,female,1,2,2,04_04_02_01_02,04_04_02_01_02,0,0.38429026578082603,0.4851603211326681,0.05732722538935736,0.07322218769714842,0.22075516699564715,0.29397769733201534,0.2998888721115145,0.18537826356082296,0.004626,0.024107,0.005878,0.965388,0.706776,0.534731,0.116485,0.452664,1,0.16353509878517888,0.19118262380065276,0.24256164672215713,0.11215607586367454,0.706776
02_2_1_1_Aangry_Vsad,2,female,2,1,1,02_05_01_02_01,02_04_01_02_01,1,0.17883732940238128,0.7067697403244874,0.011575745824482902,0.10281718444864844,0.20898787830378576,0.2717112169131012,0.24888580299484414,0.2704151017882689,0.008141,0.007626,0.011831,0.972402,0.689109,0.445375,0.197326,0.443937,1,0.030150548901404478,0.4350585234113862,0.23731005717036124,0.16759791733962043,0.689109
21_1_2_2_Aangry_Vangry,21,male,1,2,2,21_05_02_01_02,21_05_02_01_02,0,0.44264632791665554,0.4813862863476634,0.014521825299429768,0.06144556043625138,0.27595549949903886,0.2992906200372186,0.22726826272458334,0.19748561773915915,0.004626,0.024107,0.005878,0.965388,0.734915,0.519144,0.137935,0.463998,0,0.16669082841761668,0.18209566631044477,0.21274643742515356,0.13604005730290777,0.734915
21_1_1_1_Acalm_Vsad,21,male,1,1,1,21_02_01_01_01,21_04_01_01_01,1,0.5260935679827331,0.06027808420957956,0.11216815170942142,0.3014601960982659,0.2184098760776794,0.27773655727622654,0.2595291724375705,0.2443243942085235,0.004626,0.024107,0.005878,0.965388,0.426145,0.463757,0.125778,0.33856,0,0.30768369190505374,0.21745847306664698,0.1473610207281491,0.057135801889742405,0.463757
18_1_1_1_Asad_Vangry,18,female,1,1,1,18_04_01_01_01,18_05_01_01_01,1,0.2500428030559868,0.38282665426097356,0.06382072999032555,0.3033098126927142,0.2339779000884269,0.285727367184216,0.2453526400445209,0.2349420926828362,0.004626,0.024107,0.005878,0.965388,0.399415,0.474223,0.049466,0.307701,1,0.016064902967559913,0.09709928707675758,0.18153191005419533,0.06836772000987798,0.474223
21_1_1_1_Acalm_Vhappy,21,male,1,1,1,21_02_01_01_01,21_03_01_01_01,1,0.5260935679827331,0.06027808420957956,0.11216815170942142,0.3014601960982659,0.2895981596863675,0.2687862564697411,0.2413781950347058,0.2002373888091857,0.004626,0.024107,0.005878,0.965388,0.426145,0.517018,0.10144,0.348201,0,0.23649540829636562,0.20850817226016152,0.1292100433252844,0.1012228072890802,0.517018
22_2_1_1_Ahappy_Vhappy,22,female,2,1,1,22_03_01_02_01,22_03_01_02_01,0,0.3771859657520788,0.33967228409407174,0.021844574374984636,0.26129717577886485,0.34372451505732854,0.23770191148073233,0.19917933142990965,0.21939424203202942,0.008141,0.007626,0.011831,0.972402,0.469848,0.504154,0.067501,0.347168,1,0.03346145069475026,0.10197037261333941,0.17733475705492502,0.04190293374683543,0.504154
04_2_2_1_Ahappy_Vdisgust,4,female,2,2,1,04_03_02_02_01,04_07_02_02_01,1,0.19152606502878375,0.7285103005339102,0.01192184088228018,0.06804179355502571,0.20755103034072855,0.32197509157904536,0.27302140193561103,0.19745247614461506,0.008141,0.007626,0.011831,0.972402,0.751671,0.530259,0.188995,0.490308,1,0.016024965311944805,0.40653520895486484,0.2610995610533309,0.12941068258958935,0.751671
21_2_2_2_Acalm_Vdisgust,21,male,2,2,2,21_02_02_02_02,21_07_02_02_02,0,0.49668186672270853,0.0559020763187082,0.16497595286039804,0.28244010409818526,0.2291549096937787,0.313965126724006,0.24504450978130482,0.21183545380091043,0.008141,0.007626,0.011831,0.972402,0.4391,0.512574,0.117369,0.356348,0,0.2675269570289298,0.2580630504052978,0.08006855692090678,0.07060465029727483,0.512574
19_1_2_1_Aangry_Vdisgust,19,male,1,2,1,19_05_02_01_01,19_07_02_01_01,1,0.15219448507759845,0.8235920292735464,0.004351826070446043,0.019861659578409,0.26606023522146904,0.3074257316815455,0.24840034758094295,0.17811368551604256,0.004626,0.024107,0.005878,0.965388,0.830759,0.543811,0.262486,0.545685,0,0.1138657501438706,0.5161662975920008,0.2440485215104969,0.15825202593763357,0.830759
09_1_1_2_Aangry_Vhappy,9,male,1,1,2,09_05_01_01_02,09_03_01_01_02,1,0.4128453495499791,0.11713651457871183,0.17067019663299174,0.2993479392383173,0.3273701803506408,0.24967546272190763,0.23527982134845735,0.18767453557899427,0.004626,0.024107,0.005878,0.965388,0.417256,0.53415,0.03428,0.328562,0,0.08547516919933829,0.1325389481431958,0.06460962471546561,0.11167340365932305,0.53415
09_1_2_2_Ahappy_Vcalm,9,male,1,2,2,09_03_02_01_02,09_02_02_01_02,1,0.875274174143151,0.04685413326629522,0.03708644961593322,0.04078524297462046,0.220246401794021,0.2565731855706391,0.2839168278727511,0.23926358476258888,0.004626,0.024107,0.005878,0.965388,0.81086,0.470542,0.342507,0.541303,0,0.65502777234913,0.20971905230434384,0.24683037825681786,0.19847834178796842,0.81086
17_1_1_1_Asad_Vhappy,17,male,1,1,1,17_04_01_01_01,17_03_01_01_01,1,0.5507144336080988,0.09903197980808752,0.1528421517254865,0.19741143485832713,0.27337061078055236,0.23936606774987465,0.25672796994213726,0.23053535152743568,0.004626,0.024107,0.005878,0.965388,0.536555,0.481672,0.066503,0.361577,0,0.27734382282754644,0.14033408794178714,0.10388581821665074,0.03312391666910855,0.536555
23_2_1_1_Aangry_Vhappy,23,male,2,1,1,23_05_01_02_01,23_03_01_02_01,1,0.2319082864218134,0.6903628452088375,0.006797239501823304,0.07093162886752578,0.2577153930377661,0.2417764586547634,0.29453750667441114,0.20597064163305928,0.008141,0.007626,0.011831,0.972402,0.748277,0.519106,0.233703,0.500362,0,0.025807106615952674,0.4485863865540741,0.2877402671725878,0.13503901276553348,0.748277
09_1_1_2_Ahappy_Vhappy,9,male,1,1,2,09_03_01_01_02,09_03_01_01_02,0,0.5969408081947346,0.04757760363283625,0.07975824401059943,0.2757233441618298,0.3273701803506408,0.24967546272190763,0.23527982134845735,0.18767453557899427,0.004626,0.024107,0.005878,0.965388,0.457803,0.53415,0.118116,0.370023,0,0.2695706278440938,0.20209785908907138,0.15552157733785793,0.08804880858283554,0.53415
24_1_2_2_Ahappy_Vhappy,24,female,1,2,2,24_03_02_01_02,24_03_02_01_02,0,0.38822161578383646,0.4996807577139042,0.02172873971222947,0.09036888679002983,0.3568738064078958,0.25016440015220603,0.2122622055995053,0.1806995878403929,0.004626,0.024107,0.005878,0.965388,0.678479,0.543476,0.106889,0.442948,1,0.03134780937594067,0.24951635756169815,0.19053346588727582,0.09033070105036306,0.678479
07_1_2_2_Ahappy_Vangry,7,male,1,2,2,07_03_02_01_02,07_05_02_01_02,1,0.37453466280828296,0.47711485237654294,0.06110481247812502,0.087245672337049,0.22849701640055886,0.31655793882603067,0.23060164113169712,0.22434340364171354,0.004626,0.024107,0.005878,0.965388,0.680902,0.485458,0.085051,0.417137,0,0.1460376464077241,0.16055691355051227,0.1694968286535721,0.13709773130466454,0.680902
20_2_1_1_Asad_Vangry,20,female,2,1,1,20_04_01_02_01,20_05_01_02_01,1,0.28245096619853555,0.12238444450518529,0.08486067338759447,0.5103039159086846,0.2468984504830581,0.2398222929258004,0.23270376286497646,0.28057549372616514,0.008141,0.007626,0.011831,0.972402,0.237826,0.434578,0.065074,0.245826,1,0.035552515715477434,0.11743784842061511,0.147843089477382,0.2297284221825195,0.434578
14_2_2_2_Aangry_Vangry,14,female,2,2,2,14_05_02_02_02,14_05_02_02_02,0,0.14745405603590964,0.8224251661922752,0.009184224023769219,0.02093655374804588,0.21313649289235007,0.2927723708248566,0.2502876420378334,0.24380349424495984,0.008141,0.007626,0.011831,0.972402,0.862064,0.474857,0.279487,0.538803,1,0.06568243685644043,0.5296527953674186,0.24110341801406415,0.22286694049691397,0.862064
13_1_2_1_Ahappy_Vangry,13,male,1,2,1,13_03_02_01_01,13_05_02_01_01,1,0.597238830587357,0.20325869687464934,0.045319460385270675,0.15418301215272287,0.23494153702915205,0.27005738331416546,0.23473132368999186,0.26026975596669044,0.004626,0.024107,0.005878,0.965388,0.588127,0.446297,0.12275,0.385725,0,0.362297293558205,0.06679868643951611,0.18941186330472118,0.10608674381396757,0.588127
05_2_1_2_Afearful_Vneutral,5,male,2,1,2,05_06_01_02_02,05_01_01_02_02,0,0.4152114323141752,0.29588947756777173,0.03809611459886677,0.25080297551918646,0.21822537282850446,0.23787701809051506,0.26317174054612424,0.2807258685348561,0.008141,0.007626,0.011831,0.972402,0.477939,0.434146,0.093494,0.335193,0,0.19698605948567072,0.05801245947725667,0.22507562594725747,0.029922893015669638,0.477939
02_2_2_1_Aangry_Vdisgust,2,female,2,2,1,02_05_02_02_01,02_07_02_02_01,1,0.09897781623360165,0.8701611075293144,0.0053855547201345924,0.025475521516949193,0.23993004917968716,0.3234409098548409,0.2643076520033866,0.17232138896208535,0.008141,0.007626,0.011831,0.972402,0.854378,0.562931,0.275471,0.56426,1,0.1409522329460855,0.5467201976744736,0.258922097283252,0.14684586744513617,0.854378
08_2_1_1_Ahappy_Vangry,8,female,2,1,1,08_03_01_02_01,08_05_01_02_01,1,0.5929399422202812,0.19152273250651647,0.029754441711762714,0.18578288356143963,0.22569006016038523,0.2615671761961621,0.27302598217683427,0.23971678146661834,0.008141,0.007626,0.011831,0.972402,0.559761,0.479171,0.149212,0.396048,1,0.367249882059896,0.07004444368964563,0.24327154046507155,0.05393389790517872,0.559761
08_1_2_2_Acalm_Vhappy,8,female,1,2,2,08_02_02_01_02,08_03_02_01_02,1,0.393627083804007,0.2133788817603839,0.09608541130542426,0.29690862313018485,0.420932212222248,0.23085520685435004,0.18755223736283158,0.1606603435605703,0.004626,0.024107,0.005878,0.965388,0.412638,0.572186,0.026266,0.33703,1,0.02730512841824101,0.017476325093966155,0.09146682605740732,0.13624827956961455,0.572186
23_1_1_1_Asad_Vsurprised,23,male,1,1,1,23_04_01_01_01,23_08_01_01_01,1,0.4778497780832073,0.15158663952519705,0.09534978375588259,0.27521379863571316,0.22694718281360537,0.26557053595157004,0.26996641823081946,0.23751586300400515,0.004626,0.024107,0.005878,0.965388,0.440704,0.472123,0.07668,0.329836,0,0.2509025952696019,0.113983896426373,0.17461663447493686,0.03769793563170801,0.472123
17_1_1_1_Asad_Vangry,17,male,1,1,1,17_04_01_01_01,17_05_01_01_01,1,0.5507144336080988,0.09903197980808752,0.1528421517254865,0.19741143485832713,0.21789744203269115,0.2457299033840786,0.24060607536394196,0.29576657921928823,0.004626,0.024107,0.005878,0.965388,0.536555,0.409639,0.091228,0.345807,0,0.3328169915754077,0.1466979235759911,0.08776392363845545,0.0983551443609611,0.536555
21_2_2_1_Aangry_Vangry,21,male,2,2,1,21_05_02_02_01,21_05_02_02_01,0,0.3686140433268995,0.5525542117975591,0.01622458670927126,0.06260715816627023,0.2205542255315084,0.3252772980197952,0.248615476159605,0.20555300028909138,0.008141,0.007626,0.011831,0.972402,0.758336,0.520337,0.152391,0.477021,0,0.1480598177953911,0.22727691377776393,0.23239088945033373,0.14294584212282113,0.758336
20_2_2_2_Ahappy_Vcalm,20,female,2,2,2,20_03_02_02_02,20_02_02_02_02,1,0.3803437183261,0.5164688518018624,0.062338472869450094,0.040848957002587574,0.23488325292771073,0.23181270773166995,0.23009984909010037,0.303204190250519,0.008141,0.007626,0.011831,0.972402,0.795798,0.411212,0.171094,0.459368,1,0.14546046539838925,0.28465614407019246,0.16776137622065027,0.2623552332479314,0.795798
11_2_2_2_Aangry_Vdisgust,11,male,2,2,2,11_05_02_02_02,11_07_02_02_02,1,0.07663813703580079,0.9002362459484171,0.006828415802576817,0.01629720121320517,0.2431756290833569,0.25377621964023306,0.2554776307068395,0.24757052056957052,0.008141,0.007626,0.011831,0.972402,0.880128,0.470351,0.36749,0.572656,0,0.16653749204755613,0.6464600263081841,0.24864921490426267,0.23127331935636536,0.880128
11_1_2_1_Ahappy_Vangry,11,male,1,2,1,11_03_02_01_01,11_05_02_01_01,1,0.36028258402847585,0.5444225202278365,0.044198788399765924,0.051096107343921705,0.2240475787339174,0.24584749339879222,0.23847093304430245,0.29163399482298796,0.004626,0.024107,0.005878,0.965388,0.750932,0.413916,0.173454,0.446101,0,0.13623500529455845,0.29857502682904435,0.19427214464453652,0.24053788747906626,0.750932
17_2_2_2_Asad_Vsad,17,male,2,2,2,17_04_02_02_02,17_04_02_02_02,0,0.5932313802282521,0.09025923736831537,0.17516490167822465,0.14134448072520786,0.21538377678269843,0.23922875356477472,0.28755160261835083,0.2578358670341761,0.008141,0.007626,0.011831,0.972402,0.612098,0.458693,0.11381,0.394867,0,0.3778476034455536,0.14896951619645935,0.11238670094012618,0.11649138630896824,0.612098
18_1_1_2_Adisgust_Vdisgust,18,female,1,1,2,18_07_01_01_02,18_07_01_01_02,0,0.1570869702345005,0.6934862871044843,0.03993969973736535,0.10948704292364987,0.21004167064469711,0.32355397679451525,0.2997432274709317,0.16666112508985592,0.004626,0.024107,0.005878,0.965388,0.640875,0.558539,0.13785,0.445754,1,0.05295470041019662,0.3699323103099691,0.25980352773356635,0.05717408216620605,0.640875
19_2_2_2_Aangry_Vfearful,19,male,2,2,2,19_05_02_02_02,19_06_02_02_02,1,0.16880124352373924,0.795899378687878,0.009685058635408816,0.025614319152974074,0.3271428430243084,0.2711322729409962,0.2160162676456107,0.18570861638908479,0.008141,0.007626,0.011831,0.972402,0.848497,0.545799,0.249192,0.547829,0,0.15834159950056917,0.5247671057468818,0.20633120901020188,0.1600942972361107,0.848497
18_2_1_2_Asad_Vdisgust,18,female,2,1,2,18_04_01_02_02,18_07_01_02_02,1,0.3253084289651657,0.2968308591276877,0.07777096748274706,0.30008974442439945,0.20653000596931897,0.32541743879938234,0.3059990036993054,0.16205355153199327,0.008141,0.007626,0.011831,0.972402,0.420078,0.576755,0.07757,0.358134,1,0.11877842299584673,0.028586579671694645,0.22822803621655832,0.13803619289240618,0.576755
20_2_2_2_Acalm_Vhappy,20,female,2,2,2,20_02_02_02_02,20_03_02_02_02,1,0.5088919682909964,0.1393920276814374,0.07000525460643592,0.2817107494211304,0.3090714216969363,0.234918954239647,0.2632595974714945,0.19275002659192217,0.008141,0.007626,0.011831,0.972402,0.44186,0.536041,0.075787,0.351229,1,0.19982054659406007,0.0955269265582096,0.1932543428650586,0.08896072282920822,0.536041
05_2_2_1_Ahappy_Vsad,5,male,2,2,1,05_03_02_02_01,05_04_02_02_01,1,0.4265243698878716,0.3851803602864222,0.030478527622961393,0.15781674220274472,0.20698016492820454,0.2582713688942676,0.2799364345040976,0.2548120316734302,0.008141,0.007626,0.011831,0.972402,0.595991,0.462151,0.12872,0.39562,0,0.2195442049596671,0.1269089913921546,0.24945790688113623,0.09699528947068548,0.595991
04_1_1_1_Aangry_Vsad,4,female,1,1,1,04_05_01_01_01,04_04_01_01_01,1,0.08232788540732291,0.8681539307239486,0.004566624750349525,0.044951559118378864,0.21404616180108632,0.26369528443104706,0.27970558583184507,0.24255296793602166,0.004626,0.024107,0.005878,0.965388,0.769234,0.466421,0.323677,0.519777,1,0.1317182763937634,0.6044586462929016,0.27513896108149555,0.1976014088176428,0.769234
08_2_2_1_Ahappy_Vdisgust,8,female,2,2,1,08_03_02_02_01,08_07_02_02_01,1,0.6970345721404552,0.20641420385992856,0.03692869854632669,0.05962252545328953,0.2483078603523181,0.3065650896933482,0.28021654904284754,0.16491050091148612,0.008141,0.007626,0.011831,0.972402,0.760357,0.572758,0.181893,0.505003,1,0.44872671178813706,0.10015088583341966,0.24328785049652085,0.1052879754581966,0.760357
04_2_2_1_Asad_Vdisgust,4,female,2,2,1,04_04_02_02_01,04_07_02_02_01,1,0.27956948498076917,0.6329899414052407,0.026380833082214773,0.061059740531775375,0.20755103034072855,0.32197509157904536,0.27302140193561103,0.19745247614461506,0.008141,0.007626,0.011831,0.972402,0.759063,0.530259,0.153689,0.481004,1,0.07201845464004061,0.3110148498261953,0.24664056885339625,0.13639273561283968,0.759063
18_1_2_1_Aangry_Vhappy,18,female,1,2,1,18_05_02_01_01,18_03_02_01_01,1,0.142719474155833,0.8116280321892677,0.007074893624407027,0.0385776000304922,0.393587922334002,0.25202733900181196,0.19427271567492124,0.1601120229892647,0.004626,0.024107,0.005878,0.965388,0.781955,0.571578,0.26312,0.538884,1,0.250868448178169,0.5596006931874558,0.18719782205051422,0.12153442295877248,0.781955
04_2_1_2_Asad_Vhappy,4,female,2,1,2,04_04_01_02_02,04_03_01_02_02,1,0.21222361881425258,0.6487993946995793,0.02025039237587279,0.11872659411029542,0.376943557411946,0.2516301198921572,0.20128690349852024,0.17013941919737643,0.008141,0.007626,0.011831,0.972402,0.658882,0.566933,0.147467,0.457761,1,0.16471993859769343,0.39716927480742203,0.18103651112264746,0.05141282508708102,0.658882
21_1_2_1_Aangry_Vsad,21,male,1,2,1,21_05_02_01_01,21_04_02_01_01,1,0.4746265184123628,0.4339811299759714,0.020253869867455452,0.07113848174421046,0.2904354851522988,0.2574248834911527,0.24706467635038853,0.20507495500615996,0.004626,0.024107,0.005878,0.965388,0.716029,0.511517,0.138958,0.455502,0,0.18419103326006403,0.17655624648481866,0.22681080648293309,0.13393647326194952,0.716029
02_1_2_1_Asad_Vhappy,2,female,1,2,1,02_04_02_01_01,02_03_02_01_01,1,0.485712456024386,0.17103888946668266,0.13418395111256043,0.20906470339637095,0.4337048499112478,0.22582146989501842,0.17204871654381496,0.1684249636499188,0.004626,0.024107,0.005878,0.965388,0.514097,0.562019,0.007072,0.361062,1,0.052007606113138205,0.05478258042833575,0.03786476543125453,0.04063973974645216,0.562019
07_2_2_2_Aangry_Vhappy,7,male,2,2,2,07_05_02_02_02,07_03_02_02_02,1,0.14850926173813656,0.8276000811362612,0.005767812638129218,0.018122844487473016,0.415860838243732,0.24116590454704073,0.1921058101435805,0.15086744706564684,0.008141,0.007626,0.011831,0.972402,0.87232,0.594154,0.293375,0.586616,0,0.26735157650559543,0.5864341765892205,0.18633799750545127,0.13274460257817383,0.87232
21_2_1_1_Asad_Vsurprised,21,male,2,1,1,21_04_01_02_01,21_08_01_02_01,1,0.565772388188764,0.04438767812413516,0.10296525714245071,0.28687467654465015,0.26622412400438983,0.2688529012289336,0.248299189563296,0.2166237852033805,0.008141,0.007626,0.011831,0.972402,0.43862,0.506527,0.130105,0.358417,0,0.29954826418437414,0.22446522310479847,0.1453339324208453,0.07025089134126966,0.506527
20_2_2_2_Aangry_Vsad,20,female,2,2,2,20_05_02_02_02,20_04_02_02_02,1,0.4338987346542877,0.46995009810037913,0.06526423753653388,0.03088692970879938,0.2680010374957949,0.23710418943894077,0.2856975139590062,0.20919725910625794,0.008141,0.007626,0.011831,0.972402,0.819185,0.515196,0.149912,0.494764,1,0.16589769715849279,0.23284590866143837,0.22043327642247235,0.17831032939745856,0.819185
04_1_2_2_Aangry_Vangry,4,female,1,2,2,04_05_02_01_02,04_05_02_01_02,0,0.12208878062823485,0.839525215761038,0.005203933020800586,0.03318207058992657,0.2174710163495395,0.2731858702275634,0.2722079736521911,0.23713513977070602,0.004626,0.024107,0.005878,0.965388,0.795758,0.472204,0.301401,0.523121,1,0.09538223572130465,0.5663393455334746,0.26700404063139055,0.20395306918077946,0.795758
20_1_2_2_Ahappy_Vsad,20,female,1,2,2,20_03_02_01_02,20_04_02_01_02,1,0.7562714604149202,0.13484975331282567,0.062346132868362845,0.04653265340389127,0.26160577219587466,0.2602644039392451,0.29120364500526585,0.18692617885961432,0.004626,0.024107,0.005878,0.965388,0.780253,0.534289,0.195696,0.503413,1,0.49466568821904555,0.12541465062641943,0.228857512136903,0.14039352545572306,0.780253
02_1_2_2_Ahappy_Vangry,2,female,1,2,2,02_03_02_01_02,02_05_02_01_02,1,0.47645523987734434,0.4013388817879952,0.0218383971599556,0.10036748117470493,0.21662137896947628,0.28503173474433197,0.2368082123135773,0.26153867397261443,0.004626,0.024107,0.005878,0.965388,0.664114,0.444211,0.145286,0.41787,1,0.2598338609078681,0.11630714704366324,0.21496981515362168,0.1611711927979095,0.664114
10_1_2_2_Aangry_Vangry,10,female,1,2,2,10_05_02_01_02,10_05_02_01_02,0,0.10550772844476673,0.817167046349668,0.019381781418780327,0.05794344378678493,0.23427657976640004,0.27397821617984447,0.2334707509081216,0.258274453145634,0.004626,0.024107,0.005878,0.965388,0.736752,0.448323,0.246624,0.477233,1,0.1287688513216333,0.5431888301698236,0.21408896948934128,0.2003310093588491,0.736752
10_2_2_1_Asad_Vhappy,10,female,2,2,1,10_04_02_02_01,10_03_02_02_01,1,0.652503129126164,0.04788786286768925,0.13041999261912904,0.1691890153870178,0.3018477495379027,0.26061396550118066,0.22631858493967055,0.21121970002124618,0.008141,0.007626,0.011831,0.972402,0.57741,0.513418,0.116856,0.402562,1,0.3506553795882613,0.2127261026334914,0.09589859232054151,0.04203068463422838,0.57741
05_2_2_1_Aangry_Vhappy,5,male,2,2,1,05_05_02_02_01,05_03_02_02_01,1,0.16278009574398927,0.8229861802180984,0.00329907885927308,0.010934645178639079,0.3701344761510596,0.2295732346038546,0.23974466803745204,0.16054762120763383,0.008141,0.007626,0.011831,0.972402,0.896059,0.579428,0.323251,0.59958,0,0.20735438040707033,0.5934129456142438,0.23644558917817896,0.14961297602899476,0.896059
02_2_2_2_Afearful_Vdisgust,2,female,2,2,2,02_06_02_02_02,02_07_02_02_02,0,0.44262797339017707,0.27033605640994646,0.1606111554966683,0.1264248147032082,0.2630114460729556,0.32511796088852035,0.24763199546749207,0.164238597571032,0.008141,0.007626,0.011831,0.972402,0.631367,0.574075,0.027015,0.410819,1,0.17961652731722144,0.054781904478573895,0.08702083997082377,0.0378137828678238,0.631367
09_1_2_1_Asad_Vangry,9,male,1,2,1,09_04_02_01_01,09_05_02_01_01,1,0.568750914271968,0.0069719043439983855,0.33715533900074685,0.08712184238328674,0.20771034813425146,0.3093257181217992,0.26764129828016814,0.21532263546378116,0.004626,0.024107,0.005878,0.965388,0.730457,0.4965,0.220057,0.482338,0,0.3610405661377165,0.30235381377780085,0.06951404072057871,0.12820079308049442,0.730457
05_1_1_1_Asad_Vsad,5,male,1,1,1,05_04_01_01_01,05_04_01_01_01,0,0.4039893999397896,0.0423433717035612,0.11066381913634472,0.44300340922030446,0.2191985207953073,0.23862631004265702,0.2832852102130068,0.2588899589490289,0.004626,0.024107,0.005878,0.965388,0.30092,0.449337,0.120481,0.290246,0,0.1847908791444823,0.19628293833909582,0.17262139107666208,0.18411345027127557,0.449337
08_1_1_2_Afearful_Vsad,8,female,1,1,2,08_06_01_01_02,08_04_01_01_02,1,0.41548220639867534,0.3181066197896555,0.08507267878890278,0.1813384950227664,0.2419551387229303,0.2419542919798605,0.27756728253426793,0.2385232867629412,0.004626,0.024107,0.005878,0.965388,0.541904,0.472164,0.062096,0.358721,1,0.17352706767574502,0.076152327809795,0.19249460374536514,0.05718479174017482,0.541904
02_2_2_1_Asurprised_Vhappy,2,female,2,2,1,02_08_02_02_01,02_03_02_02_01,1,0.1524882559257471,0.775652328820322,0.006776527358338525,0.06508288789559233,0.41244054349858894,0.2317491106376303,0.18035732512140554,0.17545302074237518,0.008141,0.007626,0.011831,0.972402,0.761574,0.560515,0.248101,0.523397,1,0.25995228757284183,0.5439032181826917,0.173580797763067,0.11037013284678285,0.761574
03_1_1_1_Asad_Vhappy,3,male,1,1,1,03_04_01_01_01,03_03_01_01_01,1,0.5539454307781295,0.10508854946995903,0.12410050596424275,0.21686551378766863,0.37429744554766364,0.262181151096088,0.18801559229338896,0.17550581106285934,0.004626,0.024107,0.005878,0.965388,0.512142,0.550012,0.043983,0.368712,0,0.17964798523046588,0.15709260162612898,0.0639150863291462,0.041359702724809294,0.550012
15_2_2_2_Asad_Vsad,15,male,2,2,2,15_04_02_02_02,15_04_02_02_02,0,0.7034908854509139,0.13030657235467905,0.0847944992980404,0.08140804289636656,0.22818672868219425,0.26527329989245274,0.2843715170675942,0.22216845435775884,0.008141,0.007626,0.011831,0.972402,0.713955,0.499589,0.174198,0.462581,0,0.4753041567687196,0.1349667275377737,0.19957701776955383,0.1407604114613923,0.713955
03_2_1_2_Ahappy_Vdisgust,3,male,2,1,2,03_03_01_02_02,03_07_01_02_02,1,0.4192476370161863,0.35976962117986755,0.018995332228149284,0.20198740957579706,0.2433971509589733,0.3219991653277856,0.26408942430938837,0.17051425940385284,0.008141,0.007626,0.011831,0.972402,0.540491,0.565354,0.110043,0.405296,0,0.17585048605721298,0.03777045585208194,0.24509409208123908,0.031473150171944214,0.565354
02_1_2_2_Aangry_Vhappy,2,female,1,2,2,02_05_02_01_02,02_03_02_01_02,1,0.06552373335243845,0.9045668080815625,0.003603387678993708,0.026306070887005116,0.45930678556617166,0.21980509935330328,0.16208494522266606,0.158803169857859,0.004626,0.024107,0.005878,0.965388,0.814908,0.57593,0.389631,0.59349,1,0.3937830522137332,0.6847617087282593,0.15848155754367235,0.13249709897085388,0.814908
23_2_2_2_Asad_Vangry,23,male,2,2,2,23_04_02_02_02,23_05_02_02_02,1,0.5429039202855013,0.05016989137654491,0.20007206197991997,0.20685412635803382,0.2164073730935932,0.26787297930215925,0.24564801191122593,0.27007163569302167,0.008141,0.007626,0.011831,0.972402,0.525229,0.445738,0.116053,0.36234,0,0.32649654719190807,0.21770308792561435,0.045575949931305954,0.06321750933498785,0.525229
07_2_2_2_Asad_Vangry,7,male,2,2,2,07_04_02_02_02,07_05_02_02_02,1,0.6921271768750845,0.13762073803276592,0.06612332639307511,0.10412875869907445,0.21731508299095192,0.32446337834448397,0.2362773090628897,0.22194422960167445,0.008141,0.007626,0.011831,0.972402,0.675685,0.500595,0.174376,0.450219,0,0.4748120938841326,0.18684264031171804,0.1701539826698146,0.1178154709026,0.675685
04_1_1_1_Asad_Vhappy,4,female,1,1,1,04_04_01_01_01,04_03_01_01_01,1,0.2363791474351803,0.2683909365175006,0.05636752461781205,0.4388623914295071,0.3308611980147616,0.26579760341392833,0.2167290155241302,0.18661218304717986,0.004626,0.024107,0.005878,0.965388,0.280258,0.534812,0.079712,0.29826,1,0.09448205057958131,0.002593333103572293,0.16036149090631815,0.25225020838232726,0.534812
16_1_1_1_Ahappy_Vsurprised,16,female,1,1,1,16_03_01_01_01,16_08_01_01_01,1,0.22469352603737813,0.6691392148225019,0.006600815670395035,0.09956644346972499,0.32788374495286965,0.22279056032202532,0.20614181670438292,0.24318387802072206,0.004626,0.024107,0.005878,0.965388,0.663391,0.468353,0.198844,0.443529,1,0.10319021891549152,0.4463486545004766,0.1995410010339879,0.14361743455099707,0.663391
06_2_2_1_Afearful_Vangry,6,female,2,2,1,06_06_02_02_01,06_05_02_02_01,1,0.6166267843167427,0.25516713162995547,0.053551535823810704,0.07465454822949119,0.20319281528871053,0.3538186463147129,0.2431604730891549,0.19982806530742173,0.008141,0.007626,0.011831,0.972402,0.727383,0.527794,0.153227,0.469468,1,0.41343396902803214,0.09865151468475741,0.1896089372653442,0.12517351707793054,0.727383
04_2_2_1_Adisgust_Vhappy,4,female,2,2,1,04_07_02_02_01,04_03_02_02_01,1,0.3057371991969659,0.5441569667583714,0.03746168083119697,0.11264415321346583,0.34198511506519985,0.2621380387485441,0.21460955197898932,0.18126729420726667,0.008141,0.007626,0.011831,0.972402,0.663207,0.551675,0.092518,0.4358,1,0.03624791586823395,0.28201892800982736,0.17714787114779235,0.06862314099380085,0.663207
13_1_1_2_Aangry_Vsad,13,male,1,1,2,13_05_01_01_02,13_04_01_01_02,1,0.13963577019945445,0.7674085899780584,0.00535846258977669,0.08759717723271036,0.2293943592244481,0.2538054740037121,0.23260833676882395,0.2841918300030159,0.004626,0.024107,0.005878,0.965388,0.684183,0.42131,0.245479,0.450324,0,0.08975858902499365,0.5136031159743463,0.22724987417904727,0.19659465277030552,0.684183
03_1_2_2_Acalm_Vsad,3,male,1,2,2,03_02_02_01_02,03_04_02_01_02,1,0.5200018602467968,0.18958933953686033,0.08698108651053113,0.20342771370581178,0.24392855898326193,0.29082435191496436,0.2874212208409926,0.17782586826078117,0.004626,0.024107,0.005878,0.965388,0.521043,0.544801,0.085988,0.383944,0,0.2760733012635349,0.10123501237810403,0.20044013433046146,0.025601845445030608,0.544801
04_1_1_1_Ahappy_Vangry,4,female,1,1,1,04_03_01_01_01,04_05_01_01_01,1,0.36376813244115336,0.334062594647817,0.027250660311545463,0.27491861259948425,0.21823646191768087,0.2653738500411031,0.2619082555182595,0.2544814325229565,0.004626,0.024107,0.005878,0.965388,0.433903,0.452879,0.095846,0.327543,1,0.1455316705234725,0.06868874460671393,0.23465759520671406,0.020437180076527728,0.452879
08_1_1_1_Asad_Vangry,8,female,1,1,1,08_04_01_01_01,08_05_01_01_01,1,0.4202617470306995,0.11586232454651212,0.11367451953926488,0.35020140888352347,0.2280188467078987,0.2639080921940937,0.2713248111995018,0.2367482498985058,0.004626,0.024107,0.005878,0.965388,0.368422,0.47309,0.074193,0.305235,1,0.1922429003228008,0.1480457676475816,0.15765029166023692,0.11345315898501768,0.47309
02_2_2_2_Asad_Vsad,2,female,2,2,2,02_04_02_02_02,02_04_02_02_02,0,0.49527626139934994,0.19479980809867511,0.13753837588828305,0.172385554613692,0.20296677327961588,0.30072247203277386,0.27553408500404275,0.22077666968356746,0.008141,0.007626,0.011831,0.972402,0.566791,0.501538,0.07286,0.380396,1,0.29230948811973406,0.10592266393409874,0.1379957091157597,0.04839111506987545,0.566791
13_2_1_2_Aangry_Vsad,13,male,2,1,2,13_05_01_02_02,13_04_01_02_02,1,0.10919301058915028,0.8009686760126749,0.004225313417317296,0.08561299998085767,0.22276185035659105,0.2510854949735443,0.2391050668270941,0.28704758784277046,0.008141,0.007626,0.011831,0.972402,0.726399,0.427752,0.271028,0.47506,0,0.11356883976744077,0.5498831810391305,0.2348797534097768,0.2014345878619128,0.726399
17_1_2_2_Asurprised_Vsad,17,male,1,2,2,17_08_02_01_02,17_04_02_01_02,1,0.633683659033311,0.17994189539415312,0.09170375721700233,0.09467068835553347,0.20968259477733264,0.26147804382710316,0.2972940844867505,0.23154527690881382,0.004626,0.024107,0.005878,0.965388,0.680637,0.479268,0.14859,0.436165,0,0.4240010642559784,0.08153614843295004,0.20559032726974816,0.13687458855328036,0.680637
16_1_2_2_Asad_Vsad,16,female,1,2,2,16_04_02_01_02,16_04_02_01_02,0,0.5747622106150473,0.16934269233732419,0.10112664482287786,0.15476845222475072,0.3355377368119944,0.22919739105652986,0.23744872164736516,0.19781615048411058,0.004626,0.024107,0.005878,0.965388,0.587142,0.522329,0.048468,0.385979,1,0.2392244738030529,0.05985469871920568,0.1363220768244873,0.04304769825935986,0.587142
03_1_2_2_Ahappy_Vhappy,3,male,1,2,2,03_03_02_01_02,03_03_02_01_02,0,0.6606581524590665,0.19767875536432528,0.10226232220939505,0.03940076996721325,0.3229018722258628,0.2702276124582671,0.22111631912748675,0.18575419618838332,0.004626,0.024107,0.005878,0.965388,0.788717,0.535661,0.100164,0.474848,0,0.33775628023320364,0.07254885709394182,0.1188539969180917,0.14635342622117006,0.788717
10_2_2_1_Ahappy_Vsad,10,female,2,2,1,10_03_02_02_01,10_04_02_02_01,1,0.5332881496548229,0.3552303955902257,0.054647417442323064,0.05683403731262846,0.2284563608189633,0.2445221695311839,0.23187785775421557,0.2951436118956372,0.008141,0.007626,0.011831,0.972402,0.761787,0.419432,0.158958,0.446726,1,0.30483178883585954,0.11070822605904176,0.1772304403118925,0.23830957458300875,0.761787
16_1_1_1_Asurprised_Vsad,16,female,1,1,1,16_08_01_01_01,16_04_01_01_01,1,0.16841475576800136,0.6688689561758051,0.013114649097314383,0.14960163895887912,0.35842002816396373,0.218169245994878,0.21284825157647277,0.21056247426468544,0.004626,0.024107,0.005878,0.965388,0.583572,0.507333,0.192467,0.427791,1,0.19000527239596238,0.45069971018092714,0.1997336024791584,0.060960835305806316,0.583572
23_2_2_2_Asad_Vhappy,23,male,2,2,2,23_04_02_02_02,23_03_02_02_02,1,0.5429039202855013,0.05016989137654491,0.20007206197991997,0.20685412635803382,0.25953287570970884,0.23964351596219732,0.29241875872571677,0.20840484960237704,0.008141,0.007626,0.011831,0.972402,0.525229,0.51612,0.091744,0.377698,0,0.28337104457579243,0.18947362458565242,0.09234669674579679,0.0015507232443432162,0.525229
19_1_1_1_Ahappy_Vfearful,19,male,1,1,1,19_03_01_01_01,19_06_01_01_01,1,0.5767183611278509,0.15965299438956917,0.055883224213244,0.20774542026933598,0.2578526140898131,0.26942692398615875,0.23309839942581578,0.23962206249821238,0.004626,0.024107,0.005878,0.965388,0.519879,0.469617,0.098261,0.362586,0,0.31886574703803783,0.10977392959658958,0.1772151752125718,0.0318766422288764,0.519879
23_1_1_2_Asad_Vhappy,23,male,1,1,2,23_04_01_01_02,23_03_01_01_02,1,0.5022819275570756,0.10956482368274632,0.07506077534200788,0.31309247341817026,0.25321053945611877,0.24446360438945006,0.2894883780422603,0.21283747811217085,0.004626,0.024107,0.005878,0.965388,0.406936,0.502498,0.104692,0.338042,0,0.2490713881009568,0.13489878070670375,0.2144276027002524,0.1002549953059994,0.502498
15_1_1_1_Ahappy_Vsad,15,male,1,1,1,15_03_01_01_01,15_04_01_01_01,1,0.6123586315362459,0.17615880975060508,0.03648945698409546,0.17499310172905358,0.21872204941457674,0.25467144207000386,0.24091955796929257,0.28568695054612686,0.004626,0.024107,0.005878,0.965388,0.562315,0.419669,0.145697,0.375893,0,0.3936365821216692,0.07851263231939878,0.2044301009851971,0.11069384881707328,0.562315
09_1_2_2_Aangry_Vcalm,9,male,1,2,2,09_05_02_01_02,09_02_02_01_02,1,0.5110997938409202,0.4028271356952496,0.019043292688973854,0.06702977777485634,0.220246401794021,0.2565731855706391,0.2839168278727511,0.23926358476258888,0.004626,0.024107,0.005878,0.965388,0.725293,0.470542,0.191924,0.462586,0,0.2908533920468992,0.1462539501246105,0.2648735351837772,0.17223380698773255,0.725293
04_2_1_2_Adisgust_Vdisgust,4,female,2,1,2,04_07_01_02_02,04_07_01_02_02,0,0.24095690201037964,0.6737221629586718,0.011203247033227306,0.07411768799772103,0.2618020736700911,0.30641602728705924,0.25022158785931947,0.18156031118353025,0.008141,0.007626,0.011831,0.972402,0.739364,0.550707,0.165342,0.485138,1,0.020845171659711476,0.3673061356716126,0.23901834082609216,0.10744262318580922,0.739364
20_1_1_1_Ahappy_Vsad,20,female,1,1,1,20_03_01_01_01,20_04_01_01_01,1,0.4077166034671565,0.412654820355928,0.03259111723311435,0.14703745894380119,0.22358119571898138,0.23184896557271867,0.252802220153503,0.29176761855479694,0.004626,0.024107,0.005878,0.965388,0.5892,0.414509,0.125314,0.376341,1,0.1841354077481751,0.18080585478320932,0.22021110292038865,0.14473015961099575,0.5892
11_1_2_2_Asurprised_Vhappy,11,male,1,2,2,11_08_02_01_02,11_03_02_01_02,1,0.34582540753536145,0.5445077646118341,0.029234378137883793,0.08043244971492065,0.3142859633872121,0.23907057836572745,0.21370205126504258,0.2329414069820178,0.004626,0.024107,0.005878,0.965388,0.694266,0.479149,0.129636,0.43435,0,0.031539444148149354,0.3054371862461067,0.18446767312715878,0.15250895726709712,0.694266
02_2_2_1_Afearful_Vangry,2,female,2,2,1,02_06_02_02_01,02_05_02_02_01,1,0.4511500937431697,0.3226707458346491,0.09932124893436822,0.12685791148781309,0.21479547533510226,0.2896562802109885,0.23878560511083866,0.2567626393430706,0.008141,0.007626,0.011831,0.972402,0.633539,0.460434,0.069132,0.387702,1,0.23635461840806746,0.033014465623660616,0.13946435617647043,0.1299047278552575,0.633539
22_1_2_1_Asad_Vhappy,22,female,1,2,1,22_04_02_01_01,22_03_02_01_01,1,0.42809437868892514,0.23372265711097445,0.12632361924168536,0.21185934495841516,0.34971726022471866,0.24712902181970609,0.20173524991873837,0.20141846803683686,0.004626,0.024107,0.005878,0.965388,0.506172,0.517042,0.009392,0.344202,1,0.07837711846420647,0.013406364708731633,0.075411630677053,0.010440876921578301,0.517042
09_1_2_1_Aangry_Vsad,9,male,1,2,1,09_05_02_01_01,09_04_02_01_01,1,0.4033721941301417,0.5421971891215568,0.012897247447232975,0.0415333693010685,0.2192257613595515,0.32882897250673254,0.2996752130526488,0.15227005308106709,0.004626,0.024107,0.005878,0.965388,0.776559,0.578411,0.180766,0.511912,0,0.1841464327705902,0.21336821661482425,0.28677796560541585,0.1107366837799986,0.776559
01_2_1_2_Ahappy_Vangry,1,male,2,1,2,01_03_01_02_02,01_05_01_02_02,1,0.5100201344575355,0.21938110003866096,0.04634473462299631,0.2242540308808074,0.22391498811396415,0.2982619095889945,0.2409984356768837,0.23682466662015766,0.008141,0.007626,0.011831,0.972402,0.508077,0.482936,0.097887,0.362967,0,0.2861051463435713,0.07888080955033355,0.19465370105388738,0.012570635739350272,0.508077
09_1_1_2_Asad_Vsad,9,male,1,1,2,09_04_01_01_02,09_04_01_01_02,0,0.42823532551816545,0.014713110671011427,0.13779069208093134,0.41926087172989174,0.19278741609616093,0.2859791307497784,0.30788012155070954,0.21335333160335115,0.004626,0.024107,0.005878,0.965388,0.332765,0.499893,0.189624,0.34076,0,0.23544790942200453,0.27126602007876693,0.1700894294697782,0.20590754012654058,0.499893
13_2_2_2_Ahappy_Vcalm,13,male,2,2,2,13_03_02_02_02,13_02_02_02_02,1,0.23587062613345064,0.6276172564607647,0.00678824162661173,0.12972387577917283,0.27073598996467496,0.24609231062774772,0.23056316069659213,0.25260853871098504,0.008141,0.007626,0.011831,0.972402,0.647599,0.464985,0.173974,0.428852,0,0.03486536383122432,0.381524945833017,0.2237749190699804,0.12288466293181222,0.647599
03_1_1_1_Aangry_Vsad,3,male,1,1,1,03_05_01_01_01,03_04_01_01_01,1,0.2954079029364158,0.2985104897795845,0.10691126799404643,0.29917033928995324,0.19583722605933235,0.30430165589016184,0.2874265957772973,0.21243452227320847,0.004626,0.024107,0.005878,0.965388,0.405218,0.500225,0.043623,0.316355,0,0.09957067687708343,0.005791166110577339,0.18051532778325086,0.08673581701674477,0.500225
02_2_1_2_Asurprised_Vangry,2,female,2,1,2,02_08_01_02_02,02_05_01_02_02,1,0.22382183626571822,0.6112594946085276,0.00949484897055937,0.15542382015519476,0.21053375452806966,0.29037763530515304,0.2469889773016084,0.25209963286516884,0.008141,0.007626,0.011831,0.972402,0.608132,0.465546,0.149547,0.407742,1,0.01328808173764856,0.32088185930337454,0.23749412833104905,0.09667581270997408,0.608132
15_1_2_1_Ahappy_Vangry,15,male,1,2,1,15_03_02_01_01,15_05_02_01_01,1,0.26921049167681765,0.5986422377159195,0.03126430041746686,0.10088297018979604,0.21710321169949548,0.2656799834364307,0.23931011693202067,0.2779066879320531,0.004626,0.024107,0.005878,0.965388,0.656971,0.427366,0.145952,0.410096,0,0.052107279977322174,0.33296225427948883,0.2080458165145538,0.17702371774225706,0.656971
13_2_1_1_Aangry_Vsad,13,male,2,1,1,13_05_01_02_01,13_04_01_02_01,1,0.13609787958801595,0.7312160283351221,0.006760115189070231,0.12592597688779167,0.22731520686714202,0.2431599295145435,0.23907385811002263,0.29045100550829195,0.008141,0.007626,0.011831,0.972402,0.655838,0.424191,0.225318,0.435116,0,0.09121732727912607,0.48805609882057865,0.2323137429209524,0.16452502862050028,0.655838
20_2_1_1_Asad_Vhappy,20,female,2,1,1,20_04_01_02_01,20_03_01_02_01,1,0.28245096619853555,0.12238444450518529,0.08486067338759447,0.5103039159086846,0.2890461273749526,0.2354854076843913,0.2623256384037986,0.21314282653685745,0.008141,0.007626,0.011831,0.972402,0.237826,0.510603,0.092813,0.280414,1,0.006595161176417064,0.11310096317920601,0.17746496501620412,0.29716108937182717,0.510603
20_1_1_1_Aangry_Vhappy,20,female,1,1,1,20_05_01_01_01,20_03_01_01_01,1,0.24883573916311497,0.4774386804238985,0.028764154032684387,0.24496142638030222,0.2993876650522742,0.24342640256554948,0.253329135631489,0.20385679675068738,0.004626,0.024107,0.005878,0.965388,0.462441,0.513773,0.104967,0.360393,1,0.050551925889159244,0.234012277858349,0.2245649815988046,0.041104629629614836,0.513773
10_2_2_1_Asad_Vangry,10,female,2,2,1,10_04_02_02_01,10_05_02_02_01,1,0.652503129126164,0.04788786286768925,0.13041999261912904,0.1691890153870178,0.2276312502690954,0.25400485244874677,0.23266473545490393,0.28569916182725386,0.008141,0.007626,0.011831,0.972402,0.57741,0.429232,0.154262,0.386968,1,0.4248718788570687,0.2061169895810575,0.1022447428357749,0.11651014644023605,0.57741
21_2_1_2_Ahappy_Vhappy,21,male,2,1,2,21_03_01_02_02,21_03_01_02_02,0,0.49569281786586505,0.2301457164478872,0.04218778261530935,0.23197368307093824,0.28461331114219107,0.256368815915506,0.24891937947825202,0.210098493464051,0.008141,0.007626,0.011831,0.972402,0.499447,0.514451,0.080414,0.364771,0,0.21107950672367398,0.026223099467618777,0.20673159686294268,0.021875189606887252,0.514451
21_2_1_2_Afearful_Vhappy,21,male,2,1,2,21_06_01_02_02,21_03_01_02_02,1,0.5749392464447994,0.08784070832030741,0.08792860400188789,0.24929144123300537,0.28461331114219107,0.256368815915506,0.24891937947825202,0.210098493464051,0.008141,0.007626,0.011831,0.972402,0.47781,0.514451,0.09728,0.36318,0,0.29032593530260836,0.16852810759519857,0.16099077547636415,0.03919294776895438,0.514451
17_1_2_2_Asad_Vdisgust,17,male,1,2,2,17_04_02_01_02,17_07_02_01_02,1,0.5768977604383432,0.1260142049320999,0.14388518727689414,0.1532028473526627,0.18126554467402547,0.3310908985696021,0.3383879511284344,0.14925560562793808,0.004626,0.024107,0.005878,0.965388,0.592666,0.582765,0.141805,0.439079,0,0.39563221576431773,0.20507669363750222,0.19450276385154025,0.003947241724724632,0.592666
04_1_1_1_Aangry_Vfearful,4,female,1,1,1,04_05_01_01_01,04_06_01_01_01,1,0.08232788540732291,0.8681539307239486,0.004566624750349525,0.044951559118378864,0.21223217376839054,0.26893828492436317,0.28847449550161375,0.23035504580563237,0.004626,0.024107,0.005878,0.965388,0.769234,0.480299,0.320054,0.523195,1,0.12990428836106763,0.5992156457995854,0.2839078707512642,0.1854034866872535,0.769234
15_2_1_2_Asad_Vfearful,15,male,2,1,2,15_04_01_02_02,15_06_01_02_02,1,0.5806492493341557,0.1597149335822673,0.08347773582412299,0.17615808125945384,0.2184379033543156,0.2597994121635057,0.24043600070561424,0.28132668377656433,0.008141,0.007626,0.011831,0.972402,0.565847,0.433769,0.107547,0.369054,0,0.36221134597984017,0.10008447858123842,0.15695826488149126,0.1051686025171105,0.565847
24_2_1_2_Ahappy_Vangry,24,female,2,1,2,24_03_01_02_02,24_05_01_02_02,1,0.46770105426331005,0.29086850327953556,0.035977042601367575,0.20545339985578678,0.21956151043642236,0.2872575075020801,0.24641347551705023,0.2467675065444474,0.008141,0.007626,0.011831,0.972402,0.532138,0.471494,0.097926,0.367186,1,0.2481395438268877,0.003610995777455439,0.21043643291568265,0.04131410668866062,0.532138
13_1_1_1_Asad_Vsad,13,male,1,1,1,13_04_01_01_01,13_04_01_01_01,0,0.38381849646313154,0.17635580231129233,0.062609662999453,0.37721603822612304,0.22561865696706,0.25446489811749756,0.23785226098538942,0.28206418393005317,0.004626,0.024107,0.005878,0.965388,0.339162,0.423506,0.064394,0.275687,0,0.15819983949607155,0.07810909580620523,0.17524259798593642,0.09515185429606987,0.423506
01_2_1_1_Ahappy_Vsad,1,male,2,1,1,01_03_01_02_01,01_04_01_02_01,1,0.577213146189369,0.1511002736388489,0.052453976370071535,0.2192326038017105,0.20178581651486058,0.28073378967334933,0.25497563832185116,0.26250475548993885,0.008141,0.007626,0.011831,0.972402,0.514517,0.453967,0.136108,0.368197,0,0.3754273296745084,0.12963351603450043,0.20252166195177962,0.043272151688228344,0.514517
15_2_1_2_Aangry_Vsad,15,male,2,1,2,15_05_01_02_02,15_04_01_02_02,1,0.11908194710471659,0.8353997548002807,0.004402779055191646,0.04111551903981119,0.21846150760848243,0.2573191917676578,0.2641551386791696,0.26006416194469034,0.008141,0.007626,0.011831,0.972402,0.815873,0.456419,0.308907,0.527066,0,0.09937956050376584,0.5780805630326229,0.25975235962397797,0.21894864290487914,0.815873
13_1_2_1_Asad_Vcalm,13,male,1,2,1,13_04_02_01_01,13_02_02_01_01,1,0.39320507326137716,0.29523618002367014,0.03262646797109915,0.2789322787438535,0.3091548350717877,0.25357699640148623,0.21622281383876812,0.22104535468795797,0.004626,0.024107,0.005878,0.965388,0.430672,0.492413,0.061889,0.328325,0,0.08405023818958945,0.041659183622183904,0.183596345867669,0.057886924055895544,0.492413
04_1_1_1_Aangry_Vhappy,4,female,1,1,1,04_05_01_01_01,04_03_01_01_01,1,0.08232788540732291,0.8681539307239486,0.004566624750349525,0.044951559118378864,0.3308611980147616,0.26579760341392833,0.2167290155241302,0.18661218304717986,0.004626,0.024107,0.005878,0.965388,0.769234,0.534812,0.307496,0.537181,1,0.2485333126074387,0.6023563273100203,0.21216239077378068,0.141660623928801,0.769234
19_1_2_2_Afearful_Vangry,19,male,1,2,2,19_06_02_01_02,19_05_02_01_02,1,0.7542268268861907,0.13973303216375166,0.0435868217472875,0.06245331920277023,0.2693341826720094,0.2976660520984223,0.22309655126571948,0.2099032139638488,0.004626,0.024107,0.005878,0.965388,0.747447,0.50374,0.185373,0.478853,0,0.48489264421418127,0.15793301993467063,0.17950972951843197,0.1474498947610786,0.747447
12_2_2_2_Ahappy_Vhappy,12,female,2,2,2,12_03_02_02_02,12_03_02_02_02,0,0.48710019998701853,0.45333895024210735,0.017065943347931028,0.04249490642294309,0.37435446121609756,0.2440343288671103,0.20021566777255162,0.1813955421442405,0.008141,0.007626,0.011831,0.972402,0.800656,0.551943,0.127321,0.493307,1,0.11274573877092098,0.20930462137499706,0.1831497244246206,0.1389006357212974,0.800656
05_2_2_1_Aangry_Vsad,5,male,2,2,1,05_05_02_02_01,05_04_02_02_01,1,0.16278009574398927,0.8229861802180984,0.00329907885927308,0.010934645178639079,0.20698016492820454,0.2582713688942676,0.2799364345040976,0.2548120316734302,0.008141,0.007626,0.011831,0.972402,0.896059,0.462151,0.342382,0.566864,0,0.04420006918421526,0.5647148113238308,0.2766373556448245,0.24387738649479113,0.896059
23_2_2_1_Asad_Vsad,23,male,2,2,1,23_04_02_02_01,23_04_02_02_01,0,0.680342714230522,0.10662888365462812,0.06177350239311116,0.15125489972173875,0.23345747592358737,0.27220432347354423,0.24834481483254245,0.245993385770326,0.008141,0.007626,0.011831,0.972402,0.604279,0.47226,0.160911,0.412483,0,0.4468852383069346,0.1655754398189161,0.18657131243943129,0.09473848604858726,0.604279
18_1_2_1_Aangry_Vsurprised,18,female,1,2,1,18_05_02_01_01,18_08_02_01_01,1,0.142719474155833,0.8116280321892677,0.007074893624407027,0.0385776000304922,0.28216131252107446,0.3015779959729642,0.23282700544194632,0.18343368606401508,0.004626,0.024107,0.005878,0.965388,0.781955,0.537121,0.238322,0.519133,1,0.13944183836524146,0.5100500362163035,0.2257521118175393,0.14485608603352287,0.781955
14_2_1_2_Aangry_Vhappy,14,female,2,1,2,14_05_01_02_02,14_03_01_02_02,1,0.08982729394746304,0.8670945091160598,0.0053651633544047625,0.037713033582072335,0.39168435154947046,0.25340981924713346,0.18232816696403492,0.17257766223936102,0.008141,0.007626,0.011831,0.972402,0.824373,0.564152,0.311844,0.56679,1,0.30185705760200743,0.6136846898689263,0.17696300360963016,0.13486462865728868,0.824373
03_1_1_2_Asad_Vdisgust,3,male,1,1,2,03_04_01_01_02,03_07_01_01_02,1,0.4325124607946022,0.1672241054267662,0.13441800805362042,0.2658454257250112,0.22669496808036396,0.2877800045552355,0.30255531460374935,0.1829697127606513,0.004626,0.024107,0.005878,0.965388,0.448293,0.538144,0.064727,0.350388,0,0.20581749271423824,0.12055589912846931,0.16813730655012893,0.08287571296435989,0.538144
19_1_2_2_Afearful_Vsad,19,male,1,2,2,19_06_02_01_02,19_04_02_01_02,1,0.7542268268861907,0.13973303216375166,0.0435868217472875,0.06245331920277023,0.3149524688143361,0.2925959678603433,0.23759833892903673,0.15485322439628382,0.004626,0.024107,0.005878,0.965388,0.747447,0.57644,0.154725,0.492871,0,0.4392743580718546,0.15286293569659165,0.19401151718174922,0.0923999051935136,0.747447
01_1_1_2_Adisgust_Vfearful,1,male,1,1,2,01_07_01_01_02,01_06_01_01_02,0,0.5088988694323898,0.1930261433593059,0.10981889227823492,0.18825609493006928,0.2387062233028474,0.30263884053383816,0.24276295060069228,0.21589198556262218,0.004626,0.024107,0.005878,0.965388,0.539343,0.496117,0.064062,0.366507,0,0.2701926461295424,0.10961269717453226,0.13294405832245737,0.027635890632552895,0.539343
02_1_1_1_Asad_Vneutral,2,female,1,1,1,02_04_01_01_01,02_01_01_01_01,1,0.2857533527008905,0.35287366660775427,0.050024366881331266,0.3113486138100241,0.22787605651629345,0.24802122640785734,0.22190622856558737,0.3021964885102618,0.004626,0.024107,0.005878,0.965388,0.393088,0.402988,0.05137,0.282482,1,0.05787729618459703,0.10485244019989692,0.1718818616842561,0.009152125299762282,0.402988
11_2_2_2_Adisgust_Vangry,11,male,2,2,2,11_07_02_02_02,11_05_02_02_02,1,0.39625510164426786,0.5387949649119983,0.019455929315964675,0.04549400412776913,0.22242342667365797,0.2539154508532618,0.23403456152455285,0.2896265609485274,0.008141,0.007626,0.011831,0.972402,0.793259,0.425134,0.204401,0.474265,0,0.1738316749706099,0.2848795140587365,0.21457863220858817,0.24413255682075827,0.793259
18_1_2_1_Ahappy_Vhappy,18,female,1,2,1,18_03_02_01_01,18_03_02_01_01,0,0.4516043423118228,0.4304776063477338,0.039238985239814984,0.07867906610062846,0.393587922334002,0.25202733900181196,0.19427271567492124,0.1601120229892647,0.004626,0.024107,0.005878,0.965388,0.699475,0.571578,0.069174,0.446742,1,0.058016419977820755,0.17845026734592184,0.15503373043510627,0.08143295688863623,0.699475
07_2_1_2_Asurprised_Vneutral,7,male,2,1,2,07_08_01_02_02,07_01_01_02_02,0,0.5068632868480827,0.23329848946699128,0.050826853587560346,0.2090113700973657,0.22821148866832935,0.24834245219997497,0.22126749388087474,0.30217856525082093,0.008141,0.007626,0.011831,0.972402,0.525799,0.412394,0.086928,0.341707,0,0.27865179817975333,0.015043962732983696,0.1704406402933144,0.09316719515345523,0.525799
18_2_2_1_Acalm_Vangry,18,female,2,2,1,18_02_02_02_01,18_05_02_02_01,1,0.4558556111073283,0.24231479530393943,0.051679642737285696,0.25014995085144653,0.27187324407065905,0.31437128040382445,0.2383448985776965,0.17541057694782008,0.008141,0.007626,0.011831,0.972402,0.476919,0.559023,0.072061,0.369334,1,0.18398236703666926,0.07205648509988502,0.1866652558404108,0.07473937390362645,0.559023
10_2_2_1_Aangry_Vangry,10,female,2,2,1,10_05_02_02_01,10_05_02_02_01,0,0.1577156636631191,0.7960370842260162,0.0049533175472678765,0.04129393456359687,0.2276312502690954,0.25400485244874677,0.23266473545490393,0.28569916182725386,0.008141,0.007626,0.011831,0.972402,0.813621,0.429232,0.286039,0.509631,1,0.0699155866059763,0.5420322317772694,0.22771141790763605,0.244405227263657,0.813621
18_2_1_1_Adisgust_Vangry,18,female,2,1,1,18_07_01_02_01,18_05_01_02_01,1,0.3469013942173708,0.5306619762929868,0.02738667426300957,0.09504995522663287,0.231420483469718,0.2926901456002749,0.24635971577397064,0.2295296551560364,0.008141,0.007626,0.011831,0.972402,0.694578,0.491311,0.126914,0.437601,1,0.11548091074765282,0.23797183069271194,0.2189730415109611,0.13447969992940353,0.694578
22_2_2_2_Aangry_Vfearful,22,female,2,2,2,22_05_02_02_02,22_06_02_02_02,1,0.09644488769085752,0.8677979943657704,0.007950632210052617,0.02780648573331942,0.23163974992881592,0.2505842568519016,0.2750015295090862,0.24277446371019623,0.008141,0.007626,0.011831,0.972402,0.846547,0.47563,0.336708,0.552962,1,0.1351948622379584,0.6172137375138689,0.2670508972990336,0.2149679779768768,0.846547
15_1_1_2_Aangry_Vsurprised,15,male,1,1,2,15_05_01_01_02,15_08_01_01_02,1,0.17939990395796834,0.7582567722104768,0.013482849219159054,0.0488604746123959,0.25443231466957533,0.25402085079423026,0.22919308406532327,0.26235375047087117,0.004626,0.024107,0.005878,0.965388,0.75693,0.444827,0.241277,0.481011,0,0.07503241071160699,0.5042359214162466,0.21571023484616422,0.21349327585847527,0.75693
19_1_2_2_Ahappy_Vfearful,19,male,1,2,2,19_03_02_01_02,19_06_02_01_02,1,0.7698679925792071,0.07909466460627422,0.03705323215041199,0.11398411066410671,0.3372022728470925,0.2606361718112463,0.2213729223338897,0.1807886330077715,0.004626,0.024107,0.005878,0.965388,0.664192,0.542688,0.157619,0.454833,0,0.43266571973211465,0.18154150720497209,0.1843196901834777,0.0668045223436648,0.664192
16_2_2_1_Adisgust_Vangry,16,female,2,2,1,16_07_02_02_01,16_05_02_02_01,1,0.33695637734735,0.5246471288256652,0.02305349514906091,0.11534299867792382,0.22151823454697836,0.2971370112142943,0.25187510268627145,0.22946965155245594,0.008141,0.007626,0.011831,0.972402,0.661932,0.491368,0.125902,0.426401,1,0.11543814280037165,0.2275101176113709,0.22882160753721054,0.11412665287453212,0.661932
18_2_1_2_Aangry_Vhappy,18,female,2,1,2,18_05_01_02_02,18_03_01_02_02,1,0.1885705431181381,0.7043886537594665,0.016038995871462344,0.09100180725093318,0.410290215088124,0.23036066593718393,0.1905659466705389,0.16878317230415318,0.008141,0.007626,0.011831,0.972402,0.707289,0.569238,0.192341,0.489623,1,0.22171967196998593,0.4740279878222825,0.17452695079907654,0.07778136505322,0.707289
13_1_2_1_Aangry_Vsad,13,male,1,2,1,13_05_02_01_01,13_04_02_01_01,1,0.08460622854271985,0.8968325223346665,0.003574308183933588,0.01498694093867991,0.2274443102348926,0.2621281945233664,0.2390818136418235,0.27134568159991757,0.004626,0.024107,0.005878,0.965388,0.84592,0.434575,0.365665,0.54872,0,0.14283808169217274,0.6347043278113,0.2355075054578899,0.25635874066123765,0.84592
10_1_1_2_Aneutral_Vangry,10,female,1,1,2,10_01_01_01_02,10_05_01_01_02,1,0.4053768081174692,0.195568476539167,0.16711947766949495,0.2319352376738689,0.22480153588931961,0.24352381902296413,0.22637332918937994,0.3053013158983363,0.004626,0.024107,0.005878,0.965388,0.483833,0.400051,0.027675,0.303853,1,0.18057527222814956,0.047955342483797125,0.05925385151988499,0.07336607822446742,0.483833
23_2_2_2_Ahappy_Vhappy,23,male,2,2,2,23_03_02_02_02,23_03_02_02_02,0,0.2027151131422102,0.7347867717728078,0.00461435228442962,0.05788376280055221,0.25953287570970884,0.23964351596219732,0.29241875872571677,0.20840484960237704,0.008141,0.007626,0.011831,0.972402,0.776657,0.51612,0.261573,0.518117,0,0.05681776256749865,0.49514325581061047,0.28780440644128713,0.15052108680182483,0.776657
21_2_1_2_Asad_Vfearful,21,male,2,1,2,21_04_01_02_02,21_06_01_02_02,1,0.5551088913286808,0.06346862173300692,0.0758756845537969,0.30554680238451537,0.21394650455043243,0.2673367890482427,0.2748063782768933,0.24391032812443147,0.008141,0.007626,0.011831,0.972402,0.419744,0.474425,0.150995,0.348388,0,0.3411623867782484,0.20386816731523577,0.1989306937230964,0.061636474260083896,0.474425
18_1_1_2_Asad_Vsad,18,female,1,1,2,18_04_01_01_02,18_04_01_01_02,0,0.3312050011803515,0.36307364824698735,0.052840376950991315,0.2528809736216697,0.20376476861445217,0.30391981075061697,0.32165378637295683,0.17066163426197403,0.004626,0.024107,0.005878,0.965388,0.454669,0.553892,0.096057,0.368206,1,0.12744023256589934,0.059153837496370376,0.2688134094219655,0.08221933935969569,0.553892
19_1_2_1_Ahappy_Vhappy,19,male,1,2,1,19_03_02_01_01,19_03_02_01_01,0,0.5712014694992577,0.25088503276851637,0.03430984750362484,0.14360365022860103,0.36336115107974265,0.255083269469326,0.20114795282794135,0.18040762662299,0.004626,0.024107,0.005878,0.965388,0.601259,0.543707,0.065543,0.403503,0,0.207840318419515,0.004198236700809654,0.1668381053243165,0.03680397639438898,0.601259
21_1_2_1_Ahappy_Vsad,21,male,1,2,1,21_03_02_01_01,21_04_02_01_01,1,0.5090038039798042,0.31805754916519013,0.011959921515917588,0.1609787253390881,0.2904354851522988,0.2574248834911527,0.24706467635038853,0.20507495500615996,0.004626,0.024107,0.005878,0.965388,0.576603,0.511517,0.120614,0.402912,0,0.21856831882750538,0.06063266567403741,0.23510475483447094,0.04409622966707186,0.576603
07_2_2_2_Asad_Vsad,7,male,2,2,2,07_04_02_02_02,07_04_02_02_02,0,0.6921271768750845,0.13762073803276592,0.06612332639307511,0.10412875869907445,0.29257399613956225,0.2982706168806082,0.2552529723470402,0.15390241463278934,0.008141,0.007626,0.011831,0.972402,0.675685,0.588303,0.128404,0.464131,0,0.39955318073552226,0.16064987884784226,0.1891296459539651,0.04977365593371488,0.675685
02_2_1_1_Aangry_Vhappy,2,female,2,1,1,02_05_01_02_01,02_03_01_02_01,1,0.17883732940238128,0.7067697403244874,0.011575745824482902,0.10281718444864844,0.3471072659392479,0.23927407705494122,0.20010004926250047,0.21351860774331044,0.008141,0.007626,0.011831,0.972402,0.689109,0.511243,0.194584,0.464979,1,0.16826993653686662,0.46749566326954617,0.18852430343801757,0.110701423294662,0.689109
16_2_2_1_Asad_Vsad,16,female,2,2,1,16_04_02_02_01,16_04_02_02_01,0,0.5817525041477661,0.20732768215412192,0.07785221343399391,0.133067600264118,0.34401414029628213,0.22603821830308946,0.245317142227476,0.1846304991731524,0.008141,0.007626,0.011831,0.972402,0.626829,0.54686,0.058468,0.410719,1,0.237738363851484,0.018710536148967533,0.16746492879348207,0.0515628989090344,0.626829
19_1_1_2_Ahappy_Vhappy,19,male,1,1,2,19_03_01_01_02,19_03_01_01_02,0,0.6533501137663038,0.17137069375325592,0.043234462600925325,0.132044729879515,0.45178972676984597,0.22928320524423704,0.1639729347693837,0.15495413321653337,0.004626,0.024107,0.005878,0.965388,0.623514,0.580703,0.044074,0.416097,0,0.20156038699645784,0.05791251149098112,0.12073847216845839,0.02290940333701838,0.623514
21_2_2_1_Adisgust_Vsad,21,male,2,2,1,21_07_02_02_01,21_04_02_02_01,1,0.45591908159522837,0.3789798411863436,0.031249019364140693,0.13385205785428742,0.29766183025817466,0.2756898901387727,0.23174255785462403,0.19490572174842857,0.008141,0.007626,0.011831,0.972402,0.630744,0.533664,0.084426,0.416278,0,0.1582572513370537,0.10328995104757088,0.20049353849048335,0.06105366389414116,0.630744
01_1_1_1_Aangry_Vhappy,1,male,1,1,1,01_05_01_01_01,01_03_01_01_01,1,0.29565629470907184,0.5647413210647997,0.013326695883994124,0.12627568834213435,0.37108103556389943,0.24232313363268718,0.19345009705914992,0.19314573374426355,0.004626,0.024107,0.005878,0.965388,0.619549,0.527932,0.123683,0.423721,0,0.07542474085482759,0.3224181874321125,0.1801234011751558,0.06687004540212921,0.619549
22_1_2_2_Asad_Vhappy,22,female,1,2,2,22_04_02_01_02,22_03_02_01_02,1,0.4847775862755526,0.26814228297980064,0.07717556004423531,0.16990457070041146,0.34914268741284327,0.2493777250736255,0.20991617409974941,0.1915634134137819,0.004626,0.024107,0.005878,0.965388,0.560082,0.529365,0.031707,0.373718,1,0.13563489886270935,0.01876455790617515,0.1327406140555141,0.021658842713370458,0.560082
19_2_2_2_Afearful_Vhappy,19,male,2,2,2,19_06_02_02_02,19_03_02_02_02,1,0.6819429048144807,0.08505435693388783,0.20303454049780756,0.029968197753823866,0.393229800426419,0.24869793326076328,0.18426053340976584,0.17381173290305182,0.008141,0.007626,0.011831,0.972402,0.818875,0.562462,0.099371,0.493569,0,0.28871310438806175,0.16364357632687546,0.018774007088041722,0.14384353514922796,0.818875
10_2_2_1_Ahappy_Vangry,10,female,2,2,1,10_03_02_02_01,10_05_02_02_01,1,0.5332881496548229,0.3552303955902257,0.054647417442323064,0.05683403731262846,0.2276312502690954,0.25400485244874677,0.23266473545490393,0.28569916182725386,0.008141,0.007626,0.011831,0.972402,0.761787,0.429232,0.154714,0.448578,1,0.3056568993857275,0.10122554314147891,0.17801731801258086,0.2288651245146254,0.761787
22_2_1_1_Aangry_Vangry,22,female,2,1,1,22_05_01_02_01,22_05_01_02_01,0,0.2299192964941915,0.6397006788859749,0.015142797953115926,0.11523722666671754,0.22449754067324287,0.2525218896483681,0.235506839118333,0.28747373056005593,0.008141,0.007626,0.011831,0.972402,0.666009,0.427348,0.17421,0.422523,1,0.005421755820948615,0.38717878923760685,0.22036404116521707,0.1722365038933384,0.666009
01_2_1_2_Asad_Vhappy,1,male,2,1,2,01_04_01_02_02,01_03_01_02_02,1,0.5078956591203571,0.12087553734504229,0.10117227371842251,0.2700565298161781,0.3589243552639748,0.2477555572523847,0.19488120083360058,0.1984388866500398,0.008141,0.007626,0.011831,0.972402,0.452385,0.530053,0.040206,0.340881,0,0.14897130385638224,0.12688001990734243,0.09370892711517807,0.0716176431661383,0.530053
18_2_1_1_Ahappy_Vneutral,18,female,2,1,1,18_03_01_02_01,18_01_01_02_01,1,0.40090248555168756,0.33082341119391373,0.035649860277009025,0.23262424297738965,0.22816139996699994,0.2531330281825763,0.27180282104865316,0.24690275080177065,0.008141,0.007626,0.011831,0.972402,0.499195,0.470984,0.095378,0.355186,1,0.17274108558468762,0.0776903830113374,0.23615296077164413,0.014278507824381004,0.499195
04_2_2_2_Aangry_Vhappy,4,female,2,2,2,04_05_02_02_02,04_03_02_02_02,1,0.1342963064024812,0.8347231594881435,0.0044033199406608384,0.02657721416871443,0.35783847720965783,0.2587326152851595,0.21003488529373376,0.17339402221144887,0.008141,0.007626,0.011831,0.972402,0.850848,0.562279,0.288347,0.567158,1,0.22354217080717664,0.575990544202984,0.20563156535307292,0.14681680804273445,0.850848
09_2_1_1_Ahappy_Vangry,9,male,2,1,1,09_03_01_02_01,09_05_01_02_01,1,0.5459637030026483,0.037289839186278345,0.11917905444566171,0.29756740336541176,0.2190272256179501,0.28768305642236,0.24922878966645096,0.24406092829323897,0.008141,0.007626,0.011831,0.972402,0.42722,0.474533,0.14984,0.350531,0,0.3269364773846982,0.25039321723608166,0.13004973522078925,0.05350647507217279,0.474533
18_2_2_2_Asad_Vsad,18,female,2,2,2,18_04_02_02_02,18_04_02_02_02,0,0.68135361725419,0.18593156664364763,0.08144141623123402,0.05127339987092847,0.2739634454442178,0.2986760771392969,0.2669406877980133,0.16041978961847217,0.008141,0.007626,0.011831,0.972402,0.772543,0.57903,0.133102,0.494892,1,0.40739017180997217,0.11274451049564926,0.18549927156677926,0.1091463897475437,0.772543
15_2_1_2_Ahappy_Vangry,15,male,2,1,2,15_03_01_02_02,15_05_01_02_02,1,0.6719887819842322,0.12302111656553288,0.04937583682903102,0.15561426462120403,0.22171272634172476,0.25533323541934383,0.23720326610679543,0.28575077213213607,0.008141,0.007626,0.011831,0.972402,0.599054,0.42914,0.165087,0.39776,0,0.4502760556425074,0.13231211885381094,0.1878274292777644,0.13013650751093203,0.599054
20_1_2_2_Asad_Vsad,20,female,1,2,2,20_04_02_01_02,20_04_02_01_02,0,0.7204656276162337,0.0817846395380846,0.17016559783558372,0.027584135010098088,0.26160577219587466,0.2602644039392451,0.29120364500526585,0.18692617885961432,0.004626,0.024107,0.005878,0.965388,0.829327,0.534289,0.175199,0.512939,1,0.458859855420359,0.1784797644011605,0.12103804716968214,0.15934204384951622,0.829327
20_2_2_1_Ahappy_Vsad,20,female,2,2,1,20_03_02_02_01,20_04_02_02_01,1,0.33269857201490893,0.5843563803401812,0.013991684971658902,0.0689533626732508,0.24338016778819954,0.23139369664399556,0.26678005684259154,0.2584460787252135,0.008141,0.007626,0.011831,0.972402,0.746926,0.458108,0.204368,0.469801,1,0.08931840422670939,0.35296268369618566,0.2527883718709326,0.18949271605196272,0.746926
02_1_1_1_Aneutral_Vcalm,2,female,1,1,1,02_01_01_01_01,02_02_01_01_01,0,0.2504822818185899,0.4744628296252456,0.01232418291644871,0.26273070563971596,0.24545554485961107,0.24821690816871103,0.21938052481691028,0.2869470221547677,0.004626,0.024107,0.005878,0.965388,0.445528,0.418765,0.107505,0.323933,1,0.005026736958978817,0.22624592145653458,0.20705634190046157,0.02421631651505174,0.445528
07_2_2_2_Ahappy_Vangry,7,male,2,2,2,07_03_02_02_02,07_05_02_02_02,1,0.6029237756830358,0.24959250644240874,0.07372922108591054,0.07375449678864493,0.21731508299095192,0.32446337834448397,0.2362773090628897,0.22194422960167445,0.008141,0.007626,0.011831,0.972402,0.726852,0.500595,0.131935,0.453127,0,0.38560869269208387,0.07487087190207523,0.16254808797697917,0.14818973281302952,0.726852
06_2_2_2_Adisgust_Vsad,6,female,2,2,2,06_07_02_02_02,06_04_02_02_02,1,0.38995581717893524,0.3581390622285764,0.10471588729497201,0.14718923329751646,0.2044718417833498,0.3525828079205794,0.27542135697231523,0.16752399332375553,0.008141,0.007626,0.011831,0.972402,0.602707,0.569634,0.050379,0.407573,1,0.18548397539558545,0.0055562543079969995,0.17070546967734324,0.020334760026239074,0.602707
16_2_2_2_Aangry_Vhappy,16,female,2,2,2,16_05_02_02_02,16_03_02_02_02,1,0.06245404939944796,0.9222244748243008,9.226778612652067e-05,0.015229207990124664,0.4547136670375379,0.20062191153038916,0.17716168431203597,0.1675027371200371,0.008141,0.007626,0.011831,0.972402,0.89277,0.571759,0.443994,0.636174,1,0.3922596176380899,0.7216025632939116,0.17706941652590943,0.15227352912991243,0.89277
18_1_1_2_Aangry_Vsad,18,female,1,1,2,18_05_01_01_02,18_04_01_01_02,1,0.20107603952842285,0.6238070619871205,0.05644239545627528,0.11867450302818128,0.20376476861445217,0.30391981075061697,0.32165378637295683,0.17066163426197403,0.004626,0.024107,0.005878,0.965388,0.625592,0.553892,0.118104,0.432529,1,0.0026887290860293234,0.3198872512365036,0.26521139091668156,0.051987131233792755,0.625592
16_2_2_2_Ahappy_Vhappy,16,female,2,2,2,16_03_02_02_02,16_03_02_02_02,0,0.2907217667847602,0.6361081737911152,0.009368211738129763,0.063801847685995,0.4547136670375379,0.20062191153038916,0.17716168431203597,0.1675027371200371,0.008141,0.007626,0.011831,0.972402,0.759816,0.571759,0.182875,0.504816,1,0.1639919002527777,0.435486262260726,0.1677934725739062,0.1037008894340421,0.759816
05_2_1_1_Asad_Vhappy,5,male,2,1,1,05_04_01_02_01,05_03_01_02_01,1,0.49339603904532925,0.06981093552669408,0.05674067278819465,0.3800523526397821,0.3347358901144475,0.23882098967112889,0.2527756093555554,0.17366751085886822,0.008141,0.007626,0.011831,0.972402,0.34985,0.561186,0.123141,0.344726,0,0.15866014893088176,0.16901005414443482,0.19603493656736073,0.20638484178091387,0.561186
20_1_2_1_Ahappy_Vsad,20,female,1,2,1,20_03_02_01_01,20_04_02_01_01,1,0.22733953970229243,0.648990287470794,0.026381225498989417,0.09728894732792423,0.2497614746216595,0.22934566705821632,0.28489483671380517,0.235998021606319,0.004626,0.024107,0.005878,0.965388,0.662962,0.475792,0.187671,0.442142,1,0.022421934919367087,0.41964462041257766,0.25851361121481575,0.13870907427839477,0.662962
10_1_2_2_Asad_Vhappy,10,female,1,2,2,10_04_02_01_02,10_03_02_01_02,1,0.5604895582671305,0.049204192563302024,0.3079261280446516,0.0823801211249159,0.2828652498257322,0.25601248788135933,0.25773277539098116,0.20338948690192726,0.004626,0.024107,0.005878,0.965388,0.717937,0.513641,0.109638,0.447072,1,0.27762430844139835,0.2068082953180573,0.05019335265367042,0.12100936577701137,0.717937
15_2_2_2_Ahappy_Vsad,15,male,2,2,2,15_03_02_02_02,15_04_02_02_02,1,0.701025290131415,0.15697027586517018,0.029493967416719023,0.11251046658669579,0.22818672868219425,0.26527329989245274,0.2843715170675942,0.22216845435775884,0.008141,0.007626,0.011831,0.972402,0.667087,0.499589,0.20069,0.455789,0,0.47283856144922076,0.10830302402728256,0.2548775496508752,0.10965798777106305,0.667087
05_1_2_2_Asad_Vhappy,5,male,1,2,2,05_04_02_01_02,05_03_02_01_02,1,0.5307423293426627,0.040842349286010396,0.05753580354870584,0.37087951782262096,0.3422197173444491,0.2382946292801818,0.24891609905113796,0.17056955432423127,0.004626,0.024107,0.005878,0.965388,0.366489,0.55743,0.144393,0.356104,0,0.18852261199821363,0.19745227999417142,0.19138029550243213,0.2003099634983897,0.55743
20_1_1_2_Ahappy_Vsad,20,female,1,1,2,20_03_01_01_02,20_04_01_01_02,1,0.478774506564376,0.3387199806037139,0.033098914642616176,0.14940659818929397,0.2256384481541101,0.24145835583321398,0.2708295519328157,0.2620736440798603,0.004626,0.024107,0.005878,0.965388,0.588487,0.445678,0.127232,0.387132,1,0.2531360584102659,0.0972616247704999,0.23773063729019955,0.11266704589056631,0.588487
03_1_1_2_Adisgust_Vhappy,3,male,1,1,2,03_07_01_01_02,03_03_01_01_02,1,0.5286602159550273,0.2963767415011944,0.06103875421861924,0.11392428832515909,0.3647737966768347,0.26511653748375946,0.19249897502702046,0.17761069081238556,0.004626,0.024107,0.005878,0.965388,0.6423,0.546979,0.042416,0.410565,0,0.16388641927819264,0.031260204017434956,0.13146022080840122,0.06368640248722647,0.6423
15_2_1_2_Asad_Vangry,15,male,2,1,2,15_04_01_02_02,15_05_01_02_02,1,0.5806492493341557,0.1597149335822673,0.08347773582412299,0.17615808125945384,0.22171272634172476,0.25533323541934383,0.23720326610679543,0.28575077213213607,0.008141,0.007626,0.011831,0.972402,0.565847,0.42914,0.105208,0.366732,0,0.35893652299243095,0.09561830183707654,0.15372553028267244,0.10959269087268222,0.565847
18_1_2_1_Afearful_Vcalm,18,female,1,2,1,18_06_02_01_01,18_02_02_01_01,0,0.5850104355657673,0.28291247269836695,0.07797239155748426,0.054104700178381517,0.3770974150304581,0.23630361685429216,0.19874779146250568,0.187851176652744,0.004626,0.024107,0.005878,0.965388,0.751641,0.535069,0.065735,0.450815,1,0.20791302053530913,0.04660885584407479,0.12077539990502142,0.1337464764743625,0.751641
06_2_2_1_Adisgust_Vangry,6,female,2,2,1,06_07_02_02_01,06_05_02_02_01,1,0.31723420962915133,0.5135866032374765,0.07662731627038885,0.0925518708629832,0.20319281528871053,0.3538186463147129,0.2431604730891549,0.19982806530742173,0.008141,0.007626,0.011831,0.972402,0.691871,0.527794,0.067168,0.428944,1,0.1140413943404408,0.15976795692276363,0.16653315681876604,0.10727619444443853,0.691871
04_2_2_1_Asurprised_Vangry,4,female,2,2,1,04_08_02_02_01,04_05_02_02_01,1,0.2496799197905739,0.6885383902399933,0.01040890032206911,0.05137278964736363,0.21783061496275,0.2825008616325789,0.26723296210712444,0.23243556129754664,0.008141,0.007626,0.011831,0.972402,0.785547,0.487714,0.215827,0.496362,1,0.031849304827823915,0.4060375286074144,0.25682406178505535,0.181062771650183,0.785547
21_2_1_1_Aangry_Vsurprised,21,male,2,1,1,21_05_01_02_01,21_08_01_02_01,1,0.4302337570751593,0.46281373565690237,0.01572590453859868,0.09122660272933955,0.26622412400438983,0.2688529012289336,0.248299189563296,0.2166237852033805,0.008141,0.007626,0.011831,0.972402,0.704537,0.506527,0.140815,0.450626,0,0.1640096330707695,0.19396083442796874,0.23257328502469732,0.12539718247404094,0.704537
09_1_2_1_Adisgust_Vhappy,9,male,1,2,1,09_07_02_01_01,09_03_02_01_01,1,0.4545731284167557,0.06452576611770366,0.15633334399085666,0.324567761474684,0.35233524939022076,0.25376201998839193,0.21929111875366944,0.17461161186771787,0.004626,0.024107,0.005878,0.965388,0.400794,0.551321,0.0684,0.340172,0,0.10223787902653492,0.18923625387068826,0.06295777476281278,0.14995614960696615,0.551321
12_2_2_1_Afearful_Vhappy,12,female,2,2,1,12_06_02_02_01,12_03_02_02_01,1,0.508204582157949,0.34068385207764584,0.07859541105346929,0.07251615471093589,0.3849407372047014,0.23360016470212477,0.19988306018869678,0.18157603790447713,0.008141,0.007626,0.011831,0.972402,0.728028,0.551791,0.050549,0.443456,1,0.12326384495324755,0.10708368737552107,0.1212876491352275,0.10905988319354123,0.728028
18_1_2_1_Aangry_Vangry,18,female,1,2,1,18_05_02_01_01,18_05_02_01_01,0,0.142719474155833,0.8116280321892677,0.007074893624407027,0.0385776000304922,0.247510305354759,0.31045880901782175,0.25496003420042485,0.18707085142699437,0.004626,0.024107,0.005878,0.965388,0.781955,0.531897,0.239855,0.517902,1,0.10479083119892602,0.501169223171446,0.24788514057601782,0.14849325139650216,0.781955
21_1_2_1_Aangry_Vangry,21,male,1,2,1,21_05_02_01_01,21_05_02_01_01,0,0.4746265184123628,0.4339811299759714,0.020253869867455452,0.07113848174421046,0.2349832608489991,0.3111594887854585,0.24124143141235355,0.21261581895318887,0.004626,0.024107,0.005878,0.965388,0.716029,0.499761,0.143069,0.452953,0,0.23964325756336372,0.12282164119051286,0.2209875615448981,0.14147733720897843,0.716029
21_2_2_1_Aangry_Vhappy,21,male,2,2,1,21_05_02_02_01,21_03_02_02_01,1,0.3686140433268995,0.5525542117975591,0.01622458670927126,0.06260715816627023,0.3485331975494372,0.25833216653385793,0.2131614563490645,0.17997317956764036,0.008141,0.007626,0.011831,0.972402,0.758336,0.553431,0.133377,0.481715,0,0.02008084577746233,0.2942220452637012,0.19693686963979323,0.11736602140137013,0.758336
03_2_2_1_Acalm_Vsurprised,3,male,2,2,1,03_02_02_02_01,03_08_02_02_01,0,0.6297983674927504,0.15810376060523487,0.06268825551434716,0.1494096163876675,0.2453125023127103,0.2752743766558694,0.22499184930915708,0.2544212717222633,0.008141,0.007626,0.011831,0.972402,0.605185,0.46309,0.119638,0.395971,0,0.38448586518004013,0.11717061605063453,0.1623035937948099,0.1050116553345958,0.605185
13_2_2_2_Asurprised_Vhappy,13,male,2,2,2,13_08_02_02_02,13_03_02_02_02,1,0.2175332857267669,0.6345970991516208,0.007070648386520031,0.14079896673509235,0.32464565980939747,0.26386949003796306,0.21459798480031364,0.19688686535232577,0.008141,0.007626,0.011831,0.972402,0.631001,0.531486,0.156158,0.439548,0,0.10711237408263058,0.3707276091136577,0.20752733641379362,0.05608789861723343,0.631001
11_1_2_2_Asad_Vdisgust,11,male,1,2,2,11_04_02_01_02,11_07_02_01_02,1,0.6643282689705943,0.15705206173746572,0.12679348901656048,0.05182618027537941,0.22737973045188667,0.2525744237318747,0.2566164488170826,0.2634293969991561,0.004626,0.024107,0.005878,0.965388,0.76376,0.443624,0.160939,0.456108,0,0.43694853851870763,0.095522361994409,0.12982295980052214,0.21160321672377666,0.76376
16_1_1_1_Asad_Vsurprised,16,female,1,1,1,16_04_01_01_01,16_08_01_01_01,1,0.29435511687647364,0.4484300807162283,0.04319566808524433,0.2140191343220537,0.32788374495286965,0.22279056032202532,0.20614181670438292,0.24318387802072206,0.004626,0.024107,0.005878,0.965388,0.498197,0.468353,0.070977,0.345842,1,0.033528628076396005,0.22563952039420299,0.1629461486191386,0.029164743698668366,0.498197
19_1_1_1_Afearful_Vhappy,19,male,1,1,1,19_06_01_01_01,19_03_01_01_01,1,0.5953455061869326,0.1140548624058463,0.12926028831466455,0.16133934309255665,0.4217067032690483,0.22663578496536876,0.182847353716515,0.16881015804906788,0.004626,0.024107,0.005878,0.965388,0.583049,0.561269,0.027814,0.390711,0,0.1736388029178843,0.11258092255952247,0.05358706540185046,0.007470814956511224,0.583049
04_1_2_1_Aangry_Vhappy,4,female,1,2,1,04_05_02_01_01,04_03_02_01_01,1,0.1911840665707697,0.7674416887428509,0.011209252287216122,0.030164992399163253,0.3298925474382307,0.26211994847784026,0.22854241217174281,0.17944509191218638,0.004626,0.024107,0.005878,0.965388,0.800923,0.544326,0.23665,0.5273,1,0.13870848086746101,0.5053217402650106,0.2173331598845267,0.14928009951302312,0.800923
08_1_2_2_Aangry_Vcalm,8,female,1,2,2,08_05_02_01_02,08_02_02_01_02,1,0.233181167045972,0.7186715492733345,0.015745612708362257,0.03240167097233122,0.30163238310222307,0.24308808300637377,0.25341745541855165,0.20186207847285154,0.004626,0.024107,0.005878,0.965388,0.794613,0.516289,0.232375,0.514426,1,0.06845121605625107,0.4755834662669608,0.2376718427101894,0.16946040750052033,0.794613
15_1_1_1_Asad_Vsad,15,male,1,1,1,15_04_01_01_01,15_04_01_01_01,0,0.5159076703590726,0.2598363558053874,0.0478844133420715,0.17637156049346858,0.21872204941457674,0.25467144207000386,0.24091955796929257,0.28568695054612686,0.004626,0.024107,0.005878,0.965388,0.553543,0.419669,0.104892,0.359368,0,0.29718562094449585,0.005164913735383525,0.19303514462722107,0.10931539005265828,0.553543
23_1_1_1_Ahappy_Vsurprised,23,male,1,1,1,23_03_01_01_01,23_08_01_01_01,1,0.4492979078375694,0.355437261610867,0.02293086241643978,0.17233396813512394,0.22694718281360537,0.26557053595157004,0.26996641823081946,0.23751586300400515,0.004626,0.024107,0.005878,0.965388,0.557099,0.472123,0.123764,0.384329,0,0.22235072502396402,0.08986672565929693,0.2470355558143797,0.06518189486888121,0.557099
10_1_2_2_Aangry_Vsad,10,female,1,2,2,10_05_02_01_02,10_04_02_01_02,1,0.10550772844476673,0.817167046349668,0.019381781418780327,0.05794344378678493,0.22555245154614187,0.25938914556221226,0.24431278652455965,0.27074561636708633,0.004626,0.024107,0.005878,0.965388,0.736752,0.435343,0.261366,0.47782,1,0.12004472310137514,0.5577779007874557,0.22493100510577932,0.2128021725803014,0.736752
12_2_1_2_Ahappy_Vhappy,12,female,2,1,2,12_03_01_02_02,12_03_01_02_02,0,0.5180660911354502,0.2508501842687087,0.03450964595411031,0.19657407864173082,0.3519312875463246,0.24414176081878022,0.20385952088198042,0.20006743075291472,0.008141,0.007626,0.011831,0.972402,0.543953,0.527793,0.059635,0.377127,1,0.16613480358912563,0.0067084234499284745,0.16934987492787013,0.0034933521111839005,0.543953
15_2_1_1_Asad_Vneutral,15,male,2,1,1,15_04_01_02_01,15_01_01_02_01,1,0.5552752441321618,0.1510846592767996,0.054017533782103895,0.23962256280893485,0.22134084167421006,0.24356582460334814,0.23686564698851706,0.29822768673392475,0.008141,0.007626,0.011831,0.972402,0.490155,0.416226,0.108451,0.338277,0,0.3339344024579517,0.09248116532654854,0.18284811320641317,0.0586051239249899,0.490155
15_1_1_2_Asad_Vsad,15,male,1,1,2,15_04_01_01_02,15_04_01_01_02,0,0.4950241887406934,0.1547029175538586,0.06850807074821441,0.2817648229572336,0.22105746006266086,0.24982104598629798,0.2407781566092698,0.2883433373417715,0.004626,0.024107,0.005878,0.965388,0.434539,0.417132,0.083621,0.311764,0,0.27396672867803257,0.09511812843243939,0.17227008586105538,0.006578514384537881,0.434539
15_2_1_2_Ahappy_Vsad,15,male,2,1,2,15_03_01_02_02,15_04_01_02_02,1,0.6719887819842322,0.12302111656553288,0.04937583682903102,0.15561426462120403,0.21846150760848243,0.2573191917676578,0.2641551386791696,0.26006416194469034,0.008141,0.007626,0.011831,0.972402,0.599054,0.456419,0.172674,0.409382,0,0.45352727437574974,0.1342980752021249,0.2147793018501386,0.10444989732348631,0.599054
21_2_2_1_Adisgust_Vhappy,21,male,2,2,1,21_07_02_02_01,21_03_02_02_01,1,0.45591908159522837,0.3789798411863436,0.031249019364140693,0.13385205785428742,0.3485331975494372,0.25833216653385793,0.2131614563490645,0.17997317956764036,0.008141,0.007626,0.011831,0.972402,0.630744,0.553431,0.070733,0.418303,0,0.10738588404579119,0.12064767465248566,0.18191243698492382,0.04612112171335295,0.630744
21_2_2_1_Adisgust_Vcalm,21,male,2,2,1,21_07_02_02_01,21_02_02_02_01,0,0.45591908159522837,0.3789798411863436,0.031249019364140693,0.13385205785428742,0.25485593661914546,0.2542771065148351,0.25886626235905913,0.23200069450696037,0.008141,0.007626,0.011831,0.972402,0.630744,0.48816,0.112873,0.410593,0,0.2010631449760829,0.1247027346715085,0.22761724299491842,0.09814863665267295,0.630744
20_1_2_2_Asad_Vhappy,20,female,1,2,2,20_04_02_01_02,20_03_02_01_02,1,0.7204656276162337,0.0817846395380846,0.17016559783558372,0.027584135010098088,0.36345454285322737,0.21850123336073551,0.2168551667053796,0.2011890570806575,0.004626,0.024107,0.005878,0.965388,0.829327,0.51894,0.122195,0.490154,1,0.3570110847630063,0.13671659382265092,0.04668956886979589,0.17360492207055941,0.829327
02_2_1_1_Ahappy_Vangry,2,female,2,1,1,02_03_01_02_01,02_05_01_02_01,1,0.3394633928830518,0.42993674024326156,0.011549512330701442,0.21905035454298516,0.20713073358607983,0.29367751593509417,0.25124529870715756,0.2479464517716683,0.008141,0.007626,0.011831,0.972402,0.522615,0.470191,0.118845,0.37055,1,0.13233265929697194,0.1362592243081674,0.2396957863764561,0.028896097228683137,0.522615
03_2_2_1_Aangry_Vsad,3,male,2,2,1,03_05_02_02_01,03_04_02_02_01,1,0.2698475521725829,0.6058794296248333,0.023427549330361373,0.10084546887222232,0.22721243219019416,0.28810002216383734,0.304326259867621,0.1803612857783476,0.008141,0.007626,0.011831,0.972402,0.686405,0.551827,0.154198,0.464143,0,0.042635119982388725,0.317779407460996,0.2808987105372596,0.07951581690612528,0.686405
12_1_2_1_Aangry_Vsad,12,female,1,2,1,12_05_02_01_01,12_04_02_01_01,1,0.1850015396371164,0.77122471370971,0.011252554397173476,0.032521192255999955,0.21131025001480805,0.3024203173732732,0.30261369897449686,0.18365573363742188,0.004626,0.024107,0.005878,0.965388,0.795053,0.536637,0.241007,0.524233,1,0.02630871037769164,0.46880439633643683,0.29136114457732337,0.15113454138142193,0.795053
11_2_1_2_Asad_Vsad,11,male,2,1,2,11_04_01_02_02,11_04_01_02_02,0,0.5789327956325574,0.10313005422573786,0.13779150194840661,0.18014564819329815,0.21942453393937578,0.2322097367546784,0.26250909452012355,0.28585663478582224,0.008141,0.007626,0.011831,0.972402,0.55878,0.428756,0.10191,0.363149,0,0.3595082616931816,0.12907968252894053,0.12471759257171694,0.10571098659252409,0.55878
20_2_2_2_Asad_Vcalm,20,female,2,2,2,20_04_02_02_02,20_02_02_02_02,1,0.7400609162708065,0.070615216759595,0.14409184074458978,0.04523202622500885,0.23488325292771073,0.23181270773166995,0.23009984909010037,0.303204190250519,0.008141,0.007626,0.011831,0.972402,0.785894,0.411212,0.216208,0.471105,1,0.5051776633430958,0.16119749097207495,0.08600800834551059,0.25797216402551015,0.785894
08_2_2_1_Adisgust_Vsad,8,female,2,2,1,08_07_02_02_01,08_04_02_02_01,1,0.38465679301611744,0.39728928831377686,0.03618049218024658,0.18187342648985916,0.26966471820816035,0.2617509024603712,0.27801155132889455,0.1905728280025739,0.008141,0.007626,0.011831,0.972402,0.562084,0.538622,0.093675,0.398127,1,0.11499207480795709,0.13553838585340566,0.24183105914864797,0.008699401512714755,0.562084
09_2_2_1_Ahappy_Vsad,9,male,2,2,1,09_03_02_02_01,09_04_02_02_01,1,0.6700991296874199,0.23483006741002385,0.029503744448563973,0.06556705845399227,0.19706158368501817,0.3146485959880164,0.3298684037482321,0.15842141657873315,0.008141,0.007626,0.011831,0.972402,0.749495,0.581703,0.22295,0.518049,0,0.4730375460024018,0.07981852857799257,0.30036465929966816,0.09285435812474088,0.749495
03_1_2_2_Asad_Vcalm,3,male,1,2,2,03_04_02_01_02,03_02_02_01_02,1,0.687433934567351,0.14355085472932538,0.07099118247049138,0.09802402823283222,0.24732581948442967,0.2701876953780122,0.24385315200047392,0.23863333313708426,0.004626,0.024107,0.005878,0.965388,0.67927,0.470672,0.150028,0.433323,0,0.44010811508292136,0.1266368406486868,0.17286196952998253,0.14060930490425205,0.67927
02_2_1_2_Asad_Vsurprised,2,female,2,1,2,02_04_01_02_02,02_08_01_02_02,1,0.37537937281229716,0.24074682000892245,0.052040909667505623,0.3318328975112747,0.23524167560257297,0.2582677972207473,0.2874883721661301,0.21900215501054968,0.008141,0.007626,0.011831,0.972402,0.391333,0.503322,0.085176,0.32661,1,0.1401376972097242,0.01752097721182483,0.23544746249862447,0.11283074250072503,0.503322
07_2_1_2_Ahappy_Vcalm,7,male,2,1,2,07_03_01_02_02,07_02_01_02_02,1,0.5132884682605107,0.21959182717029202,0.053521625413323407,0.21359807915587378,0.2737771255049547,0.24855245458477188,0.21642988262269997,0.26124053728757335,0.008141,0.007626,0.011831,0.972402,0.519955,0.455645,0.067086,0.347562,0,0.23951134275555597,0.028960627414479856,0.16290825720937657,0.04764245813169957,0.519955
08_2_1_1_Aangry_Vsad,8,female,2,1,1,08_05_01_02_01,08_04_01_02_01,1,0.28541821557822056,0.6096981935311119,0.018943510992283093,0.08594007989838441,0.23534979727632788,0.246757644217622,0.31278400648246574,0.20510855202358422,0.008141,0.007626,0.011831,0.972402,0.713673,0.520103,0.190607,0.474794,1,0.05006841830189268,0.36294054931348985,0.29384049549018265,0.1191684721251998,0.713673
21_2_1_1_Ahappy_Vsurprised,21,male,2,1,1,21_03_01_02_01,21_08_01_02_01,1,0.5906962433766051,0.13224564708791847,0.04993101934181424,0.2271270901936622,0.26622412400438983,0.2688529012289336,0.248299189563296,0.2166237852033805,0.008141,0.007626,0.011831,0.972402,0.505916,0.506527,0.114573,0.375672,0,0.32447211937221526,0.13660725414101516,0.19836817022148176,0.010503304990281709,0.506527
14_2_2_2_Aangry_Vsad,14,female,2,2,2,14_05_02_02_02,14_04_02_02_02,1,0.14745405603590964,0.8224251661922752,0.009184224023769219,0.02093655374804588,0.20529368625379865,0.27792607594585134,0.2701868061569517,0.2465934316433984,0.008141,0.007626,0.011831,0.972402,0.862064,0.471492,0.296369,0.543309,1,0.057839630217889015,0.544499090246424,0.26100258213318245,0.22565687789535252,0.862064
20_2_2_1_Asad_Vangry,20,female,2,2,1,20_04_02_02_01,20_05_02_02_01,1,0.5345898569607204,0.08265460692731434,0.2105477338121785,0.17220780229978672,0.23592913806779292,0.2507712790778498,0.2638323750752724,0.24946720777908485,0.008141,0.007626,0.011831,0.972402,0.567653,0.468143,0.082186,0.372661,1,0.29866071889292745,0.16811667215053544,0.0532846412630939,0.07725940547929813,0.567653
04_1_2_1_Asad_Vsad,4,female,1,2,1,04_04_02_01_01,04_04_02_01_01,0,0.33336989561548624,0.5350973726125086,0.03619739102783029,0.095335340744175,0.2333908497071566,0.28709763937671084,0.29154911860834265,0.18796239230779008,0.004626,0.024107,0.005878,0.965388,0.667139,0.531669,0.126657,0.441822,1,0.09997904590832965,0.24799973323579771,0.2553517275805124,0.09262705156361507,0.667139
12_2_2_2_Aangry_Vhappy,12,female,2,2,2,12_05_02_02_02,12_03_02_02_02,1,0.0978692072804744,0.8803167319466091,0.004632070151701952,0.017181990621214567,0.37435446121609756,0.2440343288671103,0.20021566777255162,0.1813955421442405,0.008141,0.007626,0.011831,0.972402,0.878057,0.551943,0.343743,0.591248,1,0.2764852539356232,0.6362824030794988,0.19558359762084968,0.16421355152302594,0.878057
09_1_2_1_Aangry_Vangry,9,male,1,2,1,09_05_02_01_01,09_05_02_01_01,0,0.4033721941301417,0.5421971891215568,0.012897247447232975,0.0415333693010685,0.20771034813425146,0.3093257181217992,0.26764129828016814,0.21532263546378116,0.004626,0.024107,0.005878,0.965388,0.776559,0.4965,0.19524,0.489433,0,0.19566184599589023,0.23287147099975758,0.25474405083293516,0.17378926616271267,0.776559
12_2_1_2_Aangry_Vhappy,12,female,2,1,2,12_05_01_02_02,12_03_01_02_02,1,0.42507923794031616,0.36055942806137425,0.030332164959443405,0.18402916903886618,0.3519312875463246,0.24414176081878022,0.20385952088198042,0.20006743075291472,0.008141,0.007626,0.011831,0.972402,0.560452,0.527793,0.06284,0.383695,1,0.07314795039399158,0.11641766724259403,0.173527355922537,0.01603826171404854,0.560452
10_1_1_2_Aangry_Vsurprised,10,female,1,1,2,10_05_01_01_02,10_08_01_01_02,1,0.39451358783865764,0.2998625992965287,0.09900229178904818,0.20662152107576556,0.22731290829222112,0.25317882852473095,0.2547042642419405,0.26480399894110757,0.004626,0.024107,0.005878,0.965388,0.509822,0.442091,0.046024,0.332646,1,0.16720067954643653,0.04668377077179775,0.1557019724528923,0.058182477865342,0.509822
10_1_1_1_Afearful_Vhappy,10,female,1,1,1,10_06_01_01_01,10_03_01_01_01,1,0.5371852250538471,0.10967746044993905,0.22394071138509578,0.1291966031111179,0.32407759199831115,0.2628761870499712,0.21945228159953828,0.19359393935217942,0.004626,0.024107,0.005878,0.965388,0.628927,0.525923,0.047308,0.400719,1,0.21310763305553598,0.15319872660003214,0.004488429785557496,0.0643973362410615,0.628927
22_2_2_2_Afearful_Vhappy,22,female,2,2,2,22_06_02_02_02,22_03_02_02_02,1,0.543973421532039,0.3302681978721219,0.066620600156898,0.059137780438941065,0.34901312313408905,0.2522892717333122,0.2055519688291899,0.19314563630340875,0.008141,0.007626,0.011831,0.972402,0.755742,0.536496,0.073119,0.455119,1,0.19496029839794993,0.07797892613880969,0.13893136867229192,0.13400785586446767,0.755742
21_2_2_1_Asad_Vangry,21,male,2,2,1,21_04_02_02_01,21_05_02_02_01,1,0.7447655481412733,0.06329293677896465,0.04593204322008027,0.1460094718596819,0.2205542255315084,0.3252772980197952,0.248615476159605,0.20555300028909138,0.008141,0.007626,0.011831,0.972402,0.616421,0.520337,0.2371,0.457953,0,0.5242113226097649,0.2619843612408306,0.20268343293952473,0.059543528429409465,0.616421
21_2_1_2_Aangry_Vhappy,21,male,2,1,2,21_05_01_02_02,21_03_01_02_02,1,0.37130455345324603,0.5195199339337233,0.010694357893142147,0.09848115471988846,0.28461331114219107,0.256368815915506,0.24891937947825202,0.210098493464051,0.008141,0.007626,0.011831,0.972402,0.694432,0.514451,0.149528,0.452804,0,0.08669124231105496,0.26315111801821733,0.23822502158510986,0.11161733874416253,0.694432
16_2_2_1_Ahappy_Vhappy,16,female,2,2,1,16_03_02_02_01,16_03_02_02_01,0,0.18252567813927575,0.7676982547450307,0.005381143884405048,0.04439492323128847,0.43508668945416407,0.2098163561161396,0.17966007592893726,0.175436878500759,0.008141,0.007626,0.011831,0.972402,0.805533,0.560796,0.265527,0.543952,1,0.2525610113148883,0.5578818986288911,0.1742789320445322,0.13104195526947054,0.805533
19_1_2_1_Adisgust_Vsad,19,male,1,2,1,19_07_02_01_01,19_04_02_01_01,1,0.6210392235606867,0.17839584635969874,0.14525424535528847,0.05531068472432613,0.3519936442273664,0.2785346880235882,0.21272637359113758,0.1567452941579078,0.004626,0.024107,0.005878,0.965388,0.753945,0.574663,0.058015,0.462208,0,0.26904557933332035,0.10013884166388948,0.06747212823584911,0.10143460943358168,0.753945
11_1_1_2_Aneutral_Vhappy,11,male,1,1,2,11_01_01_01_02,11_03_01_01_02,1,0.393634380843586,0.13708062852500422,0.06881945171551317,0.4004655389158966,0.31925043926697344,0.2279272648362892,0.21579165888672863,0.23703063701000873,0.004626,0.024107,0.005878,0.965388,0.321837,0.475036,0.05507,0.283981,0,0.07438394157661254,0.09084663631128498,0.14697220717121545,0.16343490190588786,0.475036
16_1_1_1_Asurprised_Vangry,16,female,1,1,1,16_08_01_01_01,16_05_01_01_01,1,0.16841475576800136,0.6688689561758051,0.013114649097314383,0.14960163895887912,0.23420791706165092,0.25201983333089434,0.23326845724523843,0.2805037923622163,0.004626,0.024107,0.005878,0.965388,0.583572,0.4253,0.175329,0.394733,1,0.06579316129364957,0.41684912284491077,0.22015380814792404,0.13090215340333716,0.583572
02_2_1_1_Ahappy_Vhappy,2,female,2,1,1,02_03_01_02_01,02_03_01_02_01,0,0.3394633928830518,0.42993674024326156,0.011549512330701442,0.21905035454298516,0.3471072659392479,0.23927407705494122,0.20010004926250047,0.21351860774331044,0.008141,0.007626,0.011831,0.972402,0.522615,0.511243,0.093418,0.375759,1,0.0076438730561961266,0.19066266318832034,0.18855053693179902,0.005531746799674719,0.522615
11_1_2_1_Aangry_Vhappy,11,male,1,2,1,11_05_02_01_01,11_03_02_01_01,1,0.14500291136905555,0.8117649893186137,0.00878001995830727,0.03445207935402332,0.33137907360321756,0.241651095618826,0.21213446832542224,0.2148353624525343,0.004626,0.024107,0.005878,0.965388,0.791074,0.500641,0.280727,0.524147,0,0.186376162234162,0.5701138936997877,0.20335444836711497,0.18038328309851098,0.791074
13_1_1_1_Asad_Vhappy,13,male,1,1,1,13_04_01_01_01,13_03_01_01_01,1,0.38381849646313154,0.17635580231129233,0.062609662999453,0.37721603822612304,0.33915316966021186,0.24873026527989547,0.20481214385733115,0.20730442120256146,0.004626,0.024107,0.005878,0.965388,0.339162,0.509566,0.052266,0.300331,0,0.04466532680291968,0.07237446296860314,0.14220248085787815,0.16991161702356158,0.509566
09_1_2_1_Asad_Vsad,9,male,1,2,1,09_04_02_01_01,09_04_02_01_01,0,0.568750914271968,0.0069719043439983855,0.33715533900074685,0.08712184238328674,0.2192257613595515,0.32882897250673254,0.2996752130526488,0.15227005308106709,0.004626,0.024107,0.005878,0.965388,0.730457,0.578411,0.208624,0.50583,0,0.3495251529124165,0.3218570681627342,0.03748012594809802,0.06514821069778035,0.730457
03_1_2_2_Aangry_Vcalm,3,male,1,2,2,03_05_02_01_02,03_02_02_01_02,1,0.40723049658978855,0.46315921181556,0.05150456935002533,0.07810572224462617,0.24732581948442967,0.2701876953780122,0.24385315200047392,0.23863333313708426,0.004626,0.024107,0.005878,0.965388,0.698566,0.470672,0.112599,0.427279,0,0.15990467710535888,0.19297151643754784,0.19234858265044857,0.1605276108924581,0.698566
10_1_1_2_Ahappy_Vsurprised,10,female,1,1,2,10_03_01_01_02,10_08_01_01_02,1,0.4366769660270581,0.31353100254592714,0.07247699706915535,0.17731503435785945,0.22731290829222112,0.25317882852473095,0.2547042642419405,0.26480399894110757,0.004626,0.024107,0.005878,0.965388,0.548017,0.442091,0.071611,0.353907,1,0.20936405773483696,0.06035217402119619,0.18222726717278515,0.08748896458324812,0.548017
02_1_1_2_Ahappy_Vangry,2,female,1,1,2,02_03_01_01_02,02_05_01_01_02,1,0.31619302391150134,0.3247051295959649,0.011641713767913328,0.3474601327246204,0.199419515029908,0.3035088529163971,0.25146811390263624,0.24560351815105858,0.004626,0.024107,0.005878,0.965388,0.363978,0.461233,0.113382,0.312864,1,0.11677350888159332,0.021196276679567805,0.2398264001347229,0.10185661457356182,0.461233
15_1_2_2_Aangry_Vsad,15,male,1,2,2,15_05_02_01_02,15_04_02_01_02,1,0.13637639379003913,0.8158099866554961,0.00668224085887142,0.04113137869559343,0.2299797460477917,0.26231656041183515,0.28666788812836635,0.22103580541200685,0.004626,0.024107,0.005878,0.965388,0.776245,0.491658,0.288865,0.518923,0,0.09360335225775257,0.5534934262436609,0.27998564726949493,0.1799044267164134,0.776245
11_1_2_1_Asad_Vsad,11,male,1,2,1,11_04_02_01_01,11_04_02_01_01,0,0.5855851125987438,0.24477511637268035,0.056404148136415484,0.11323562289216034,0.2423287033548142,0.24213474097458706,0.28630640157610043,0.22923015409449837,0.004626,0.024107,0.005878,0.965388,0.646583,0.482975,0.128175,0.419244,0,0.3432564092439296,0.002640375398093281,0.22990225343968496,0.11599453120233803,0.646583
18_2_2_1_Aangry_Vcalm,18,female,2,2,1,18_05_02_02_01,18_02_02_02_01,1,0.2695854942711951,0.6768173938906351,0.010465525973513906,0.04313158586465574,0.3513326371408724,0.24126324582181796,0.21412726839881693,0.19327684863849268,0.008141,0.007626,0.011831,0.972402,0.803434,0.53619,0.200469,0.513364,1,0.08174714286967727,0.43555414806881715,0.20366174242530302,0.15014526277383694,0.803434
22_2_1_1_Aneutral_Vdisgust,22,female,2,1,1,22_01_01_02_01,22_07_01_02_01,0,0.4269079922406778,0.19501343139418764,0.03841508164674276,0.33966349471839175,0.2358240389669758,0.25520627607833013,0.2317168960481987,0.27725278890649535,0.008141,0.007626,0.011831,0.972402,0.38634,0.438139,0.080726,0.301735,1,0.19108395327370203,0.06019284468414249,0.19330181440145594,0.062410705811896394,0.438139
23_2_1_2_Aneutral_Vangry,23,male,2,1,2,23_01_01_02_02,23_05_01_02_02,1,0.4429443744561213,0.2979271268133025,0.022810275445027763,0.23631822328554852,0.2122692625157037,0.26064000238263996,0.26217000571259275,0.2649207293890637,0.008141,0.007626,0.011831,0.972402,0.498004,0.451154,0.116578,0.355245,0,0.2306751119404176,0.037287124430662566,0.239359730267565,0.02860250610351517,0.498004
04_2_2_2_Ahappy_Vsad,4,female,2,2,2,04_03_02_02_02,04_04_02_02_02,1,0.4428875586947954,0.4468733865148108,0.0398730039090543,0.0703660508813395,0.2403904504332802,0.28406488944617647,0.2918893598006671,0.18365530031987623,0.008141,0.007626,0.011831,0.972402,0.736758,0.547538,0.132026,0.472107,1,0.2024971082615152,0.16280849706863432,0.2520163558916128,0.11328924943853673,0.736758
18_1_2_1_Asad_Vsad,18,female,1,2,1,18_04_02_01_01,18_04_02_01_01,0,0.6171283730435315,0.24947750845727504,0.07960192947888432,0.053792189020309224,0.2788693659557692,0.298625412700971,0.2649191770335825,0.15758604430967746,0.004626,0.024107,0.005878,0.965388,0.754135,0.57216,0.10594,0.477411,1,0.3382590070877623,0.049147904243695945,0.18531724755469814,0.10379385528936824,0.754135
13_1_1_1_Aangry_Vhappy,13,male,1,1,1,13_05_01_01_01,13_03_01_01_01,1,0.1452203435778616,0.6949244486028009,0.008936908819676551,0.15091829899966105,0.33915316966021186,0.24873026527989547,0.20481214385733115,0.20730442120256146,0.004626,0.024107,0.005878,0.965388,0.5828,0.509566,0.191338,0.427901,0,0.19393282608235027,0.4461941833229054,0.1958752350376546,0.0563861222029004,0.5828
21_2_1_1_Asurprised_Vhappy,21,male,2,1,1,21_08_01_02_01,21_03_01_02_01,1,0.5379421946226525,0.2923816338916577,0.02964634022746438,0.14002983125822532,0.326323684891779,0.26136227820706665,0.22134282945961659,0.19097120744153767,0.008141,0.007626,0.011831,0.972402,0.622248,0.538906,0.08209,0.414415,0,0.21161850973087348,0.031019355684591077,0.1916964892321522,0.05094137618331235,0.622248
05_2_1_1_Ahappy_Vhappy,5,male,2,1,1,05_03_01_02_01,05_03_01_02_01,0,0.5016581270910524,0.18563719215371235,0.03387213325250021,0.2788325475027351,0.3347358901144475,0.23882098967112889,0.2527756093555554,0.17366751085886822,0.008141,0.007626,0.011831,0.972402,0.44905,0.561186,0.091615,0.367284,0,0.1669222369766049,0.05318379751741653,0.21890347610305516,0.1051650366438669,0.561186
18_2_2_2_Ahappy_Vhappy,18,female,2,2,2,18_03_02_02_02,18_03_02_02_02,0,0.5389005024571055,0.3526706680491013,0.05542988577622782,0.05299894371756525,0.4117997747903371,0.24809061054035295,0.18321170513685409,0.15689790953245578,0.008141,0.007626,0.011831,0.972402,0.769759,0.585791,0.058157,0.471236,1,0.12710072766676844,0.10458005750874835,0.12778181936062627,0.10389896581489053,0.769759
09_1_2_1_Ahappy_Vdisgust,9,male,1,2,1,09_03_02_01_01,09_07_02_01_01,1,0.7562667184797637,0.12941791626615629,0.04295420669941628,0.07136115855466388,0.24531545754864878,0.3162617997660255,0.27500602814716363,0.1634167145381622,0.004626,0.024107,0.005878,0.965388,0.731136,0.563273,0.209268,0.501226,0,0.5109512609311149,0.1868438834998692,0.23205182144774736,0.09205555598349832,0.731136
17_2_1_2_Aneutral_Vangry,17,male,2,1,2,17_01_01_02_02,17_05_01_02_02,1,0.457708229514633,0.05647719113292619,0.1864041053150588,0.2994104740373819,0.2192810668684026,0.2436325482777506,0.23719992675913062,0.29988645809471615,0.008141,0.007626,0.011831,0.972402,0.420537,0.414535,0.078515,0.304529,0,0.23842716264623043,0.18715535714482442,0.050795821444071826,0.0004759840573342333,0.420537
12_1_2_2_Asad_Vdisgust,12,female,1,2,2,12_04_02_01_02,12_07_02_01_02,1,0.4964054388032397,0.3184550064392563,0.11111102637797773,0.07402852837952642,0.24990768366417773,0.3137002506188132,0.25278253338888884,0.1836095323281202,0.004626,0.024107,0.005878,0.965388,0.708784,0.536286,0.067723,0.437598,1,0.24649775513906194,0.004754755820443102,0.1416715070109111,0.10958100394859377,0.708784
18_2_2_2_Aangry_Vangry,18,female,2,2,2,18_05_02_02_02,18_05_02_02_02,0,0.16493442660171684,0.7998062910513615,0.006570685090322564,0.02868859725659916,0.26946746329283816,0.3004881258427243,0.24241609809292733,0.18762831277151024,0.008141,0.007626,0.011831,0.972402,0.842635,0.542876,0.243636,0.543049,1,0.10453303669112132,0.4993181652086372,0.23584541300260475,0.15893971551491107,0.842635
09_1_1_1_Aneutral_Vangry,9,male,1,1,1,09_01_01_01_01,09_05_01_01_01,1,0.42813485879235924,0.02605826856931137,0.2396516942268996,0.30615517841142975,0.23523011324101611,0.2850035113203736,0.2462897234981846,0.2334766519404257,0.004626,0.024107,0.005878,0.965388,0.430186,0.475959,0.115035,0.340393,0,0.19290474555134313,0.25894524275106223,0.006638029271284984,0.07267852647100406,0.475959
12_2_2_2_Ahappy_Vangry,12,female,2,2,2,12_03_02_02_02,12_05_02_02_02,1,0.48710019998701853,0.45333895024210735,0.017065943347931028,0.04249490642294309,0.21803163685984267,0.2893989834550883,0.24742345241091107,0.24514592727415802,0.008141,0.007626,0.011831,0.972402,0.800656,0.473331,0.194679,0.489555,1,0.26906856312717586,0.16393996678701905,0.23035750906298005,0.20265102085121492,0.800656
20_1_2_1_Aangry_Vsad,20,female,1,2,1,20_05_02_01_01,20_04_02_01_01,1,0.2926647070172147,0.6416203411575269,0.03709661664382816,0.028618335181430154,0.2497614746216595,0.22934566705821632,0.28489483671380517,0.235998021606319,0.004626,0.024107,0.005878,0.965388,0.802069,0.475792,0.219428,0.499096,1,0.042903232395555185,0.4122746740993105,0.247798220069977,0.20737968642488885,0.802069
23_1_1_2_Aangry_Vangry,23,male,1,1,2,23_05_01_01_02,23_05_01_01_02,0,0.18419081300711523,0.729487682295704,0.00768591431113024,0.07863559038605034,0.21542984785151095,0.26413223967905847,0.26304496377225034,0.2573929486971802,0.004626,0.024107,0.005878,0.965388,0.699443,0.4497,0.228935,0.45936,0,0.03123903484439572,0.4653554426166456,0.2553590494611201,0.17875735831112988,0.699443
14_2_2_2_Aangry_Vcalm,14,female,2,2,2,14_05_02_02_02,14_02_02_02_02,1,0.14745405603590964,0.8224251661922752,0.009184224023769219,0.02093655374804588,0.25025460117736303,0.24975031133951647,0.22190989349340146,0.27808519398971904,0.008141,0.007626,0.011831,0.972402,0.862064,0.43737,0.308452,0.535962,1,0.1028005451414534,0.5726748548527587,0.21272566946963223,0.25714864024167317,0.862064
07_2_2_2_Ahappy_Vhappy,7,male,2,2,2,07_03_02_02_02,07_03_02_02_02,0,0.6029237756830358,0.24959250644240874,0.07372922108591054,0.07375449678864493,0.415860838243732,0.24116590454704073,0.1921058101435805,0.15086744706564684,0.008141,0.007626,0.011831,0.972402,0.726852,0.594154,0.041953,0.45432,0,0.1870629374393038,0.008426601895368008,0.11837658905766996,0.07711295027700191,0.726852
02_1_1_1_Aneutral_Vangry,2,female,1,1,1,02_01_01_01_01,02_05_01_01_01,1,0.2504822818185899,0.4744628296252456,0.01232418291644871,0.26273070563971596,0.206024722205141,0.30273192648239455,0.25250557614942726,0.23873777516303712,0.004626,0.024107,0.005878,0.965388,0.445528,0.469109,0.112243,0.342293,1,0.04445755961344888,0.17173090314285105,0.24018139323297855,0.02399293047667883,0.469109
11_1_2_1_Aangry_Vangry,11,male,1,2,1,11_05_02_01_01,11_05_02_01_01,0,0.14500291136905555,0.8117649893186137,0.00878001995830727,0.03445207935402332,0.2240475787339174,0.24584749339879222,0.23847093304430245,0.29163399482298796,0.004626,0.024107,0.005878,0.965388,0.791074,0.413916,0.301254,0.502081,0,0.07904466736486185,0.5659174959198215,0.22969091308599518,0.25718191546896463,0.791074
05_1_2_2_Ahappy_Vhappy,5,male,1,2,2,05_03_02_01_02,05_03_02_01_02,0,0.38114478828907744,0.5387842725625097,0.017944538882011106,0.062126400266401816,0.3422197173444491,0.2382946292801818,0.24891609905113796,0.17056955432423127,0.004626,0.024107,0.005878,0.965388,0.731352,0.55743,0.148719,0.479167,0,0.038925070944628326,0.3004896432823279,0.23097156016912684,0.10844315405782945,0.731352
11_1_2_2_Aangry_Vsurprised,11,male,1,2,2,11_05_02_01_02,11_08_02_01_02,1,0.13709308658496994,0.8311331311564348,0.011849056671545784,0.0199247255870494,0.229184884770335,0.242166647808658,0.2868487525430689,0.24179971487793792,0.004626,0.024107,0.005878,0.965388,0.827677,0.468377,0.32513,0.540395,0,0.09209179818536506,0.5889664833477768,0.2749996958715231,0.2218749892908885,0.827677
17_2_1_2_Aangry_Vhappy,17,male,2,1,2,17_05_01_02_02,17_03_01_02_02,1,0.4937682191104565,0.15201015409117805,0.13625060075973708,0.2179710260386285,0.27597688314219354,0.24005904635243344,0.2542137085722684,0.22975036193310458,0.008141,0.007626,0.011831,0.972402,0.509328,0.490843,0.042893,0.347688,0,0.21779133596826294,0.0880488922612554,0.1179631078125313,0.011779335894476078,0.509328
01_2_1_2_Asad_Vcalm,1,male,2,1,2,01_04_01_02_02,01_02_01_02_02,1,0.5078956591203571,0.12087553734504229,0.10117227371842251,0.2700565298161781,0.23947566915852964,0.2631856065932376,0.2330233068292564,0.26431541741897646,0.008141,0.007626,0.011831,0.972402,0.452385,0.452061,0.074343,0.326263,0,0.2684199899618274,0.14231006924819528,0.1318510331108339,0.005741112397201653,0.452385
24_1_1_1_Asad_Vangry,24,female,1,1,1,24_04_01_01_01,24_05_01_01_01,1,0.40473735198870225,0.09348384258537387,0.09069166288039769,0.4110871425455263,0.23161523653637262,0.2763296581848175,0.24424861872187897,0.24780648655693088,0.004626,0.024107,0.005878,0.965388,0.317318,0.459898,0.0924,0.289872,1,0.17312211545232964,0.1828458155994436,0.15355695584148127,0.16328065598859542,0.459898
19_2_1_2_Ahappy_Vfearful,19,male,2,1,2,19_03_01_02_02,19_06_01_02_02,1,0.5137075677257866,0.13428004405629113,0.060769176475615534,0.29124321174230666,0.22805014851329897,0.26257616350926416,0.23803822129762736,0.2713354666798096,0.008141,0.007626,0.011831,0.972402,0.432935,0.444417,0.096752,0.324701,0,0.28565741921248766,0.12829611945297303,0.17726904482201183,0.01990774506249704,0.444417
19_1_1_1_Afearful_Vangry,19,male,1,1,1,19_06_01_01_01,19_05_01_01_01,1,0.5953455061869326,0.1140548624058463,0.12926028831466455,0.16133934309255665,0.2509770063485201,0.27833401876397174,0.23201514435001022,0.23867383053749797,0.004626,0.024107,0.005878,0.965388,0.583049,0.470289,0.093737,0.382359,0,0.3443684998384125,0.16427915635812546,0.10275485603534568,0.07733448744494131,0.583049
07_2_1_2_Acalm_Vsad,7,male,2,1,2,07_02_01_02_02,07_04_01_02_02,1,0.41045573734577684,0.13604887582842465,0.09861865314206146,0.35487673368373707,0.20764007093502795,0.271598190599654,0.2596733130112537,0.26108842545406447,0.008141,0.007626,0.011831,0.972402,0.366511,0.455414,0.073264,0.298396,0,0.20281566641074888,0.13554931477122936,0.1610546598691922,0.0937883082296726,0.455414
11_1_1_1_Aneutral_Vsad,11,male,1,1,1,11_01_01_01_01,11_04_01_01_01,1,0.41621039435669993,0.1215749772786626,0.07202171984039292,0.3901929085242446,0.22496278732252165,0.23911167275211495,0.24796380868521486,0.28796173124014857,0.004626,0.024107,0.005878,0.965388,0.33254,0.418083,0.077446,0.276023,0,0.19124760703417829,0.11753669547345236,0.17594208884482193,0.10223117728409603,0.418083
13_2_1_1_Asad_Vangry,13,male,2,1,1,13_04_01_02_01,13_05_01_02_01,1,0.400553707556948,0.14951588733190857,0.054903598658604176,0.39502680645253935,0.22927875710373183,0.25903755133320755,0.23509885058367996,0.27658484097938074,0.008141,0.007626,0.011831,0.972402,0.33372,0.438826,0.078799,0.283781,0,0.1712749504532162,0.10952166400129898,0.1801952519250758,0.1184419654731586,0.438826
12_2_1_1_Asad_Vfearful,12,female,2,1,1,12_04_01_02_01,12_06_01_02_01,1,0.4490269078109665,0.17398588211753102,0.11048869313920928,0.2664985169322932,0.2142811560464472,0.27563362265456814,0.2837987120463994,0.22628650925258526,0.008141,0.007626,0.011831,0.972402,0.454367,0.494786,0.068605,0.339253,1,0.23474575176451928,0.10164774053703712,0.1733100189071901,0.04021200767970795,0.494786
20_1_1_1_Ahappy_Vhappy,20,female,1,1,1,20_03_01_01_01,20_03_01_01_01,0,0.4077166034671565,0.412654820355928,0.03259111723311435,0.14703745894380119,0.2993876650522742,0.24342640256554948,0.253329135631489,0.20385679675068738,0.004626,0.024107,0.005878,0.965388,0.5892,0.513773,0.095055,0.399342,1,0.10832893841488228,0.1692284177903785,0.22073801839837465,0.056819337806886194,0.5892
05_2_1_1_Asad_Vsad,5,male,2,1,1,05_04_01_02_01,05_04_01_02_01,0,0.49339603904532925,0.06981093552669408,0.05674067278819465,0.3800523526397821,0.21990340166396075,0.24025753991543433,0.2644227953689485,0.27541626305165645,0.008141,0.007626,0.011831,0.972402,0.34985,0.439767,0.133151,0.30759,0,0.27349263738136853,0.17044660438874026,0.2076821225807539,0.10463608958812565,0.439767
17_2_1_2_Ahappy_Vneutral,17,male,2,1,2,17_03_01_02_02,17_01_01_02_02,1,0.499817145159437,0.12487029709083837,0.12539059599988645,0.24992196174983825,0.21827406909190475,0.23145002555013344,0.24663243886933414,0.3036434664886276,0.008141,0.007626,0.011831,0.972402,0.473167,0.41061,0.068975,0.317584,0,0.28154307606753226,0.10657972845929507,0.1212418428694477,0.053721504738789366,0.473167
10_1_1_2_Asad_Vneutral,10,female,1,1,2,10_04_01_01_02,10_01_01_01_02,1,0.4496005404013634,0.09101718439129364,0.21650011272122885,0.2428821624861141,0.2255717036814648,0.24021640056418236,0.23444165921383922,0.2997702365405136,0.004626,0.024107,0.005878,0.965388,0.481803,0.405837,0.054872,0.31417,1,0.22402883671989857,0.14919921617288873,0.017941546492610372,0.056888074054399496,0.481803
18_2_1_1_Asad_Vneutral,18,female,2,1,1,18_04_01_02_01,18_01_01_02_01,1,0.29702275222809793,0.22221362011218987,0.08743002794798926,0.3933335997117228,0.22816139996699994,0.2531330281825763,0.27180282104865316,0.24690275080177065,0.008141,0.007626,0.011831,0.972402,0.331175,0.470984,0.051991,0.284717,1,0.06886135226109799,0.030919408070386456,0.1843727931006639,0.14643084890995217,0.470984
23_2_2_2_Aangry_Vsad,23,male,2,2,2,23_05_02_02_02,23_04_02_02_02,1,0.08645997355927142,0.8996499096646299,0.003585689284431501,0.010304427491667004,0.22957518927009712,0.2782447481546167,0.2571214843881542,0.23505857818713197,0.008141,0.007626,0.011831,0.972402,0.900914,0.48471,0.357232,0.580952,0,0.1431152157108257,0.6214051615100131,0.2535357951037227,0.22475415069546495,0.900914
20_1_1_2_Aangry_Vsad,20,female,1,1,2,20_05_01_01_02,20_04_01_01_02,1,0.1694953437469897,0.7442226029544526,0.014770737869514158,0.07151131542904343,0.2256384481541101,0.24145835583321398,0.2708295519328157,0.2620736440798603,0.004626,0.024107,0.005878,0.965388,0.710685,0.445678,0.242482,0.466282,1,0.05614310440712039,0.5027642471212387,0.25605881406330155,0.19056232865081685,0.710685
05_1_2_2_Ahappy_Vangry,5,male,1,2,2,05_03_02_01_02,05_05_02_01_02,1,0.38114478828907744,0.5387842725625097,0.017944538882011106,0.062126400266401816,0.2171409436725156,0.24641297780801288,0.2537458261792056,0.28270025234026575,0.004626,0.024107,0.005878,0.965388,0.731352,0.423213,0.199911,0.451492,0,0.16400384461656184,0.29237129475449686,0.2358012872971945,0.22057385207386393,0.731352
09_2_1_1_Aangry_Vsad,9,male,2,1,1,09_05_01_02_01,09_04_01_02_01,1,0.5391353361379664,0.08330854498409276,0.09010867463848689,0.2874474442394539,0.19971590714892423,0.2823781175498004,0.30448632625804123,0.21341964904323424,0.008141,0.007626,0.011831,0.972402,0.436103,0.510165,0.14802,0.364763,0,0.33941942898904215,0.19906957256570765,0.21437765161955435,0.07402779519621966,0.510165
20_1_1_2_Asad_Vhappy,20,female,1,1,2,20_04_01_01_02,20_03_01_01_02,1,0.44915408936911977,0.09239757081814548,0.14284944882038786,0.315598890992347,0.2873102136969295,0.22894743842658172,0.2549519578213635,0.2287903900551252,0.004626,0.024107,0.005878,0.965388,0.404772,0.484349,0.051105,0.313409,1,0.16184387567219027,0.13654986760843624,0.11210250900097563,0.08680850093722181,0.484349
09_2_1_1_Aneutral_Vangry,9,male,2,1,1,09_01_01_02_01,09_05_01_02_01,1,0.4091498848028335,0.013270132189154973,0.13451314971614167,0.44306683329186985,0.2190272256179501,0.28768305642236,0.24922878966645096,0.24406092829323897,0.008141,0.007626,0.011831,0.972402,0.296956,0.474533,0.16597,0.312486,0,0.19012265918488339,0.274412924233205,0.11471563995030928,0.19900590499863088,0.474533
02_1_2_1_Asurprised_Vangry,2,female,1,2,1,02_08_02_01_01,02_05_02_01_01,1,0.1704564138637448,0.7607380112364617,0.008265953181331224,0.060539621718462326,0.20655977635545167,0.30116070952059604,0.24974657505151257,0.24253293907243967,0.004626,0.024107,0.005878,0.965388,0.734025,0.464821,0.22025,0.473032,1,0.03610336249170687,0.45957730171586564,0.24148062187018135,0.18199331735397734,0.734025
18_2_2_2_Asad_Vangry,18,female,2,2,2,18_04_02_02_02,18_05_02_02_02,1,0.68135361725419,0.18593156664364763,0.08144141623123402,0.05127339987092847,0.26946746329283816,0.3004881258427243,0.24241609809292733,0.18762831277151024,0.008141,0.007626,0.011831,0.972402,0.772543,0.542876,0.136376,0.483932,1,0.4118861539613518,0.11455655919907665,0.1609746818616933,0.13635491290058177,0.772543
09_1_2_2_Ahappy_Vangry,9,male,1,2,2,09_03_02_01_02,09_05_02_01_02,1,0.875274174143151,0.04685413326629522,0.03708644961593322,0.04078524297462046,0.2224959269479095,0.3015429864171958,0.2599646620150021,0.2159964246198926,0.004626,0.024107,0.005878,0.965388,0.81086,0.495995,0.339845,0.5489,0,0.6527782471952415,0.25468885315090056,0.2228782123990689,0.17521118164527213,0.81086
07_1_2_2_Ahappy_Vhappy,7,male,1,2,2,07_03_02_01_02,07_03_02_01_02,0,0.37453466280828296,0.47711485237654294,0.06110481247812502,0.087245672337049,0.36842567372233953,0.24555134576609627,0.22572623106310946,0.1602967494484546,0.004626,0.024107,0.005878,0.965388,0.680902,0.571342,0.0714,0.441215,0,0.006108989085943428,0.23156350661044667,0.16462141858498444,0.0730510771114056,0.680902
18_1_2_2_Ahappy_Vhappy,18,female,1,2,2,18_03_02_01_02,18_03_02_01_02,0,0.72870344755742,0.166695007069627,0.07526865480540149,0.029332890567551367,0.4150271769038379,0.2415326360487872,0.1863392091651759,0.15710097788219904,0.004626,0.024107,0.005878,0.965388,0.816936,0.576535,0.088652,0.494041,1,0.3136762706535821,0.07483762897916019,0.11107055435977442,0.12776808731464767,0.816936
20_1_1_1_Asad_Vangry,20,female,1,1,1,20_04_01_01_01,20_05_01_01_01,1,0.3662652769308248,0.09162140040662531,0.17889975495061838,0.3632135677119315,0.22205036159090472,0.22984739036842136,0.24539787836571367,0.3027043696749603,0.004626,0.024107,0.005878,0.965388,0.358365,0.403388,0.040793,0.267515,1,0.14421491533992006,0.13822598996179605,0.06649812341509528,0.06050919803697119,0.403388
05_2_1_1_Afearful_Vsurprised,5,male,2,1,1,05_06_01_02_01,05_08_01_02_01,0,0.5014960989470711,0.13144261861420162,0.044248090240183974,0.32281319219854315,0.22710271493370152,0.23767638618139997,0.2762054585193951,0.2590154403655034,0.008141,0.007626,0.011831,0.972402,0.403116,0.457431,0.119345,0.326631,0,0.27439338401336966,0.10623376756719835,0.23195736827921112,0.06379775183303976,0.457431
23_2_2_1_Asad_Vfearful,23,male,2,2,1,23_04_02_02_01,23_06_02_02_01,1,0.680342714230522,0.10662888365462812,0.06177350239311116,0.15125489972173875,0.23324136406468254,0.2656873187714508,0.30578344081667275,0.1952878763471939,0.008141,0.007626,0.011831,0.972402,0.604279,0.532467,0.173477,0.436741,0,0.4471013501658394,0.15905843511682266,0.24400993842356158,0.04403297662545516,0.604279
01_1_1_1_Asad_Vangry,1,male,1,1,1,01_04_01_01_01,01_05_01_01_01,1,0.4057840851451268,0.13375527647686947,0.1563424007100401,0.30411823766796364,0.20780825744802803,0.296041742880665,0.23874055475453249,0.2574094449167745,0.004626,0.024107,0.005878,0.965388,0.410631,0.448304,0.053762,0.304232,0,0.1979758276970988,0.16228646640379552,0.08239815404449238,0.046708792751189165,0.448304
15_1_1_2_Ahappy_Vsad,15,male,1,1,2,15_03_01_01_02,15_04_01_01_02,1,0.5593073568543533,0.2236059461460432,0.026578371737879514,0.190508325261724,0.22105746006266086,0.24982104598629798,0.2407781566092698,0.2883433373417715,0.004626,0.024107,0.005878,0.965388,0.539362,0.417132,0.133692,0.363395,0,0.33824989679169243,0.026215099840254774,0.21419978487139027,0.09783501208004747,0.539362
12_1_2_2_Aangry_Vdisgust,12,female,1,2,2,12_05_02_01_02,12_07_02_01_02,1,0.16028577746932957,0.8027957450343483,0.017709363924473982,0.019209113571848315,0.24990768366417773,0.3137002506188132,0.25278253338888884,0.1836095323281202,0.004626,0.024107,0.005878,0.965388,0.828352,0.536286,0.230725,0.531788,1,0.08962190619484817,0.48909549441553507,0.23507316946441487,0.16440041875627187,0.828352
18_2_1_2_Acalm_Vangry,18,female,2,1,2,18_02_01_02_02,18_05_01_02_02,1,0.35738136100752854,0.3212980132137797,0.0463956801151582,0.27492494566353354,0.22694921653286085,0.2773631658781503,0.24631430309394012,0.2493733144950488,0.008141,0.007626,0.011831,0.972402,0.449949,0.468502,0.066249,0.328233,1,0.1304321444746677,0.04393484733562941,0.19991862297878193,0.025551631168484745,0.468502
18_1_2_2_Asad_Vsad,18,female,1,2,2,18_04_02_01_02,18_04_02_01_02,0,0.6711624747348552,0.2050645212642334,0.07469109517530674,0.04908190882560457,0.28846088326445934,0.2924394272524656,0.2638996611023391,0.155200028380736,0.004626,0.024107,0.005878,0.965388,0.767496,0.575805,0.12348,0.488927,1,0.3827015914703959,0.08737490598823217,0.18920856592703234,0.10611811955513142,0.767496
16_1_1_2_Acalm_Vdisgust,16,female,1,1,2,16_02_01_01_02,16_07_01_01_02,0,0.29277205535785106,0.3853648134786022,0.031446110781417506,0.2904170203821292,0.26965664499812003,0.2609925400675442,0.24815398978285286,0.22119682515148284,0.004626,0.024107,0.005878,0.965388,0.415061,0.491626,0.081294,0.329327,1,0.023115410359731026,0.124372273411058,0.21670787900143534,0.06922019523064635,0.491626
11_2_2_2_Adisgust_Vsad,11,male,2,2,2,11_07_02_02_02,11_04_02_02_02,1,0.39625510164426786,0.5387949649119983,0.019455929315964675,0.04549400412776913,0.21628631237118093,0.27112886662949304,0.300800278688253,0.21178454231107313,0.008141,0.007626,0.011831,0.972402,0.793259,0.512054,0.20114,0.502151,0,0.17996878927308693,0.26766609828250526,0.2813443493722883,0.166290538183304,0.793259
11_2_1_2_Aangry_Vangry,11,male,2,1,2,11_05_01_02_02,11_05_01_02_02,0,0.10592054658405761,0.8274846116513445,0.007590091547318591,0.05900475021727935,0.22381599102721397,0.23674909138781,0.23383485055214975,0.30560006703282616,0.008141,0.007626,0.011831,0.972402,0.775061,0.408764,0.30304,0.495622,0,0.11789544444315636,0.5907355202635345,0.22624475900483115,0.2465953168155468,0.775061
13_1_1_1_Aangry_Vsad,13,male,1,1,1,13_05_01_01_01,13_04_01_01_01,1,0.1452203435778616,0.6949244486028009,0.008936908819676551,0.15091829899966105,0.22561865696706,0.25446489811749756,0.23785226098538942,0.28206418393005317,0.004626,0.024107,0.005878,0.965388,0.5828,0.423506,0.19317,0.399825,0,0.0803983133891984,0.44045955048530333,0.22891535216571288,0.13114588493039211,0.5828
02_1_2_2_Ahappy_Vhappy,2,female,1,2,2,02_03_02_01_02,02_03_02_01_02,0,0.47645523987734434,0.4013388817879952,0.0218383971599556,0.10036748117470493,0.45930678556617166,0.21980509935330328,0.16208494522266606,0.158803169857859,0.004626,0.024107,0.005878,0.965388,0.664114,0.57593,0.06794,0.435995,1,0.01714845431117268,0.18153378243469193,0.14024654806271047,0.058435688683154074,0.664114
09_1_2_2_Aangry_Vangry,9,male,1,2,2,09_05_02_01_02,09_05_02_01_02,0,0.5110997938409202,0.4028271356952496,0.019043292688973854,0.06702977777485634,0.2224959269479095,0.3015429864171958,0.2599646620150021,0.2159964246198926,0.004626,0.024107,0.005878,0.965388,0.725293,0.495995,0.166475,0.462588,0,0.28860386689301065,0.10128414927805379,0.24092136932602826,0.14896664684503624,0.725293
22_2_1_1_Aangry_Vsurprised,22,female,2,1,1,22_05_01_02_01,22_08_01_02_01,1,0.2299192964941915,0.6397006788859749,0.015142797953115926,0.11523722666671754,0.21584283613921582,0.2480719545533633,0.2407674603320956,0.2953177489753253,0.008141,0.007626,0.011831,0.972402,0.666009,0.419185,0.180627,0.421941,1,0.014076460354975673,0.39162872433261164,0.22562466237897966,0.18008052230860777,0.666009
12_1_2_1_Asad_Vangry,12,female,1,2,1,12_04_02_01_01,12_05_02_01_01,1,0.6041161030124812,0.23072716614855068,0.1039171976049079,0.06123953323406024,0.21384394614239727,0.2859508571824285,0.2476041618335503,0.2526010348416239,0.004626,0.024107,0.005878,0.965388,0.738939,0.454067,0.139105,0.444037,1,0.39027215687008393,0.055223691033877836,0.1436869642286424,0.19136150160756366,0.738939
11_2_1_1_Acalm_Vneutral,11,male,2,1,1,11_02_01_02_01,11_01_01_02_01,0,0.5299389858438286,0.09489883057454208,0.06765904165301773,0.30750314192861145,0.22420844934992537,0.2287675213518698,0.23320810831464828,0.3138159209835566,0.008141,0.007626,0.011831,0.972402,0.416793,0.400543,0.101374,0.306237,0,0.30573053649390325,0.13386869077732771,0.16554906666163055,0.00631277905494515,0.416793
17_2_1_2_Ahappy_Vhappy,17,male,2,1,2,17_03_01_02_02,17_03_01_02_02,0,0.499817145159437,0.12487029709083837,0.12539059599988645,0.24992196174983825,0.27597688314219354,0.24005904635243344,0.2542137085722684,0.22975036193310458,0.008141,0.007626,0.011831,0.972402,0.473167,0.490843,0.053361,0.339123,0,0.22384026201724344,0.11518874926159507,0.12882311257238194,0.020171599816733665,0.490843
17_1_2_2_Asurprised_Vangry,17,male,1,2,2,17_08_02_01_02,17_05_02_01_02,1,0.633683659033311,0.17994189539415312,0.09170375721700233,0.09467068835553347,0.2293440214331236,0.2620274529179643,0.2348777414558234,0.27375078419308874,0.004626,0.024107,0.005878,0.965388,0.680637,0.432002,0.132797,0.415145,0,0.40433963760018743,0.08208555752381119,0.14317398423882108,0.17908009583755527,0.680637
06_1_2_1_Ahappy_Vsad,6,female,1,2,1,06_03_02_01_01,06_04_02_01_01,1,0.6139066107552956,0.2736294063627864,0.043034188293929014,0.06942979458798884,0.24802460369505794,0.35070028594745406,0.24540136373893515,0.15587374661855305,0.004626,0.024107,0.005878,0.965388,0.723331,0.572604,0.130107,0.475347,1,0.36588200706023766,0.07707087958466768,0.20236717544500613,0.08644395203056421,0.723331
01_2_1_1_Aangry_Vangry,1,male,2,1,1,01_05_01_02_01,01_05_01_02_01,0,0.4972633261368727,0.33503770200617583,0.034989990961404684,0.13270898089554667,0.22337182469370367,0.2959615649586159,0.2345903679092812,0.24607624243839915,0.008141,0.007626,0.011831,0.972402,0.631829,0.472439,0.111536,0.405268,0,0.273891501443169,0.03907613704755991,0.19960037694787652,0.11336726154285248,0.631829
21_2_2_1_Asad_Vdisgust,21,male,2,2,1,21_04_02_02_01,21_07_02_02_01,1,0.7447655481412733,0.06329293677896465,0.04593204322008027,0.1460094718596819,0.21573133363843724,0.314097166065874,0.2504268885680423,0.21974461172764653,0.008141,0.007626,0.011831,0.972402,0.616421,0.503006,0.23815,0.452526,0,0.529034214502836,0.2508042292869094,0.20449484534796203,0.07373513986796462,0.616421
18_2_1_2_Aangry_Vdisgust,18,female,2,1,2,18_05_01_02_02,18_07_01_02_02,1,0.1885705431181381,0.7043886537594665,0.016038995871462344,0.09100180725093318,0.20653000596931897,0.32541743879938234,0.3059990036993054,0.16205355153199327,0.008141,0.007626,0.011831,0.972402,0.707289,0.576755,0.174127,0.486057,1,0.017959462851180885,0.3789712149600841,0.28996000782784304,0.07105174428106009,0.707289
03_1_2_2_Afearful_Vcalm,3,male,1,2,2,03_06_02_01_02,03_02_02_01_02,0,0.6765163361940283,0.11515469054844973,0.12851836679723336,0.07981060646028873,0.24732581948442967,0.2701876953780122,0.24385315200047392,0.23863333313708426,0.004626,0.024107,0.005878,0.965388,0.712907,0.470672,0.14089,0.44149,0,0.4291905167095986,0.15503300482956245,0.11533478520324056,0.15882272667679553,0.712907
04_1_2_1_Afearful_Vangry,4,female,1,2,1,04_06_02_01_01,04_05_02_01_01,1,0.5003795155872729,0.3547985080297901,0.053290226696421875,0.091531749686515,0.21688373769965405,0.27974272715810694,0.27628752200386797,0.22708601313837096,0.004626,0.024107,0.005878,0.965388,0.677867,0.483649,0.125823,0.429113,1,0.2834957778876188,0.07505578087168319,0.2229972953074461,0.13555426345185595,0.677867
17_2_2_2_Ahappy_Vsad,17,male,2,2,2,17_03_02_02_02,17_04_02_02_02,1,0.49453555882352934,0.3327541580464368,0.06366500650091357,0.10904527662912014,0.21538377678269843,0.23922875356477472,0.28755160261835083,0.2578358670341761,0.008141,0.007626,0.011831,0.972402,0.664962,0.458693,0.124318,0.415991,0,0.2791517820408309,0.0935254044816621,0.22388659611743728,0.14879059040505596,0.664962
11_1_2_2_Asad_Vsurprised,11,male,1,2,2,11_04_02_01_02,11_08_02_01_02,1,0.6643282689705943,0.15705206173746572,0.12679348901656048,0.05182618027537941,0.229184884770335,0.242166647808658,0.2868487525430689,0.24179971487793792,0.004626,0.024107,0.005878,0.965388,0.76376,0.468377,0.15741,0.463182,0,0.4351433842002593,0.08511458607119227,0.16005526352650842,0.1899735346025585,0.76376
10_1_1_1_Ahappy_Vfearful,10,female,1,1,1,10_03_01_01_01,10_06_01_01_01,1,0.5087639770283384,0.27125208926102373,0.06360478133932247,0.15637915237131528,0.22207227085031192,0.262852756085148,0.23499013799181925,0.2800848350727208,0.004626,0.024107,0.005878,0.965388,0.579389,0.425196,0.092283,0.365623,1,0.28669170617802653,0.008399333175875712,0.17138535665249677,0.12370568270140553,0.579389
13_2_2_1_Acalm_Vsurprised,13,male,2,2,1,13_02_02_02_01,13_08_02_02_01,0,0.455019911809199,0.12215417575687136,0.04393817494396838,0.3788877374899614,0.24518884834948645,0.2609769254092141,0.235917953231868,0.2579162730094315,0.008141,0.007626,0.011831,0.972402,0.350391,0.459035,0.102112,0.303846,0,0.20983106345971253,0.1388227496523427,0.19197977828789964,0.12097146448052992,0.459035
15_1_1_2_Asad_Vsurprised,15,male,1,1,2,15_04_01_01_02,15_08_01_01_02,1,0.4950241887406934,0.1547029175538586,0.06850807074821441,0.2817648229572336,0.25443231466957533,0.25402085079423026,0.22919308406532327,0.26235375047087117,0.004626,0.024107,0.005878,0.965388,0.434539,0.444827,0.070409,0.316592,0,0.2405918740711181,0.09931793324037166,0.16068501331710885,0.019411072486362424,0.444827
23_1_1_2_Ahappy_Vhappy,23,male,1,1,2,23_03_01_01_02,23_03_01_01_02,0,0.3797632887960125,0.42408318547783175,0.013323101676004846,0.1828304240501509,0.25321053945611877,0.24446360438945006,0.2894883780422603,0.21283747811217085,0.004626,0.024107,0.005878,0.965388,0.542561,0.502498,0.139621,0.394893,0,0.12655274933989374,0.1796195810883817,0.27616527636625543,0.03000705406201995,0.542561
18_2_1_2_Aangry_Vneutral,18,female,2,1,2,18_05_01_02_02,18_01_01_02_02,1,0.1885705431181381,0.7043886537594665,0.016038995871462344,0.09100180725093318,0.23254070751353828,0.2576931679039116,0.25935644012997666,0.25040968445257356,0.008141,0.007626,0.011831,0.972402,0.707289,0.467143,0.200907,0.458446,1,0.04397016439540019,0.44669548585555485,0.24331744425851431,0.15940787720164037,0.707289
13_2_2_2_Acalm_Vangry,13,male,2,2,2,13_02_02_02_02,13_05_02_02_02,1,0.4272993645714266,0.12100974402741968,0.045593361882679095,0.40609752951847466,0.23944089911726768,0.27172132291874196,0.235455946803218,0.2533818311607723,0.008141,0.007626,0.011831,0.972402,0.326061,0.464103,0.104272,0.298145,0,0.1878584654541589,0.15071157889132228,0.1898625849205389,0.15271569835770238,0.464103
24_1_1_1_Aangry_Vsad,24,female,1,1,1,24_05_01_01_01,24_04_01_01_01,1,0.07976833737895934,0.8676165870571098,0.008687087147420463,0.04392798841651051,0.22451062849139305,0.24815173970847187,0.2712477894973641,0.2560898423027711,0.004626,0.024107,0.005878,0.965388,0.76973,0.451938,0.32915,0.516939,1,0.1447422911124337,0.6194648473486379,0.26256070234994366,0.21216185388626058,0.76973
14_2_2_2_Ahappy_Vcalm,14,female,2,2,2,14_03_02_02_02,14_02_02_02_02,1,0.5212532708331389,0.40157251831232116,0.040172211130251566,0.03700199972428834,0.25025460117736303,0.24975031133951647,0.22190989349340146,0.27808519398971904,0.008141,0.007626,0.011831,0.972402,0.807741,0.43737,0.173333,0.472814,1,0.27099866965577585,0.15182220697280469,0.18173768236314988,0.2410831942654307,0.807741
10_2_1_1_Aangry_Vangry,10,female,2,1,1,10_05_01_02_01,10_05_01_02_01,0,0.32682941989955316,0.3146750418242132,0.08467418413967892,0.27382135413655473,0.2277888955190047,0.25412563692637435,0.22649799274096635,0.29158747481365455,0.008141,0.007626,0.011831,0.972402,0.447088,0.423186,0.03314,0.301138,1,0.09904052438054847,0.06054940489783883,0.14182380860128743,0.017766120677099817,0.447088
02_2_2_2_Aangry_Vangry,2,female,2,2,2,02_05_02_02_02,02_05_02_02_02,0,0.07415945233022218,0.8975921241475797,0.0035763617296479615,0.024672061792550135,0.21247236340488565,0.2986739643645141,0.24127280547845342,0.2475808667521467,0.008141,0.007626,0.011831,0.972402,0.859657,0.470711,0.323688,0.551352,1,0.13831291107466348,0.5989181597830656,0.23769644374880547,0.22290880495959656,0.859657
15_1_1_1_Aangry_Vsad,15,male,1,1,1,15_05_01_01_01,15_04_01_01_01,1,0.19797375353883867,0.7142339236968062,0.014878356195232508,0.07291396656912268,0.21872204941457674,0.25467144207000386,0.24091955796929257,0.28568695054612686,0.004626,0.024107,0.005878,0.965388,0.708155,0.419669,0.217871,0.448565,0,0.020748295875738065,0.4595624816268023,0.22604120177406006,0.21277298397700417,0.708155
07_1_2_2_Adisgust_Vfearful,7,male,1,2,2,07_07_02_01_02,07_06_02_01_02,0,0.49668235407952965,0.38167790071271696,0.018366180635812492,0.10327356457194092,0.2153736079307359,0.28774997808885777,0.2963424623165599,0.20053395166384647,0.004626,0.024107,0.005878,0.965388,0.660542,0.515623,0.164257,0.446807,0,0.28130874614879375,0.09392792262385918,0.27797628168074745,0.09726038709190554,0.660542
23_2_2_1_Ahappy_Vsad,23,male,2,2,1,23_03_02_02_01,23_04_02_02_01,1,0.17683103713257567,0.7482994841182414,0.006171931003612993,0.06869754774556999,0.23345747592358737,0.27220432347354423,0.24834481483254245,0.245993385770326,0.008141,0.007626,0.011831,0.972402,0.754222,0.47226,0.230659,0.485714,0,0.0566264387910117,0.4760951606446972,0.24217288382892946,0.17729583802475601,0.754222
02_2_2_1_Ahappy_Vfearful,2,female,2,2,1,02_03_02_02_01,02_06_02_02_01,1,0.44227135607580936,0.3493409656306861,0.018685710278422165,0.18970196801508232,0.2153528602916845,0.3108344228574287,0.2777781532480876,0.19603456360279922,0.008141,0.007626,0.011831,0.972402,0.556278,0.531916,0.127607,0.405267,1,0.22691849578412487,0.038506542773257435,0.25909244296966544,0.006332595587716899,0.556278
04_1_2_1_Aangry_Vsad,4,female,1,2,1,04_05_02_01_01,04_04_02_01_01,1,0.1911840665707697,0.7674416887428509,0.011209252287216122,0.030164992399163253,0.2333908497071566,0.28709763937671084,0.29154911860834265,0.18796239230779008,0.004626,0.024107,0.005878,0.965388,0.800923,0.531669,0.246042,0.526211,1,0.0422067831363869,0.48034404936614006,0.2803398663211265,0.15779739990862682,0.800923
23_2_2_2_Asad_Vsad,23,male,2,2,2,23_04_02_02_02,23_04_02_02_02,0,0.5429039202855013,0.05016989137654491,0.20007206197991997,0.20685412635803382,0.22957518927009712,0.2782447481546167,0.2571214843881542,0.23505857818713197,0.008141,0.007626,0.011831,0.972402,0.525229,0.48471,0.113348,0.374429,0,0.31332873101540415,0.2280748567780718,0.05704942240823421,0.028204451829098143,0.525229
21_2_1_2_Aangry_Vfearful,21,male,2,1,2,21_05_01_02_02,21_06_01_02_02,1,0.37130455345324603,0.5195199339337233,0.010694357893142147,0.09848115471988846,0.21394650455043243,0.2673367890482427,0.2748063782768933,0.24391032812443147,0.008141,0.007626,0.011831,0.972402,0.694432,0.474425,0.177968,0.448941,0,0.1573580489028136,0.2521831448854806,0.26411202038375114,0.14542917340454303,0.694432
10_1_1_2_Asad_Vfearful,10,female,1,1,2,10_04_01_01_02,10_06_01_01_02,1,0.4496005404013634,0.09101718439129364,0.21650011272122885,0.2428821624861141,0.22091220470240844,0.2578610201855951,0.2320306042647762,0.2891961708472202,0.004626,0.024107,0.005878,0.965388,0.481803,0.41586,0.060344,0.319335,1,0.22868833569895494,0.16684383579430145,0.015530491543547353,0.04631400836110611,0.481803
20_2_2_1_Aangry_Vangry,20,female,2,2,1,20_05_02_02_01,20_05_02_02_01,0,0.27092295171091224,0.6735289887915284,0.029406185286168056,0.026141874211391414,0.23592913806779292,0.2507712790778498,0.2638323750752724,0.24946720777908485,0.008141,0.007626,0.011831,0.972402,0.838146,0.468143,0.226453,0.510914,1,0.03499381364311932,0.42275770971367865,0.23442618978910434,0.22332533356769343,0.838146
02_1_1_1_Aneutral_Vsad,2,female,1,1,1,02_01_01_01_01,02_04_01_01_01,1,0.2504822818185899,0.4744628296252456,0.01232418291644871,0.26273070563971596,0.21543870626901834,0.26257042194653263,0.2358611286926144,0.28612974309183453,0.004626,0.024107,0.005878,0.965388,0.445528,0.418828,0.11233,0.325562,1,0.03504357554957155,0.21189240767871298,0.2235369457761657,0.023399037452118576,0.445528
16_2_2_1_Adisgust_Vhappy,16,female,2,2,1,16_07_02_02_01,16_03_02_02_01,1,0.33695637734735,0.5246471288256652,0.02305349514906091,0.11534299867792382,0.43508668945416407,0.2098163561161396,0.17966007592893726,0.175436878500759,0.008141,0.007626,0.011831,0.972402,0.661932,0.560796,0.108868,0.443865,1,0.09813031210681405,0.31483077270952564,0.15660658077987635,0.06009387982283519,0.661932
11_1_1_2_Asad_Vneutral,11,male,1,1,2,11_04_01_01_02,11_01_01_01_02,1,0.5113706531731195,0.20195333820658234,0.08281324605697385,0.20386276256332425,0.2246349497772767,0.22612122982709848,0.23477922655603775,0.31446459383958697,0.004626,0.024107,0.005878,0.965388,0.519715,0.391776,0.077779,0.329757,0,0.28673570339584276,0.024167891620516135,0.1519659804990639,0.11060183127626272,0.519715
11_2_2_2_Adisgust_Vhappy,11,male,2,2,2,11_07_02_02_02,11_03_02_02_02,1,0.39625510164426786,0.5387949649119983,0.019455929315964675,0.04549400412776913,0.33235637373803806,0.24176799484075964,0.21627999261768951,0.20959563880351278,0.008141,0.007626,0.011831,0.972402,0.793259,0.515667,0.154523,0.487816,0,0.0638987279062298,0.2970269700712387,0.19682406330172483,0.16410163467574365,0.793259
04_2_2_1_Ahappy_Vsurprised,4,female,2,2,1,04_03_02_02_01,04_08_02_02_01,1,0.19152606502878375,0.7285103005339102,0.01192184088228018,0.06804179355502571,0.2241455098005906,0.2744411206391299,0.2995943231243338,0.2018190464359458,0.008141,0.007626,0.011831,0.972402,0.751671,0.524331,0.222108,0.49937,1,0.03261944477180684,0.4540691798947803,0.28767248224205366,0.1337772528809201,0.751671
18_2_1_1_Adisgust_Vsad,18,female,2,1,1,18_07_01_02_01,18_04_01_02_01,1,0.3469013942173708,0.5306619762929868,0.02738667426300957,0.09504995522663287,0.20615193039150165,0.27169126681214884,0.3058623247723661,0.2162944780239834,0.008141,0.007626,0.011831,0.972402,0.694578,0.506609,0.159584,0.45359,1,0.14074946382586917,0.258970709480838,0.2784756505093565,0.12124452279735054,0.694578
14_2_2_2_Ahappy_Vsad,14,female,2,2,2,14_03_02_02_02,14_04_02_02_02,1,0.5212532708331389,0.40157251831232116,0.040172211130251566,0.03700199972428834,0.20529368625379865,0.27792607594585134,0.2701868061569517,0.2465934316433984,0.008141,0.007626,0.011831,0.972402,0.807741,0.471492,0.190898,0.490044,1,0.31595958457934026,0.12364644236646982,0.2300145950267001,0.20959143191911006,0.807741
15_1_1_2_Ahappy_Vsurprised,15,male,1,1,2,15_03_01_01_02,15_08_01_01_02,1,0.5593073568543533,0.2236059461460432,0.026578371737879514,0.190508325261724,0.25443231466957533,0.25402085079423026,0.22919308406532327,0.26235375047087117,0.004626,0.024107,0.005878,0.965388,0.539362,0.444827,0.113384,0.365857,0,0.30487504218477796,0.030414904648187052,0.20261471232744374,0.07184542520914716,0.539362
15_2_1_1_Aneutral_Vhappy,15,male,2,1,1,15_01_01_02_01,15_03_01_02_01,1,0.34291054345585553,0.3689553821881413,0.02392166284626179,0.26421241150974145,0.291346019733567,0.25648144681218643,0.21857338808198176,0.23359914537226487,0.008141,0.007626,0.011831,0.972402,0.466072,0.486853,0.074432,0.342452,0,0.051564523722288536,0.11247393537595485,0.19465172523571997,0.030613266137476586,0.486853
03_1_2_2_Ahappy_Vcalm,3,male,1,2,2,03_03_02_01_02,03_02_02_01_02,1,0.6606581524590665,0.19767875536432528,0.10226232220939505,0.03940076996721325,0.24732581948442967,0.2701876953780122,0.24385315200047392,0.23863333313708426,0.004626,0.024107,0.005878,0.965388,0.788717,0.470672,0.153189,0.47086,0,0.4133323329746368,0.0725089400136869,0.14159082979107887,0.199232563169871,0.788717
18_2_1_2_Aneutral_Vhappy,18,female,2,1,2,18_01_01_02_02,18_03_01_02_02,1,0.3853878993586751,0.18290595576312899,0.08265980661097362,0.3490463382672222,0.410290215088124,0.23036066593718393,0.1905659466705389,0.16878317230415318,0.008141,0.007626,0.011831,0.972402,0.372276,0.569238,0.041162,0.327559,1,0.0249023157294489,0.04745471017405495,0.10790614005956527,0.18026316596306902,0.569238
06_2_2_2_Aangry_Vdisgust,6,female,2,2,2,06_05_02_02_02,06_07_02_02_02,1,0.2753143568925532,0.6488263565523354,0.03769336946970715,0.038165917085404164,0.2481845472590163,0.3424404423875979,0.23648956754406486,0.17288544280932097,0.008141,0.007626,0.011831,0.972402,0.806541,0.562583,0.126705,0.49861,1,0.027129809633536867,0.30638591416473754,0.19879619807435772,0.13471952572391682,0.806541
15_1_2_2_Aangry_Vangry,15,male,1,2,2,15_05_02_01_02,15_05_02_01_02,0,0.13637639379003913,0.8158099866554961,0.00668224085887142,0.04113137869559343,0.2102650322634165,0.28152460372910393,0.25124887178490407,0.25696149222257547,0.004626,0.024107,0.005878,0.965388,0.776245,0.449395,0.273019,0.499553,0,0.07388863847337737,0.5342853829263922,0.24456663092603265,0.21583011352698203,0.776245
17_2_1_2_Aangry_Vsad,17,male,2,1,2,17_05_01_02_02,17_04_01_02_02,1,0.4937682191104565,0.15201015409117805,0.13625060075973708,0.2179710260386285,0.21756654694404726,0.26396691701254116,0.28558765351492194,0.23287888252848962,0.008141,0.007626,0.011831,0.972402,0.509328,0.487008,0.070385,0.355574,0,0.27620167216640923,0.11195676292136311,0.14933705275518486,0.014907856489861121,0.509328
17_1_1_1_Ahappy_Vhappy,17,male,1,1,1,17_03_01_01_01,17_03_01_01_01,0,0.5254489044841112,0.12002044800995779,0.08197336549333074,0.27255728201260015,0.27337061078055236,0.23936606774987465,0.25672796994213726,0.23053535152743568,0.004626,0.024107,0.005878,0.965388,0.447637,0.481672,0.079167,0.336159,0,0.25207829370355883,0.11934561973991686,0.17475460444880653,0.04202193048516448,0.481672
07_2_2_2_Aangry_Vangry,7,male,2,2,2,07_05_02_02_02,07_05_02_02_02,0,0.14850926173813656,0.8276000811362612,0.005767812638129218,0.018122844487473016,0.21731508299095192,0.32446337834448397,0.2362773090628897,0.22194422960167445,0.008141,0.007626,0.011831,0.972402,0.87232,0.500595,0.261736,0.544884,0,0.06880582125281537,0.5031367027917772,0.23050949642476048,0.20382138511420145,0.87232
02_2_2_2_Aangry_Vhappy,2,female,2,2,2,02_05_02_02_02,02_03_02_02_02,1,0.07415945233022218,0.8975921241475797,0.0035763617296479615,0.024672061792550135,0.39134000338363467,0.23270367846539486,0.18797591270494096,0.18798040544602956,0.008141,0.007626,0.011831,0.972402,0.859657,0.543749,0.370313,0.59124,1,0.3171805510534125,0.6648884456821849,0.184399550975293,0.16330834365347943,0.859657
16_2_2_1_Aangry_Vsad,16,female,2,2,1,16_05_02_02_01,16_04_02_02_01,1,0.0720601102912784,0.9076010169047096,0.003615858511967941,0.0167230142920438,0.34401414029628213,0.22603821830308946,0.245317142227476,0.1846304991731524,0.008141,0.007626,0.011831,0.972402,0.881946,0.54686,0.397962,0.608922,1,0.27195403000500373,0.6815627986016202,0.24170128371550806,0.16790748488110863,0.881946
05_2_2_1_Aangry_Vangry,5,male,2,2,1,05_05_02_02_01,05_05_02_02_01,0,0.16278009574398927,0.8229861802180984,0.00329907885927308,0.010934645178639079,0.21414207833250445,0.2593583786445285,0.2622236697584285,0.26427587326453855,0.008141,0.007626,0.011831,0.972402,0.896059,0.451845,0.338175,0.562027,0,0.05136198258851518,0.56362780157357,0.2589245908991554,0.2533412280858995,0.896059
24_2_1_1_Aneutral_Vhappy,24,female,2,1,1,24_01_01_02_01,24_03_01_02_01,1,0.31299127394872733,0.25634404756692636,0.05767813100177329,0.3729865474825731,0.33000818041898317,0.2565437371634299,0.2222434237849518,0.1912046586326352,0.008141,0.007626,0.011831,0.972402,0.351926,0.538604,0.058917,0.316483,1,0.017016906470255833,0.00019968959650351614,0.1645652927831785,0.1817818888499379,0.538604
13_2_2_2_Aangry_Vcalm,13,male,2,2,2,13_05_02_02_02,13_02_02_02_02,1,0.05134283320260133,0.9420314734412879,9.422942400288395e-05,0.0065314639321078834,0.27073598996467496,0.24609231062774772,0.23056316069659213,0.25260853871098504,0.008141,0.007626,0.011831,0.972402,0.922155,0.464985,0.438284,0.608475,0,0.21939315676207363,0.6959391628135402,0.23046893127258924,0.24607707477887716,0.922155
22_1_2_2_Aangry_Vhappy,22,female,1,2,2,22_05_02_01_02,22_03_02_01_02,1,0.09901821777503447,0.8655538528012876,0.0065718147049980205,0.028856114718679715,0.34914268741284327,0.2493777250736255,0.20991617409974941,0.1915634134137819,0.004626,0.024107,0.005878,0.965388,0.806064,0.529365,0.318858,0.551429,1,0.25012446963780877,0.6161761277276621,0.2033443593947514,0.1627072986951022,0.806064
10_2_1_1_Asad_Vangry,10,female,2,1,1,10_04_01_02_01,10_05_01_02_01,1,0.3777053930518305,0.0778976709750081,0.17775751500111045,0.366639420972051,0.2277888955190047,0.25412563692637435,0.22649799274096635,0.29158747481365455,0.008141,0.007626,0.011831,0.972402,0.354048,0.423186,0.054277,0.27717,1,0.1499164975328258,0.17622796595136625,0.0487404777398559,0.07505194615839644,0.423186
11_1_1_1_Adisgust_Vangry,11,male,1,1,1,11_07_01_01_01,11_05_01_01_01,1,0.4128267041149411,0.4544504976557985,0.030193713221775473,0.10252908500748502,0.22926744642743746,0.23820699353547792,0.2337428447857509,0.2987827152513338,0.004626,0.024107,0.005878,0.965388,0.657582,0.406961,0.144364,0.402969,0,0.18355925768750364,0.21624350412032056,0.20354913156397542,0.1962536302438488,0.657582
17_1_1_1_Aangry_Vangry,17,male,1,1,1,17_05_01_01_01,17_05_01_01_01,0,0.6479225550606262,0.07986139830847556,0.10339116068803951,0.16882488594285863,0.21789744203269115,0.2457299033840786,0.24060607536394196,0.29576657921928823,0.004626,0.024107,0.005878,0.965388,0.578826,0.409639,0.145487,0.377984,0,0.4300251130279351,0.16586850507560302,0.13721491467590247,0.1269416932764296,0.578826
14_1_1_1_Asad_Vhappy,14,female,1,1,1,14_04_01_01_01,14_03_01_01_01,1,0.2762892650494038,0.4343680559053605,0.07685434767714192,0.2124883313680937,0.32279093025460176,0.26316737464038054,0.20569568055933338,0.2083460145456843,0.004626,0.024107,0.005878,0.965388,0.498509,0.507473,0.038622,0.348201,1,0.04650166520519794,0.17120068126497995,0.12884133288219146,0.004142316822409398,0.507473
23_2_1_1_Adisgust_Vhappy,23,male,2,1,1,23_07_01_02_01,23_03_01_02_01,1,0.609717929082587,0.20402577421980037,0.0628934829126279,0.12336281378498458,0.2577153930377661,0.2417764586547634,0.29453750667441114,0.20597064163305928,0.008141,0.007626,0.011831,0.972402,0.643376,0.519106,0.120513,0.427665,0,0.35200253604482096,0.037750684434963044,0.23164402376178322,0.0826078278480747,0.643376
22_2_1_1_Asurprised_Vangry,22,female,2,1,1,22_08_01_02_01,22_05_01_02_01,1,0.31566280928694196,0.5037210880156163,0.018315220622976584,0.16230088207446508,0.22449754067324287,0.2525218896483681,0.235506839118333,0.28747373056005593,0.008141,0.007626,0.011831,0.972402,0.593467,0.427348,0.128438,0.383084,1,0.09116526861369909,0.25119919836724824,0.21719161849535643,0.12517284848559085,0.593467
23_2_2_1_Aangry_Vangry,23,male,2,2,1,23_05_02_02_01,23_05_02_02_01,0,0.13431246731167498,0.8467729271972537,8.501815153030315e-05,0.01882958733954099,0.21822348481119605,0.2699672741592498,0.24359719248844652,0.2682120485411077,0.008141,0.007626,0.011831,0.972402,0.878404,0.447769,0.334786,0.553653,0,0.08391101749952107,0.5768056530380039,0.24351217433691622,0.2493824612015667,0.878404
23_2_2_1_Asad_Vhappy,23,male,2,2,1,23_04_02_02_01,23_03_02_02_01,1,0.680342714230522,0.10662888365462812,0.06177350239311116,0.15125489972173875,0.2530006928991722,0.2383907817003762,0.29792433643123734,0.21068418896921426,0.008141,0.007626,0.011831,0.972402,0.604279,0.513295,0.156273,0.424616,0,0.42734202133134974,0.13176189804574806,0.23615083403812617,0.05942928924747551,0.604279
13_1_2_1_Ahappy_Vhappy,13,male,1,2,1,13_03_02_01_01,13_03_02_01_01,0,0.597238830587357,0.20325869687464934,0.045319460385270675,0.15418301215272287,0.4193763874339363,0.23740866282251047,0.1754485169950548,0.1677664327484985,0.004626,0.024107,0.005878,0.965388,0.588127,0.562128,0.041986,0.397414,0,0.17786244315342076,0.03414996594786113,0.1301290566097841,0.013583420595775636,0.588127
04_2_2_1_Asad_Vsurprised,4,female,2,2,1,04_04_02_02_01,04_08_02_02_01,1,0.27956948498076917,0.6329899414052407,0.026380833082214773,0.061059740531775375,0.2241455098005906,0.2744411206391299,0.2995943231243338,0.2018190464359458,0.008141,0.007626,0.011831,0.972402,0.759063,0.524331,0.180287,0.487894,1,0.05542397518017858,0.3585488207661108,0.27321349004211903,0.14075930590417043,0.759063
11_1_1_2_Adisgust_Vcalm,11,male,1,1,2,11_07_01_01_02,11_02_01_01_02,0,0.34940482668388706,0.5303037587388344,0.031337370967006895,0.08895404361027162,0.24024999170674946,0.23314138441546128,0.22870601113623298,0.29790261274155627,0.004626,0.024107,0.005878,0.965388,0.678934,0.40817,0.154134,0.413746,0,0.1091548349771376,0.2971623743233731,0.1973686401692261,0.20894856913128465,0.678934
19_2_1_2_Adisgust_Vhappy,19,male,2,1,2,19_07_01_02_02,19_03_01_02_02,1,0.490648130788403,0.2220996999665394,0.07685326987182428,0.2103988993732333,0.43725882048523323,0.22521482564579048,0.1750772531154873,0.16244910075348906,0.008141,0.007626,0.011831,0.972402,0.521294,0.578498,0.017532,0.372441,0,0.05338931030316979,0.003115125679251096,0.09822398324366302,0.047949798619744244,0.578498
06_2_1_1_Acalm_Vhappy,6,female,2,1,1,06_02_01_02_01,06_03_01_02_01,1,0.4410413124711322,0.059011063723596914,0.18082984461833934,0.3191177791869316,0.36810184558773307,0.2835180398140271,0.1865170419728465,0.16186307262539326,0.008141,0.007626,0.011831,0.972402,0.400564,0.57855,0.07903,0.352715,1,0.07293946688339914,0.22450697609043022,0.005687197354507151,0.15725470656153837,0.57855
12_1_2_1_Ahappy_Vhappy,12,female,1,2,1,12_03_02_01_01,12_03_02_01_01,0,0.28830001487177864,0.6603995150863216,0.009320908487268157,0.04197956155463165,0.3421113529851708,0.24674817676473487,0.22581509382993564,0.18532537642015856,0.004626,0.024107,0.005878,0.965388,0.774388,0.537457,0.196752,0.502866,1,0.05381133811339217,0.4136513383215867,0.21649418534266748,0.14334581486552692,0.774388
03_1_1_1_Asad_Vangry,3,male,1,1,1,03_04_01_01_01,03_05_01_01_01,1,0.5539454307781295,0.10508854946995903,0.12410050596424275,0.21686551378766863,0.2199550154838392,0.24999161749508633,0.23265572864093323,0.2973976383801411,0.004626,0.024107,0.005878,0.965388,0.512142,0.40776,0.09237,0.337424,0,0.3339904152942903,0.1449030680251273,0.10855522267669047,0.08053212459247247,0.512142
09_2_1_1_Ahappy_Vneutral,9,male,2,1,1,09_03_01_02_01,09_01_01_02_01,1,0.5459637030026483,0.037289839186278345,0.11917905444566171,0.29756740336541176,0.20779596485862872,0.2536890529192986,0.26824582293674876,0.2702691592853239,0.008141,0.007626,0.011831,0.972402,0.42722,0.445316,0.143553,0.338696,0,0.33816773814401957,0.21639921373302026,0.14906676849108705,0.027298244080087852,0.445316
16_1_2_2_Ahappy_Vangry,16,female,1,2,2,16_03_02_01_02,16_05_02_01_02,1,0.21262977814439182,0.7371999144732442,0.006863643653247895,0.04330666372911626,0.23352590804307188,0.29878611790793536,0.25041626243049037,0.21727171161850237,0.004626,0.024107,0.005878,0.965388,0.771458,0.494584,0.220979,0.495674,1,0.02089612989868006,0.4384137965653088,0.24355261877724246,0.1739650478893861,0.771458
09_1_2_2_Acalm_Vhappy,9,male,1,2,2,09_02_02_01_02,09_03_02_01_02,1,0.4379063508797939,0.002889424094055481,0.3661207560782975,0.1930834689478531,0.3814218561414106,0.2486280801037389,0.20339757717763116,0.16655248657721924,0.004626,0.024107,0.005878,0.965388,0.57652,0.562735,0.133494,0.42425,0,0.056484494738383295,0.24573865600968342,0.16272317890066637,0.026530982370633865,0.57652
20_2_2_2_Asad_Vhappy,20,female,2,2,2,20_04_02_02_02,20_03_02_02_02,1,0.7400609162708065,0.070615216759595,0.14409184074458978,0.04523202622500885,0.3090714216969363,0.234918954239647,0.2632595974714945,0.19275002659192217,0.008141,0.007626,0.011831,0.972402,0.785894,0.536041,0.147668,0.489868,1,0.4309894945738702,0.164303737480052,0.11916775672690474,0.14751800036691332,0.785894
14_1_1_1_Asad_Vangry,14,female,1,1,1,14_04_01_01_01,14_05_01_01_01,1,0.2762892650494038,0.4343680559053605,0.07685434767714192,0.2124883313680937,0.22821639399940916,0.2619395118317191,0.23580030370067903,0.27404379046819266,0.004626,0.024107,0.005878,0.965388,0.498509,0.431689,0.050583,0.326927,1,0.048072871049994664,0.1724285440736414,0.15894595602353712,0.061555459100098964,0.498509
02_1_1_2_Asad_Vsad,2,female,1,1,2,02_04_01_01_02,02_04_01_01_02,0,0.31797651683932077,0.37134869413773597,0.06755396833236778,0.24312082069057545,0.20647862686274843,0.278678699328042,0.2525778853149207,0.2622647884942889,0.004626,0.024107,0.005878,0.965388,0.46461,0.443667,0.054727,0.321001,1,0.11149788997657234,0.09266999480969396,0.18502391698255294,0.01914396780371347,0.46461
20_2_2_2_Aangry_Vangry,20,female,2,2,2,20_05_02_02_02,20_05_02_02_02,0,0.4338987346542877,0.46995009810037913,0.06526423753653388,0.03088692970879938,0.22082291033290075,0.24023826316156233,0.30361489493351623,0.23532393157202067,0.008141,0.007626,0.011831,0.972402,0.819185,0.484028,0.177194,0.493469,1,0.21307582432138694,0.2297118349388168,0.23835065739698236,0.20443700186322128,0.819185
08_1_2_2_Afearful_Vcalm,8,female,1,2,2,08_06_02_01_02,08_02_02_01_02,0,0.5266446379345067,0.3232247547728326,0.06655318659273987,0.08357742069992105,0.30163238310222307,0.24308808300637377,0.25341745541855165,0.20186207847285154,0.004626,0.024107,0.005878,0.965388,0.692637,0.516289,0.086628,0.431851,1,0.2250122548322836,0.0801366717664588,0.18686426882581178,0.11828465777293048,0.692637
08_2_2_1_Aangry_Vangry,8,female,2,2,1,08_05_02_02_01,08_05_02_02_01,0,0.15944945100178387,0.7947602509517971,0.013213914678451068,0.03257638336796779,0.22108157801533693,0.27139431371063477,0.2708079983188677,0.23671610995516063,0.008141,0.007626,0.011831,0.972402,0.829233,0.482677,0.266872,0.526261,1,0.061632127013553056,0.5233659372411623,0.25759408364041664,0.20413972658719284,0.829233
24_2_2_1_Ahappy_Vsurprised,24,female,2,2,1,24_03_02_02_01,24_08_02_02_01,1,0.4017198155412896,0.46757939828252687,0.037776158329962464,0.09292462784622114,0.22070801386241334,0.2655791972757961,0.3048197011927972,0.20889308766899334,0.008141,0.007626,0.011831,0.972402,0.695804,0.515541,0.141618,0.450987,1,0.18101180167887626,0.20200020100673077,0.26704354286283477,0.1159684598227722,0.695804
08_2_2_1_Ahappy_Vsad,8,female,2,2,1,08_03_02_02_01,08_04_02_02_01,1,0.6970345721404552,0.20641420385992856,0.03692869854632669,0.05962252545328953,0.26966471820816035,0.2617509024603712,0.27801155132889455,0.1905728280025739,0.008141,0.007626,0.011831,0.972402,0.760357,0.538622,0.174279,0.491086,1,0.4273698539322948,0.05533669860044263,0.24108285278256786,0.1309503025492844,0.760357
18_1_2_2_Aangry_Vhappy,18,female,1,2,2,18_05_02_01_02,18_03_02_01_02,1,0.1397851141735625,0.8067974725503387,0.006611836514168144,0.04680557676193074,0.4150271769038379,0.2415326360487872,0.1863392091651759,0.15710097788219904,0.004626,0.024107,0.005878,0.965388,0.763558,0.576535,0.265907,0.535333,1,0.2752420627302754,0.5652648365015516,0.17972737265100777,0.1102954011202683,0.763558
18_2_1_1_Aangry_Vneutral,18,female,2,1,1,18_05_01_02_01,18_01_01_02_01,1,0.1466398521205213,0.759575744198791,0.009006204466569983,0.08477819921411772,0.22816139996699994,0.2531330281825763,0.27180282104865316,0.24690275080177065,0.008141,0.007626,0.011831,0.972402,0.722923,0.470984,0.243554,0.479154,1,0.08152154784647864,0.5064427160162147,0.2627966165820832,0.16212455158765293,0.722923
15_2_1_1_Ahappy_Vdisgust,15,male,2,1,1,15_03_01_02_01,15_07_01_02_01,1,0.7340965710390366,0.07437148903867305,0.0394950674212692,0.1520368725010211,0.20008317077669727,0.31909163087897474,0.29956327848970093,0.18126191985462708,0.008141,0.007626,0.011831,0.972402,0.608026,0.550933,0.258629,0.472529,0,0.5340134002623393,0.2447201418403017,0.26006821106843175,0.029225047353605982,0.608026
06_1_1_2_Aangry_Vsad,6,female,1,1,2,06_05_01_01_02,06_04_01_01_02,1,0.1299699924599982,0.7857933213539722,0.02388348697251632,0.06035319921351334,0.19220041306614558,0.3288769949815008,0.27971774050833115,0.19920485144402253,0.004626,0.024107,0.005878,0.965388,0.731,0.515695,0.193654,0.480116,1,0.06223042060614736,0.45691632637247137,0.25583425353581485,0.1388516522305092,0.731
09_2_1_1_Ahappy_Vhappy,9,male,2,1,1,09_03_01_02_01,09_03_01_02_01,0,0.5459637030026483,0.037289839186278345,0.11917905444566171,0.29756740336541176,0.2923127678107278,0.25760314910823806,0.24997845601240773,0.20010562706862645,0.008141,0.007626,0.011831,0.972402,0.42722,0.526833,0.118834,0.357629,0,0.2536509351919205,0.22031330992195972,0.13079940156674602,0.09746177629678532,0.526833
19_1_2_1_Adisgust_Vhappy,19,male,1,2,1,19_07_02_01_01,19_03_02_01_01,1,0.6210392235606867,0.17839584635969874,0.14525424535528847,0.05531068472432613,0.36336115107974265,0.255083269469326,0.20114795282794135,0.18040762662299,0.004626,0.024107,0.005878,0.965388,0.753945,0.543707,0.058018,0.45189,0,0.2576780724809441,0.07668742310962728,0.055893707472652876,0.12509694189866388,0.753945
24_2_1_2_Asad_Vangry,24,female,2,1,2,24_04_01_02_02,24_05_01_02_02,1,0.31440352069799365,0.09941712377593684,0.1519769718794381,0.4342023836466315,0.21956151043642236,0.2872575075020801,0.24641347551705023,0.2467675065444474,0.008141,0.007626,0.011831,0.972402,0.295015,0.471494,0.067456,0.277988,1,0.0948420102615713,0.18784038372614328,0.09443650363761213,0.1874348771021841,0.471494
01_2_2_1_Aangry_Vhappy,1,male,2,2,1,01_05_02_02_01,01_03_02_02_01,1,0.5622101336779035,0.35691784236609864,0.019589330880477616,0.061282693075520374,0.4097696296340319,0.2440552195637319,0.18013515421963425,0.16603999658260185,0.008141,0.007626,0.011831,0.972402,0.759719,0.573194,0.088074,0.473662,0,0.1524405040438716,0.11286262280236672,0.16054582333915662,0.10475730350708148,0.759719
15_1_2_1_Asurprised_Vcalm,15,male,1,2,1,15_08_02_01_01,15_02_02_01_01,0,0.3695499880145904,0.4599924742132715,0.044987037334539626,0.12547050043759853,0.2290232736161376,0.25743486710739255,0.24925532626758226,0.2642865330088875,0.004626,0.024107,0.005878,0.965388,0.618948,0.442454,0.107494,0.389632,0,0.14052671439845277,0.20255760710587895,0.20426828893304264,0.13881603257128897,0.618948
18_2_1_2_Acalm_Vsad,18,female,2,1,2,18_02_01_02_02,18_04_01_02_02,1,0.35738136100752854,0.3212980132137797,0.0463956801151582,0.27492494566353354,0.20626747048451075,0.27112786298421215,0.3168721958186584,0.2057324707126188,0.008141,0.007626,0.011831,0.972402,0.449949,0.519458,0.101459,0.356955,1,0.1511138905230178,0.050170150229567556,0.2704765157035002,0.06919247495091474,0.519458
10_2_2_1_Aangry_Vhappy,10,female,2,2,1,10_05_02_02_01,10_03_02_02_01,1,0.1577156636631191,0.7960370842260162,0.0049533175472678765,0.04129393456359687,0.3018477495379027,0.26061396550118066,0.22631858493967055,0.21121970002124618,0.008141,0.007626,0.011831,0.972402,0.813621,0.513418,0.262605,0.529881,1,0.14413208587478363,0.5354231187248355,0.22136526739240267,0.1699257654576493,0.813621
09_1_1_1_Aneutral_Vhappy,9,male,1,1,1,09_01_01_01_01,09_03_01_01_01,1,0.42813485879235924,0.02605826856931137,0.2396516942268996,0.30615517841142975,0.40870492595303676,0.2550989006395303,0.181235348170133,0.15496082523729993,0.004626,0.024107,0.005878,0.965388,0.430186,0.57884,0.099282,0.369436,0,0.019429932839322483,0.2290406320702189,0.0584163460567666,0.15119435317412983,0.57884
05_1_2_2_Aangry_Vangry,5,male,1,2,2,05_05_02_01_02,05_05_02_01_02,0,0.14442917628536875,0.8196915779686117,0.010652044513988301,0.025227201232031194,0.2171409436725156,0.24641297780801288,0.2537458261792056,0.28270025234026575,0.004626,0.024107,0.005878,0.965388,0.813645,0.423213,0.313588,0.516815,0,0.07271176738714685,0.5732786001605988,0.2430937816652173,0.25747305110823454,0.813645
13_2_1_2_Ahappy_Vsad,13,male,2,1,2,13_03_01_02_02,13_04_01_02_02,1,0.3606965169653832,0.30314698546933616,0.014829957037287745,0.3213265405279929,0.22276185035659105,0.2510854949735443,0.2391050668270941,0.28704758784277046,0.008141,0.007626,0.011831,0.972402,0.40965,0.427752,0.10054,0.312647,0,0.13793466660879214,0.05206149049579184,0.22427510978980636,0.034278952685222464,0.427752
15_1_2_2_Aangry_Vhappy,15,male,1,2,2,15_05_02_01_02,15_03_02_01_02,1,0.13637639379003913,0.8158099866554961,0.00668224085887142,0.04113137869559343,0.36901563714969227,0.25317536296378385,0.1964481406631383,0.18136085922338555,0.004626,0.024107,0.005878,0.965388,0.776245,0.54261,0.267286,0.528714,0,0.23263924335965314,0.5626346236917122,0.18976589980426686,0.1402294805277921,0.776245
01_2_1_2_Aangry_Vcalm,1,male,2,1,2,01_05_01_02_02,01_02_01_02_02,1,0.36979485667318107,0.4863353557481738,0.021160468073364077,0.12270931950528093,0.23947566915852964,0.2631856065932376,0.2330233068292564,0.26431541741897646,0.008141,0.007626,0.011831,0.972402,0.650616,0.452061,0.128125,0.410268,0,0.13031918751465144,0.22314974915493624,0.21186283875589232,0.14160609791369555,0.650616
10_2_1_1_Asurprised_Vhappy,10,female,2,1,1,10_08_01_02_01,10_03_01_02_01,1,0.20181564237043817,0.662421831976019,0.031131074730096426,0.10463145092344643,0.33929513672137546,0.25187868096777694,0.21385562791836302,0.1949705543924847,0.008141,0.007626,0.011831,0.972402,0.67917,0.533979,0.146842,0.45333,1,0.1374794943509373,0.41054315100824207,0.18272455318826658,0.09033910346903827,0.67917
08_1_1_1_Aangry_Vangry,8,female,1,1,1,08_05_01_01_01,08_05_01_01_01,0,0.19295564328834341,0.7155845944761364,0.017357382125324963,0.07410238011019507,0.2280188467078987,0.2639080921940937,0.2713248111995018,0.2367482498985058,0.004626,0.024107,0.005878,0.965388,0.70538,0.47309,0.208375,0.462282,1,0.035063203419555294,0.4516765022820427,0.25396742907417685,0.16264586978831072,0.70538
04_1_1_1_Afearful_Vsad,4,female,1,1,1,04_06_01_01_01,04_04_01_01_01,1,0.2802137297713144,0.5068577817349124,0.04441886863050936,0.1685096198632639,0.21404616180108632,0.26369528443104706,0.27970558583184507,0.24255296793602166,0.004626,0.024107,0.005878,0.965388,0.555325,0.466421,0.104839,0.375528,1,0.0661675679702281,0.2431624973038653,0.2352867172013357,0.07404334807275775,0.555325
23_2_2_1_Ahappy_Vhappy,23,male,2,2,1,23_03_02_02_01,23_03_02_02_01,0,0.17683103713257567,0.7482994841182414,0.006171931003612993,0.06869754774556999,0.2530006928991722,0.2383907817003762,0.29792433643123734,0.21068418896921426,0.008141,0.007626,0.011831,0.972402,0.754222,0.513295,0.262269,0.509929,0,0.07616965576659654,0.5099087024178652,0.2917524054276243,0.14198664122364427,0.754222
01_1_2_1_Aangry_Vangry,1,male,1,2,1,01_05_02_01_01,01_05_02_01_01,0,0.4392844601506046,0.48534813198075977,0.034742399655160267,0.040625008213475346,0.21096776176184684,0.3273447965326091,0.23549964958523872,0.22618779212030538,0.004626,0.024107,0.005878,0.965388,0.776558,0.482857,0.152324,0.47058,0,0.2283166983887578,0.15800333544815065,0.20075724993007846,0.18556278390683004,0.776558
10_1_1_2_Asurprised_Vsad,10,female,1,1,2,10_08_01_01_02,10_04_01_01_02,1,0.40193146370768834,0.3531080234762628,0.05154314980663487,0.19341736300941403,0.22263252454615928,0.2362746951585713,0.23240380225357926,0.30868897804169015,0.004626,0.024107,0.005878,0.965388,0.526465,0.396999,0.081817,0.335093,1,0.17929893916152906,0.1168333283176915,0.18086065244694438,0.11527161503227612,0.526465
05_1_2_2_Asad_Vangry,5,male,1,2,2,05_04_02_01_02,05_05_02_01_02,1,0.5307423293426627,0.040842349286010396,0.05753580354870584,0.37087951782262096,0.2171409436725156,0.24641297780801288,0.2537458261792056,0.28270025234026575,0.004626,0.024107,0.005878,0.965388,0.366489,0.423213,0.160293,0.316665,0,0.31360138567014717,0.20557062852200247,0.19621002263049975,0.08817926548235522,0.423213
22_1_1_1_Asurprised_Vhappy,22,female,1,1,1,22_08_01_01_01,22_03_01_01_01,1,0.2886550778398095,0.5840652259091076,0.013784324870596571,0.11349537138048622,0.3330861217259408,0.24176510843498275,0.2018373938895461,0.2233113759495304,0.004626,0.024107,0.005878,0.965388,0.639251,0.490505,0.137897,0.422551,1,0.04443104388613134,0.3423001174741248,0.18805306901894953,0.10981600456904418,0.639251
13_2_1_2_Afearful_Vsad,13,male,2,1,2,13_06_01_02_02,13_04_01_02_02,1,0.2837192471048635,0.5008313710547189,0.015225210890075119,0.2002241709503425,0.22276185035659105,0.2510854949735443,0.2391050668270941,0.28704758784277046,0.008141,0.007626,0.011831,0.972402,0.54463,0.427752,0.124351,0.365578,0,0.06095739674827247,0.24974587608117454,0.22387985593701898,0.08682341689242795,0.54463
04_1_2_2_Aangry_Vhappy,4,female,1,2,2,04_05_02_01_02,04_03_02_01_02,1,0.12208878062823485,0.839525215761038,0.005203933020800586,0.03318207058992657,0.2990720005395971,0.26958371159557365,0.23764044353881797,0.19370384432601137,0.004626,0.024107,0.005878,0.965388,0.795758,0.525294,0.28715,0.536067,1,0.17698321991136223,0.5699415041654643,0.2324365105180174,0.1605217737360848,0.795758
18_2_2_1_Aangry_Vhappy,18,female,2,2,1,18_05_02_02_01,18_03_02_02_01,1,0.2695854942711951,0.6768173938906351,0.010465525973513906,0.04313158586465574,0.42183511894251147,0.23978199109183584,0.1813413369413385,0.15704155302431413,0.008141,0.007626,0.011831,0.972402,0.803434,0.585716,0.181939,0.523696,1,0.15224962467131636,0.43703540279879927,0.1708758109678246,0.1139099671596584,0.803434
22_2_1_1_Ahappy_Vsad,22,female,2,1,1,22_03_01_02_01,22_04_01_02_01,1,0.3771859657520788,0.33967228409407174,0.021844574374984636,0.26129717577886485,0.217472819377728,0.22768779522524155,0.25859509320576396,0.2962442921912664,0.008141,0.007626,0.011831,0.972402,0.469848,0.418038,0.109351,0.332412,1,0.1597131463743508,0.1119844888688302,0.23675051883077933,0.03494711641240156,0.469848
03_1_2_2_Aangry_Vhappy,3,male,1,2,2,03_05_02_01_02,03_03_02_01_02,1,0.40723049658978855,0.46315921181556,0.05150456935002533,0.07810572224462617,0.3229018722258628,0.2702276124582671,0.22111631912748675,0.18575419618838332,0.004626,0.024107,0.005878,0.965388,0.698566,0.535661,0.079356,0.437861,0,0.08432862436392574,0.19293159935729293,0.1696117497774614,0.10764847394375715,0.698566
15_2_2_2_Aangry_Vangry,15,male,2,2,2,15_05_02_02_02,15_05_02_02_02,0,0.1567445700095256,0.7981659876604175,0.005571278154368428,0.03951816417568863,0.22230060372430344,0.26350665743165913,0.24611761221271788,0.2680751266313195,0.008141,0.007626,0.011831,0.972402,0.817243,0.447859,0.281078,0.515393,0,0.06555603371477783,0.5346593302287583,0.24054633405834946,0.22855696245563087,0.817243
18_1_1_2_Asad_Vangry,18,female,1,1,2,18_04_01_01_02,18_05_01_01_02,1,0.3312050011803515,0.36307364824698735,0.052840376950991315,0.2528809736216697,0.22772038203989955,0.29186647849773867,0.24470596694294275,0.23570717251941908,0.004626,0.024107,0.005878,0.965388,0.454669,0.473069,0.058352,0.328697,1,0.10348461914045196,0.07120716974924868,0.19186558999195144,0.01717380110225064,0.473069
23_1_1_2_Aangry_Vhappy,23,male,1,1,2,23_05_01_01_02,23_03_01_01_02,1,0.18419081300711523,0.729487682295704,0.00768591431113024,0.07863559038605034,0.25321053945611877,0.24446360438945006,0.2894883780422603,0.21283747811217085,0.004626,0.024107,0.005878,0.965388,0.699443,0.502498,0.241077,0.481006,0,0.06901972644900353,0.485024077906254,0.28180246373113005,0.13420188772612052,0.699443
18_2_2_1_Asad_Vangry,18,female,2,2,1,18_04_02_02_01,18_05_02_02_01,1,0.6705031422703585,0.1585285669404748,0.11113144275988052,0.05983684802928638,0.27187324407065905,0.31437128040382445,0.2383448985776965,0.17541057694782008,0.008141,0.007626,0.011831,0.972402,0.752965,0.559023,0.120135,0.477374,1,0.3986298981996994,0.15584271346334966,0.12721345581781598,0.11557372891853371,0.752965
21_1_2_1_Ahappy_Vhappy,21,male,1,2,1,21_03_02_01_01,21_03_02_01_01,0,0.5090038039798042,0.31805754916519013,0.011959921515917588,0.1609787253390881,0.3565975676360656,0.2525736928458015,0.21276625807890562,0.17806248143922723,0.004626,0.024107,0.005878,0.965388,0.576603,0.546836,0.091419,0.404953,0,0.15240623634373857,0.06548385631938863,0.20080633656298802,0.017083756100139125,0.576603
09_2_1_1_Asad_Vangry,9,male,2,1,1,09_04_01_02_01,09_05_01_02_01,1,0.4671947624634635,0.028811611346832806,0.22496359373828373,0.27903003245141994,0.2190272256179501,0.28768305642236,0.24922878966645096,0.24406092829323897,0.008141,0.007626,0.011831,0.972402,0.443902,0.474533,0.12304,0.347158,0,0.24816753684551338,0.2588714450755272,0.024265195928167227,0.03496910415818097,0.474533
15_2_2_2_Ahappy_Vangry,15,male,2,2,2,15_03_02_02_02,15_05_02_02_02,1,0.701025290131415,0.15697027586517018,0.029493967416719023,0.11251046658669579,0.22230060372430344,0.26350665743165913,0.24611761221271788,0.2680751266313195,0.008141,0.007626,0.011831,0.972402,0.667087,0.447859,0.197667,0.437538,0,0.4787246864071116,0.10653638156648895,0.21662364479599885,0.15556466004462371,0.667087
16_1_2_2_Aangry_Vhappy,16,female,1,2,2,16_05_02_01_02,16_03_02_01_02,1,0.059180259736100874,0.9240191074345816,0.0036801486764997844,0.013120484152817705,0.4532822614104988,0.20798158402262568,0.17204228327703547,0.16669387128984015,0.004626,0.024107,0.005878,0.965388,0.852205,0.565616,0.431446,0.616422,1,0.39410200167439796,0.7160375234119559,0.16836213460053567,0.15357338713702245,0.852205
17_2_1_2_Aangry_Vfearful,17,male,2,1,2,17_05_01_02_02,17_06_01_02_02,1,0.4937682191104565,0.15201015409117805,0.13625060075973708,0.2179710260386285,0.20593223821340167,0.2725317299945286,0.29106206785576166,0.23047396393630812,0.008141,0.007626,0.011831,0.972402,0.509328,0.489852,0.077335,0.358838,0,0.2878359808970548,0.12052157590335058,0.15481146709602459,0.012502937897679617,0.509328
03_1_2_1_Aangry_Vsad,3,male,1,2,1,03_05_02_01_01,03_04_02_01_01,1,0.2441041629956131,0.6481005007174012,0.014552785258547966,0.09324255102843773,0.26659869335777686,0.29151460873622964,0.2745674582875007,0.16731923961849277,0.004626,0.024107,0.005878,0.965388,0.671988,0.558956,0.161065,0.464003,0,0.022494530362163756,0.3565858919811716,0.2600146730289527,0.07407668859005503,0.671988
13_2_1_2_Ahappy_Vangry,13,male,2,1,2,13_03_01_02_02,13_05_01_02_02,1,0.3606965169653832,0.30314698546933616,0.014829957037287745,0.3213265405279929,0.23117786287382724,0.2575473147457261,0.23805432089993875,0.27322050148050786,0.008141,0.007626,0.011831,0.972402,0.40965,0.442376,0.098773,0.316933,0,0.12951865409155594,0.04559967072361004,0.22322436386265102,0.04810603904748506,0.442376
09_1_2_2_Acalm_Vangry,9,male,1,2,2,09_02_02_01_02,09_05_02_01_02,1,0.4379063508797939,0.002889424094055481,0.3661207560782975,0.1930834689478531,0.2224959269479095,0.3015429864171958,0.2599646620150021,0.2159964246198926,0.004626,0.024107,0.005878,0.965388,0.57652,0.495995,0.173233,0.415249,0,0.2154104239318844,0.29865356232314033,0.1061560940632954,0.022912955672039492,0.57652
22_1_2_1_Aangry_Vsad,22,female,1,2,1,22_05_02_01_01,22_04_02_01_01,1,0.16376943781251024,0.7889432210155868,0.010700237317968975,0.03658710385393394,0.21576791630191422,0.23811897198091136,0.2713697856708456,0.27474332604632873,0.004626,0.024107,0.005878,0.965388,0.785365,0.432107,0.297521,0.504998,1,0.051998478489403976,0.5508242490346754,0.2606695483528766,0.2381562221923948,0.785365
17_2_1_2_Afearful_Vhappy,17,male,2,1,2,17_06_01_02_02,17_03_01_02_02,1,0.35063665459705046,0.5279998031525138,0.04044224656003007,0.0809212956904056,0.27597688314219354,0.24005904635243344,0.2542137085722684,0.22975036193310458,0.008141,0.007626,0.011831,0.972402,0.717078,0.490843,0.132239,0.44672,0,0.07465977145485692,0.28794075680008036,0.21377146201223832,0.14882906624269898,0.717078
19_1_2_1_Aangry_Vangry,19,male,1,2,1,19_05_02_01_01,19_05_02_01_01,0,0.15219448507759845,0.8235920292735464,0.004351826070446043,0.019861659578409,0.25817835169969705,0.2825896108097636,0.2291783864088814,0.230053651081658,0.004626,0.024107,0.005878,0.965388,0.830759,0.480149,0.285726,0.532211,0,0.1059838666220986,0.5410024184637827,0.22482656033843537,0.21019199150324902,0.830759
10_2_1_2_Asurprised_Vangry,10,female,2,1,2,10_08_01_02_02,10_05_01_02_02,1,0.39030900804346513,0.3667203370005585,0.05472591323846992,0.18824474171750652,0.23645707125439397,0.2588029521524848,0.23044791789286392,0.27429205870025747,0.008141,0.007626,0.011831,0.972402,0.550879,0.441318,0.068318,0.353505,1,0.15385193678907116,0.10791738484807373,0.175722004654394,0.08604731698275095,0.550879
15_2_1_2_Asad_Vsad,15,male,2,1,2,15_04_01_02_02,15_04_01_02_02,0,0.5806492493341557,0.1597149335822673,0.08347773582412299,0.17615808125945384,0.21846150760848243,0.2573191917676578,0.2641551386791696,0.26006416194469034,0.008141,0.007626,0.011831,0.972402,0.565847,0.456419,0.111183,0.377816,0,0.3621877417256733,0.09760425818539048,0.18067740285504663,0.0839060806852365,0.565847
18_2_2_1_Ahappy_Vsad,18,female,2,2,1,18_03_02_02_01,18_04_02_02_01,1,0.5936176064132515,0.3171263303329559,0.03468683445960311,0.0545692287941896,0.2718602416888151,0.31535782733291984,0.262804708820585,0.14997722215768,0.008141,0.007626,0.011831,0.972402,0.769972,0.593849,0.132361,0.498727,1,0.32175736472443633,0.001768503000036059,0.22811787436098188,0.0954079933634904,0.769972
10_2_1_2_Afearful_Vcalm,10,female,2,1,2,10_06_01_02_02,10_02_01_02_02,0,0.41529631319666527,0.22876386613739313,0.17357444814322143,0.1823653725227202,0.23563146945686683,0.24368561162068636,0.2664591445039723,0.2542237744184745,0.008141,0.007626,0.011831,0.972402,0.551578,0.462798,0.0297,0.348025,1,0.17966484373979844,0.014921745483293225,0.09288469636075086,0.07185840189575429,0.551578
13_2_1_2_Asad_Vfearful,13,male,2,1,2,13_04_01_02_02,13_06_01_02_02,1,0.440381954583492,0.11546833397923302,0.07969377676440584,0.36445593467286913,0.22283120536805043,0.251263208452717,0.24269360353450564,0.2832119826447269,0.008141,0.007626,0.011831,0.972402,0.359637,0.431728,0.079623,0.290329,0,0.21755074921544157,0.13579487447348398,0.1629998267700998,0.08124395202814222,0.431728
20_1_2_1_Ahappy_Vangry,20,female,1,2,1,20_03_02_01_01,20_05_02_01_01,1,0.22733953970229243,0.648990287470794,0.026381225498989417,0.09728894732792423,0.22600341829605555,0.25567868293349255,0.2814913665668149,0.2368265322036371,0.004626,0.024107,0.005878,0.965388,0.662962,0.4734,0.174447,0.436936,1,0.0013361214062368731,0.39331160453730146,0.2551101410678255,0.13953758487571288,0.662962
10_2_1_1_Aangry_Vhappy,10,female,2,1,1,10_05_01_02_01,10_03_01_02_01,1,0.32682941989955316,0.3146750418242132,0.08467418413967892,0.27382135413655473,0.33929513672137546,0.25187868096777694,0.21385562791836302,0.1949705543924847,0.008141,0.007626,0.011831,0.972402,0.447088,0.533979,0.028249,0.336439,1,0.012465716821822292,0.06279636085643625,0.1291814437786841,0.07885079974407003,0.533979
22_1_2_1_Ahappy_Vangry,22,female,1,2,1,22_03_02_01_01,22_05_02_01_01,1,0.2977624019949872,0.60613580558898,0.017470622615931068,0.07863116980010178,0.24039233154409576,0.2631454373569933,0.2279165245859381,0.2685457065129727,0.004626,0.024107,0.005878,0.965388,0.69822,0.437599,0.169231,0.435017,1,0.05737007045089146,0.34299036823198664,0.21044590197000704,0.18991453671287095,0.69822
23_2_1_1_Aangry_Vangry,23,male,2,1,1,23_05_01_02_01,23_05_01_02_01,0,0.2319082864218134,0.6903628452088375,0.006797239501823304,0.07093162886752578,0.21430737798641514,0.26294925843799805,0.2591943342714579,0.26354902930412893,0.008141,0.007626,0.011831,0.972402,0.748277,0.452673,0.224644,0.475198,0,0.01760090843539827,0.42741358677083946,0.25239709476963457,0.19261740043660314,0.748277
10_2_1_1_Asad_Vsurprised,10,female,2,1,1,10_04_01_02_01,10_08_01_02_01,1,0.3777053930518305,0.0778976709750081,0.17775751500111045,0.366639420972051,0.22924595692935903,0.26092263662765103,0.2576828014443351,0.2521486049986549,0.008141,0.007626,0.011831,0.972402,0.354048,0.465226,0.063871,0.294382,1,0.14845943612247145,0.18302496565264292,0.07992528644322464,0.11449081597339611,0.465226
18_2_2_1_Acalm_Vhappy,18,female,2,2,1,18_02_02_02_01,18_03_02_02_01,1,0.4558556111073283,0.24231479530393943,0.051679642737285696,0.25014995085144653,0.42183511894251147,0.23978199109183584,0.1813413369413385,0.15704155302431413,0.008141,0.007626,0.011831,0.972402,0.476919,0.585716,0.035793,0.366143,1,0.03402049216481684,0.0025328042121035843,0.1296616942040528,0.0931083978271324,0.585716
15_1_2_1_Asad_Vsad,15,male,1,2,1,15_04_02_01_01,15_04_02_01_01,0,0.5868724889164783,0.2014362110641159,0.07276253470817629,0.13892876531122947,0.24114244300071938,0.27491995431625355,0.2744859431538037,0.20945165952922323,0.004626,0.024107,0.005878,0.965388,0.608726,0.505125,0.108022,0.407291,0,0.34573004591575884,0.07348374325213763,0.20172340844562742,0.07052289421799376,0.608726
10_2_1_1_Aangry_Vsad,10,female,2,1,1,10_05_01_02_01,10_04_01_02_01,1,0.32682941989955316,0.3146750418242132,0.08467418413967892,0.27382135413655473,0.22107835346763444,0.24270063097698027,0.23772970087475828,0.29849131468062706,0.008141,0.007626,0.011831,0.972402,0.447088,0.415946,0.038446,0.300493,1,0.10575106643191873,0.07197441084723291,0.15305551673507936,0.024669960544072334,0.447088
15_2_1_2_Asad_Vhappy,15,male,2,1,2,15_04_01_02_02,15_03_01_02_02,1,0.5806492493341557,0.1597149335822673,0.08347773582412299,0.17615808125945384,0.32161612105653614,0.25855780191062017,0.20937856047697784,0.21044751655586566,0.008141,0.007626,0.011831,0.972402,0.565847,0.514701,0.056979,0.379176,0,0.2590331282776196,0.09884286832835287,0.12590082465285485,0.03428943529641182,0.565847
06_1_2_1_Asad_Vhappy,6,female,1,2,1,06_04_02_01_01,06_03_02_01_01,1,0.6748320651263617,0.2028040872292656,0.058205934373092356,0.06415791327128045,0.3972304598476273,0.2831231997400623,0.16837264037383978,0.1512737000384706,0.004626,0.024107,0.005878,0.965388,0.737177,0.582795,0.064275,0.461415,1,0.27760160527873445,0.08031911251079668,0.11016670600074743,0.08711578676719015,0.737177
18_1_1_1_Asad_Vhappy,18,female,1,1,1,18_04_01_01_01,18_03_01_01_01,1,0.2500428030559868,0.38282665426097356,0.06382072999032555,0.3033098126927142,0.39471797631396915,0.23841369375900767,0.19093678085735236,0.17593154906967087,0.004626,0.024107,0.005878,0.965388,0.399415,0.550775,0.060322,0.336837,1,0.14467517325798235,0.1444129605019659,0.12711605086702682,0.1273782636230433,0.550775
03_1_2_2_Acalm_Vangry,3,male,1,2,2,03_02_02_01_02,03_05_02_01_02,1,0.5200018602467968,0.18958933953686033,0.08698108651053113,0.20342771370581178,0.21925511916342302,0.2813694698071047,0.24392788355251036,0.25544752747696187,0.004626,0.024107,0.005878,0.965388,0.521043,0.451095,0.082016,0.351385,0,0.30074674108337385,0.09178013027024437,0.15694679704197922,0.052019813771150086,0.521043
24_1_1_1_Ahappy_Vsad,24,female,1,1,1,24_03_01_01_01,24_04_01_01_01,1,0.37572488957674066,0.3834020253945891,0.032153664916091174,0.20871942011257905,0.22451062849139305,0.24815173970847187,0.2712477894973641,0.2560898423027711,0.004626,0.024107,0.005878,0.965388,0.507762,0.451938,0.103883,0.354528,1,0.1512142610853476,0.13525028568611724,0.23909412458127294,0.04737042219019205,0.507762
12_1_2_1_Ahappy_Vsad,12,female,1,2,1,12_03_02_01_01,12_04_02_01_01,1,0.28830001487177864,0.6603995150863216,0.009320908487268157,0.04197956155463165,0.21131025001480805,0.3024203173732732,0.30261369897449686,0.18365573363742188,0.004626,0.024107,0.005878,0.965388,0.774388,0.536637,0.213835,0.508287,1,0.0769897648569706,0.35797919771304837,0.2932927904872287,0.14167617208279024,0.774388
18_1_2_1_Aangry_Vsad,18,female,1,2,1,18_05_02_01_01,18_04_02_01_01,1,0.142719474155833,0.8116280321892677,0.007074893624407027,0.0385776000304922,0.2788693659557692,0.298625412700971,0.2649191770335825,0.15758604430967746,0.004626,0.024107,0.005878,0.965388,0.781955,0.57216,0.245246,0.53312,1,0.13614989179993622,0.5130026194882967,0.2578442834091754,0.11900844427918525,0.781955
04_2_2_1_Aangry_Vcalm,4,female,2,2,1,04_05_02_02_01,04_02_02_02_01,1,0.17698978308012378,0.786233305299195,0.0049043794215690864,0.031872532199112166,0.30085452581995914,0.2603746618978727,0.2459864062796243,0.1927844060025439,0.008141,0.007626,0.011831,0.972402,0.835633,0.536161,0.265663,0.545819,1,0.12386474273983536,0.5258586434013224,0.2410820268580552,0.16091187380343175,0.835633
15_1_2_2_Asad_Vhappy,15,male,1,2,2,15_04_02_01_02,15_03_02_01_02,1,0.7429511044712845,0.10738342932776725,0.08097659141282215,0.06868887478812609,0.36901563714969227,0.25317536296378385,0.1964481406631383,0.18136085922338555,0.004626,0.024107,0.005878,0.965388,0.73678,0.54261,0.104994,0.461461,0,0.3739354673215923,0.1457919336360166,0.11547154925031614,0.11267198443525946,0.73678
17_1_2_2_Aangry_Vdisgust,17,male,1,2,2,17_05_02_01_02,17_07_02_01_02,1,0.21189066664373196,0.7064459028327363,0.011900738220389093,0.06976269230314264,0.18126554467402547,0.3310908985696021,0.3383879511284344,0.14925560562793808,0.004626,0.024107,0.005878,0.965388,0.714986,0.582765,0.199288,0.499013,0,0.030625121969706487,0.37535500426313423,0.3264872129080453,0.07949291332479544,0.714986
23_1_1_2_Aangry_Vsad,23,male,1,1,2,23_05_01_01_02,23_04_01_01_02,1,0.18419081300711523,0.729487682295704,0.00768591431113024,0.07863559038605034,0.22948433416921152,0.2429526600305849,0.2315150072806701,0.2960479985195335,0.004626,0.024107,0.005878,0.965388,0.699443,0.409524,0.23724,0.448736,0,0.045293521162096284,0.48653502226511913,0.22382909296953984,0.21741240813348317,0.699443
20_2_1_2_Adisgust_Vangry,20,female,2,1,2,20_07_01_02_02,20_05_01_02_02,1,0.40322052019653026,0.36159770789438506,0.05137804812013458,0.1838037237889501,0.26606816615771806,0.23829082318573636,0.22796939705095529,0.2676716136055902,0.008141,0.007626,0.011831,0.972402,0.557112,0.44845,0.068565,0.358042,1,0.1371523540388122,0.1233068847086487,0.1765913489308207,0.08386788981664012,0.557112
09_2_1_2_Aangry_Vhappy,9,male,2,1,2,09_05_01_02_02,09_03_01_02_02,1,0.5846450136253983,0.11029126673890162,0.06832403821158241,0.23673968142411758,0.32307646347759583,0.2502634769366446,0.2375269296444626,0.18913312994129708,0.008141,0.007626,0.011831,0.972402,0.493086,0.541014,0.085359,0.373153,0,0.2615685501478025,0.13997221019774297,0.1692028914328802,0.0476065514828205,0.541014
16_1_2_1_Asad_Vangry,16,female,1,2,1,16_04_02_01_01,16_05_02_01_01,1,0.668077306843452,0.10638734449418752,0.11500187655074609,0.11053347211161434,0.23071324824679484,0.2912722125280878,0.24880296722411324,0.22921157200100412,0.004626,0.024107,0.005878,0.965388,0.661129,0.480673,0.145794,0.429199,1,0.43736405859665717,0.1848848680339003,0.13380109067336715,0.11867809988938978,0.661129
18_2_1_2_Ahappy_Vneutral,18,female,2,1,2,18_03_01_02_02,18_01_01_02_02,1,0.46974124633079073,0.26625399915109094,0.030467933589090394,0.233536820929028,0.23254070751353828,0.2576931679039116,0.25935644012997666,0.25040968445257356,0.008141,0.007626,0.011831,0.972402,0.499516,0.467143,0.104359,0.357006,1,0.23720053881725245,0.008560831247179324,0.22888850654088627,0.016872863523545556,0.499516
10_1_1_2_Aangry_Vneutral,10,female,1,1,2,10_05_01_01_02,10_01_01_01_02,1,0.39451358783865764,0.2998625992965287,0.09900229178904818,0.20662152107576556,0.2255717036814648,0.24021640056418236,0.23444165921383922,0.2997702365405136,0.004626,0.024107,0.005878,0.965388,0.509822,0.405837,0.045836,0.320498,1,0.16894188415719283,0.059646198732346334,0.13543936742479104,0.09314871546474804,0.509822
10_2_1_2_Asurprised_Vsad,10,female,2,1,2,10_08_01_02_02,10_04_01_02_02,1,0.39030900804346513,0.3667203370005585,0.05472591323846992,0.18824474171750652,0.21944965090122998,0.24000086628835052,0.23691106242117874,0.3036384203892408,0.008141,0.007626,0.011831,0.972402,0.550879,0.410723,0.081224,0.347609,1,0.17085935714223516,0.126719470712208,0.1821851491827088,0.1153936786717343,0.550879
09_1_2_2_Asad_Vhappy,9,male,1,2,2,09_04_02_01_02,09_03_02_01_02,1,0.7121555192784563,0.012688629348057482,0.15187849865633504,0.1232773527171511,0.3814218561414106,0.2486280801037389,0.20339757717763116,0.16655248657721924,0.004626,0.024107,0.005878,0.965388,0.667244,0.562735,0.135734,0.455238,0,0.3307336631370457,0.23593945075568143,0.05151907852129611,0.04327513386006815,0.667244
12_2_1_2_Aangry_Vangry,12,female,2,1,2,12_05_01_02_02,12_05_01_02_02,0,0.42507923794031616,0.36055942806137425,0.030332164959443405,0.18402916903886618,0.22124400310601813,0.267586378791293,0.24247266125793704,0.26869695684475187,0.008141,0.007626,0.011831,0.972402,0.560452,0.44724,0.102039,0.36991,1,0.20383523483429802,0.09297304927008126,0.21214049629849363,0.08466778780588569,0.560452
18_1_2_2_Aangry_Vangry,18,female,1,2,2,18_05_02_01_02,18_05_02_01_02,0,0.1397851141735625,0.8067974725503387,0.006611836514168144,0.04680557676193074,0.25050431803924567,0.3023397029200889,0.2577954404151679,0.18936053862549757,0.004626,0.024107,0.005878,0.965388,0.763558,0.52926,0.240524,0.511114,1,0.11071920386568315,0.5044577696302499,0.25118360390099975,0.1425549618635668,0.763558
02_2_2_1_Afearful_Vhappy,2,female,2,2,1,02_06_02_02_01,02_03_02_02_01,1,0.4511500937431697,0.3226707458346491,0.09932124893436822,0.12685791148781309,0.41244054349858894,0.2317491106376303,0.18035732512140554,0.17545302074237518,0.008141,0.007626,0.011831,0.972402,0.633539,0.560515,0.017449,0.403835,1,0.03870955024458078,0.09092163519701882,0.08103607618703731,0.04859510925456209,0.633539
12_1_2_1_Aangry_Vangry,12,female,1,2,1,12_05_02_01_01,12_05_02_01_01,0,0.1850015396371164,0.77122471370971,0.011252554397173476,0.032521192255999955,0.21384394614239727,0.2859508571824285,0.2476041618335503,0.2526010348416239,0.004626,0.024107,0.005878,0.965388,0.795053,0.454067,0.249787,0.499636,1,0.02884240650528086,0.4852738565272815,0.23635160743637681,0.22007984258562394,0.795053
24_1_2_2_Ahappy_Vsad,24,female,1,2,2,24_03_02_01_02,24_04_02_01_02,1,0.38822161578383646,0.4996807577139042,0.02172873971222947,0.09036888679002983,0.20854451502694968,0.29216226445735954,0.3106601391922296,0.1886330813234612,0.004626,0.024107,0.005878,0.965388,0.678479,0.530605,0.160709,0.456597,1,0.17967710075688678,0.20751849325654464,0.28893139948000013,0.09826419453343138,0.678479
17_1_2_2_Adisgust_Vsad,17,male,1,2,2,17_07_02_01_02,17_04_02_01_02,1,0.5078091109546224,0.3071511165627195,0.03823842647740291,0.14680134600525518,0.20968259477733264,0.26147804382710316,0.2972940844867505,0.23154527690881382,0.004626,0.024107,0.005878,0.965388,0.593156,0.479268,0.136202,0.402876,0,0.2981265161772898,0.04567307273561633,0.2590556580093476,0.08474393090355864,0.593156
10_1_2_2_Ahappy_Vangry,10,female,1,2,2,10_03_02_01_02,10_05_02_01_02,1,0.5493476939500506,0.3146573432301894,0.05467971811552317,0.08131524470423694,0.23427657976640004,0.27397821617984447,0.2334707509081216,0.258274453145634,0.004626,0.024107,0.005878,0.965388,0.697891,0.448323,0.126062,0.424092,1,0.3150711141836505,0.04067912705034493,0.17879103279259845,0.17695920844139706,0.697891
23_2_2_1_Ahappy_Vangry,23,male,2,2,1,23_03_02_02_01,23_05_02_02_01,1,0.17683103713257567,0.7482994841182414,0.006171931003612993,0.06869754774556999,0.21822348481119605,0.2699672741592498,0.24359719248844652,0.2682120485411077,0.008141,0.007626,0.011831,0.972402,0.754222,0.447769,0.23544,0.479144,0,0.04139244767862038,0.4783322099589916,0.23742526148483353,0.1995145007955377,0.754222
12_2_1_2_Ahappy_Vsad,12,female,2,1,2,12_03_01_02_02,12_04_01_02_02,1,0.5180660911354502,0.2508501842687087,0.03450964595411031,0.19657407864173082,0.19431987518725802,0.3034345470793181,0.30822028495324066,0.19402529278018316,0.008141,0.007626,0.011831,0.972402,0.543953,0.534362,0.147491,0.408602,1,0.3237462159481922,0.05258436281060941,0.27371063899913034,0.0025487858615476644,0.543953
19_1_1_2_Ahappy_Vsad,19,male,1,1,2,19_03_01_01_02,19_04_01_01_02,1,0.6533501137663038,0.17137069375325592,0.043234462600925325,0.132044729879515,0.22899631997709827,0.2730713320301731,0.24821285236746846,0.24971949562526025,0.004626,0.024107,0.005878,0.965388,0.623514,0.457878,0.155975,0.412456,0,0.42435379378920557,0.10170063827691717,0.20497838976654315,0.11767476574574526,0.623514
18_1_1_2_Asurprised_Vcalm,18,female,1,1,2,18_08_01_01_02,18_02_01_01_02,0,0.27484239419961215,0.4315638733332596,0.02865162492495275,0.26494210754217556,0.347713365599602,0.24320682319398648,0.2084349297140874,0.20064488149232412,0.004626,0.024107,0.005878,0.965388,0.441267,0.518171,0.081017,0.346818,1,0.07287097139998983,0.1883570501392731,0.17978330478913465,0.06429722604985144,0.518171
19_1_1_2_Asad_Vangry,19,male,1,1,2,19_04_01_01_02,19_05_01_01_02,1,0.5179999581901776,0.03516081510601843,0.2077268533912501,0.23911237331255383,0.3094434862505522,0.26872482276724047,0.21362592813776665,0.20820576284444064,0.004626,0.024107,0.005878,0.965388,0.499614,0.507282,0.093372,0.366756,0,0.20855647193962545,0.23356400766122204,0.005899074746516547,0.030906610468113188,0.507282
06_2_1_2_Aangry_Vangry,6,female,2,1,2,06_05_01_02_02,06_05_01_02_02,0,0.11462690186032136,0.7856448866158786,0.022084758431660054,0.07764345309214014,0.20303775758788206,0.34272036763023905,0.2461808390740862,0.20806103570779266,0.008141,0.007626,0.011831,0.972402,0.731791,0.517462,0.174804,0.474686,1,0.0884108557275607,0.44292451898563956,0.22409608064242614,0.1304175826156525,0.731791
09_1_1_2_Asad_Vhappy,9,male,1,1,2,09_04_01_01_02,09_03_01_01_02,1,0.42823532551816545,0.014713110671011427,0.13779069208093134,0.41926087172989174,0.3273701803506408,0.24967546272190763,0.23527982134845735,0.18767453557899427,0.004626,0.024107,0.005878,0.965388,0.332765,0.53415,0.138084,0.335,0,0.10086514516752465,0.23496235205089622,0.09748912926752601,0.23158633615089746,0.53415
11_1_2_2_Afearful_Vcalm,11,male,1,2,2,11_06_02_01_02,11_02_02_01_02,0,0.5140086367723756,0.3570382474794329,0.043991549699829186,0.08496156604836233,0.2610101730603355,0.23725967473660156,0.22711738376768623,0.2746127684353767,0.004626,0.024107,0.005878,0.965388,0.690194,0.432425,0.125918,0.416179,0,0.2529984637120401,0.11977857274283135,0.18312583406785704,0.18965120238701436,0.690194
15_2_1_2_Aangry_Vangry,15,male,2,1,2,15_05_01_02_02,15_05_01_02_02,0,0.11908194710471659,0.8353997548002807,0.004402779055191646,0.04111551903981119,0.22171272634172476,0.25533323541934383,0.23720326610679543,0.28575077213213607,0.008141,0.007626,0.011831,0.972402,0.815873,0.42914,0.307706,0.517573,0,0.10263077923700817,0.5800665193809369,0.23280048705160378,0.24463525309232487,0.815873
14_1_1_1_Aangry_Vangry,14,female,1,1,1,14_05_01_01_01,14_05_01_01_01,0,0.10801250199759055,0.8363029665673563,0.010607922102143615,0.04507660933290969,0.22821639399940916,0.2619395118317191,0.23580030370067903,0.27404379046819266,0.004626,0.024107,0.005878,0.965388,0.766126,0.431689,0.287231,0.495015,1,0.12020389200181861,0.5743634547356371,0.2251923815985354,0.22896718113528297,0.766126
10_1_2_2_Acalm_Vhappy,10,female,1,2,2,10_02_02_01_02,10_03_02_01_02,1,0.2900254465355584,0.1757946438306808,0.14463012064434436,0.3895497889894164,0.2828652498257322,0.25601248788135933,0.25773277539098116,0.20338948690192726,0.004626,0.024107,0.005878,0.965388,0.325508,0.513641,0.038502,0.292551,1,0.007160196709826205,0.08021784405067853,0.1131026547466368,0.18616030208748913,0.513641
01_2_2_1_Aangry_Vangry,1,male,2,2,1,01_05_02_02_01,01_05_02_02_01,0,0.5622101336779035,0.35691784236609864,0.019589330880477616,0.061282693075520374,0.22380534934463192,0.3408545514159824,0.2369646109123884,0.19837548832699725,0.008141,0.007626,0.011831,0.972402,0.759719,0.529513,0.160268,0.483167,0,0.3384047843332716,0.016063290950116216,0.21737528003191078,0.13709279525147688,0.759719
20_1_2_2_Ahappy_Vangry,20,female,1,2,2,20_03_02_01_02,20_05_02_01_02,1,0.7562714604149202,0.13484975331282567,0.062346132868362845,0.04653265340389127,0.2279417344406359,0.25240293854079593,0.27439114060527936,0.24526418641328893,0.004626,0.024107,0.005878,0.965388,0.780253,0.463891,0.226482,0.490208,1,0.5283297259742843,0.11755318522797026,0.2120450077369165,0.19873153300939767,0.780253
23_1_2_2_Acalm_Vdisgust,23,male,1,2,2,23_02_02_01_02,23_07_02_01_02,0,0.5966304322123244,0.10477246411029703,0.05677132493117114,0.2418257787462076,0.22589474112954308,0.30644706036229435,0.2663527524985846,0.20130544600957806,0.004626,0.024107,0.005878,0.965388,0.48542,0.513882,0.15432,0.384541,0,0.37073569108278126,0.20167459625199732,0.20958142756741344,0.04052033273662953,0.513882
22_1_1_1_Ahappy_Vsurprised,22,female,1,1,1,22_03_01_01_01,22_08_01_01_01,1,0.3595030860906389,0.30889620571545423,0.04850259177499218,0.28309811641891475,0.21566922944537345,0.2664639699133863,0.24320858428394196,0.2746582163572985,0.004626,0.024107,0.005878,0.965388,0.424169,0.430792,0.065468,0.30681,1,0.14383385664526546,0.04243223580206795,0.19470599250894977,0.008439900061616268,0.430792
18_2_2_1_Asad_Vsad,18,female,2,2,1,18_04_02_02_01,18_04_02_02_01,0,0.6705031422703585,0.1585285669404748,0.11113144275988052,0.05983684802928638,0.2718602416888151,0.31535782733291984,0.262804708820585,0.14997722215768,0.008141,0.007626,0.011831,0.972402,0.752965,0.593849,0.119131,0.488648,1,0.39864290058154334,0.15682926039244505,0.15167326606070447,0.09014037412839362,0.752965
23_1_1_1_Asurprised_Vsad,23,male,1,1,1,23_08_01_01_01,23_04_01_01_01,1,0.37579533952115224,0.5024079155209478,0.009188232503316962,0.11260851245458299,0.2263889810871865,0.24043794269781352,0.2328371883056493,0.30033588790935056,0.004626,0.024107,0.005878,0.965388,0.643765,0.405251,0.17233,0.407115,0,0.14940635843396574,0.2619699728231343,0.22364895580233235,0.1877273754547676,0.643765
17_2_1_2_Ahappy_Vangry,17,male,2,1,2,17_03_01_02_02,17_05_01_02_02,1,0.499817145159437,0.12487029709083837,0.12539059599988645,0.24992196174983825,0.2192810668684026,0.2436325482777506,0.23719992675913062,0.29988645809471615,0.008141,0.007626,0.011831,0.972402,0.473167,0.414535,0.068876,0.318859,0,0.2805360782910344,0.11876225118691223,0.11180933075924418,0.0499644963448779,0.473167
13_2_1_1_Ahappy_Vsad,13,male,2,1,1,13_03_01_02_01,13_04_01_02_01,1,0.41342697449849414,0.23630109499577115,0.013061346230437497,0.33721058427529715,0.22731520686714202,0.2431599295145435,0.23907385811002263,0.29045100550829195,0.008141,0.007626,0.011831,0.972402,0.395243,0.424191,0.110077,0.309837,0,0.18611176763135212,0.006858834518772339,0.22601251187958513,0.046759578767005205,0.424191
23_1_1_1_Asurprised_Vangry,23,male,1,1,1,23_08_01_01_01,23_05_01_01_01,1,0.37579533952115224,0.5024079155209478,0.009188232503316962,0.11260851245458299,0.21745436218953468,0.2667412010340977,0.2599427426805925,0.255861694095775,0.004626,0.024107,0.005878,0.965388,0.643765,0.451279,0.168191,0.421078,0,0.15834097733161756,0.23566671448685006,0.2507545101772755,0.14325318164119205,0.643765
09_1_1_1_Ahappy_Vneutral,9,male,1,1,1,09_03_01_01_01,09_01_01_01_01,1,0.568148884912159,0.009409687052652053,0.177382303965498,0.24505912406969094,0.20948907635364847,0.25235044637167087,0.2656916730361061,0.2724688042385746,0.004626,0.024107,0.005878,0.965388,0.507606,0.433808,0.170539,0.370651,0,0.35865980855851054,0.24294075931901882,0.08830936907060807,0.027409680168883677,0.507606
13_2_2_2_Asurprised_Vangry,13,male,2,2,2,13_08_02_02_02,13_05_02_02_02,1,0.2175332857267669,0.6345970991516208,0.007070648386520031,0.14079896673509235,0.23944089911726768,0.27172132291874196,0.235455946803218,0.2533818311607723,0.008141,0.007626,0.011831,0.972402,0.631001,0.464103,0.164247,0.419784,0,0.02190761339050079,0.3628757762328788,0.22838529841669797,0.11258286442567994,0.631001
21_1_2_2_Asad_Vsad,21,male,1,2,2,21_04_02_01_02,21_04_02_01_02,0,0.7483424831031165,0.07394505721991769,0.04289517184606158,0.1348172878309041,0.2925813001619069,0.26590200928404867,0.2528271134652319,0.18868957708881243,0.004626,0.024107,0.005878,0.965388,0.632094,0.531847,0.178769,0.44757,0,0.45576118294120954,0.191956952064131,0.20993194161917034,0.05387228925790832,0.632094
16_2_1_2_Aneutral_Vdisgust,16,female,2,1,2,16_01_01_02_02,16_07_01_02_02,0,0.3013666858725384,0.5001251958053108,0.010439936903051509,0.18806818141909926,0.3099296500388515,0.2483527374819803,0.26236471441716275,0.1793528980620055,0.008141,0.007626,0.011831,0.972402,0.562284,0.553428,0.135711,0.417141,1,0.00856296416631308,0.2517724583233305,0.25192477751411124,0.008715283357093762,0.562284
06_2_2_1_Asad_Vangry,6,female,2,2,1,06_04_02_02_01,06_05_02_02_01,1,0.7660586483021402,0.09345009480501489,0.1101926948977875,0.03029856199505751,0.20319281528871053,0.3538186463147129,0.2431604730891549,0.19982806530742173,0.008141,0.007626,0.011831,0.972402,0.821881,0.527794,0.252788,0.534154,1,0.5628658330134297,0.260368551509698,0.1329677781913674,0.16952950331236422,0.821881
08_1_2_2_Acalm_Vsad,8,female,1,2,2,08_02_02_01_02,08_04_02_01_02,1,0.393627083804007,0.2133788817603839,0.09608541130542426,0.29690862313018485,0.2526623842841762,0.25937579084924145,0.29256063634310686,0.1954011885234755,0.004626,0.024107,0.005878,0.965388,0.412638,0.523437,0.05793,0.331335,1,0.14096469951983082,0.04599690908885756,0.1964752250376826,0.10150743460670936,0.523437
15_1_1_2_Ahappy_Vangry,15,male,1,1,2,15_03_01_01_02,15_05_01_01_02,1,0.5593073568543533,0.2236059461460432,0.026578371737879514,0.190508325261724,0.219200259849523,0.26289595222336093,0.2377215919839923,0.2801821959431237,0.004626,0.024107,0.005878,0.965388,0.539362,0.425083,0.132723,0.365722,0,0.3401070970048303,0.039290006077317724,0.21114322024611276,0.0896738706813997,0.539362
16_2_1_1_Asad_Vhappy,16,female,2,1,1,16_04_01_02_01,16_03_01_02_01,1,0.3506827647471594,0.397418716550123,0.02223948950149425,0.22965902920122333,0.40616388211152327,0.21418062286959608,0.18832267012133344,0.19133282489754713,0.008141,0.007626,0.011831,0.972402,0.505862,0.539582,0.076892,0.374112,1,0.05548111736436384,0.18323809368052693,0.16608318061983918,0.0383262043036762,0.539582
10_1_1_1_Afearful_Vsurprised,10,female,1,1,1,10_06_01_01_01,10_08_01_01_01,0,0.5371852250538471,0.10967746044993905,0.22394071138509578,0.1291966031111179,0.22419193487707156,0.2549331297329846,0.23869780218926928,0.2821771332006746,0.004626,0.024107,0.005878,0.965388,0.628927,0.42336,0.090463,0.380917,1,0.3129932901767756,0.14525566928304556,0.014757090804173506,0.1529805300895567,0.628927
01_1_2_1_Asad_Vangry,1,male,1,2,1,01_04_02_01_01,01_05_02_01_01,1,0.4126426744163327,0.10990605736564886,0.13704119444275056,0.3404100737752679,0.21096776176184684,0.3273447965326091,0.23549964958523872,0.22618779212030538,0.004626,0.024107,0.005878,0.965388,0.377962,0.482857,0.082603,0.314474,0,0.20167491265448584,0.21743873916696027,0.09845845514248816,0.11422228165496251,0.482857
15_1_1_2_Aangry_Vhappy,15,male,1,1,2,15_05_01_01_02,15_03_01_01_02,1,0.17939990395796834,0.7582567722104768,0.013482849219159054,0.0488604746123959,0.28939014495362375,0.2599178484059723,0.21955834359581622,0.2311336630445877,0.004626,0.024107,0.005878,0.965388,0.75693,0.480061,0.227123,0.488038,0,0.10999024099565541,0.4983389238045045,0.20607549437665718,0.1822731884321918,0.75693
18_1_2_1_Ahappy_Vsurprised,18,female,1,2,1,18_03_02_01_01,18_08_02_01_01,1,0.4516043423118228,0.4304776063477338,0.039238985239814984,0.07867906610062846,0.28216131252107446,0.3015779959729642,0.23282700544194632,0.18343368606401508,0.004626,0.024107,0.005878,0.965388,0.699475,0.537121,0.093066,0.443221,1,0.16944302979074832,0.1288996103747696,0.19358802020213134,0.10475461996338663,0.699475
02_1_1_1_Aneutral_Vhappy,2,female,1,1,1,02_01_01_01_01,02_03_01_01_01,1,0.2504822818185899,0.4744628296252456,0.01232418291644871,0.26273070563971596,0.34536447028650114,0.23870025778927884,0.1996666186407265,0.21626865328349348,0.004626,0.024107,0.005878,0.965388,0.445528,0.499202,0.107824,0.350851,1,0.09488218846791124,0.23576257183596677,0.18734243572427778,0.04646205235622247,0.499202
03_1_1_2_Ahappy_Vdisgust,3,male,1,1,2,03_03_01_01_02,03_07_01_01_02,1,0.5972569374863855,0.1659415994835643,0.06428438072031913,0.1725170823097312,0.22669496808036396,0.2877800045552355,0.30255531460374935,0.1829697127606513,0.004626,0.024107,0.005878,0.965388,0.564464,0.538144,0.134987,0.412532,0,0.3705619694060216,0.12183840507167121,0.23827093388343024,0.010452630450920097,0.564464
12_1_1_1_Adisgust_Vsurprised,12,female,1,1,1,12_07_01_01_01,12_08_01_01_01,0,0.44666292225544335,0.21301049087340734,0.06960803372256366,0.2707185531485856,0.25414213938315056,0.2620075601685879,0.23578978354110552,0.248060516907156,0.004626,0.024107,0.005878,0.965388,0.44157,0.460334,0.055958,0.319288,1,0.1925207828722928,0.04899706929518055,0.16618174981854186,0.02265803624142962,0.460334
04_2_2_1_Adisgust_Vangry,4,female,2,2,1,04_07_02_02_01,04_05_02_02_01,1,0.3057371991969659,0.5441569667583714,0.03746168083119697,0.11264415321346583,0.21783061496275,0.2825008616325789,0.26723296210712444,0.23243556129754664,0.008141,0.007626,0.011831,0.972402,0.663207,0.487714,0.121473,0.424131,1,0.0879065842342159,0.2616561051257925,0.22977128127592747,0.11979140808408081,0.663207
09_2_1_2_Asad_Vangry,9,male,2,1,2,09_04_01_02_02,09_05_01_02_02,1,0.534123096899643,0.0076950163263688675,0.2523305900099829,0.20585129676400532,0.2165624581059968,0.28075001245803516,0.25031829419045165,0.25236923524551635,0.008141,0.007626,0.011831,0.972402,0.533256,0.465148,0.170351,0.389585,0,0.31756063879364615,0.2730549961316663,0.0020122958195312735,0.046517938481511034,0.533256
11_1_1_1_Acalm_Vfearful,11,male,1,1,1,11_02_01_01_01,11_06_01_01_01,0,0.40934888973959976,0.07931864025083106,0.12280221735088154,0.3885302526586876,0.22642341605922545,0.23748096304194943,0.24201759855242638,0.29407802234639857,0.004626,0.024107,0.005878,0.965388,0.338534,0.411823,0.068094,0.272817,0,0.18292547368037432,0.15816232279111836,0.11921538120154485,0.09445223031228905,0.411823
24_1_1_1_Aangry_Vangry,24,female,1,1,1,24_05_01_01_01,24_05_01_01_01,0,0.07976833737895934,0.8676165870571098,0.008687087147420463,0.04392798841651051,0.23161523653637262,0.2763296581848175,0.24424861872187897,0.24780648655693088,0.004626,0.024107,0.005878,0.965388,0.76973,0.459898,0.299523,0.509717,1,0.15184689915741328,0.5912869288722923,0.2355615315744585,0.20387849814042036,0.76973
02_2_1_2_Aangry_Vsurprised,2,female,2,1,2,02_05_01_02_02,02_08_01_02_02,1,0.20563357438518903,0.6855288313845487,0.012560201722265237,0.09627739250799715,0.23524167560257297,0.2582677972207473,0.2874883721661301,0.21900215501054968,0.008141,0.007626,0.011831,0.972402,0.6992,0.503322,0.203181,0.468568,1,0.029608101217383942,0.4272610341638014,0.27492817044386486,0.12272476250255253,0.6992
07_2_2_1_Acalm_Vangry,7,male,2,2,1,07_02_02_02_01,07_05_02_02_01,1,0.6093373221336991,0.11034765237531446,0.09246537390274505,0.1878496515882413,0.22120658435988083,0.3139912565127604,0.22924345731543866,0.23555870181191998,0.008141,0.007626,0.011831,0.972402,0.551143,0.484634,0.128381,0.388053,0,0.38813073777381824,0.20364360413744592,0.1367780834126936,0.04770905022367869,0.551143
16_2_2_2_Ahappy_Vsad,16,female,2,2,2,16_03_02_02_02,16_04_02_02_02,1,0.2907217667847602,0.6361081737911152,0.009368211738129763,0.063801847685995,0.31258961460737816,0.2254771343610555,0.2488956325447442,0.2130376184868223,0.008141,0.007626,0.011831,0.972402,0.759816,0.510953,0.204522,0.491764,1,0.02186784782261797,0.4106310394300597,0.23952742080661443,0.14923577080082728,0.759816
02_2_2_2_Asad_Vangry,2,female,2,2,2,02_04_02_02_02,02_05_02_02_02,1,0.49527626139934994,0.19479980809867511,0.13753837588828305,0.172385554613692,0.21247236340488565,0.2986739643645141,0.24127280547845342,0.2475808667521467,0.008141,0.007626,0.011831,0.972402,0.566791,0.470711,0.065123,0.367542,1,0.28280389799446426,0.10387415626583898,0.10373442959017037,0.07519531213845468,0.566791
04_2_2_1_Aangry_Vsurprised,4,female,2,2,1,04_05_02_02_01,04_08_02_02_01,1,0.17698978308012378,0.786233305299195,0.0049043794215690864,0.031872532199112166,0.2241455098005906,0.2744411206391299,0.2995943231243338,0.2018190464359458,0.008141,0.007626,0.011831,0.972402,0.835633,0.524331,0.278726,0.54623,1,0.047155726720466806,0.511792184660065,0.29468994370276475,0.16994651423683366,0.835633
17_1_1_2_Aangry_Vcalm,17,male,1,1,2,17_05_01_01_02,17_02_01_01_02,1,0.4502984245565404,0.20259848972385994,0.11263324619719763,0.23446983952240205,0.21842678684242844,0.2605115894076505,0.2876776101265372,0.23338401362338376,0.004626,0.024107,0.005878,0.965388,0.48155,0.477159,0.06079,0.339833,0,0.23187163771411196,0.057913099683790575,0.17504436392933959,0.001085825899018289,0.48155
23_2_2_1_Aangry_Vhappy,23,male,2,2,1,23_05_02_02_01,23_03_02_02_01,1,0.13431246731167498,0.8467729271972537,8.501815153030315e-05,0.01882958733954099,0.2530006928991722,0.2383907817003762,0.29792433643123734,0.21068418896921426,0.008141,0.007626,0.011831,0.972402,0.878404,0.513295,0.360002,0.5839,0,0.11868822558749723,0.6083821454968775,0.29783931827970705,0.19185460162967327,0.878404
08_1_2_2_Asad_Vcalm,8,female,1,2,2,08_04_02_01_02,08_02_02_01_02,1,0.5620728176859464,0.07598036143623925,0.24557564995763684,0.11637117092017742,0.30163238310222307,0.24308808300637377,0.25341745541855165,0.20186207847285154,0.004626,0.024107,0.005878,0.965388,0.654242,0.516289,0.070397,0.413643,1,0.26044043458372335,0.16710772157013454,0.007841805460914814,0.08549090755267412,0.654242
05_2_1_1_Aangry_Vsad,5,male,2,1,1,05_05_01_02_01,05_04_01_02_01,1,0.5230892389506682,0.21866255561181241,0.050013667804460926,0.20823453763305852,0.21990340166396075,0.24025753991543433,0.2644227953689485,0.27541626305165645,0.008141,0.007626,0.011831,0.972402,0.527062,0.439767,0.107542,0.358124,0,0.30318583728670745,0.021594984303621917,0.2144091275644876,0.06718172541859793,0.527062
03_1_2_1_Asad_Vhappy,3,male,1,2,1,03_04_02_01_01,03_03_02_01_01,1,0.8389678651391088,0.05056671441237503,0.06401436483602327,0.046451055612492735,0.3491824978975932,0.2544186579215315,0.21330496453099007,0.18309387964988516,0.004626,0.024107,0.005878,0.965388,0.794899,0.540067,0.19067,0.508545,0,0.4897853672415156,0.20385194350915647,0.1492905996949668,0.13664282403739242,0.794899
14_2_2_2_Aangry_Vhappy,14,female,2,2,2,14_05_02_02_02,14_03_02_02_02,1,0.14745405603590964,0.8224251661922752,0.009184224023769219,0.02093655374804588,0.3483341948006426,0.2598524904077261,0.19947736148700634,0.19233595330462502,0.008141,0.007626,0.011831,0.972402,0.862064,0.537647,0.275449,0.558387,1,0.20088013876473296,0.5625726757845491,0.19029313746323712,0.17139939955657915,0.862064
02_1_2_1_Asurprised_Vsad,2,female,1,2,1,02_08_02_01_01,02_04_02_01_01,1,0.1704564138637448,0.7607380112364617,0.008265953181331224,0.060539621718462326,0.2066437660900952,0.2938383817859626,0.2601101119155186,0.23940774020842348,0.004626,0.024107,0.005878,0.965388,0.734025,0.468691,0.227183,0.476633,1,0.03618735222635039,0.46689962945049907,0.25184415873418736,0.17886811848996115,0.734025
23_2_1_1_Asad_Vangry,23,male,2,1,1,23_04_01_02_01,23_05_01_02_01,1,0.5703917601760164,0.16010430862532435,0.039711693861302085,0.2297922373373571,0.21430737798641514,0.26294925843799805,0.2591943342714579,0.26354902930412893,0.008141,0.007626,0.011831,0.972402,0.503638,0.452673,0.135387,0.363899,0,0.3560843821896013,0.1028449498126737,0.2194826404101558,0.03375679196677184,0.503638
10_1_2_2_Aangry_Vcalm,10,female,1,2,2,10_05_02_01_02,10_02_02_01_02,1,0.10550772844476673,0.817167046349668,0.019381781418780327,0.05794344378678493,0.22970154533200615,0.24664745293867593,0.2743260028103326,0.2493249989189852,0.004626,0.024107,0.005878,0.965388,0.736752,0.459592,0.27503,0.490458,1,0.12419381688723942,0.570519593410992,0.25494422139155226,0.1913815551322003,0.736752
14_2_1_2_Asad_Vsad,14,female,2,1,2,14_04_01_02_02,14_04_01_02_02,0,0.23406649529681076,0.4054746265113756,0.07487948404680916,0.28557939414500444,0.21413432819747558,0.2529145623968367,0.25384702397828496,0.2791040854274029,0.008141,0.007626,0.011831,0.972402,0.435905,0.435977,0.050338,0.307406,1,0.01993216709933518,0.15256006411453893,0.1789675399314758,0.006475308717601547,0.435977
05_1_1_1_Asad_Vangry,5,male,1,1,1,05_04_01_01_01,05_05_01_01_01,1,0.4039893999397896,0.0423433717035612,0.11066381913634472,0.44300340922030446,0.21699602591888675,0.25726345584868804,0.24740559046701133,0.2783349277654139,0.004626,0.024107,0.005878,0.965388,0.30092,0.427301,0.115389,0.281203,0,0.18699337402090285,0.21492008414512684,0.13674177133066662,0.16466848145489055,0.427301
13_1_2_2_Asad_Vdisgust,13,male,1,2,2,13_04_02_01_02,13_07_02_01_02,1,0.4176803490024462,0.20607289340982882,0.0546026110524988,0.3216441465352261,0.2509855944952224,0.2751409884543159,0.24163057892790238,0.23224283812255933,0.004626,0.024107,0.005878,0.965388,0.390044,0.47787,0.069961,0.312625,0,0.16669475450722382,0.06906809504448708,0.18702796787540357,0.08940130841266677,0.47787
02_1_1_2_Aangry_Vangry,2,female,1,1,2,02_05_01_01_02,02_05_01_01_02,0,0.1655338813739638,0.7019484167404307,0.012410856428588137,0.1201068454570173,0.199419515029908,0.3035088529163971,0.25146811390263624,0.24560351815105858,0.004626,0.024107,0.005878,0.965388,0.627698,0.461233,0.171363,0.420098,1,0.033885633655944214,0.3984395638240336,0.2390572574740481,0.12549667269404127,0.627698
16_2_2_1_Ahappy_Vangry,16,female,2,2,1,16_03_02_02_01,16_05_02_02_01,1,0.18252567813927575,0.7676982547450307,0.005381143884405048,0.04439492323128847,0.22151823454697836,0.2971370112142943,0.25187510268627145,0.22946965155245594,0.008141,0.007626,0.011831,0.972402,0.805533,0.491368,0.238179,0.511693,1,0.038992556407702605,0.4705612435307364,0.2464939588018664,0.18507472832116748,0.805533
01_2_1_2_Asad_Vangry,1,male,2,1,2,01_04_01_02_02,01_05_01_02_02,1,0.5078956591203571,0.12087553734504229,0.10117227371842251,0.2700565298161781,0.22391498811396415,0.2982619095889945,0.2409984356768837,0.23682466662015766,0.008141,0.007626,0.011831,0.972402,0.452385,0.482936,0.090769,0.34203,0,0.2839806710063929,0.1773863722439522,0.1398261619584612,0.03323186319602045,0.482936
06_2_1_1_Adisgust_Vcalm,6,female,2,1,1,06_07_01_02_01,06_02_01_02_01,0,0.27633340277801516,0.27326356887006903,0.10558871563864149,0.3448143127132745,0.2409874520385384,0.3016641005509454,0.23935682789370008,0.21799161951681606,0.008141,0.007626,0.011831,0.972402,0.374145,0.505106,0.030984,0.303411,1,0.035345950739476745,0.028400531680876362,0.13376811225505858,0.12682269319645845,0.505106
03_1_1_1_Ahappy_Vsad,3,male,1,1,1,03_03_01_01_01,03_04_01_01_01,1,0.7173471760249509,0.07338658116868914,0.055793524709226244,0.1534727180971337,0.19583722605933235,0.30430165589016184,0.2874265957772973,0.21243452227320847,0.004626,0.024107,0.005878,0.965388,0.603822,0.500225,0.234032,0.446027,0,0.5215099499656186,0.2309150747214727,0.23163307106807104,0.05896180417607477,0.603822
23_2_2_2_Aangry_Vsurprised,23,male,2,2,2,23_05_02_02_02,23_08_02_02_02,1,0.08645997355927142,0.8996499096646299,0.003585689284431501,0.010304427491667004,0.2318239055962323,0.24242440672627513,0.30495504295723624,0.2207966447202564,0.008141,0.007626,0.011831,0.972402,0.900914,0.501068,0.39536,0.599114,0,0.1453639320369609,0.6572255029383547,0.30136935367280476,0.2104922172285894,0.900914
22_2_2_2_Afearful_Vangry,22,female,2,2,2,22_06_02_02_02,22_05_02_02_02,1,0.543973421532039,0.3302681978721219,0.066620600156898,0.059137780438941065,0.24351564629167177,0.27515722453769476,0.22681523452020544,0.25451189465042806,0.008141,0.007626,0.011831,0.972402,0.755742,0.462965,0.124853,0.447853,1,0.3004577752403672,0.05511097333442716,0.16019463436330744,0.19537411421148698,0.755742
13_1_1_1_Ahappy_Vhappy,13,male,1,1,1,13_03_01_01_01,13_03_01_01_01,0,0.41154184223354184,0.27306338807077835,0.02337305448124345,0.2920217152144364,0.33915316966021186,0.24873026527989547,0.20481214385733115,0.20730442120256146,0.004626,0.024107,0.005878,0.965388,0.419155,0.509566,0.06785,0.33219,0,0.07238867257332998,0.024333122790882872,0.18143908937608771,0.08471729401187492,0.509566
16_1_2_1_Aangry_Vsad,16,female,1,2,1,16_05_02_01_01,16_04_02_01_01,1,0.053921983191168414,0.938332491876669,9.386317992719882e-05,0.007651661752235353,0.33703465145062006,0.23018871170694494,0.2434029085877115,0.18937372825472346,0.004626,0.024107,0.005878,0.965388,0.874453,0.533038,0.444667,0.617386,1,0.28311266825945164,0.7081437801697241,0.24330904540778428,0.1817220665024881,0.874453
01_2_2_1_Asad_Vsad,1,male,2,2,1,01_04_02_02_01,01_04_02_02_01,0,0.5624315186509903,0.15256238440836128,0.05262327761792549,0.23238281932272298,0.2205934922764288,0.3029734446454093,0.24406912219798804,0.23236394088017387,0.008141,0.007626,0.011831,0.972402,0.498759,0.488103,0.122252,0.369704,0,0.3418380263745615,0.15041106023704803,0.19144584458006256,1.887844254910842e-05,0.498759
16_2_2_2_Asad_Vangry,16,female,2,2,2,16_04_02_02_02,16_05_02_02_02,1,0.6020754915042487,0.1556598271737892,0.13148746152735968,0.11077721979460244,0.24947383143472923,0.27790114121472465,0.23848901955130117,0.234136007799245,0.008141,0.007626,0.011831,0.972402,0.659253,0.485954,0.094472,0.413226,1,0.35260166006951943,0.12224131404093544,0.10700155802394148,0.12335878800464257,0.659253
20_1_2_2_Ahappy_Vhappy,20,female,1,2,2,20_03_02_01_02,20_03_02_01_02,0,0.7562714604149202,0.13484975331282567,0.062346132868362845,0.04653265340389127,0.36345454285322737,0.21850123336073551,0.2168551667053796,0.2011890570806575,0.004626,0.024107,0.005878,0.965388,0.780253,0.51894,0.12817,0.475788,1,0.39281691756169285,0.08365148004790984,0.15450903383701675,0.15465640367676625,0.780253
14_1_2_2_Asurprised_Vhappy,14,female,1,2,2,14_08_02_01_02,14_03_02_01_02,1,0.20647763590189933,0.7035180773401398,0.012110481188265512,0.07789380556969526,0.36671831028742596,0.2598787668853044,0.19252870979306996,0.18087421303419968,0.004626,0.024107,0.005878,0.965388,0.699569,0.542928,0.17726,0.473252,1,0.16024067438552664,0.4436393104548354,0.18041822860480444,0.10298040746450442,0.699569
03_1_2_2_Acalm_Vhappy,3,male,1,2,2,03_02_02_01_02,03_03_02_01_02,1,0.5200018602467968,0.18958933953686033,0.08698108651053113,0.20342771370581178,0.3229018722258628,0.2702276124582671,0.22111631912748675,0.18575419618838332,0.004626,0.024107,0.005878,0.965388,0.521043,0.535661,0.043979,0.366894,0,0.19709998802093404,0.08063827292140677,0.13413523261695562,0.01767351751742846,0.535661
14_2_2_2_Asad_Vcalm,14,female,2,2,2,14_04_02_02_02,14_02_02_02_02,1,0.418451161086561,0.42700057011526094,0.06409693747797857,0.09045133132019953,0.25025460117736303,0.24975031133951647,0.22190989349340146,0.27808519398971904,0.008141,0.007626,0.011831,0.972402,0.696395,0.43737,0.101722,0.411829,1,0.16819655990919796,0.17725025877574446,0.1578129560154229,0.1876338626695195,0.696395
01_2_2_1_Afearful_Vsad,1,male,2,2,1,01_06_02_02_01,01_04_02_02_01,1,0.6006795433762818,0.17589888201225096,0.137340195032641,0.08608137957882636,0.2205934922764288,0.3029734446454093,0.24406912219798804,0.23236394088017387,0.008141,0.007626,0.011831,0.972402,0.700819,0.488103,0.114325,0.434415,0,0.38008605109985305,0.12707456263315836,0.10672892716534704,0.1462825613013475,0.700819
20_2_2_2_Ahappy_Vangry,20,female,2,2,2,20_03_02_02_02,20_05_02_02_02,1,0.3803437183261,0.5164688518018624,0.062338472869450094,0.040848957002587574,0.22082291033290075,0.24023826316156233,0.30361489493351623,0.23532393157202067,0.008141,0.007626,0.011831,0.972402,0.795798,0.484028,0.169763,0.483197,1,0.15952080799319923,0.2762305886403001,0.24127642206406613,0.19447497456943308,0.795798
13_1_2_1_Ahappy_Vsad,13,male,1,2,1,13_03_02_01_01,13_04_02_01_01,1,0.597238830587357,0.20325869687464934,0.045319460385270675,0.15418301215272287,0.2274443102348926,0.2621281945233664,0.2390818136418235,0.27134568159991757,0.004626,0.024107,0.005878,0.965388,0.588127,0.434575,0.128694,0.383799,0,0.36979452035246446,0.058869497648717045,0.1937623532565528,0.1171626694471947,0.588127
17_2_2_2_Asad_Vhappy,17,male,2,2,2,17_04_02_02_02,17_03_02_02_02,1,0.5932313802282521,0.09025923736831537,0.17516490167822465,0.14134448072520786,0.28376096971224546,0.2450049908505149,0.2675283290409781,0.2037057103962616,0.008141,0.007626,0.011831,0.972402,0.612098,0.522138,0.078102,0.404113,0,0.3094704105160066,0.15474575348219952,0.09236342736275346,0.06236122967105373,0.612098
18_2_1_2_Asad_Vneutral,18,female,2,1,2,18_04_01_02_02,18_01_01_02_02,1,0.3253084289651657,0.2968308591276877,0.07777096748274706,0.30008974442439945,0.23254070751353828,0.2576931679039116,0.25935644012997666,0.25040968445257356,0.008141,0.007626,0.011831,0.972402,0.420078,0.467143,0.045424,0.310882,1,0.09276772145162743,0.03913769122377608,0.1815854726472296,0.049680059971825896,0.467143
06_1_2_1_Aangry_Vhappy,6,female,1,2,1,06_05_02_01_01,06_03_02_01_01,1,0.3000805335853889,0.6215706643426249,0.023591605882782158,0.05475719618920406,0.3972304598476273,0.2831231997400623,0.16837264037383978,0.1512737000384706,0.004626,0.024107,0.005878,0.965388,0.743913,0.582795,0.113036,0.479915,1,0.0971499262622384,0.3384474646025626,0.14478103449105761,0.09651650384926654,0.743913
18_1_1_1_Ahappy_Vhappy,18,female,1,1,1,18_03_01_01_01,18_03_01_01_01,0,0.4460466564090386,0.292701022366618,0.03762862521211153,0.22362369601223187,0.39471797631396915,0.23841369375900767,0.19093678085735236,0.17593154906967087,0.004626,0.024107,0.005878,0.965388,0.492846,0.550775,0.045733,0.363118,1,0.05132868009506947,0.05428732860761032,0.15330815564524083,0.04769214694256099,0.550775
14_2_2_2_Acalm_Vhappy,14,female,2,2,2,14_02_02_02_02,14_03_02_02_02,1,0.3710515619711459,0.3557620003113046,0.059575815971058516,0.21361062174649098,0.3483341948006426,0.2598524904077261,0.19947736148700634,0.19233595330462502,0.008141,0.007626,0.011831,0.972402,0.518379,0.537647,0.034831,0.363619,1,0.022717367170503322,0.0959095099035785,0.13990154551594783,0.021274668441865957,0.537647
02_2_2_1_Afearful_Vsad,2,female,2,2,1,02_06_02_02_01,02_04_02_02_01,1,0.4511500937431697,0.3226707458346491,0.09932124893436822,0.12685791148781309,0.20280676025158198,0.29189599722741394,0.2679056811993101,0.237391561321694,0.008141,0.007626,0.011831,0.972402,0.633539,0.482075,0.076718,0.397444,1,0.24834333349158774,0.03077474860723517,0.16858443226494185,0.11053364983388092,0.633539
11_1_2_1_Ahappy_Vsad,11,male,1,2,1,11_03_02_01_01,11_04_02_01_01,1,0.36028258402847585,0.5444225202278365,0.044198788399765924,0.051096107343921705,0.2423287033548142,0.24213474097458706,0.28630640157610043,0.22923015409449837,0.004626,0.024107,0.005878,0.965388,0.750932,0.482975,0.166986,0.466964,0,0.11795388067366164,0.30228777925324946,0.2421076131763345,0.17813404675057667,0.750932
22_1_1_1_Asad_Vsurprised,22,female,1,1,1,22_04_01_01_01,22_08_01_01_01,1,0.3741426804504246,0.2235999659071634,0.06095189621767862,0.34130545742473334,0.21566922944537345,0.2664639699133863,0.24320858428394196,0.2746582163572985,0.004626,0.024107,0.005878,0.965388,0.369271,0.430792,0.061677,0.287247,1,0.15847345100505114,0.04286400400622287,0.18225668806626333,0.06664724106743486,0.430792
18_2_2_2_Acalm_Vangry,18,female,2,2,2,18_02_02_02_02,18_05_02_02_02,1,0.4424746745262646,0.20698241661757685,0.04981451778938533,0.30072839106677324,0.26946746329283816,0.3004881258427243,0.24241609809292733,0.18762831277151024,0.008141,0.007626,0.011831,0.972402,0.423057,0.542876,0.08096,0.348964,1,0.17300721123342644,0.09350570922514742,0.192601580303542,0.113100078295263,0.542876
21_2_2_1_Ahappy_Vsad,21,male,2,2,1,21_03_02_02_01,21_04_02_02_01,1,0.5597347385829263,0.24243402387013802,0.024741732463822896,0.17308950508311277,0.29766183025817466,0.2756898901387727,0.23174255785462403,0.19490572174842857,0.008141,0.007626,0.011831,0.972402,0.577156,0.533664,0.100144,0.403654,0,0.26207290832475166,0.03325586626863469,0.20700082539080114,0.021816216665315802,0.577156
11_1_2_1_Ahappy_Vhappy,11,male,1,2,1,11_03_02_01_01,11_03_02_01_01,0,0.36028258402847585,0.5444225202278365,0.044198788399765924,0.051096107343921705,0.33137907360321756,0.241651095618826,0.21213446832542224,0.2148353624525343,0.004626,0.024107,0.005878,0.965388,0.750932,0.500641,0.125869,0.459147,0,0.028903510425258294,0.3027714246090105,0.1679356799256563,0.1637392551086126,0.750932
15_2_1_2_Aangry_Vhappy,15,male,2,1,2,15_05_01_02_02,15_03_01_02_02,1,0.11908194710471659,0.8353997548002807,0.004402779055191646,0.04111551903981119,0.32161612105653614,0.25855780191062017,0.20937856047697784,0.21044751655586566,0.008141,0.007626,0.011831,0.972402,0.815873,0.514701,0.286709,0.539094,0,0.20253417395181955,0.5768419528896606,0.20497578142178619,0.16933199751605446,0.815873
05_1_2_2_Asad_Vsad,5,male,1,2,2,05_04_02_01_02,05_04_02_01_02,0,0.5307423293426627,0.040842349286010396,0.05753580354870584,0.37087951782262096,0.19535575135907327,0.29175585760701933,0.28532698117349636,0.227561409860411,0.004626,0.024107,0.005878,0.965388,0.366489,0.482589,0.207035,0.352037,0,0.3353865779835895,0.25091350832100895,0.2277911776247905,0.14331810796220995,0.482589
18_2_1_1_Ahappy_Vsurprised,18,female,2,1,1,18_03_01_02_01,18_08_01_02_01,1,0.40090248555168756,0.33082341119391373,0.035649860277009025,0.23262424297738965,0.24980558945176273,0.303258932583153,0.24472170187257294,0.20221377609251145,0.008141,0.007626,0.011831,0.972402,0.499195,0.524352,0.077114,0.366887,1,0.15109689609992483,0.027564478610760723,0.2090718415955639,0.030410466884878196,0.524352
19_2_1_2_Asad_Vdisgust,19,male,2,1,2,19_04_01_02_02,19_07_01_02_02,1,0.4339198127686648,0.03165110899761861,0.152717974750556,0.3817111034831607,0.3416401148073485,0.2932721304677504,0.21440286908490103,0.15068488564000004,0.008141,0.007626,0.011831,0.972402,0.345169,0.593589,0.132723,0.35716,0,0.0922796979613163,0.2616210214701318,0.061684894334345014,0.23102621784316063,0.593589
22_2_1_1_Asurprised_Vsad,22,female,2,1,1,22_08_01_02_01,22_04_01_02_01,1,0.31566280928694196,0.5037210880156163,0.018315220622976584,0.16230088207446508,0.217472819377728,0.22768779522524155,0.25859509320576396,0.2962442921912664,0.008141,0.007626,0.011831,0.972402,0.593467,0.418038,0.149207,0.386904,1,0.09818998990921396,0.2760332927903748,0.24027987258278738,0.13394341011680133,0.593467
02_1_2_1_Asurprised_Vhappy,2,female,1,2,1,02_08_02_01_01,02_03_02_01_01,1,0.1704564138637448,0.7607380112364617,0.008265953181331224,0.060539621718462326,0.4337048499112478,0.22582146989501842,0.17204871654381496,0.1684249636499188,0.004626,0.024107,0.005878,0.965388,0.734025,0.562019,0.238278,0.511441,1,0.26324843604750303,0.5349165413414433,0.16378276336248374,0.10788534193145646,0.734025
14_2_1_1_Adisgust_Vfearful,14,female,2,1,1,14_07_01_02_01,14_06_01_02_01,0,0.2627966337947187,0.6023846630089043,0.04043378094774347,0.09438492224863354,0.20980102574977172,0.2638067282556017,0.24987694587505102,0.27651530011957554,0.008141,0.007626,0.011831,0.972402,0.693812,0.438807,0.1455,0.42604,1,0.05299560804494696,0.33857793475330256,0.20944316492730755,0.182130377870942,0.693812
08_2_2_1_Asad_Vsad,8,female,2,2,1,08_04_02_02_01,08_04_02_02_01,0,0.6297113122652074,0.08292644643132296,0.14765424881916944,0.13970799248430013,0.26966471820816035,0.2617509024603712,0.27801155132889455,0.1905728280025739,0.008141,0.007626,0.011831,0.972402,0.616046,0.538622,0.106095,0.420254,1,0.36004659405704703,0.17882445602904823,0.1303573025097251,0.05086483551827378,0.616046
03_1_2_1_Aangry_Vangry,3,male,1,2,1,03_05_02_01_01,03_05_02_01_01,0,0.2441041629956131,0.6481005007174012,0.014552785258547966,0.09324255102843773,0.22395571324033367,0.2764541689199987,0.24348462072220547,0.25610549711746217,0.004626,0.024107,0.005878,0.965388,0.671988,0.450585,0.172861,0.431812,0,0.020148449755279435,0.37164633179740253,0.2289318354636575,0.16286294608902444,0.671988
02_2_2_1_Adisgust_Vhappy,2,female,2,2,1,02_07_02_02_01,02_03_02_02_01,1,0.2834322795618441,0.5566069146006721,0.042160537997403595,0.11780026784008044,0.41244054349858894,0.2317491106376303,0.18035732512140554,0.17545302074237518,0.008141,0.007626,0.011831,0.972402,0.654289,0.560515,0.095878,0.436894,1,0.12900826393674486,0.32485780396304187,0.13819678712400194,0.05765275290229474,0.654289
17_1_2_2_Ahappy_Vdisgust,17,male,1,2,2,17_03_02_01_02,17_07_02_01_02,1,0.5001639407071501,0.3542683183810776,0.05438649437950579,0.0911812465322666,0.18126554467402547,0.3310908985696021,0.3383879511284344,0.14925560562793808,0.004626,0.024107,0.005878,0.965388,0.678431,0.582765,0.143821,0.468339,0,0.31889839603312464,0.023177419811475475,0.2840014567489286,0.05807435909567148,0.678431
22_1_2_1_Asad_Vangry,22,female,1,2,1,22_04_02_01_01,22_05_02_01_01,1,0.42809437868892514,0.23372265711097445,0.12632361924168536,0.21185934495841516,0.24039233154409576,0.2631454373569933,0.2279165245859381,0.2685457065129727,0.004626,0.024107,0.005878,0.965388,0.506172,0.437599,0.032971,0.325581,1,0.18770204714482938,0.029422780246018854,0.10159290534425275,0.05668636155455756,0.506172
13_1_2_1_Asad_Vangry,13,male,1,2,1,13_04_02_01_01,13_05_02_01_01,1,0.39320507326137716,0.29523618002367014,0.03262646797109915,0.2789322787438535,0.23494153702915205,0.27005738331416546,0.23473132368999186,0.26026975596669044,0.004626,0.024107,0.005878,0.965388,0.430672,0.446297,0.077313,0.318094,0,0.1582635362322251,0.02517879670950468,0.2021048557188927,0.01866252277716307,0.446297
20_1_2_2_Aangry_Vsad,20,female,1,2,2,20_05_02_01_02,20_04_02_01_02,1,0.3849155117156729,0.5396007364673882,0.03094972364870208,0.04453402816823679,0.26160577219587466,0.2602644039392451,0.29120364500526585,0.18692617885961432,0.004626,0.024107,0.005878,0.965388,0.766724,0.534289,0.166,0.489004,1,0.12330973951979823,0.27933633252814305,0.2602539213565638,0.14239215069137753,0.766724
17_1_2_2_Adisgust_Vhappy,17,male,1,2,2,17_07_02_01_02,17_03_02_01_02,1,0.5078091109546224,0.3071511165627195,0.03823842647740291,0.14680134600525518,0.2974804695612391,0.24844323345217023,0.25697644945264936,0.19709984753394144,0.004626,0.024107,0.005878,0.965388,0.593156,0.521977,0.090466,0.401867,0,0.21032864139338336,0.05870788311054925,0.21873802297524644,0.05029850152868626,0.593156
04_1_2_2_Ahappy_Vsad,4,female,1,2,2,04_03_02_01_02,04_04_02_01_02,1,0.28258127813508055,0.6151237484082661,0.02193898355574491,0.08035598990090843,0.22075516699564715,0.29397769733201534,0.2998888721115145,0.18537826356082296,0.004626,0.024107,0.005878,0.965388,0.694093,0.534731,0.163083,0.463969,1,0.0618261111394334,0.32114605107625077,0.2779498885557696,0.10502227365991453,0.694093
01_2_1_2_Ahappy_Vsad,1,male,2,1,2,01_03_01_02_02,01_04_01_02_02,1,0.5100201344575355,0.21938110003866096,0.04634473462299631,0.2242540308808074,0.20824725696770902,0.28997261560550275,0.2483576717733127,0.25342245565347554,0.008141,0.007626,0.011831,0.972402,0.508077,0.464064,0.106219,0.359454,0,0.30177287748982645,0.07059151556684179,0.20201293715031637,0.02916842477266815,0.508077
18_2_1_2_Aangry_Vsad,18,female,2,1,2,18_05_01_02_02,18_04_01_02_02,1,0.1885705431181381,0.7043886537594665,0.016038995871462344,0.09100180725093318,0.20626747048451075,0.27112786298421215,0.3168721958186584,0.2057324707126188,0.008141,0.007626,0.011831,0.972402,0.707289,0.519458,0.208677,0.478475,1,0.017696927366372656,0.4332607907752543,0.30083319994719604,0.11473066346168562,0.707289
24_2_1_1_Aneutral_Vsad,24,female,2,1,1,24_01_01_02_01,24_04_01_02_01,1,0.31299127394872733,0.25634404756692636,0.05767813100177329,0.3729865474825731,0.22420579049796413,0.24537113597973598,0.2647062553161936,0.2657168182061063,0.008141,0.007626,0.011831,0.972402,0.351926,0.450201,0.063886,0.288671,1,0.0887854834507632,0.010972911587190382,0.20702812431442028,0.10726972927646677,0.450201
08_1_1_2_Afearful_Vhappy,8,female,1,1,2,08_06_01_01_02,08_03_01_01_02,1,0.41548220639867534,0.3181066197896555,0.08507267878890278,0.1813384950227664,0.39011627938272253,0.23326619120916547,0.2036326001532838,0.17298492925482806,0.004626,0.024107,0.005878,0.965388,0.541904,0.554896,0.023177,0.373326,1,0.025365927015952805,0.08484042858049001,0.11855992136438102,0.008353565767938331,0.554896
07_2_2_1_Acalm_Vhappy,7,male,2,2,1,07_02_02_02_01,07_03_02_02_01,1,0.6093373221336991,0.11034765237531446,0.09246537390274505,0.1878496515882413,0.41855443445737456,0.24276210616590266,0.18701414939435618,0.1516693099823665,0.008141,0.007626,0.011831,0.972402,0.551143,0.593143,0.044361,0.396216,0,0.1907828876763245,0.1324144537905882,0.09454877549161113,0.0361803416058748,0.593143
15_2_2_1_Asad_Vangry,15,male,2,2,1,15_04_02_02_01,15_05_02_02_01,1,0.65375215318414,0.17103862106362128,0.036991873248455,0.13821735250378359,0.21962972363840982,0.26006345793475827,0.23890437977161844,0.28140243865521347,0.008141,0.007626,0.011831,0.972402,0.625113,0.433703,0.16558,0.408132,0,0.4341224295457302,0.08902483687113699,0.20191250652316345,0.14318508615142989,0.625113
03_1_1_2_Adisgust_Vsad,3,male,1,1,2,03_07_01_01_02,03_04_01_01_02,1,0.5286602159550273,0.2963767415011944,0.06103875421861924,0.11392428832515909,0.1983641789047553,0.2947586953416175,0.2714603937958461,0.2354167319577811,0.004626,0.024107,0.005878,0.965388,0.6423,0.473266,0.123618,0.413061,0,0.330296037050272,0.0016180461595768914,0.21042163957722684,0.121492443632622,0.6423
20_2_1_1_Aangry_Vfearful,20,female,2,1,1,20_05_01_02_01,20_06_01_02_01,1,0.35568014307568796,0.3968719714854553,0.023769673777008317,0.22367821166184843,0.22710106709478006,0.2288677649945201,0.2781577688856379,0.26587339902506185,0.008141,0.007626,0.011831,0.972402,0.512517,0.449916,0.119029,0.360487,1,0.1285790759809079,0.16800420649093517,0.2543880951086296,0.04219518736321343,0.512517
11_1_2_1_Asad_Vangry,11,male,1,2,1,11_04_02_01_01,11_05_02_01_01,1,0.5855851125987438,0.24477511637268035,0.056404148136415484,0.11323562289216034,0.2240475787339174,0.24584749339879222,0.23847093304430245,0.29163399482298796,0.004626,0.024107,0.005878,0.965388,0.646583,0.413916,0.133307,0.397935,0,0.3615375338648264,0.001072377026111876,0.18206678490788697,0.17839837193082764,0.646583
09_2_1_1_Asad_Vhappy,9,male,2,1,1,09_04_01_02_01,09_03_01_02_01,1,0.4671947624634635,0.028811611346832806,0.22496359373828373,0.27903003245141994,0.2923127678107278,0.25760314910823806,0.24997845601240773,0.20010562706862645,0.008141,0.007626,0.011831,0.972402,0.443902,0.526833,0.095615,0.35545,0,0.17488199465273568,0.22879153776140526,0.025014862274124,0.0789244053827935,0.526833
17_1_1_1_Aangry_Vsad,17,male,1,1,1,17_05_01_01_01,17_04_01_01_01,1,0.6479225550606262,0.07986139830847556,0.10339116068803951,0.16882488594285863,0.21382097197639544,0.2677182114794136,0.2883593205228494,0.23010149602134156,0.004626,0.024107,0.005878,0.965388,0.578826,0.480653,0.157448,0.405642,0,0.4341015830842308,0.18785681317093805,0.1849681598348099,0.061276610078482924,0.578826
18_2_1_2_Adisgust_Vsad,18,female,2,1,2,18_07_01_02_02,18_04_01_02_02,1,0.3220021894780888,0.48421636120039635,0.04751930866434204,0.1462621406571727,0.20626747048451075,0.27112786298421215,0.3168721958186584,0.2057324707126188,0.008141,0.007626,0.011831,0.972402,0.609757,0.519458,0.115269,0.414828,1,0.11573471899357804,0.2130884982161842,0.2693528871543163,0.05947033005544611,0.609757
20_1_1_2_Ahappy_Vangry,20,female,1,1,2,20_03_01_01_02,20_05_01_01_02,1,0.478774506564376,0.3387199806037139,0.033098914642616176,0.14940659818929397,0.2233831113827598,0.23501462377239088,0.24055167152001755,0.3010505933248318,0.004626,0.024107,0.005878,0.965388,0.588487,0.404795,0.123881,0.372388,1,0.2553913951816162,0.10370535683132301,0.2074527568774014,0.15164399513553783,0.588487
05_1_2_2_Aangry_Vhappy,5,male,1,2,2,05_05_02_01_02,05_03_02_01_02,1,0.14442917628536875,0.8196915779686117,0.010652044513988301,0.025227201232031194,0.3422197173444491,0.2382946292801818,0.24891609905113796,0.17056955432423127,0.004626,0.024107,0.005878,0.965388,0.813645,0.55743,0.293086,0.55472,0,0.19779054105908037,0.5813969486884298,0.23826405453714966,0.14534235309220006,0.813645
15_1_2_2_Ahappy_Vhappy,15,male,1,2,2,15_03_02_01_02,15_03_02_01_02,0,0.6568365049731176,0.21506021171534248,0.028891229991042752,0.09921205332049708,0.36901563714969227,0.25317536296378385,0.1964481406631383,0.18136085922338555,0.004626,0.024107,0.005878,0.965388,0.674376,0.54261,0.089862,0.435616,0,0.28782086782342536,0.038115151248441365,0.16755691067209555,0.08214880590288846,0.674376
02_1_1_2_Asad_Vangry,2,female,1,1,2,02_04_01_01_02,02_05_01_01_02,1,0.31797651683932077,0.37134869413773597,0.06755396833236778,0.24312082069057545,0.199419515029908,0.3035088529163971,0.25146811390263624,0.24560351815105858,0.004626,0.024107,0.005878,0.965388,0.46461,0.461233,0.053058,0.3263,1,0.11855700180941275,0.06783984122133885,0.18391414557026847,0.0024826974604831298,0.46461
23_2_1_2_Aangry_Vneutral,23,male,2,1,2,23_05_01_02_02,23_01_01_02_02,1,0.25050809786584927,0.6572881190944827,0.008429057341363755,0.08377472569830428,0.22695128309482165,0.23824671958739316,0.2352053480061701,0.29959664931161517,0.008141,0.007626,0.011831,0.972402,0.722823,0.41483,0.215859,0.45117,0,0.023556814771027612,0.4190413995070895,0.22677629066480634,0.21582192361331087,0.722823
20_2_1_2_Adisgust_Vsad,20,female,2,1,2,20_07_01_02_02,20_04_01_02_02,1,0.40322052019653026,0.36159770789438506,0.05137804812013458,0.1838037237889501,0.22707792809950797,0.22977356933108412,0.2476689086199261,0.29547959394948176,0.008141,0.007626,0.011831,0.972402,0.557112,0.418902,0.088719,0.354911,1,0.1761425920970223,0.13182413856330094,0.19629086049979153,0.11167587016053165,0.557112
19_1_1_2_Asad_Vsad,19,male,1,1,2,19_04_01_01_02,19_04_01_01_02,0,0.5179999581901776,0.03516081510601843,0.2077268533912501,0.23911237331255383,0.22899631997709827,0.2730713320301731,0.24821285236746846,0.24971949562526025,0.004626,0.024107,0.005878,0.965388,0.499614,0.457878,0.117977,0.35849,0,0.2890036382130794,0.23791051692415466,0.04048599897621835,0.010607122312706413,0.499614
14_2_1_2_Ahappy_Vangry,14,female,2,1,2,14_03_01_02_02,14_05_01_02_02,1,0.2605771408933421,0.659147554457499,0.02238117393401421,0.05789413071514471,0.22595842408210112,0.2725171994848647,0.2425060327745675,0.25901834365846665,0.008141,0.007626,0.011831,0.972402,0.766908,0.457802,0.187422,0.470711,1,0.034618716811240985,0.38663035497263426,0.2201248588405533,0.20112421294332194,0.766908
21_2_2_1_Ahappy_Vhappy,21,male,2,2,1,21_03_02_02_01,21_03_02_02_01,0,0.5597347385829263,0.24243402387013802,0.024741732463822896,0.17308950508311277,0.3485331975494372,0.25833216653385793,0.2131614563490645,0.17997317956764036,0.008141,0.007626,0.011831,0.972402,0.577156,0.553431,0.079778,0.403455,0,0.21120154103348915,0.015898142663719916,0.1884197238852416,0.006883674484527591,0.577156
02_1_2_2_Asad_Vangry,2,female,1,2,2,02_04_02_01_02,02_05_02_01_02,1,0.3896126798241712,0.31657575601247845,0.10802555091743336,0.18578601324591704,0.21662137896947628,0.28503173474433197,0.2368082123135773,0.26153867397261443,0.004626,0.024107,0.005878,0.965388,0.535331,0.444211,0.041075,0.340206,1,0.1729913008546949,0.03154402126814648,0.12878266139614392,0.0757526607266974,0.535331
04_2_2_1_Aangry_Vdisgust,4,female,2,2,1,04_05_02_02_01,04_07_02_02_01,1,0.17698978308012378,0.786233305299195,0.0049043794215690864,0.031872532199112166,0.20755103034072855,0.32197509157904536,0.27302140193561103,0.19745247614461506,0.008141,0.007626,0.011831,0.972402,0.835633,0.530259,0.242387,0.536093,1,0.030561247260604774,0.46425821372014964,0.26811702251404196,0.1655799439455029,0.835633
12_2_1_2_Afearful_Vneutral,12,female,2,1,2,12_06_01_02_02,12_01_01_02_02,0,0.3166222034544988,0.5103575413878568,0.0339213580046811,0.13909889715296317,0.22683463143327479,0.261533334673531,0.23951550952465325,0.27211652436854095,0.008141,0.007626,0.011831,0.972402,0.622713,0.443561,0.113396,0.393223,1,0.08978757202122403,0.2488242067143258,0.20559415151997215,0.13301762721557778,0.622713
07_2_2_2_Aangry_Vfearful,7,male,2,2,2,07_05_02_02_02,07_06_02_02_02,1,0.14850926173813656,0.8276000811362612,0.005767812638129218,0.018122844487473016,0.2030792653320052,0.2937708680822863,0.3060536018051525,0.197096264780556,0.008141,0.007626,0.011831,0.972402,0.87232,0.530384,0.296488,0.566397,0,0.054570003593868655,0.5338292130539748,0.3002857891670233,0.178973420293083,0.87232
24_1_1_1_Asad_Vhappy,24,female,1,1,1,24_04_01_01_01,24_03_01_01_01,1,0.40473735198870225,0.09348384258537387,0.09069166288039769,0.4110871425455263,0.33767089895733887,0.25220678938170704,0.22078775653439675,0.18933455512655725,0.004626,0.024107,0.005878,0.965388,0.317318,0.531977,0.079947,0.309747,1,0.06706645303136338,0.15872294679633317,0.13009609365399905,0.22175258741896905,0.531977
20_1_1_1_Asad_Vhappy,20,female,1,1,1,20_04_01_01_01,20_03_01_01_01,1,0.3662652769308248,0.09162140040662531,0.17889975495061838,0.3632135677119315,0.2993876650522742,0.24342640256554948,0.253329135631489,0.20385679675068738,0.004626,0.024107,0.005878,0.965388,0.358365,0.513773,0.049179,0.307106,1,0.06687761187855057,0.15180500215892417,0.07442938068087063,0.1593567709612441,0.513773
18_2_1_1_Aangry_Vdisgust,18,female,2,1,1,18_05_01_02_01,18_07_01_02_01,1,0.1466398521205213,0.759575744198791,0.009006204466569983,0.08477819921411772,0.19384483376506045,0.3496117241618668,0.2991928609793989,0.15735058109367397,0.008141,0.007626,0.011831,0.972402,0.722923,0.583562,0.191052,0.499179,1,0.04720498164453915,0.4099640200369242,0.29018665651282893,0.07257238187955625,0.722923
02_2_2_1_Adisgust_Vangry,2,female,2,2,1,02_07_02_02_01,02_05_02_02_01,1,0.2834322795618441,0.5566069146006721,0.042160537997403595,0.11780026784008044,0.21479547533510226,0.2896562802109885,0.23878560511083866,0.2567626393430706,0.008141,0.007626,0.011831,0.972402,0.654289,0.460434,0.108148,0.407624,1,0.06863680422674182,0.26695063438968364,0.19662506711343505,0.13896237150299015,0.654289
02_1_2_2_Aangry_Vangry,2,female,1,2,2,02_05_02_01_02,02_05_02_01_02,0,0.06552373335243845,0.9045668080815625,0.003603387678993708,0.026306070887005116,0.21662137896947628,0.28503173474433197,0.2368082123135773,0.26153867397261443,0.004626,0.024107,0.005878,0.965388,0.814908,0.444211,0.34022,0.533113,1,0.1510976456170378,0.6195350733372306,0.23320482463458359,0.2352326030856093,0.814908
10_1_2_2_Aangry_Vhappy,10,female,1,2,2,10_05_02_01_02,10_03_02_01_02,1,0.10550772844476673,0.817167046349668,0.019381781418780327,0.05794344378678493,0.2828652498257322,0.25601248788135933,0.25773277539098116,0.20338948690192726,0.004626,0.024107,0.005878,0.965388,0.736752,0.513641,0.260411,0.503601,1,0.17735752138096544,0.5611545584683086,0.23835099397220083,0.14544604311514234,0.736752
19_2_2_2_Afearful_Vangry,19,male,2,2,2,19_06_02_02_02,19_05_02_02_02,1,0.6819429048144807,0.08505435693388783,0.20303454049780756,0.029968197753823866,0.2572906028542682,0.2893867544516876,0.22437100518079106,0.22895163751325331,0.008141,0.007626,0.011831,0.972402,0.818875,0.492229,0.177235,0.496113,0,0.42465230196021253,0.20433239751779977,0.021336464682983503,0.19898343975942945,0.818875
09_2_2_1_Asad_Vsad,9,male,2,2,1,09_04_02_02_01,09_04_02_02_01,0,0.5664988207397692,0.002562533880925952,0.3822574644219707,0.0486811809573341,0.19706158368501817,0.3146485959880164,0.3298684037482321,0.15842141657873315,0.008141,0.007626,0.011831,0.972402,0.785566,0.581703,0.238589,0.535286,0,0.36943723705475107,0.31208606210709045,0.05238906067373861,0.10974023562139906,0.785566
02_1_1_1_Acalm_Vfearful,2,female,1,1,1,02_02_01_01_01,02_06_01_01_01,0,0.3239966200824886,0.3520298219706518,0.0158119323248898,0.30816162562196975,0.21676020901395182,0.297542008691631,0.26948311978893397,0.2162146625054833,0.004626,0.024107,0.005878,0.965388,0.400384,0.495886,0.113786,0.336685,1,0.10723641106853676,0.0544878132790208,0.25367118746404416,0.09194696311648645,0.495886
13_1_2_1_Ahappy_Vcalm,13,male,1,2,1,13_03_02_01_01,13_02_02_01_01,1,0.597238830587357,0.20325869687464934,0.045319460385270675,0.15418301215272287,0.3091548350717877,0.25357699640148623,0.21622281383876812,0.22104535468795797,0.004626,0.024107,0.005878,0.965388,0.588127,0.492413,0.083716,0.388085,0,0.28808399551556935,0.05031829952683689,0.17090335345349744,0.0668623425352351,0.588127
18_2_1_2_Asad_Vangry,18,female,2,1,2,18_04_01_02_02,18_05_01_02_02,1,0.3253084289651657,0.2968308591276877,0.07777096748274706,0.30008974442439945,0.22694921653286085,0.2773631658781503,0.24631430309394012,0.2493733144950488,0.008141,0.007626,0.011831,0.972402,0.420078,0.468502,0.041501,0.310027,1,0.09835921243230486,0.0194676932495374,0.16854333561119306,0.05071642992935066,0.468502
05_2_2_1_Ahappy_Vhappy,5,male,2,2,1,05_03_02_02_01,05_03_02_02_01,0,0.4265243698878716,0.3851803602864222,0.030478527622961393,0.15781674220274472,0.3701344761510596,0.2295732346038546,0.23974466803745204,0.16054762120763383,0.008141,0.007626,0.011831,0.972402,0.595991,0.579428,0.082249,0.419223,0,0.056389893736812025,0.15560712568256763,0.20926614041449065,0.0027308790048891085,0.595991
20_1_2_2_Aangry_Vangry,20,female,1,2,2,20_05_02_01_02,20_05_02_01_02,0,0.3849155117156729,0.5396007364673882,0.03094972364870208,0.04453402816823679,0.2279417344406359,0.25240293854079593,0.27439114060527936,0.24526418641328893,0.004626,0.024107,0.005878,0.965388,0.766724,0.463891,0.188721,0.473112,1,0.156973777275037,0.2871977979265922,0.24344141695657728,0.20073015824505214,0.766724
12_1_2_1_Aangry_Vhappy,12,female,1,2,1,12_05_02_01_01,12_03_02_01_01,1,0.1850015396371164,0.77122471370971,0.011252554397173476,0.032521192255999955,0.3421113529851708,0.24674817676473487,0.22581509382993564,0.18532537642015856,0.004626,0.024107,0.005878,0.965388,0.795053,0.537457,0.248024,0.526845,1,0.1571098133480544,0.5244765369449751,0.21456253943276216,0.1528041841641586,0.795053
19_2_1_2_Afearful_Vsad,19,male,2,1,2,19_06_01_02_02,19_04_01_02_02,1,0.5160612712215252,0.16445352628527807,0.06203222990495364,0.25745297258824307,0.21207917212446256,0.284531109834681,0.25180246258795264,0.2515872554529038,0.008141,0.007626,0.011831,0.972402,0.468576,0.466038,0.103326,0.34598,0,0.30398209909706264,0.12007758354940293,0.189770232682999,0.005865717135339288,0.468576
11_1_1_1_Aneutral_Vhappy,11,male,1,1,1,11_01_01_01_01,11_03_01_01_01,1,0.41621039435669993,0.1215749772786626,0.07202171984039292,0.3901929085242446,0.2543768891938642,0.23682685908693527,0.22937443765143048,0.27942181406777006,0.004626,0.024107,0.005878,0.965388,0.33254,0.427293,0.065622,0.275152,0,0.16183350516283573,0.11525188180827267,0.15735271781103755,0.11077109445647454,0.427293
05_2_2_1_Asad_Vhappy,5,male,2,2,1,05_04_02_02_01,05_03_02_02_01,1,0.5575066775269389,0.047113238467446854,0.04963387530441319,0.3457462087012011,0.3701344761510596,0.2295732346038546,0.23974466803745204,0.16054762120763383,0.008141,0.007626,0.011831,0.972402,0.384448,0.579428,0.135047,0.366308,0,0.18737220137587934,0.18245999613640773,0.19011079273303885,0.18519858749356727,0.579428
17_1_1_2_Acalm_Vangry,17,male,1,1,2,17_02_01_01_02,17_05_01_01_02,1,0.49393407801708583,0.13586721716319367,0.10082827265282782,0.2693704321668927,0.2150693481093097,0.26246849272240846,0.24806787435561786,0.27439428481266404,0.004626,0.024107,0.005878,0.965388,0.448506,0.431257,0.078562,0.319442,0,0.2788647299077761,0.1266012755592148,0.14723960170279005,0.005023852645771321,0.448506
03_1_1_1_Ahappy_Vangry,3,male,1,1,1,03_03_01_01_01,03_05_01_01_01,1,0.7173471760249509,0.07338658116868914,0.055793524709226244,0.1534727180971337,0.2199550154838392,0.24999161749508633,0.23265572864093323,0.2973976383801411,0.004626,0.024107,0.005878,0.965388,0.603822,0.40776,0.195919,0.4025,0,0.4973921605411117,0.17660503632639718,0.17686220393170698,0.1439249202830074,0.603822
01_1_2_1_Aangry_Vsad,1,male,1,2,1,01_05_02_01_01,01_04_02_01_01,1,0.4392844601506046,0.48534813198075977,0.034742399655160267,0.040625008213475346,0.20308298043495432,0.3148438315534141,0.246939257951807,0.23513393005982464,0.004626,0.024107,0.005878,0.965388,0.776558,0.472815,0.164946,0.47144,0,0.2362014797156503,0.17050430042734566,0.21219685829664672,0.1945089218463493,0.776558
03_1_2_1_Ahappy_Vhappy,3,male,1,2,1,03_03_02_01_01,03_03_02_01_01,0,0.6001389183413975,0.265018393163988,0.07177973903328674,0.06306294946132772,0.3491824978975932,0.2544186579215315,0.21330496453099007,0.18309387964988516,0.004626,0.024107,0.005878,0.965388,0.734489,0.540067,0.07283,0.449129,0,0.25095642044380434,0.010599735242456498,0.14152522549770333,0.12003093018855744,0.734489
17_1_2_2_Asad_Vsurprised,17,male,1,2,2,17_04_02_01_02,17_08_02_01_02,1,0.5768977604383432,0.1260142049320999,0.14388518727689414,0.1532028473526627,0.21162897705136058,0.2877146324737443,0.25685910107014726,0.24379728940474796,0.004626,0.024107,0.005878,0.965388,0.592666,0.463924,0.106002,0.38753,0,0.3652687833869826,0.1617004275416444,0.11297391379325311,0.09059444205208525,0.592666
15_1_1_2_Ahappy_Vhappy,15,male,1,1,2,15_03_01_01_02,15_03_01_01_02,0,0.5593073568543533,0.2236059461460432,0.026578371737879514,0.190508325261724,0.28939014495362375,0.2599178484059723,0.21955834359581622,0.2311336630445877,0.004626,0.024107,0.005878,0.965388,0.539362,0.480061,0.096202,0.371875,0,0.26991721190072954,0.03631190225992911,0.1929799718579367,0.0406253377828637,0.539362
19_1_2_2_Asad_Vfearful,19,male,1,2,2,19_04_02_01_02,19_06_02_01_02,1,0.7503115187867763,0.038044930786457785,0.11418913043770897,0.09745441998905685,0.3372022728470925,0.2606361718112463,0.2213729223338897,0.1807886330077715,0.004626,0.024107,0.005878,0.965388,0.697869,0.542688,0.146928,0.462495,0,0.4131092459396838,0.22259124102478853,0.10718379189618073,0.08333421301871466,0.697869
07_2_2_2_Aangry_Vsad,7,male,2,2,2,07_05_02_02_02,07_04_02_02_02,1,0.14850926173813656,0.8276000811362612,0.005767812638129218,0.018122844487473016,0.29257399613956225,0.2982706168806082,0.2552529723470402,0.15390241463278934,0.008141,0.007626,0.011831,0.972402,0.87232,0.588303,0.265453,0.575359,0,0.1440647344014257,0.529329464255653,0.24948515970891097,0.13577957014531633,0.87232
05_1_1_1_Aangry_Vsad,5,male,1,1,1,05_05_01_01_01,05_04_01_01_01,1,0.14685331274033692,0.7797529453440135,0.0071813672418971335,0.06621237467375252,0.2191985207953073,0.23862631004265702,0.2832852102130068,0.2588899589490289,0.004626,0.024107,0.005878,0.965388,0.72313,0.449337,0.279399,0.483955,0,0.07234520805497038,0.5411266353013565,0.2761038429711097,0.19267758427527637,0.72313
17_2_1_1_Adisgust_Vneutral,17,male,2,1,1,17_07_01_02_01,17_01_01_02_01,0,0.5924278171497789,0.14369346998349794,0.10679078717082746,0.15708792569589575,0.21886876673916678,0.2278700646260187,0.2464532346801006,0.30680793395471395,0.008141,0.007626,0.011831,0.972402,0.590767,0.407417,0.109592,0.369259,0,0.3735590504106121,0.08417659464252075,0.13966244750927315,0.1497200082588182,0.590767
21_2_1_1_Asurprised_Vangry,21,male,2,1,1,21_08_01_02_01,21_05_01_02_01,1,0.5379421946226525,0.2923816338916577,0.02964634022746438,0.14002983125822532,0.20855115556346382,0.30960285052674946,0.260839983258604,0.22100601065118272,0.008141,0.007626,0.011831,0.972402,0.622248,0.501403,0.137238,0.420296,0,0.32939103905918865,0.01722121663509174,0.23119364303113965,0.0809761793929574,0.622248
07_2_2_2_Afearful_Vangry,7,male,2,2,2,07_06_02_02_02,07_05_02_02_02,1,0.41709500462749055,0.49135064737811857,0.04502732174573402,0.046527026248656796,0.21731508299095192,0.32446337834448397,0.2362773090628897,0.22194422960167445,0.008141,0.007626,0.011831,0.972402,0.785148,0.500595,0.131836,0.472526,0,0.19977992163653863,0.1668872690336346,0.1912499873171557,0.17541720335301766,0.785148
04_2_1_2_Asad_Vsad,4,female,2,1,2,04_04_01_02_02,04_04_01_02_02,0,0.21222361881425258,0.6487993946995793,0.02025039237587279,0.11872659411029542,0.21464702843713276,0.26374624695583226,0.27886432051758897,0.242742404089446,0.008141,0.007626,0.011831,0.972402,0.658882,0.475712,0.172267,0.43562,1,0.0024234096228801794,0.385053147743747,0.2586139281417162,0.12401580997915058,0.658882
03_2_2_1_Ahappy_Vangry,3,male,2,2,1,03_03_02_02_01,03_05_02_02_01,1,0.6985206327283293,0.17771086740130607,0.09788817697009448,0.025880322900270085,0.23044144728994068,0.26707635806575625,0.2384465214850006,0.26403567315930254,0.008141,0.007626,0.011831,0.972402,0.831334,0.452323,0.199504,0.494387,0,0.46807918543838867,0.08936549066445018,0.14055834451490612,0.23815535025903245,0.831334
22_1_2_2_Asad_Vangry,22,female,1,2,2,22_04_02_01_02,22_05_02_01_02,1,0.4847775862755526,0.26814228297980064,0.07717556004423531,0.16990457070041146,0.24684232160070146,0.26233831298132343,0.2298538759375231,0.26096548948045206,0.004626,0.024107,0.005878,0.965388,0.560082,0.445927,0.064081,0.356697,1,0.23793526467485115,0.00580396999847721,0.15267831589328779,0.0910609187800406,0.560082
07_2_2_1_Ahappy_Vcalm,7,male,2,2,1,07_03_02_02_01,07_02_02_02_01,1,0.5723621539382622,0.27344129622584634,0.0782696550889115,0.07592689474697996,0.2792036227788999,0.23732485043358295,0.22440193148594836,0.2590695953015689,0.008141,0.007626,0.011831,0.972402,0.722052,0.457917,0.102787,0.427585,0,0.2931585311593623,0.03611644579226339,0.14613227639703685,0.18314270055458898,0.722052
17_1_1_1_Aangry_Vhappy,17,male,1,1,1,17_05_01_01_01,17_03_01_01_01,1,0.6479225550606262,0.07986139830847556,0.10339116068803951,0.16882488594285863,0.27337061078055236,0.23936606774987465,0.25672796994213726,0.23053535152743568,0.004626,0.024107,0.005878,0.965388,0.578826,0.481672,0.114394,0.391631,0,0.3745519442800739,0.15950466944139907,0.15333680925409776,0.061710465584577046,0.578826
21_2_1_2_Aangry_Vangry,21,male,2,1,2,21_05_01_02_02,21_05_01_02_02,0,0.37130455345324603,0.5195199339337233,0.010694357893142147,0.09848115471988846,0.20111326700344617,0.32362978333764136,0.26571501926727426,0.2095419303916381,0.008141,0.007626,0.011831,0.972402,0.694432,0.51534,0.155422,0.455065,0,0.17019128644979986,0.19589015059608195,0.2550206613741321,0.11106077567174964,0.694432
09_1_1_2_Ahappy_Vsad,9,male,1,1,2,09_03_01_01_02,09_04_01_01_02,1,0.5969408081947346,0.04757760363283625,0.07975824401059943,0.2757233441618298,0.19278741609616093,0.2859791307497784,0.30788012155070954,0.21335333160335115,0.004626,0.024107,0.005878,0.965388,0.457803,0.499893,0.201019,0.386238,0,0.4041533920985737,0.23840152711694212,0.2281218775401101,0.062370012558478655,0.499893
18_1_1_2_Aangry_Vangry,18,female,1,1,2,18_05_01_01_02,18_05_01_01_02,0,0.20107603952842285,0.6238070619871205,0.05644239545627528,0.11867450302818128,0.22772038203989955,0.29186647849773867,0.24470596694294275,0.23570717251941908,0.004626,0.024107,0.005878,0.965388,0.625592,0.473069,0.104974,0.401212,1,0.02664434251147671,0.3319405834893819,0.18826357148666747,0.1170326694912378,0.625592
13_2_1_2_Asad_Vsad,13,male,2,1,2,13_04_01_02_02,13_04_01_02_02,0,0.440381954583492,0.11546833397923302,0.07969377676440584,0.36445593467286913,0.22276185035659105,0.2510854949735443,0.2391050668270941,0.28704758784277046,0.008141,0.007626,0.011831,0.972402,0.359637,0.427752,0.078187,0.288525,0,0.21762010422690095,0.13561716099431131,0.15941129006268825,0.07740834683009867,0.427752
24_1_2_2_Acalm_Vangry,24,female,1,2,2,24_02_02_01_02,24_05_02_01_02,1,0.3995083357451294,0.1327052855011245,0.11888801815382123,0.34889836059992485,0.22359809390305357,0.30367108095049583,0.2495513940010041,0.2231794311454466,0.004626,0.024107,0.005878,0.965388,0.367494,0.487297,0.070104,0.308298,1,0.17591024184207582,0.17096579544937132,0.13066337584718285,0.12571892945447824,0.487297
20_1_2_1_Acalm_Vdisgust,20,female,1,2,1,20_02_02_01_01,20_07_02_01_01,0,0.4431831075274979,0.14261799998798974,0.0922141396135559,0.3219847528709565,0.22932941359463174,0.2593201172008587,0.26419500681557684,0.2471554623889327,0.004626,0.024107,0.005878,0.965388,0.39336,0.461406,0.072133,0.308966,1,0.21385369393286616,0.11670211721286894,0.17198086720202094,0.0748292904820238,0.461406
03_1_2_1_Asad_Vsad,3,male,1,2,1,03_04_02_01_01,03_04_02_01_01,0,0.8389678651391088,0.05056671441237503,0.06401436483602327,0.046451055612492735,0.26659869335777686,0.29151460873622964,0.2745674582875007,0.16731923961849277,0.004626,0.024107,0.005878,0.965388,0.794899,0.558956,0.256957,0.536937,0,0.572369171781332,0.2409478943238546,0.2105530934514774,0.12086818400600002,0.794899
13_1_1_2_Asad_Vsad,13,male,1,1,2,13_04_01_01_02,13_04_01_01_02,0,0.39802439316074034,0.18444967532670714,0.10261096343854705,0.3149149680740054,0.2293943592244481,0.2538054740037121,0.23260833676882395,0.2841918300030159,0.004626,0.024107,0.005878,0.965388,0.396217,0.42131,0.039761,0.285763,0,0.16863003393629225,0.06935579867700498,0.1299973733302769,0.030723138070989475,0.42131
24_1_2_2_Ahappy_Vangry,24,female,1,2,2,24_03_02_01_02,24_05_02_01_02,1,0.38822161578383646,0.4996807577139042,0.02172873971222947,0.09036888679002983,0.22359809390305357,0.30367108095049583,0.2495513940010041,0.2231794311454466,0.004626,0.024107,0.005878,0.965388,0.678479,0.487297,0.135586,0.433787,1,0.16462352188078289,0.19600967676340836,0.22782265428877463,0.13281054435541678,0.678479
21_2_1_2_Aangry_Vsad,21,male,2,1,2,21_05_01_02_02,21_04_01_02_02,1,0.37130455345324603,0.5195199339337233,0.010694357893142147,0.09848115471988846,0.22118935426407899,0.28665393831218333,0.2625996663560387,0.2295570410676991,0.008141,0.007626,0.011831,0.972402,0.694432,0.491119,0.161991,0.449181,0,0.15011519918916705,0.23286599562153998,0.25190530846289655,0.13107588634781064,0.694432
08_2_1_1_Aangry_Vangry,8,female,2,1,1,08_05_01_02_01,08_05_01_02_01,0,0.28541821557822056,0.6096981935311119,0.018943510992283093,0.08594007989838441,0.22569006016038523,0.2615671761961621,0.27302598217683427,0.23971678146661834,0.008141,0.007626,0.011831,0.972402,0.713673,0.479171,0.176782,0.456542,1,0.05972815541783533,0.3481310173349498,0.2540824711845512,0.15377670156823392,0.713673
02_1_1_2_Asurprised_Vfearful,2,female,1,1,2,02_08_01_01_02,02_06_01_01_02,0,0.24300674582745,0.612513600725399,0.009253369714514547,0.13522628373263648,0.2198320659257495,0.3007092008087468,0.2771032082392867,0.20235552502621695,0.004626,0.024107,0.005878,0.965388,0.606325,0.512793,0.158149,0.425756,1,0.023174679901700496,0.31180439991665215,0.2678498385247721,0.06712924129358047,0.606325
20_2_2_2_Asad_Vdisgust,20,female,2,2,2,20_04_02_02_02,20_07_02_02_02,1,0.7400609162708065,0.070615216759595,0.14409184074458978,0.04523202622500885,0.22798489301305763,0.2796478167736257,0.30721397603141953,0.18515331418189732,0.008141,0.007626,0.011831,0.972402,0.785894,0.545516,0.205634,0.512348,1,0.5120760232577488,0.2090326000140307,0.16312213528682976,0.13992128795688846,0.785894
06_2_2_1_Afearful_Vhappy,6,female,2,2,1,06_06_02_02_01,06_03_02_02_01,1,0.6166267843167427,0.25516713162995547,0.053551535823810704,0.07465454822949119,0.39955379899773136,0.28161526474027226,0.16758620872141178,0.15124472754058454,0.008141,0.007626,0.011831,0.972402,0.727383,0.594128,0.049145,0.456885,1,0.2170729853190113,0.026448133110316796,0.11403467289760108,0.07659017931109335,0.727383
06_2_2_1_Aangry_Vhappy,6,female,2,2,1,06_05_02_02_01,06_03_02_02_01,1,0.1922406140479463,0.7406324135545983,0.026137792611728185,0.04098917978572724,0.39955379899773136,0.28161526474027226,0.16758620872141178,0.15124472754058454,0.008141,0.007626,0.011831,0.972402,0.803938,0.594128,0.169655,0.522574,1,0.20731318494978507,0.45901714881432604,0.1414484161096836,0.1102555477548573,0.803938
18_2_1_1_Adisgust_Vhappy,18,female,2,1,1,18_07_01_02_01,18_03_01_02_01,1,0.3469013942173708,0.5306619762929868,0.02738667426300957,0.09504995522663287,0.4341391335795716,0.22607544345728697,0.17530055122572358,0.1644848717374178,0.008141,0.007626,0.011831,0.972402,0.694578,0.575661,0.099245,0.456495,1,0.0872377393622008,0.30458653283569986,0.14791387696271402,0.06943491651078493,0.694578
02_1_2_1_Ahappy_Vangry,2,female,1,2,1,02_03_02_01_01,02_05_02_01_01,1,0.39842692537180063,0.4916162999287273,0.01973368610628134,0.09022308859319067,0.20655977635545167,0.30116070952059604,0.24974657505151257,0.24253293907243967,0.004626,0.024107,0.005878,0.965388,0.679287,0.464821,0.148928,0.431012,1,0.19186714901634896,0.19045559040813126,0.23001288894523123,0.152309850479249,0.679287
20_2_2_2_Adisgust_Vhappy,20,female,2,2,2,20_07_02_02_02,20_03_02_02_02,1,0.4195761315226238,0.49800684045388416,0.036443325642538715,0.04597370238095332,0.3090714216969363,0.234918954239647,0.2632595974714945,0.19275002659192217,0.008141,0.007626,0.011831,0.972402,0.787858,0.536041,0.145733,0.489877,1,0.1105047098256875,0.2630878862142372,0.2268162718289558,0.14677632421096884,0.787858
09_2_1_1_Acalm_Vsurprised,9,male,2,1,1,09_02_01_02_01,09_08_01_02_01,0,0.5254583058823411,0.017737850527114952,0.25043664920002606,0.20636719439051787,0.22719742598095197,0.278271840233258,0.24861777324817658,0.24591296053761352,0.008141,0.007626,0.011831,0.972402,0.529239,0.47238,0.14466,0.382093,0,0.29826087990138916,0.26053398970614305,0.0018188759518494857,0.03954576614709565,0.529239
16_2_1_1_Ahappy_Vhappy,16,female,2,1,1,16_03_01_02_01,16_03_01_02_01,0,0.1799587378766871,0.7459632284608952,0.005723097130613207,0.06835493653180451,0.40616388211152327,0.21418062286959608,0.18832267012133344,0.19133282489754713,0.008141,0.007626,0.011831,0.972402,0.755165,0.539582,0.245062,0.51327,1,0.22620514423483618,0.5317826055912992,0.18259957299072024,0.12297788836574262,0.755165
04_2_1_2_Ahappy_Vsad,4,female,2,1,2,04_03_01_02_02,04_04_01_02_02,1,0.2887330680454278,0.5179436062779648,0.015444927300785706,0.1778783983758216,0.21464702843713276,0.26374624695583226,0.27886432051758897,0.242742404089446,0.008141,0.007626,0.011831,0.972402,0.573527,0.475712,0.141406,0.396882,1,0.07408603960829505,0.2541973593221325,0.26341939321680324,0.06486400571362441,0.573527
12_2_1_1_Ahappy_Vfearful,12,female,2,1,1,12_03_01_02_01,12_06_01_02_01,1,0.4977138419313391,0.27134034471306867,0.04361413767365005,0.1873316756819422,0.2142811560464472,0.27563362265456814,0.2837987120463994,0.22628650925258526,0.008141,0.007626,0.011831,0.972402,0.554036,0.494786,0.114202,0.387674,1,0.2834326858848919,0.004293277941499474,0.24018457437274934,0.038954833570643055,0.554036
15_2_1_1_Aangry_Vcalm,15,male,2,1,1,15_05_01_02_01,15_02_01_02_01,1,0.32395671730370285,0.5383887113034858,0.015742731222394897,0.12191184017041638,0.2350189252739484,0.25876330471189035,0.26656119648882065,0.2396565735253407,0.008141,0.007626,0.011831,0.972402,0.654035,0.479266,0.15269,0.428664,0,0.08893779202975444,0.2796254065915954,0.25081846526642576,0.11774473335492432,0.654035
03_1_2_2_Ahappy_Vsad,3,male,1,2,2,03_03_02_01_02,03_04_02_01_02,1,0.6606581524590665,0.19767875536432528,0.10226232220939505,0.03940076996721325,0.24392855898326193,0.29082435191496436,0.2874212208409926,0.17782586826078117,0.004626,0.024107,0.005878,0.965388,0.788717,0.544801,0.145842,0.49312,0,0.4167295934758045,0.09314559655063909,0.18515889863159754,0.13842509829356792,0.788717
18_2_1_2_Aneutral_Vsad,18,female,2,1,2,18_01_01_02_02,18_04_01_02_02,1,0.3853878993586751,0.18290595576312899,0.08265980661097362,0.3490463382672222,0.20626747048451075,0.27112786298421215,0.3168721958186584,0.2057324707126188,0.008141,0.007626,0.011831,0.972402,0.372276,0.519458,0.092435,0.328056,1,0.17912042887416438,0.08822190722108317,0.23421238920768478,0.1433138675546034,0.519458
02_2_2_1_Asad_Vsurprised,2,female,2,2,1,02_04_02_02_01,02_08_02_02_01,1,0.38079448594173854,0.3324734706809499,0.10076792615780412,0.18596411721950729,0.23788987903980627,0.26273613361518505,0.27447537383948944,0.2248986135055194,0.008141,0.007626,0.011831,0.972402,0.549727,0.496394,0.046439,0.364187,1,0.14290460690193227,0.06973733706576485,0.17370744768168533,0.038934496286012116,0.549727
15_2_1_1_Acalm_Vhappy,15,male,2,1,1,15_02_01_02_01,15_03_01_02_01,1,0.5257967252205279,0.13678882218375513,0.18770926817273637,0.1497051844229807,0.291346019733567,0.25648144681218643,0.21857338808198176,0.23359914537226487,0.008141,0.007626,0.011831,0.972402,0.597721,0.486853,0.045479,0.376684,0,0.2344507054869609,0.1196926246284313,0.030864119909245397,0.08389396094928417,0.597721
03_1_1_1_Aangry_Vhappy,3,male,1,1,1,03_05_01_01_01,03_03_01_01_01,1,0.2954079029364158,0.2985104897795845,0.10691126799404643,0.29917033928995324,0.37429744554766364,0.262181151096088,0.18801559229338896,0.17550581106285934,0.004626,0.024107,0.005878,0.965388,0.405218,0.550012,0.024113,0.326448,0,0.07888954261124786,0.03632933868349647,0.08110432429934253,0.1236645282270939,0.550012
01_1_2_1_Ahappy_Vhappy,1,male,1,2,1,01_03_02_01_01,01_03_02_01_01,0,0.439463339875222,0.31729994470990314,0.04433661281508551,0.19890010259978932,0.4042910095272537,0.2323022701874262,0.18825764553129465,0.1751490747540254,0.004626,0.024107,0.005878,0.965388,0.521532,0.552241,0.040401,0.371391,0,0.035172330347968295,0.08499767452247695,0.14392103271620915,0.02375102784576391,0.552241
08_1_2_2_Acalm_Vangry,8,female,1,2,2,08_02_02_01_02,08_05_02_01_02,1,0.393627083804007,0.2133788817603839,0.09608541130542426,0.29690862313018485,0.22896310874753342,0.2728166284432583,0.270371872496676,0.2278483903125322,0.004626,0.024107,0.005878,0.965388,0.412638,0.483068,0.052951,0.316219,1,0.1646639750564736,0.05943774668287444,0.17428646119125174,0.06906023281765264,0.483068
11_1_2_2_Adisgust_Vhappy,11,male,1,2,2,11_07_02_01_02,11_03_02_01_02,1,0.4730815955852563,0.3520283497004443,0.07135738801567178,0.10353266669862773,0.3142859633872121,0.23907057836572745,0.21370205126504258,0.2329414069820178,0.004626,0.024107,0.005878,0.965388,0.65632,0.479149,0.064711,0.40006,0,0.1587956321980442,0.11295777133471682,0.14234466324937078,0.12940874028339006,0.65632
01_1_2_2_Adisgust_Vcalm,1,male,1,2,2,01_07_02_01_02,01_02_02_01_02,0,0.6382558845476296,0.12318343671850471,0.10279323589332369,0.13576744284054204,0.2745221724962281,0.2571120687060862,0.22114766586754786,0.24721809293013766,0.004626,0.024107,0.005878,0.965388,0.619733,0.461627,0.098971,0.393444,0,0.3637337120514015,0.1339286319875815,0.11835442997422417,0.11145065008959562,0.619733
06_2_1_2_Asad_Vangry,6,female,2,1,2,06_04_01_02_02,06_05_01_02_02,1,0.3148035016250438,0.19831400223105602,0.10400885112527578,0.3828736450186244,0.20303775758788206,0.34272036763023905,0.2461808390740862,0.20806103570779266,0.008141,0.007626,0.011831,0.972402,0.339521,0.517462,0.063206,0.306729,1,0.11176574403716172,0.14440636539918303,0.14217198794881042,0.17481260931083176,0.517462
10_1_1_2_Afearful_Vangry,10,female,1,1,2,10_06_01_01_02,10_05_01_01_02,1,0.5689259043690134,0.16110711743744888,0.13451667763543879,0.13545030055809887,0.22480153588931961,0.24352381902296413,0.22637332918937994,0.3053013158983363,0.004626,0.024107,0.005878,0.965388,0.615174,0.400051,0.094492,0.369905,1,0.34412436847969374,0.08241670158551526,0.09185665155394115,0.16985101534023744,0.615174
13_2_1_2_Asad_Vhappy,13,male,2,1,2,13_04_01_02_02,13_03_01_02_02,1,0.440381954583492,0.11546833397923302,0.07969377676440584,0.36445593467286913,0.32239620586432655,0.2516499104024548,0.21651069782163637,0.20944318591158226,0.008141,0.007626,0.011831,0.972402,0.359637,0.515808,0.064244,0.313229,0,0.11798574871916545,0.13618157642322182,0.13681692105723053,0.15501274876128687,0.515808
10_1_2_2_Acalm_Vangry,10,female,1,2,2,10_02_02_01_02,10_05_02_01_02,1,0.2900254465355584,0.1757946438306808,0.14463012064434436,0.3895497889894164,0.23427657976640004,0.27397821617984447,0.2334707509081216,0.258274453145634,0.004626,0.024107,0.005878,0.965388,0.325508,0.448323,0.027196,0.267009,1,0.055748866769158356,0.09818357234916367,0.08884063026377725,0.13127533584378237,0.448323
22_1_2_1_Ahappy_Vsad,22,female,1,2,1,22_03_02_01_01,22_04_02_01_01,1,0.2977624019949872,0.60613580558898,0.017470622615931068,0.07863116980010178,0.21576791630191422,0.23811897198091136,0.2713697856708456,0.27474332604632873,0.004626,0.024107,0.005878,0.965388,0.69822,0.432107,0.203011,0.444446,1,0.081994485693073,0.3680168336080686,0.2538991630549145,0.19611215624622697,0.69822
09_2_1_2_Ahappy_Vsad,9,male,2,1,2,09_03_01_02_02,09_04_01_02_02,1,0.7107724952153712,0.021189579189985534,0.09146378608468095,0.17657413950996215,0.1967803230631919,0.2787253098352424,0.30401418581630785,0.22048018128525793,0.008141,0.007626,0.011831,0.972402,0.573725,0.501667,0.251413,0.442269,0,0.5139921721521793,0.25753573064525687,0.2125503997316269,0.04390604177529578,0.573725
21_1_2_2_Ahappy_Vangry,21,male,1,2,2,21_03_02_01_02,21_05_02_01_02,1,0.4271212041580417,0.37212500190274395,0.011868438519339724,0.18888535541987467,0.27595549949903886,0.2992906200372186,0.22726826272458334,0.19748561773915915,0.004626,0.024107,0.005878,0.965388,0.536815,0.519144,0.100251,0.385403,0,0.15116570465900286,0.07283438186552532,0.21539982420524362,0.008600262319284485,0.536815
08_2_2_1_Aangry_Vdisgust,8,female,2,2,1,08_05_02_02_01,08_07_02_02_01,1,0.15944945100178387,0.7947602509517971,0.013213914678451068,0.03257638336796779,0.2483078603523181,0.3065650896933482,0.28021654904284754,0.16491050091148612,0.008141,0.007626,0.011831,0.972402,0.829233,0.572758,0.230675,0.544222,1,0.08885840935053424,0.4881951612584489,0.2670026343643965,0.13233411754351834,0.829233
03_2_2_1_Aangry_Vangry,3,male,2,2,1,03_05_02_02_01,03_05_02_02_01,0,0.2698475521725829,0.6058794296248333,0.023427549330361373,0.10084546887222232,0.23044144728994068,0.26707635806575625,0.2384465214850006,0.26403567315930254,0.008141,0.007626,0.011831,0.972402,0.686405,0.452323,0.151119,0.429949,0,0.03940610488264221,0.3388030715590771,0.21501897215463922,0.16319020428708023,0.686405
06_1_2_1_Ahappy_Vangry,6,female,1,2,1,06_03_02_01_01,06_05_02_01_01,1,0.6139066107552956,0.2736294063627864,0.043034188293929014,0.06942979458798884,0.20883694256053237,0.34942157218711356,0.24514080729677773,0.19660067795557648,0.004626,0.024107,0.005878,0.965388,0.723331,0.518284,0.157801,0.466472,1,0.40506966819476325,0.07579216582432718,0.2021066190028487,0.12717088336758764,0.723331
01_1_1_1_Aangry_Vsad,1,male,1,1,1,01_05_01_01_01,01_04_01_01_01,1,0.29565629470907184,0.5647413210647997,0.013326695883994124,0.12627568834213435,0.20773206568006433,0.28646752161056926,0.24619309387843544,0.2596073188309311,0.004626,0.024107,0.005878,0.965388,0.619549,0.446261,0.147809,0.40454,0,0.08792422902900751,0.2782737994542304,0.2328663979944413,0.13333163048879673,0.619549
23_2_2_2_Aangry_Vhappy,23,male,2,2,2,23_05_02_02_02,23_03_02_02_02,1,0.08645997355927142,0.8996499096646299,0.003585689284431501,0.010304427491667004,0.25953287570970884,0.23964351596219732,0.29241875872571677,0.20840484960237704,0.008141,0.007626,0.011831,0.972402,0.900914,0.51612,0.392974,0.603336,0,0.1730729021504374,0.6600063937024325,0.2888330694412853,0.19810042211071005,0.900914
04_1_2_1_Afearful_Vdisgust,4,female,1,2,1,04_06_02_01_01,04_07_02_01_01,0,0.5003795155872729,0.3547985080297901,0.053290226696421875,0.091531749686515,0.19162589612487466,0.3334951050868621,0.29097240529217244,0.18390659349609065,0.004626,0.024107,0.005878,0.965388,0.677867,0.535154,0.128228,0.447083,1,0.3087536194623982,0.02130340294292804,0.23768217859575058,0.09237484380957565,0.677867
18_1_2_2_Asad_Vhappy,18,female,1,2,2,18_04_02_01_02,18_03_02_01_02,1,0.6711624747348552,0.2050645212642334,0.07469109517530674,0.04908190882560457,0.4150271769038379,0.2415326360487872,0.1863392091651759,0.15710097788219904,0.004626,0.024107,0.005878,0.965388,0.767496,0.576535,0.062323,0.468785,1,0.25613529783101735,0.03646811478455378,0.11164811398986917,0.10801906905659447,0.767496
20_2_2_2_Acalm_Vsad,20,female,2,2,2,20_02_02_02_02,20_04_02_02_02,1,0.5088919682909964,0.1393920276814374,0.07000525460643592,0.2817107494211304,0.2680010374957949,0.23710418943894077,0.2856975139590062,0.20919725910625794,0.008141,0.007626,0.011831,0.972402,0.44186,0.515196,0.091117,0.349391,1,0.24089093079520146,0.09771216175750336,0.2156922593525703,0.07251349031487245,0.515196
06_2_1_1_Acalm_Vsad,6,female,2,1,1,06_02_01_02_01,06_04_01_02_01,1,0.4410413124711322,0.059011063723596914,0.18082984461833934,0.3191177791869316,0.19548194834076763,0.32184251864355495,0.27254875178664584,0.21012678122903164,0.008141,0.007626,0.011831,0.972402,0.400564,0.514593,0.121929,0.345695,1,0.24555936413036458,0.262831454919958,0.0917189071683065,0.10899099795789999,0.514593
01_1_1_1_Ahappy_Vhappy,1,male,1,1,1,01_03_01_01_01,01_03_01_01_01,0,0.476143198141112,0.22379455730799397,0.035226981019301044,0.26483526353159303,0.37108103556389943,0.24232313363268718,0.19345009705914992,0.19314573374426355,0.004626,0.024107,0.005878,0.965388,0.449751,0.527932,0.052504,0.343396,0,0.10506216257721257,0.018528576324693208,0.15822311603984887,0.07168952978732948,0.527932
24_2_1_2_Aangry_Vangry,24,female,2,1,2,24_05_01_02_02,24_05_01_02_02,0,0.24734022746845097,0.5439497195754597,0.03900420460823514,0.16970584834785432,0.21956151043642236,0.2872575075020801,0.24641347551705023,0.2467675065444474,0.008141,0.007626,0.011831,0.972402,0.578845,0.471494,0.095425,0.381921,1,0.02777871703202861,0.25669221207337956,0.20740927090881509,0.07706165819659308,0.578845
18_2_1_2_Adisgust_Vangry,18,female,2,1,2,18_07_01_02_02,18_05_01_02_02,1,0.3220021894780888,0.48421636120039635,0.04751930866434204,0.1462621406571727,0.22694921653286085,0.2773631658781503,0.24631430309394012,0.2493733144950488,0.008141,0.007626,0.011831,0.972402,0.609757,0.468502,0.089415,0.389225,1,0.09505297294522794,0.20685319532224605,0.19879499442959808,0.1031111738378761,0.609757
15_1_1_2_Asurprised_Vsad,15,male,1,1,2,15_08_01_01_02,15_04_01_01_02,1,0.5053350659463285,0.28196498169403555,0.021236282255190312,0.1914636701044457,0.22105746006266086,0.24982104598629798,0.2407781566092698,0.2883433373417715,0.004626,0.024107,0.005878,0.965388,0.535457,0.417132,0.12686,0.359816,0,0.28427760588366763,0.032143935707737575,0.21954187435407949,0.09687966723732577,0.535457
02_1_2_1_Asad_Vsurprised,2,female,1,2,1,02_04_02_01_01,02_08_02_01_01,1,0.485712456024386,0.17103888946668266,0.13418395111256043,0.20906470339637095,0.23843397696366495,0.26818906204093534,0.28093618214436133,0.2124407788510385,0.004626,0.024107,0.005878,0.965388,0.514097,0.501773,0.058023,0.357964,1,0.24727847906072106,0.09715017257425268,0.1467522310318009,0.003376075454667532,0.514097
19_2_1_2_Aangry_Vfearful,19,male,2,1,2,19_05_01_02_02,19_06_01_02_02,1,0.2082297407889212,0.6750067279094785,0.02151361907987948,0.09524991222172087,0.22805014851329897,0.26257616350926416,0.23803822129762736,0.2713354666798096,0.008141,0.007626,0.011831,0.972402,0.697544,0.444417,0.176128,0.439363,0,0.019820407724377764,0.4124305644002143,0.21652460221774789,0.17608555445808877,0.697544
17_2_1_2_Aangry_Vangry,17,male,2,1,2,17_05_01_02_02,17_05_01_02_02,0,0.4937682191104565,0.15201015409117805,0.13625060075973708,0.2179710260386285,0.2192810668684026,0.2436325482777506,0.23719992675913062,0.29988645809471615,0.008141,0.007626,0.011831,0.972402,0.509328,0.414535,0.061493,0.328452,0,0.2744871522420539,0.09162239418657256,0.10094932599939355,0.08191543205608764,0.509328
13_2_2_2_Ahappy_Vsurprised,13,male,2,2,2,13_03_02_02_02,13_08_02_02_02,1,0.23587062613345064,0.6276172564607647,0.00678824162661173,0.12972387577917283,0.23461521574717556,0.2566946089981689,0.2343536640170587,0.2743365112375969,0.008141,0.007626,0.011831,0.972402,0.647599,0.441219,0.175239,0.421352,0,0.0012554103862750798,0.3709226474625958,0.22756542239044697,0.14461263545842407,0.647599
09_1_2_2_Asad_Vcalm,9,male,1,2,2,09_04_02_01_02,09_02_02_01_02,1,0.7121555192784563,0.012688629348057482,0.15187849865633504,0.1232773527171511,0.220246401794021,0.2565731855706391,0.2839168278727511,0.23926358476258888,0.004626,0.024107,0.005878,0.965388,0.667244,0.470542,0.224529,0.454105,0,0.49190911748443533,0.2438845562225816,0.13203832921641603,0.11598623204543779,0.667244
05_1_1_1_Asad_Vhappy,5,male,1,1,1,05_04_01_01_01,05_03_01_01_01,1,0.4039893999397896,0.0423433717035612,0.11066381913634472,0.44300340922030446,0.30110016887490737,0.2483460708935497,0.26892893698301346,0.18162482324852938,0.004626,0.024107,0.005878,0.965388,0.30092,0.541938,0.128965,0.323941,0,0.10288923106488224,0.2060026991899885,0.15826511784666875,0.2613785859717751,0.541938
13_1_2_2_Adisgust_Vhappy,13,male,1,2,2,13_07_02_01_02,13_03_02_01_02,1,0.30291610729890966,0.4490813345467126,0.01786230024136914,0.23014025791300866,0.3743754255110723,0.2480197377948906,0.19761337101819348,0.17999146567584365,0.004626,0.024107,0.005878,0.965388,0.481967,0.544704,0.089474,0.372048,0,0.07145931821216261,0.20106159675182203,0.17975107077682434,0.05014879223716501,0.544704
21_2_1_2_Ahappy_Vsad,21,male,2,1,2,21_03_01_02_02,21_04_01_02_02,1,0.49569281786586505,0.2301457164478872,0.04218778261530935,0.23197368307093824,0.22118935426407899,0.28665393831218333,0.2625996663560387,0.2295570410676991,0.008141,0.007626,0.011831,0.972402,0.499447,0.491119,0.105127,0.365231,0,0.27450346360178607,0.05650822186429613,0.22041188374072934,0.002416642003239128,0.499447
02_1_2_1_Aangry_Vhappy,2,female,1,2,1,02_05_02_01_01,02_03_02_01_01,1,0.052692876527364124,0.9150327578490653,0.003644223933933777,0.028630141689636672,0.4337048499112478,0.22582146989501842,0.17204871654381496,0.1684249636499188,0.004626,0.024107,0.005878,0.965388,0.809368,0.562019,0.3985,0.589962,1,0.3810119733838837,0.689211287954047,0.1684044926098812,0.13979482196028212,0.809368
03_2_1_2_Adisgust_Vhappy,3,male,2,1,2,03_07_01_02_02,03_03_01_02_02,1,0.6990555009325118,0.1785036154064376,0.0526043709364189,0.06983651272463168,0.3457915100098112,0.26752874958352835,0.19767076470908782,0.18900897569757263,0.008141,0.007626,0.011831,0.972402,0.738004,0.541947,0.103252,0.461068,0,0.3532639909227006,0.08902513417709074,0.14506639377266892,0.11917246297294096,0.738004
04_2_2_2_Ahappy_Vangry,4,female,2,2,2,04_03_02_02_02,04_05_02_02_02,1,0.4428875586947954,0.4468733865148108,0.0398730039090543,0.0703660508813395,0.21195908738027522,0.2895604625350361,0.2679897547324526,0.23049069535223596,0.008141,0.007626,0.011831,0.972402,0.736758,0.490027,0.14294,0.456575,1,0.23092847131452018,0.1573129239797747,0.22811675082339833,0.16012464447089647,0.736758
24_1_2_2_Ahappy_Vcalm,24,female,1,2,2,24_03_02_01_02,24_02_02_01_02,1,0.38822161578383646,0.4996807577139042,0.02172873971222947,0.09036888679002983,0.28463935452342104,0.2457662084979977,0.2315601684071651,0.23803426857141616,0.004626,0.024107,0.005878,0.965388,0.678479,0.472698,0.135599,0.428925,1,0.10358226126041542,0.2539145492159065,0.20983142869493562,0.14766538178138633,0.678479
20_2_2_2_Ahappy_Vsad,20,female,2,2,2,20_03_02_02_02,20_04_02_02_02,1,0.3803437183261,0.5164688518018624,0.062338472869450094,0.040848957002587574,0.2680010374957949,0.23710418943894077,0.2856975139590062,0.20919725910625794,0.008141,0.007626,0.011831,0.972402,0.795798,0.515196,0.146047,0.48568,1,0.11234268083030508,0.2793646623629217,0.22335904108955612,0.16834830210367036,0.795798
09_1_1_1_Asad_Vneutral,9,male,1,1,1,09_04_01_01_01,09_01_01_01_01,1,0.38421561612186833,0.007493953814251214,0.2380464767052385,0.3702439533586419,0.20948907635364847,0.25235044637167087,0.2656916730361061,0.2724688042385746,0.004626,0.024107,0.005878,0.965388,0.380701,0.433808,0.130184,0.314898,0,0.17472653976821986,0.24485649255741965,0.027645196330867566,0.0977751491200673,0.433808
08_2_1_1_Ahappy_Vsad,8,female,2,1,1,08_03_01_02_01,08_04_01_02_01,1,0.5929399422202812,0.19152273250651647,0.029754441711762714,0.18578288356143963,0.23534979727632788,0.246757644217622,0.31278400648246574,0.20510855202358422,0.008141,0.007626,0.011831,0.972402,0.559761,0.520103,0.158739,0.412868,1,0.35759014494395336,0.05523491171110553,0.283029564770703,0.01932566846214459,0.559761
09_1_2_1_Ahappy_Vangry,9,male,1,2,1,09_03_02_01_01,09_05_02_01_01,1,0.7562667184797637,0.12941791626615629,0.04295420669941628,0.07136115855466388,0.20771034813425146,0.3093257181217992,0.26764129828016814,0.21532263546378116,0.004626,0.024107,0.005878,0.965388,0.731136,0.4965,0.239592,0.489076,0,0.5485563703455122,0.17990780185564292,0.22468709158075187,0.1439614769091173,0.731136
19_2_2_2_Afearful_Vsurprised,19,male,2,2,2,19_06_02_02_02,19_08_02_02_02,0,0.6819429048144807,0.08505435693388783,0.20303454049780756,0.029968197753823866,0.25190746173533035,0.3156836908348085,0.237700124172711,0.1947087232571502,0.008141,0.007626,0.011831,0.972402,0.818875,0.533937,0.174801,0.509205,0,0.43003544307915037,0.2306293339009207,0.03466558367490344,0.16474052550332632,0.818875
13_2_1_2_Afearful_Vangry,13,male,2,1,2,13_06_01_02_02,13_05_01_02_02,1,0.2837192471048635,0.5008313710547189,0.015225210890075119,0.2002241709503425,0.23117786287382724,0.2575473147457261,0.23805432089993875,0.27322050148050786,0.008141,0.007626,0.011831,0.972402,0.54463,0.442376,0.119781,0.368929,0,0.05254138423103627,0.24328405630899275,0.22282911000986363,0.07299633053016535,0.54463
02_2_2_1_Ahappy_Vsurprised,2,female,2,2,1,02_03_02_02_01,02_08_02_02_01,1,0.44227135607580936,0.3493409656306861,0.018685710278422165,0.18970196801508232,0.23788987903980627,0.26273613361518505,0.27447537383948944,0.2248986135055194,0.008141,0.007626,0.011831,0.972402,0.556278,0.496394,0.124444,0.392372,1,0.2043814770360031,0.08660483201550107,0.2557896635610673,0.03519664549043708,0.556278
20_1_1_2_Aangry_Vhappy,20,female,1,1,2,20_05_01_01_02,20_03_01_01_02,1,0.1694953437469897,0.7442226029544526,0.014770737869514158,0.07151131542904343,0.2873102136969295,0.22894743842658172,0.2549519578213635,0.2287903900551252,0.004626,0.024107,0.005878,0.965388,0.710685,0.484349,0.239492,0.478175,1,0.11781486994993978,0.5152751645278709,0.24018121995184932,0.15727907462608176,0.710685
09_2_1_2_Ahappy_Vangry,9,male,2,1,2,09_03_01_02_02,09_05_01_02_02,1,0.7107724952153712,0.021189579189985534,0.09146378608468095,0.17657413950996215,0.2165624581059968,0.28075001245803516,0.25031829419045165,0.25236923524551635,0.008141,0.007626,0.011831,0.972402,0.573725,0.465148,0.228262,0.422378,0,0.4942100371093744,0.2595604332680496,0.1588545081057707,0.07579509573555421,0.573725
15_2_2_1_Asad_Vsad,15,male,2,2,1,15_04_02_02_01,15_04_02_02_01,0,0.65375215318414,0.17103862106362128,0.036991873248455,0.13821735250378359,0.22889900296002064,0.2617582417591731,0.2685804042700498,0.24076235101075646,0.008141,0.007626,0.011831,0.972402,0.625113,0.478002,0.165394,0.422836,0,0.4248531502241194,0.09071962069555184,0.23158853102159482,0.10254499850697288,0.625113
23_1_1_1_Asurprised_Vhappy,23,male,1,1,1,23_08_01_01_01,23_03_01_01_01,1,0.37579533952115224,0.5024079155209478,0.009188232503316962,0.11260851245458299,0.24588720978322834,0.24297816331050817,0.30148602279199915,0.20964860411426425,0.004626,0.024107,0.005878,0.965388,0.643765,0.506476,0.179299,0.44318,0,0.1299081297379239,0.2594297522104396,0.2922977902886822,0.09704009165968126,0.643765
01_2_1_2_Ahappy_Vcalm,1,male,2,1,2,01_03_01_02_02,01_02_01_02_02,1,0.5100201344575355,0.21938110003866096,0.04634473462299631,0.2242540308808074,0.23947566915852964,0.2631856065932376,0.2330233068292564,0.26431541741897646,0.008141,0.007626,0.011831,0.972402,0.508077,0.452061,0.087791,0.34931,0,0.27054446529900583,0.04380450655457663,0.18667857220626008,0.04006138653816907,0.508077
08_1_1_1_Asad_Vsad,8,female,1,1,1,08_04_01_01_01,08_04_01_01_01,0,0.4202617470306995,0.11586232454651212,0.11367451953926488,0.35020140888352347,0.22943664601441915,0.24367519889930636,0.3036546941002447,0.22323346098602972,0.004626,0.024107,0.005878,0.965388,0.368422,0.489991,0.079863,0.312759,1,0.19082510101628036,0.12781287435279426,0.18998017456097982,0.12696794789749374,0.489991
16_1_2_1_Aangry_Vangry,16,female,1,2,1,16_05_02_01_01,16_05_02_01_01,0,0.053921983191168414,0.938332491876669,9.386317992719882e-05,0.007651661752235353,0.23071324824679484,0.2912722125280878,0.24880296722411324,0.22921157200100412,0.004626,0.024107,0.005878,0.965388,0.874453,0.480673,0.389776,0.581634,1,0.17679126505562642,0.6470602793485811,0.24870910404418603,0.22155991024876875,0.874453
17_2_1_2_Afearful_Vangry,17,male,2,1,2,17_06_01_02_02,17_05_01_02_02,1,0.35063665459705046,0.5279998031525138,0.04044224656003007,0.0809212956904056,0.2192810668684026,0.2436325482777506,0.23719992675913062,0.29988645809471615,0.008141,0.007626,0.011831,0.972402,0.717078,0.414535,0.153724,0.428445,0,0.13135558772864786,0.2843672548747632,0.19675768019910056,0.21896516240431055,0.717078
10_2_1_1_Asad_Vhappy,10,female,2,1,1,10_04_01_02_01,10_03_01_02_01,1,0.3777053930518305,0.0778976709750081,0.17775751500111045,0.366639420972051,0.33929513672137546,0.25187868096777694,0.21385562791836302,0.1949705543924847,0.008141,0.007626,0.011831,0.972402,0.354048,0.533979,0.05602,0.314682,1,0.03841025633045503,0.17398100999276883,0.03609811291725257,0.1716688665795663,0.533979
20_2_2_1_Asad_Vsad,20,female,2,2,1,20_04_02_02_01,20_04_02_02_01,0,0.5345898569607204,0.08265460692731434,0.2105477338121785,0.17220780229978672,0.24338016778819954,0.23139369664399556,0.26678005684259154,0.2584460787252135,0.008141,0.007626,0.011831,0.972402,0.567653,0.458108,0.07541,0.367057,1,0.2912096891725208,0.1487390897166812,0.056232323030413034,0.08623827642542681,0.567653
07_1_2_2_Ahappy_Vsad,7,male,1,2,2,07_03_02_01_02,07_04_02_01_02,1,0.37453466280828296,0.47711485237654294,0.06110481247812502,0.087245672337049,0.2401579090392704,0.30501067527603115,0.2729036916849276,0.18192772399977078,0.004626,0.024107,0.005878,0.965388,0.680902,0.538796,0.089086,0.436261,0,0.13437675376901256,0.1721041771005118,0.2117988792068026,0.09468205166272178,0.680902
09_2_2_1_Ahappy_Vangry,9,male,2,2,1,09_03_02_02_01,09_05_02_02_01,1,0.6700991296874199,0.23483006741002385,0.029503744448563973,0.06556705845399227,0.20069155370156863,0.31083408738395557,0.27978093333956183,0.208693425574914,0.008141,0.007626,0.011831,0.972402,0.749495,0.516201,0.212846,0.492847,0,0.46940757598585126,0.07600401997393172,0.25027718889099787,0.14312636712092172,0.749495
15_1_1_1_Aangry_Vangry,15,male,1,1,1,15_05_01_01_01,15_05_01_01_01,0,0.19797375353883867,0.7142339236968062,0.014878356195232508,0.07291396656912268,0.22005436536224643,0.27072211785046735,0.23625327568412893,0.2729702411031573,0.004626,0.024107,0.005878,0.965388,0.708155,0.432422,0.204376,0.448318,0,0.02208061182340776,0.4435118058463388,0.22137491948889643,0.20005627453403463,0.708155
22_2_1_1_Aangry_Vsad,22,female,2,1,1,22_05_01_02_01,22_04_01_02_01,1,0.2299192964941915,0.6397006788859749,0.015142797953115926,0.11523722666671754,0.217472819377728,0.22768779522524155,0.25859509320576396,0.2962442921912664,0.008141,0.007626,0.011831,0.972402,0.666009,0.418038,0.197998,0.427348,1,0.012446477116463489,0.4120128836607334,0.24345229525264803,0.18100706552454887,0.666009
10_1_1_2_Aangry_Vfearful,10,female,1,1,2,10_05_01_01_02,10_06_01_01_02,1,0.39451358783865764,0.2998625992965287,0.09900229178904818,0.20662152107576556,0.22091220470240844,0.2578610201855951,0.2320306042647762,0.2891961708472202,0.004626,0.024107,0.005878,0.965388,0.509822,0.41586,0.043866,0.323183,1,0.1736013831362492,0.04200157911093361,0.13302831247572802,0.08257464977145465,0.509822
07_2_2_2_Acalm_Vsurprised,7,male,2,2,2,07_02_02_02_02,07_08_02_02_02,0,0.5357307679236233,0.0779446476025758,0.13896127035859118,0.24736331411520968,0.22174951076917523,0.26807340156276177,0.276605213301653,0.2335718743664098,0.008141,0.007626,0.011831,0.972402,0.477356,0.48626,0.105139,0.356252,0,0.313981257154448,0.19012875396018597,0.13764394294306181,0.013791439748799872,0.48626
08_1_2_2_Ahappy_Vcalm,8,female,1,2,2,08_03_02_01_02,08_02_02_01_02,1,0.6549192244826576,0.2150149853115459,0.03875121910676769,0.09131457109902859,0.30163238310222307,0.24308808300637377,0.25341745541855165,0.20186207847285154,0.004626,0.024107,0.005878,0.965388,0.686973,0.516289,0.12783,0.443697,1,0.35328684138043454,0.02807309769482788,0.21466623631178397,0.11054750737382295,0.686973
02_1_1_2_Asad_Vhappy,2,female,1,1,2,02_04_01_01_02,02_03_01_01_02,1,0.31797651683932077,0.37134869413773597,0.06755396833236778,0.24312082069057545,0.3368570357004941,0.23991113598248107,0.20058707232124043,0.22264475599578437,0.004626,0.024107,0.005878,0.965388,0.46461,0.491426,0.035688,0.330575,1,0.018880518861173312,0.1314375581552549,0.13303310398887264,0.020476064694791074,0.491426
15_2_1_1_Asad_Vdisgust,15,male,2,1,1,15_04_01_02_01,15_07_01_02_01,1,0.5552752441321618,0.1510846592767996,0.054017533782103895,0.23962256280893485,0.20008317077669727,0.31909163087897474,0.29956327848970093,0.18126191985462708,0.008141,0.007626,0.011831,0.972402,0.490155,0.550933,0.155508,0.398865,0,0.35519207335546454,0.16800697160217515,0.24554574470759705,0.05836064295430776,0.550933
16_2_2_1_Ahappy_Vdisgust,16,female,2,2,1,16_03_02_02_01,16_07_02_02_01,1,0.18252567813927575,0.7676982547450307,0.005381143884405048,0.04439492323128847,0.2710281027796396,0.2549864034914448,0.2810598379515551,0.19292565577736046,0.008141,0.007626,0.011831,0.972402,0.805533,0.535583,0.263417,0.534844,1,0.08850242464036387,0.512711851253586,0.27567869406715007,0.148530732546072,0.805533
01_2_2_1_Afearful_Vangry,1,male,2,2,1,01_06_02_02_01,01_05_02_02_01,1,0.6006795433762818,0.17589888201225096,0.137340195032641,0.08608137957882636,0.22380534934463192,0.3408545514159824,0.2369646109123884,0.19837548832699725,0.008141,0.007626,0.011831,0.972402,0.700819,0.529513,0.109941,0.446758,0,0.3768741940316499,0.16495566940373146,0.09962441587974741,0.11229410874817089,0.700819
06_1_1_2_Aangry_Vhappy,6,female,1,1,2,06_05_01_01_02,06_03_01_01_02,1,0.1299699924599982,0.7857933213539722,0.02388348697251632,0.06035319921351334,0.3782669464595421,0.27834447735344336,0.18212167939302887,0.16126689679398565,0.004626,0.024107,0.005878,0.965388,0.731,0.568704,0.203503,0.501069,1,0.2482969539995439,0.5074488440005288,0.15823819242051254,0.1009136975804723,0.731
15_2_1_1_Adisgust_Vangry,15,male,2,1,1,15_07_01_02_01,15_05_01_02_01,1,0.5932818844897356,0.10702647318336907,0.10135140748440478,0.19834023484249058,0.2219742815993685,0.25214711109810917,0.2440351457663676,0.28184346153615486,0.008141,0.007626,0.011831,0.972402,0.537118,0.433157,0.112239,0.360838,0,0.3713076028903671,0.1451206379147401,0.1426837382819628,0.08350322669366428,0.537118
16_1_2_2_Asad_Vangry,16,female,1,2,2,16_04_02_01_02,16_05_02_01_02,1,0.5747622106150473,0.16934269233732419,0.10112664482287786,0.15476845222475072,0.23352590804307188,0.29878611790793536,0.25041626243049037,0.21727171161850237,0.004626,0.024107,0.005878,0.965388,0.587142,0.494584,0.094117,0.391948,1,0.3412363025719754,0.12944342557061117,0.1492896176076125,0.06250325939375165,0.587142
12_2_1_1_Aangry_Vfearful,12,female,2,1,1,12_05_01_02_01,12_06_01_02_01,1,0.4056767484269552,0.34873985404748903,0.040519080268924944,0.20506431725663077,0.2142811560464472,0.27563362265456814,0.2837987120463994,0.22628650925258526,0.008141,0.007626,0.011831,0.972402,0.531586,0.494786,0.099179,0.375184,1,0.19139559238050802,0.07310623139292088,0.24327963177747444,0.021222191995954487,0.531586
01_2_1_2_Aangry_Vsad,1,male,2,1,2,01_05_01_02_02,01_04_01_02_02,1,0.36979485667318107,0.4863353557481738,0.021160468073364077,0.12270931950528093,0.20824725696770902,0.28997261560550275,0.2483576717733127,0.25342245565347554,0.008141,0.007626,0.011831,0.972402,0.650616,0.464064,0.132615,0.415765,0,0.16154759970547206,0.19636274014267108,0.2271972036999486,0.13071313614819463,0.650616
24_1_1_1_Asad_Vsad,24,female,1,1,1,24_04_01_01_01,24_04_01_01_01,0,0.40473735198870225,0.09348384258537387,0.09069166288039769,0.4110871425455263,0.22451062849139305,0.24815173970847187,0.2712477894973641,0.2560898423027711,0.004626,0.024107,0.005878,0.965388,0.317318,0.451938,0.092175,0.287144,1,0.1802267234973092,0.154667897123098,0.1805561266169664,0.1549973002427552,0.451938
02_1_1_2_Adisgust_Vfearful,2,female,1,1,2,02_07_01_01_02,02_06_01_01_02,0,0.42288554158563657,0.29611964865727697,0.045029549764844266,0.23596525999224227,0.2198320659257495,0.3007092008087468,0.2771032082392867,0.20235552502621695,0.004626,0.024107,0.005878,0.965388,0.477437,0.512793,0.091537,0.360589,1,0.20305347565988707,0.004589552151469833,0.23207365847444242,0.03360973496602532,0.512793
04_2_2_1_Ahappy_Vhappy,4,female,2,2,1,04_03_02_02_01,04_03_02_02_01,0,0.19152606502878375,0.7285103005339102,0.01192184088228018,0.06804179355502571,0.34198511506519985,0.2621380387485441,0.21460955197898932,0.18126729420726667,0.008141,0.007626,0.011831,0.972402,0.751671,0.551675,0.19674,0.500028,1,0.1504590500364161,0.4663722617853661,0.20268771109670913,0.11322550065224096,0.751671
13_2_2_2_Acalm_Vsurprised,13,male,2,2,2,13_02_02_02_02,13_08_02_02_02,0,0.4272993645714266,0.12100974402741968,0.045593361882679095,0.40609752951847466,0.23461521574717556,0.2566946089981689,0.2343536640170587,0.2743365112375969,0.008141,0.007626,0.011831,0.972402,0.326061,0.441219,0.098,0.288427,0,0.19268414882425103,0.13568486497074925,0.1887603021343796,0.13176101828087777,0.441219
01_1_2_1_Ahappy_Vsad,1,male,1,2,1,01_03_02_01_01,01_04_02_01_01,1,0.439463339875222,0.31729994470990314,0.04433661281508551,0.19890010259978932,0.20308298043495432,0.3148438315534141,0.246939257951807,0.23513393005982464,0.004626,0.024107,0.005878,0.965388,0.521532,0.472815,0.089227,0.361191,0,0.2363803594402677,0.002456113156489026,0.2026026451367215,0.03623382746003531,0.521532
24_2_1_1_Asad_Vneutral,24,female,2,1,1,24_04_01_02_01,24_01_01_02_01,1,0.480397491931117,0.07340116799183906,0.10726707177150657,0.33893426830553736,0.23592561491175315,0.2521089860100059,0.2650632389649789,0.24690216011326202,0.008141,0.007626,0.011831,0.972402,0.383548,0.471023,0.098263,0.317612,1,0.24447187701936388,0.17870781801816688,0.15779616719347234,0.09203210819227534,0.471023
24_2_1_2_Ahappy_Vsad,24,female,2,1,2,24_03_01_02_02,24_04_01_02_02,1,0.46770105426331005,0.29086850327953556,0.035977042601367575,0.20545339985578678,0.22406205181821848,0.24451314159098878,0.2598923068367999,0.2715324997539927,0.008141,0.007626,0.011831,0.972402,0.532138,0.443956,0.105332,0.360475,1,0.24363900244509157,0.04635536168854679,0.22391526423543234,0.0660790998982059,0.532138
02_2_1_1_Asad_Vhappy,2,female,2,1,1,02_04_01_02_01,02_03_01_02_01,1,0.3197306827330358,0.2888545305067069,0.03286612280389553,0.35854866395636187,0.3471072659392479,0.23927407705494122,0.20010004926250047,0.21351860774331044,0.008141,0.007626,0.011831,0.972402,0.368906,0.511243,0.063595,0.314581,1,0.027376583206212113,0.04958045345176568,0.16723392645860494,0.14503005621305143,0.511243
01_2_1_1_Asad_Vsad,1,male,2,1,1,01_04_01_02_01,01_04_01_02_01,0,0.41225675948766627,0.14372894216384424,0.10694703184204503,0.3370672665064445,0.20178581651486058,0.28073378967334933,0.25497563832185116,0.26250475548993885,0.008141,0.007626,0.011831,0.972402,0.382724,0.453967,0.068637,0.301776,0,0.2104709429728057,0.1370048475095051,0.14802860647980615,0.07456251101650563,0.453967
20_1_2_1_Ahappy_Vhappy,20,female,1,2,1,20_03_02_01_01,20_03_02_01_01,0,0.22733953970229243,0.648990287470794,0.026381225498989417,0.09728894732792423,0.33474201213346405,0.22494533224756935,0.21964403516532127,0.22066862045364524,0.004626,0.024107,0.005878,0.965388,0.662962,0.494525,0.165165,0.440884,1,0.10740247243117163,0.42404495522322466,0.19326280966633186,0.12337967312572101,0.662962
15_2_2_1_Aangry_Vangry,15,male,2,2,1,15_05_02_02_01,15_05_02_02_01,0,0.2817613191028749,0.6743876202792135,0.009289441013415807,0.0345616196044958,0.21962972363840982,0.26006345793475827,0.23890437977161844,0.28140243865521347,0.008141,0.007626,0.011831,0.972402,0.824028,0.433703,0.246211,0.501314,0,0.06213159546446506,0.41432416234445524,0.22961493875820263,0.24684081905071767,0.824028
04_2_2_2_Aangry_Vsad,4,female,2,2,2,04_05_02_02_02,04_04_02_02_02,1,0.1342963064024812,0.8347231594881435,0.0044033199406608384,0.02657721416871443,0.2403904504332802,0.28406488944617647,0.2918893598006671,0.18365530031987623,0.008141,0.007626,0.011831,0.972402,0.850848,0.547538,0.292312,0.563566,1,0.106094144030799,0.550658270041967,0.28748603986000626,0.1570780861511618,0.850848
17_1_1_2_Asad_Vcalm,17,male,1,1,2,17_04_01_01_02,17_02_01_01_02,1,0.5286189337135327,0.11893326013028051,0.1440116692858834,0.20843613687030338,0.21842678684242844,0.2605115894076505,0.2876776101265372,0.23338401362338376,0.004626,0.024107,0.005878,0.965388,0.520141,0.477159,0.085499,0.360933,0,0.3101921468711043,0.14157832927737002,0.1436659408406538,0.024947876753080384,0.520141
14_2_1_2_Aangry_Vsad,14,female,2,1,2,14_05_01_02_02,14_04_01_02_02,1,0.08982729394746304,0.8670945091160598,0.0053651633544047625,0.037713033582072335,0.21413432819747558,0.2529145623968367,0.25384702397828496,0.2791040854274029,0.008141,0.007626,0.011831,0.972402,0.824373,0.435977,0.333086,0.531146,1,0.12430703425001254,0.614179946719223,0.2484818606238802,0.24139105184533055,0.824373
21_2_2_1_Ahappy_Vangry,21,male,2,2,1,21_03_02_02_01,21_05_02_02_01,1,0.5597347385829263,0.24243402387013802,0.024741732463822896,0.17308950508311277,0.2205542255315084,0.3252772980197952,0.248615476159605,0.20555300028909138,0.008141,0.007626,0.011831,0.972402,0.577156,0.520337,0.137163,0.411552,0,0.33918051305141794,0.0828432741496572,0.2238737436957821,0.032463495205978604,0.577156
05_2_1_1_Ahappy_Vangry,5,male,2,1,1,05_03_01_02_01,05_05_01_02_01,1,0.5016581270910524,0.18563719215371235,0.03387213325250021,0.2788325475027351,0.21639215995610847,0.25557745840842966,0.2571274330555707,0.2709029485798913,0.008141,0.007626,0.011831,0.972402,0.44905,0.444698,0.116078,0.336609,0,0.2852659671349439,0.0699402662547173,0.22325529980307046,0.007929598922843839,0.44905
24_2_1_1_Aangry_Vneutral,24,female,2,1,1,24_05_01_02_01,24_01_01_02_01,1,0.27402083654598447,0.557898050902234,0.027279701357328254,0.14080141119445322,0.23592561491175315,0.2521089860100059,0.2650632389649789,0.24690216011326202,0.008141,0.007626,0.011831,0.972402,0.622088,0.471023,0.13509,0.4094,1,0.03809522163423132,0.30578906489222807,0.23778353760765064,0.1061007489188088,0.622088
22_2_1_1_Asurprised_Vhappy,22,female,2,1,1,22_08_01_02_01,22_03_01_02_01,1,0.31566280928694196,0.5037210880156163,0.018315220622976584,0.16230088207446508,0.34372451505732854,0.23770191148073233,0.19917933142990965,0.21939424203202942,0.008141,0.007626,0.011831,0.972402,0.593467,0.504154,0.102144,0.399922,1,0.02806170577038658,0.266019176534884,0.18086411080693307,0.057093359957564344,0.593467
18_2_1_1_Asad_Vdisgust,18,female,2,1,1,18_04_01_02_01,18_07_01_02_01,1,0.29702275222809793,0.22221362011218987,0.08743002794798926,0.3933335997117228,0.19384483376506045,0.3496117241618668,0.2991928609793989,0.15735058109367397,0.008141,0.007626,0.011831,0.972402,0.331175,0.583562,0.100111,0.338283,1,0.10317791846303748,0.12739810404967694,0.21176283303140964,0.23598301861804885,0.583562
22_1_2_1_Adisgust_Vfearful,22,female,1,2,1,22_07_02_01_01,22_06_02_01_01,0,0.44009604487184856,0.4451824907400624,0.029430662437888503,0.0852908019502004,0.22229859643654232,0.2470351712377169,0.2737038367297054,0.25696239559603545,0.004626,0.024107,0.005878,0.965388,0.687965,0.451026,0.161466,0.433486,1,0.21779744843530624,0.1981473195023455,0.24427317429181689,0.17167159364583506,0.687965
04_2_2_2_Asad_Vsad,4,female,2,2,2,04_04_02_02_02,04_04_02_02_02,0,0.33488401588743716,0.562840413354376,0.032904672221226394,0.0693708985369605,0.2403904504332802,0.28406488944617647,0.2918893598006671,0.18365530031987623,0.008141,0.007626,0.011831,0.972402,0.740481,0.547538,0.144216,0.477412,1,0.09449356545415696,0.2787755239081995,0.2589846875794407,0.11428440178291573,0.740481
13_1_1_1_Aangry_Vangry,13,male,1,1,1,13_05_01_01_01,13_05_01_01_01,0,0.1452203435778616,0.6949244486028009,0.008936908819676551,0.15091829899966105,0.22746068135175548,0.25370065666636826,0.23750631724039734,0.28133234474147895,0.004626,0.024107,0.005878,0.965388,0.5828,0.42432,0.193474,0.400198,0,0.08224033777389389,0.44122379193643263,0.2285694084207208,0.1304140457418179,0.5828
14_1_1_1_Aneutral_Vfearful,14,female,1,1,1,14_01_01_01_01,14_06_01_01_01,0,0.21533803598522436,0.5046596803416828,0.02316129169552336,0.25684099197756943,0.2112388759577185,0.2615596578955193,0.24915344777949844,0.27804801836726367,0.004626,0.024107,0.005878,0.965388,0.449277,0.427395,0.107629,0.3281,1,0.004099160027505849,0.24310002244616352,0.22599215608397508,0.02120702638969424,0.449277
11_1_2_1_Asurprised_Vcalm,11,male,1,2,1,11_08_02_01_01,11_02_02_01_01,0,0.3335859218006314,0.4969550486686594,0.03689375343102087,0.1325652760996884,0.23680189956811065,0.23176605199025396,0.22992985468549368,0.30150219375614185,0.004626,0.024107,0.005878,0.965388,0.607819,0.404554,0.121997,0.378123,0,0.09678402223252075,0.26518899667840545,0.1930361012544728,0.16893691765645344,0.607819
14_2_2_2_Asurprised_Vcalm,14,female,2,2,2,14_08_02_02_02,14_02_02_02_02,0,0.36252409562167426,0.5358133024064564,0.019741238364822264,0.08192136360704702,0.25025460117736303,0.24975031133951647,0.22190989349340146,0.27808519398971904,0.008141,0.007626,0.011831,0.972402,0.72006,0.43737,0.158155,0.438528,1,0.11226949444431122,0.28606299106693994,0.20216865512857918,0.19616383038267202,0.72006
04_1_1_1_Ahappy_Vfearful,4,female,1,1,1,04_03_01_01_01,04_06_01_01_01,1,0.36376813244115336,0.334062594647817,0.027250660311545463,0.27491861259948425,0.21223217376839054,0.26893828492436317,0.28847449550161375,0.23035504580563237,0.004626,0.024107,0.005878,0.965388,0.433903,0.480299,0.109434,0.341212,1,0.15153595867276282,0.06512430972345384,0.2612238351900683,0.04456356679385187,0.480299
23_2_1_2_Asad_Vneutral,23,male,2,1,2,23_04_01_02_02,23_01_01_02_02,1,0.57511207976781,0.14719447993705748,0.049411168588416064,0.2282822717067164,0.22695128309482165,0.23824671958739316,0.2352053480061701,0.29959664931161517,0.008141,0.007626,0.011831,0.972402,0.504194,0.41483,0.115228,0.344751,0,0.3481607966729883,0.09105223965033568,0.18579417941775403,0.07131437760489878,0.504194
04_1_1_1_Afearful_Vhappy,4,female,1,1,1,04_06_01_01_01,04_03_01_01_01,1,0.2802137297713144,0.5068577817349124,0.04441886863050936,0.1685096198632639,0.3308611980147616,0.26579760341392833,0.2167290155241302,0.18661218304717986,0.004626,0.024107,0.005878,0.965388,0.555325,0.534812,0.0741,0.388079,1,0.05064746824344718,0.24106017832098403,0.17231014689362084,0.018102563183915954,0.555325
07_1_2_2_Aangry_Vhappy,7,male,1,2,2,07_05_02_01_02,07_03_02_01_02,1,0.12305040194095844,0.8597821755147625,0.0034334845088558083,0.013733938035423235,0.36842567372233953,0.24555134576609627,0.22572623106310946,0.1602967494484546,0.004626,0.024107,0.005878,0.965388,0.849339,0.571342,0.33069,0.58379,0,0.24537527178138108,0.6142308297486663,0.22229274655425366,0.14656281141303135,0.849339
10_1_1_2_Adisgust_Vdisgust,10,female,1,1,2,10_07_01_01_02,10_07_01_01_02,0,0.48352792732802546,0.09031192987103735,0.18981029022940232,0.2363498525715348,0.2400480892499084,0.2756956565328956,0.2512981009397636,0.23295815327743238,0.004626,0.024107,0.005878,0.965388,0.489842,0.476973,0.068732,0.345182,1,0.24347983807811707,0.18538372666185826,0.0614878107103613,0.003391699294102407,0.489842
04_1_2_2_Asad_Vhappy,4,female,1,2,2,04_04_02_01_02,04_03_02_01_02,1,0.38429026578082603,0.4851603211326681,0.05732722538935736,0.07322218769714842,0.2990720005395971,0.26958371159557365,0.23764044353881797,0.19370384432601137,0.004626,0.024107,0.005878,0.965388,0.706776,0.525294,0.089403,0.440491,1,0.08521826524122894,0.21557660953709445,0.1803132181494606,0.12048165662886295,0.706776
19_1_2_1_Asad_Vsad,19,male,1,2,1,19_04_02_01_01,19_04_02_01_01,0,0.7605512407097745,0.07569758739589745,0.11492154151956671,0.048829630374761436,0.3519936442273664,0.2785346880235882,0.21272637359113758,0.1567452941579078,0.004626,0.024107,0.005878,0.965388,0.78166,0.574663,0.132132,0.496152,0,0.40855759648240814,0.20283710062769078,0.09780483207157087,0.10791566378314638,0.78166
16_1_2_1_Ahappy_Vsad,16,female,1,2,1,16_03_02_01_01,16_04_02_01_01,1,0.23972722553889658,0.6987047064123159,0.007974830694872787,0.053593237353914795,0.33703465145062006,0.23018871170694494,0.2434029085877115,0.18937372825472346,0.004626,0.024107,0.005878,0.965388,0.748932,0.533038,0.224408,0.502126,1,0.09730742591172348,0.4685159947053709,0.2354280778928387,0.13578049090080865,0.748932
15_2_2_2_Ahappy_Vhappy,15,male,2,2,2,15_03_02_02_02,15_03_02_02_02,0,0.701025290131415,0.15697027586517018,0.029493967416719023,0.11251046658669579,0.366162237406402,0.25300084340767476,0.19576295301990215,0.18507396616602118,0.008141,0.007626,0.011831,0.972402,0.667087,0.547176,0.102737,0.439,0,0.334863052725013,0.09603056754250458,0.16626898560318312,0.07256349957932538,0.667087
18_2_2_2_Ahappy_Vsad,18,female,2,2,2,18_03_02_02_02,18_04_02_02_02,1,0.5389005024571055,0.3526706680491013,0.05542988577622782,0.05299894371756525,0.2739634454442178,0.2986760771392969,0.2669406877980133,0.16041978961847217,0.008141,0.007626,0.011831,0.972402,0.769759,0.57903,0.108218,0.485669,1,0.2649370570128877,0.05399459090980441,0.21151080202178546,0.10742084590090692,0.769759
14_2_1_2_Asad_Vhappy,14,female,2,1,2,14_04_01_02_02,14_03_01_02_02,1,0.23406649529681076,0.4054746265113756,0.07487948404680916,0.28557939414500444,0.39168435154947046,0.25340981924713346,0.18232816696403492,0.17257766223936102,0.008141,0.007626,0.011831,0.972402,0.435905,0.564152,0.054101,0.351386,1,0.1576178562526597,0.15206480726424215,0.10744868291722576,0.11300173190564342,0.564152
16_2_1_1_Ahappy_Vangry,16,female,2,1,1,16_03_01_02_01,16_05_01_02_01,1,0.1799587378766871,0.7459632284608952,0.005723097130613207,0.06835493653180451,0.25681924454413785,0.24608697472865546,0.22594179933495306,0.2711519813922538,0.008141,0.007626,0.011831,0.972402,0.755165,0.444718,0.243277,0.481053,1,0.07686050666745076,0.49987625373223976,0.22021870220433987,0.2027970448604493,0.755165
06_1_1_2_Ahappy_Vhappy,6,female,1,1,2,06_03_01_01_02,06_03_01_01_02,0,0.5193337842864533,0.21434729237327546,0.05993169570286948,0.2063872276374019,0.3782669464595421,0.27834447735344336,0.18212167939302887,0.16126689679398565,0.004626,0.024107,0.005878,0.965388,0.516829,0.568704,0.036342,0.373959,1,0.14106683782691115,0.0639971849801679,0.12218998369015939,0.04512033084341624,0.568704
06_2_2_1_Adisgust_Vsad,6,female,2,2,1,06_07_02_02_01,06_04_02_02_01,1,0.31723420962915133,0.5135866032374765,0.07662731627038885,0.0925518708629832,0.2362292527562073,0.3593168817596587,0.24620860683679585,0.15824525864733816,0.008141,0.007626,0.011831,0.972402,0.691871,0.582631,0.054254,0.442919,1,0.08100495687294404,0.1542697214778178,0.169581290566407,0.06569338778435496,0.691871
03_2_1_2_Adisgust_Vsad,3,male,2,1,2,03_07_01_02_02,03_04_01_02_02,1,0.6990555009325118,0.1785036154064376,0.0526043709364189,0.06983651272463168,0.20296095701186603,0.2802951027666583,0.26384761937064016,0.25289632085083547,0.008141,0.007626,0.011831,0.972402,0.738004,0.464491,0.207612,0.470035,0,0.4960945439206458,0.1017914873602207,0.21124324843422126,0.1830598081262038,0.738004
21_1_1_1_Acalm_Vangry,21,male,1,1,1,21_02_01_01_01,21_05_01_01_01,1,0.5260935679827331,0.06027808420957956,0.11216815170942142,0.3014601960982659,0.20355948557569445,0.3161022319274345,0.26778095658212014,0.21255732591475096,0.004626,0.024107,0.005878,0.965388,0.426145,0.499606,0.151245,0.358999,0,0.3225340824070386,0.2558241477178549,0.15561280487269874,0.08890287018351495,0.499606
09_1_2_1_Ahappy_Vhappy,9,male,1,2,1,09_03_02_01_01,09_03_02_01_01,0,0.7562667184797637,0.12941791626615629,0.04295420669941628,0.07136115855466388,0.35233524939022076,0.25376201998839193,0.21929111875366944,0.17461161186771787,0.004626,0.024107,0.005878,0.965388,0.731136,0.551321,0.132042,0.4715,0,0.4039314690895429,0.12434410372223564,0.17633691205425317,0.10325045331305399,0.731136
11_1_1_1_Ahappy_Vneutral,11,male,1,1,1,11_03_01_01_01,11_01_01_01_01,1,0.3491000090190099,0.283317559738986,0.04773970195822699,0.31984272928377705,0.23103546130223376,0.22545803206689358,0.23262089010433765,0.310885616526535,0.004626,0.024107,0.005878,0.965388,0.387707,0.395406,0.059045,0.280719,0,0.11806454771677613,0.0578595276720924,0.18488118814611065,0.008957112757242036,0.395406
20_2_1_2_Asad_Vdisgust,20,female,2,1,2,20_04_01_02_02,20_07_01_02_02,1,0.4873752679535078,0.033399324122980634,0.17523463411878248,0.3039907738047291,0.25435943260405014,0.2627275885335519,0.275029206311978,0.20788377255041993,0.008141,0.007626,0.011831,0.972402,0.418583,0.516903,0.114253,0.349913,1,0.23301583534945763,0.22932826441057125,0.09979457219319554,0.09610700125430918,0.516903
07_2_2_2_Asad_Vfearful,7,male,2,2,2,07_04_02_02_02,07_06_02_02_02,1,0.6921271768750845,0.13762073803276592,0.06612332639307511,0.10412875869907445,0.2030792653320052,0.2937708680822863,0.3060536018051525,0.197096264780556,0.008141,0.007626,0.011831,0.972402,0.675685,0.530384,0.193702,0.46659,0,0.4890479115430793,0.15615013004952039,0.2399302754120774,0.09296750608148155,0.675685
10_1_2_2_Acalm_Vsad,10,female,1,2,2,10_02_02_01_02,10_04_02_01_02,1,0.2900254465355584,0.1757946438306808,0.14463012064434436,0.3895497889894164,0.22555245154614187,0.25938914556221226,0.24431278652455965,0.27074561636708633,0.004626,0.024107,0.005878,0.965388,0.325508,0.435343,0.025813,0.262222,1,0.06447299498941653,0.08359450173153146,0.0996826658802153,0.11880417262233006,0.435343
18_1_1_2_Ahappy_Vsad,18,female,1,1,2,18_03_01_01_02,18_04_01_01_02,1,0.4945905166022361,0.28359098601697086,0.035226147146707826,0.18659235023408524,0.20376476861445217,0.30391981075061697,0.32165378637295683,0.17066163426197403,0.004626,0.024107,0.005878,0.965388,0.539849,0.553892,0.141038,0.411593,1,0.29082574798778393,0.02032882473364611,0.28642763922624903,0.01593071597211121,0.553892
19_1_1_2_Aangry_Vhappy,19,male,1,1,2,19_05_01_01_02,19_03_01_01_02,1,0.27283508661848,0.5839808188430029,0.020771043330359753,0.12241305120815738,0.45178972676984597,0.22928320524423704,0.1639729347693837,0.15495413321653337,0.004626,0.024107,0.005878,0.965388,0.623682,0.580703,0.120721,0.441702,0,0.17895464015136597,0.35469761359876584,0.14320189143902395,0.03254108200837599,0.623682
14_2_1_2_Ahappy_Vsad,14,female,2,1,2,14_03_01_02_02,14_04_01_02_02,1,0.2605771408933421,0.659147554457499,0.02238117393401421,0.05789413071514471,0.21413432819747558,0.2529145623968367,0.25384702397828496,0.2791040854274029,0.008141,0.007626,0.011831,0.972402,0.766908,0.435977,0.208308,0.470398,1,0.04644281269586653,0.40623299206066227,0.23146585004427075,0.22120995471225818,0.766908
09_2_1_1_Aneutral_Vneutral,9,male,2,1,1,09_01_01_02_01,09_01_01_02_01,0,0.4091498848028335,0.013270132189154973,0.13451314971614167,0.44306683329186985,0.20779596485862872,0.2536890529192986,0.26824582293674876,0.2702691592853239,0.008141,0.007626,0.011831,0.972402,0.296956,0.445316,0.151131,0.297801,0,0.20135391994420476,0.24041892073014365,0.13373267322060708,0.17279767400654594,0.445316
10_1_1_1_Afearful_Vangry,10,female,1,1,1,10_06_01_01_01,10_05_01_01_01,1,0.5371852250538471,0.10967746044993905,0.22394071138509578,0.1291966031111179,0.22734957075871837,0.2456246971291658,0.2267112436714799,0.30031448844063596,0.004626,0.024107,0.005878,0.965388,0.628927,0.405017,0.091155,0.375033,1,0.30983565429512877,0.13594723667922676,0.002770532286384131,0.17111788532951805,0.628927
09_2_1_1_Aangry_Vhappy,9,male,2,1,1,09_05_01_02_01,09_03_01_02_01,1,0.5391353361379664,0.08330854498409276,0.09010867463848689,0.2874474442394539,0.2923127678107278,0.25760314910823806,0.24997845601240773,0.20010562706862645,0.008141,0.007626,0.011831,0.972402,0.436103,0.526833,0.094418,0.352452,0,0.2468225683272386,0.1742946041241453,0.15986978137392083,0.08734181717082745,0.526833
06_2_2_2_Ahappy_Vdisgust,6,female,2,2,2,06_03_02_02_02,06_07_02_02_02,1,0.4800302493153911,0.39880318247250524,0.04435930550439958,0.07680726270770392,0.2481845472590163,0.3424404423875979,0.23648956754406486,0.17288544280932097,0.008141,0.007626,0.011831,0.972402,0.723774,0.562583,0.094368,0.460241,1,0.2318457020563748,0.056362740084907326,0.19213026203966527,0.09607818010161705,0.723774
09_2_1_1_Asad_Vsad,9,male,2,1,1,09_04_01_02_01,09_04_01_02_01,0,0.4671947624634635,0.028811611346832806,0.22496359373828373,0.27903003245141994,0.19971590714892423,0.2823781175498004,0.30448632625804123,0.21341964904323424,0.008141,0.007626,0.011831,0.972402,0.443902,0.510165,0.133638,0.362568,0,0.26747885531453924,0.2535665062029676,0.0795227325197575,0.0656103834081857,0.510165
04_2_2_1_Ahappy_Vcalm,4,female,2,2,1,04_03_02_02_01,04_02_02_02_01,1,0.19152606502878375,0.7285103005339102,0.01192184088228018,0.06804179355502571,0.30085452581995914,0.2603746618978727,0.2459864062796243,0.1927844060025439,0.008141,0.007626,0.011831,0.972402,0.751671,0.536161,0.208592,0.498808,1,0.10932846079117539,0.4681356386360375,0.2340645653973441,0.12474261244751819,0.751671
06_2_2_1_Aangry_Vsad,6,female,2,2,1,06_05_02_02_01,06_04_02_02_01,1,0.1922406140479463,0.7406324135545983,0.026137792611728185,0.04098917978572724,0.2362292527562073,0.3593168817596587,0.24620860683679585,0.15824525864733816,0.008141,0.007626,0.011831,0.972402,0.803938,0.582631,0.150951,0.512507,1,0.043988638708261,0.3813155317949396,0.22007081422506766,0.11725607886161091,0.803938
18_2_2_2_Aangry_Vcalm,18,female,2,2,2,18_05_02_02_02,18_02_02_02_02,1,0.16493442660171684,0.7998062910513615,0.006570685090322564,0.02868859725659916,0.37510940559499034,0.23251499081692917,0.19366389275929113,0.1987117108287894,0.008141,0.007626,0.011831,0.972402,0.842635,0.529844,0.280002,0.550827,1,0.2101749789932735,0.5672913002344323,0.18709320766896856,0.17002311357219024,0.842635
23_2_2_2_Ahappy_Vsurprised,23,male,2,2,2,23_03_02_02_02,23_08_02_02_02,1,0.2027151131422102,0.7347867717728078,0.00461435228442962,0.05788376280055221,0.2318239055962323,0.24242440672627513,0.30495504295723624,0.2207966447202564,0.008141,0.007626,0.011831,0.972402,0.776657,0.501068,0.268527,0.515417,0,0.02910879245402212,0.4923623650465327,0.3003406906728066,0.16291288191970418,0.776657
04_2_2_1_Acalm_Vhappy,4,female,2,2,1,04_02_02_02_01,04_03_02_02_01,1,0.48274969754078495,0.13470097537245249,0.13774987323089385,0.24479945385586863,0.34198511506519985,0.2621380387485441,0.21460955197898932,0.18126729420726667,0.008141,0.007626,0.011831,0.972402,0.478092,0.551675,0.033258,0.354342,1,0.1407645824755851,0.1274370633760916,0.07685967874809546,0.06353215964860195,0.551675
14_2_2_2_Acalm_Vangry,14,female,2,2,2,14_02_02_02_02,14_05_02_02_02,1,0.3710515619711459,0.3557620003113046,0.059575815971058516,0.21361062174649098,0.21313649289235007,0.2927723708248566,0.2502876420378334,0.24380349424495984,0.008141,0.007626,0.011831,0.972402,0.518379,0.474857,0.06404,0.352425,1,0.15791506907879585,0.06298962948644804,0.19071182606677486,0.03019287249846886,0.518379
24_2_2_1_Asurprised_Vangry,24,female,2,2,1,24_08_02_02_01,24_05_02_02_01,1,0.5461505668747277,0.2671201959060937,0.13135649510414613,0.05537274211503248,0.23128202940947615,0.27213811474579597,0.2413430395699794,0.25523681627474853,0.008141,0.007626,0.011831,0.972402,0.759269,0.461983,0.109518,0.44359,1,0.31486853746525156,0.005017918839702262,0.10998654446583328,0.19986407415971605,0.759269
13_2_1_2_Aangry_Vangry,13,male,2,1,2,13_05_01_02_02,13_05_01_02_02,0,0.10919301058915028,0.8009686760126749,0.004225313417317296,0.08561299998085767,0.23117786287382724,0.2575473147457261,0.23805432089993875,0.27322050148050786,0.008141,0.007626,0.011831,0.972402,0.726399,0.442376,0.264684,0.47782,0,0.12198485228467697,0.5434213612669487,0.23382900748262145,0.1876075014996502,0.726399
23_2_1_1_Asad_Vhappy,23,male,2,1,1,23_04_01_02_01,23_03_01_02_01,1,0.5703917601760164,0.16010430862532435,0.039711693861302085,0.2297922373373571,0.2577153930377661,0.2417764586547634,0.29453750667441114,0.20597064163305928,0.008141,0.007626,0.011831,0.972402,0.503638,0.519106,0.129383,0.384042,0,0.31267636713825037,0.08167215002943906,0.25482581281310906,0.023821595704297815,0.519106
15_1_1_2_Asurprised_Vhappy,15,male,1,1,2,15_08_01_01_02,15_03_01_01_02,1,0.5053350659463285,0.28196498169403555,0.021236282255190312,0.1914636701044457,0.28939014495362375,0.2599178484059723,0.21955834359581622,0.2311336630445877,0.004626,0.024107,0.005878,0.965388,0.535457,0.480061,0.091678,0.369066,0,0.21594492099270474,0.022047133288063236,0.1983220613406259,0.03966999294014201,0.535457
22_1_1_1_Asurprised_Vangry,22,female,1,1,1,22_08_01_01_01,22_05_01_01_01,1,0.2886550778398095,0.5840652259091076,0.013784324870596571,0.11349537138048622,0.22998609306583045,0.2630482590087383,0.23118469822198234,0.2757809497034488,0.004626,0.024107,0.005878,0.965388,0.639251,0.429788,0.156767,0.408602,1,0.05866898477397903,0.3210169669003693,0.21740037335138576,0.1622855783229626,0.639251
05_2_1_1_Ahappy_Vsad,5,male,2,1,1,05_03_01_02_01,05_04_01_02_01,1,0.5016581270910524,0.18563719215371235,0.03387213325250021,0.2788325475027351,0.21990340166396075,0.24025753991543433,0.2644227953689485,0.27541626305165645,0.008141,0.007626,0.011831,0.972402,0.44905,0.439767,0.116299,0.335039,0,0.2817547254270917,0.05462034776172198,0.2305506621164483,0.003416284451078666,0.44905
24_1_2_2_Asad_Vsad,24,female,1,2,2,24_04_02_01_02,24_04_02_01_02,0,0.4806895939786333,0.32256961593618017,0.08589171613686687,0.11084907394831964,0.20854451502694968,0.29216226445735954,0.3106601391922296,0.1886330813234612,0.004626,0.024107,0.005878,0.965388,0.64482,0.530605,0.096541,0.423989,1,0.2721450789516836,0.03040735147882062,0.22476842305536276,0.07778400737514157,0.64482
15_1_1_2_Aangry_Vangry,15,male,1,1,2,15_05_01_01_02,15_05_01_01_02,0,0.17939990395796834,0.7582567722104768,0.013482849219159054,0.0488604746123959,0.219200259849523,0.26289595222336093,0.2377215919839923,0.2801821959431237,0.004626,0.024107,0.005878,0.965388,0.75693,0.425083,0.24438,0.475464,0,0.039800355891554645,0.4953608199871159,0.22423874276483324,0.23132172133072781,0.75693
03_2_2_2_Asurprised_Vfearful,3,male,2,2,2,03_08_02_02_02,03_06_02_02_02,0,0.3724795574961551,0.49759313361003293,0.01468277326466669,0.11524453562914523,0.22151097484357926,0.3056441201482082,0.2659329951545235,0.2069119098536891,0.008141,0.007626,0.011831,0.972402,0.664769,0.51838,0.138987,0.440712,0,0.15096858265257582,0.19194901346182475,0.2512502218898568,0.09166737422454387,0.664769
01_2_1_1_Asad_Vhappy,1,male,2,1,1,01_04_01_02_01,01_03_01_02_01,1,0.41225675948766627,0.14372894216384424,0.10694703184204503,0.3370672665064445,0.397995805308602,0.24016860713825983,0.18448899311793499,0.17734659443520312,0.008141,0.007626,0.011831,0.972402,0.382724,0.557783,0.03464,0.325049,0,0.014260954179064256,0.09643966497441558,0.07754196127588996,0.15972067207124135,0.557783
11_1_1_2_Aangry_Vneutral,11,male,1,1,2,11_05_01_01_02,11_01_01_01_02,1,0.17194511379745805,0.7247194227071637,0.015424688075059412,0.08791077542031894,0.2246349497772767,0.22612122982709848,0.23477922655603775,0.31446459383958697,0.004626,0.024107,0.005878,0.965388,0.680473,0.391776,0.233849,0.435366,0,0.05268983597981863,0.49859819288006524,0.21935453848097833,0.22655381841926803,0.680473
06_1_1_2_Asad_Vangry,6,female,1,1,2,06_04_01_01_02,06_05_01_01_02,1,0.33786420206187195,0.14842478277127386,0.15616147651074144,0.3575495386561128,0.2082462266796426,0.333746464621144,0.23964781862053755,0.21835949007867583,0.004626,0.024107,0.005878,0.965388,0.356901,0.491965,0.056219,0.301695,1,0.12961797538222936,0.18532168184987013,0.08348634210979611,0.13919004857743694,0.491965
17_2_1_2_Asad_Vneutral,17,male,2,1,2,17_04_01_02_02,17_01_01_02_02,1,0.5232625109719828,0.14471746896852505,0.12527207009150348,0.2067479499679887,0.21827406909190475,0.23145002555013344,0.24663243886933414,0.3036434664886276,0.008141,0.007626,0.011831,0.972402,0.523857,0.41061,0.075115,0.336528,0,0.3049884418800781,0.08673255658160839,0.12136036877783066,0.09689551652063891,0.523857
17_2_2_2_Ahappy_Vangry,17,male,2,2,2,17_03_02_02_02,17_05_02_02_02,1,0.49453555882352934,0.3327541580464368,0.06366500650091357,0.10904527662912014,0.22706067493391963,0.2582229527101152,0.2357039111748348,0.2790124611811304,0.008141,0.007626,0.011831,0.972402,0.664962,0.436244,0.105746,0.402318,0,0.2674748838896097,0.07453120533632163,0.17203890467392124,0.16996718455201024,0.664962
10_2_2_1_Adisgust_Vsurprised,10,female,2,2,1,10_07_02_02_01,10_08_02_02_01,0,0.49234479285681887,0.16677004442492607,0.2412783025644665,0.09960686015378864,0.22214795574742127,0.2720620796151043,0.232171236898418,0.27361872773905643,0.008141,0.007626,0.011831,0.972402,0.673793,0.442081,0.077477,0.397784,1,0.27019683710939757,0.10529203519017824,0.009107065666048492,0.1740118675852678,0.673793
09_2_1_2_Adisgust_Vcalm,9,male,2,1,2,09_07_01_02_02,09_02_01_02_02,0,0.5592078339417077,0.00952965820809795,0.21659022002521672,0.2146722878249777,0.21782422821777375,0.2455729167572151,0.28716320720717853,0.24943964781783265,0.008141,0.007626,0.011831,0.972402,0.522429,0.468041,0.158714,0.383061,0,0.34138360572393395,0.23604325854911715,0.07057298718196181,0.03476735999285496,0.522429
07_2_1_2_Acalm_Vangry,7,male,2,1,2,07_02_01_02_02,07_05_01_02_02,1,0.41045573734577684,0.13604887582842465,0.09861865314206146,0.35487673368373707,0.21875316082779403,0.28633750888181264,0.23317450013946164,0.26173483015093174,0.008141,0.007626,0.011831,0.972402,0.366511,0.455,0.066474,0.295995,0,0.1917025765179828,0.150288633053388,0.1345558469974002,0.09314190353280533,0.455
06_2_2_1_Asad_Vdisgust,6,female,2,2,1,06_04_02_02_01,06_07_02_02_01,1,0.7660586483021402,0.09345009480501489,0.1101926948977875,0.03029856199505751,0.21960969234319572,0.3564003941157489,0.24989495595724215,0.17409495758381324,0.008141,0.007626,0.011831,0.972402,0.821881,0.560965,0.235214,0.539353,1,0.5464489559589445,0.26295029931073405,0.13970226105945466,0.14379639558875573,0.821881
15_1_1_2_Aangry_Vsad,15,male,1,1,2,15_05_01_01_02,15_04_01_01_02,1,0.17939990395796834,0.7582567722104768,0.013482849219159054,0.0488604746123959,0.22105746006266086,0.24982104598629798,0.2407781566092698,0.2883433373417715,0.004626,0.024107,0.005878,0.965388,0.75693,0.417132,0.255502,0.476522,0,0.04165755610469252,0.5084357262241789,0.22729530739011075,0.23948286272937558,0.75693
16_2_2_1_Asad_Vangry,16,female,2,2,1,16_04_02_02_01,16_05_02_02_01,1,0.5817525041477661,0.20732768215412192,0.07785221343399391,0.133067600264118,0.22151823454697836,0.2971370112142943,0.25187510268627145,0.22946965155245594,0.008141,0.007626,0.011831,0.972402,0.626829,0.491368,0.110418,0.409538,1,0.36023426960078775,0.08980932906017239,0.17402288925227755,0.09640205128833793,0.626829
09_1_1_2_Aangry_Vsad,9,male,1,1,2,09_05_01_01_02,09_04_01_01_02,1,0.4128453495499791,0.11713651457871183,0.17067019663299174,0.2993479392383173,0.19278741609616093,0.2859791307497784,0.30788012155070954,0.21335333160335115,0.004626,0.024107,0.005878,0.965388,0.417256,0.499893,0.075437,0.330862,0,0.22005793345381816,0.16884261617106655,0.1372099249177178,0.08599460763496616,0.499893
16_2_2_1_Aangry_Vhappy,16,female,2,2,1,16_05_02_02_01,16_03_02_02_01,1,0.0720601102912784,0.9076010169047096,0.003615858511967941,0.0167230142920438,0.43508668945416407,0.2098163561161396,0.17966007592893726,0.175436878500759,0.008141,0.007626,0.011831,0.972402,0.881946,0.560796,0.407378,0.616706,1,0.36302657916288567,0.69778466078857,0.17604421741696932,0.1587138642087152,0.881946
17_2_1_2_Afearful_Vsad,17,male,2,1,2,17_06_01_02_02,17_04_01_02_02,1,0.35063665459705046,0.5279998031525138,0.04044224656003007,0.0809212956904056,0.21756654694404726,0.26396691701254116,0.28558765351492194,0.23287888252848962,0.008141,0.007626,0.011831,0.972402,0.717078,0.487008,0.146243,0.45011,0,0.1330701076530032,0.26403288613997267,0.24514540695489187,0.15195758683808402,0.717078
09_1_1_2_Asad_Vangry,9,male,1,1,2,09_04_01_01_02,09_05_01_01_02,1,0.42823532551816545,0.014713110671011427,0.13779069208093134,0.41926087172989174,0.21420103166508336,0.28925475168208664,0.2600194678525999,0.2365247488002301,0.004626,0.024107,0.005878,0.965388,0.332765,0.472208,0.168088,0.324353,0,0.2140342938530821,0.2745416410110752,0.12222877577166855,0.18273612292966163,0.472208
23_2_1_1_Ahappy_Vhappy,23,male,2,1,1,23_03_01_02_01,23_03_01_02_01,0,0.4760035119335899,0.3276452969601238,0.023710974871218395,0.17264021623506784,0.2577153930377661,0.2417764586547634,0.29453750667441114,0.20597064163305928,0.008141,0.007626,0.011831,0.972402,0.577374,0.519106,0.127787,0.408089,0,0.21828811889582383,0.08586883830536038,0.27082653180319277,0.03333042539799144,0.577374
04_2_1_2_Aangry_Vangry,4,female,2,1,2,04_05_01_02_02,04_05_01_02_02,0,0.138134429192373,0.723618115285981,0.010213761614627736,0.12803369390701835,0.2157104269676046,0.2748552002245382,0.2700890377544596,0.23934533505339764,0.008141,0.007626,0.011831,0.972402,0.65034,0.479688,0.202477,0.444168,1,0.07757599777523158,0.4487629150614428,0.25987527613983186,0.11131164114637929,0.65034
13_2_1_2_Asad_Vangry,13,male,2,1,2,13_04_01_02_02,13_05_01_02_02,1,0.440381954583492,0.11546833397923302,0.07969377676440584,0.36445593467286913,0.23117786287382724,0.2575473147457261,0.23805432089993875,0.27322050148050786,0.008141,0.007626,0.011831,0.972402,0.359637,0.442376,0.078426,0.293479,0,0.20920409170966475,0.1420789807664931,0.1583605441355329,0.09123543319236127,0.442376
04_1_1_1_Ahappy_Vsad,4,female,1,1,1,04_03_01_01_01,04_04_01_01_01,1,0.36376813244115336,0.334062594647817,0.027250660311545463,0.27491861259948425,0.21404616180108632,0.26369528443104706,0.27970558583184507,0.24255296793602166,0.004626,0.024107,0.005878,0.965388,0.433903,0.466421,0.104997,0.335107,1,0.14972197064006704,0.07036731021676995,0.25245492552029963,0.03236564466346259,0.466421
11_1_1_1_Aneutral_Vangry,11,male,1,1,1,11_01_01_01_01,11_05_01_01_01,1,0.41621039435669993,0.1215749772786626,0.07202171984039292,0.3901929085242446,0.22926744642743746,0.23820699353547792,0.2337428447857509,0.2987827152513338,0.004626,0.024107,0.005878,0.965388,0.33254,0.406961,0.070563,0.270021,0,0.18694294792926247,0.11663201625681532,0.16172112494535795,0.09141019327291078,0.406961
21_2_1_2_Afearful_Vsad,21,male,2,1,2,21_06_01_02_02,21_04_01_02_02,1,0.5749392464447994,0.08784070832030741,0.08792860400188789,0.24929144123300537,0.22118935426407899,0.28665393831218333,0.2625996663560387,0.2295570410676991,0.008141,0.007626,0.011831,0.972402,0.47781,0.491119,0.131953,0.366961,0,0.35374989218072045,0.19881322999187592,0.1746710623541508,0.019734400165306254,0.491119
24_2_2_1_Asurprised_Vsad,24,female,2,2,1,24_08_02_02_01,24_04_02_02_01,1,0.5461505668747277,0.2671201959060937,0.13135649510414613,0.05537274211503248,0.240349969896614,0.2667515092725294,0.2963194913910904,0.1965790294397662,0.008141,0.007626,0.011831,0.972402,0.759269,0.530872,0.097856,0.462665,1,0.30580059697811374,0.0003686866335643191,0.16496299628694425,0.14120628732473373,0.759269
13_2_1_1_Ahappy_Vangry,13,male,2,1,1,13_03_01_02_01,13_05_01_02_01,1,0.41342697449849414,0.23630109499577115,0.013061346230437497,0.33721058427529715,0.22927875710373183,0.25903755133320755,0.23509885058367996,0.27658484097938074,0.008141,0.007626,0.011831,0.972402,0.395243,0.438826,0.109008,0.314359,0,0.1841482173947623,0.0227364563374364,0.22203750435324246,0.06062574329591641,0.438826
13_1_2_1_Acalm_Vhappy,13,male,1,2,1,13_02_02_01_01,13_03_02_01_01,1,0.5145130898040481,0.0619939913020697,0.06316582126361173,0.3603270976302705,0.4193763874339363,0.23740866282251047,0.1754485169950548,0.1677664327484985,0.004626,0.024107,0.005878,0.965388,0.370125,0.562128,0.088798,0.34035,0,0.09513670237011179,0.17541467152044077,0.11228269573144306,0.19256066488177198,0.562128
20_2_2_2_Ahappy_Vdisgust,20,female,2,2,2,20_03_02_02_02,20_07_02_02_02,1,0.3803437183261,0.5164688518018624,0.062338472869450094,0.040848957002587574,0.22798489301305763,0.2796478167736257,0.30721397603141953,0.18515331418189732,0.008141,0.007626,0.011831,0.972402,0.795798,0.545516,0.13948,0.493598,1,0.15235882531304235,0.2368210350282367,0.24487550316196943,0.14430435717930973,0.795798
24_1_2_2_Aangry_Vsad,24,female,1,2,2,24_05_02_01_02,24_04_02_01_02,1,0.050804161853093846,0.9143934558880851,0.008366070526590752,0.026436311732230353,0.20854451502694968,0.29216226445735954,0.3106601391922296,0.1886330813234612,0.004626,0.024107,0.005878,0.965388,0.812776,0.530605,0.339939,0.561107,1,0.15774035317385582,0.6222311914307255,0.30229406866563885,0.16219676959123086,0.812776
15_1_1_1_Ahappy_Vhappy,15,male,1,1,1,15_03_01_01_01,15_03_01_01_01,0,0.6123586315362459,0.17615880975060508,0.03648945698409546,0.17499310172905358,0.31097515032987805,0.2596312143073293,0.21285961543246212,0.21653401993033045,0.004626,0.024107,0.005878,0.965388,0.562315,0.497562,0.093329,0.384402,0,0.3013834812063679,0.08347240455672425,0.17637015844836668,0.041540918201276866,0.562315
22_1_2_2_Aangry_Vsad,22,female,1,2,2,22_05_02_01_02,22_04_02_01_02,1,0.09901821777503447,0.8655538528012876,0.0065718147049980205,0.028856114718679715,0.213344000338347,0.25212521065485066,0.27935400740385613,0.25517678160294627,0.004626,0.024107,0.005878,0.965388,0.806064,0.452749,0.338944,0.532586,1,0.11432578256331252,0.613428642146437,0.2727821926988581,0.22632066688426655,0.806064
09_2_1_1_Aangry_Vangry,9,male,2,1,1,09_05_01_02_01,09_05_01_02_01,0,0.5391353361379664,0.08330854498409276,0.09010867463848689,0.2874474442394539,0.2190272256179501,0.28768305642236,0.24922878966645096,0.24406092829323897,0.008141,0.007626,0.011831,0.972402,0.436103,0.474533,0.122545,0.344394,0,0.3201081105200163,0.2043745114382672,0.15912011502796408,0.043386515946214926,0.474533
10_1_1_2_Ahappy_Vfearful,10,female,1,1,2,10_03_01_01_02,10_06_01_01_02,1,0.4366769660270581,0.31353100254592714,0.07247699706915535,0.17731503435785945,0.22091220470240844,0.2578610201855951,0.2320306042647762,0.2891961708472202,0.004626,0.024107,0.005878,0.965388,0.548017,0.41586,0.069456,0.344444,1,0.21576476132464964,0.05566998236033205,0.15955360719562084,0.11188113648936077,0.548017
01_2_1_2_Aangry_Vangry,1,male,2,1,2,01_05_01_02_02,01_05_01_02_02,0,0.36979485667318107,0.4863353557481738,0.021160468073364077,0.12270931950528093,0.22391498811396415,0.2982619095889945,0.2409984356768837,0.23682466662015766,0.008141,0.007626,0.011831,0.972402,0.650616,0.482936,0.120805,0.418119,0,0.14587986855921692,0.1880734461591793,0.21983796760351962,0.11411534711487674,0.650616
18_2_1_2_Acalm_Vhappy,18,female,2,1,2,18_02_01_02_02,18_03_01_02_02,1,0.35738136100752854,0.3212980132137797,0.0463956801151582,0.27492494566353354,0.410290215088124,0.23036066593718393,0.1905659466705389,0.16878317230415318,0.008141,0.007626,0.011831,0.972402,0.449949,0.569238,0.049947,0.356378,1,0.05290885408059548,0.09093734727659578,0.14417026655538068,0.10614177335938035,0.569238
12_1_2_2_Adisgust_Vangry,12,female,1,2,2,12_07_02_01_02,12_05_02_01_02,1,0.4302947019894139,0.4338287984234504,0.04922219245055532,0.08665430713658033,0.2148451229380315,0.2913778280905983,0.24794280923539722,0.24583423973597301,0.004626,0.024107,0.005878,0.965388,0.683988,0.461463,0.117616,0.421022,1,0.21544957905138237,0.1424509703328521,0.1987206167848419,0.15917993259939267,0.683988
04_2_2_1_Asad_Vcalm,4,female,2,2,1,04_04_02_02_01,04_02_02_02_01,1,0.27956948498076917,0.6329899414052407,0.026380833082214773,0.061059740531775375,0.30085452581995914,0.2603746618978727,0.2459864062796243,0.1927844060025439,0.008141,0.007626,0.011831,0.972402,0.759063,0.536161,0.157667,0.484297,1,0.021285040839189973,0.372615279507368,0.2196055731974095,0.13172466547076853,0.759063
03_1_2_1_Ahappy_Vangry,3,male,1,2,1,03_03_02_01_01,03_05_02_01_01,1,0.6001389183413975,0.265018393163988,0.07177973903328674,0.06306294946132772,0.22395571324033367,0.2764541689199987,0.24348462072220547,0.25610549711746217,0.004626,0.024107,0.005878,0.965388,0.734489,0.450585,0.145159,0.443411,0,0.37618320510106384,0.01143577575601068,0.17170488168891873,0.19304254765613443,0.734489
19_1_2_2_Afearful_Vhappy,19,male,1,2,2,19_06_02_01_02,19_03_02_01_02,1,0.7542268268861907,0.13973303216375166,0.0435868217472875,0.06245331920277023,0.42801645877693306,0.23704022271969163,0.17439449246555705,0.16054882603781823,0.004626,0.024107,0.005878,0.965388,0.747447,0.572153,0.088482,0.469361,0,0.32621036810925763,0.09730719055593998,0.13080767071826954,0.098095506835048,0.747447
18_2_2_1_Ahappy_Vhappy,18,female,2,2,1,18_03_02_02_01,18_03_02_02_01,0,0.5936176064132515,0.3171263303329559,0.03468683445960311,0.0545692287941896,0.42183511894251147,0.23978199109183584,0.1813413369413385,0.15704155302431413,0.008141,0.007626,0.011831,0.972402,0.769972,0.585716,0.072444,0.476044,1,0.17178248747074,0.07734433924112005,0.1466545024817354,0.10247232423012453,0.769972
02_2_1_1_Ahappy_Vsad,2,female,2,1,1,02_03_01_02_01,02_04_01_02_01,1,0.3394633928830518,0.42993674024326156,0.011549512330701442,0.21905035454298516,0.20898787830378576,0.2717112169131012,0.24888580299484414,0.2704151017882689,0.008141,0.007626,0.011831,0.972402,0.522615,0.445375,0.122348,0.363446,1,0.130475514579266,0.15822552333016038,0.2373362906641427,0.051364747245283726,0.522615
04_1_2_2_Asurprised_Vsurprised,4,female,1,2,2,04_08_02_01_02,04_08_02_01_02,0,0.20978317379509967,0.6941319254314575,0.011294815056199127,0.08479008571724368,0.21405125869705577,0.2717102931995957,0.29474328339245065,0.21949516471089794,0.004626,0.024107,0.005878,0.965388,0.687275,0.493063,0.209371,0.463236,1,0.0042680849019560985,0.4224216322318618,0.28344846833625154,0.13470507899365425,0.687275
18_2_2_1_Acalm_Vsad,18,female,2,2,1,18_02_02_02_01,18_04_02_02_01,1,0.4558556111073283,0.24231479530393943,0.051679642737285696,0.25014995085144653,0.2718602416888151,0.31535782733291984,0.262804708820585,0.14997722215768,0.008141,0.007626,0.011831,0.972402,0.476919,0.593849,0.085453,0.385407,1,0.1839953694185132,0.07304303202898041,0.21112506608329928,0.10017272869376653,0.593849
06_2_2_1_Aangry_Vfearful,6,female,2,2,1,06_05_02_02_01,06_06_02_02_01,1,0.1922406140479463,0.7406324135545983,0.026137792611728185,0.04098917978572724,0.20875899907825476,0.34953747237800986,0.26404147975416636,0.17766204878956895,0.008141,0.007626,0.011831,0.972402,0.803938,0.556076,0.166941,0.508985,1,0.016518385030308474,0.39109494117658844,0.23790368714243817,0.1366728690038417,0.803938
12_1_2_2_Adisgust_Vsad,12,female,1,2,2,12_07_02_01_02,12_04_02_01_02,1,0.4302947019894139,0.4338287984234504,0.04922219245055532,0.08665430713658033,0.21370363277089632,0.30126369710442846,0.31145467128851684,0.1735779988361584,0.004626,0.024107,0.005878,0.965388,0.683988,0.550044,0.122796,0.452276,1,0.21659106921851756,0.13256510131902194,0.2622324788379615,0.08692369169957807,0.683988
14_1_1_1_Ahappy_Vsad,14,female,1,1,1,14_03_01_01_01,14_04_01_01_01,1,0.34784727069433885,0.5870236394252732,0.023309008898271533,0.04182008098211627,0.2079901577575997,0.26931429832428766,0.2616754792780464,0.26102006464006633,0.004626,0.024107,0.005878,0.965388,0.772881,0.445451,0.204381,0.474238,1,0.13985711293673916,0.3177093411009856,0.23836647037977488,0.21919998365795007,0.772881
16_1_2_1_Ahappy_Vangry,16,female,1,2,1,16_03_02_01_01,16_05_02_01_01,1,0.23972722553889658,0.6987047064123159,0.007974830694872787,0.053593237353914795,0.23071324824679484,0.2912722125280878,0.24880296722411324,0.22921157200100412,0.004626,0.024107,0.005878,0.965388,0.748932,0.480673,0.207488,0.479031,1,0.009013977292101738,0.40743249388422803,0.24082813652924046,0.1756183346470893,0.748932
21_1_2_2_Aangry_Vhappy,21,male,1,2,2,21_05_02_01_02,21_03_02_01_02,1,0.44264632791665554,0.4813862863476634,0.014521825299429768,0.06144556043625138,0.34695876859187247,0.25550256948555894,0.21783803192705636,0.17970062999551228,0.004626,0.024107,0.005878,0.965388,0.734915,0.544443,0.128415,0.469258,0,0.09568755932478307,0.22588371686210446,0.2033162066276266,0.1182550695592609,0.734915
17_2_1_2_Aneutral_Vhappy,17,male,2,1,2,17_01_01_02_02,17_03_01_02_02,1,0.457708229514633,0.05647719113292619,0.1864041053150588,0.2994104740373819,0.27597688314219354,0.24005904635243344,0.2542137085722684,0.22975036193310458,0.008141,0.007626,0.011831,0.972402,0.420537,0.490843,0.067623,0.326334,0,0.18173134637243948,0.18358185521950726,0.06780960325720958,0.06966011210427733,0.490843
20_2_2_2_Adisgust_Vangry,20,female,2,2,2,20_07_02_02_02,20_05_02_02_02,1,0.4195761315226238,0.49800684045388416,0.036443325642538715,0.04597370238095332,0.22082291033290075,0.24023826316156233,0.30361489493351623,0.23532393157202067,0.008141,0.007626,0.011831,0.972402,0.787858,0.484028,0.192554,0.488147,1,0.19875322118972305,0.25776857729232183,0.2671715692909775,0.18935022919106734,0.787858
13_2_1_2_Ahappy_Vfearful,13,male,2,1,2,13_03_01_02_02,13_06_01_02_02,1,0.3606965169653832,0.30314698546933616,0.014829957037287745,0.3213265405279929,0.22283120536805043,0.251263208452717,0.24269360353450564,0.2832119826447269,0.008141,0.007626,0.011831,0.972402,0.40965,0.431728,0.102323,0.314567,0,0.13786531159733276,0.05188377701661917,0.2278636464972179,0.03811455788326601,0.431728
02_2_2_1_Ahappy_Vdisgust,2,female,2,2,1,02_03_02_02_01,02_07_02_02_01,1,0.44227135607580936,0.3493409656306861,0.018685710278422165,0.18970196801508232,0.23993004917968716,0.3234409098548409,0.2643076520033866,0.17232138896208535,0.008141,0.007626,0.011831,0.972402,0.556278,0.562931,0.114477,0.411229,1,0.2023413068961222,0.0259000557758452,0.2456219417249644,0.017380579052996975,0.562931
06_2_2_1_Ahappy_Vhappy,6,female,2,2,1,06_03_02_02_01,06_03_02_02_01,0,0.3772059511024846,0.4963356137829852,0.04291754979466366,0.0835408853198666,0.39955379899773136,0.28161526474027226,0.16758620872141178,0.15124472754058454,0.008141,0.007626,0.011831,0.972402,0.711724,0.594128,0.057488,0.454447,1,0.022347847895246742,0.21472034904271292,0.12466865892674811,0.06770384222071794,0.711724
22_1_2_2_Asad_Vsad,22,female,1,2,2,22_04_02_01_02,22_04_02_01_02,0,0.4847775862755526,0.26814228297980064,0.07717556004423531,0.16990457070041146,0.213344000338347,0.25212521065485066,0.27935400740385613,0.25517678160294627,0.004626,0.024107,0.005878,0.965388,0.560082,0.452749,0.08939,0.367407,1,0.2714335859372056,0.016017072324949977,0.20217844735962082,0.08527221090253481,0.560082
09_2_1_2_Aangry_Vangry,9,male,2,1,2,09_05_01_02_02,09_05_01_02_02,0,0.5846450136253983,0.11029126673890162,0.06832403821158241,0.23673968142411758,0.2165624581059968,0.28075001245803516,0.25031829419045165,0.25236923524551635,0.008141,0.007626,0.011831,0.972402,0.493086,0.465148,0.131095,0.363109,0,0.3680825555194015,0.17045874571913355,0.18199425597886926,0.015629553821398773,0.493086
20_2_2_1_Aangry_Vhappy,20,female,2,2,1,20_05_02_02_01,20_03_02_02_01,1,0.27092295171091224,0.6735289887915284,0.029406185286168056,0.026141874211391414,0.289779127794031,0.23903768991091712,0.24449951280151747,0.2266836694935345,0.008141,0.007626,0.011831,0.972402,0.838146,0.494581,0.213314,0.515347,1,0.018856176083118736,0.43449129888061133,0.2150933275153494,0.20054179528214308,0.838146
17_1_1_1_Asad_Vsad,17,male,1,1,1,17_04_01_01_01,17_04_01_01_01,0,0.5507144336080988,0.09903197980808752,0.1528421517254865,0.19741143485832713,0.21382097197639544,0.2677182114794136,0.2883593205228494,0.23010149602134156,0.004626,0.024107,0.005878,0.965388,0.536555,0.480653,0.100652,0.37262,0,0.33689346163170336,0.16868623167132607,0.1355171687973629,0.03269006116301443,0.536555
12_1_2_2_Adisgust_Vhappy,12,female,1,2,2,12_07_02_01_02,12_03_02_01_02,1,0.4302947019894139,0.4338287984234504,0.04922219245055532,0.08665430713658033,0.348728328990429,0.24722665414320705,0.21167770063004734,0.19236731623631656,0.004626,0.024107,0.005878,0.965388,0.683988,0.528436,0.075886,0.429437,1,0.08156637299898489,0.18660214428024335,0.16245550817949203,0.10571300909973623,0.683988
18_2_1_1_Aneutral_Vhappy,18,female,2,1,1,18_01_01_02_01,18_03_01_02_01,1,0.3232397195996058,0.19944265669599698,0.06309430732795963,0.4142233163764376,0.4341391335795716,0.22607544345728697,0.17530055122572358,0.1644848717374178,0.008141,0.007626,0.011831,0.972402,0.315373,0.575661,0.066479,0.319171,1,0.11089941397996583,0.026632786761289995,0.11220624389776394,0.2497384446390198,0.575661
01_1_2_1_Asad_Vsad,1,male,1,2,1,01_04_02_01_01,01_04_02_01_01,0,0.4126426744163327,0.10990605736564886,0.13704119444275056,0.3404100737752679,0.20308298043495432,0.3148438315534141,0.246939257951807,0.23513393005982464,0.004626,0.024107,0.005878,0.965388,0.377962,0.472815,0.08193,0.310902,0,0.20955969398137836,0.20493777418776526,0.10989806350905643,0.10527614371544325,0.472815
18_1_1_2_Aangry_Vhappy,18,female,1,1,2,18_05_01_01_02,18_03_01_01_02,1,0.20107603952842285,0.6238070619871205,0.05644239545627528,0.11867450302818128,0.42270678882336243,0.23207844612380527,0.18410226442845407,0.16111250062437832,0.004626,0.024107,0.005878,0.965388,0.625592,0.571527,0.124234,0.440451,1,0.2216307492949396,0.3917286158633153,0.1276598689721788,0.04243799759619704,0.625592
15_2_1_1_Aneutral_Vsad,15,male,2,1,1,15_01_01_02_01,15_04_01_02_01,1,0.34291054345585553,0.3689553821881413,0.02392166284626179,0.26421241150974145,0.2270380373461934,0.25561906309854393,0.2326278336341028,0.2847150659211598,0.008141,0.007626,0.011831,0.972402,0.466072,0.430268,0.087201,0.327847,0,0.11587250610966213,0.11333631908959735,0.208706170787841,0.020502654411418353,0.466072
20_2_1_2_Adisgust_Vhappy,20,female,2,1,2,20_07_01_02_02,20_03_01_02_02,1,0.40322052019653026,0.36159770789438506,0.05137804812013458,0.1838037237889501,0.2731057405622625,0.22909594536863265,0.22630293484010924,0.27149537922899547,0.008141,0.007626,0.011831,0.972402,0.557112,0.444359,0.068935,0.356802,1,0.13011477963426776,0.1325017625257524,0.17492488671997466,0.08769165544004537,0.557112
24_2_1_2_Asad_Vsad,24,female,2,1,2,24_04_01_02_02,24_04_01_02_02,0,0.31440352069799365,0.09941712377593684,0.1519769718794381,0.4342023836466315,0.22406205181821848,0.24451314159098878,0.2598923068367999,0.2715324997539927,0.008141,0.007626,0.011831,0.972402,0.295015,0.443956,0.052241,0.263738,1,0.09034146887977518,0.14509601781505194,0.10791533495736183,0.1626698838926388,0.443956
21_2_2_1_Asad_Vhappy,21,male,2,2,1,21_04_02_02_01,21_03_02_02_01,1,0.7447655481412733,0.06329293677896465,0.04593204322008027,0.1460094718596819,0.3485331975494372,0.25833216653385793,0.2131614563490645,0.17997317956764036,0.008141,0.007626,0.011831,0.972402,0.616421,0.553431,0.142248,0.437367,0,0.3962323505918361,0.1950392297548933,0.16722941312898423,0.03396370770795845,0.616421
17_1_2_2_Ahappy_Vsurprised,17,male,1,2,2,17_03_02_01_02,17_08_02_01_02,1,0.5001639407071501,0.3542683183810776,0.05438649437950579,0.0911812465322666,0.21162897705136058,0.2877146324737443,0.25685910107014726,0.24379728940474796,0.004626,0.024107,0.005878,0.965388,0.678431,0.463924,0.123544,0.421966,0,0.2885349636557895,0.0665536859073333,0.20247260669064146,0.15261604287248137,0.678431
15_2_2_2_Aangry_Vhappy,15,male,2,2,2,15_05_02_02_02,15_03_02_02_02,1,0.1567445700095256,0.7981659876604175,0.005571278154368428,0.03951816417568863,0.366162237406402,0.25300084340767476,0.19576295301990215,0.18507396616602118,0.008141,0.007626,0.011831,0.972402,0.817243,0.547176,0.257456,0.540625,0,0.20941766739687642,0.5451651442527428,0.19019167486553373,0.14555580199033255,0.817243
18_1_1_1_Aangry_Vsad,18,female,1,1,1,18_05_01_01_01,18_04_01_01_01,1,0.13567915590050736,0.711390458054208,0.023716719034463637,0.12921366701082102,0.21033635692139285,0.2785173334263858,0.3277071116047686,0.1834391980474527,0.004626,0.024107,0.005878,0.965388,0.61152,0.53798,0.192973,0.447491,1,0.0746572010208855,0.4328731246278222,0.30399039257030497,0.05422553103663169,0.61152
22_2_1_1_Ahappy_Vangry,22,female,2,1,1,22_03_01_02_01,22_05_01_02_01,1,0.3771859657520788,0.33967228409407174,0.021844574374984636,0.26129717577886485,0.22449754067324287,0.2525218896483681,0.235506839118333,0.28747373056005593,0.008141,0.007626,0.011831,0.972402,0.469848,0.427348,0.093963,0.330387,1,0.15268842507883593,0.08715039444570366,0.21366226474334837,0.026176554781191075,0.469848
03_2_2_1_Asad_Vhappy,3,male,2,2,1,03_04_02_02_01,03_03_02_02_01,1,0.754336928459461,0.05729937420367728,0.1456257929655529,0.042737904371308755,0.3463351060296035,0.2602942983164025,0.2196824453824112,0.17368815027158285,0.008141,0.007626,0.011831,0.972402,0.792431,0.561662,0.142624,0.498906,0,0.4080018224298575,0.2029949241127252,0.0740566524168583,0.1309502459002741,0.792431
17_2_1_2_Asad_Vhappy,17,male,2,1,2,17_04_01_02_02,17_03_01_02_02,1,0.5232625109719828,0.14471746896852505,0.12527207009150348,0.2067479499679887,0.27597688314219354,0.24005904635243344,0.2542137085722684,0.22975036193310458,0.008141,0.007626,0.011831,0.972402,0.523857,0.490843,0.053222,0.355974,0,0.2472856278297893,0.09534157738390839,0.1289416384807649,0.023002411965115876,0.523857
19_1_1_2_Asad_Vhappy,19,male,1,1,2,19_04_01_01_02,19_03_01_01_02,1,0.5179999581901776,0.03516081510601843,0.2077268533912501,0.23911237331255383,0.45178972676984597,0.22928320524423704,0.1639729347693837,0.15495413321653337,0.004626,0.024107,0.005878,0.965388,0.499614,0.580703,0.067476,0.382598,0,0.06621023142033167,0.1941223901382186,0.043753918621866394,0.08415824009602046,0.580703
09_2_1_2_Ahappy_Vhappy,9,male,2,1,2,09_03_01_02_02,09_03_01_02_02,0,0.7107724952153712,0.021189579189985534,0.09146378608468095,0.17657413950996215,0.32307646347759583,0.2502634769366446,0.2375269296444626,0.18913312994129708,0.008141,0.007626,0.011831,0.972402,0.573725,0.541014,0.160195,0.424978,0,0.3876960317377754,0.22907389774665904,0.14606314355978164,0.012558990431334932,0.573725
18_1_2_2_Acalm_Vcalm,18,female,1,2,2,18_02_02_01_02,18_02_02_01_02,0,0.42891091694964656,0.17547063952528583,0.08231702948234053,0.31330141404272716,0.3524886312718509,0.24170041956606397,0.20709263216112717,0.19871831700095807,0.004626,0.024107,0.005878,0.965388,0.399324,0.520707,0.035889,0.31864,1,0.07642228567779563,0.06622978004077815,0.12477560267878664,0.11458309704176908,0.520707
23_2_2_2_Ahappy_Vangry,23,male,2,2,2,23_03_02_02_02,23_05_02_02_02,1,0.2027151131422102,0.7347867717728078,0.00461435228442962,0.05788376280055221,0.2164073730935932,0.26787297930215925,0.24564801191122593,0.27007163569302167,0.008141,0.007626,0.011831,0.972402,0.776657,0.445738,0.243963,0.488786,0,0.013692259951383012,0.46691379247064857,0.24103365962679632,0.21218787289246946,0.776657
20_1_2_2_Aangry_Vhappy,20,female,1,2,2,20_05_02_01_02,20_03_02_01_02,1,0.3849155117156729,0.5396007364673882,0.03094972364870208,0.04453402816823679,0.36345454285322737,0.21850123336073551,0.2168551667053796,0.2011890570806575,0.004626,0.024107,0.005878,0.965388,0.766724,0.51894,0.146423,0.477362,1,0.02146096886244553,0.32109950310665264,0.18590544305667753,0.15665502891242072,0.766724
17_2_2_2_Asad_Vangry,17,male,2,2,2,17_04_02_02_02,17_05_02_02_02,1,0.5932313802282521,0.09025923736831537,0.17516490167822465,0.14134448072520786,0.22706067493391963,0.2582229527101152,0.2357039111748348,0.2790124611811304,0.008141,0.007626,0.011831,0.972402,0.612098,0.436244,0.111331,0.386558,0,0.36617070529433243,0.16796371534179982,0.06053900949661015,0.13766798045592252,0.612098
15_2_1_1_Adisgust_Vsad,15,male,2,1,1,15_07_01_02_01,15_04_01_02_01,1,0.5932818844897356,0.10702647318336907,0.10135140748440478,0.19834023484249058,0.2270380373461934,0.25561906309854393,0.2326278336341028,0.2847150659211598,0.008141,0.007626,0.011831,0.972402,0.537118,0.430268,0.108453,0.358613,0,0.3662438471435422,0.14859258991517488,0.13127642614969803,0.08637483107866922,0.537118
19_1_1_2_Aangry_Vangry,19,male,1,1,2,19_05_01_01_02,19_05_01_01_02,0,0.27283508661848,0.5839808188430029,0.020771043330359753,0.12241305120815738,0.3094434862505522,0.26872482276724047,0.21362592813776665,0.20820576284444064,0.004626,0.024107,0.005878,0.965388,0.623682,0.507282,0.118594,0.416519,0,0.036608399632072186,0.31525599607576243,0.1928548848074069,0.08579271163628327,0.623682
18_1_1_2_Asurprised_Vneutral,18,female,1,1,2,18_08_01_01_02,18_01_01_01_02,0,0.27484239419961215,0.4315638733332596,0.02865162492495275,0.26494210754217556,0.22800906243802585,0.2568206215778671,0.2648728686193121,0.250297447364795,0.004626,0.024107,0.005878,0.965388,0.441267,0.457982,0.09695,0.332066,1,0.0468333317615863,0.17474325175539246,0.23622124369435935,0.014644660177380586,0.457982
03_2_2_1_Asad_Vsad,3,male,2,2,1,03_04_02_02_01,03_04_02_02_01,0,0.754336928459461,0.05729937420367728,0.1456257929655529,0.042737904371308755,0.22721243219019416,0.28810002216383734,0.304326259867621,0.1803612857783476,0.008141,0.007626,0.011831,0.972402,0.792431,0.551827,0.222,0.522086,0,0.5271244962692668,0.23080064796016006,0.15870046690206813,0.13762338140703884,0.792431
13_2_1_2_Ahappy_Vhappy,13,male,2,1,2,13_03_01_02_02,13_03_01_02_02,0,0.3606965169653832,0.30314698546933616,0.014829957037287745,0.3213265405279929,0.32239620586432655,0.2516499104024548,0.21651069782163637,0.20944318591158226,0.008141,0.007626,0.011831,0.972402,0.40965,0.515808,0.087006,0.337488,0,0.03830031110105664,0.05149707506688134,0.20168074078434864,0.11188335461641066,0.515808
20_2_1_1_Ahappy_Vfearful,20,female,2,1,1,20_03_01_02_01,20_06_01_02_01,1,0.5209408261792552,0.27282044485892487,0.04171186876320654,0.16452686019861354,0.22710106709478006,0.2288677649945201,0.2781577688856379,0.26587339902506185,0.008141,0.007626,0.011831,0.972402,0.584948,0.449916,0.123457,0.386107,1,0.2938397590844751,0.043952679864404764,0.23644590012243138,0.10134653882644831,0.584948
15_1_1_2_Asad_Vhappy,15,male,1,1,2,15_04_01_01_02,15_03_01_01_02,1,0.4950241887406934,0.1547029175538586,0.06850807074821441,0.2817648229572336,0.28939014495362375,0.2599178484059723,0.21955834359581622,0.2311336630445877,0.004626,0.024107,0.005878,0.965388,0.434539,0.480061,0.061259,0.325287,0,0.20563404378706968,0.10521493085211372,0.1510502728476018,0.050631159912645884,0.480061
07_1_1_2_Afearful_Vsurprised,7,male,1,1,2,07_06_01_01_02,07_08_01_01_02,0,0.5967319132134186,0.1623808044845897,0.11372009912669602,0.1271671831752957,0.21615914422025637,0.26363015975712983,0.2948161719667124,0.22539452405590144,0.004626,0.024107,0.005878,0.965388,0.628267,0.486403,0.115594,0.410088,0,0.38057276899316217,0.10124935527254014,0.1810960728400164,0.09822734088060572,0.628267
13_2_1_1_Asad_Vsad,13,male,2,1,1,13_04_01_02_01,13_04_01_02_01,0,0.400553707556948,0.14951588733190857,0.054903598658604176,0.39502680645253935,0.22731520686714202,0.2431599295145435,0.23907385811002263,0.29045100550829195,0.008141,0.007626,0.011831,0.972402,0.33372,0.424191,0.076258,0.278056,0,0.173238500689806,0.09364404218263492,0.18417025945141846,0.1045758009442474,0.424191
10_2_1_2_Asurprised_Vhappy,10,female,2,1,2,10_08_01_02_02,10_03_01_02_02,1,0.39030900804346513,0.3667203370005585,0.05472591323846992,0.18824474171750652,0.2933424793436893,0.25037135405293914,0.2504374399268762,0.20584872667649537,0.008141,0.007626,0.011831,0.972402,0.550879,0.519676,0.062258,0.377604,1,0.09696652869977584,0.11634898294761936,0.1957115266884063,0.01760398495898885,0.550879
18_1_1_1_Asad_Vsad,18,female,1,1,1,18_04_01_01_01,18_04_01_01_01,0,0.2500428030559868,0.38282665426097356,0.06382072999032555,0.3033098126927142,0.21033635692139285,0.2785173334263858,0.3277071116047686,0.1834391980474527,0.004626,0.024107,0.005878,0.965388,0.399415,0.53798,0.088144,0.341847,1,0.03970644613459395,0.10430932083458777,0.26388638161444306,0.11987061464526147,0.53798
15_2_1_2_Aangry_Vfearful,15,male,2,1,2,15_05_01_02_02,15_06_01_02_02,1,0.11908194710471659,0.8353997548002807,0.004402779055191646,0.04111551903981119,0.2184379033543156,0.2597994121635057,0.24043600070561424,0.28132668377656433,0.008141,0.007626,0.011831,0.972402,0.815873,0.433769,0.304461,0.518034,0,0.099355956249599,0.5756003426367751,0.2360332216504226,0.24021116473675314,0.815873
19_1_2_1_Ahappy_Vsad,19,male,1,2,1,19_03_02_01_01,19_04_02_01_01,1,0.5712014694992577,0.25088503276851637,0.03430984750362484,0.14360365022860103,0.3519936442273664,0.2785346880235882,0.21272637359113758,0.1567452941579078,0.004626,0.024107,0.005878,0.965388,0.601259,0.574663,0.071397,0.415773,0,0.21920782527189125,0.027649655255071848,0.17841652608751274,0.013141643929306779,0.601259
13_2_1_2_Aangry_Vfearful,13,male,2,1,2,13_05_01_02_02,13_06_01_02_02,1,0.10919301058915028,0.8009686760126749,0.004225313417317296,0.08561299998085767,0.22283120536805043,0.251263208452717,0.24269360353450564,0.2832119826447269,0.008141,0.007626,0.011831,0.972402,0.726399,0.431728,0.271506,0.476544,0,0.11363819477890015,0.5497054675599579,0.23846829011718834,0.19759898266386924,0.726399
04_1_1_1_Aangry_Vangry,4,female,1,1,1,04_05_01_01_01,04_05_01_01_01,0,0.08232788540732291,0.8681539307239486,0.004566624750349525,0.044951559118378864,0.21823646191768087,0.2653738500411031,0.2619082555182595,0.2544814325229565,0.004626,0.024107,0.005878,0.965388,0.769234,0.452879,0.319724,0.513946,1,0.13590857651035795,0.6027800806828456,0.25734163076791,0.20952987340457765,0.769234
18_2_2_1_Ahappy_Vangry,18,female,2,2,1,18_03_02_02_01,18_05_02_02_01,1,0.5936176064132515,0.3171263303329559,0.03468683445960311,0.0545692287941896,0.27187324407065905,0.31437128040382445,0.2383448985776965,0.17541057694782008,0.008141,0.007626,0.011831,0.972402,0.769972,0.559023,0.12982,0.486272,1,0.3217443623425924,0.002755049929131448,0.2036580641180934,0.12084134815363048,0.769972
05_2_2_1_Asad_Vsad,5,male,2,2,1,05_04_02_02_01,05_04_02_02_01,0,0.5575066775269389,0.047113238467446854,0.04963387530441319,0.3457462087012011,0.20698016492820454,0.2582713688942676,0.2799364345040976,0.2548120316734302,0.008141,0.007626,0.011831,0.972402,0.384448,0.462151,0.187178,0.344592,0,0.3505265125987344,0.21115813042682074,0.23030255919968443,0.0909341770277709,0.462151
11_1_1_1_Aangry_Vdisgust,11,male,1,1,1,11_05_01_01_01,11_07_01_01_01,1,0.17423825251835265,0.7521243698188361,0.01240615894928367,0.061231218713527595,0.248707599811855,0.2458660112720446,0.2569767198640478,0.24844966905205246,0.004626,0.024107,0.005878,0.965388,0.731382,0.460656,0.244001,0.47868,0,0.07446934729350235,0.5062583585467915,0.24457056091476412,0.18721845033852486,0.731382
18_2_2_1_Aangry_Vangry,18,female,2,2,1,18_05_02_02_01,18_05_02_02_01,0,0.2695854942711951,0.6768173938906351,0.010465525973513906,0.04313158586465574,0.27187324407065905,0.31437128040382445,0.2383448985776965,0.17541057694782008,0.008141,0.007626,0.011831,0.972402,0.803434,0.559023,0.172994,0.511817,1,0.002287749799463945,0.36244611348681066,0.2278793726041826,0.13227899108316435,0.803434
16_2_2_1_Ahappy_Vsad,16,female,2,2,1,16_03_02_02_01,16_04_02_02_01,1,0.18252567813927575,0.7676982547450307,0.005381143884405048,0.04439492323128847,0.34401414029628213,0.22603821830308946,0.245317142227476,0.1846304991731524,0.008141,0.007626,0.011831,0.972402,0.805533,0.54686,0.270536,0.540976,1,0.16148846215700638,0.5416600364419413,0.23993599834307094,0.14023557594186395,0.805533
20_1_2_2_Afearful_Vsurprised,20,female,1,2,2,20_06_02_01_02,20_08_02_01_02,0,0.8023423340484969,0.06680790345917911,0.0908254088344838,0.04002435365784026,0.2116410890700804,0.2694269478365354,0.26451367181059793,0.25441829128278626,0.004626,0.024107,0.005878,0.965388,0.804174,0.452758,0.274263,0.510398,1,0.5907012449784165,0.2026190443773563,0.17368826297611412,0.214393937624946,0.804174
06_2_2_1_Ahappy_Vangry,6,female,2,2,1,06_03_02_02_01,06_05_02_02_01,1,0.3772059511024846,0.4963356137829852,0.04291754979466366,0.0835408853198666,0.20319281528871053,0.3538186463147129,0.2431604730891549,0.19982806530742173,0.008141,0.007626,0.011831,0.972402,0.711724,0.527794,0.101299,0.446939,1,0.1740131358137741,0.1425169674682723,0.20024292329449123,0.11628717998755513,0.711724
24_2_1_2_Asad_Vhappy,24,female,2,1,2,24_04_01_02_02,24_03_01_02_02,1,0.31440352069799365,0.09941712377593684,0.1519769718794381,0.4342023836466315,0.37296475102932564,0.24715775533686024,0.199667117592855,0.18021037604095916,0.008141,0.007626,0.011831,0.972402,0.295015,0.553503,0.06663,0.305049,1,0.05856123033133198,0.1477406315609234,0.0476901457134169,0.2539920076056723,0.553503
12_2_1_2_Asad_Vsad,12,female,2,1,2,12_04_01_02_02,12_04_01_02_02,0,0.3897474616473179,0.22404154587384878,0.13564708799816233,0.25056390448067106,0.19431987518725802,0.3034345470793181,0.30822028495324066,0.19402529278018316,0.008141,0.007626,0.011831,0.972402,0.470094,0.534362,0.055821,0.353426,1,0.19542758646005987,0.07939300120546933,0.17257319695507833,0.056538611700487906,0.534362
04_1_2_1_Ahappy_Vfearful,4,female,1,2,1,04_03_02_01_01,04_06_02_01_01,1,0.48058784629064094,0.4001950137015512,0.04831631523751432,0.07090082477029355,0.19896407314768663,0.27714604491996025,0.3295680348621174,0.19432184707023567,0.004626,0.024107,0.005878,0.965388,0.714446,0.524011,0.157768,0.465408,1,0.2816237731429543,0.12304896878159094,0.28125171962460305,0.12342102229994212,0.714446
08_1_1_2_Asad_Vfearful,8,female,1,1,2,08_04_01_01_02,08_06_01_01_02,1,0.4611254039401136,0.1029884740206886,0.03798314635159378,0.39790297568760413,0.2393292163954508,0.244259837194005,0.31759417763734116,0.198816768773203,0.004626,0.024107,0.005878,0.965388,0.330494,0.519896,0.162164,0.337518,1,0.2217961875446628,0.1412713631733164,0.2796110312857474,0.19908620691440113,0.519896
15_2_1_1_Ahappy_Vneutral,15,male,2,1,1,15_03_01_02_01,15_01_01_02_01,1,0.7340965710390366,0.07437148903867305,0.0394950674212692,0.1520368725010211,0.22134084167421006,0.24356582460334814,0.23686564698851706,0.29822768673392475,0.008141,0.007626,0.011831,0.972402,0.608026,0.416226,0.212718,0.412323,0,0.5127557293648265,0.16919433556467509,0.19737057956724785,0.14619081423290364,0.608026
16_2_2_2_Asad_Vhappy,16,female,2,2,2,16_04_02_02_02,16_03_02_02_02,1,0.6020754915042487,0.1556598271737892,0.13148746152735968,0.11077721979460244,0.4547136670375379,0.20062191153038916,0.17716168431203597,0.1675027371200371,0.008141,0.007626,0.011831,0.972402,0.659253,0.571759,0.016134,0.415715,1,0.14736182446671076,0.04496208435659996,0.04567422278467628,0.05672551732543467,0.659253
14_2_2_2_Asad_Vangry,14,female,2,2,2,14_04_02_02_02,14_05_02_02_02,1,0.418451161086561,0.42700057011526094,0.06409693747797857,0.09045133132019953,0.21313649289235007,0.2927723708248566,0.2502876420378334,0.24380349424495984,0.008141,0.007626,0.011831,0.972402,0.696395,0.474857,0.102449,0.424567,1,0.20531466819421093,0.13422819929040436,0.1861907045598548,0.1533521629247603,0.696395
20_2_1_1_Afearful_Vsad,20,female,2,1,1,20_06_01_02_01,20_04_01_02_01,1,0.3701435782608154,0.13165870061097387,0.06053623079851042,0.4376614903297003,0.21962068899146478,0.23418543706826286,0.2648642691562764,0.28132960478399593,0.008141,0.007626,0.011831,0.972402,0.297042,0.43349,0.086804,0.272445,1,0.15052288926935062,0.10252673645728899,0.204328038357766,0.15633188554570437,0.43349
15_1_2_1_Asad_Vhappy,15,male,1,2,1,15_04_02_01_01,15_03_02_01_01,1,0.5868724889164783,0.2014362110641159,0.07276253470817629,0.13892876531122947,0.30774985842896835,0.26130774922397304,0.21775337558949703,0.2131890167575617,0.004626,0.024107,0.005878,0.965388,0.608726,0.501505,0.067741,0.392657,0,0.2791226304875099,0.05987153815985713,0.14499084088132075,0.07426025144633222,0.608726
06_2_1_2_Asad_Vhappy,6,female,2,1,2,06_04_01_02_02,06_03_01_02_02,1,0.3148035016250438,0.19831400223105602,0.10400885112527578,0.3828736450186244,0.3833617575601773,0.274363421113526,0.1826979561486687,0.1595768651776281,0.008141,0.007626,0.011831,0.972402,0.339521,0.581884,0.048914,0.323439,1,0.06855825593513354,0.07604941888247,0.07868910502339294,0.22329677984099633,0.581884
23_2_2_2_Asad_Vsurprised,23,male,2,2,2,23_04_02_02_02,23_08_02_02_02,1,0.5429039202855013,0.05016989137654491,0.20007206197991997,0.20685412635803382,0.2318239055962323,0.24242440672627513,0.30495504295723624,0.2207966447202564,0.008141,0.007626,0.011831,0.972402,0.525229,0.501068,0.104013,0.37677,0,0.31108001468926894,0.19225451534973023,0.10488298097731627,0.013942518362222572,0.525229
06_2_1_1_Acalm_Vangry,6,female,2,1,1,06_02_01_02_01,06_05_01_02_01,1,0.4410413124711322,0.059011063723596914,0.18082984461833934,0.3191177791869316,0.20301054872161967,0.33635690931790774,0.24854292362001912,0.21208961834045356,0.008141,0.007626,0.011831,0.972402,0.400564,0.512464,0.12169,0.344906,1,0.23803076374951254,0.2773458455943108,0.06771307900167978,0.10702816084647807,0.512464
20_2_2_2_Aangry_Vhappy,20,female,2,2,2,20_05_02_02_02,20_03_02_02_02,1,0.4338987346542877,0.46995009810037913,0.06526423753653388,0.03088692970879938,0.3090714216969363,0.234918954239647,0.2632595974714945,0.19275002659192217,0.008141,0.007626,0.011831,0.972402,0.819185,0.536041,0.129578,0.494935,1,0.12482731295735139,0.23503114386073212,0.19799535993496065,0.16186309688312278,0.819185
06_2_2_2_Adisgust_Vhappy,6,female,2,2,2,06_07_02_02_02,06_03_02_02_02,1,0.38995581717893524,0.3581390622285764,0.10471588729497201,0.14718923329751646,0.3629186102415211,0.289195029612878,0.18289993582604064,0.16498642431956037,0.008141,0.007626,0.011831,0.972402,0.602707,0.574319,0.011133,0.396053,1,0.027037206937414127,0.06894403261569837,0.07818404853106863,0.017797191022043912,0.602707
19_2_1_2_Adisgust_Vsad,19,male,2,1,2,19_07_01_02_02,19_04_01_02_02,1,0.490648130788403,0.2220996999665394,0.07685326987182428,0.2103988993732333,0.21207917212446256,0.284531109834681,0.25180246258795264,0.2515872554529038,0.008141,0.007626,0.011831,0.972402,0.521294,0.466038,0.08044,0.355924,0,0.2785689586639405,0.06243140986814161,0.17494919271612835,0.041188356079670474,0.521294
19_1_2_1_Adisgust_Vangry,19,male,1,2,1,19_07_02_01_01,19_05_02_01_01,1,0.6210392235606867,0.17839584635969874,0.14525424535528847,0.05531068472432613,0.25817835169969705,0.2825896108097636,0.2291783864088814,0.230053651081658,0.004626,0.024107,0.005878,0.965388,0.753945,0.480149,0.112535,0.448876,0,0.3628608718609897,0.10419376445006484,0.08392414105359294,0.17474296635733189,0.753945
07_1_2_2_Asad_Vhappy,7,male,1,2,2,07_04_02_01_02,07_03_02_01_02,1,0.58329118862516,0.15552323234179885,0.14587710052562042,0.11530847850742067,0.36842567372233953,0.24555134576609627,0.22572623106310946,0.1602967494484546,0.004626,0.024107,0.005878,0.965388,0.646772,0.571342,0.033896,0.417337,0,0.21486551490282052,0.09002811342429742,0.07984913053748904,0.04498827094103393,0.646772
13_1_2_2_Adisgust_Vangry,13,male,1,2,2,13_07_02_01_02,13_05_02_01_02,1,0.30291610729890966,0.4490813345467126,0.01786230024136914,0.23014025791300866,0.24601242873309154,0.27775095475617595,0.22878126228099155,0.247455354229741,0.004626,0.024107,0.005878,0.965388,0.481967,0.46029,0.094151,0.345469,0,0.05690367856581813,0.17133037979053667,0.2109189620396224,0.017315096316732337,0.481967
13_2_2_2_Acalm_Vhappy,13,male,2,2,2,13_02_02_02_02,13_03_02_02_02,1,0.4272993645714266,0.12100974402741968,0.045593361882679095,0.40609752951847466,0.32464565980939747,0.26386949003796306,0.21459798480031364,0.19688686535232577,0.008141,0.007626,0.011831,0.972402,0.326061,0.531486,0.094386,0.317311,0,0.10265370476202912,0.14285974601054338,0.16900462291763454,0.2092106641661489,0.531486
08_1_1_1_Aangry_Vhappy,8,female,1,1,1,08_05_01_01_01,08_03_01_01_01,1,0.19295564328834341,0.7155845944761364,0.017357382125324963,0.07410238011019507,0.3998484307831995,0.23441474053795333,0.19692289740810323,0.16881393127074387,0.004626,0.024107,0.005878,0.965388,0.70538,0.560573,0.196058,0.487337,1,0.20689278749485607,0.4811698539381831,0.17956551528277825,0.0947115511605488,0.70538
02_2_2_1_Asad_Vfearful,2,female,2,2,1,02_04_02_02_01,02_06_02_02_01,1,0.38079448594173854,0.3324734706809499,0.10076792615780412,0.18596411721950729,0.2153528602916845,0.3108344228574287,0.2777781532480876,0.19603456360279922,0.008141,0.007626,0.011831,0.972402,0.549727,0.531916,0.048187,0.37661,1,0.16544162565005405,0.021639047823521218,0.17701022709028347,0.010070446383291937,0.549727
02_1_1_2_Ahappy_Vhappy,2,female,1,1,2,02_03_01_01_02,02_03_01_01_02,0,0.31619302391150134,0.3247051295959649,0.011641713767913328,0.3474601327246204,0.3368570357004941,0.23991113598248107,0.20058707232124043,0.22264475599578437,0.004626,0.024107,0.005878,0.965388,0.363978,0.491426,0.088355,0.314586,1,0.020664011788992742,0.08479399361348386,0.18894535855332711,0.12481537672883602,0.491426
04_2_2_1_Acalm_Vsad,4,female,2,2,1,04_02_02_02_01,04_04_02_02_01,1,0.48274969754078495,0.13470097537245249,0.13774987323089385,0.24479945385586863,0.23368778621282796,0.2851561320503108,0.29328159624601746,0.1878744854908437,0.008141,0.007626,0.011831,0.972402,0.478092,0.54207,0.07519,0.365117,1,0.249061911327957,0.15045515667785833,0.1555317230151236,0.05692496836502492,0.54207
04_2_1_2_Asad_Vangry,4,female,2,1,2,04_04_01_02_02,04_05_01_02_02,1,0.21222361881425258,0.6487993946995793,0.02025039237587279,0.11872659411029542,0.2157104269676046,0.2748552002245382,0.2700890377544596,0.23934533505339764,0.008141,0.007626,0.011831,0.972402,0.658882,0.479688,0.163343,0.433971,1,0.0034868081533520057,0.37394419447504107,0.2498386453785868,0.12061874094310222,0.658882
21_2_1_2_Asad_Vhappy,21,male,2,1,2,21_04_01_02_02,21_03_01_02_02,1,0.5551088913286808,0.06346862173300692,0.0758756845537969,0.30554680238451537,0.28461331114219107,0.256368815915506,0.24891937947825202,0.210098493464051,0.008141,0.007626,0.011831,0.972402,0.419744,0.514451,0.11841,0.350868,0,0.2704955801864897,0.19290019418249904,0.17304369492445512,0.09544830892046438,0.514451
18_2_2_2_Aangry_Vhappy,18,female,2,2,2,18_05_02_02_02,18_03_02_02_02,1,0.16493442660171684,0.7998062910513615,0.006570685090322564,0.02868859725659916,0.4117997747903371,0.24809061054035295,0.18321170513685409,0.15689790953245578,0.008141,0.007626,0.011831,0.972402,0.842635,0.585791,0.259056,0.562494,1,0.24686534818862024,0.5517156805110085,0.1766410200465315,0.1282093122758566,0.842635
05_1_1_1_Ahappy_Vhappy,5,male,1,1,1,05_03_01_01_01,05_03_01_01_01,0,0.4724629616368165,0.2986849304246852,0.04908182633585801,0.17977028160264036,0.30110016887490737,0.2483460708935497,0.26892893698301346,0.18162482324852938,0.004626,0.024107,0.005878,0.965388,0.546854,0.541938,0.07581,0.3882,0,0.17136279276190913,0.05033885953113548,0.21984711064715545,0.001854541645889024,0.546854
19_2_2_2_Asad_Vfearful,19,male,2,2,2,19_04_02_02_02,19_06_02_02_02,1,0.785419564223237,0.020129965625470845,0.10853368343144261,0.08591678671984947,0.3271428430243084,0.2711322729409962,0.2160162676456107,0.18570861638908479,0.008141,0.007626,0.011831,0.972402,0.71258,0.545799,0.1896,0.48266,0,0.4582767211989286,0.2510023073155253,0.10748258421416808,0.09979182966923532,0.71258
09_1_2_2_Acalm_Vsad,9,male,1,2,2,09_02_02_01_02,09_04_02_01_02,1,0.4379063508797939,0.002889424094055481,0.3661207560782975,0.1930834689478531,0.2099490976944095,0.3214994420992819,0.31322126842565157,0.15533019178065705,0.004626,0.024107,0.005878,0.965388,0.57652,0.574365,0.182804,0.444563,0,0.2279572531853844,0.3186100180052264,0.05289948765264596,0.037753277167196064,0.57652
07_1_2_2_Aangry_Vangry,7,male,1,2,2,07_05_02_01_02,07_05_02_01_02,0,0.12305040194095844,0.8597821755147625,0.0034334845088558083,0.013733938035423235,0.22849701640055886,0.31655793882603067,0.23060164113169712,0.22434340364171354,0.004626,0.024107,0.005878,0.965388,0.849339,0.485458,0.290853,0.541883,0,0.10544661445960042,0.5432242366887319,0.22716815662284132,0.2106094656062903,0.849339
20_2_1_1_Aangry_Vhappy,20,female,2,1,1,20_05_01_02_01,20_03_01_02_01,1,0.35568014307568796,0.3968719714854553,0.023769673777008317,0.22367821166184843,0.2890461273749526,0.2354854076843913,0.2623256384037986,0.21314282653685745,0.008141,0.007626,0.011831,0.972402,0.512517,0.510603,0.101577,0.374899,1,0.06663401570073535,0.16138656380106398,0.23855596462679027,0.01053538512499097,0.512517
18_2_2_2_Ahappy_Vangry,18,female,2,2,2,18_03_02_02_02,18_05_02_02_02,1,0.5389005024571055,0.3526706680491013,0.05542988577622782,0.05299894371756525,0.26946746329283816,0.3004881258427243,0.24241609809292733,0.18762831277151024,0.008141,0.007626,0.011831,0.972402,0.769759,0.542876,0.109005,0.47388,1,0.26943303916426736,0.052182542206377025,0.1869862123166995,0.13462936905394499,0.769759
20_2_1_1_Asad_Vsad,20,female,2,1,1,20_04_01_02_01,20_04_01_02_01,0,0.28245096619853555,0.12238444450518529,0.08486067338759447,0.5103039159086846,0.21962068899146478,0.23418543706826286,0.2648642691562764,0.28132960478399593,0.008141,0.007626,0.011831,0.972402,0.237826,0.43349,0.075008,0.248775,1,0.06283027720707077,0.11180099256307757,0.18000359576868197,0.2289743111246887,0.43349
09_1_2_1_Aangry_Vcalm,9,male,1,2,1,09_05_02_01_01,09_02_02_01_01,1,0.4033721941301417,0.5421971891215568,0.012897247447232975,0.0415333693010685,0.23752544988644309,0.24117312526046902,0.26233535367771776,0.2589660711753701,0.004626,0.024107,0.005878,0.965388,0.776559,0.449133,0.221704,0.482465,0,0.1658467442436986,0.30102406386108777,0.2494381062304848,0.21743270187430164,0.776559
10_2_2_1_Asad_Vsad,10,female,2,2,1,10_04_02_02_01,10_04_02_02_01,0,0.652503129126164,0.04788786286768925,0.13041999261912904,0.1691890153870178,0.2284563608189633,0.2445221695311839,0.23187785775421557,0.2951436118956372,0.008141,0.007626,0.011831,0.972402,0.57741,0.419432,0.151786,0.382876,1,0.4240467683072007,0.19663430666349466,0.10145786513508653,0.1259545965086194,0.57741
14_2_2_2_Acalm_Vsad,14,female,2,2,2,14_02_02_02_02,14_04_02_02_02,1,0.3710515619711459,0.3557620003113046,0.059575815971058516,0.21361062174649098,0.20529368625379865,0.27792607594585134,0.2701868061569517,0.2465934316433984,0.008141,0.007626,0.011831,0.972402,0.518379,0.471492,0.07426,0.354711,1,0.16575787571734726,0.07783592436545328,0.21061099018589316,0.03298280989690741,0.518379
18_2_1_2_Asad_Vcalm,18,female,2,1,2,18_04_01_02_02,18_02_01_02_02,1,0.3253084289651657,0.2968308591276877,0.07777096748274706,0.30008974442439945,0.34275673182577493,0.2440533238495539,0.20653836279811855,0.20665158152655264,0.008141,0.007626,0.011831,0.972402,0.420078,0.519506,0.030095,0.323226,1,0.01744830286060922,0.05277753527813381,0.12876739531537149,0.09343816289784682,0.519506
03_1_1_1_Aangry_Vangry,3,male,1,1,1,03_05_01_01_01,03_05_01_01_01,0,0.2954079029364158,0.2985104897795845,0.10691126799404643,0.29917033928995324,0.2199550154838392,0.24999161749508633,0.23265572864093323,0.2973976383801411,0.004626,0.024107,0.005878,0.965388,0.405218,0.40776,0.022752,0.278577,0,0.07545288745257658,0.048518872284498166,0.1257444606468868,0.0017727009098121305,0.40776
23_2_1_2_Adisgust_Vfearful,23,male,2,1,2,23_07_01_02_02,23_06_01_02_02,0,0.536251765958654,0.17523516238027168,0.09243305153449625,0.19608002012657802,0.21146416983288047,0.25958461242699105,0.2855448861397201,0.24340633160040837,0.008141,0.007626,0.011831,0.972402,0.538712,0.474916,0.097721,0.37045,0,0.3247875961257735,0.08434945004671937,0.19311183460522385,0.047326311473830346,0.538712
15_2_1_1_Asad_Vcalm,15,male,2,1,1,15_04_01_02_01,15_02_01_02_01,1,0.5552752441321618,0.1510846592767996,0.054017533782103895,0.23962256280893485,0.2350189252739484,0.25876330471189035,0.26656119648882065,0.2396565735253407,0.008141,0.007626,0.011831,0.972402,0.490155,0.479266,0.113924,0.361115,0,0.3202563188582134,0.10767864543509076,0.21254366270671676,3.401071640585229e-05,0.490155
11_1_1_2_Aneutral_Vsurprised,11,male,1,1,2,11_01_01_01_02,11_08_01_01_02,0,0.393634380843586,0.13708062852500422,0.06881945171551317,0.4004655389158966,0.23113958718737496,0.23790825487908573,0.27268344438371717,0.25826871354982217,0.004626,0.024107,0.005878,0.965388,0.321837,0.450069,0.083442,0.285116,0,0.16249479365621103,0.10082762635408152,0.20386399266820399,0.14219682536607442,0.450069
08_1_1_1_Ahappy_Vangry,8,female,1,1,1,08_03_01_01_01,08_05_01_01_01,1,0.5668691570676087,0.20811427543535976,0.03952579060756953,0.18549077688946214,0.2280188467078987,0.2639080921940937,0.2713248111995018,0.2367482498985058,0.004626,0.024107,0.005878,0.965388,0.54552,0.47309,0.128444,0.382351,1,0.3388503103597099,0.05579381675873396,0.23179902059193228,0.05125747300904365,0.54552
20_2_2_2_Aangry_Vdisgust,20,female,2,2,2,20_05_02_02_02,20_07_02_02_02,1,0.4338987346542877,0.46995009810037913,0.06526423753653388,0.03088692970879938,0.22798489301305763,0.2796478167736257,0.30721397603141953,0.18515331418189732,0.008141,0.007626,0.011831,0.972402,0.819185,0.545516,0.146739,0.503813,1,0.20591384164123006,0.19030228132675342,0.24194973849488566,0.15426638447309793,0.819185
20_2_2_1_Asad_Vhappy,20,female,2,2,1,20_04_02_02_01,20_03_02_02_01,1,0.5345898569607204,0.08265460692731434,0.2105477338121785,0.17220780229978672,0.289779127794031,0.23903768991091712,0.24449951280151747,0.2266836694935345,0.008141,0.007626,0.011831,0.972402,0.567653,0.494581,0.058843,0.373692,1,0.2448107291666894,0.15638308298360276,0.03395177898933896,0.05447586719374778,0.567653
04_1_1_1_Afearful_Vangry,4,female,1,1,1,04_06_01_01_01,04_05_01_01_01,1,0.2802137297713144,0.5068577817349124,0.04441886863050936,0.1685096198632639,0.21823646191768087,0.2653738500411031,0.2619082555182595,0.2544814325229565,0.004626,0.024107,0.005878,0.965388,0.555325,0.452879,0.098526,0.36891,1,0.061977267853633555,0.24148393169380927,0.21748938688775016,0.08597181265969261,0.555325
08_2_2_1_Asad_Vhappy,8,female,2,2,1,08_04_02_02_01,08_03_02_02_01,1,0.6297113122652074,0.08292644643132296,0.14765424881916944,0.13970799248430013,0.41426990079726267,0.22865183677931566,0.20121088955264393,0.1558673728707776,0.008141,0.007626,0.011831,0.972402,0.616046,0.586891,0.045014,0.415984,1,0.2154414114679447,0.1457253903479927,0.05355664073347449,0.016159380386477462,0.616046
18_2_1_1_Aneutral_Vangry,18,female,2,1,1,18_01_01_02_01,18_05_01_02_01,1,0.3232397195996058,0.19944265669599698,0.06309430732795963,0.4142233163764376,0.231420483469718,0.2926901456002749,0.24635971577397064,0.2295296551560364,0.008141,0.007626,0.011831,0.972402,0.315373,0.491311,0.073134,0.293272,1,0.0918192361298878,0.09324748890427792,0.18326540844601102,0.1846936612204012,0.491311
23_1_1_2_Asad_Vsad,23,male,1,1,2,23_04_01_01_02,23_04_01_01_02,0,0.5022819275570756,0.10956482368274632,0.07506077534200788,0.31309247341817026,0.22948433416921152,0.2429526600305849,0.2315150072806701,0.2960479985195335,0.004626,0.024107,0.005878,0.965388,0.406936,0.409524,0.086617,0.301025,0,0.272797593387864,0.13338783634783857,0.1564542319386622,0.017044474898636752,0.409524
17_1_1_2_Ahappy_Vcalm,17,male,1,1,2,17_03_01_01_02,17_02_01_01_02,1,0.5445108702218859,0.19011315750483487,0.05778519991074382,0.20759077236253545,0.21842678684242844,0.2605115894076505,0.2876776101265372,0.23338401362338376,0.004626,0.024107,0.005878,0.965388,0.517285,0.477159,0.11666,0.370368,0,0.3260840833794575,0.07039843190281564,0.22989241021579337,0.02579324126084831,0.517285
23_2_2_1_Aangry_Vsad,23,male,2,2,1,23_05_02_02_01,23_04_02_02_01,1,0.13431246731167498,0.8467729271972537,8.501815153030315e-05,0.01882958733954099,0.23345747592358737,0.27220432347354423,0.24834481483254245,0.245993385770326,0.008141,0.007626,0.011831,0.972402,0.878404,0.47226,0.328502,0.559722,0,0.09914500861191239,0.5745686037237094,0.24825979668101214,0.22716379843078502,0.878404
13_2_1_1_Asad_Vhappy,13,male,2,1,1,13_04_01_02_01,13_03_01_02_01,1,0.400553707556948,0.14951588733190857,0.054903598658604176,0.39502680645253935,0.3066064617923286,0.24736657162914855,0.21903046628566242,0.22699650029286048,0.008141,0.007626,0.011831,0.972402,0.33372,0.494608,0.067853,0.298727,0,0.09394724576461944,0.09785068429723998,0.16412686762705825,0.16803030615967887,0.494608
13_2_2_2_Aangry_Vsurprised,13,male,2,2,2,13_05_02_02_02,13_08_02_02_02,1,0.05134283320260133,0.9420314734412879,9.422942400288395e-05,0.0065314639321078834,0.23461521574717556,0.2566946089981689,0.2343536640170587,0.2743365112375969,0.008141,0.007626,0.011831,0.972402,0.922155,0.441219,0.430813,0.598063,0,0.18327238254457423,0.685336864443119,0.23425943459305582,0.267805047305489,0.922155
20_1_2_1_Asad_Vhappy,20,female,1,2,1,20_04_02_01_01,20_03_02_01_01,1,0.6944622242334644,0.051250133858736835,0.13341484424361952,0.12087279766417933,0.33474201213346405,0.22494533224756935,0.21964403516532127,0.22066862045364524,0.004626,0.024107,0.005878,0.965388,0.654686,0.494525,0.107186,0.418799,1,0.3597202121000003,0.17369519838883252,0.08622919092170175,0.09979582278946592,0.654686
04_2_1_2_Aangry_Vhappy,4,female,2,1,2,04_05_01_02_02,04_03_01_02_02,1,0.138134429192373,0.723618115285981,0.010213761614627736,0.12803369390701835,0.376943557411946,0.2516301198921572,0.20128690349852024,0.17013941919737643,0.008141,0.007626,0.011831,0.972402,0.65034,0.566933,0.205841,0.474371,1,0.238809128219573,0.47198799539382374,0.19107314188389252,0.04210572529035808,0.65034
17_1_1_1_Ahappy_Vangry,17,male,1,1,1,17_03_01_01_01,17_05_01_01_01,1,0.5254489044841112,0.12002044800995779,0.08197336549333074,0.27255728201260015,0.21789744203269115,0.2457299033840786,0.24060607536394196,0.29576657921928823,0.004626,0.024107,0.005878,0.965388,0.447637,0.409639,0.092947,0.316741,0,0.30755146245142007,0.12570945537412082,0.15863270987061123,0.023209297206688073,0.447637
21_2_2_1_Ahappy_Vdisgust,21,male,2,2,1,21_03_02_02_01,21_07_02_02_01,1,0.5597347385829263,0.24243402387013802,0.024741732463822896,0.17308950508311277,0.21573133363843724,0.314097166065874,0.2504268885680423,0.21974461172764653,0.008141,0.007626,0.011831,0.972402,0.577156,0.503006,0.139917,0.406693,0,0.3440034049444891,0.071663142195736,0.2256851561042194,0.04665510664453376,0.577156
14_1_1_1_Asad_Vsad,14,female,1,1,1,14_04_01_01_01,14_04_01_01_01,0,0.2762892650494038,0.4343680559053605,0.07685434767714192,0.2124883313680937,0.2079901577575997,0.26931429832428766,0.2616754792780464,0.26102006464006633,0.004626,0.024107,0.005878,0.965388,0.498509,0.445451,0.057836,0.333932,1,0.06829910729180413,0.16505375758107282,0.1848211316009045,0.04853173327197263,0.498509
10_2_1_1_Asad_Vsad,10,female,2,1,1,10_04_01_02_01,10_04_01_02_01,0,0.3777053930518305,0.0778976709750081,0.17775751500111045,0.366639420972051,0.22107835346763444,0.24270063097698027,0.23772970087475828,0.29849131468062706,0.008141,0.007626,0.011831,0.972402,0.354048,0.415946,0.052673,0.274222,1,0.15662703958419605,0.16480296000197217,0.05997218587364783,0.06814810629142393,0.415946
04_2_1_2_Ahappy_Vhappy,4,female,2,1,2,04_03_01_02_02,04_03_01_02_02,0,0.2887330680454278,0.5179436062779648,0.015444927300785706,0.1778783983758216,0.376943557411946,0.2516301198921572,0.20128690349852024,0.17013941919737643,0.008141,0.007626,0.011831,0.972402,0.573527,0.566933,0.10643,0.41563,1,0.08821048936651821,0.26631348638580754,0.18584197619773454,0.0077389791784451545,0.573527
07_2_2_2_Afearful_Vhappy,7,male,2,2,2,07_06_02_02_02,07_03_02_02_02,1,0.41709500462749055,0.49135064737811857,0.04502732174573402,0.046527026248656796,0.415860838243732,0.24116590454704073,0.1921058101435805,0.15086744706564684,0.008141,0.007626,0.011831,0.972402,0.785148,0.594154,0.087814,0.489039,0,0.0012341663837585615,0.25018474283107783,0.14707848839784649,0.10434042081699005,0.785148
18_1_2_1_Ahappy_Vangry,18,female,1,2,1,18_03_02_01_01,18_05_02_01_01,1,0.4516043423118228,0.4304776063477338,0.039238985239814984,0.07867906610062846,0.247510305354759,0.31045880901782175,0.25496003420042485,0.18707085142699437,0.004626,0.024107,0.005878,0.965388,0.699475,0.531897,0.109018,0.446796,1,0.20409403695706377,0.12001879732991205,0.21572104896060987,0.10839178532636591,0.699475
17_2_1_2_Asad_Vfearful,17,male,2,1,2,17_04_01_02_02,17_06_01_02_02,1,0.5232625109719828,0.14471746896852505,0.12527207009150348,0.2067479499679887,0.20593223821340167,0.2725317299945286,0.29106206785576166,0.23047396393630812,0.008141,0.007626,0.011831,0.972402,0.523857,0.489852,0.090813,0.368174,0,0.31733027275858117,0.12781426102600357,0.16578999776425818,0.023726013968319415,0.523857
13_1_2_1_Acalm_Vsad,13,male,1,2,1,13_02_02_01_01,13_04_02_01_01,1,0.5145130898040481,0.0619939913020697,0.06316582126361173,0.3603270976302705,0.2274443102348926,0.2621281945233664,0.2390818136418235,0.27134568159991757,0.004626,0.024107,0.005878,0.965388,0.370125,0.434575,0.132973,0.312558,0,0.2870687795691555,0.20013420322129669,0.17591599237821176,0.08898141603035292,0.434575
13_2_1_2_Aangry_Vhappy,13,male,2,1,2,13_05_01_02_02,13_03_01_02_02,1,0.10919301058915028,0.8009686760126749,0.004225313417317296,0.08561299998085767,0.32239620586432655,0.2516499104024548,0.21651069782163637,0.20944318591158226,0.008141,0.007626,0.011831,0.972402,0.726399,0.515808,0.263023,0.501743,0,0.21320319527517628,0.5493187656102201,0.21228538440431907,0.12383018593072459,0.726399
10_2_1_1_Ahappy_Vangry,10,female,2,1,1,10_03_01_02_01,10_05_01_02_01,1,0.6444998794261111,0.14013554774987919,0.08057234130390821,0.13479223152010164,0.2277888955190047,0.25412563692637435,0.22649799274096635,0.29158747481365455,0.008141,0.007626,0.011831,0.972402,0.625439,0.423186,0.134216,0.39428,1,0.41671098390710637,0.11399008917649517,0.14592565143705816,0.1567952432935529,0.625439
23_2_2_1_Afearful_Vhappy,23,male,2,2,1,23_06_02_02_01,23_03_02_02_01,1,0.5754980467758279,0.27470430457173134,0.04538875066741522,0.10440889798502559,0.2530006928991722,0.2383907817003762,0.29792433643123734,0.21068418896921426,0.008141,0.007626,0.011831,0.972402,0.675468,0.513295,0.135543,0.441435,0,0.32249735387665573,0.03631352287135514,0.2525355857638221,0.10627529098418867,0.675468
18_2_1_1_Asad_Vsurprised,18,female,2,1,1,18_04_01_02_01,18_08_01_02_01,1,0.29702275222809793,0.22221362011218987,0.08743002794798926,0.3933335997117228,0.24980558945176273,0.303258932583153,0.24472170187257294,0.20221377609251145,0.008141,0.007626,0.011831,0.972402,0.331175,0.524352,0.056488,0.304005,1,0.0472171627763352,0.08104531247096314,0.15729167392458368,0.19111982361921137,0.524352
10_2_1_2_Ahappy_Vsurprised,10,female,2,1,2,10_03_01_02_02,10_08_01_02_02,1,0.49242487530880913,0.2851777273876991,0.05010209128486313,0.1722953060186286,0.22625523386111235,0.2567989681858074,0.2733799132710999,0.24356588468198037,0.008141,0.007626,0.011831,0.972402,0.572924,0.474763,0.102529,0.383405,1,0.2661696414476968,0.0283787592018917,0.22327782198623677,0.07127057866335176,0.572924
13_1_1_2_Ahappy_Vangry,13,male,1,1,2,13_03_01_01_02,13_05_01_01_02,1,0.5079281423189055,0.1912954183162439,0.028568687213597885,0.2722077521512529,0.230376546423307,0.26005865844804193,0.233008100614755,0.2765566945138962,0.004626,0.024107,0.005878,0.965388,0.444822,0.429098,0.108094,0.327338,0,0.2775515958955985,0.06876324013179805,0.20443941340115712,0.004348942362643271,0.444822
16_2_2_1_Asad_Vhappy,16,female,2,2,1,16_04_02_02_01,16_03_02_02_01,1,0.5817525041477661,0.20732768215412192,0.07785221343399391,0.133067600264118,0.43508668945416407,0.2098163561161396,0.17966007592893726,0.175436878500759,0.008141,0.007626,0.011831,0.972402,0.626829,0.560796,0.024688,0.404104,1,0.14666581469360207,0.0024886739620176845,0.10180786249494335,0.042369278236640995,0.626829
05_1_1_1_Aangry_Vhappy,5,male,1,1,1,05_05_01_01_01,05_03_01_01_01,1,0.14685331274033692,0.7797529453440135,0.0071813672418971335,0.06621237467375252,0.30110016887490737,0.2483460708935497,0.26892893698301346,0.18162482324852938,0.004626,0.024107,0.005878,0.965388,0.72313,0.541938,0.257779,0.507616,0,0.15424685613457045,0.5314068744504639,0.26174756974111635,0.11541244857477687,0.72313
11_1_2_2_Adisgust_Vsad,11,male,1,2,2,11_07_02_01_02,11_04_02_01_02,1,0.4730815955852563,0.3520283497004443,0.07135738801567178,0.10353266669862773,0.2262557420911506,0.2644466976853143,0.2731254724533649,0.23617208777017012,0.004626,0.024107,0.005878,0.965388,0.65632,0.473729,0.10127,0.41044,0,0.2468258534941057,0.08758165201512996,0.20176808443769312,0.1326394210715424,0.65632
09_1_2_2_Asad_Vangry,9,male,1,2,2,09_04_02_01_02,09_05_02_01_02,1,0.7121555192784563,0.012688629348057482,0.15187849865633504,0.1232773527171511,0.2224959269479095,0.3015429864171958,0.2599646620150021,0.2159964246198926,0.004626,0.024107,0.005878,0.965388,0.667244,0.495995,0.235687,0.466308,0,0.4896595923305468,0.2888543570691383,0.10808616335866708,0.0927190719027415,0.667244
14_1_2_2_Ahappy_Vsurprised,14,female,1,2,2,14_03_02_01_02,14_08_02_01_02,1,0.34190305782323344,0.6045078832838514,0.022020445070627965,0.031568613822287234,0.24655837140516626,0.26119351661443563,0.22829861872790264,0.2639494932524955,0.004626,0.024107,0.005878,0.965388,0.797133,0.442711,0.20278,0.480874,1,0.09534468641806718,0.3433143666694158,0.20627817365727466,0.23238087943020827,0.797133
17_2_2_2_Aangry_Vhappy,17,male,2,2,2,17_05_02_02_02,17_03_02_02_02,1,0.16529850914479988,0.6875948322141533,0.016232153663294727,0.13087450497775222,0.28376096971224546,0.2450049908505149,0.2675283290409781,0.2037057103962616,0.008141,0.007626,0.011831,0.972402,0.642402,0.522138,0.193074,0.452538,0,0.11846246056744558,0.44258984136363844,0.2512961753776834,0.07283120541850938,0.642402
20_2_1_1_Ahappy_Vsad,20,female,2,1,1,20_03_01_02_01,20_04_01_02_01,1,0.5209408261792552,0.27282044485892487,0.04171186876320654,0.16452686019861354,0.21962068899146478,0.23418543706826286,0.2648642691562764,0.28132960478399593,0.008141,0.007626,0.011831,0.972402,0.584948,0.43349,0.123086,0.380508,1,0.3013201371877904,0.03863500779066201,0.22315240039306988,0.1168027445853824,0.584948
02_2_1_2_Asurprised_Vhappy,2,female,2,1,2,02_08_01_02_02,02_03_01_02_02,1,0.22382183626571822,0.6112594946085276,0.00949484897055937,0.15542382015519476,0.3240019284483439,0.24106672998107634,0.20361303591729119,0.23131830565328854,0.008141,0.007626,0.011831,0.972402,0.608132,0.489868,0.150572,0.416191,1,0.10018009218262569,0.3701927646274512,0.19411818694673183,0.07589448549809377,0.608132
19_1_2_1_Aangry_Vhappy,19,male,1,2,1,19_05_02_01_01,19_03_02_01_01,1,0.15219448507759845,0.8235920292735464,0.004351826070446043,0.019861659578409,0.36336115107974265,0.255083269469326,0.20114795282794135,0.18040762662299,0.004626,0.024107,0.005878,0.965388,0.830759,0.543707,0.286837,0.553768,0,0.2111666660021442,0.5685087598042203,0.1967961267574953,0.16054596704458102,0.830759
15_2_1_2_Afearful_Vangry,15,male,2,1,2,15_06_01_02_02,15_05_01_02_02,1,0.5677249931067067,0.2363171538764244,0.06989644105277763,0.12606141196409146,0.22171272634172476,0.25533323541934383,0.23720326610679543,0.28575077213213607,0.008141,0.007626,0.011831,0.972402,0.637936,0.42914,0.114528,0.393868,0,0.34601226676498187,0.019016081542919422,0.16730682505401778,0.1596893601680446,0.637936
16_1_1_1_Aangry_Vsurprised,16,female,1,1,1,16_05_01_01_01,16_08_01_01_01,1,0.07300334177178434,0.8975331075213993,0.0035760420147501024,0.025887508692066245,0.32788374495286965,0.22279056032202532,0.20614181670438292,0.24318387802072206,0.004626,0.024107,0.005878,0.965388,0.815811,0.468353,0.38512,0.556428,1,0.2548804031810853,0.674742547199374,0.20256577468963283,0.21729636932865581,0.815811
12_2_2_1_Aangry_Vfearful,12,female,2,2,1,12_05_02_02_01,12_06_02_02_01,1,0.21246878825488566,0.7347446796841892,0.02014123740777588,0.03264529465314928,0.22369019650305882,0.2705098108476197,0.27008888666450964,0.23571110598481193,0.008141,0.007626,0.011831,0.972402,0.82514,0.483833,0.235299,0.514757,1,0.011221408248173165,0.4642348688365695,0.24994764925673377,0.20306581133166265,0.82514
06_2_2_2_Asad_Vdisgust,6,female,2,2,2,06_04_02_02_02,06_07_02_02_02,1,0.7686315208275076,0.06314826995153242,0.0982143377427152,0.07000587147824457,0.2481845472590163,0.3424404423875979,0.23648956754406486,0.17288544280932097,0.008141,0.007626,0.011831,0.972402,0.737704,0.562583,0.214513,0.504934,1,0.5204469735684913,0.2792921724360655,0.13827522980134965,0.1028795713310764,0.737704
06_2_1_2_Ahappy_Vangry,6,female,2,1,2,06_03_01_02_02,06_05_01_02_02,1,0.5157889155119091,0.24185535643712522,0.04001976765014857,0.2023359604008171,0.20303775758788206,0.34272036763023905,0.2461808390740862,0.20806103570779266,0.008141,0.007626,0.011831,0.972402,0.535719,0.517462,0.116654,0.389945,1,0.312751157924027,0.10086501119311383,0.20616107142393764,0.005725075306975552,0.535719
15_2_2_1_Aangry_Vhappy,15,male,2,2,1,15_05_02_02_01,15_03_02_02_01,1,0.2817613191028749,0.6743876202792135,0.009289441013415807,0.0345616196044958,0.3385822520701196,0.25621311063040797,0.20629322700390218,0.1989114102955703,0.008141,0.007626,0.011831,0.972402,0.824028,0.529134,0.198432,0.517198,0,0.05682093296724472,0.41817450964880554,0.19700378599048637,0.1643497906910745,0.824028
03_1_2_1_Asad_Vangry,3,male,1,2,1,03_04_02_01_01,03_05_02_01_01,1,0.8389678651391088,0.05056671441237503,0.06401436483602327,0.046451055612492735,0.22395571324033367,0.2764541689199987,0.24348462072220547,0.25610549711746217,0.004626,0.024107,0.005878,0.965388,0.794899,0.450585,0.296587,0.514024,0,0.6150121518987751,0.22588745450762365,0.1794702558861822,0.20965444150496942,0.794899
18_2_1_2_Aangry_Vcalm,18,female,2,1,2,18_05_01_02_02,18_02_01_02_02,1,0.1885705431181381,0.7043886537594665,0.016038995871462344,0.09100180725093318,0.34275673182577493,0.2440533238495539,0.20653836279811855,0.20665158152655264,0.008141,0.007626,0.011831,0.972402,0.707289,0.519506,0.186819,0.471205,1,0.15418618870763684,0.46033532990991255,0.1904993669266562,0.11564977427561945,0.707289
04_2_2_1_Acalm_Vangry,4,female,2,2,1,04_02_02_02_01,04_05_02_02_01,1,0.48274969754078495,0.13470097537245249,0.13774987323089385,0.24479945385586863,0.21783061496275,0.2825008616325789,0.26723296210712444,0.23243556129754664,0.008141,0.007626,0.011831,0.972402,0.478092,0.487714,0.071659,0.345822,1,0.264919082578035,0.14779988626012644,0.12948308887623058,0.012363892558321987,0.487714
02_1_1_1_Aangry_Vneutral,2,female,1,1,1,02_05_01_01_01,02_01_01_01_01,1,0.14813705339979985,0.7313119442592885,0.008211669831675192,0.11233933250923647,0.22787605651629345,0.24802122640785734,0.22190622856558737,0.3021964885102618,0.004626,0.024107,0.005878,0.965388,0.641241,0.402988,0.218112,0.42078,1,0.0797390031164936,0.48329071785143113,0.2136945587339122,0.18985715600102535,0.641241
02_1_2_2_Asad_Vsad,2,female,1,2,2,02_04_02_01_02,02_04_02_01_02,0,0.3896126798241712,0.31657575601247845,0.10802555091743336,0.18578601324591704,0.20939463455170643,0.27994659099726815,0.24829124888904455,0.26236752556198084,0.004626,0.024107,0.005878,0.965388,0.535331,0.443502,0.045881,0.341572,1,0.18021804527246477,0.0366291650152103,0.1402656979716112,0.0765815123160638,0.535331
14_2_2_2_Asad_Vsad,14,female,2,2,2,14_04_02_02_02,14_04_02_02_02,0,0.418451161086561,0.42700057011526094,0.06409693747797857,0.09045133132019953,0.20529368625379865,0.27792607594585134,0.2701868061569517,0.2465934316433984,0.008141,0.007626,0.011831,0.972402,0.696395,0.471492,0.114669,0.427519,1,0.21315747483276234,0.1490744941694096,0.2060898686789731,0.15614210032319886,0.696395
20_2_2_2_Adisgust_Vsad,20,female,2,2,2,20_07_02_02_02,20_04_02_02_02,1,0.4195761315226238,0.49800684045388416,0.036443325642538715,0.04597370238095332,0.2680010374957949,0.23710418943894077,0.2856975139590062,0.20919725910625794,0.008141,0.007626,0.011831,0.972402,0.787858,0.515196,0.166099,0.489718,1,0.1515750940268289,0.26090265101494337,0.2492541883164675,0.1632235567253046,0.787858
14_1_1_1_Aangry_Vsad,14,female,1,1,1,14_05_01_01_01,14_04_01_01_01,1,0.10801250199759055,0.8363029665673563,0.010607922102143615,0.04507660933290969,0.2079901577575997,0.26931429832428766,0.2616754792780464,0.26102006464006633,0.004626,0.024107,0.005878,0.965388,0.766126,0.445451,0.286217,0.499265,1,0.09997765576000914,0.5669886682430686,0.2510675571759028,0.21594345530715664,0.766126
09_1_2_1_Asad_Vcalm,9,male,1,2,1,09_04_02_01_01,09_02_02_01_01,1,0.568750914271968,0.0069719043439983855,0.33715533900074685,0.08712184238328674,0.23752544988644309,0.24117312526046902,0.26233535367771776,0.2589660711753701,0.004626,0.024107,0.005878,0.965388,0.730457,0.449133,0.18727,0.45562,0,0.3312254643855249,0.23420122091647064,0.07481998532302908,0.1718442287920834,0.730457
23_2_2_1_Afearful_Vangry,23,male,2,2,1,23_06_02_02_01,23_05_02_02_01,1,0.5754980467758279,0.27470430457173134,0.04538875066741522,0.10440889798502559,0.21822348481119605,0.2699672741592498,0.24359719248844652,0.2682120485411077,0.008141,0.007626,0.011831,0.972402,0.675468,0.447769,0.140897,0.421378,0,0.3572745619646319,0.004737030412481524,0.1982084418210313,0.1638031505560821,0.675468
03_2_1_2_Aangry_Vdisgust,3,male,2,1,2,03_05_01_02_02,03_07_01_02_02,1,0.3933699957773933,0.4072011176295687,0.04261234644375703,0.1568165401492811,0.2433971509589733,0.3219991653277856,0.26408942430938837,0.17051425940385284,0.008141,0.007626,0.011831,0.972402,0.595108,0.565354,0.080851,0.413771,0,0.14997284481842,0.08520195230178307,0.22147707786563134,0.01369771925457175,0.595108
06_2_2_1_Ahappy_Vdisgust,6,female,2,2,1,06_03_02_02_01,06_07_02_02_01,1,0.3772059511024846,0.4963356137829852,0.04291754979466366,0.0835408853198666,0.21960969234319572,0.3564003941157489,0.24989495595724215,0.17409495758381324,0.008141,0.007626,0.011831,0.972402,0.711724,0.560965,0.093626,0.455438,1,0.1575962587592889,0.13993521966723627,0.20697740616257848,0.09055407226394664,0.711724
18_1_1_1_Aangry_Vangry,18,female,1,1,1,18_05_01_01_01,18_05_01_01_01,0,0.13567915590050736,0.711390458054208,0.023716719034463637,0.12921366701082102,0.2339779000884269,0.285727367184216,0.2453526400445209,0.2349420926828362,0.004626,0.024107,0.005878,0.965388,0.61152,0.474223,0.165118,0.416953,1,0.09829874418791953,0.425663090869992,0.22163592101005725,0.10572842567201518,0.61152
09_1_2_1_Aangry_Vhappy,9,male,1,2,1,09_05_02_01_01,09_03_02_01_01,1,0.4033721941301417,0.5421971891215568,0.012897247447232975,0.0415333693010685,0.35233524939022076,0.25376201998839193,0.21929111875366944,0.17461161186771787,0.004626,0.024107,0.005878,0.965388,0.776559,0.551321,0.151754,0.493211,0,0.05103694473992093,0.28843516913316486,0.20639387130643647,0.13307824256664938,0.776559
02_1_2_1_Ahappy_Vsurprised,2,female,1,2,1,02_03_02_01_01,02_08_02_01_01,1,0.39842692537180063,0.4916162999287273,0.01973368610628134,0.09022308859319067,0.23843397696366495,0.26818906204093534,0.28093618214436133,0.2124407788510385,0.004626,0.024107,0.005878,0.965388,0.679287,0.501773,0.154829,0.445296,1,0.1599929484081357,0.22342723788779195,0.26120249603808,0.12221769025784782,0.679287
15_1_2_2_Asad_Vsad,15,male,1,2,2,15_04_02_01_02,15_04_02_01_02,0,0.7429511044712845,0.10738342932776725,0.08097659141282215,0.06868887478812609,0.2299797460477917,0.26231656041183515,0.28666788812836635,0.22103580541200685,0.004626,0.024107,0.005878,0.965388,0.73678,0.491658,0.201216,0.476551,0,0.5129713584234928,0.15493313108406792,0.2056912967155442,0.15234693062388077,0.73678
01_2_2_1_Afearful_Vhappy,1,male,2,2,1,01_06_02_02_01,01_03_02_02_01,1,0.6006795433762818,0.17589888201225096,0.137340195032641,0.08608137957882636,0.4097696296340319,0.2440552195637319,0.18013515421963425,0.16603999658260185,0.008141,0.007626,0.011831,0.972402,0.700819,0.573194,0.028488,0.434167,0,0.19090991374224991,0.06815633755148096,0.04279495918699325,0.07995861700377549,0.700819
21_1_1_1_Asad_Vcalm,21,male,1,1,1,21_04_01_01_01,21_02_01_01_01,1,0.5578242982698552,0.07161869510918839,0.10035173039166569,0.2702052762292906,0.24143909397488908,0.25246111929168913,0.2623565541837768,0.24374323254964492,0.004626,0.024107,0.005878,0.965388,0.457155,0.465639,0.112537,0.34511,0,0.3163852042949662,0.18084242418250074,0.16200482379211112,0.026462043679645664,0.465639
02_1_2_1_Asad_Vangry,2,female,1,2,1,02_04_02_01_01,02_05_02_01_01,1,0.485712456024386,0.17103888946668266,0.13418395111256043,0.20906470339637095,0.20655977635545167,0.30116070952059604,0.24974657505151257,0.24253293907243967,0.004626,0.024107,0.005878,0.965388,0.514097,0.464821,0.068518,0.349145,1,0.2791526796689343,0.13012182005391337,0.11556262393895214,0.033468235676068714,0.514097
06_2_2_1_Asad_Vfearful,6,female,2,2,1,06_04_02_02_01,06_06_02_02_01,1,0.7660586483021402,0.09345009480501489,0.1101926948977875,0.03029856199505751,0.20875899907825476,0.34953747237800986,0.26404147975416636,0.17766204878956895,0.008141,0.007626,0.011831,0.972402,0.821881,0.556076,0.244231,0.540729,1,0.5572996492238854,0.256087377572995,0.15384878485637887,0.14736348679451144,0.821881
21_1_2_1_Ahappy_Vangry,21,male,1,2,1,21_03_02_01_01,21_05_02_01_01,1,0.5090038039798042,0.31805754916519013,0.011959921515917588,0.1609787253390881,0.2349832608489991,0.3111594887854585,0.24124143141235355,0.21261581895318887,0.004626,0.024107,0.005878,0.965388,0.576603,0.499761,0.131727,0.402697,0,0.27402054313080504,0.006898060379731619,0.22928150989643595,0.051637093614100765,0.576603
23_2_1_1_Adisgust_Vsad,23,male,2,1,1,23_07_01_02_01,23_04_01_02_01,1,0.609717929082587,0.20402577421980037,0.0628934829126279,0.12336281378498458,0.23242437072774752,0.24874557907452632,0.22860340888415728,0.2902266413135689,0.008141,0.007626,0.011831,0.972402,0.643376,0.42455,0.125867,0.397931,0,0.3772935583548395,0.04471980485472596,0.1657099259715294,0.1668638275285843,0.643376
04_2_2_2_Asad_Vangry,4,female,2,2,2,04_04_02_02_02,04_05_02_02_02,1,0.33488401588743716,0.562840413354376,0.032904672221226394,0.0693708985369605,0.21195908738027522,0.2895604625350361,0.2679897547324526,0.23049069535223596,0.008141,0.007626,0.011831,0.972402,0.740481,0.490027,0.150679,0.460396,1,0.12292492850716194,0.27327995081933987,0.23508508251122623,0.16111979681527544,0.740481
19_1_2_1_Asad_Vhappy,19,male,1,2,1,19_04_02_01_01,19_03_02_01_01,1,0.7605512407097745,0.07569758739589745,0.11492154151956671,0.048829630374761436,0.36336115107974265,0.255083269469326,0.20114795282794135,0.18040762662299,0.004626,0.024107,0.005878,0.965388,0.78166,0.543707,0.126354,0.483907,0,0.3971900896300319,0.1793856820734286,0.08622641130837463,0.13157799624822858,0.78166
11_1_1_2_Ahappy_Vneutral,11,male,1,1,2,11_03_01_01_02,11_01_01_01_02,1,0.42559043807790725,0.2549963933061147,0.03227633105839373,0.28713683755758435,0.2246349497772767,0.22612122982709848,0.23477922655603775,0.31446459383958697,0.004626,0.024107,0.005878,0.965388,0.42411,0.391776,0.086358,0.300748,0,0.20095548830063056,0.028875163479016197,0.20250289549764403,0.027327756282002624,0.42411
08_2_2_1_Asad_Vdisgust,8,female,2,2,1,08_04_02_02_01,08_07_02_02_01,1,0.6297113122652074,0.08292644643132296,0.14765424881916944,0.13970799248430013,0.2483078603523181,0.3065650896933482,0.28021654904284754,0.16491050091148612,0.008141,0.007626,0.011831,0.972402,0.616046,0.572758,0.126875,0.43856,1,0.38140345191288927,0.22363864326202526,0.1325623002236781,0.025202508427185993,0.616046
20_1_2_2_Asad_Vangry,20,female,1,2,2,20_04_02_01_02,20_05_02_01_02,1,0.7204656276162337,0.0817846395380846,0.17016559783558372,0.027584135010098088,0.2279417344406359,0.25240293854079593,0.27439114060527936,0.24526418641328893,0.004626,0.024107,0.005878,0.965388,0.829327,0.463891,0.210737,0.501318,1,0.49252389317559775,0.17061829900271133,0.10422554276969564,0.21768005140319083,0.829327
03_2_1_2_Asad_Vdisgust,3,male,2,1,2,03_04_01_02_02,03_07_01_02_02,1,0.6498731013936577,0.06449570360192154,0.1603824115894808,0.12524878341493992,0.2433971509589733,0.3219991653277856,0.26408942430938837,0.17051425940385284,0.008141,0.007626,0.011831,0.972402,0.638626,0.565354,0.148509,0.450829,0,0.40647595043468443,0.2575034617258641,0.10370701271990757,0.04526547598891292,0.638626
09_2_1_2_Aangry_Vsad,9,male,2,1,2,09_05_01_02_02,09_04_01_02_02,1,0.5846450136253983,0.11029126673890162,0.06832403821158241,0.23673968142411758,0.1967803230631919,0.2787253098352424,0.30401418581630785,0.22048018128525793,0.008141,0.007626,0.011831,0.972402,0.493086,0.501667,0.15816,0.384304,0,0.3878646905622064,0.1684340430963408,0.23569014760472545,0.016259500138859656,0.501667
17_2_1_2_Ahappy_Vfearful,17,male,2,1,2,17_03_01_02_02,17_06_01_02_02,1,0.499817145159437,0.12487029709083837,0.12539059599988645,0.24992196174983825,0.20593223821340167,0.2725317299945286,0.29106206785576166,0.23047396393630812,0.008141,0.007626,0.011831,0.972402,0.473167,0.489852,0.090509,0.351176,0,0.2938849069460353,0.14766143290369027,0.16567147185587522,0.019447997813530127,0.489852
02_1_1_2_Ahappy_Vsad,2,female,1,1,2,02_03_01_01_02,02_04_01_01_02,1,0.31619302391150134,0.3247051295959649,0.011641713767913328,0.3474601327246204,0.20647862686274843,0.278678699328042,0.2525778853149207,0.2622647884942889,0.004626,0.024107,0.005878,0.965388,0.363978,0.443667,0.111624,0.306423,1,0.10971439704875291,0.04602643026792291,0.24093617154700736,0.08519534423033148,0.443667
01_2_2_1_Asad_Vhappy,1,male,2,2,1,01_04_02_02_01,01_03_02_02_01,1,0.5624315186509903,0.15256238440836128,0.05262327761792549,0.23238281932272298,0.4097696296340319,0.2440552195637319,0.18013515421963425,0.16603999658260185,0.008141,0.007626,0.011831,0.972402,0.498759,0.573194,0.047003,0.372985,0,0.15266188901695837,0.09149283515537063,0.12751187660170876,0.06634282274012113,0.573194
01_2_2_1_Asad_Vangry,1,male,2,2,1,01_04_02_02_01,01_05_02_02_01,1,0.5624315186509903,0.15256238440836128,0.05262327761792549,0.23238281932272298,0.22380534934463192,0.3408545514159824,0.2369646109123884,0.19837548832699725,0.008141,0.007626,0.011831,0.972402,0.498759,0.529513,0.127697,0.385323,0,0.33862616930635836,0.18829216700762114,0.18434133329446292,0.034007330995725726,0.529513
18_2_1_2_Adisgust_Vhappy,18,female,2,1,2,18_07_01_02_02,18_03_01_02_02,1,0.3220021894780888,0.48421636120039635,0.04751930866434204,0.1462621406571727,0.410290215088124,0.23036066593718393,0.1905659466705389,0.16878317230415318,0.008141,0.007626,0.011831,0.972402,0.609757,0.569238,0.070878,0.416624,1,0.08828802561003524,0.2538556952632124,0.14304663800619685,0.022521031646980494,0.609757
12_1_2_2_Ahappy_Vdisgust,12,female,1,2,2,12_03_02_01_02,12_07_02_01_02,1,0.3026943892249207,0.6415490783594238,0.016065920026734817,0.03969061238892059,0.24990768366417773,0.3137002506188132,0.25278253338888884,0.1836095323281202,0.004626,0.024107,0.005878,0.965388,0.778129,0.536286,0.170051,0.494822,1,0.05278670556074297,0.3278488277406106,0.23671661336215402,0.14391891993919959,0.778129
23_2_1_2_Ahappy_Vneutral,23,male,2,1,2,23_03_01_02_02,23_01_01_02_02,1,0.3801102455571396,0.45121541635628215,0.0328806589566581,0.1357936791299201,0.22695128309482165,0.23824671958739316,0.2352053480061701,0.29959664931161517,0.008141,0.007626,0.011831,0.972402,0.627532,0.41483,0.123063,0.388475,0,0.15315896246231797,0.212968696768889,0.202324689049512,0.16380297018169507,0.627532
02_2_2_2_Asad_Vhappy,2,female,2,2,2,02_04_02_02_02,02_03_02_02_02,1,0.49527626139934994,0.19479980809867511,0.13753837588828305,0.172385554613692,0.39134000338363467,0.23270367846539486,0.18797591270494096,0.18798040544602956,0.008141,0.007626,0.011831,0.972402,0.566791,0.543749,0.008692,0.373077,1,0.10393625801571527,0.037903870366719744,0.05043753681665791,0.015594850832337553,0.566791
06_2_1_1_Asad_Vcalm,6,female,2,1,1,06_04_01_02_01,06_02_01_02_01,1,0.2644069892633295,0.2529788330438861,0.07217142393402384,0.4104427537587606,0.2409874520385384,0.3016641005509454,0.23935682789370008,0.21799161951681606,0.008141,0.007626,0.011831,0.972402,0.317497,0.505106,0.057663,0.293422,1,0.023419537224791093,0.048685267507059315,0.16718540395967624,0.19245113424194454,0.505106
14_1_2_2_Asad_Vsurprised,14,female,1,2,2,14_04_02_01_02,14_08_02_01_02,1,0.4781553450857928,0.35259349379261556,0.06205671527140834,0.10719444585018327,0.24655837140516626,0.26119351661443563,0.22829861872790264,0.2639494932524955,0.004626,0.024107,0.005878,0.965388,0.6507,0.442711,0.093246,0.395552,1,0.23159697368062657,0.09139997717817994,0.1662419034564943,0.15675504740231222,0.6507
10_1_2_2_Asad_Vangry,10,female,1,2,2,10_04_02_01_02,10_05_02_01_02,1,0.5604895582671305,0.049204192563302024,0.3079261280446516,0.0823801211249159,0.23427657976640004,0.27397821617984447,0.2334707509081216,0.258274453145634,0.004626,0.024107,0.005878,0.965388,0.717937,0.448323,0.14999,0.43875,1,0.3262129785007305,0.22477402361654245,0.07445537713652997,0.17589433202071814,0.717937
06_1_1_2_Asad_Vsad,6,female,1,1,2,06_04_01_01_02,06_04_01_01_02,0,0.33786420206187195,0.14842478277127386,0.15616147651074144,0.3575495386561128,0.19220041306614558,0.3288769949815008,0.27971774050833115,0.19920485144402253,0.004626,0.024107,0.005878,0.965388,0.356901,0.515695,0.06913,0.313908,1,0.14566378899572638,0.18045221221022695,0.1235562639975897,0.15834468721209025,0.515695
21_1_2_2_Asad_Vangry,21,male,1,2,2,21_04_02_01_02,21_05_02_01_02,1,0.7483424831031165,0.07394505721991769,0.04289517184606158,0.1348172878309041,0.27595549949903886,0.2992906200372186,0.22726826272458334,0.19748561773915915,0.004626,0.024107,0.005878,0.965388,0.632094,0.519144,0.18831,0.446516,0,0.4723869836040776,0.22534556281730095,0.18437309087852177,0.06266832990825505,0.632094
12_2_1_2_Asad_Vhappy,12,female,2,1,2,12_04_01_02_02,12_03_01_02_02,1,0.3897474616473179,0.22404154587384878,0.13564708799816233,0.25056390448067106,0.3519312875463246,0.24414176081878022,0.20385952088198042,0.20006743075291472,0.008141,0.007626,0.011831,0.972402,0.470094,0.527793,0.008029,0.335305,1,0.037816174100993305,0.020100214944931444,0.06821243288381809,0.05049647372775634,0.527793
21_1_2_2_Asad_Vhappy,21,male,1,2,2,21_04_02_01_02,21_03_02_01_02,1,0.7483424831031165,0.07394505721991769,0.04289517184606158,0.1348172878309041,0.34695876859187247,0.25550256948555894,0.21783803192705636,0.17970062999551228,0.004626,0.024107,0.005878,0.965388,0.632094,0.544443,0.141086,0.439208,0,0.401383714511244,0.18155751226564126,0.1749428600809948,0.04488334216460818,0.632094
01_2_1_2_Asad_Vsad,1,male,2,1,2,01_04_01_02_02,01_04_01_02_02,0,0.5078956591203571,0.12087553734504229,0.10117227371842251,0.2700565298161781,0.20824725696770902,0.28997261560550275,0.2483576717733127,0.25342245565347554,0.008141,0.007626,0.011831,0.972402,0.452385,0.464064,0.095763,0.337404,0,0.29964840215264804,0.16909707826046044,0.14718539805489017,0.016634074162702572,0.464064
24_1_2_2_Asad_Vcalm,24,female,1,2,2,24_04_02_01_02,24_02_02_01_02,1,0.4806895939786333,0.32256961593618017,0.08589171613686687,0.11084907394831964,0.28463935452342104,0.2457662084979977,0.2315601684071651,0.23803426857141616,0.004626,0.024107,0.005878,0.965388,0.64482,0.472698,0.064221,0.393913,1,0.19605023945521227,0.07680340743818245,0.14566845227029823,0.12718519462309652,0.64482
01_1_1_1_Ahappy_Vsad,1,male,1,1,1,01_03_01_01_01,01_04_01_01_01,1,0.476143198141112,0.22379455730799397,0.035226981019301044,0.26483526353159303,0.20773206568006433,0.28646752161056926,0.24619309387843544,0.2596073188309311,0.004626,0.024107,0.005878,0.965388,0.449751,0.446261,0.105995,0.334002,0,0.26841113246104764,0.0626729643025753,0.21096611285913439,0.005227944700661957,0.449751
06_2_2_1_Ahappy_Vfearful,6,female,2,2,1,06_03_02_02_01,06_06_02_02_01,1,0.3772059511024846,0.4963356137829852,0.04291754979466366,0.0835408853198666,0.20875899907825476,0.34953747237800986,0.26404147975416636,0.17766204878956895,0.008141,0.007626,0.011831,0.972402,0.711724,0.556076,0.103346,0.457049,1,0.16844695202422985,0.14679814140497532,0.2211239299595027,0.09412116346970235,0.711724
09_2_2_2_Adisgust_Vsurprised,9,male,2,2,2,09_07_02_02_02,09_08_02_02_02,0,0.7577268154865096,0.01855643160466775,0.07546081239411269,0.14825594051471003,0.21833880473007525,0.30117015145184495,0.2643420795738654,0.2161489642442144,0.008141,0.007626,0.011831,0.972402,0.615241,0.507117,0.26725,0.463203,0,0.5393880107564343,0.2826137198471772,0.18888126717975273,0.06789302372950437,0.615241
04_2_2_2_Ahappy_Vhappy,4,female,2,2,2,04_03_02_02_02,04_03_02_02_02,0,0.4428875586947954,0.4468733865148108,0.0398730039090543,0.0703660508813395,0.35783847720965783,0.2587326152851595,0.21003488529373376,0.17339402221144887,0.008141,0.007626,0.011831,0.972402,0.736758,0.562279,0.083618,0.460885,1,0.08504908148513757,0.18814077122965128,0.17016188138467947,0.10302797133010937,0.736758
02_2_1_2_Ahappy_Vsurprised,2,female,2,1,2,02_03_01_02_02,02_08_01_02_02,1,0.408117979145249,0.3234496446923898,0.010676930220992196,0.25775544594136895,0.23524167560257297,0.2582677972207473,0.2874883721661301,0.21900215501054968,0.008141,0.007626,0.011831,0.972402,0.47815,0.503322,0.136616,0.372696,1,0.17287630354267602,0.06518184747164252,0.2768114419451379,0.03875329093081928,0.503322
15_2_1_2_Ahappy_Vhappy,15,male,2,1,2,15_03_01_02_02,15_03_01_02_02,0,0.6719887819842322,0.12302111656553288,0.04937583682903102,0.15561426462120403,0.32161612105653614,0.25855780191062017,0.20937856047697784,0.21044751655586566,0.008141,0.007626,0.011831,0.972402,0.599054,0.514701,0.104658,0.406137,0,0.35037266092769603,0.13553668534508728,0.16000272364794682,0.054833251934661625,0.599054
18_1_2_1_Asurprised_Vsad,18,female,1,2,1,18_08_02_01_01,18_04_02_01_01,1,0.43235404691649487,0.4294044236352473,0.05065518455676212,0.08758634489149576,0.2788693659557692,0.298625412700971,0.2649191770335825,0.15758604430967746,0.004626,0.024107,0.005878,0.965388,0.682355,0.57216,0.085376,0.44663,1,0.15348468096072565,0.1307790109342763,0.21426399247682035,0.0699996994181817,0.682355
11_2_1_2_Asad_Vangry,11,male,2,1,2,11_04_01_02_02,11_05_01_02_02,1,0.5789327956325574,0.10313005422573786,0.13779150194840661,0.18014564819329815,0.22381599102721397,0.23674909138781,0.23383485055214975,0.30560006703282616,0.008141,0.007626,0.011831,0.972402,0.55878,0.408764,0.099012,0.355519,0,0.35511680460534345,0.13361903716207213,0.09604334860374314,0.12545441883952801,0.55878
15_2_1_2_Afearful_Vsad,15,male,2,1,2,15_06_01_02_02,15_04_01_02_02,1,0.5677249931067067,0.2363171538764244,0.06989644105277763,0.12606141196409146,0.21846150760848243,0.2573191917676578,0.2641551386791696,0.26006416194469034,0.008141,0.007626,0.011831,0.972402,0.637936,0.456419,0.118838,0.404398,0,0.3492634854982242,0.021002037891233366,0.19425869762639197,0.13400274998059888,0.637936
09_1_2_2_Ahappy_Vhappy,9,male,1,2,2,09_03_02_01_02,09_03_02_01_02,0,0.875274174143151,0.04685413326629522,0.03708644961593322,0.04078524297462046,0.3814218561414106,0.2486280801037389,0.20339757717763116,0.16655248657721924,0.004626,0.024107,0.005878,0.965388,0.81086,0.562735,0.201627,0.525074,0,0.4938523180017404,0.20177394683744368,0.16631112756169794,0.12576724360259878,0.81086
15_2_2_2_Asurprised_Vdisgust,15,male,2,2,2,15_08_02_02_02,15_07_02_02_02,0,0.7081414718867034,0.1316244578279597,0.04147190057908562,0.11876216970625132,0.21609265316458606,0.27984791372433016,0.30968948055975837,0.19436995255132525,0.008141,0.007626,0.011831,0.972402,0.655358,0.533705,0.209491,0.466184,0,0.49204881872211736,0.14822345589637045,0.26821757998067275,0.07560778284507393,0.655358
14_2_1_2_Ahappy_Vhappy,14,female,2,1,2,14_03_01_02_02,14_03_01_02_02,0,0.2605771408933421,0.659147554457499,0.02238117393401421,0.05789413071514471,0.39168435154947046,0.25340981924713346,0.18232816696403492,0.17257766223936102,0.008141,0.007626,0.011831,0.972402,0.766908,0.564152,0.14989,0.49365,1,0.13110721065612835,0.4057377352103655,0.15994699303002072,0.11468353152421631,0.766908
21_2_1_1_Asurprised_Vsad,21,male,2,1,1,21_08_01_02_01,21_04_01_02_01,1,0.5379421946226525,0.2923816338916577,0.02964634022746438,0.14002983125822532,0.2441244832963766,0.2571908332189314,0.2413595173803176,0.25732516610437434,0.008141,0.007626,0.011831,0.972402,0.622248,0.459616,0.122307,0.40139,0,0.2938177113262759,0.03519080067272634,0.21171317715285323,0.11729533484614901,0.622248
10_1_2_2_Ahappy_Vsad,10,female,1,2,2,10_03_02_01_02,10_04_02_01_02,1,0.5493476939500506,0.3146573432301894,0.05467971811552317,0.08131524470423694,0.22555245154614187,0.25938914556221226,0.24431278652455965,0.27074561636708633,0.004626,0.024107,0.005878,0.965388,0.697891,0.435343,0.137922,0.423719,1,0.32379524240390867,0.05526819766797714,0.1896330684090365,0.18943037166284937,0.697891
21_2_2_1_Asad_Vsad,21,male,2,2,1,21_04_02_02_01,21_04_02_02_01,0,0.7447655481412733,0.06329293677896465,0.04593204322008027,0.1460094718596819,0.29766183025817466,0.2756898901387727,0.23174255785462403,0.19490572174842857,0.008141,0.007626,0.011831,0.972402,0.616421,0.533664,0.174763,0.441616,0,0.4471037178830986,0.21239695335980807,0.18581051463454376,0.04889624988874666,0.616421
10_1_1_1_Asad_Vfearful,10,female,1,1,1,10_04_01_01_01,10_06_01_01_01,1,0.4383496638741849,0.10562769287455732,0.09293975537863906,0.36308288787261866,0.22207227085031192,0.262852756085148,0.23499013799181925,0.2800848350727208,0.004626,0.024107,0.005878,0.965388,0.358393,0.425196,0.077832,0.28714,1,0.21627739302387297,0.1572250632105907,0.1420503826131802,0.08299805279989786,0.425196
14_1_1_1_Ahappy_Vangry,14,female,1,1,1,14_03_01_01_01,14_05_01_01_01,1,0.34784727069433885,0.5870236394252732,0.023309008898271533,0.04182008098211627,0.22821639399940916,0.2619395118317191,0.23580030370067903,0.27404379046819266,0.004626,0.024107,0.005878,0.965388,0.772881,0.431689,0.196977,0.467182,1,0.1196308766949297,0.32508412759355415,0.2124912948024075,0.2322237094860764,0.772881
01_1_1_1_Aangry_Vangry,1,male,1,1,1,01_05_01_01_01,01_05_01_01_01,0,0.29565629470907184,0.5647413210647997,0.013326695883994124,0.12627568834213435,0.20780825744802803,0.296041742880665,0.23874055475453249,0.2574094449167745,0.004626,0.024107,0.005878,0.965388,0.619549,0.448304,0.141233,0.403029,0,0.08784803726104382,0.2686995781841347,0.22541385887053836,0.13113375657464013,0.619549
06_2_1_2_Asurprised_Vfearful,6,female,2,1,2,06_08_01_02_02,06_06_01_02_02,0,0.3882833180658691,0.2350563749536804,0.07087973582497174,0.3057805711554788,0.1998185513211646,0.32388033205872635,0.2596482559843557,0.21665286063575329,0.008141,0.007626,0.011831,0.972402,0.415149,0.506763,0.07413,0.332014,1,0.18846476674470447,0.08882395710504595,0.18876852015938395,0.08912771051972551,0.506763
13_1_1_2_Ahappy_Vhappy,13,male,1,1,2,13_03_01_01_02,13_03_01_01_02,0,0.5079281423189055,0.1912954183162439,0.028568687213597885,0.2722077521512529,0.3261816113604644,0.25183961185874804,0.20711093677521505,0.21486784000557246,0.004626,0.024107,0.005878,0.965388,0.444822,0.500068,0.07488,0.339923,0,0.18174653095844107,0.06054419354250415,0.17854224956161718,0.05733991214568046,0.500068
04_1_2_1_Asad_Vangry,4,female,1,2,1,04_04_02_01_01,04_05_02_01_01,1,0.33336989561548624,0.5350973726125086,0.03619739102783029,0.095335340744175,0.21688373769965405,0.27974272715810694,0.27628752200386797,0.22708601313837096,0.004626,0.024107,0.005878,0.965388,0.667139,0.483649,0.133736,0.428175,1,0.1164861579158322,0.2553546454544016,0.24009013097603768,0.13175067239419597,0.667139
05_1_2_2_Ahappy_Vsad,5,male,1,2,2,05_03_02_01_02,05_04_02_01_02,1,0.38114478828907744,0.5387842725625097,0.017944538882011106,0.062126400266401816,0.19535575135907327,0.29175585760701933,0.28532698117349636,0.227561409860411,0.004626,0.024107,0.005878,0.965388,0.731352,0.482589,0.187597,0.467179,0,0.18578903693000418,0.24702841495549038,0.2673824422914853,0.1654350095940092,0.731352
11_1_1_2_Aneutral_Vangry,11,male,1,1,2,11_01_01_01_02,11_05_01_01_02,1,0.393634380843586,0.13708062852500422,0.06881945171551317,0.4004655389158966,0.22594816280983782,0.23933293950153572,0.23041765988724247,0.30430123780138396,0.004626,0.024107,0.005878,0.965388,0.321837,0.401277,0.064685,0.2626,0,0.16768621803374817,0.10225231097653151,0.16159820817172932,0.09616430111451263,0.401277
15_1_1_2_Asurprised_Vangry,15,male,1,1,2,15_08_01_01_02,15_05_01_01_02,1,0.5053350659463285,0.28196498169403555,0.021236282255190312,0.1914636701044457,0.219200259849523,0.26289595222336093,0.2377215919839923,0.2801821959431237,0.004626,0.024107,0.005878,0.965388,0.535457,0.425083,0.124679,0.36174,0,0.2861348060968055,0.019069029470674626,0.21648530972880198,0.08871852583867801,0.535457
11_1_2_1_Acalm_Vdisgust,11,male,1,2,1,11_02_02_01_01,11_07_02_01_01,0,0.4818826917461711,0.052099839058250455,0.1635508705693827,0.3024665986261958,0.24988464807429916,0.25302119770665943,0.254418766613646,0.2426753876053953,0.004626,0.024107,0.005878,0.965388,0.425939,0.466853,0.088503,0.327098,0,0.23199804367187193,0.200921358648409,0.09086789604426329,0.05979121102080048,0.466853
17_1_2_2_Aangry_Vsurprised,17,male,1,2,2,17_05_02_01_02,17_08_02_01_02,1,0.21189066664373196,0.7064459028327363,0.011900738220389093,0.06976269230314264,0.21162897705136058,0.2877146324737443,0.25685910107014726,0.24379728940474796,0.004626,0.024107,0.005878,0.965388,0.714986,0.463924,0.201761,0.460224,0,0.00026168959237138356,0.41873127035899205,0.24495836284975817,0.17403459710160532,0.714986
08_2_2_1_Aangry_Vsad,8,female,2,2,1,08_05_02_02_01,08_04_02_02_01,1,0.15944945100178387,0.7947602509517971,0.013213914678451068,0.03257638336796779,0.26966471820816035,0.2617509024603712,0.27801155132889455,0.1905728280025739,0.008141,0.007626,0.011831,0.972402,0.829233,0.538622,0.263396,0.543751,1,0.11021526720637648,0.533009348491426,0.2647976366504435,0.15799644463460613,0.829233
18_1_2_2_Ahappy_Vsad,18,female,1,2,2,18_03_02_01_02,18_04_02_01_02,1,0.72870344755742,0.166695007069627,0.07526865480540149,0.029332890567551367,0.28846088326445934,0.2924394272524656,0.2638996611023391,0.155200028380736,0.004626,0.024107,0.005878,0.965388,0.816936,0.575805,0.157681,0.516807,1,0.44024256429296066,0.12574442018283857,0.1886310062969376,0.12586713781318462,0.816936
08_1_1_2_Afearful_Vangry,8,female,1,1,2,08_06_01_01_02,08_05_01_01_02,1,0.41548220639867534,0.3181066197896555,0.08507267878890278,0.1813384950227664,0.2235328491662838,0.26232307120061854,0.2830189303097922,0.23112514932330552,0.004626,0.024107,0.005878,0.965388,0.541904,0.479708,0.065728,0.362447,1,0.19194935723239154,0.055783548589036946,0.1979462515208894,0.049786654300539135,0.541904
19_1_2_1_Aangry_Vsad,19,male,1,2,1,19_05_02_01_01,19_04_02_01_01,1,0.15219448507759845,0.8235920292735464,0.004351826070446043,0.019861659578409,0.3519936442273664,0.2785346880235882,0.21272637359113758,0.1567452941579078,0.004626,0.024107,0.005878,0.965388,0.830759,0.574663,0.267655,0.557692,0,0.19979915914976795,0.5450573412499582,0.20837454752069154,0.13688363457949881,0.830759
11_2_1_2_Ahappy_Vsad,11,male,2,1,2,11_03_01_02_02,11_04_01_02_02,1,0.5260188583679973,0.24968959212779587,0.030962319728752512,0.19332922977545425,0.21942453393937578,0.2322097367546784,0.26250909452012355,0.28585663478582224,0.008141,0.007626,0.011831,0.972402,0.548868,0.428756,0.128964,0.368863,0,0.30659432442862156,0.01747985537311747,0.23154677479137104,0.09252740501036799,0.548868
18_2_2_2_Asad_Vcalm,18,female,2,2,2,18_04_02_02_02,18_02_02_02_02,1,0.68135361725419,0.18593156664364763,0.08144141623123402,0.05127339987092847,0.37510940559499034,0.23251499081692917,0.19366389275929113,0.1987117108287894,0.008141,0.007626,0.011831,0.972402,0.772543,0.529844,0.084854,0.462414,1,0.3062442116591996,0.04658342417328154,0.11222247652805711,0.14743831095786095,0.772543
21_1_2_1_Asad_Vangry,21,male,1,2,1,21_04_02_01_01,21_05_02_01_01,1,0.7555436552157526,0.054876229331477185,0.059210105015456815,0.13037001043731333,0.2349832608489991,0.3111594887854585,0.24124143141235355,0.21261581895318887,0.004626,0.024107,0.005878,0.965388,0.641948,0.499761,0.22509,0.4556,0,0.5205603943667535,0.25628325945398134,0.18203132639689673,0.08224580851587554,0.641948
22_1_1_1_Afearful_Vfearful,22,female,1,1,1,22_06_01_01_01,22_06_01_01_01,0,0.3452671397052559,0.4079467584505836,0.06709112868876009,0.1796949731554005,0.2189309537156409,0.25102877335874746,0.25884887316287836,0.2711913997627332,0.004626,0.024107,0.005878,0.965388,0.541492,0.435256,0.07408,0.350276,1,0.12633618598961502,0.15691798509183613,0.19175774447411825,0.0914964266073327,0.541492
11_1_2_2_Ahappy_Vsurprised,11,male,1,2,2,11_03_02_01_02,11_08_02_01_02,1,0.34518613819922667,0.5731631468187307,0.020048128977372473,0.06160258600467024,0.229184884770335,0.242166647808658,0.2868487525430689,0.24179971487793792,0.004626,0.024107,0.005878,0.965388,0.73128,0.468377,0.199682,0.466446,0,0.11600125342889167,0.3309964990100727,0.26680062356569645,0.18019712887326766,0.73128
18_2_1_1_Ahappy_Vdisgust,18,female,2,1,1,18_03_01_02_01,18_07_01_02_01,1,0.40090248555168756,0.33082341119391373,0.035649860277009025,0.23262424297738965,0.19384483376506045,0.3496117241618668,0.2991928609793989,0.15735058109367397,0.008141,0.007626,0.011831,0.972402,0.499195,0.583562,0.117537,0.400098,1,0.2070576517866271,0.01878831296795308,0.2635430007023899,0.07527366188371568,0.583562
10_1_1_2_Asurprised_Vhappy,10,female,1,1,2,10_08_01_01_02,10_03_01_01_02,1,0.40193146370768834,0.3531080234762628,0.05154314980663487,0.19341736300941403,0.3165536954101865,0.26036102904652636,0.23109300345088732,0.19199227209239986,0.004626,0.024107,0.005878,0.965388,0.526465,0.528016,0.05323,0.369237,1,0.08537776829750182,0.09274699442973644,0.17954985364425244,0.0014250909170141768,0.528016
15_1_2_2_Ahappy_Vsad,15,male,1,2,2,15_03_02_01_02,15_04_02_01_02,1,0.6568365049731176,0.21506021171534248,0.028891229991042752,0.09921205332049708,0.2299797460477917,0.26231656041183515,0.28666788812836635,0.22103580541200685,0.004626,0.024107,0.005878,0.965388,0.674376,0.491658,0.1842,0.450078,0,0.42685675892532593,0.04725634869649267,0.2577766581373236,0.12182375209150977,0.674376
15_2_1_2_Ahappy_Vfearful,15,male,2,1,2,15_03_01_02_02,15_06_01_02_02,1,0.6719887819842322,0.12302111656553288,0.04937583682903102,0.15561426462120403,0.2184379033543156,0.2597994121635057,0.24043600070561424,0.28132668377656433,0.008141,0.007626,0.011831,0.972402,0.599054,0.433769,0.168093,0.400305,0,0.4535508786299166,0.13677829559797283,0.19106016387658323,0.1257124191553603,0.599054
09_2_2_1_Aangry_Vangry,9,male,2,2,1,09_05_02_02_01,09_05_02_02_01,0,0.5428018330843895,0.3456098629660353,0.042197673498180426,0.06939063045139486,0.20069155370156863,0.31083408738395557,0.27978093333956183,0.208693425574914,0.008141,0.007626,0.011831,0.972402,0.73845,0.516201,0.156763,0.470471,0,0.3421102793828208,0.034775775582079727,0.2375832598413814,0.13930279512351912,0.73845
01_2_1_2_Acalm_Vangry,1,male,2,1,2,01_02_01_02_02,01_05_01_02_02,1,0.5219343378964294,0.09377834733464015,0.09389551434987378,0.29039180041905654,0.22391498811396415,0.2982619095889945,0.2409984356768837,0.23682466662015766,0.008141,0.007626,0.011831,0.972402,0.432207,0.482936,0.110693,0.341945,0,0.29801934978246525,0.20448356225435438,0.14710292132700992,0.05356713379889888,0.482936
02_2_2_2_Ahappy_Vangry,2,female,2,2,2,02_03_02_02_02,02_05_02_02_02,1,0.516143450954462,0.3400733626289948,0.025713140369664732,0.11807004604687862,0.21247236340488565,0.2986739643645141,0.24127280547845342,0.2475808667521467,0.008141,0.007626,0.011831,0.972402,0.656663,0.470711,0.137411,0.421595,1,0.3036710875495764,0.04139939826448069,0.21555966510878868,0.12951082070526806,0.656663
10_2_1_1_Ahappy_Vhappy,10,female,2,1,1,10_03_01_02_01,10_03_01_02_01,0,0.6444998794261111,0.14013554774987919,0.08057234130390821,0.13479223152010164,0.33929513672137546,0.25187868096777694,0.21385562791836302,0.1949705543924847,0.008141,0.007626,0.011831,0.972402,0.625439,0.533979,0.072926,0.410781,1,0.30520474270473563,0.11174313321789775,0.13328328661445482,0.06017832287238306,0.625439
23_2_2_1_Asurprised_Vcalm,23,male,2,2,1,23_08_02_02_01,23_02_02_02_01,0,0.33606958409971954,0.5686492470238207,0.01123836638131113,0.0840428024951486,0.23819589174129926,0.2385343733122324,0.2289020470754036,0.29436768787106465,0.008141,0.007626,0.011831,0.972402,0.719817,0.420249,0.188188,0.442752,0,0.09787369235842028,0.3301148737115883,0.21766368069409248,0.21032488537591604,0.719817
20_2_1_2_Adisgust_Vsurprised,20,female,2,1,2,20_07_01_02_02,20_08_01_02_02,0,0.40322052019653026,0.36159770789438506,0.05137804812013458,0.1838037237889501,0.22063267338830092,0.23300545782420082,0.3163225325348055,0.23003933625269268,0.008141,0.007626,0.011831,0.972402,0.557112,0.490125,0.108105,0.385114,1,0.18258784680822934,0.12859225007018424,0.26494448441467094,0.04623561246374258,0.557112
11_1_1_1_Adisgust_Vhappy,11,male,1,1,1,11_07_01_01_01,11_03_01_01_01,1,0.4128267041149411,0.4544504976557985,0.030193713221775473,0.10252908500748502,0.2543768891938642,0.23682685908693527,0.22937443765143048,0.27942181406777006,0.004626,0.024107,0.005878,0.965388,0.657582,0.427293,0.13201,0.405629,0,0.1584498149210769,0.21762363856886321,0.199180724429655,0.17689272906028503,0.657582
02_1_2_2_Ahappy_Vsad,2,female,1,2,2,02_03_02_01_02,02_04_02_01_02,1,0.47645523987734434,0.4013388817879952,0.0218383971599556,0.10036748117470493,0.20939463455170643,0.27994659099726815,0.24829124888904455,0.26236752556198084,0.004626,0.024107,0.005878,0.965388,0.664114,0.443502,0.153744,0.420453,1,0.2670606053256379,0.12139229079072705,0.22645285172908897,0.16200004438727592,0.664114
06_2_1_1_Aangry_Vcalm,6,female,2,1,1,06_05_01_02_01,06_02_01_02_01,1,0.13675573487625547,0.7368564616868076,0.030702312783211845,0.09568549065372499,0.2409874520385384,0.3016641005509454,0.23935682789370008,0.21799161951681606,0.008141,0.007626,0.011831,0.972402,0.696221,0.505106,0.162061,0.454463,1,0.10423171716228294,0.43519236113586224,0.20865451511048824,0.12230612886309107,0.696221
22_1_2_1_Aangry_Vhappy,22,female,1,2,1,22_05_02_01_01,22_03_02_01_01,1,0.16376943781251024,0.7889432210155868,0.010700237317968975,0.03658710385393394,0.34971726022471866,0.24712902181970609,0.20173524991873837,0.20141846803683686,0.004626,0.024107,0.005878,0.965388,0.785365,0.517042,0.25326,0.518556,1,0.18594782241220842,0.5418141991958807,0.19103501260076938,0.16483136418290292,0.785365
06_1_1_1_Afearful_Vdisgust,6,female,1,1,1,06_06_01_01_01,06_07_01_01_01,0,0.3908768931750431,0.30432383418782083,0.11467731026918465,0.1901219623679514,0.19956757494200275,0.3514595553562852,0.26737079638185424,0.18160207331985784,0.004626,0.024107,0.005878,0.965388,0.53006,0.537548,0.046697,0.371435,1,0.19130931823304034,0.04713572116846437,0.15269348611266959,0.00851988904809356,0.537548
14_2_1_2_Aangry_Vangry,14,female,2,1,2,14_05_01_02_02,14_05_01_02_02,0,0.08982729394746304,0.8670945091160598,0.0053651633544047625,0.037713033582072335,0.22595842408210112,0.2725171994848647,0.2425060327745675,0.25901834365846665,0.008141,0.007626,0.011831,0.972402,0.824373,0.457802,0.311612,0.531262,1,0.13613113013463807,0.594577309631195,0.23714086942016274,0.2213053100763943,0.824373
05_1_1_2_Asurprised_Vsurprised,5,male,1,1,2,05_08_01_01_02,05_08_01_01_02,0,0.24860800072035807,0.601375829444385,0.01679321718206023,0.13322295265319664,0.21735575605230734,0.24499811304019734,0.33521335837663124,0.2024327725308641,0.004626,0.024107,0.005878,0.965388,0.607535,0.515347,0.189112,0.437331,0,0.03125224466805074,0.3563777164041876,0.318420141194571,0.06920981987766747,0.607535
10_1_1_1_Aangry_Vfearful,10,female,1,1,1,10_05_01_01_01,10_06_01_01_01,1,0.38458356230531837,0.22576324015479396,0.0826863159366814,0.30696688160320607,0.22207227085031192,0.262852756085148,0.23499013799181925,0.2800848350727208,0.004626,0.024107,0.005878,0.965388,0.401993,0.425196,0.044806,0.290665,1,0.16251129145500645,0.03708951593035406,0.15230382205513787,0.02688204653048526,0.425196
16_2_2_2_Aangry_Vsad,16,female,2,2,2,16_05_02_02_02,16_04_02_02_02,1,0.06245404939944796,0.9222244748243008,9.226778612652067e-05,0.015229207990124664,0.31258961460737816,0.2254771343610555,0.2488956325447442,0.2130376184868223,0.008141,0.007626,0.011831,0.972402,0.89277,0.510953,0.427041,0.610254,1,0.25013556520793023,0.6967473404632454,0.24880336475861767,0.19780841049669762,0.89277
03_1_1_2_Aangry_Vdisgust,3,male,1,1,2,03_05_01_01_02,03_07_01_01_02,1,0.1996921823530052,0.6056655174470156,0.023627536737383215,0.171014763462596,0.22669496808036396,0.2877800045552355,0.30255531460374935,0.1829697127606513,0.004626,0.024107,0.005878,0.965388,0.552436,0.538144,0.144404,0.411661,0,0.027002785727358758,0.3178855128917801,0.27892777786636613,0.011954949298055295,0.552436
14_2_2_2_Ahappy_Vangry,14,female,2,2,2,14_03_02_02_02,14_05_02_02_02,1,0.5212532708331389,0.40157251831232116,0.040172211130251566,0.03700199972428834,0.21313649289235007,0.2927723708248566,0.2502876420378334,0.24380349424495984,0.008141,0.007626,0.011831,0.972402,0.807741,0.474857,0.176759,0.486453,1,0.30811677794078884,0.10880014748746458,0.2101154309075818,0.2068014945206715,0.807741
02_1_2_1_Aangry_Vsad,2,female,1,2,1,02_05_02_01_01,02_04_02_01_01,1,0.052692876527364124,0.9150327578490653,0.003644223933933777,0.028630141689636672,0.2066437660900952,0.2938383817859626,0.2601101119155186,0.23940774020842348,0.004626,0.024107,0.005878,0.965388,0.809368,0.468691,0.34239,0.54015,1,0.15395088956273106,0.6211943760631027,0.2564658879815848,0.2107775985187868,0.809368
08_2_2_1_Ahappy_Vhappy,8,female,2,2,1,08_03_02_02_01,08_03_02_02_01,0,0.6970345721404552,0.20641420385992856,0.03692869854632669,0.05962252545328953,0.41426990079726267,0.22865183677931566,0.20121088955264393,0.1558673728707776,0.008141,0.007626,0.011831,0.972402,0.760357,0.586891,0.087675,0.478308,1,0.2827646713431925,0.0222376329193871,0.16428219100631725,0.09624484741748807,0.760357
13_2_2_2_Asurprised_Vsad,13,male,2,2,2,13_08_02_02_02,13_04_02_02_02,1,0.2175332857267669,0.6345970991516208,0.007070648386520031,0.14079896673509235,0.22782394300259623,0.2492444994373665,0.23786078458140383,0.2850707729786334,0.008141,0.007626,0.011831,0.972402,0.631001,0.429818,0.180107,0.413642,0,0.01029065727582934,0.3853525997142543,0.2307901361948838,0.14427180624354108,0.631001
07_1_1_2_Aneutral_Vdisgust,7,male,1,1,2,07_01_01_01_02,07_07_01_01_02,0,0.4089403465992177,0.20084019853670412,0.09279152570452662,0.2974279291595516,0.21237510586161157,0.3212933200066666,0.28748163920157926,0.17884993493014248,0.004626,0.024107,0.005878,0.965388,0.413109,0.542217,0.081407,0.345578,0,0.19656524073760612,0.12045312146996248,0.19469011349705265,0.1185779942294091,0.542217
11_1_2_2_Ahappy_Vdisgust,11,male,1,2,2,11_03_02_01_02,11_07_02_01_02,1,0.34518613819922667,0.5731631468187307,0.020048128977372473,0.06160258600467024,0.22737973045188667,0.2525744237318747,0.2566164488170826,0.2634293969991561,0.004626,0.024107,0.005878,0.965388,0.73128,0.443624,0.190026,0.454976,0,0.11780640774734,0.320588723086856,0.23656831983971016,0.20182681099448585,0.73128
07_2_2_1_Acalm_Vsad,7,male,2,2,1,07_02_02_02_01,07_04_02_02_01,1,0.6093373221336991,0.11034765237531446,0.09246537390274505,0.1878496515882413,0.2313746486092918,0.31119722833326385,0.29926950731663043,0.15815861574081386,0.008141,0.007626,0.011831,0.972402,0.551143,0.582026,0.141862,0.42501,0,0.37796267352440727,0.2008495759579494,0.20680413341388537,0.02969103584742744,0.582026
12_2_2_2_Asad_Vhappy,12,female,2,2,2,12_04_02_02_02,12_03_02_02_02,1,0.5118754398117343,0.3422537054761932,0.07457546243894038,0.07129539227313209,0.37435446121609756,0.2440343288671103,0.20021566777255162,0.1813955421442405,0.008141,0.007626,0.011831,0.972402,0.730734,0.551943,0.053096,0.445258,1,0.13752097859563678,0.09821937660908292,0.12564020533361125,0.11010014987110842,0.730734
22_1_2_2_Ahappy_Vhappy,22,female,1,2,2,22_03_02_01_02,22_03_02_01_02,0,0.362214534294444,0.525976763326669,0.035218192550560565,0.07659050982832653,0.34914268741284327,0.2493777250736255,0.20991617409974941,0.1915634134137819,0.004626,0.024107,0.005878,0.965388,0.701147,0.529365,0.104631,0.445048,1,0.013071846881600735,0.2765990382530435,0.17469798154918886,0.11497290358545538,0.701147
04_1_2_1_Aangry_Vangry,4,female,1,2,1,04_05_02_01_01,04_05_02_01_01,0,0.1911840665707697,0.7674416887428509,0.011209252287216122,0.030164992399163253,0.21688373769965405,0.27974272715810694,0.27628752200386797,0.22708601313837096,0.004626,0.024107,0.005878,0.965388,0.800923,0.483649,0.256903,0.513825,1,0.025699671128884355,0.48769896158474396,0.2650782697166518,0.1969210207392077,0.800923
20_1_1_2_Aangry_Vangry,20,female,1,1,2,20_05_01_01_02,20_05_01_01_02,0,0.1694953437469897,0.7442226029544526,0.014770737869514158,0.07151131542904343,0.2233831113827598,0.23501462377239088,0.24055167152001755,0.3010505933248318,0.004626,0.024107,0.005878,0.965388,0.710685,0.404795,0.24484,0.45344,1,0.05388776763577008,0.5092079791820617,0.2257809336505034,0.22953927789578837,0.710685
18_2_1_1_Aneutral_Vsad,18,female,2,1,1,18_01_01_02_01,18_04_01_02_01,1,0.3232397195996058,0.19944265669599698,0.06309430732795963,0.4142233163764376,0.20615193039150165,0.27169126681214884,0.3058623247723661,0.2162944780239834,0.008141,0.007626,0.011831,0.972402,0.315373,0.506609,0.098945,0.306975,1,0.11708778920810414,0.07224861011615186,0.24276801744440646,0.1979288383524542,0.506609
07_1_1_2_Adisgust_Vneutral,7,male,1,1,2,07_07_01_01_02,07_01_01_01_02,0,0.5511021760189936,0.19994209680866637,0.05080804753901041,0.1981476796333296,0.22492072367794522,0.24876408009085302,0.22322420888850705,0.30309098734269474,0.004626,0.024107,0.005878,0.965388,0.528862,0.402032,0.103155,0.344683,0,0.32618145234104834,0.04882198328218665,0.17241616134949664,0.10494330770936514,0.528862
08_2_2_1_Ahappy_Vangry,8,female,2,2,1,08_03_02_02_01,08_05_02_02_01,1,0.6970345721404552,0.20641420385992856,0.03692869854632669,0.05962252545328953,0.22108157801533693,0.27139431371063477,0.2708079983188677,0.23671610995516063,0.008141,0.007626,0.011831,0.972402,0.760357,0.482677,0.209941,0.484325,1,0.47595299412511827,0.06498010985070621,0.23387929977254102,0.1770935845018711,0.760357
02_1_2_2_Aangry_Vsad,2,female,1,2,2,02_05_02_01_02,02_04_02_01_02,1,0.06552373335243845,0.9045668080815625,0.003603387678993708,0.026306070887005116,0.20939463455170643,0.27994659099726815,0.24829124888904455,0.26236752556198084,0.004626,0.024107,0.005878,0.965388,0.814908,0.443502,0.346705,0.535038,1,0.143870901199268,0.6246202170842944,0.24468786121005084,0.23606145467497572,0.814908
16_2_1_1_Aangry_Vhappy,16,female,2,1,1,16_05_01_02_01,16_03_01_02_01,1,0.10080858332787455,0.857452645265235,0.003420620016601846,0.03831815139028854,0.40616388211152327,0.21418062286959608,0.18832267012133344,0.19133282489754713,0.008141,0.007626,0.011831,0.972402,0.824196,0.539582,0.343844,0.569208,1,0.3053552987836487,0.643272022395639,0.1849020501047316,0.1530146735072586,0.824196
13_1_1_2_Ahappy_Vsad,13,male,1,1,2,13_03_01_01_02,13_04_01_01_02,1,0.5079281423189055,0.1912954183162439,0.028568687213597885,0.2722077521512529,0.2293943592244481,0.2538054740037121,0.23260833676882395,0.2841918300030159,0.004626,0.024107,0.005878,0.965388,0.444822,0.42131,0.107727,0.32462,0,0.2785337830944574,0.06251005568746823,0.20403964955522608,0.011984077851762975,0.444822
02_2_2_1_Aangry_Vsurprised,2,female,2,2,1,02_05_02_02_01,02_08_02_02_01,1,0.09897781623360165,0.8701611075293144,0.0053855547201345924,0.025475521516949193,0.23788987903980627,0.26273613361518505,0.27447537383948944,0.2248986135055194,0.008141,0.007626,0.011831,0.972402,0.854378,0.496394,0.331671,0.560815,1,0.1389120628062046,0.6074249739141293,0.26908981911935487,0.19942309198857022,0.854378
02_1_2_1_Ahappy_Vsad,2,female,1,2,1,02_03_02_01_01,02_04_02_01_01,1,0.39842692537180063,0.4916162999287273,0.01973368610628134,0.09022308859319067,0.2066437660900952,0.2938383817859626,0.2601101119155186,0.23940774020842348,0.004626,0.024107,0.005878,0.965388,0.679287,0.468691,0.154176,0.434051,1,0.19178315928170545,0.19777791814276469,0.24037642580923724,0.1491846516152328,0.679287
01_2_2_2_Acalm_Vdisgust,1,male,2,2,2,01_02_02_02_02,01_07_02_02_02,0,0.5623749423675631,0.052295562827008,0.16099784388655816,0.22433165091887078,0.22349309004426388,0.3498178370596121,0.28091953380838586,0.14576953908773824,0.008141,0.007626,0.011831,0.972402,0.505087,0.600007,0.161373,0.422155,0,0.33888185232329926,0.29752227423260413,0.1199216899218277,0.07856211183113254,0.600007
19_2_1_2_Afearful_Vangry,19,male,2,1,2,19_06_01_02_02,19_05_01_02_02,1,0.5160612712215252,0.16445352628527807,0.06203222990495364,0.25745297258824307,0.24464584187112626,0.27293393083913553,0.23628555260730794,0.24613467468243033,0.008141,0.007626,0.011831,0.972402,0.468576,0.472226,0.084757,0.341853,0,0.271415429350399,0.10848040455385746,0.1742533227023543,0.011318297905812735,0.472226
18_2_2_1_Aangry_Vsad,18,female,2,2,1,18_05_02_02_01,18_04_02_02_01,1,0.2695854942711951,0.6768173938906351,0.010465525973513906,0.04313158586465574,0.2718602416888151,0.31535782733291984,0.262804708820585,0.14997722215768,0.008141,0.007626,0.011831,0.972402,0.803434,0.593849,0.175783,0.524355,1,0.0022747474176200155,0.3614595665577153,0.2523391828470711,0.10684563629302427,0.803434
09_2_1_1_Ahappy_Vsad,9,male,2,1,1,09_03_01_02_01,09_04_01_02_01,1,0.5459637030026483,0.037289839186278345,0.11917905444566171,0.29756740336541176,0.19971590714892423,0.2823781175498004,0.30448632625804123,0.21341964904323424,0.008141,0.007626,0.011831,0.972402,0.42722,0.510165,0.172316,0.3699,0,0.34624779585372406,0.24508827836352207,0.18530727181237952,0.08414775432217753,0.510165
15_2_1_1_Aangry_Vdisgust,15,male,2,1,1,15_05_01_02_01,15_07_01_02_01,1,0.32395671730370285,0.5383887113034858,0.015742731222394897,0.12191184017041638,0.20008317077669727,0.31909163087897474,0.29956327848970093,0.18126191985462708,0.008141,0.007626,0.011831,0.972402,0.654035,0.550933,0.147884,0.450951,0,0.12387354652700558,0.21929708042451102,0.28382054726730604,0.0593500796842107,0.654035
14_1_1_2_Asurprised_Vdisgust,14,female,1,1,2,14_08_01_01_02,14_07_01_01_02,0,0.23284382389736474,0.5717437331580817,0.015064959647640765,0.18034748329691286,0.2194226078755504,0.31752477020481434,0.26542258594230855,0.19763003597732662,0.004626,0.024107,0.005878,0.965388,0.541975,0.518077,0.124907,0.394986,1,0.013421216021814342,0.25421896295326735,0.2503576262946678,0.01728255268041376,0.541975
03_2_2_1_Asad_Vangry,3,male,2,2,1,03_04_02_02_01,03_05_02_02_01,1,0.754336928459461,0.05729937420367728,0.1456257929655529,0.042737904371308755,0.23044144728994068,0.26707635806575625,0.2384465214850006,0.26403567315930254,0.008141,0.007626,0.011831,0.972402,0.792431,0.452323,0.231207,0.491987,0,0.5238954811695203,0.20977698386207896,0.0928207285194477,0.2212977687879938,0.792431
02_2_2_1_Asad_Vdisgust,2,female,2,2,1,02_04_02_02_01,02_07_02_02_01,1,0.38079448594173854,0.3324734706809499,0.10076792615780412,0.18596411721950729,0.23993004917968716,0.3234409098548409,0.2643076520033866,0.17232138896208535,0.008141,0.007626,0.011831,0.972402,0.549727,0.562931,0.039249,0.383969,1,0.14086443676205138,0.009032560826108982,0.16353972584558246,0.013642728257421938,0.562931
05_2_2_1_Ahappy_Vangry,5,male,2,2,1,05_03_02_02_01,05_05_02_02_01,1,0.4265243698878716,0.3851803602864222,0.030478527622961393,0.15781674220274472,0.21414207833250445,0.2593583786445285,0.2622236697584285,0.26427587326453855,0.008141,0.007626,0.011831,0.972402,0.595991,0.451845,0.120404,0.389413,0,0.21238229155536717,0.12582198164189373,0.2317451421354671,0.10645913106179383,0.595991
22_2_1_1_Asad_Vsad,22,female,2,1,1,22_04_01_02_01,22_04_01_02_01,0,0.357017904512533,0.1609440609841212,0.12393854754212334,0.3580994869612224,0.217472819377728,0.22768779522524155,0.25859509320576396,0.2962442921912664,0.008141,0.007626,0.011831,0.972402,0.361508,0.418038,0.036083,0.271877,1,0.139545085134805,0.06674373424112034,0.1346565456636406,0.06185519476995599,0.418038
21_2_1_2_Afearful_Vangry,21,male,2,1,2,21_06_01_02_02,21_05_01_02_02,1,0.5749392464447994,0.08784070832030741,0.08792860400188789,0.24929144123300537,0.20111326700344617,0.32362978333764136,0.26571501926727426,0.2095419303916381,0.008141,0.007626,0.011831,0.972402,0.47781,0.51534,0.154552,0.382567,0,0.37382597944135326,0.23578907501733395,0.17778641526538635,0.03974951084136727,0.51534
23_1_1_1_Aangry_Vsurprised,23,male,1,1,1,23_05_01_01_01,23_08_01_01_01,1,0.1589350276024172,0.7598304477447088,0.011235447764981745,0.06999907688789228,0.22694718281360537,0.26557053595157004,0.26996641823081946,0.23751586300400515,0.004626,0.024107,0.005878,0.965388,0.714425,0.472123,0.23529,0.473946,0,0.06801215521118817,0.4942599117931387,0.2587309704658377,0.16751678611611287,0.714425
15_2_1_1_Adisgust_Vhappy,15,male,2,1,1,15_07_01_02_01,15_03_01_02_01,1,0.5932818844897356,0.10702647318336907,0.10135140748440478,0.19834023484249058,0.291346019733567,0.25648144681218643,0.21857338808198176,0.23359914537226487,0.008141,0.007626,0.011831,0.972402,0.537118,0.486853,0.077657,0.367209,0,0.3019358647561686,0.14945497362881738,0.11722198059757698,0.035258910529774284,0.537118
21_1_1_1_Aangry_Vcalm,21,male,1,1,1,21_05_01_01_01,21_02_01_01_01,1,0.4133232372562433,0.4453590785120272,0.016256574408739857,0.1250611098229895,0.24143909397488908,0.25246111929168913,0.2623565541837768,0.24374323254964492,0.004626,0.024107,0.005878,0.965388,0.623657,0.465639,0.144584,0.411293,0,0.17188414328135423,0.1928979592203381,0.24609997977503695,0.1186821227266554,0.623657
24_2_1_2_Aangry_Vhappy,24,female,2,1,2,24_05_01_02_02,24_03_01_02_02,1,0.24734022746845097,0.5439497195754597,0.03900420460823514,0.16970584834785432,0.37296475102932564,0.24715775533686024,0.199667117592855,0.18021037604095916,0.008141,0.007626,0.011831,0.972402,0.578845,0.553503,0.093182,0.40851,1,0.12562452356087467,0.29679196423859944,0.16066291298461985,0.010504527693104837,0.578845
18_2_1_2_Ahappy_Vsad,18,female,2,1,2,18_03_01_02_02,18_04_01_02_02,1,0.46974124633079073,0.26625399915109094,0.030467933589090394,0.233536820929028,0.20626747048451075,0.27112786298421215,0.3168721958186584,0.2057324707126188,0.008141,0.007626,0.011831,0.972402,0.499516,0.519458,0.137887,0.38562,1,0.26347377584627996,0.004873863833121217,0.286404262229568,0.0278043502164092,0.519458
18_1_1_1_Ahappy_Vangry,18,female,1,1,1,18_03_01_01_01,18_05_01_01_01,1,0.4460466564090386,0.292701022366618,0.03762862521211153,0.22362369601223187,0.2339779000884269,0.285727367184216,0.2453526400445209,0.2349420926828362,0.004626,0.024107,0.005878,0.965388,0.492846,0.474223,0.08586,0.350976,1,0.21206875632061173,0.0069736551824020054,0.20772401483240938,0.01131839667060433,0.492846
10_2_1_1_Ahappy_Vsad,10,female,2,1,1,10_03_01_02_01,10_04_01_02_01,1,0.6444998794261111,0.14013554774987919,0.08057234130390821,0.13479223152010164,0.22107835346763444,0.24270063097698027,0.23772970087475828,0.29849131468062706,0.008141,0.007626,0.011831,0.972402,0.625439,0.415946,0.140168,0.393851,1,0.42342152595847665,0.10256508322710109,0.15715735957085009,0.16369908316052542,0.625439
06_2_1_2_Asad_Vsad,6,female,2,1,2,06_04_01_02_02,06_04_01_02_02,0,0.3148035016250438,0.19831400223105602,0.10400885112527578,0.3828736450186244,0.1906382172457836,0.3296137293391358,0.280667924539066,0.19908012887601448,0.008141,0.007626,0.011831,0.972402,0.339521,0.528305,0.074703,0.314176,1,0.1241652843792602,0.13129972710807977,0.17665907341379025,0.18379351614260994,0.528305
11_1_1_1_Adisgust_Vsad,11,male,1,1,1,11_07_01_01_01,11_04_01_01_01,1,0.4128267041149411,0.4544504976557985,0.030193713221775473,0.10252908500748502,0.22496278732252165,0.23911167275211495,0.24796380868521486,0.28796173124014857,0.004626,0.024107,0.005878,0.965388,0.657582,0.418083,0.148013,0.407893,0,0.18786391679241946,0.21533882490368353,0.2177700954634394,0.18543264623266353,0.657582
16_1_2_2_Ahappy_Vhappy,16,female,1,2,2,16_03_02_01_02,16_03_02_01_02,0,0.21262977814439182,0.7371999144732442,0.006863643653247895,0.04330666372911626,0.4532822614104988,0.20798158402262568,0.17204228327703547,0.16669387128984015,0.004626,0.024107,0.005878,0.965388,0.771458,0.565616,0.241757,0.526277,1,0.240652483266107,0.5292183304506185,0.16517863962378757,0.12338720756072388,0.771458
13_2_2_2_Asad_Vcalm,13,male,2,2,2,13_04_02_02_02,13_02_02_02_02,1,0.4977390166753622,0.09600776896715262,0.0791194122046972,0.327133802152788,0.27073598996467496,0.24609231062774772,0.23056316069659213,0.25260853871098504,0.008141,0.007626,0.011831,0.972402,0.396,0.464985,0.080484,0.313823,0,0.22700302671068723,0.1500845416605951,0.15144374849189493,0.07452526344180294,0.464985
18_1_1_2_Aneutral_Vdisgust,18,female,1,1,2,18_01_01_01_02,18_07_01_01_02,0,0.31001034615915046,0.20715120973206308,0.09073176509835473,0.3921066790104316,0.21004167064469711,0.32355397679451525,0.2997432274709317,0.16666112508985592,0.004626,0.024107,0.005878,0.965388,0.322233,0.558539,0.09256,0.324444,1,0.09996867551445335,0.11640276706245217,0.20901146237257695,0.2254455539205757,0.558539
17_1_1_2_Aneutral_Vdisgust,17,male,1,1,2,17_01_01_01_02,17_07_01_01_02,0,0.48353450581385077,0.1313243190028994,0.12391475027059783,0.26122642491265197,0.19585388016278282,0.2984491926327724,0.32281247826287895,0.1828844489415657,0.004626,0.024107,0.005878,0.965388,0.457284,0.537859,0.107522,0.367555,0,0.28768062565106794,0.16712487362987302,0.19889772799228111,0.07834197597108628,0.537859
22_2_1_1_Asad_Vsurprised,22,female,2,1,1,22_04_01_02_01,22_08_01_02_01,1,0.357017904512533,0.1609440609841212,0.12393854754212334,0.3580994869612224,0.21584283613921582,0.2480719545533633,0.2407674603320956,0.2953177489753253,0.008141,0.007626,0.011831,0.972402,0.361508,0.419185,0.035342,0.272012,1,0.1411750683733172,0.08712789356924211,0.11682891278997225,0.06278173798589709,0.419185
01_2_1_2_Acalm_Vsad,1,male,2,1,2,01_02_01_02_02,01_04_01_02_02,1,0.5219343378964294,0.09377834733464015,0.09389551434987378,0.29039180041905654,0.20824725696770902,0.28997261560550275,0.2483576717733127,0.25342245565347554,0.008141,0.007626,0.011831,0.972402,0.432207,0.464064,0.11515,0.33714,0,0.3136870809287204,0.19619426827086262,0.1544621574234389,0.036969344765581,0.464064
09_1_2_1_Aangry_Vdisgust,9,male,1,2,1,09_05_02_01_01,09_07_02_01_01,1,0.4033721941301417,0.5421971891215568,0.012897247447232975,0.0415333693010685,0.24531545754864878,0.3162617997660255,0.27500602814716363,0.1634167145381622,0.004626,0.024107,0.005878,0.965388,0.776559,0.563273,0.169655,0.503162,0,0.1580567365814929,0.2259353893555313,0.26210878069993065,0.12188334523709371,0.776559
22_1_2_1_Aangry_Vangry,22,female,1,2,1,22_05_02_01_01,22_05_02_01_01,0,0.16376943781251024,0.7889432210155868,0.010700237317968975,0.03658710385393394,0.24039233154409576,0.2631454373569933,0.2279165245859381,0.2685457065129727,0.004626,0.024107,0.005878,0.965388,0.785365,0.437599,0.264097,0.495687,1,0.07662289373158551,0.5257977836585934,0.21721628726796913,0.23195860265903878,0.785365
03_2_2_1_Ahappy_Vsad,3,male,2,2,1,03_03_02_02_01,03_04_02_02_01,1,0.6985206327283293,0.17771086740130607,0.09788817697009448,0.025880322900270085,0.22721243219019416,0.28810002216383734,0.304326259867621,0.1803612857783476,0.008141,0.007626,0.011831,0.972402,0.831334,0.551827,0.187288,0.523483,0,0.47130820053813516,0.11038915476253128,0.20643808289752652,0.1544809628780775,0.831334
03_1_1_1_Ahappy_Vhappy,3,male,1,1,1,03_03_01_01_01,03_03_01_01_01,0,0.7173471760249509,0.07338658116868914,0.055793524709226244,0.1534727180971337,0.37429744554766364,0.262181151096088,0.18801559229338896,0.17550581106285934,0.004626,0.024107,0.005878,0.965388,0.603822,0.550012,0.108031,0.420622,0,0.34304973047728726,0.1887945699273989,0.13222206758416272,0.022033092965725642,0.603822
01_2_2_1_Asad_Vfearful,1,male,2,2,1,01_04_02_02_01,01_06_02_02_01,1,0.5624315186509903,0.15256238440836128,0.05262327761792549,0.23238281932272298,0.20775750111770244,0.2933610636160907,0.23624778867228224,0.26263364659392446,0.008141,0.007626,0.011831,0.972402,0.498759,0.454052,0.123696,0.358836,0,0.35467401753328787,0.14079867920772943,0.18362451105435676,0.030250827271201486,0.498759
19_2_1_2_Asad_Vfearful,19,male,2,1,2,19_04_01_02_02,19_06_01_02_02,1,0.4339198127686648,0.03165110899761861,0.152717974750556,0.3817111034831607,0.22805014851329897,0.26257616350926416,0.23803822129762736,0.2713354666798096,0.008141,0.007626,0.011831,0.972402,0.345169,0.444417,0.111666,0.300417,0,0.20586966425536585,0.23092505451164555,0.08532024654707135,0.11037563680335105,0.444417
23_2_1_1_Asad_Vsad,23,male,2,1,1,23_04_01_02_01,23_04_01_02_01,0,0.5703917601760164,0.16010430862532435,0.039711693861302085,0.2297922373373571,0.23242437072774752,0.24874557907452632,0.22860340888415728,0.2902266413135689,0.008141,0.007626,0.011831,0.972402,0.503638,0.42455,0.115492,0.347893,0,0.33796738944826893,0.08864127044920198,0.1888917150228552,0.060434403976211803,0.503638
18_1_1_2_Asad_Vhappy,18,female,1,1,2,18_04_01_01_02,18_03_01_01_02,1,0.3312050011803515,0.36307364824698735,0.052840376950991315,0.2528809736216697,0.42270678882336243,0.23207844612380527,0.18410226442845407,0.16111250062437832,0.004626,0.024107,0.005878,0.965388,0.454669,0.571527,0.049665,0.35862,1,0.09150178764301092,0.13099520212318208,0.13126188747746276,0.0917684729972914,0.571527
02_1_2_1_Aangry_Vangry,2,female,1,2,1,02_05_02_01_01,02_05_02_01_01,0,0.052692876527364124,0.9150327578490653,0.003644223933933777,0.028630141689636672,0.20655977635545167,0.30116070952059604,0.24974657505151257,0.24253293907243967,0.004626,0.024107,0.005878,0.965388,0.809368,0.464821,0.334835,0.536341,1,0.15386689982808754,0.6138720483284693,0.2461023511175788,0.213902797382803,0.809368
13_1_1_2_Asad_Vhappy,13,male,1,1,2,13_04_01_01_02,13_03_01_01_02,1,0.39802439316074034,0.18444967532670714,0.10261096343854705,0.3149149680740054,0.3261816113604644,0.25183961185874804,0.20711093677521505,0.21486784000557246,0.004626,0.024107,0.005878,0.965388,0.396217,0.500068,0.026169,0.307485,0,0.07184278180027592,0.0673899365320409,0.10449997333666801,0.10004712806843291,0.500068
18_2_1_1_Asurprised_Vangry,18,female,2,1,1,18_08_01_02_01,18_05_01_02_01,1,0.3788172284643856,0.37692697130148123,0.033610489461149334,0.21064531077298387,0.231420483469718,0.2926901456002749,0.24635971577397064,0.2295296551560364,0.008141,0.007626,0.011831,0.972402,0.525953,0.491311,0.082955,0.36674,1,0.1473967449946676,0.08423682570120633,0.2127492263128213,0.01888434438305253,0.525953
04_1_2_1_Ahappy_Vhappy,4,female,1,2,1,04_03_02_01_01,04_03_02_01_01,0,0.48058784629064094,0.4001950137015512,0.04831631523751432,0.07090082477029355,0.3298925474382307,0.26211994847784026,0.22854241217174281,0.17944509191218638,0.004626,0.024107,0.005878,0.965388,0.714446,0.544326,0.084142,0.447638,1,0.15069529885241023,0.13807506522371094,0.1802260969342285,0.10854426714189283,0.714446
06_2_2_1_Asad_Vhappy,6,female,2,2,1,06_04_02_02_01,06_03_02_02_01,1,0.7660586483021402,0.09345009480501489,0.1101926948977875,0.03029856199505751,0.39955379899773136,0.28161526474027226,0.16758620872141178,0.15124472754058454,0.008141,0.007626,0.011831,0.972402,0.821881,0.594128,0.113948,0.509986,1,0.36650484930440885,0.1881651699352574,0.05739351382362427,0.12094616554552703,0.821881
23_2_2_2_Ahappy_Vsad,23,male,2,2,2,23_03_02_02_02,23_04_02_02_02,1,0.2027151131422102,0.7347867717728078,0.00461435228442962,0.05788376280055221,0.22957518927009712,0.2782447481546167,0.2571214843881542,0.23505857818713197,0.008141,0.007626,0.011831,0.972402,0.776657,0.48471,0.233118,0.498162,0,0.026860076127886934,0.45654202361819113,0.25250713210372455,0.17717481538657975,0.776657
06_2_2_1_Aangry_Vdisgust,6,female,2,2,1,06_05_02_02_01,06_07_02_02_01,1,0.1922406140479463,0.7406324135545983,0.026137792611728185,0.04098917978572724,0.21960969234319572,0.3564003941157489,0.24989495595724215,0.17409495758381324,0.008141,0.007626,0.011831,0.972402,0.803938,0.560965,0.157856,0.507587,1,0.027369078295249427,0.3842320194388494,0.22375716334551396,0.133105777798086,0.803938
09_1_1_2_Aangry_Vangry,9,male,1,1,2,09_05_01_01_02,09_05_01_01_02,0,0.4128453495499791,0.11713651457871183,0.17067019663299174,0.2993479392383173,0.21420103166508336,0.28925475168208664,0.2600194678525999,0.2365247488002301,0.004626,0.024107,0.005878,0.965388,0.417256,0.472208,0.05963,0.316365,0,0.19864431788489573,0.17211823710337482,0.08934927121960815,0.0628231904380872,0.472208
04_2_2_1_Aangry_Vsad,4,female,2,2,1,04_05_02_02_01,04_04_02_02_01,1,0.17698978308012378,0.786233305299195,0.0049043794215690864,0.031872532199112166,0.23368778621282796,0.2851561320503108,0.29328159624601746,0.1878744854908437,0.008141,0.007626,0.011831,0.972402,0.835633,0.54207,0.266043,0.547915,1,0.05669800313270418,0.5010771732488841,0.2883772168244484,0.15600195329173155,0.835633
06_2_1_1_Ahappy_Vcalm,6,female,2,1,1,06_03_01_02_01,06_02_01_02_01,1,0.5179382064564672,0.2532737643086468,0.03760428735020753,0.19118374188467857,0.2409874520385384,0.3016641005509454,0.23935682789370008,0.21799161951681606,0.008141,0.007626,0.011831,0.972402,0.550245,0.505106,0.098587,0.384646,1,0.2769507544179287,0.048390336242298604,0.20175254054349256,0.02680787763213749,0.550245
16_2_1_1_Aangry_Vsad,16,female,2,1,1,16_05_01_02_01,16_04_01_02_01,1,0.10080858332787455,0.857452645265235,0.003420620016601846,0.03831815139028854,0.3278352199775953,0.21815493706728137,0.21505053365738894,0.23895930929773432,0.008141,0.007626,0.011831,0.972402,0.824196,0.480869,0.347029,0.550698,1,0.22702663664972073,0.6392977081979536,0.2116299136407871,0.20064115790744577,0.824196
19_1_2_1_Asad_Vangry,19,male,1,2,1,19_04_02_01_01,19_05_02_01_01,1,0.7605512407097745,0.07569758739589745,0.11492154151956671,0.048829630374761436,0.25817835169969705,0.2825896108097636,0.2291783864088814,0.230053651081658,0.004626,0.024107,0.005878,0.965388,0.78166,0.480149,0.199328,0.487046,0,0.5023728890100775,0.20689202341386614,0.1142568448893147,0.18122402070689658,0.78166
11_2_1_2_Aangry_Vhappy,11,male,2,1,2,11_05_01_02_02,11_03_01_02_02,1,0.10592054658405761,0.8274846116513445,0.007590091547318591,0.05900475021727935,0.2883179992724635,0.2313174089830756,0.22465892373955368,0.2557056680049072,0.008141,0.007626,0.011831,0.972402,0.775061,0.461655,0.299894,0.512203,0,0.18239745268840588,0.5961672026682688,0.21706883219223508,0.19670091778762783,0.775061
21_2_2_1_Adisgust_Vangry,21,male,2,2,1,21_07_02_02_01,21_05_02_02_01,1,0.45591908159522837,0.3789798411863436,0.031249019364140693,0.13385205785428742,0.2205542255315084,0.3252772980197952,0.248615476159605,0.20555300028909138,0.008141,0.007626,0.011831,0.972402,0.630744,0.520337,0.106426,0.419169,0,0.23536485606371996,0.05370254316654838,0.2173664567954643,0.07170094243480396,0.630744
22_1_2_2_Aangry_Vangry,22,female,1,2,2,22_05_02_01_02,22_05_02_01_02,0,0.09901821777503447,0.8655538528012876,0.0065718147049980205,0.028856114718679715,0.24684232160070146,0.26233831298132343,0.2298538759375231,0.26096548948045206,0.004626,0.024107,0.005878,0.965388,0.806064,0.445927,0.319898,0.523963,1,0.147824103825667,0.6032155398199641,0.2232820612325251,0.23210937476177235,0.806064
02_1_1_1_Ahappy_Vneutral,2,female,1,1,1,02_03_01_01_01,02_01_01_01_01,1,0.31808403065138063,0.43783244832323626,0.00995613459373513,0.23412738643164802,0.22787605651629345,0.24802122640785734,0.22190622856558737,0.3021964885102618,0.004626,0.024107,0.005878,0.965388,0.479566,0.402988,0.114019,0.332191,1,0.09020797413508719,0.1898112219153789,0.21195009397185224,0.0680691020786138,0.479566
03_1_1_1_Asad_Vsad,3,male,1,1,1,03_04_01_01_01,03_04_01_01_01,0,0.5539454307781295,0.10508854946995903,0.12410050596424275,0.21686551378766863,0.19583722605933235,0.30430165589016184,0.2874265957772973,0.21243452227320847,0.004626,0.024107,0.005878,0.965388,0.512142,0.500225,0.124824,0.379064,0,0.3581082047187972,0.1992131064202028,0.16332608981305452,0.004430991514460164,0.512142
23_2_2_1_Afearful_Vsad,23,male,2,2,1,23_06_02_02_01,23_04_02_02_01,1,0.5754980467758279,0.27470430457173134,0.04538875066741522,0.10440889798502559,0.23345747592358737,0.27220432347354423,0.24834481483254245,0.245993385770326,0.008141,0.007626,0.011831,0.972402,0.675468,0.47226,0.130734,0.426154,0,0.3420405708522406,0.0024999810981871096,0.20295606416512724,0.14158448778530042,0.675468
08_2_1_1_Asad_Vsad,8,female,2,1,1,08_04_01_02_01,08_04_01_02_01,0,0.5290697970478003,0.10009089994119011,0.13027900066566112,0.24056030234534842,0.23534979727632788,0.246757644217622,0.31278400648246574,0.20510855202358422,0.008141,0.007626,0.011831,0.972402,0.484522,0.520103,0.093816,0.366147,1,0.29371999977147245,0.1466667442764319,0.18250500581680462,0.0354517503217642,0.520103
10_2_1_1_Asurprised_Vangry,10,female,2,1,1,10_08_01_02_01,10_05_01_02_01,1,0.20181564237043817,0.662421831976019,0.031131074730096426,0.10463145092344643,0.2277888955190047,0.25412563692637435,0.22649799274096635,0.29158747481365455,0.008141,0.007626,0.011831,0.972402,0.67917,0.423186,0.161964,0.42144,1,0.025973253148566522,0.40829619504964465,0.19536691801086992,0.1869560238902081,0.67917
12_2_2_2_Asad_Vangry,12,female,2,2,2,12_04_02_02_02,12_05_02_02_02,1,0.5118754398117343,0.3422537054761932,0.07457546243894038,0.07129539227313209,0.21803163685984267,0.2893989834550883,0.24742345241091107,0.24514592727415802,0.008141,0.007626,0.011831,0.972402,0.730734,0.473331,0.117222,0.440429,1,0.29384380295189166,0.052854722021104916,0.1728479899719707,0.17385053500102593,0.730734
24_1_1_1_Ahappy_Vhappy,24,female,1,1,1,24_03_01_01_01,24_03_01_01_01,0,0.37572488957674066,0.3834020253945891,0.032153664916091174,0.20871942011257905,0.33767089895733887,0.25220678938170704,0.22078775653439675,0.18933455512655725,0.004626,0.024107,0.005878,0.965388,0.507762,0.531977,0.067888,0.369209,1,0.03805399061940179,0.13119523601288208,0.18863409161830558,0.019384864986021794,0.531977
02_2_1_1_Asad_Vsad,2,female,2,1,1,02_04_01_02_01,02_04_01_02_01,0,0.3197306827330358,0.2888545305067069,0.03286612280389553,0.35854866395636187,0.20898787830378576,0.2717112169131012,0.24888580299484414,0.2704151017882689,0.008141,0.007626,0.011831,0.972402,0.368906,0.445375,0.080756,0.298346,1,0.11074280442925002,0.017143313593605713,0.2160196801909486,0.08813356216809298,0.445375
19_2_1_2_Ahappy_Vdisgust,19,male,2,1,2,19_03_01_02_02,19_07_01_02_02,1,0.5137075677257866,0.13428004405629113,0.060769176475615534,0.29124321174230666,0.3416401148073485,0.2932721304677504,0.21440286908490103,0.15068488564000004,0.008141,0.007626,0.011831,0.972402,0.432935,0.593589,0.08361,0.370045,0,0.1720674529184381,0.1589920864114593,0.1536336926092855,0.14055832610230662,0.593589
12_2_1_1_Afearful_Vhappy,12,female,2,1,1,12_06_01_02_01,12_03_01_02_01,1,0.5175381303786557,0.28585521087780336,0.050575878151005976,0.14603078059253496,0.307663602627516,0.24480854070267055,0.2204629654967156,0.2270648911730978,0.008141,0.007626,0.011831,0.972402,0.609731,0.494508,0.068438,0.390892,1,0.20987452775113968,0.041046670175132804,0.16988708734570962,0.08103411058056284,0.609731
16_1_2_1_Aangry_Vhappy,16,female,1,2,1,16_05_02_01_01,16_03_02_01_01,1,0.053921983191168414,0.938332491876669,9.386317992719882e-05,0.007651661752235353,0.4047808154966212,0.21974283480624482,0.1884333174120525,0.1870430322850814,0.004626,0.024107,0.005878,0.965388,0.874453,0.537316,0.450483,0.620751,1,0.3508588323054528,0.7185896570704242,0.18833945423212528,0.17939137053284604,0.874453
24_1_2_2_Acalm_Vhappy,24,female,1,2,2,24_02_02_01_02,24_03_02_01_02,1,0.3995083357451294,0.1327052855011245,0.11888801815382123,0.34889836059992485,0.3568738064078958,0.25016440015220603,0.2122622055995053,0.1806995878403929,0.004626,0.024107,0.005878,0.965388,0.367494,0.543476,0.043307,0.318092,1,0.042634529337233606,0.11745911465108153,0.09337418744568406,0.16819877275953196,0.543476
18_2_2_1_Ahappy_Vcalm,18,female,2,2,1,18_03_02_02_01,18_02_02_02_01,1,0.5936176064132515,0.3171263303329559,0.03468683445960311,0.0545692287941896,0.3513326371408724,0.24126324582181796,0.21412726839881693,0.19327684863849268,0.008141,0.007626,0.011831,0.972402,0.769972,0.53619,0.107985,0.471382,1,0.24228496927237908,0.07586308451113793,0.17944043393921383,0.13870761984430308,0.769972
18_2_2_1_Asad_Vcalm,18,female,2,2,1,18_04_02_02_01,18_02_02_02_01,1,0.6705031422703585,0.1585285669404748,0.11113144275988052,0.05983684802928638,0.3513326371408724,0.24126324582181796,0.21412726839881693,0.19327684863849268,0.008141,0.007626,0.011831,0.972402,0.752965,0.53619,0.081456,0.45687,1,0.3191705051294861,0.08273467888134317,0.10299582563893642,0.1334400006092063,0.752965
10_2_2_1_Ahappy_Vhappy,10,female,2,2,1,10_03_02_02_01,10_03_02_02_01,0,0.5332881496548229,0.3552303955902257,0.054647417442323064,0.05683403731262846,0.3018477495379027,0.26061396550118066,0.22631858493967055,0.21121970002124618,0.008141,0.007626,0.011831,0.972402,0.761787,0.513418,0.103464,0.459557,1,0.23144040011692013,0.09461643008904502,0.17167116749734748,0.15438566270861773,0.761787
14_1_1_2_Adisgust_Vdisgust,14,female,1,1,2,14_07_01_01_02,14_07_01_01_02,0,0.2631233814835047,0.5951506070208787,0.02834914019250408,0.11337687130311248,0.2194226078755504,0.31752477020481434,0.26542258594230855,0.19763003597732662,0.004626,0.024107,0.005878,0.965388,0.636758,0.518077,0.120354,0.425063,1,0.043700773607954324,0.2776258368160644,0.23707344574980446,0.08425316467421413,0.636758
23_2_1_1_Ahappy_Vangry,23,male,2,1,1,23_03_01_02_01,23_05_01_02_01,1,0.4760035119335899,0.3276452969601238,0.023710974871218395,0.17264021623506784,0.21430737798641514,0.26294925843799805,0.2591943342714579,0.26354902930412893,0.008141,0.007626,0.011831,0.972402,0.577374,0.452673,0.128821,0.386289,0,0.2616961339471748,0.06469603852212574,0.23548335940023948,0.0909088130690611,0.577374
06_2_2_2_Adisgust_Vangry,6,female,2,2,2,06_07_02_02_02,06_05_02_02_02,1,0.38995581717893524,0.3581390622285764,0.10471588729497201,0.14718923329751646,0.20561047601508897,0.36318237827161914,0.2372318970103601,0.19397524870293176,0.008141,0.007626,0.011831,0.972402,0.602707,0.535311,0.042272,0.39343,1,0.18434534116384627,0.005043316043042756,0.13251600971538807,0.0467860154054153,0.602707
07_2_2_2_Ahappy_Vsad,7,male,2,2,2,07_03_02_02_02,07_04_02_02_02,1,0.6029237756830358,0.24959250644240874,0.07372922108591054,0.07375449678864493,0.29257399613956225,0.2982706168806082,0.2552529723470402,0.15390241463278934,0.008141,0.007626,0.011831,0.972402,0.726852,0.588303,0.089796,0.468317,0,0.31034977954347354,0.048678110438199446,0.18152375126112966,0.0801479178441444,0.726852
07_2_2_1_Aangry_Vcalm,7,male,2,2,1,07_05_02_02_01,07_02_02_02_01,1,0.23598649267834826,0.7280128752742473,0.008525723844999306,0.02747490820240503,0.2792036227788999,0.23732485043358295,0.22440193148594836,0.2590695953015689,0.008141,0.007626,0.011831,0.972402,0.842884,0.457917,0.263662,0.521487,0,0.043217130100551615,0.4906880248406643,0.21587620764094906,0.2315946870991639,0.842884
20_1_2_1_Aangry_Vangry,20,female,1,2,1,20_05_02_01_01,20_05_02_01_01,0,0.2926647070172147,0.6416203411575269,0.03709661664382816,0.028618335181430154,0.22600341829605555,0.25567868293349255,0.2814913665668149,0.2368265322036371,0.004626,0.024107,0.005878,0.965388,0.802069,0.4734,0.208835,0.494768,1,0.06666128872115915,0.3859416582240343,0.24439474992298674,0.20820819702220697,0.802069
18_2_2_1_Asad_Vhappy,18,female,2,2,1,18_04_02_02_01,18_03_02_02_01,1,0.6705031422703585,0.1585285669404748,0.11113144275988052,0.05983684802928638,0.42183511894251147,0.23978199109183584,0.1813413369413385,0.15704155302431413,0.008141,0.007626,0.011831,0.972402,0.752965,0.585716,0.049044,0.462575,1,0.248668023327847,0.08125342415136105,0.07020989418145798,0.09720470499502776,0.752965
06_1_1_2_Ahappy_Vangry,6,female,1,1,2,06_03_01_01_02,06_05_01_01_02,1,0.5193337842864533,0.21434729237327546,0.05993169570286948,0.2063872276374019,0.2082462266796426,0.333746464621144,0.23964781862053755,0.21835949007867583,0.004626,0.024107,0.005878,0.965388,0.516829,0.491965,0.100769,0.369854,1,0.31108755760681067,0.11939917224786853,0.1797161229176681,0.011972262441273945,0.516829
10_1_1_2_Afearful_Vsad,10,female,1,1,2,10_06_01_01_02,10_04_01_01_02,1,0.5689259043690134,0.16110711743744888,0.13451667763543879,0.13545030055809887,0.22263252454615928,0.2362746951585713,0.23240380225357926,0.30868897804169015,0.004626,0.024107,0.005878,0.965388,0.615174,0.396999,0.096257,0.369477,1,0.3462933798228541,0.07516757772112242,0.09788712461814048,0.17323867748359129,0.615174
22_1_1_1_Aangry_Vsurprised,22,female,1,1,1,22_05_01_01_01,22_08_01_01_01,1,0.2386162843161978,0.619622888971502,0.01610091068375657,0.12565991602854368,0.21566922944537345,0.2664639699133863,0.24320858428394196,0.2746582163572985,0.004626,0.024107,0.005878,0.965388,0.618963,0.430792,0.159245,0.403,1,0.02294705487082435,0.3531589190581157,0.22710767360018538,0.1489983003287548,0.618963
23_2_2_2_Asurprised_Vhappy,23,male,2,2,2,23_08_02_02_02,23_03_02_02_02,1,0.36168026676751025,0.5485274485655068,0.009232724696723149,0.08055955997025972,0.25953287570970884,0.23964351596219732,0.29241875872571677,0.20840484960237704,0.008141,0.007626,0.011831,0.972402,0.72711,0.51612,0.193111,0.47878,0,0.1021473910578014,0.3088839326033095,0.2831860340289936,0.12784528963211733,0.72711
04_2_2_1_Asad_Vangry,4,female,2,2,1,04_04_02_02_01,04_05_02_02_01,1,0.27956948498076917,0.6329899414052407,0.026380833082214773,0.061059740531775375,0.21783061496275,0.2825008616325789,0.26723296210712444,0.23243556129754664,0.008141,0.007626,0.011831,0.972402,0.759063,0.487714,0.173717,0.473498,1,0.06173887001801917,0.35048907977266175,0.24085212902490966,0.17137582076577126,0.759063
01_2_1_1_Aangry_Vsad,1,male,2,1,1,01_05_01_02_01,01_04_01_02_01,1,0.4972633261368727,0.33503770200617583,0.034989990961404684,0.13270898089554667,0.20178581651486058,0.28073378967334933,0.25497563832185116,0.26250475548993885,0.008141,0.007626,0.011831,0.972402,0.631829,0.453967,0.131843,0.40588,0,0.29547750962201214,0.0543039123328265,0.21998564736044648,0.12979577459439218,0.631829
09_1_2_1_Adisgust_Vangry,9,male,1,2,1,09_07_02_01_01,09_05_02_01_01,1,0.4545731284167557,0.06452576611770366,0.15633334399085666,0.324567761474684,0.20771034813425146,0.3093257181217992,0.26764129828016814,0.21532263546378116,0.004626,0.024107,0.005878,0.965388,0.400794,0.4965,0.115575,0.337623,0,0.24686278028250422,0.24479995200409554,0.11130795428931148,0.10924512601090286,0.4965
07_2_1_2_Asad_Vcalm,7,male,2,1,2,07_04_01_02_02,07_02_01_02_02,1,0.4376494976185862,0.2172275662626203,0.06132547275092317,0.2837974633678704,0.2737771255049547,0.24855245458477188,0.21642988262269997,0.26124053728757335,0.008141,0.007626,0.011831,0.972402,0.439145,0.455645,0.047942,0.314244,0,0.16387237211363148,0.03132488832215158,0.1551044098717768,0.022556926080297024,0.455645
04_2_2_1_Asad_Vsad,4,female,2,2,1,04_04_02_02_01,04_04_02_02_01,0,0.27956948498076917,0.6329899414052407,0.026380833082214773,0.061059740531775375,0.23368778621282796,0.2851561320503108,0.29328159624601746,0.1878744854908437,0.008141,0.007626,0.011831,0.972402,0.759063,0.54207,0.168784,0.489973,1,0.04588169876794121,0.34783380935492986,0.2669007631638027,0.12681474495906833,0.759063
17_2_2_2_Aangry_Vsad,17,male,2,2,2,17_05_02_02_02,17_04_02_02_02,1,0.16529850914479988,0.6875948322141533,0.016232153663294727,0.13087450497775222,0.21538377678269843,0.23922875356477472,0.28755160261835083,0.2578358670341761,0.008141,0.007626,0.011831,0.972402,0.642402,0.458693,0.205431,0.435509,0,0.050085267637898556,0.4483660786493786,0.2713194489550561,0.1269613620564239,0.642402
06_2_2_1_Ahappy_Vsad,6,female,2,2,1,06_03_02_02_01,06_04_02_02_01,1,0.3772059511024846,0.4963356137829852,0.04291754979466366,0.0835408853198666,0.2362292527562073,0.3593168817596587,0.24620860683679585,0.15824525864733816,0.008141,0.007626,0.011831,0.972402,0.711724,0.582631,0.08517,0.459842,1,0.14097669834627732,0.13701873202332648,0.20329105704213218,0.07470437332747155,0.711724
03_1_2_2_Asad_Vhappy,3,male,1,2,2,03_04_02_01_02,03_03_02_01_02,1,0.687433934567351,0.14355085472932538,0.07099118247049138,0.09802402823283222,0.3229018722258628,0.2702276124582671,0.22111631912748675,0.18575419618838332,0.004626,0.024107,0.005878,0.965388,0.67927,0.535661,0.101887,0.438939,0,0.3645320623414882,0.1266767577289417,0.15012513665699537,0.0877301679555511,0.67927
15_1_2_1_Aangry_Vhappy,15,male,1,2,1,15_05_02_01_01,15_03_02_01_01,1,0.15226005060216535,0.7912120475968617,0.01111533375353781,0.04541256804743528,0.30774985842896835,0.26130774922397304,0.21775337558949703,0.2131890167575617,0.004626,0.024107,0.005878,0.965388,0.765039,0.501505,0.245084,0.503876,0,0.155489807826803,0.5299042983728887,0.2066380418359592,0.16777644871012642,0.765039
13_1_2_1_Acalm_Vangry,13,male,1,2,1,13_02_02_01_01,13_05_02_01_01,1,0.5145130898040481,0.0619939913020697,0.06316582126361173,0.3603270976302705,0.23494153702915205,0.27005738331416546,0.23473132368999186,0.26026975596669044,0.004626,0.024107,0.005878,0.965388,0.370125,0.446297,0.133029,0.316484,0,0.27957155277489604,0.20806339201209575,0.17156550242638013,0.10005734166358005,0.446297
17_1_1_2_Acalm_Vsad,17,male,1,1,2,17_02_01_01_02,17_04_01_01_02,1,0.49393407801708583,0.13586721716319367,0.10082827265282782,0.2693704321668927,0.21364737362178488,0.23937319382934927,0.286879416333198,0.2601000162156678,0.004626,0.024107,0.005878,0.965388,0.448506,0.447963,0.085222,0.32723,0,0.28028670439530096,0.1035059766661556,0.1860511436803702,0.009270415951224908,0.448506
22_2_1_1_Asad_Vhappy,22,female,2,1,1,22_04_01_02_01,22_03_01_02_01,1,0.357017904512533,0.1609440609841212,0.12393854754212334,0.3580994869612224,0.34372451505732854,0.23770191148073233,0.19917933142990965,0.21939424203202942,0.008141,0.007626,0.011831,0.972402,0.361508,0.504154,0.023967,0.296543,1,0.013293389455204474,0.07675785049661113,0.07524078388778631,0.13870524492919298,0.504154
16_2_1_1_Aangry_Vangry,16,female,2,1,1,16_05_01_02_01,16_05_01_02_01,0,0.10080858332787455,0.857452645265235,0.003420620016601846,0.03831815139028854,0.25681924454413785,0.24608697472865546,0.22594179933495306,0.2711519813922538,0.008141,0.007626,0.011831,0.972402,0.824196,0.444718,0.327721,0.532212,1,0.15601066121626328,0.6113656705365795,0.22252117931835122,0.23283383000196528,0.824196
22_2_2_2_Asad_Vfearful,22,female,2,2,2,22_04_02_02_02,22_06_02_02_02,1,0.37073333871895753,0.3525007412547712,0.05548700462786577,0.2212789153984054,0.23163974992881592,0.2505842568519016,0.2750015295090862,0.24277446371019623,0.008141,0.007626,0.011831,0.972402,0.509584,0.47563,0.075653,0.353622,1,0.1390935887901416,0.1019164844028696,0.21951452488122042,0.02149554831179082,0.509584
15_1_2_1_Aangry_Vsad,15,male,1,2,1,15_05_02_01_01,15_04_02_01_01,1,0.15226005060216535,0.7912120475968617,0.01111533375353781,0.04541256804743528,0.24114244300071938,0.27491995431625355,0.2744859431538037,0.20945165952922323,0.004626,0.024107,0.005878,0.965388,0.765039,0.505125,0.251576,0.507247,0,0.08888239239855403,0.5162920932806081,0.2633706094002659,0.16403909148178797,0.765039
21_2_1_2_Asad_Vangry,21,male,2,1,2,21_04_01_02_02,21_05_01_02_02,1,0.5551088913286808,0.06346862173300692,0.0758756845537969,0.30554680238451537,0.20111326700344617,0.32362978333764136,0.26571501926727426,0.2095419303916381,0.008141,0.007626,0.011831,0.972402,0.419744,0.51534,0.177923,0.371003,0,0.3539956243252346,0.2601611616046344,0.18983933471347736,0.09600487199287727,0.51534
11_2_1_2_Ahappy_Vangry,11,male,2,1,2,11_03_01_02_02,11_05_01_02_02,1,0.5260188583679973,0.24968959212779587,0.030962319728752512,0.19332922977545425,0.22381599102721397,0.23674909138781,0.23383485055214975,0.30560006703282616,0.008141,0.007626,0.011831,0.972402,0.548868,0.408764,0.118007,0.358546,0,0.3022028673407834,0.012940500739985872,0.20287253082339723,0.11227083725737191,0.548868
20_1_2_1_Aangry_Vhappy,20,female,1,2,1,20_05_02_01_01,20_03_02_01_01,1,0.2926647070172147,0.6416203411575269,0.03709661664382816,0.028618335181430154,0.33474201213346405,0.22494533224756935,0.21964403516532127,0.22066862045364524,0.004626,0.024107,0.005878,0.965388,0.802069,0.494525,0.188785,0.495126,1,0.04207730511624935,0.4166750089099575,0.18254741852149312,0.1920502852722151,0.802069
13_2_1_2_Afearful_Vdisgust,13,male,2,1,2,13_06_01_02_02,13_07_01_02_02,0,0.2837192471048635,0.5008313710547189,0.015225210890075119,0.2002241709503425,0.25555921106136914,0.25953972226620436,0.2415784508714973,0.2433226158009291,0.008141,0.007626,0.011831,0.972402,0.54463,0.475316,0.116865,0.378937,0,0.028160036043494374,0.2412916487885145,0.22635323998142218,0.04309844485058659,0.54463
19_1_2_2_Asurprised_Vsurprised,19,male,1,2,2,19_08_02_01_02,19_08_02_01_02,0,0.439259402961886,0.34968560355424444,0.04395872916372092,0.16709626432014868,0.3192160259311717,0.2797468033584056,0.2164164577860536,0.1846207129243691,0.004626,0.024107,0.005878,0.965388,0.5621,0.536706,0.054918,0.384574,0,0.12004337703071427,0.06993880019583881,0.17245772862233266,0.01752444860422042,0.5621
10_1_1_1_Afearful_Vsad,10,female,1,1,1,10_06_01_01_01,10_04_01_01_01,1,0.5371852250538471,0.10967746044993905,0.22394071138509578,0.1291966031111179,0.22368667155743585,0.24122084290551768,0.24180258144951994,0.2932899040875267,0.004626,0.024107,0.005878,0.965388,0.628927,0.412436,0.090083,0.377148,1,0.3134985534964113,0.13154338245557862,0.017861870064424162,0.16409330097640878,0.628927
18_1_2_2_Asad_Vangry,18,female,1,2,2,18_04_02_01_02,18_05_02_01_02,1,0.6711624747348552,0.2050645212642334,0.07469109517530674,0.04908190882560457,0.25050431803924567,0.3023397029200889,0.2577954404151679,0.18936053862549757,0.004626,0.024107,0.005878,0.965388,0.767496,0.52926,0.148898,0.481884,1,0.4206581566956096,0.09727518165585547,0.18310434523986113,0.140278629799893,0.767496
10_1_1_2_Asurprised_Vangry,10,female,1,1,2,10_08_01_01_02,10_05_01_01_02,1,0.40193146370768834,0.3531080234762628,0.05154314980663487,0.19341736300941403,0.22480153588931961,0.24352381902296413,0.22637332918937994,0.3053013158983363,0.004626,0.024107,0.005878,0.965388,0.526465,0.400051,0.077551,0.334689,1,0.17712992781836873,0.10958420445329867,0.17483017938274506,0.11188395288892228,0.526465
10_2_1_2_Asad_Vsurprised,10,female,2,1,2,10_04_01_02_02,10_08_01_02_02,1,0.46547068174317,0.06144289057487409,0.18246070294992348,0.29062572473203235,0.22625523386111235,0.2567989681858074,0.2733799132710999,0.24356588468198037,0.008141,0.007626,0.011831,0.972402,0.429417,0.474763,0.085032,0.329737,1,0.23921544788205767,0.1953560776109333,0.09091921032117642,0.04705984005005198,0.474763
04_2_2_1_Adisgust_Vsad,4,female,2,2,1,04_07_02_02_01,04_04_02_02_01,1,0.3057371991969659,0.5441569667583714,0.03746168083119697,0.11264415321346583,0.23368778621282796,0.2851561320503108,0.29328159624601746,0.1878744854908437,0.008141,0.007626,0.011831,0.972402,0.663207,0.54207,0.121098,0.442125,1,0.07204941298413794,0.2590008347080606,0.2558199154148205,0.07523033227737788,0.663207
