clip_id,actor,emotion_code,emotion_4class,p_happy,p_angry,p_sad,p_neutral
01_01_01_01_01,1,1,neutral,0.4397374247025574,0.20246929531161456,0.07322612695222516,0.28456715303360286
01_01_01_01_02,1,1,neutral,0.5325764886226466,0.16563329108184008,0.05623999705799306,0.24555022323752018
01_01_01_02_01,1,1,neutral,0.48586445962906577,0.16918453362819785,0.04517824850364231,0.29977275823909405
01_01_01_02_02,1,1,neutral,0.6174759090392483,0.06716091857358349,0.06290253302528336,0.25246063936188484
01_02_01_01_01,1,2,neutral,0.4612082629440135,0.17859941340782137,0.06317689918473729,0.29701542446342777
01_02_01_01_02,1,2,neutral,0.5009234379927785,0.11434637958785425,0.10812584448826634,0.2766043379311009
01_02_01_02_01,1,2,neutral,0.6115763147610145,0.09258772063693387,0.07214193695548528,0.22369402764656637
01_02_01_02_02,1,2,neutral,0.5219343378964294,0.09377834733464015,0.09389551434987378,0.29039180041905654
01_02_02_01_01,1,2,neutral,0.4188929044839276,0.09605125515098449,0.18658493513353688,0.298470905231551
01_02_02_01_02,1,2,neutral,0.5088414396353964,0.07605544774376236,0.16021075072356863,0.25489236189727255
01_02_02_02_01,1,2,neutral,0.4649840087290997,0.06644027552861616,0.21709262443394417,0.25148309130834
01_02_02_02_02,1,2,neutral,0.5623749423675631,0.052295562827008,0.16099784388655816,0.22433165091887078
01_03_01_01_01,1,3,happy,0.476143198141112,0.22379455730799397,0.035226981019301044,0.26483526353159303
01_03_01_01_02,1,3,happy,0.5154401065162814,0.22027679508187212,0.058167711166080306,0.20611538723576625
01_03_01_02_01,1,3,happy,0.577213146189369,0.1511002736388489,0.052453976370071535,0.2192326038017105
01_03_01_02_02,1,3,happy,0.5100201344575355,0.21938110003866096,0.04634473462299631,0.2242540308808074
01_03_02_01_01,1,3,happy,0.439463339875222,0.31729994470990314,0.04433661281508551,0.19890010259978932
01_03_02_01_02,1,3,happy,0.5322867130208495,0.24742791814624968,0.053771077649136044,0.16651429118376473
01_03_02_02_01,1,3,happy,0.6441450075500106,0.2264329390420244,0.03164389126040445,0.09777816214756051
01_03_02_02_02,1,3,happy,0.6293371858937903,0.2431367623184681,0.03558335238332742,0.09194269940441406
01_04_01_01_01,1,4,sad,0.4057840851451268,0.13375527647686947,0.1563424007100401,0.30411823766796364
01_04_01_01_02,1,4,sad,0.5796617939440983,0.09956549390513422,0.1201353155511653,0.20063739659960222
01_04_01_02_01,1,4,sad,0.41225675948766627,0.14372894216384424,0.10694703184204503,0.3370672665064445
01_04_01_02_02,1,4,sad,0.5078956591203571,0.12087553734504229,0.10117227371842251,0.2700565298161781
01_04_02_01_01,1,4,sad,0.4126426744163327,0.10990605736564886,0.13704119444275056,0.3404100737752679
01_04_02_01_02,1,4,sad,0.5351843879691011,0.1792294599002294,0.0786776826660004,0.20690846946466906
01_04_02_02_01,1,4,sad,0.5624315186509903,0.15256238440836128,0.05262327761792549,0.23238281932272298
01_04_02_02_02,1,4,sad,0.5989554319962307,0.19083858591827157,0.04305986362910141,0.16714611845639624
01_05_01_01_01,1,5,angry,0.29565629470907184,0.5647413210647997,0.013326695883994124,0.12627568834213435
01_05_01_01_02,1,5,angry,0.33035704389628257,0.5252066121137188,0.023614561225458713,0.12082178276453995
01_05_01_02_01,1,5,angry,0.4972633261368727,0.33503770200617583,0.034989990961404684,0.13270898089554667
01_05_01_02_02,1,5,angry,0.36979485667318107,0.4863353557481738,0.021160468073364077,0.12270931950528093
01_05_02_01_01,1,5,angry,0.4392844601506046,0.48534813198075977,0.034742399655160267,0.040625008213475346
01_05_02_01_02,1,5,angry,0.4955191537940361,0.4189422240218122,0.03548881603897053,0.05004980614518108
01_05_02_02_01,1,5,angry,0.5622101336779035,0.35691784236609864,0.019589330880477616,0.061282693075520374
01_05_02_02_02,1,5,angry,0.6343951062170738,0.30383269488310116,0.021103772307543667,0.0406684265922814
01_06_01_01_01,1,6,neutral,0.596188777417783,0.14005067888533604,0.09084314237880517,0.1729174013180759
01_06_01_01_02,1,6,neutral,0.5579743016733022,0.10195092768004177,0.07305207984263404,0.2670226908040219
01_06_01_02_01,1,6,neutral,0.6670204288296657,0.04410979431073036,0.09594340904479885,0.19292636781480513
01_06_01_02_02,1,6,neutral,0.5639195572050845,0.032482358982069096,0.1991207524632562,0.2044773313495903
01_06_02_01_01,1,6,neutral,0.6135988175778284,0.04461787639719258,0.28943991336185576,0.05234339266312329
01_06_02_01_02,1,6,neutral,0.544836193936935,0.08895140033933367,0.24968942614539952,0.1165229795783317
01_06_02_02_01,1,6,neutral,0.6006795433762818,0.17589888201225096,0.137340195032641,0.08608137957882636
01_06_02_02_02,1,6,neutral,0.7368602375498886,0.06812317965836145,0.16291874659058775,0.032097836201162175
01_07_01_01_01,1,7,neutral,0.5021546946964687,0.12547776720791357,0.15259577484326714,0.21977176325235065
01_07_01_01_02,1,7,neutral,0.5088988694323898,0.1930261433593059,0.10981889227823492,0.18825609493006928
01_07_01_02_01,1,7,neutral,0.5901083126480827,0.03580922969917058,0.11847249885887672,0.25560995879387005
01_07_01_02_02,1,7,neutral,0.6342719670814514,0.07265697004479038,0.09177123013406394,0.20129983273969437
01_07_02_01_01,1,7,neutral,0.34010437813488875,0.4120817434915912,0.09115073743675123,0.15666314093676884
01_07_02_01_02,1,7,neutral,0.6382558845476296,0.12318343671850471,0.10279323589332369,0.13576744284054204
01_07_02_02_01,1,7,neutral,0.5484492521076185,0.18900423834831978,0.1468111610855508,0.115735348458511
01_07_02_02_02,1,7,neutral,0.5647568942518687,0.20348283843528836,0.1170153603798662,0.11474490693297675
01_08_01_01_01,1,8,neutral,0.4484400278262965,0.22011308800414328,0.08931339985955171,0.24213348431000847
01_08_01_01_02,1,8,neutral,0.37370904001306154,0.2615137520711893,0.052644281003831485,0.3121329269119176
01_08_01_02_01,1,8,neutral,0.5155182439811867,0.15770476441528594,0.06473170726332529,0.26204528434020197
01_08_01_02_02,1,8,neutral,0.3634299511339557,0.3965419851924425,0.03273240312025105,0.2072956605533507
01_08_02_01_01,1,8,neutral,0.43616104581315174,0.3809958876267297,0.033991390637970964,0.1488516759221476
01_08_02_01_02,1,8,neutral,0.3454058124384275,0.482648497329843,0.040722779660365395,0.1312229105713641
01_08_02_02_01,1,8,neutral,0.2797446433413588,0.5243789950637012,0.028852389995727076,0.16702397159921303
01_08_02_02_02,1,8,neutral,0.38709452371065994,0.43554468313281125,0.0284477207554078,0.148913072401121
02_01_01_01_01,2,1,neutral,0.2504822818185899,0.4744628296252456,0.01232418291644871,0.26273070563971596
02_01_01_01_02,2,1,neutral,0.20311428033952625,0.41599870296217967,0.012489703878226144,0.368397312820068
02_01_01_02_01,2,1,neutral,0.17787020014270646,0.5346524919797637,0.011579802247335996,0.2758975056301938
02_01_01_02_02,2,1,neutral,0.24908128558454046,0.49165699498417514,0.009981669173321384,0.249280050257963
02_02_01_01_01,2,2,neutral,0.3239966200824886,0.3520298219706518,0.0158119323248898,0.30816162562196975
02_02_01_01_02,2,2,neutral,0.249249656110407,0.45483853858399403,0.02069721562041644,0.2752145896851826
02_02_01_02_01,2,2,neutral,0.2738089385897894,0.45472786915644475,0.018640860573281598,0.2528223316804843
02_02_01_02_02,2,2,neutral,0.34992118501189196,0.34723411218600486,0.024129789170350587,0.27871491363175266
02_02_02_01_01,2,2,neutral,0.29499853394173325,0.4010276583387127,0.02278413340579069,0.2811896743137632
02_02_02_01_02,2,2,neutral,0.27031207275911917,0.42198473241258616,0.03689319642934648,0.2708099983989482
02_02_02_02_01,2,2,neutral,0.38896647020553643,0.29998295989917245,0.027529892510544645,0.28352067738474646
02_02_02_02_02,2,2,neutral,0.3107771470113508,0.3519216414667811,0.030122165274617207,0.3071790462472508
02_03_01_01_01,2,3,happy,0.31808403065138063,0.43783244832323626,0.00995613459373513,0.23412738643164802
02_03_01_01_02,2,3,happy,0.31619302391150134,0.3247051295959649,0.011641713767913328,0.3474601327246204
02_03_01_02_01,2,3,happy,0.3394633928830518,0.42993674024326156,0.011549512330701442,0.21905035454298516
02_03_01_02_02,2,3,happy,0.408117979145249,0.3234496446923898,0.010676930220992196,0.25775544594136895
02_03_02_01_01,2,3,happy,0.39842692537180063,0.4916162999287273,0.01973368610628134,0.09022308859319067
02_03_02_01_02,2,3,happy,0.47645523987734434,0.4013388817879952,0.0218383971599556,0.10036748117470493
02_03_02_02_01,2,3,happy,0.44227135607580936,0.3493409656306861,0.018685710278422165,0.18970196801508232
02_03_02_02_02,2,3,happy,0.516143450954462,0.3400733626289948,0.025713140369664732,0.11807004604687862
02_04_01_01_01,2,4,sad,0.2857533527008905,0.35287366660775427,0.050024366881331266,0.3113486138100241
02_04_01_01_02,2,4,sad,0.31797651683932077,0.37134869413773597,0.06755396833236778,0.24312082069057545
02_04_01_02_01,2,4,sad,0.3197306827330358,0.2888545305067069,0.03286612280389553,0.35854866395636187
02_04_01_02_02,2,4,sad,0.37537937281229716,0.24074682000892245,0.052040909667505623,0.3318328975112747
02_04_02_01_01,2,4,sad,0.485712456024386,0.17103888946668266,0.13418395111256043,0.20906470339637095
02_04_02_01_02,2,4,sad,0.3896126798241712,0.31657575601247845,0.10802555091743336,0.18578601324591704
02_04_02_02_01,2,4,sad,0.38079448594173854,0.3324734706809499,0.10076792615780412,0.18596411721950729
02_04_02_02_02,2,4,sad,0.49527626139934994,0.19479980809867511,0.13753837588828305,0.172385554613692
02_05_01_01_01,2,5,angry,0.14813705339979985,0.7313119442592885,0.008211669831675192,0.11233933250923647
02_05_01_01_02,2,5,angry,0.1655338813739638,0.7019484167404307,0.012410856428588137,0.1201068454570173
02_05_01_02_01,2,5,angry,0.17883732940238128,0.7067697403244874,0.011575745824482902,0.10281718444864844
02_05_01_02_02,2,5,angry,0.20563357438518903,0.6855288313845487,0.012560201722265237,0.09627739250799715
02_05_02_01_01,2,5,angry,0.052692876527364124,0.9150327578490653,0.003644223933933777,0.028630141689636672
02_05_02_01_02,2,5,angry,0.06552373335243845,0.9045668080815625,0.003603387678993708,0.026306070887005116
02_05_02_02_01,2,5,angry,0.09897781623360165,0.8701611075293144,0.0053855547201345924,0.025475521516949193
02_05_02_02_02,2,5,angry,0.07415945233022218,0.8975921241475797,0.0035763617296479615,0.024672061792550135
02_06_01_01_01,2,6,neutral,0.44178971733468997,0.3142748176710301,0.10449761308682629,0.13943785190745367
02_06_01_01_02,2,6,neutral,0.4356945824555725,0.34929709158860384,0.08274271328634215,0.1322656126694814
02_06_01_02_01,2,6,neutral,0.4969688140986934,0.28741349668997374,0.07716189591435185,0.13845579329698096
02_06_01_02_02,2,6,neutral,0.4882984314701325,0.21579619278145956,0.16306918483550925,0.1328361909128987
02_06_02_01_01,2,6,neutral,0.579591757290839,0.2565170304101499,0.08376110816153018,0.08013010413748103
02_06_02_01_02,2,6,neutral,0.48126756649268093,0.3112492113314777,0.09350038038455692,0.11398284179128443
02_06_02_02_01,2,6,neutral,0.4511500937431697,0.3226707458346491,0.09932124893436822,0.12685791148781309
02_06_02_02_02,2,6,neutral,0.44262797339017707,0.27033605640994646,0.1606111554966683,0.1264248147032082
02_07_01_01_01,2,7,neutral,0.340167764921177,0.4685489763326953,0.031207998742595,0.16007526000353275
02_07_01_01_02,2,7,neutral,0.42288554158563657,0.29611964865727697,0.045029549764844266,0.23596525999224227
02_07_01_02_01,2,7,neutral,0.3261125825213756,0.4860365805559111,0.032787152503628736,0.15506368441908458
02_07_01_02_02,2,7,neutral,0.3865731937648207,0.40430559708522,0.028196751727668484,0.18092445742229074
02_07_02_01_01,2,7,neutral,0.26518112878010697,0.5904538282595709,0.02401414487686145,0.12035089808346076
02_07_02_01_02,2,7,neutral,0.22939200354018824,0.6615400650102232,0.018840601736395405,0.09022732971319301
02_07_02_02_01,2,7,neutral,0.2834322795618441,0.5566069146006721,0.042160537997403595,0.11780026784008044
02_07_02_02_02,2,7,neutral,0.3813569793582011,0.5039007640160246,0.027008436404919293,0.0877338202208549
02_08_01_01_01,2,8,neutral,0.226875680455298,0.6615267803963397,0.008996375578144217,0.1026011635702183
02_08_01_01_02,2,8,neutral,0.24300674582745,0.612513600725399,0.009253369714514547,0.13522628373263648
02_08_01_02_01,2,8,neutral,0.23412938059429392,0.6152220554315921,0.007558717053186756,0.14308984692092716
02_08_01_02_02,2,8,neutral,0.22382183626571822,0.6112594946085276,0.00949484897055937,0.15542382015519476
02_08_02_01_01,2,8,neutral,0.1704564138637448,0.7607380112364617,0.008265953181331224,0.060539621718462326
02_08_02_01_02,2,8,neutral,0.16764803219507846,0.7499512647160564,0.007579215633598383,0.07482148745526654
02_08_02_02_01,2,8,neutral,0.1524882559257471,0.775652328820322,0.006776527358338525,0.06508288789559233
02_08_02_02_02,2,8,neutral,0.16380792951778145,0.7530460022243438,0.008944785917576347,0.07420128234029838
03_01_01_01_01,3,1,neutral,0.17313385365368164,0.45224594839431353,0.012609084342419318,0.3620111136095856
03_01_01_01_02,3,1,neutral,0.2694921346513422,0.35208424118491716,0.030264296895533952,0.34815932726820675
03_01_01_02_01,3,1,neutral,0.3114643767192766,0.3572785368309966,0.016042052430813157,0.31521503401891354
03_01_01_02_02,3,1,neutral,0.27346876300152645,0.30846279887184025,0.02394402260021967,0.3941244155264137
03_02_01_01_01,3,2,neutral,0.31296400551814463,0.25318648709679237,0.052829294893223,0.38102021249184
03_02_01_01_02,3,2,neutral,0.4670782319625782,0.1786028396893859,0.057718615878351684,0.29660031246968416
03_02_01_02_01,3,2,neutral,0.6568858373018962,0.09180293702929568,0.11413024512413414,0.1371809805446739
03_02_01_02_02,3,2,neutral,0.5552740256722292,0.2372031510758451,0.04379001981398265,0.16373280343794322
03_02_02_01_01,3,2,neutral,0.6093152254535056,0.1123034034144725,0.1287566090210187,0.14962476211100317
03_02_02_01_02,3,2,neutral,0.5200018602467968,0.18958933953686033,0.08698108651053113,0.20342771370581178
03_02_02_02_01,3,2,neutral,0.6297983674927504,0.15810376060523487,0.06268825551434716,0.1494096163876675
03_02_02_02_02,3,2,neutral,0.5674251227068053,0.20563836123239077,0.05250831387292044,0.17442820218788335
03_03_01_01_01,3,3,happy,0.7173471760249509,0.07338658116868914,0.055793524709226244,0.1534727180971337
03_03_01_01_02,3,3,happy,0.5972569374863855,0.1659415994835643,0.06428438072031913,0.1725170823097312
03_03_01_02_01,3,3,happy,0.5059137052684138,0.3172773260147583,0.014413246607013767,0.16239572210981404
03_03_01_02_02,3,3,happy,0.4192476370161863,0.35976962117986755,0.018995332228149284,0.20198740957579706
03_03_02_01_01,3,3,happy,0.6001389183413975,0.265018393163988,0.07177973903328674,0.06306294946132772
03_03_02_01_02,3,3,happy,0.6606581524590665,0.19767875536432528,0.10226232220939505,0.03940076996721325
03_03_02_02_01,3,3,happy,0.6985206327283293,0.17771086740130607,0.09788817697009448,0.025880322900270085
03_03_02_02_02,3,3,happy,0.5574256200550073,0.2756089068722856,0.09771231484454052,0.06925315822816651
03_04_01_01_01,3,4,sad,0.5539454307781295,0.10508854946995903,0.12410050596424275,0.21686551378766863
03_04_01_01_02,3,4,sad,0.4325124607946022,0.1672241054267662,0.13441800805362042,0.2658454257250112
03_04_01_02_01,3,4,sad,0.6163381809346341,0.06763350059440691,0.17818230211391992,0.1378460163570392
03_04_01_02_02,3,4,sad,0.6498731013936577,0.06449570360192154,0.1603824115894808,0.12524878341493992
03_04_02_01_01,3,4,sad,0.8389678651391088,0.05056671441237503,0.06401436483602327,0.046451055612492735
03_04_02_01_02,3,4,sad,0.687433934567351,0.14355085472932538,0.07099118247049138,0.09802402823283222
03_04_02_02_01,3,4,sad,0.754336928459461,0.05729937420367728,0.1456257929655529,0.042737904371308755
03_04_02_02_02,3,4,sad,0.8069999720010205,0.06903225261481132,0.09924681822269037,0.02472095716147798
03_05_01_01_01,3,5,angry,0.2954079029364158,0.2985104897795845,0.10691126799404643,0.29917033928995324
03_05_01_01_02,3,5,angry,0.1996921823530052,0.6056655174470156,0.023627536737383215,0.171014763462596
03_05_01_02_01,3,5,angry,0.3505539412190158,0.3520392531910939,0.045722081697366586,0.25168472389252367
03_05_01_02_02,3,5,angry,0.3933699957773933,0.4072011176295687,0.04261234644375703,0.1568165401492811
03_05_02_01_01,3,5,angry,0.2441041629956131,0.6481005007174012,0.014552785258547966,0.09324255102843773
03_05_02_01_02,3,5,angry,0.40723049658978855,0.46315921181556,0.05150456935002533,0.07810572224462617
03_05_02_02_01,3,5,angry,0.2698475521725829,0.6058794296248333,0.023427549330361373,0.10084546887222232
03_05_02_02_02,3,5,angry,0.3204590768774961,0.5982874680229763,0.03444617769963227,0.046807277399895285
03_06_01_01_01,3,6,neutral,0.49581844928981816,0.15902918728310414,0.09316270689906092,0.25198965652801686
03_06_01_01_02,3,6,neutral,0.5367230442880682,0.18038304407612604,0.07403787592251858,0.20885603571328717
03_06_01_02_01,3,6,neutral,0.46356662134795906,0.15835154838141446,0.05087116813663947,0.32721066213398703
03_06_01_02_02,3,6,neutral,0.5509982543748431,0.14642201483992,0.04777857825550982,0.25480115252972724
03_06_02_01_01,3,6,neutral,0.8401173847413039,0.069422779070819,0.059065206352196586,0.03139462983568046
03_06_02_01_02,3,6,neutral,0.6765163361940283,0.11515469054844973,0.12851836679723336,0.07981060646028873
03_06_02_02_01,3,6,neutral,0.7710716434935477,0.07179245394975793,0.1305283466556788,0.02660755590101568
03_06_02_02_02,3,6,neutral,0.6907629541408721,0.06955836390823165,0.19457711797000102,0.04510156398089535
03_07_01_01_01,3,7,neutral,0.6981521987167646,0.14234180323962037,0.06130909954843925,0.09819689849517566
03_07_01_01_02,3,7,neutral,0.5286602159550273,0.2963767415011944,0.06103875421861924,0.11392428832515909
03_07_01_02_01,3,7,neutral,0.7515949028547226,0.09955677455397163,0.08567856039246405,0.06316976219884178
03_07_01_02_02,3,7,neutral,0.6990555009325118,0.1785036154064376,0.0526043709364189,0.06983651272463168
03_07_02_01_01,3,7,neutral,0.7326927563082715,0.08253800864866467,0.09259069401592901,0.0921785410271349
03_07_02_01_02,3,7,neutral,0.712119035000794,0.08329257765895505,0.14291067327658397,0.061677714063667066
03_07_02_02_01,3,7,neutral,0.7255206620799411,0.17839895242401665,0.03386955609996559,0.06221082939607656
03_07_02_02_02,3,7,neutral,0.7727120242379945,0.11704696579934865,0.050848230637151604,0.0593927793255052
03_08_01_01_01,3,8,neutral,0.37160367475975575,0.3183326555676208,0.03824746941411643,0.2718162002585071
03_08_01_01_02,3,8,neutral,0.5651764071709113,0.23218966058232407,0.04761503145263752,0.15501890079412714
03_08_01_02_01,3,8,neutral,0.34447348174235853,0.33561916657811286,0.02815754351055894,0.29174980816896967
03_08_01_02_02,3,8,neutral,0.5140560990408979,0.3013120177861878,0.039472116995880276,0.14515976617703408
03_08_02_01_01,3,8,neutral,0.44360193134840437,0.420981022867845,0.02699854912755214,0.1084184966561985
03_08_02_01_02,3,8,neutral,0.38003114218090894,0.4474112874797063,0.040659311835255264,0.13189825850412948
03_08_02_02_01,3,8,neutral,0.5688124998381123,0.3295321094724917,0.029513450383844574,0.07214194030555132
03_08_02_02_02,3,8,neutral,0.3724795574961551,0.49759313361003293,0.01468277326466669,0.11524453562914523
04_01_01_01_01,4,1,neutral,0.3305664438352529,0.3346641148046943,0.027677633665204194,0.3070918076948485
04_01_01_01_02,4,1,neutral,0.2841880928880705,0.4666320838845064,0.018218516593556715,0.2309613066338663
04_01_01_02_01,4,1,neutral,0.2428440838851284,0.42866978851756754,0.019667972627884715,0.30881815496941933
04_01_01_02_02,4,1,neutral,0.35925887306470705,0.2838447384352269,0.026128850022205236,0.33076753847786083
04_02_01_01_01,4,2,neutral,0.4433919400198393,0.27243849298854844,0.04795637577501406,0.2362131912165983
04_02_01_01_02,4,2,neutral,0.45078402365079046,0.26846048563383873,0.05778061209340962,0.22297487862196122
04_02_01_02_01,4,2,neutral,0.3351821057291723,0.4007147933881719,0.06758942444916353,0.1965136764334923
04_02_01_02_02,4,2,neutral,0.48505203532497404,0.16720979299771227,0.11864700231221709,0.22909116936509671
04_02_02_01_01,4,2,neutral,0.3691545042738521,0.2505841481898857,0.12969751988300582,0.25056382765325647
04_02_02_01_02,4,2,neutral,0.4527149209321228,0.11877484460233173,0.1087431539531684,0.31976708051237707
04_02_02_02_01,4,2,neutral,0.48274969754078495,0.13470097537245249,0.13774987323089385,0.24479945385586863
04_02_02_02_02,4,2,neutral,0.504801271139662,0.17881599581803448,0.09023046434608142,0.2261522686962221
04_03_01_01_01,4,3,happy,0.36376813244115336,0.334062594647817,0.027250660311545463,0.27491861259948425
04_03_01_01_02,4,3,happy,0.41157648686141224,0.40179140181948503,0.027751123647367433,0.15888098767173534
04_03_01_02_01,4,3,happy,0.4308087725841811,0.33620663020723884,0.026694822168698496,0.20628977503988166
04_03_01_02_02,4,3,happy,0.2887330680454278,0.5179436062779648,0.015444927300785706,0.1778783983758216
04_03_02_01_01,4,3,happy,0.48058784629064094,0.4001950137015512,0.04831631523751432,0.07090082477029355
04_03_02_01_02,4,3,happy,0.28258127813508055,0.6151237484082661,0.02193898355574491,0.08035598990090843
04_03_02_02_01,4,3,happy,0.19152606502878375,0.7285103005339102,0.01192184088228018,0.06804179355502571
04_03_02_02_02,4,3,happy,0.4428875586947954,0.4468733865148108,0.0398730039090543,0.0703660508813395
04_04_01_01_01,4,4,sad,0.2363791474351803,0.2683909365175006,0.05636752461781205,0.4388623914295071
04_04_01_01_02,4,4,sad,0.275790589190822,0.5365561501887908,0.02247360768872167,0.16517965293166562
04_04_01_02_01,4,4,sad,0.20342160973195295,0.6462182372899721,0.01872393397643661,0.13163621900163847
04_04_01_02_02,4,4,sad,0.21222361881425258,0.6487993946995793,0.02025039237587279,0.11872659411029542
04_04_02_01_01,4,4,sad,0.33336989561548624,0.5350973726125086,0.03619739102783029,0.095335340744175
04_04_02_01_02,4,4,sad,0.38429026578082603,0.4851603211326681,0.05732722538935736,0.07322218769714842
04_04_02_02_01,4,4,sad,0.27956948498076917,0.6329899414052407,0.026380833082214773,0.061059740531775375
04_04_02_02_02,4,4,sad,0.33488401588743716,0.562840413354376,0.032904672221226394,0.0693708985369605
04_05_01_01_01,4,5,angry,0.08232788540732291,0.8681539307239486,0.004566624750349525,0.044951559118378864
04_05_01_01_02,4,5,angry,0.07861088337009046,0.8718268603899402,0.005392658875555979,0.044169597364413386
04_05_01_02_01,4,5,angry,0.12319863378106452,0.8158342732780965,0.005060519956463146,0.055906572984375694
04_05_01_02_02,4,5,angry,0.138134429192373,0.723618115285981,0.010213761614627736,0.12803369390701835
04_05_02_01_01,4,5,angry,0.1911840665707697,0.7674416887428509,0.011209252287216122,0.030164992399163253
04_05_02_01_02,4,5,angry,0.12208878062823485,0.839525215761038,0.005203933020800586,0.03318207058992657
04_05_02_02_01,4,5,angry,0.17698978308012378,0.786233305299195,0.0049043794215690864,0.031872532199112166
04_05_02_02_02,4,5,angry,0.1342963064024812,0.8347231594881435,0.0044033199406608384,0.02657721416871443
04_06_01_01_01,4,6,neutral,0.2802137297713144,0.5068577817349124,0.04441886863050936,0.1685096198632639
04_06_01_01_02,4,6,neutral,0.23364066415979032,0.6292149696727468,0.020389925174320145,0.11675444099314262
04_06_01_02_01,4,6,neutral,0.20028693695084077,0.6568715480210817,0.03516799494972264,0.10767352007835496
04_06_01_02_02,4,6,neutral,0.16939909848936033,0.720757610919871,0.025220702445619803,0.08462258814514886
04_06_02_01_01,4,6,neutral,0.5003795155872729,0.3547985080297901,0.053290226696421875,0.091531749686515
04_06_02_01_02,4,6,neutral,0.24322290885729217,0.6673764235409649,0.035364137720018916,0.05403652988172402
04_06_02_02_01,4,6,neutral,0.2694253223411605,0.6768343531152725,0.021213175997409506,0.032527148546157576
04_06_02_02_02,4,6,neutral,0.3058800011574755,0.6068566151452529,0.028393411256184116,0.0588699724410875
04_07_01_01_01,4,7,neutral,0.21214071004880297,0.6214827090126034,0.035102491619720906,0.1312740893188727
04_07_01_01_02,4,7,neutral,0.33567032702452865,0.48508343253827735,0.04746370328253712,0.1317825371546568
04_07_01_02_01,4,7,neutral,0.15854981758211775,0.7093104122919067,0.012522583607445419,0.11961718651852998
04_07_01_02_02,4,7,neutral,0.24095690201037964,0.6737221629586718,0.011203247033227306,0.07411768799772103
04_07_02_01_01,4,7,neutral,0.11724251111578744,0.8254079328994035,0.011555923807989166,0.04579363217681977
04_07_02_01_02,4,7,neutral,0.23034704076107992,0.6324666050599206,0.03157583898030167,0.10561051519869773
04_07_02_02_01,4,7,neutral,0.3057371991969659,0.5441569667583714,0.03746168083119697,0.11264415321346583
04_07_02_02_02,4,7,neutral,0.18012991289229913,0.7665561261879464,0.007429845086835512,0.045884115832918904
04_08_01_01_01,4,8,neutral,0.2966655258305191,0.5068143074921527,0.016362128524656006,0.1801580381526721
04_08_01_01_02,4,8,neutral,0.1673525671416917,0.7227763900699624,0.010729973598790035,0.0991410691895559
04_08_01_02_01,4,8,neutral,0.13757269755395593,0.7869339668023347,0.006453514049052082,0.06903982159465738
04_08_01_02_02,4,8,neutral,0.21683161604329707,0.6665043157054059,0.01215849674571757,0.10450557150557938
04_08_02_01_01,4,8,neutral,0.3796215797371466,0.5262363500810551,0.03022440171875592,0.06391766846304227
04_08_02_01_02,4,8,neutral,0.20978317379509967,0.6941319254314575,0.011294815056199127,0.08479008571724368
04_08_02_02_01,4,8,neutral,0.2496799197905739,0.6885383902399933,0.01040890032206911,0.05137278964736363
04_08_02_02_02,4,8,neutral,0.17232353956858867,0.7728721594291642,0.011946083330925002,0.04285821767132199
05_01_01_01_01,5,1,neutral,0.2787798795757453,0.17082266955118397,0.029289671788151603,0.5211077790849192
05_01_01_01_02,5,1,neutral,0.2868064422680101,0.17250500522026477,0.03368531812364627,0.5070032343880788
05_01_01_02_01,5,1,neutral,0.3432887219925098,0.18095921121845948,0.022650730791653532,0.4531013359973771
05_01_01_02_02,5,1,neutral,0.3779712455624657,0.10207865372755773,0.05312903398327726,0.4668210667266993
05_02_01_01_01,5,2,neutral,0.3796434353056134,0.16013447377591963,0.05796120616838657,0.4022608847500803
05_02_01_01_02,5,2,neutral,0.39376078923177604,0.08206133918865283,0.12077603696162036,0.40340183461795076
05_02_01_02_01,5,2,neutral,0.4657702291341419,0.06718084918606973,0.06578542776845815,0.4012634939113302
05_02_01_02_02,5,2,neutral,0.4697553860763086,0.12639427782208335,0.0643926051515935,0.3394577309500145
05_02_02_01_01,5,2,neutral,0.4676997345883227,0.11674937490372089,0.11666600852645885,0.29888488198149754
05_02_02_01_02,5,2,neutral,0.5218655041346361,0.03609824513001541,0.14002996640358403,0.3020062843317645
05_02_02_02_01,5,2,neutral,0.5396687546631944,0.06456314528783712,0.0624559338179528,0.3333121662310156
05_02_02_02_02,5,2,neutral,0.4690300495584528,0.048324281129435126,0.12192892814737498,0.36071674116473706
05_03_01_01_01,5,3,happy,0.4724629616368165,0.2986849304246852,0.04908182633585801,0.17977028160264036
05_03_01_01_02,5,3,happy,0.4947732594771674,0.2781148439017505,0.019148887866854408,0.20796300875422782
05_03_01_02_01,5,3,happy,0.5016581270910524,0.18563719215371235,0.03387213325250021,0.2788325475027351
05_03_01_02_02,5,3,happy,0.38881799918638593,0.3524553905278407,0.017397721781570827,0.24132888850420256
05_03_02_01_01,5,3,happy,0.4104227683889879,0.4114740531332374,0.056806092196585,0.12129708628118979
05_03_02_01_02,5,3,happy,0.38114478828907744,0.5387842725625097,0.017944538882011106,0.062126400266401816
05_03_02_02_01,5,3,happy,0.4265243698878716,0.3851803602864222,0.030478527622961393,0.15781674220274472
05_03_02_02_02,5,3,happy,0.41454135153842225,0.46702068726312657,0.02002741825825275,0.09841054294019834
05_04_01_01_01,5,4,sad,0.4039893999397896,0.0423433717035612,0.11066381913634472,0.44300340922030446
05_04_01_01_02,5,4,sad,0.4406468588830928,0.05407611220546802,0.1469331989740029,0.35834382993743624
05_04_01_02_01,5,4,sad,0.49339603904532925,0.06981093552669408,0.05674067278819465,0.3800523526397821
05_04_01_02_02,5,4,sad,0.415682729871412,0.043119481705486344,0.12102006007122525,0.42017772835187633
05_04_02_01_01,5,4,sad,0.5159345588947529,0.07531711847484207,0.08157242693574657,0.3271758956946585
05_04_02_01_02,5,4,sad,0.5307423293426627,0.040842349286010396,0.05753580354870584,0.37087951782262096
05_04_02_02_01,5,4,sad,0.5575066775269389,0.047113238467446854,0.04963387530441319,0.3457462087012011
05_04_02_02_02,5,4,sad,0.5020443011763036,0.05598038860763696,0.04620728835856345,0.3957680218574961
05_05_01_01_01,5,5,angry,0.14685331274033692,0.7797529453440135,0.0071813672418971335,0.06621237467375252
05_05_01_01_02,5,5,angry,0.19614250046806203,0.7337153689337982,0.008014097464307274,0.06212803313383254
05_05_01_02_01,5,5,angry,0.5230892389506682,0.21866255561181241,0.050013667804460926,0.20823453763305852
05_05_01_02_02,5,5,angry,0.28043171696096075,0.5675376971848439,0.014168027514369136,0.13786255833982627
05_05_02_01_01,5,5,angry,0.2210781207085091,0.7365177642632783,0.0061221546842267155,0.03628196034398596
05_05_02_01_02,5,5,angry,0.14442917628536875,0.8196915779686117,0.010652044513988301,0.025227201232031194
05_05_02_02_01,5,5,angry,0.16278009574398927,0.8229861802180984,0.00329907885927308,0.010934645178639079
05_05_02_02_02,5,5,angry,0.07324058451948778,0.9191690400299765,9.198302024311239e-05,0.007498392430292742
05_06_01_01_01,5,6,neutral,0.4739109223329239,0.20408160335483425,0.04102480642982891,0.28098266788241294
05_06_01_01_02,5,6,neutral,0.47191137008730616,0.1892117539225528,0.046011868550261535,0.29286500743987953
05_06_01_02_01,5,6,neutral,0.5014960989470711,0.13144261861420162,0.044248090240183974,0.32281319219854315
05_06_01_02_02,5,6,neutral,0.4152114323141752,0.29588947756777173,0.03809611459886677,0.25080297551918646
05_06_02_01_01,5,6,neutral,0.4618964692080308,0.3965793933053376,0.0632976044023436,0.07822653308428805
05_06_02_01_02,5,6,neutral,0.5028309479254328,0.39512147502175726,0.04523591295756601,0.05681166409524398
05_06_02_02_01,5,6,neutral,0.35354732115605525,0.5748799189928396,0.03247343015229536,0.03909932969880971
05_06_02_02_02,5,6,neutral,0.487901071833451,0.36756774075305176,0.0882490580949984,0.05628212931849889
05_07_01_01_01,5,7,neutral,0.44470402319256125,0.20075182133263683,0.10395145419696532,0.2505927012778366
05_07_01_01_02,5,7,neutral,0.5486159390357234,0.19292483155761983,0.08921377432801471,0.16924545507864217
05_07_01_02_01,5,7,neutral,0.6077983569880705,0.15845827296610626,0.06376470778462284,0.16997866226120037
05_07_01_02_02,5,7,neutral,0.539440632889007,0.20595866850614913,0.05967470650040396,0.19492599210443987
05_07_02_01_01,5,7,neutral,0.31730422665237623,0.44535585422853546,0.04029188111329547,0.19704803800579282
05_07_02_01_02,5,7,neutral,0.3454312048522382,0.4351839243872421,0.039489471639452066,0.17989539912106753
05_07_02_02_01,5,7,neutral,0.5114955131725061,0.24196054228787595,0.0790979952517089,0.16744594928790907
05_07_02_02_02,5,7,neutral,0.538614066624406,0.13663190441455386,0.12990726700357952,0.1948467619574605
05_08_01_01_01,5,8,neutral,0.3724343365669497,0.44906590627344584,0.021667694872278823,0.15683206228732566
05_08_01_01_02,5,8,neutral,0.24860800072035807,0.601375829444385,0.01679321718206023,0.13322295265319664
05_08_01_02_01,5,8,neutral,0.433565699557046,0.2913670792853484,0.02007531942052498,0.2549919017370807
05_08_01_02_02,5,8,neutral,0.44254347531842403,0.2665410005224991,0.03287490677339257,0.2580406173856842
05_08_02_01_01,5,8,neutral,0.29834247642798173,0.5504999886128185,0.037465925866331976,0.1136916090928678
05_08_02_01_02,5,8,neutral,0.21504546912092562,0.6895061762645205,0.02021178331071781,0.07523657130383617
05_08_02_02_01,5,8,neutral,0.28324098505721773,0.6203222381588911,0.015056010706915906,0.08138076607697535
05_08_02_02_02,5,8,neutral,0.2982792921369285,0.545566396833359,0.01676570134128793,0.13938860968842476
06_01_01_01_01,6,1,neutral,0.293518845288549,0.3218512983482693,0.02259062913489105,0.3620392272282906
06_01_01_01_02,6,1,neutral,0.3295273861864851,0.286566444129139,0.028211956396025844,0.35569421328835005
06_01_01_02_01,6,1,neutral,0.35626940316241085,0.331807411495498,0.032962329297818706,0.27896085604427245
06_01_01_02_02,6,1,neutral,0.4173153281663348,0.22750375142182389,0.035664742679408626,0.3195161777324326
06_02_01_01_01,6,2,neutral,0.44222574637667916,0.10276929340848209,0.16082017883741115,0.2941847813774275
06_02_01_01_02,6,2,neutral,0.42030934849944895,0.07149411375733239,0.15252602874398466,0.35567050899923397
06_02_01_02_01,6,2,neutral,0.4410413124711322,0.059011063723596914,0.18082984461833934,0.3191177791869316
06_02_01_02_02,6,2,neutral,0.33061997208842536,0.10958396035641405,0.0844890320546716,0.47530703550048903
06_02_02_01_01,6,2,neutral,0.517694580194247,0.09406264605394471,0.1590377540138318,0.22920501973797658
06_02_02_01_02,6,2,neutral,0.43150552161489797,0.09461781022692449,0.17624692055848012,0.2976297475996975
06_02_02_02_01,6,2,neutral,0.3604305274384218,0.09294712245051343,0.11609949262177749,0.4305228574892873
06_02_02_02_02,6,2,neutral,0.5076800553661777,0.061968362724570236,0.1058527204085859,0.32449886150066626
06_03_01_01_01,6,3,happy,0.5454116345581672,0.15662450266587263,0.10319545529356167,0.1947684074823985
06_03_01_01_02,6,3,happy,0.5193337842864533,0.21434729237327546,0.05993169570286948,0.2063872276374019
06_03_01_02_01,6,3,happy,0.5179382064564672,0.2532737643086468,0.03760428735020753,0.19118374188467857
06_03_01_02_02,6,3,happy,0.5157889155119091,0.24185535643712522,0.04001976765014857,0.2023359604008171
06_03_02_01_01,6,3,happy,0.6139066107552956,0.2736294063627864,0.043034188293929014,0.06942979458798884
06_03_02_01_02,6,3,happy,0.5701988824533498,0.3275342051733765,0.03873369025369631,0.06353322211957733
06_03_02_02_01,6,3,happy,0.3772059511024846,0.4963356137829852,0.04291754979466366,0.0835408853198666
06_03_02_02_02,6,3,happy,0.4800302493153911,0.39880318247250524,0.04435930550439958,0.07680726270770392
06_04_01_01_01,6,4,sad,0.2847327656636905,0.14911002598280623,0.11952242376468955,0.4466347845888138
06_04_01_01_02,6,4,sad,0.33786420206187195,0.14842478277127386,0.15616147651074144,0.3575495386561128
06_04_01_02_01,6,4,sad,0.2644069892633295,0.2529788330438861,0.07217142393402384,0.4104427537587606
06_04_01_02_02,6,4,sad,0.3148035016250438,0.19831400223105602,0.10400885112527578,0.3828736450186244
06_04_02_01_01,6,4,sad,0.6748320651263617,0.2028040872292656,0.058205934373092356,0.06415791327128045
06_04_02_01_02,6,4,sad,0.6266072644856039,0.05150832785483625,0.19703397832273215,0.12485042933682776
06_04_02_02_01,6,4,sad,0.7660586483021402,0.09345009480501489,0.1101926948977875,0.03029856199505751
06_04_02_02_02,6,4,sad,0.7686315208275076,0.06314826995153242,0.0982143377427152,0.07000587147824457
06_05_01_01_01,6,5,angry,0.09830206850829144,0.8077649966545333,0.02137217427693958,0.07256076056023573
06_05_01_01_02,6,5,angry,0.1299699924599982,0.7857933213539722,0.02388348697251632,0.06035319921351334
06_05_01_02_01,6,5,angry,0.13675573487625547,0.7368564616868076,0.030702312783211845,0.09568549065372499
06_05_01_02_02,6,5,angry,0.11462690186032136,0.7856448866158786,0.022084758431660054,0.07764345309214014
06_05_02_01_01,6,5,angry,0.3000805335853889,0.6215706643426249,0.023591605882782158,0.05475719618920406
06_05_02_01_02,6,5,angry,0.389830830957821,0.5403490922499953,0.01998212709084039,0.04983794970134328
06_05_02_02_01,6,5,angry,0.1922406140479463,0.7406324135545983,0.026137792611728185,0.04098917978572724
06_05_02_02_02,6,5,angry,0.2753143568925532,0.6488263565523354,0.03769336946970715,0.038165917085404164
06_06_01_01_01,6,6,neutral,0.3908768931750431,0.30432383418782083,0.11467731026918465,0.1901219623679514
06_06_01_01_02,6,6,neutral,0.4617741236631684,0.22049330998203517,0.07776749532506368,0.23996507102973283
06_06_01_02_01,6,6,neutral,0.4975714908184621,0.15161354565749385,0.17649328081368887,0.17432168271035509
06_06_01_02_02,6,6,neutral,0.4160265506423853,0.31911013404252253,0.12545402832150088,0.13940928699359129
06_06_02_01_01,6,6,neutral,0.5762785701365357,0.29508844470519086,0.044257916908104086,0.08437506825016934
06_06_02_01_02,6,6,neutral,0.6350462024527183,0.2166137462064006,0.03457267073162757,0.11376738060925363
06_06_02_02_01,6,6,neutral,0.6166267843167427,0.25516713162995547,0.053551535823810704,0.07465454822949119
06_06_02_02_02,6,6,neutral,0.625952493818567,0.2426828065146276,0.03281617652594817,0.09854852314085723
06_07_01_01_01,6,7,neutral,0.2653332995541286,0.24475669364319638,0.22985374371180306,0.260056263090872
06_07_01_01_02,6,7,neutral,0.3252219959315815,0.25112668954026807,0.2371089986986185,0.18654231582953196
06_07_01_02_01,6,7,neutral,0.27633340277801516,0.27326356887006903,0.10558871563864149,0.3448143127132745
06_07_01_02_02,6,7,neutral,0.4625982362727235,0.19445591159892406,0.1382778769033114,0.20466797522504107
06_07_02_01_01,6,7,neutral,0.517849845851478,0.3040714691310074,0.1193299492348777,0.05874873578263678
06_07_02_01_02,6,7,neutral,0.18336838539388514,0.6044212435920717,0.05134734790763581,0.16086302310640727
06_07_02_02_01,6,7,neutral,0.31723420962915133,0.5135866032374765,0.07662731627038885,0.0925518708629832
06_07_02_02_02,6,7,neutral,0.38995581717893524,0.3581390622285764,0.10471588729497201,0.14718923329751646
06_08_01_01_01,6,8,neutral,0.2708795243171042,0.35850267181707846,0.028789879454445368,0.3418279244113719
06_08_01_01_02,6,8,neutral,0.3436852463832379,0.3641395879789112,0.025696460897841684,0.26647870474000923
06_08_01_02_01,6,8,neutral,0.409352275674074,0.296863918766251,0.03366792561614894,0.2601158799435261
06_08_01_02_02,6,8,neutral,0.3882833180658691,0.2350563749536804,0.07087973582497174,0.3057805711554788
06_08_02_01_01,6,8,neutral,0.44191909921603256,0.24832182147867007,0.06594426377730478,0.24381481552799258
06_08_02_01_02,6,8,neutral,0.21068762687389914,0.7112191866064015,0.01210793414088549,0.06598525237881393
06_08_02_02_01,6,8,neutral,0.25805334767028515,0.6293032668846444,0.0236710115970475,0.08897237384802303
06_08_02_02_02,6,8,neutral,0.30465624270702724,0.5662146958868495,0.026216846002273548,0.10291221540384982
07_01_01_01_01,7,1,neutral,0.5419514277018067,0.17612439223763732,0.08397439302369342,0.19794978703686247
07_01_01_01_02,7,1,neutral,0.4089403465992177,0.20084019853670412,0.09279152570452662,0.2974279291595516
07_01_01_02_01,7,1,neutral,0.4421564751775609,0.24920885250995972,0.06518485790511569,0.24344981440736377
07_01_01_02_02,7,1,neutral,0.43358104225566857,0.14894736693277658,0.1251462399660553,0.29232535084549954
07_02_01_01_01,7,2,neutral,0.4183374913016693,0.1537495127481302,0.0743529597928626,0.35356003615733783
07_02_01_01_02,7,2,neutral,0.3272617895952672,0.16799409426500206,0.09610936051700021,0.40863475562273044
07_02_01_02_01,7,2,neutral,0.43174834048783156,0.14794854818561665,0.09243247758765093,0.3278706337389009
07_02_01_02_02,7,2,neutral,0.41045573734577684,0.13604887582842465,0.09861865314206146,0.35487673368373707
07_02_02_01_01,7,2,neutral,0.560035216398309,0.11973172003394851,0.1640533715754287,0.15617969199231377
07_02_02_01_02,7,2,neutral,0.4391926138409683,0.19831835376445772,0.10125492086311327,0.26123411153146064
07_02_02_02_01,7,2,neutral,0.6093373221336991,0.11034765237531446,0.09246537390274505,0.1878496515882413
07_02_02_02_02,7,2,neutral,0.5357307679236233,0.0779446476025758,0.13896127035859118,0.24736331411520968
07_03_01_01_01,7,3,happy,0.4513705144430569,0.22444297465159221,0.05751244126999931,0.2666740696353515
07_03_01_01_02,7,3,happy,0.5732052246384451,0.15679018636003408,0.06939620588846554,0.2006083831130551
07_03_01_02_01,7,3,happy,0.5132884682605107,0.21959182717029202,0.053521625413323407,0.21359807915587378
07_03_01_02_02,7,3,happy,0.5132884682605107,0.21959182717029202,0.053521625413323407,0.21359807915587378
07_03_02_01_01,7,3,happy,0.532997872689892,0.3155437354543986,0.06325531872805822,0.08820307312765122
07_03_02_01_02,7,3,happy,0.37453466280828296,0.47711485237654294,0.06110481247812502,0.087245672337049
07_03_02_02_01,7,3,happy,0.5723621539382622,0.27344129622584634,0.0782696550889115,0.07592689474697996
07_03_02_02_02,7,3,happy,0.6029237756830358,0.24959250644240874,0.07372922108591054,0.07375449678864493
07_04_01_01_01,7,4,sad,0.5701463790963524,0.15374918021786727,0.06958923690946778,0.20651520377631258
07_04_01_01_02,7,4,sad,0.45314244932118414,0.08574190143136633,0.12406116068238489,0.33705448856506465
07_04_01_02_01,7,4,sad,0.3346349622498668,0.13732520671283063,0.07157800815908255,0.45646182287822
07_04_01_02_02,7,4,sad,0.4376494976185862,0.2172275662626203,0.06132547275092317,0.2837974633678704
07_04_02_01_01,7,4,sad,0.6547702152860075,0.05609176515030771,0.19031955948371565,0.09881846007996906
07_04_02_01_02,7,4,sad,0.58329118862516,0.15552323234179885,0.14587710052562042,0.11530847850742067
07_04_02_02_01,7,4,sad,0.7985469784394318,0.02961339539214827,0.14570325137590204,0.026136374792517746
07_04_02_02_02,7,4,sad,0.6921271768750845,0.13762073803276592,0.06612332639307511,0.10412875869907445
07_05_01_01_01,7,5,angry,0.1151459563931304,0.8080561020650278,0.010261603116384518,0.06653633842545739
07_05_01_01_02,7,5,angry,0.07420906249607197,0.8861131599460658,0.007230152109848692,0.03244762544801372
07_05_01_02_01,7,5,angry,0.23852776248459942,0.5475074256416753,0.024163365934312262,0.18980144593941303
07_05_01_02_02,7,5,angry,0.18042893669662138,0.7042141848530834,0.009446420533063282,0.10591045791723204
07_05_02_01_01,7,5,angry,0.2666165396602087,0.6791895365633306,0.012750766598314365,0.04144315717814632
07_05_02_01_02,7,5,angry,0.12305040194095844,0.8597821755147625,0.0034334845088558083,0.013733938035423235
07_05_02_02_01,7,5,angry,0.23598649267834826,0.7280128752742473,0.008525723844999306,0.02747490820240503
07_05_02_02_02,7,5,angry,0.14850926173813656,0.8276000811362612,0.005767812638129218,0.018122844487473016
07_06_01_01_01,7,6,neutral,0.6323894952548402,0.10575656009856751,0.15856458096609058,0.10328936368050164
07_06_01_01_02,7,6,neutral,0.5967319132134186,0.1623808044845897,0.11372009912669602,0.1271671831752957
07_06_01_02_01,7,6,neutral,0.5573520572603439,0.21651605942995586,0.06588709805628865,0.16024478525341165
07_06_01_02_02,7,6,neutral,0.627645999787664,0.10962489389718721,0.08700671812678444,0.17572238818836447
07_06_02_01_01,7,6,neutral,0.41835443987596155,0.493660956106669,0.04961376507198592,0.03837083894538352
07_06_02_01_02,7,6,neutral,0.6590188441436226,0.1865587392395299,0.08218457304393126,0.07223784357291625
07_06_02_02_01,7,6,neutral,0.46239234272382723,0.4668425571469661,0.032859628591030726,0.037905471538175826
07_06_02_02_02,7,6,neutral,0.41709500462749055,0.49135064737811857,0.04502732174573402,0.046527026248656796
07_07_01_01_01,7,7,neutral,0.39143443261115346,0.3772487392251192,0.0414143501396617,0.18990247802406565
07_07_01_01_02,7,7,neutral,0.5511021760189936,0.19994209680866637,0.05080804753901041,0.1981476796333296
07_07_01_02_01,7,7,neutral,0.5669472995017737,0.1526987860965262,0.04985415185410797,0.23049976254759214
07_07_01_02_02,7,7,neutral,0.38928131933136706,0.3537225781194438,0.05160391798744757,0.2053921845617416
07_07_02_01_01,7,7,neutral,0.4062915936659864,0.49394380814208333,0.02831613539212483,0.0714484627998055
07_07_02_01_02,7,7,neutral,0.49668235407952965,0.38167790071271696,0.018366180635812492,0.10327356457194092
07_07_02_02_01,7,7,neutral,0.4220791451540831,0.4440288585998646,0.02369502389276015,0.1101969723532922
07_07_02_02_02,7,7,neutral,0.42449768071093286,0.4612202090357968,0.025812276015549595,0.08846983423772076
07_08_01_01_01,7,8,neutral,0.2910260986018552,0.51541977079679,0.0312258438361326,0.16232828676522218
07_08_01_01_02,7,8,neutral,0.3792421715427846,0.4357189968414327,0.03240529154347297,0.1526335400723098
07_08_01_02_01,7,8,neutral,0.3889891697038357,0.3549297882741044,0.025996330672239595,0.2300847113498204
07_08_01_02_02,7,8,neutral,0.5068632868480827,0.23329848946699128,0.050826853587560346,0.2090113700973657
07_08_02_01_01,7,8,neutral,0.42230731960144546,0.4355030164465569,0.04804314450102082,0.09414651945097688
07_08_02_01_02,7,8,neutral,0.4276018003596025,0.3299533836378464,0.028926855306257514,0.21351796069629367
07_08_02_02_01,7,8,neutral,0.4539913338880519,0.4375037158285583,0.0433893488732144,0.06511560141017539
07_08_02_02_02,7,8,neutral,0.2898977275948127,0.5562574085196651,0.028436213069804758,0.12540865081571745
08_01_01_01_01,8,1,neutral,0.23371427926202593,0.33600659474042543,0.037665331056071595,0.39261379494147697
08_01_01_01_02,8,1,neutral,0.3151854411055968,0.3287821548891485,0.035193364224229605,0.32083903978102496
08_01_01_02_01,8,1,neutral,0.43402783881170154,0.20473236413837498,0.03506153641681349,0.32617826063311006
08_01_01_02_02,8,1,neutral,0.30559004954375046,0.32297318145456605,0.039007316364751625,0.33242945263693174
08_02_01_01_01,8,2,neutral,0.347603457509829,0.15322568649496612,0.083106422649141,0.4160644333460639
08_02_01_01_02,8,2,neutral,0.38054626309354,0.15603450169543867,0.07373385919005178,0.3896853760209695
08_02_01_02_01,8,2,neutral,0.4562995819936888,0.1417883825746372,0.07822568447943101,0.32368635095224285
08_02_01_02_02,8,2,neutral,0.44229932136088795,0.13491655629155866,0.09831835396181875,0.3244657683857346
08_02_02_01_01,8,2,neutral,0.4503265887989116,0.20214007110637866,0.07641644588690558,0.2711168942078043
08_02_02_01_02,8,2,neutral,0.393627083804007,0.2133788817603839,0.09608541130542426,0.29690862313018485
08_02_02_02_01,8,2,neutral,0.5176303586721477,0.11878420643213984,0.10709844355688582,0.2564869913388267
08_02_02_02_02,8,2,neutral,0.44613452778712903,0.0817451735041518,0.12079014716389704,0.3513301515448221
08_03_01_01_01,8,3,happy,0.5668691570676087,0.20811427543535976,0.03952579060756953,0.18549077688946214
08_03_01_01_02,8,3,happy,0.49304409879055666,0.2193201804407551,0.02666600170516116,0.26096971906352706
08_03_01_02_01,8,3,happy,0.5929399422202812,0.19152273250651647,0.029754441711762714,0.18578288356143963
08_03_01_02_02,8,3,happy,0.5960887526282973,0.2264114410556608,0.018366060054814143,0.1591337462612277
08_03_02_01_01,8,3,happy,0.5919933471241464,0.26999484992819334,0.02630719640688246,0.11170460654077768
08_03_02_01_02,8,3,happy,0.6549192244826576,0.2150149853115459,0.03875121910676769,0.09131457109902859
08_03_02_02_01,8,3,happy,0.6970345721404552,0.20641420385992856,0.03692869854632669,0.05962252545328953
08_03_02_02_02,8,3,happy,0.7026272291035732,0.16560671422681938,0.05434340430870378,0.07742265236090361
08_04_01_01_01,8,4,sad,0.4202617470306995,0.11586232454651212,0.11367451953926488,0.35020140888352347
08_04_01_01_02,8,4,sad,0.4611254039401136,0.1029884740206886,0.03798314635159378,0.39790297568760413
08_04_01_02_01,8,4,sad,0.5290697970478003,0.10009089994119011,0.13027900066566112,0.24056030234534842
08_04_01_02_02,8,4,sad,0.5016164149153306,0.06330412309060392,0.1443936390853751,0.29068582290869044
08_04_02_01_01,8,4,sad,0.36731529161808835,0.05830157220793557,0.37818127178531163,0.19620186438866452
08_04_02_01_02,8,4,sad,0.5620728176859464,0.07598036143623925,0.24557564995763684,0.11637117092017742
08_04_02_02_01,8,4,sad,0.6297113122652074,0.08292644643132296,0.14765424881916944,0.13970799248430013
08_04_02_02_02,8,4,sad,0.5597153269904609,0.025867595384997465,0.3451512521215234,0.0692658255030183
08_05_01_01_01,8,5,angry,0.19295564328834341,0.7155845944761364,0.017357382125324963,0.07410238011019507
08_05_01_01_02,8,5,angry,0.2279782016506706,0.6667783019609866,0.020955241768912992,0.08428825461942982
08_05_01_02_01,8,5,angry,0.28541821557822056,0.6096981935311119,0.018943510992283093,0.08594007989838441
08_05_01_02_02,8,5,angry,0.3241893182224414,0.5891538016621005,0.015412042535495392,0.07124483757996272
08_05_02_01_01,8,5,angry,0.22985646250880784,0.6922030594671595,0.024754377387044883,0.05318610063698761
08_05_02_01_02,8,5,angry,0.233181167045972,0.7186715492733345,0.015745612708362257,0.03240167097233122
08_05_02_02_01,8,5,angry,0.15944945100178387,0.7947602509517971,0.013213914678451068,0.03257638336796779
08_05_02_02_02,8,5,angry,0.09887664805586047,0.8590539075276161,0.0082518472434901,0.03381759717303332
08_06_01_01_01,8,6,neutral,0.45409483362506203,0.2854329048561663,0.0664839354842955,0.1939883260344761
08_06_01_01_02,8,6,neutral,0.41548220639867534,0.3181066197896555,0.08507267878890278,0.1813384950227664
08_06_01_02_01,8,6,neutral,0.5066771376371445,0.2618595318187093,0.09775311509516794,0.13371021544897815
08_06_01_02_02,8,6,neutral,0.4539100501512326,0.3470546137560266,0.0652267655372364,0.13380857055550446
08_06_02_01_01,8,6,neutral,0.3098305581174609,0.5791408050268222,0.05722602225611914,0.05380261459959778
08_06_02_01_02,8,6,neutral,0.5266446379345067,0.3232247547728326,0.06655318659273987,0.08357742069992105
08_06_02_02_01,8,6,neutral,0.4623682610635673,0.29208328898200336,0.1850542403963143,0.06049420955811504
08_06_02_02_02,8,6,neutral,0.5597546926261224,0.28109496527416783,0.11271830244655051,0.046432039653159195
08_07_01_01_01,8,7,neutral,0.3678612836797438,0.2832806056633355,0.0867247383832761,0.26213337227364436
08_07_01_01_02,8,7,neutral,0.4371761200140704,0.19499672867269563,0.10119773920999414,0.2666294121032398
08_07_01_02_01,8,7,neutral,0.5337371249160555,0.20641358047194577,0.06455609019341078,0.19529320441858797
08_07_01_02_02,8,7,neutral,0.41545446653099444,0.27326969809783996,0.056036586808846676,0.2552392485623189
08_07_02_01_01,8,7,neutral,0.3628992215551808,0.31178654160084374,0.09635113536237341,0.228963101481602
08_07_02_01_02,8,7,neutral,0.49370838596519784,0.22517329911510078,0.07683828196970659,0.2042800329499948
08_07_02_02_01,8,7,neutral,0.38465679301611744,0.39728928831377686,0.03618049218024658,0.18187342648985916
08_07_02_02_02,8,7,neutral,0.3247081130526081,0.5021316133879535,0.023138794310321332,0.15002147924911702
08_08_01_01_01,8,8,neutral,0.4659068671258669,0.28042098630185874,0.0959739426134303,0.15769820395884415
08_08_01_01_02,8,8,neutral,0.3097042008967062,0.4942339419321294,0.03082883349244281,0.1652330236787216
08_08_01_02_01,8,8,neutral,0.4412303132804101,0.3776946212465519,0.04532834836157656,0.13574671711146138
08_08_01_02_02,8,8,neutral,0.3706043332936659,0.4403877974140959,0.031052246735525927,0.15795562255671228
08_08_02_01_01,8,8,neutral,0.5551019619496488,0.18720465370392783,0.15124621990198694,0.10644716444443636
08_08_02_01_02,8,8,neutral,0.36303455548003655,0.43164273322668056,0.06894359402908522,0.1363791172641976
08_08_02_02_01,8,8,neutral,0.24418791659441838,0.6611440602496093,0.01764597032431615,0.07702205283165613
08_08_02_02_02,8,8,neutral,0.3095627297249307,0.49872768302212345,0.04926177358298288,0.14244781366996295
09_01_01_01_01,9,1,neutral,0.42813485879235924,0.02605826856931137,0.2396516942268996,0.30615517841142975
09_01_01_01_02,9,1,neutral,0.3387157343861808,0.01585894507939507,0.1350284777294956,0.5103968428049286
09_01_01_02_01,9,1,neutral,0.4091498848028335,0.013270132189154973,0.13451314971614167,0.44306683329186985
09_01_01_02_02,9,1,neutral,0.46166780312740624,0.01382773323161389,0.18368841545123835,0.3408160481897416
09_02_01_01_01,9,2,neutral,0.44999456236698376,0.010565325659714766,0.2931128098307933,0.24632730214250811
09_02_01_01_02,9,2,neutral,0.4659802674355612,0.01514966747993741,0.24349727796284473,0.27537278712165675
09_02_01_02_01,9,2,neutral,0.5254583058823411,0.017737850527114952,0.25043664920002606,0.20636719439051787
09_02_01_02_02,9,2,neutral,0.5373933056707404,0.008160061394943728,0.20909088865789133,0.24535574427642465
09_02_02_01_01,9,2,neutral,0.39458870454029443,0.005963925883273068,0.29585496971211855,0.30359239986431386
09_02_02_01_02,9,2,neutral,0.4379063508797939,0.002889424094055481,0.3661207560782975,0.1930834689478531
09_02_02_02_01,9,2,neutral,0.6052121169830922,0.01066289324516614,0.18881678477899322,0.19530820499274856
09_02_02_02_02,9,2,neutral,0.4588892947535554,0.017149751012850607,0.21269175921247568,0.31126919502111816
09_03_01_01_01,9,3,happy,0.568148884912159,0.009409687052652053,0.177382303965498,0.24505912406969094
09_03_01_01_02,9,3,happy,0.5969408081947346,0.04757760363283625,0.07975824401059943,0.2757233441618298
09_03_01_02_01,9,3,happy,0.5459637030026483,0.037289839186278345,0.11917905444566171,0.29756740336541176
09_03_01_02_02,9,3,happy,0.7107724952153712,0.021189579189985534,0.09146378608468095,0.17657413950996215
09_03_02_01_01,9,3,happy,0.7562667184797637,0.12941791626615629,0.04295420669941628,0.07136115855466388
09_03_02_01_02,9,3,happy,0.875274174143151,0.04685413326629522,0.03708644961593322,0.04078524297462046
09_03_02_02_01,9,3,happy,0.6700991296874199,0.23483006741002385,0.029503744448563973,0.06556705845399227
09_03_02_02_02,9,3,happy,0.7988184193954667,0.06739809328463568,0.06002130228094342,0.07376218503895418
09_04_01_01_01,9,4,sad,0.38421561612186833,0.007493953814251214,0.2380464767052385,0.3702439533586419
09_04_01_01_02,9,4,sad,0.42823532551816545,0.014713110671011427,0.13779069208093134,0.41926087172989174
09_04_01_02_01,9,4,sad,0.4671947624634635,0.028811611346832806,0.22496359373828373,0.27903003245141994
09_04_01_02_02,9,4,sad,0.534123096899643,0.0076950163263688675,0.2523305900099829,0.20585129676400532
09_04_02_01_01,9,4,sad,0.568750914271968,0.0069719043439983855,0.33715533900074685,0.08712184238328674
09_04_02_01_02,9,4,sad,0.7121555192784563,0.012688629348057482,0.15187849865633504,0.1232773527171511
09_04_02_02_01,9,4,sad,0.5664988207397692,0.002562533880925952,0.3822574644219707,0.0486811809573341
09_04_02_02_02,9,4,sad,0.8280772868031495,0.00436337659984042,0.1103852610174745,0.05717407557953549
09_05_01_01_01,9,5,angry,0.5240063149288441,0.04901333944138894,0.17187533772336464,0.2551050079064023
09_05_01_01_02,9,5,angry,0.4128453495499791,0.11713651457871183,0.17067019663299174,0.2993479392383173
09_05_01_02_01,9,5,angry,0.5391353361379664,0.08330854498409276,0.09010867463848689,0.2874474442394539
09_05_01_02_02,9,5,angry,0.5846450136253983,0.11029126673890162,0.06832403821158241,0.23673968142411758
09_05_02_01_01,9,5,angry,0.4033721941301417,0.5421971891215568,0.012897247447232975,0.0415333693010685
09_05_02_01_02,9,5,angry,0.5110997938409202,0.4028271356952496,0.019043292688973854,0.06702977777485634
09_05_02_02_01,9,5,angry,0.5428018330843895,0.3456098629660353,0.042197673498180426,0.06939063045139486
09_05_02_02_02,9,5,angry,0.44244776279594716,0.4846892007356971,0.0302995279789136,0.04256350848944222
09_06_01_01_01,9,6,neutral,0.5152312322342648,0.015267189184024787,0.2418931629931154,0.2276084155885951
09_06_01_01_02,9,6,neutral,0.5828756658010971,0.02786310466798329,0.14366661681626408,0.24559461271465563
09_06_01_02_01,9,6,neutral,0.55626286078827,0.011258319381645291,0.22649131889291257,0.20598750093717216
09_06_01_02_02,9,6,neutral,0.6724936134917076,0.010812103122821265,0.12905532561346544,0.18763895777200568
09_06_02_01_01,9,6,neutral,0.8181255563821371,0.020859259070742518,0.11060844203028178,0.050406742516838535
09_06_02_01_02,9,6,neutral,0.7771364617150264,0.01847167499276157,0.1109257400998725,0.09346612319233948
09_06_02_02_01,9,6,neutral,0.8653982398564241,0.022271600312561278,0.06615689181806222,0.04617326801295237
09_06_02_02_02,9,6,neutral,0.8650573196408426,0.012294249713177722,0.08258753395343497,0.040060896692544805
09_07_01_01_01,9,7,neutral,0.48304456841089244,0.013739839194374541,0.258943523371411,0.24427206902332202
09_07_01_01_02,9,7,neutral,0.4529833467792055,0.015124281724776496,0.22242301907178055,0.3094693524242375
09_07_01_02_01,9,7,neutral,0.6024336053779442,0.01583492039144082,0.1561290957038297,0.2256023785267852
09_07_01_02_02,9,7,neutral,0.5592078339417077,0.00952965820809795,0.21659022002521672,0.2146722878249777
09_07_02_01_01,9,7,neutral,0.4545731284167557,0.06452576611770366,0.15633334399085666,0.324567761474684
09_07_02_01_02,9,7,neutral,0.4781767982841299,0.018333072240146086,0.22522881788751384,0.27826131158821027
09_07_02_02_01,9,7,neutral,0.6359944704640642,0.013612495071498124,0.1590869245659345,0.19130610989850327
09_07_02_02_02,9,7,neutral,0.7577268154865096,0.01855643160466775,0.07546081239411269,0.14825594051471003
09_08_01_01_01,9,8,neutral,0.4431663890108474,0.022657096192486067,0.15705017809477448,0.37712633670189205
09_08_01_01_02,9,8,neutral,0.41889830816102946,0.05296465874474432,0.12777415060753272,0.4003628824866934
09_08_01_02_01,9,8,neutral,0.41592613222859376,0.02864394326477917,0.09872077919060257,0.4567091453160246
09_08_01_02_02,9,8,neutral,0.3436323189850281,0.04696828512505556,0.12413595269561555,0.48526344319430065
09_08_02_01_01,9,8,neutral,0.5581621135263798,0.21014280776054858,0.04271075777529171,0.1889843209377799
09_08_02_01_02,9,8,neutral,0.502695588345705,0.10987649961657552,0.059701453815548505,0.32772645822217084
09_08_02_02_01,9,8,neutral,0.5447521388847626,0.07454499707233371,0.07537161552551248,0.30533124851739113
09_08_02_02_02,9,8,neutral,0.41081038081571775,0.07649740435579937,0.058535191980138075,0.45415702284834475
10_01_01_01_01,10,1,neutral,0.26148302975715043,0.40464388272533314,0.057730451496432765,0.2761426360210837
10_01_01_01_02,10,1,neutral,0.4053768081174692,0.195568476539167,0.16711947766949495,0.2319352376738689
10_01_01_02_01,10,1,neutral,0.32876935726782225,0.25522216430022976,0.15225149458176587,0.2637569838501822
10_01_01_02_02,10,1,neutral,0.3286926835015012,0.263607395519776,0.08207336752574097,0.32562655345298186
10_02_01_01_01,10,2,neutral,0.3832063453141559,0.1537390115887445,0.12611681994739865,0.33693782314970083
10_02_01_01_02,10,2,neutral,0.41106512808124623,0.21695104447619307,0.0719620055817108,0.30002182186084986
10_02_01_02_01,10,2,neutral,0.3853002037370514,0.1839902326200358,0.17792066134248627,0.25278890230042644
10_02_01_02_02,10,2,neutral,0.4515486601634854,0.1966092355047967,0.1253570717188464,0.2264850326128715
10_02_02_01_01,10,2,neutral,0.4026938693998499,0.13211966348412812,0.17787375959699106,0.2873127075190309
10_02_02_01_02,10,2,neutral,0.2900254465355584,0.1757946438306808,0.14463012064434436,0.3895497889894164
10_02_02_02_01,10,2,neutral,0.4137047759999601,0.20254920773331753,0.11016651814713338,0.273579498119589
10_02_02_02_02,10,2,neutral,0.4076631159496742,0.19947080215663845,0.09004629306569135,0.30281978882799593
10_03_01_01_01,10,3,happy,0.5087639770283384,0.27125208926102373,0.06360478133932247,0.15637915237131528
10_03_01_01_02,10,3,happy,0.4366769660270581,0.31353100254592714,0.07247699706915535,0.17731503435785945
10_03_01_02_01,10,3,happy,0.6444998794261111,0.14013554774987919,0.08057234130390821,0.13479223152010164
10_03_01_02_02,10,3,happy,0.49242487530880913,0.2851777273876991,0.05010209128486313,0.1722953060186286
10_03_02_01_01,10,3,happy,0.7476674368114237,0.129533850384329,0.06944915390272542,0.0533495589015219
10_03_02_01_02,10,3,happy,0.5493476939500506,0.3146573432301894,0.05467971811552317,0.08131524470423694
10_03_02_02_01,10,3,happy,0.5332881496548229,0.3552303955902257,0.054647417442323064,0.05683403731262846
10_03_02_02_02,10,3,happy,0.7263410305943794,0.15168153681036067,0.08270997159253327,0.03926746100272667
10_04_01_01_01,10,4,sad,0.4383496638741849,0.10562769287455732,0.09293975537863906,0.36308288787261866
10_04_01_01_02,10,4,sad,0.4496005404013634,0.09101718439129364,0.21650011272122885,0.2428821624861141
10_04_01_02_01,10,4,sad,0.3777053930518305,0.0778976709750081,0.17775751500111045,0.366639420972051
10_04_01_02_02,10,4,sad,0.46547068174317,0.06144289057487409,0.18246070294992348,0.29062572473203235
10_04_02_01_01,10,4,sad,0.6099781205467402,0.1295241630961877,0.07061845489650352,0.18987926146056863
10_04_02_01_02,10,4,sad,0.5604895582671305,0.049204192563302024,0.3079261280446516,0.0823801211249159
10_04_02_02_01,10,4,sad,0.652503129126164,0.04788786286768925,0.13041999261912904,0.1691890153870178
10_04_02_02_02,10,4,sad,0.6287434912137384,0.09686799864014865,0.1266119511606808,0.14777655898543227
10_05_01_01_01,10,5,angry,0.38458356230531837,0.22576324015479396,0.0826863159366814,0.30696688160320607
10_05_01_01_02,10,5,angry,0.39451358783865764,0.2998625992965287,0.09900229178904818,0.20662152107576556
10_05_01_02_01,10,5,angry,0.32682941989955316,0.3146750418242132,0.08467418413967892,0.27382135413655473
10_05_01_02_02,10,5,angry,0.3821232434274404,0.25607364013366435,0.07517314558854943,0.28662997085034586
10_05_02_01_01,10,5,angry,0.20679996355320132,0.7004606387576348,0.03311961477934637,0.05961978290981745
10_05_02_01_02,10,5,angry,0.10550772844476673,0.817167046349668,0.019381781418780327,0.05794344378678493
10_05_02_02_01,10,5,angry,0.1577156636631191,0.7960370842260162,0.0049533175472678765,0.04129393456359687
10_05_02_02_02,10,5,angry,0.152213153194601,0.7990991006262561,0.009201876827456618,0.03948586935168629
10_06_01_01_01,10,6,neutral,0.5371852250538471,0.10967746044993905,0.22394071138509578,0.1291966031111179
10_06_01_01_02,10,6,neutral,0.5689259043690134,0.16110711743744888,0.13451667763543879,0.13545030055809887
10_06_01_02_01,10,6,neutral,0.5181555611818676,0.1328900885039444,0.20663396193707903,0.14232038837710909
10_06_01_02_02,10,6,neutral,0.41529631319666527,0.22876386613739313,0.17357444814322143,0.1823653725227202
10_06_02_01_01,10,6,neutral,0.5543703294999026,0.2937865207181917,0.0784240142756823,0.07341913550622334
10_06_02_01_02,10,6,neutral,0.385043065634889,0.42442036770248454,0.08813383739286473,0.10240272926976186
10_06_02_02_01,10,6,neutral,0.6205485737696427,0.21277704048981994,0.125499357324271,0.04117502841626647
10_06_02_02_02,10,6,neutral,0.6380750022647192,0.15065331952320993,0.1453986280008517,0.06587305021121903
10_07_01_01_01,10,7,neutral,0.4749481215756377,0.14837659553108706,0.11287560968238608,0.2637996732108892
10_07_01_01_02,10,7,neutral,0.48352792732802546,0.09031192987103735,0.18981029022940232,0.2363498525715348
10_07_01_02_01,10,7,neutral,0.6145421484874074,0.1283876324474898,0.11098075664492225,0.1460894624201806
10_07_01_02_02,10,7,neutral,0.6112995323721219,0.1705358851908828,0.10745228137993339,0.11071230105706208
10_07_02_01_01,10,7,neutral,0.5630263833034034,0.2084471813066701,0.12488412901698866,0.10364230637293793
10_07_02_01_02,10,7,neutral,0.4635614666413237,0.23058181742199133,0.1791112206753685,0.12674549526131645
10_07_02_02_01,10,7,neutral,0.49234479285681887,0.16677004442492607,0.2412783025644665,0.09960686015378864
10_07_02_02_02,10,7,neutral,0.43817033400813815,0.2519435592410303,0.21767577180798983,0.09221033494284188
10_08_01_01_01,10,8,neutral,0.23539389575809938,0.5439131858206512,0.03390512079044944,0.18678779763080006
10_08_01_01_02,10,8,neutral,0.40193146370768834,0.3531080234762628,0.05154314980663487,0.19341736300941403
10_08_01_02_01,10,8,neutral,0.20181564237043817,0.662421831976019,0.031131074730096426,0.10463145092344643
10_08_01_02_02,10,8,neutral,0.39030900804346513,0.3667203370005585,0.05472591323846992,0.18824474171750652
10_08_02_01_01,10,8,neutral,0.3698343520497596,0.4556187349743353,0.046166560924828966,0.12838035205107612
10_08_02_01_02,10,8,neutral,0.40756408368492064,0.45027334673983566,0.03674105736964314,0.10542151220560059
10_08_02_02_01,10,8,neutral,0.26980571192609565,0.6521892028808512,0.02418203144812653,0.053823053744926595
10_08_02_02_02,10,8,neutral,0.36572099222345755,0.4282173682155434,0.08584458314824261,0.1202170564127564
11_01_01_01_01,11,1,neutral,0.41621039435669993,0.1215749772786626,0.07202171984039292,0.3901929085242446
11_01_01_01_02,11,1,neutral,0.393634380843586,0.13708062852500422,0.06881945171551317,0.4004655389158966
11_01_01_02_01,11,1,neutral,0.3846286026932564,0.16440482859264824,0.07396157675015977,0.37700499196393555
11_01_01_02_02,11,1,neutral,0.4749497950054048,0.134909900081233,0.07698416728610784,0.3131561376272545
11_02_01_01_01,11,2,neutral,0.40934888973959976,0.07931864025083106,0.12280221735088154,0.3885302526586876
11_02_01_01_02,11,2,neutral,0.46212923356121904,0.09809547166890628,0.09517447287772197,0.34460082189215263
11_02_01_02_01,11,2,neutral,0.5299389858438286,0.09489883057454208,0.06765904165301773,0.30750314192861145
11_02_01_02_02,11,2,neutral,0.5477115104211315,0.08309064950125238,0.11153283653141005,0.2576650035462061
11_02_02_01_01,11,2,neutral,0.4818826917461711,0.052099839058250455,0.1635508705693827,0.3024665986261958
11_02_02_01_02,11,2,neutral,0.5454897196637495,0.059686755621748626,0.17899145956949516,0.21583206514500672
11_02_02_02_01,11,2,neutral,0.5887814182362323,0.062089220327487496,0.11713470697360166,0.23199465446267856
11_02_02_02_02,11,2,neutral,0.4501613999798348,0.07195389673938277,0.14374832561392967,0.3341363776668527
11_03_01_01_01,11,3,happy,0.3491000090190099,0.283317559738986,0.04773970195822699,0.31984272928377705
11_03_01_01_02,11,3,happy,0.42559043807790725,0.2549963933061147,0.03227633105839373,0.28713683755758435
11_03_01_02_01,11,3,happy,0.5395717401009337,0.1987562310337686,0.04239558355256814,0.2192764453127295
11_03_01_02_02,11,3,happy,0.5260188583679973,0.24968959212779587,0.030962319728752512,0.19332922977545425
11_03_02_01_01,11,3,happy,0.36028258402847585,0.5444225202278365,0.044198788399765924,0.051096107343921705
11_03_02_01_02,11,3,happy,0.34518613819922667,0.5731631468187307,0.020048128977372473,0.06160258600467024
11_03_02_02_01,11,3,happy,0.4136926239597697,0.45214556599986316,0.05055180049426077,0.08361000954610633
11_03_02_02_02,11,3,happy,0.25684574079675565,0.6568178639092529,0.01773606338423488,0.0686003319097567
11_04_01_01_01,11,4,sad,0.49693652899428997,0.19836757948758837,0.08244013739100074,0.22225575412712098
11_04_01_01_02,11,4,sad,0.5113706531731195,0.20195333820658234,0.08281324605697385,0.20386276256332425
11_04_01_02_01,11,4,sad,0.5340314784009546,0.17613360990477775,0.12291248194408956,0.16692242975017824
11_04_01_02_02,11,4,sad,0.5789327956325574,0.10313005422573786,0.13779150194840661,0.18014564819329815
11_04_02_01_01,11,4,sad,0.5855851125987438,0.24477511637268035,0.056404148136415484,0.11323562289216034
11_04_02_01_02,11,4,sad,0.6643282689705943,0.15705206173746572,0.12679348901656048,0.05182618027537941
11_04_02_02_01,11,4,sad,0.521269187402216,0.34784567332393146,0.04616053582434484,0.08472460344950776
11_04_02_02_02,11,4,sad,0.664251061530869,0.19836784840162106,0.06749712933353076,0.06988396073397912
11_05_01_01_01,11,5,angry,0.17423825251835265,0.7521243698188361,0.01240615894928367,0.061231218713527595
11_05_01_01_02,11,5,angry,0.17194511379745805,0.7247194227071637,0.015424688075059412,0.08791077542031894
11_05_01_02_01,11,5,angry,0.11376083724766714,0.8203164609351995,0.009141508205385429,0.05678119361174783
11_05_01_02_02,11,5,angry,0.10592054658405761,0.8274846116513445,0.007590091547318591,0.05900475021727935
11_05_02_01_01,11,5,angry,0.14500291136905555,0.8117649893186137,0.00878001995830727,0.03445207935402332
11_05_02_01_02,11,5,angry,0.13709308658496994,0.8311331311564348,0.011849056671545784,0.0199247255870494
11_05_02_02_01,11,5,angry,0.1586850516751325,0.7980665353613192,0.023552867908868857,0.019695545054679384
11_05_02_02_02,11,5,angry,0.07663813703580079,0.9002362459484171,0.006828415802576817,0.01629720121320517
11_06_01_01_01,11,6,neutral,0.5029486064196339,0.30917477869289833,0.054787388923368194,0.13308922596409953
11_06_01_01_02,11,6,neutral,0.47695900207598857,0.36981100944200335,0.05453457351328002,0.09869541496872808
11_06_01_02_01,11,6,neutral,0.5259526659324882,0.3039425144882557,0.035914127881669,0.13419069169758693
11_06_01_02_02,11,6,neutral,0.5852284711147171,0.25476931298208416,0.05758456821786806,0.10241764768533056
11_06_02_01_01,11,6,neutral,0.5103519084837301,0.33740441604179394,0.07584458243488194,0.07639909303959404
11_06_02_01_02,11,6,neutral,0.5140086367723756,0.3570382474794329,0.043991549699829186,0.08496156604836233
11_06_02_02_01,11,6,neutral,0.5323754254015131,0.3413647656118196,0.06445998749018089,0.06179982149648641
11_06_02_02_02,11,6,neutral,0.5112877888970684,0.3841279272819322,0.062202874248382806,0.04238140957261667
11_07_01_01_01,11,7,neutral,0.4128267041149411,0.4544504976557985,0.030193713221775473,0.10252908500748502
11_07_01_01_02,11,7,neutral,0.34940482668388706,0.5303037587388344,0.031337370967006895,0.08895404361027162
11_07_01_02_01,11,7,neutral,0.5306104724155168,0.3185784484416919,0.03777596625856903,0.11303511288422212
11_07_01_02_02,11,7,neutral,0.309505125698756,0.6096048992051059,0.013807234431344653,0.06708274066479353
11_07_02_01_01,11,7,neutral,0.3581537210262491,0.497220109549978,0.0495497581207721,0.0950764113030009
11_07_02_01_02,11,7,neutral,0.4730815955852563,0.3520283497004443,0.07135738801567178,0.10353266669862773
11_07_02_02_01,11,7,neutral,0.38660679888897814,0.46953076371466795,0.035410133990231234,0.10845230340612272
11_07_02_02_02,11,7,neutral,0.39625510164426786,0.5387949649119983,0.019455929315964675,0.04549400412776913
11_08_01_01_01,11,8,neutral,0.37622279555820365,0.3366241153119655,0.03427470911627927,0.25287838001355156
11_08_01_01_02,11,8,neutral,0.26600242767352533,0.5243311023220463,0.025670604572797587,0.18399586543163068
11_08_01_02_01,11,8,neutral,0.32674329140589065,0.5586761784428947,0.02378904068118355,0.09079148947003109
11_08_01_02_02,11,8,neutral,0.48631148118588263,0.29724557546847385,0.07330195605265802,0.14314098729298547
11_08_02_01_01,11,8,neutral,0.3335859218006314,0.4969550486686594,0.03689375343102087,0.1325652760996884
11_08_02_01_02,11,8,neutral,0.34582540753536145,0.5445077646118341,0.029234378137883793,0.08043244971492065
11_08_02_02_01,11,8,neutral,0.2794752368720298,0.6250931841721671,0.013398061292713781,0.08203351766308928
11_08_02_02_02,11,8,neutral,0.23754104114829996,0.6938999188244873,0.019454367741946785,0.04910467228526575
12_01_01_01_01,12,1,neutral,0.30466018953178753,0.2663236872934743,0.06782093044812712,0.36119519272661105
12_01_01_01_02,12,1,neutral,0.37366472355531805,0.18699378933771954,0.05260097308481149,0.38674051402215076
12_01_01_02_01,12,1,neutral,0.48178049309053994,0.16555946608304709,0.04840527250562198,0.30425476832079096
12_01_01_02_02,12,1,neutral,0.5110300584760188,0.1459095616065246,0.039609083694910834,0.30345129622254574
12_02_01_01_01,12,2,neutral,0.4013753362054621,0.16391002049847084,0.06878284316765072,0.3659318001284163
12_02_01_01_02,12,2,neutral,0.42073698392100606,0.13619540964514437,0.11283594088274466,0.3302316655511049
12_02_01_02_01,12,2,neutral,0.4561754748277023,0.18764030737349485,0.051310257782180485,0.3048739600166224
12_02_01_02_02,12,2,neutral,0.5566920490267036,0.10351225960739649,0.07067563077654218,0.2691200605893577
12_02_02_01_01,12,2,neutral,0.45429527208874376,0.14044289202585425,0.1141425497829782,0.29111928610242377
12_02_02_01_02,12,2,neutral,0.49966702607537217,0.1323780092201064,0.08337553645974209,0.2845794282447793
12_02_02_02_01,12,2,neutral,0.4444929994077335,0.12623872420913435,0.1069766049674569,0.3222916714156752
12_02_02_02_02,12,2,neutral,0.4703699932885296,0.15371027603684215,0.06548853516554803,0.31043119550908027
12_03_01_01_01,12,3,happy,0.4050062626818659,0.32458026883367486,0.04578413072908044,0.22462933775537883
12_03_01_01_02,12,3,happy,0.42725627161148233,0.3482075859205166,0.030934338171885536,0.19360180429611543
12_03_01_02_01,12,3,happy,0.4977138419313391,0.27134034471306867,0.04361413767365005,0.1873316756819422
12_03_01_02_02,12,3,happy,0.5180660911354502,0.2508501842687087,0.03450964595411031,0.19657407864173082
12_03_02_01_01,12,3,happy,0.28830001487177864,0.6603995150863216,0.009320908487268157,0.04197956155463165
12_03_02_01_02,12,3,happy,0.3026943892249207,0.6415490783594238,0.016065920026734817,0.03969061238892059
12_03_02_02_01,12,3,happy,0.5609746447917159,0.3145020717265318,0.03234251976252656,0.0921807637192257
12_03_02_02_02,12,3,happy,0.48710019998701853,0.45333895024210735,0.017065943347931028,0.04249490642294309
12_04_01_01_01,12,4,sad,0.3868762276307458,0.2796917842151832,0.10779159175407955,0.22564039639999148
12_04_01_01_02,12,4,sad,0.43608562334495216,0.19866038151175738,0.09900112344165135,0.26625287170163914
12_04_01_02_01,12,4,sad,0.4490269078109665,0.17398588211753102,0.11048869313920928,0.2664985169322932
12_04_01_02_02,12,4,sad,0.3897474616473179,0.22404154587384878,0.13564708799816233,0.25056390448067106
12_04_02_01_01,12,4,sad,0.6041161030124812,0.23072716614855068,0.1039171976049079,0.06123953323406024
12_04_02_01_02,12,4,sad,0.4964054388032397,0.3184550064392563,0.11111102637797773,0.07402852837952642
12_04_02_02_01,12,4,sad,0.44943572357830974,0.3856561802016285,0.061145486637438566,0.10376260958262314
12_04_02_02_02,12,4,sad,0.5118754398117343,0.3422537054761932,0.07457546243894038,0.07129539227313209
12_05_01_01_01,12,5,angry,0.22694179381148,0.6148755386420026,0.021596671069722913,0.13658599647679454
12_05_01_01_02,12,5,angry,0.3064695435291384,0.5350053344626835,0.03157833067898748,0.12694679132919065
12_05_01_02_01,12,5,angry,0.4056767484269552,0.34873985404748903,0.040519080268924944,0.20506431725663077
12_05_01_02_02,12,5,angry,0.42507923794031616,0.36055942806137425,0.030332164959443405,0.18402916903886618
12_05_02_01_01,12,5,angry,0.1850015396371164,0.77122471370971,0.011252554397173476,0.032521192255999955
12_05_02_01_02,12,5,angry,0.16028577746932957,0.8027957450343483,0.017709363924473982,0.019209113571848315
12_05_02_02_01,12,5,angry,0.21246878825488566,0.7347446796841892,0.02014123740777588,0.03264529465314928
12_05_02_02_02,12,5,angry,0.0978692072804744,0.8803167319466091,0.004632070151701952,0.017181990621214567
12_06_01_01_01,12,6,neutral,0.5361468626174556,0.30304626030000076,0.06493944391264754,0.09586743316989611
12_06_01_01_02,12,6,neutral,0.403457630772813,0.39565762191363274,0.09192460964010704,0.10896013767344734
12_06_01_02_01,12,6,neutral,0.5175381303786557,0.28585521087780336,0.050575878151005976,0.14603078059253496
12_06_01_02_02,12,6,neutral,0.3166222034544988,0.5103575413878568,0.0339213580046811,0.13909889715296317
12_06_02_01_01,12,6,neutral,0.4998210816492028,0.36664758670111636,0.07459159737309574,0.05893973427658501
12_06_02_01_02,12,6,neutral,0.4199619683984249,0.47365898735054934,0.05929914634497937,0.047079897906046345
12_06_02_02_01,12,6,neutral,0.508204582157949,0.34068385207764584,0.07859541105346929,0.07251615471093589
12_06_02_02_02,12,6,neutral,0.5143009273726389,0.3765708402820594,0.0628983967436228,0.046229835601679
12_07_01_01_01,12,7,neutral,0.44666292225544335,0.21301049087340734,0.06960803372256366,0.2707185531485856
12_07_01_01_02,12,7,neutral,0.4955752079788045,0.21027082463572289,0.050817260443916594,0.24333670694155615
12_07_01_02_01,12,7,neutral,0.5195493182840829,0.19039845311886855,0.039247480350693136,0.25080474824635535
12_07_01_02_02,12,7,neutral,0.5057651366841891,0.2026257167264577,0.02280300635155854,0.2688061402377946
12_07_02_01_01,12,7,neutral,0.45838622505173915,0.3849006811939087,0.04950064752805887,0.10721244622629336
12_07_02_01_02,12,7,neutral,0.4302947019894139,0.4338287984234504,0.04922219245055532,0.08665430713658033
12_07_02_02_01,12,7,neutral,0.36668631044699335,0.5100237008681594,0.022053982822851537,0.10123600586199578
12_07_02_02_02,12,7,neutral,0.3695090089892336,0.4814639245725801,0.048235764565116905,0.1007913018730693
12_08_01_01_01,12,8,neutral,0.39851514810811456,0.34821407504026475,0.02230075366941744,0.2309700231822033
12_08_01_01_02,12,8,neutral,0.3689879674479584,0.41920636912946385,0.030868321900802017,0.1809373415217758
12_08_01_02_01,12,8,neutral,0.48417273271265865,0.2928488853858549,0.014533123282961597,0.20844525861852475
12_08_01_02_02,12,8,neutral,0.3060653311861022,0.4556332358102871,0.025046847938371124,0.21325458506523956
12_08_02_01_01,12,8,neutral,0.4151645234451014,0.45491890970520177,0.025112736163128323,0.10480383068656858
12_08_02_01_02,12,8,neutral,0.33028103255161045,0.5461094113366389,0.026192396170025892,0.09741715994172472
12_08_02_02_01,12,8,neutral,0.29801356770188775,0.6027115162444,0.016362828759166826,0.08291208729454552
12_08_02_02_02,12,8,neutral,0.25378756551149484,0.6391330173311537,0.015595289300477023,0.09148412785687446
13_01_01_01_01,13,1,neutral,0.35315731403351774,0.18924069927886378,0.03751548425770403,0.42008650242991447
13_01_01_01_02,13,1,neutral,0.3427701098631726,0.17289134163722975,0.03930930469733226,0.4450292438022655
13_01_01_02_01,13,1,neutral,0.4360321405360542,0.1872070610378306,0.028882309469931207,0.34787848895618406
13_01_01_02_02,13,1,neutral,0.3801198107540662,0.26753841480674395,0.019921194040590624,0.33242058039859934
13_02_01_01_01,13,2,neutral,0.3855791969995067,0.08439284551542198,0.06081509331751567,0.4692128641675556
13_02_01_01_02,13,2,neutral,0.4143850220879827,0.13801149647308217,0.030600979050694095,0.417002502388241
13_02_01_02_01,13,2,neutral,0.4491003674889462,0.07424174725163708,0.09291546406445507,0.38374242119496155
13_02_01_02_02,13,2,neutral,0.5068742697592575,0.06474755102730176,0.0677786113287493,0.3605995678846915
13_02_02_01_01,13,2,neutral,0.5145130898040481,0.0619939913020697,0.06316582126361173,0.3603270976302705
13_02_02_01_02,13,2,neutral,0.4355507048520731,0.1539302184158081,0.04061863419757254,0.36990044253454624
13_02_02_02_01,13,2,neutral,0.455019911809199,0.12215417575687136,0.04393817494396838,0.3788877374899614
13_02_02_02_02,13,2,neutral,0.4272993645714266,0.12100974402741968,0.045593361882679095,0.40609752951847466
13_03_01_01_01,13,3,happy,0.41154184223354184,0.27306338807077835,0.02337305448124345,0.2920217152144364
13_03_01_01_02,13,3,happy,0.5079281423189055,0.1912954183162439,0.028568687213597885,0.2722077521512529
13_03_01_02_01,13,3,happy,0.41342697449849414,0.23630109499577115,0.013061346230437497,0.33721058427529715
13_03_01_02_02,13,3,happy,0.3606965169653832,0.30314698546933616,0.014829957037287745,0.3213265405279929
13_03_02_01_01,13,3,happy,0.597238830587357,0.20325869687464934,0.045319460385270675,0.15418301215272287
13_03_02_01_02,13,3,happy,0.5447080708711811,0.32511501853986774,0.01610327697393298,0.1140736336150181
13_03_02_02_01,13,3,happy,0.339838245729492,0.5263067892121047,0.010368160922244619,0.12348680413615853
13_03_02_02_02,13,3,happy,0.23587062613345064,0.6276172564607647,0.00678824162661173,0.12972387577917283
13_04_01_01_01,13,4,sad,0.38381849646313154,0.17635580231129233,0.062609662999453,0.37721603822612304
13_04_01_01_02,13,4,sad,0.39802439316074034,0.18444967532670714,0.10261096343854705,0.3149149680740054
13_04_01_02_01,13,4,sad,0.400553707556948,0.14951588733190857,0.054903598658604176,0.39502680645253935
13_04_01_02_02,13,4,sad,0.440381954583492,0.11546833397923302,0.07969377676440584,0.36445593467286913
13_04_02_01_01,13,4,sad,0.39320507326137716,0.29523618002367014,0.03262646797109915,0.2789322787438535
13_04_02_01_02,13,4,sad,0.4176803490024462,0.20607289340982882,0.0546026110524988,0.3216441465352261
13_04_02_02_01,13,4,sad,0.4689926388016366,0.21742012018307516,0.032432655724605415,0.28115458529068277
13_04_02_02_02,13,4,sad,0.4977390166753622,0.09600776896715262,0.0791194122046972,0.327133802152788
13_05_01_01_01,13,5,angry,0.1452203435778616,0.6949244486028009,0.008936908819676551,0.15091829899966105
13_05_01_01_02,13,5,angry,0.13963577019945445,0.7674085899780584,0.00535846258977669,0.08759717723271036
13_05_01_02_01,13,5,angry,0.13609787958801595,0.7312160283351221,0.006760115189070231,0.12592597688779167
13_05_01_02_02,13,5,angry,0.10919301058915028,0.8009686760126749,0.004225313417317296,0.08561299998085767
13_05_02_01_01,13,5,angry,0.08460622854271985,0.8968325223346665,0.003574308183933588,0.01498694093867991
13_05_02_01_02,13,5,angry,0.1173406648719147,0.856824174148651,0.0045135934172846805,0.021321567562149722
13_05_02_02_01,13,5,angry,0.05602251321843462,0.924937956558002,9.252944830165084e-05,0.018947000775261635
13_05_02_02_02,13,5,angry,0.05134283320260133,0.9420314734412879,9.422942400288395e-05,0.0065314639321078834
13_06_01_01_01,13,6,neutral,0.3087052331418158,0.4787185592968271,0.01916491231925729,0.1934112952420998
13_06_01_01_02,13,6,neutral,0.2994366511938114,0.44441040830027284,0.028005195169615013,0.2281477453363008
13_06_01_02_01,13,6,neutral,0.3135431606301542,0.48450357043444364,0.014587986474432118,0.18736528246096987
13_06_01_02_02,13,6,neutral,0.2837192471048635,0.5008313710547189,0.015225210890075119,0.2002241709503425
13_06_02_01_01,13,6,neutral,0.31103324188325526,0.5279680631985579,0.02186533917939157,0.13913335573879532
13_06_02_01_02,13,6,neutral,0.15051280571307565,0.7733864916519969,0.008914732436624676,0.06718597019830273
13_06_02_02_01,13,6,neutral,0.1094435625938158,0.8234118943085201,0.006260051126868097,0.060884491970795776
13_06_02_02_02,13,6,neutral,0.4227137860212045,0.3351737152277613,0.021030327791204527,0.22108217095982954
13_07_01_01_01,13,7,neutral,0.35182239122742515,0.13183628162892688,0.04190684203702411,0.4744344851066239
13_07_01_01_02,13,7,neutral,0.392541456106372,0.13369566167990002,0.04388523962945563,0.4298776425842723
13_07_01_02_01,13,7,neutral,0.4422136546481657,0.16125262636282142,0.048816315254818096,0.3477174037341948
13_07_01_02_02,13,7,neutral,0.387290339228333,0.2753508032803689,0.03309995831556067,0.3042588991757374
13_07_02_01_01,13,7,neutral,0.2864414568222458,0.49407804827412277,0.021561896225152845,0.19791859867847855
13_07_02_01_02,13,7,neutral,0.30291610729890966,0.4490813345467126,0.01786230024136914,0.23014025791300866
13_07_02_02_01,13,7,neutral,0.35978733904527926,0.28775477091679036,0.047586738856499514,0.30487115118143066
13_07_02_02_02,13,7,neutral,0.3403386852438149,0.41419025755575195,0.028144557144147708,0.21732650005628545
13_08_01_01_01,13,8,neutral,0.35332730321122285,0.44411301155495353,0.01743173032719436,0.18512795490662926
13_08_01_01_02,13,8,neutral,0.3766541123615627,0.31216444573291574,0.02198171494858661,0.28919972695693497
13_08_01_02_01,13,8,neutral,0.28423370796221437,0.3701985944531599,0.009001359494274348,0.3365663380903514
13_08_01_02_02,13,8,neutral,0.25145837742855126,0.32952014957890136,0.008990804014867302,0.4100306689776801
13_08_02_01_01,13,8,neutral,0.24843697693607972,0.6008077021776987,0.0068057267349365055,0.14394959415128505
13_08_02_01_02,13,8,neutral,0.3625875335127549,0.4448743574745824,0.010734852624739208,0.18180325638792352
13_08_02_02_01,13,8,neutral,0.26409855670256727,0.5587687899780994,0.004909969469520253,0.17222268384981304
13_08_02_02_02,13,8,neutral,0.2175332857267669,0.6345970991516208,0.007070648386520031,0.14079896673509235
14_01_01_01_01,14,1,neutral,0.21533803598522436,0.5046596803416828,0.02316129169552336,0.25684099197756943
14_01_01_01_02,14,1,neutral,0.2107871610366926,0.4962699614086902,0.019127603775528117,0.27381527377908904
14_01_01_02_01,14,1,neutral,0.23773858437159698,0.43874372941261824,0.013732942609485552,0.3097847436062991
14_01_01_02_02,14,1,neutral,0.22927433015531454,0.47666011784365214,0.014432017072282479,0.27963353492875076
14_02_01_01_01,14,2,neutral,0.3580372850658971,0.36071449195554484,0.024752416057657392,0.25649580692090074
14_02_01_01_02,14,2,neutral,0.3490528155577656,0.31404757812730444,0.0636807978691495,0.2732188084457804
14_02_01_02_01,14,2,neutral,0.30065142762440694,0.3372481822531633,0.04703794845612773,0.31506244166630204
14_02_01_02_02,14,2,neutral,0.3507794690389122,0.38194268589931685,0.03140762209150276,0.23587022297026808
14_02_02_01_01,14,2,neutral,0.4330760361985965,0.3222614784457389,0.05486487183696893,0.18979761351869573
14_02_02_01_02,14,2,neutral,0.3837482180093459,0.2351880416138413,0.08191406408178807,0.29914967629502476
14_02_02_02_01,14,2,neutral,0.4477113584400684,0.2345587125488297,0.05896097708664357,0.25876895192445826
14_02_02_02_02,14,2,neutral,0.3710515619711459,0.3557620003113046,0.059575815971058516,0.21361062174649098
14_03_01_01_01,14,3,happy,0.34784727069433885,0.5870236394252732,0.023309008898271533,0.04182008098211627
14_03_01_01_02,14,3,happy,0.1518800305186188,0.7964554980264505,0.012604905095951165,0.039059566358979565
14_03_01_02_01,14,3,happy,0.4441383023223688,0.38452154883934575,0.04994390577965023,0.1213962430586353
14_03_01_02_02,14,3,happy,0.2605771408933421,0.659147554457499,0.02238117393401421,0.05789413071514471
14_03_02_01_01,14,3,happy,0.23590985139752998,0.7206975438178934,0.013105544860849295,0.030287059923727207
14_03_02_01_02,14,3,happy,0.34190305782323344,0.6045078832838514,0.022020445070627965,0.031568613822287234
14_03_02_02_01,14,3,happy,0.41303277158247215,0.5153623112714235,0.03187425546020468,0.03973066168589965
14_03_02_02_02,14,3,happy,0.5212532708331389,0.40157251831232116,0.040172211130251566,0.03700199972428834
14_04_01_01_01,14,4,sad,0.2762892650494038,0.4343680559053605,0.07685434767714192,0.2124883313680937
14_04_01_01_02,14,4,sad,0.14590404372416707,0.5609690896358691,0.03974304047021632,0.25338382616974753
14_04_01_02_01,14,4,sad,0.4134502424581582,0.3107138903684775,0.08799554251129274,0.18784032466207154
14_04_01_02_02,14,4,sad,0.23406649529681076,0.4054746265113756,0.07487948404680916,0.28557939414500444
14_04_02_01_01,14,4,sad,0.2280250058888604,0.6266404501156441,0.04268465118146914,0.10264989281402633
14_04_02_01_02,14,4,sad,0.4781553450857928,0.35259349379261556,0.06205671527140834,0.10719444585018327
14_04_02_02_01,14,4,sad,0.37733963567842077,0.4455964766945636,0.058973511688996165,0.11809037593801949
14_04_02_02_02,14,4,sad,0.418451161086561,0.42700057011526094,0.06409693747797857,0.09045133132019953
14_05_01_01_01,14,5,angry,0.10801250199759055,0.8363029665673563,0.010607922102143615,0.04507660933290969
14_05_01_01_02,14,5,angry,0.05837387391117102,0.9026829701021141,0.0047443935548902765,0.034198762431824584
14_05_01_02_01,14,5,angry,0.10585293169731817,0.8508737893470383,0.006463488252722711,0.03680979070292091
14_05_01_02_02,14,5,angry,0.08982729394746304,0.8670945091160598,0.0053651633544047625,0.037713033582072335
14_05_02_01_01,14,5,angry,0.19757789857889496,0.7417342183736078,0.02615090506908465,0.03453697797841268
14_05_02_01_02,14,5,angry,0.1373541494831638,0.8186470053713859,0.013260087313191216,0.030738757832259163
14_05_02_02_01,14,5,angry,0.16118609652775023,0.794388381323487,0.020103440570167684,0.02432208157859505
14_05_02_02_02,14,5,angry,0.14745405603590964,0.8224251661922752,0.009184224023769219,0.02093655374804588
14_06_01_01_01,14,6,neutral,0.3086791191317965,0.4851015577708813,0.06601792138147235,0.1402014017158497
14_06_01_01_02,14,6,neutral,0.17322880639174082,0.6180396310339323,0.04461223261950286,0.1641193299548241
14_06_01_02_01,14,6,neutral,0.3895926365905477,0.30880867201581846,0.08735146662493119,0.21424722476870262
14_06_01_02_02,14,6,neutral,0.4400013540653467,0.3305477330216959,0.07353819207368043,0.15591272083927704
14_06_02_01_01,14,6,neutral,0.28519529854719244,0.6206998263918068,0.03349741182884725,0.060607463232153595
14_06_02_01_02,14,6,neutral,0.4664268822006321,0.4546210916730612,0.01723632433349238,0.061715701792814395
14_06_02_02_01,14,6,neutral,0.33456032446182343,0.5735936996965172,0.03767565484078947,0.054170321000869874
14_06_02_02_02,14,6,neutral,0.44153057973132576,0.4350989773060864,0.05801622447707984,0.06535421848550807
14_07_01_01_01,14,7,neutral,0.40294193618276664,0.4435629603934902,0.06188571398939939,0.09160938943434387
14_07_01_01_02,14,7,neutral,0.2631233814835047,0.5951506070208787,0.02834914019250408,0.11337687130311248
14_07_01_02_01,14,7,neutral,0.2627966337947187,0.6023846630089043,0.04043378094774347,0.09438492224863354
14_07_01_02_02,14,7,neutral,0.29386396990539315,0.5812830010716471,0.06741997160862769,0.05743305741433207
14_07_02_01_01,14,7,neutral,0.4086836826911272,0.4631053441117247,0.03694755427699482,0.09126341892015334
14_07_02_01_02,14,7,neutral,0.41930927969004234,0.3262146247371677,0.11705796903183205,0.1374181265409579
14_07_02_02_01,14,7,neutral,0.5071883186811446,0.3570312820621175,0.04230698412387151,0.09347341513286635
14_07_02_02_02,14,7,neutral,0.22998428580677213,0.6231771551704988,0.04843580373691795,0.09840275528581113
14_08_01_01_01,14,8,neutral,0.24466416207112454,0.5443125674785277,0.01561871623253265,0.195404554217815
14_08_01_01_02,14,8,neutral,0.23284382389736474,0.5717437331580817,0.015064959647640765,0.18034748329691286
14_08_01_02_01,14,8,neutral,0.28898708748962276,0.4937761383276845,0.01737616341574968,0.1998606107669431
14_08_01_02_02,14,8,neutral,0.2247454181089487,0.5639874521662744,0.01521327111459831,0.19605385861017857
14_08_02_01_01,14,8,neutral,0.18060170050712798,0.7265348858915076,0.010627546007764999,0.08223586759359934
14_08_02_01_02,14,8,neutral,0.20647763590189933,0.7035180773401398,0.012110481188265512,0.07789380556969526
14_08_02_02_01,14,8,neutral,0.3078788404962599,0.5848999944249937,0.019325457782074982,0.08789570729667114
14_08_02_02_02,14,8,neutral,0.36252409562167426,0.5358133024064564,0.019741238364822264,0.08192136360704702
15_01_01_01_01,15,1,neutral,0.40128458085187924,0.2890945220975291,0.04270657695627871,0.2669143200943129
15_01_01_01_02,15,1,neutral,0.3891087760891658,0.31292746160344864,0.026121111600403504,0.2718426507069821
15_01_01_02_01,15,1,neutral,0.34291054345585553,0.3689553821881413,0.02392166284626179,0.26421241150974145
15_01_01_02_02,15,1,neutral,0.2982141018733151,0.37247907249626777,0.029881938245006855,0.29942488738541034
15_02_01_01_01,15,2,neutral,0.5030726024763055,0.12377012799689309,0.12049517143197065,0.2526620980948308
15_02_01_01_02,15,2,neutral,0.459782661309909,0.1563314053287448,0.10271122921690508,0.2811747041444411
15_02_01_02_01,15,2,neutral,0.5257967252205279,0.13678882218375513,0.18770926817273637,0.1497051844229807
15_02_01_02_02,15,2,neutral,0.5196011186097855,0.2157222210381264,0.05683133450850652,0.20784532584358156
15_02_02_01_01,15,2,neutral,0.5579776170767439,0.1974486355429887,0.07553643149063817,0.1690373158896293
15_02_02_01_02,15,2,neutral,0.4113644892621615,0.2269891990435975,0.10573756042572564,0.25590875126851537
15_02_02_02_01,15,2,neutral,0.5188403482119744,0.11451166003496435,0.20047623395522454,0.16617175779783672
15_02_02_02_02,15,2,neutral,0.6367814230911697,0.15636455167202987,0.08079216234217478,0.12606186289462562
15_03_01_01_01,15,3,happy,0.6123586315362459,0.17615880975060508,0.03648945698409546,0.17499310172905358
15_03_01_01_02,15,3,happy,0.5593073568543533,0.2236059461460432,0.026578371737879514,0.190508325261724
15_03_01_02_01,15,3,happy,0.7340965710390366,0.07437148903867305,0.0394950674212692,0.1520368725010211
15_03_01_02_02,15,3,happy,0.6719887819842322,0.12302111656553288,0.04937583682903102,0.15561426462120403
15_03_02_01_01,15,3,happy,0.26921049167681765,0.5986422377159195,0.03126430041746686,0.10088297018979604
15_03_02_01_02,15,3,happy,0.6568365049731176,0.21506021171534248,0.028891229991042752,0.09921205332049708
15_03_02_02_01,15,3,happy,0.6313627119949548,0.23486804257362726,0.03165970637083206,0.10210953906058585
15_03_02_02_02,15,3,happy,0.701025290131415,0.15697027586517018,0.029493967416719023,0.11251046658669579
15_04_01_01_01,15,4,sad,0.5159076703590726,0.2598363558053874,0.0478844133420715,0.17637156049346858
15_04_01_01_02,15,4,sad,0.4950241887406934,0.1547029175538586,0.06850807074821441,0.2817648229572336
15_04_01_02_01,15,4,sad,0.5552752441321618,0.1510846592767996,0.054017533782103895,0.23962256280893485
15_04_01_02_02,15,4,sad,0.5806492493341557,0.1597149335822673,0.08347773582412299,0.17615808125945384
15_04_02_01_01,15,4,sad,0.5868724889164783,0.2014362110641159,0.07276253470817629,0.13892876531122947
15_04_02_01_02,15,4,sad,0.7429511044712845,0.10738342932776725,0.08097659141282215,0.06868887478812609
15_04_02_02_01,15,4,sad,0.65375215318414,0.17103862106362128,0.036991873248455,0.13821735250378359
15_04_02_02_02,15,4,sad,0.7034908854509139,0.13030657235467905,0.0847944992980404,0.08140804289636656
15_05_01_01_01,15,5,angry,0.19797375353883867,0.7142339236968062,0.014878356195232508,0.07291396656912268
15_05_01_01_02,15,5,angry,0.17939990395796834,0.7582567722104768,0.013482849219159054,0.0488604746123959
15_05_01_02_01,15,5,angry,0.32395671730370285,0.5383887113034858,0.015742731222394897,0.12191184017041638
15_05_01_02_02,15,5,angry,0.11908194710471659,0.8353997548002807,0.004402779055191646,0.04111551903981119
15_05_02_01_01,15,5,angry,0.15226005060216535,0.7912120475968617,0.01111533375353781,0.04541256804743528
15_05_02_01_02,15,5,angry,0.13637639379003913,0.8158099866554961,0.00668224085887142,0.04113137869559343
15_05_02_02_01,15,5,angry,0.2817613191028749,0.6743876202792135,0.009289441013415807,0.0345616196044958
15_05_02_02_02,15,5,angry,0.1567445700095256,0.7981659876604175,0.005571278154368428,0.03951816417568863
15_06_01_01_01,15,6,neutral,0.5298476716122648,0.2438819289619717,0.0779025658165629,0.1483678336092007
15_06_01_01_02,15,6,neutral,0.6370731901478804,0.16435872360166878,0.07378069402235958,0.12478739222809127
15_06_01_02_01,15,6,neutral,0.5504435939065989,0.19660967005352778,0.13040088053588772,0.1225458555039855
15_06_01_02_02,15,6,neutral,0.5677249931067067,0.2363171538764244,0.06989644105277763,0.12606141196409146
15_06_02_01_01,15,6,neutral,0.5440887509380532,0.2939514780204118,0.09661896479400581,0.06534080624752907
15_06_02_01_02,15,6,neutral,0.4856056228473554,0.4293103515662519,0.040177921814324405,0.044906103772068315
15_06_02_02_01,15,6,neutral,0.6789429400840687,0.20238610457326434,0.05495490783123929,0.06371604751142752
15_06_02_02_02,15,6,neutral,0.4117006390912473,0.4684066481075718,0.046660251343129046,0.07323246145805172
15_07_01_01_01,15,7,neutral,0.5360451887721379,0.22049620976281245,0.09477208268575647,0.14868651877929318
15_07_01_01_02,15,7,neutral,0.6261925481963274,0.12015171466700586,0.05891536437479865,0.19474037276186817
15_07_01_02_01,15,7,neutral,0.5932818844897356,0.10702647318336907,0.10135140748440478,0.19834023484249058
15_07_01_02_02,15,7,neutral,0.40942442128065265,0.3590966591744008,0.023515833018762117,0.20796308652618448
15_07_02_01_01,15,7,neutral,0.4894587941763055,0.32719028796054284,0.05105660608741754,0.1322943117757342
15_07_02_01_02,15,7,neutral,0.6457315632680306,0.09443272708774894,0.09069257505746982,0.16914313458675065
15_07_02_02_01,15,7,neutral,0.46846720694577226,0.3754788320062933,0.052132059698951405,0.10392190134898294
15_07_02_02_02,15,7,neutral,0.5440306108965282,0.33034315854750085,0.04568738421117474,0.07993884634479635
15_08_01_01_01,15,8,neutral,0.6131930762731471,0.13381671271947293,0.08047568537765164,0.17251452562972824
15_08_01_01_02,15,8,neutral,0.5053350659463285,0.28196498169403555,0.021236282255190312,0.1914636701044457
15_08_01_02_01,15,8,neutral,0.6556900971710129,0.13378291110914475,0.03550635823233552,0.1750206334875068
15_08_01_02_02,15,8,neutral,0.6384306128232047,0.1651409470094951,0.02211121283280535,0.17431722733449487
15_08_02_01_01,15,8,neutral,0.3695499880145904,0.4599924742132715,0.044987037334539626,0.12547050043759853
15_08_02_01_02,15,8,neutral,0.6279918051455663,0.25111531782198016,0.021668097848654477,0.09922477918379924
15_08_02_02_01,15,8,neutral,0.666391097881916,0.13537839061271154,0.025274702324920562,0.17295580918045197
15_08_02_02_02,15,8,neutral,0.7081414718867034,0.1316244578279597,0.04147190057908562,0.11876216970625132
16_01_01_01_01,16,1,neutral,0.19138154280489839,0.6082318952519563,0.011467740147705562,0.18891882179543973
16_01_01_01_02,16,1,neutral,0.22029254831393483,0.5848006441179031,0.008903912076378846,0.18600289549178312
16_01_01_02_01,16,1,neutral,0.200419393636324,0.6413638510675229,0.008370328736485303,0.14984642655966782
16_01_01_02_02,16,1,neutral,0.3013666858725384,0.5001251958053108,0.010439936903051509,0.18806818141909926
16_02_01_01_01,16,2,neutral,0.28756495455393855,0.42533321711688266,0.017242409576210024,0.2698594187529688
16_02_01_01_02,16,2,neutral,0.29277205535785106,0.3853648134786022,0.031446110781417506,0.2904170203821292
16_02_01_02_01,16,2,neutral,0.2865068640306607,0.4785410195737947,0.018929521843437644,0.21602259455210698
16_02_01_02_02,16,2,neutral,0.33889731733713535,0.4643503122631841,0.013395209122812134,0.18335716127686835
16_02_02_01_01,16,2,neutral,0.37704213108276013,0.42224924892062443,0.019097796625799347,0.1816108233708161
16_02_02_01_02,16,2,neutral,0.21733640227836057,0.5548365955692023,0.017861249676359704,0.20996575247607746
16_02_02_02_01,16,2,neutral,0.33905451538390047,0.3460042288208165,0.028144552296600168,0.28679670349868286
16_02_02_02_02,16,2,neutral,0.3706486180120456,0.32659514970781944,0.026356117849373382,0.2764001144307615
16_03_01_01_01,16,3,happy,0.22469352603737813,0.6691392148225019,0.006600815670395035,0.09956644346972499
16_03_01_01_02,16,3,happy,0.23137580134494765,0.6663344581839236,0.009582495650974517,0.09270724482015429
16_03_01_02_01,16,3,happy,0.1799587378766871,0.7459632284608952,0.005723097130613207,0.06835493653180451
16_03_01_02_02,16,3,happy,0.17389458104460945,0.7153508973450824,0.008303612989490075,0.102450908620818
16_03_02_01_01,16,3,happy,0.23972722553889658,0.6987047064123159,0.007974830694872787,0.053593237353914795
16_03_02_01_02,16,3,happy,0.21262977814439182,0.7371999144732442,0.006863643653247895,0.04330666372911626
16_03_02_02_01,16,3,happy,0.18252567813927575,0.7676982547450307,0.005381143884405048,0.04439492323128847
16_03_02_02_02,16,3,happy,0.2907217667847602,0.6361081737911152,0.009368211738129763,0.063801847685995
16_04_01_01_01,16,4,sad,0.29435511687647364,0.4484300807162283,0.04319566808524433,0.2140191343220537
16_04_01_01_02,16,4,sad,0.3556516279778242,0.4441296365456766,0.035724545884756057,0.16449418959174314
16_04_01_02_01,16,4,sad,0.3506827647471594,0.397418716550123,0.02223948950149425,0.22965902920122333
16_04_01_02_02,16,4,sad,0.29907093698971143,0.4683252143124561,0.025330507381605936,0.20727334131622663
16_04_02_01_01,16,4,sad,0.668077306843452,0.10638734449418752,0.11500187655074609,0.11053347211161434
16_04_02_01_02,16,4,sad,0.5747622106150473,0.16934269233732419,0.10112664482287786,0.15476845222475072
16_04_02_02_01,16,4,sad,0.5817525041477661,0.20732768215412192,0.07785221343399391,0.133067600264118
16_04_02_02_02,16,4,sad,0.6020754915042487,0.1556598271737892,0.13148746152735968,0.11077721979460244
16_05_01_01_01,16,5,angry,0.07300334177178434,0.8975331075213993,0.0035760420147501024,0.025887508692066245
16_05_01_01_02,16,5,angry,0.12328675058083736,0.83430781603492,0.0063450375871186,0.03606039579712403
16_05_01_02_01,16,5,angry,0.10080858332787455,0.857452645265235,0.003420620016601846,0.03831815139028854
16_05_01_02_02,16,5,angry,0.09807712143573796,0.8625713383096955,0.003440423066570955,0.03591111718799546
16_05_02_01_01,16,5,angry,0.053921983191168414,0.938332491876669,9.386317992719882e-05,0.007651661752235353
16_05_02_01_02,16,5,angry,0.059180259736100874,0.9240191074345816,0.0036801486764997844,0.013120484152817705
16_05_02_02_01,16,5,angry,0.0720601102912784,0.9076010169047096,0.003615858511967941,0.0167230142920438
16_05_02_02_02,16,5,angry,0.06245404939944796,0.9222244748243008,9.226778612652067e-05,0.015229207990124664
16_06_01_01_01,16,6,neutral,0.44285079672022365,0.3876973777284486,0.06183118250980722,0.10762064304152058
16_06_01_01_02,16,6,neutral,0.2168989991604252,0.6420012943330249,0.02155569641478647,0.1195440100917632
16_06_01_02_01,16,6,neutral,0.5087307309990102,0.3278282380052678,0.03360225287606273,0.1298387781196593
16_06_01_02_02,16,6,neutral,0.469353555131653,0.3857597831075164,0.03856623150474594,0.10632043025608463
16_06_02_01_01,16,6,neutral,0.5860558839840647,0.3245543467638123,0.05097821245900867,0.03841155679311425
16_06_02_01_02,16,6,neutral,0.5607249796103118,0.3310498863738151,0.06684614667887692,0.041378987336996215
16_06_02_02_01,16,6,neutral,0.5983628931841475,0.3000874027607193,0.0553496713147184,0.04620003274041477
16_06_02_02_02,16,6,neutral,0.5057398397226349,0.34686849539628506,0.0899232718435103,0.057468393037569857
16_07_01_01_01,16,7,neutral,0.29977257237456467,0.5434095614743,0.021649594329404664,0.13516827182173063
16_07_01_01_02,16,7,neutral,0.35308961779430664,0.49448973142383557,0.025979502310578963,0.12644114847127888
16_07_01_02_01,16,7,neutral,0.31885729675642904,0.5210242385435557,0.011900111312420565,0.1482183533875946
16_07_01_02_02,16,7,neutral,0.3127455464018919,0.5177397417015595,0.015262512422882426,0.15425219947366625
16_07_02_01_01,16,7,neutral,0.3255917228041875,0.4929369780139072,0.029796093666066382,0.15167520551583896
16_07_02_01_02,16,7,neutral,0.3099677371511896,0.5721442712654637,0.02905557079712207,0.08883242078622461
16_07_02_02_01,16,7,neutral,0.33695637734735,0.5246471288256652,0.02305349514906091,0.11534299867792382
16_07_02_02_02,16,7,neutral,0.1466343318077546,0.7701877087625553,0.010030026574433594,0.07314793285525654
16_08_01_01_01,16,8,neutral,0.16841475576800136,0.6688689561758051,0.013114649097314383,0.14960163895887912
16_08_01_01_02,16,8,neutral,0.23156428903702836,0.6928696147772733,0.007899270389656687,0.06766682579604164
16_08_01_02_01,16,8,neutral,0.13718396317873005,0.7900476289281214,0.006477888914029735,0.06629051897911878
16_08_01_02_02,16,8,neutral,0.13820853150657386,0.7875724939927806,0.006458784595679969,0.06776018990496557
16_08_02_01_01,16,8,neutral,0.21561748741555303,0.6727448444717018,0.012255996081097236,0.09938167203164798
16_08_02_01_02,16,8,neutral,0.1392852541524438,0.7957677261163717,0.011165995431089386,0.05378102430009509
16_08_02_02_01,16,8,neutral,0.18375122883690312,0.7639919902546422,0.00884162244368515,0.0434151584647694
16_08_02_02_02,16,8,neutral,0.1336848606821523,0.8112080696247638,0.006177024667979895,0.04893004502510383
17_01_01_01_01,17,1,neutral,0.4424764485232115,0.09316995216684718,0.151304693411036,0.31304890589890527
17_01_01_01_02,17,1,neutral,0.48353450581385077,0.1313243190028994,0.12391475027059783,0.26122642491265197
17_01_01_02_01,17,1,neutral,0.4123858037165233,0.11054741562155841,0.12262640961773102,0.35444037104418735
17_01_01_02_02,17,1,neutral,0.457708229514633,0.05647719113292619,0.1864041053150588,0.2994104740373819
17_02_01_01_01,17,2,neutral,0.503477952498676,0.11718411608955506,0.07482194701782352,0.3045159843939455
17_02_01_01_02,17,2,neutral,0.49393407801708583,0.13586721716319367,0.10082827265282782,0.2693704321668927
17_02_01_02_01,17,2,neutral,0.5393522527620482,0.07872202018834086,0.14538022843841789,0.23654549861119303
17_02_01_02_02,17,2,neutral,0.46535773302498723,0.06258842155284608,0.14082814990503187,0.33122569551713493
17_02_02_01_01,17,2,neutral,0.5047128571242963,0.10060574693296484,0.11756838648075583,0.2771130094619831
17_02_02_01_02,17,2,neutral,0.5022509471702346,0.05515897481942182,0.1984093776170912,0.2441807003932523
17_02_02_02_01,17,2,neutral,0.5859692949670816,0.0456698020384401,0.16405518070537248,0.20430572228910585
17_02_02_02_02,17,2,neutral,0.5437693558526266,0.039945486618486396,0.21681755809630207,0.199467599432585
17_03_01_01_01,17,3,happy,0.5254489044841112,0.12002044800995779,0.08197336549333074,0.27255728201260015
17_03_01_01_02,17,3,happy,0.5445108702218859,0.19011315750483487,0.05778519991074382,0.20759077236253545
17_03_01_02_01,17,3,happy,0.4801717012709469,0.23950316300873611,0.044727540292007144,0.23559759542830983
17_03_01_02_02,17,3,happy,0.499817145159437,0.12487029709083837,0.12539059599988645,0.24992196174983825
17_03_02_01_01,17,3,happy,0.5143810306613591,0.30576209082236955,0.08143185763389514,0.09842502088237612
17_03_02_01_02,17,3,happy,0.5001639407071501,0.3542683183810776,0.05438649437950579,0.0911812465322666
17_03_02_02_01,17,3,happy,0.4571340469749967,0.3821923592570086,0.054803618503282255,0.10586997526471247
17_03_02_02_02,17,3,happy,0.49453555882352934,0.3327541580464368,0.06366500650091357,0.10904527662912014
17_04_01_01_01,17,4,sad,0.5507144336080988,0.09903197980808752,0.1528421517254865,0.19741143485832713
17_04_01_01_02,17,4,sad,0.5286189337135327,0.11893326013028051,0.1440116692858834,0.20843613687030338
17_04_01_02_01,17,4,sad,0.4366337403518394,0.08677999595440053,0.2052790893545436,0.27130717433921653
17_04_01_02_02,17,4,sad,0.5232625109719828,0.14471746896852505,0.12527207009150348,0.2067479499679887
17_04_02_01_01,17,4,sad,0.5498330833054286,0.11170652784463778,0.16567033200532294,0.1727900568446108
17_04_02_01_02,17,4,sad,0.5768977604383432,0.1260142049320999,0.14388518727689414,0.1532028473526627
17_04_02_02_01,17,4,sad,0.49103368064570285,0.10013967503755594,0.2253377060047207,0.18348893831202054
17_04_02_02_02,17,4,sad,0.5932313802282521,0.09025923736831537,0.17516490167822465,0.14134448072520786
17_05_01_01_01,17,5,angry,0.6479225550606262,0.07986139830847556,0.10339116068803951,0.16882488594285863
17_05_01_01_02,17,5,angry,0.4502984245565404,0.20259848972385994,0.11263324619719763,0.23446983952240205
17_05_01_02_01,17,5,angry,0.5005817317179029,0.24738085367059257,0.0868073404848663,0.16523007412663826
17_05_01_02_02,17,5,angry,0.4937682191104565,0.15201015409117805,0.13625060075973708,0.2179710260386285
17_05_02_01_01,17,5,angry,0.39261613728835243,0.5155626690297698,0.02598323810090212,0.0658379555809756
17_05_02_01_02,17,5,angry,0.21189066664373196,0.7064459028327363,0.011900738220389093,0.06976269230314264
17_05_02_02_01,17,5,angry,0.24700431004386328,0.6564264318105659,0.012302252721414985,0.08426700542415559
17_05_02_02_02,17,5,angry,0.16529850914479988,0.6875948322141533,0.016232153663294727,0.13087450497775222
17_06_01_01_01,17,6,neutral,0.5016976821122203,0.18822210910228618,0.12059412060395167,0.18948608818154178
17_06_01_01_02,17,6,neutral,0.5003142832267051,0.24384130076922297,0.10901732097761126,0.14682709502646063
17_06_01_02_01,17,6,neutral,0.5430060044187394,0.1632504424067916,0.1788684266389559,0.11487512653551307
17_06_01_02_02,17,6,neutral,0.35063665459705046,0.5279998031525138,0.04044224656003007,0.0809212956904056
17_06_02_01_01,17,6,neutral,0.4721566159625677,0.39341775427815756,0.06226941760186194,0.07215621215741276
17_06_02_01_02,17,6,neutral,0.392258288384436,0.5204309343692406,0.03474491089128762,0.05256586635503586
17_06_02_02_01,17,6,neutral,0.24798353352803781,0.6452838298998789,0.026921383573256234,0.07981125299882702
17_06_02_02_02,17,6,neutral,0.48278161834244837,0.40685829733781653,0.04086146967844074,0.06949861464129438
17_07_01_01_01,17,7,neutral,0.45602719554451826,0.3798943073478404,0.04204731697948609,0.1220311801281553
17_07_01_01_02,17,7,neutral,0.38290254789609734,0.42802184346589806,0.043865190929045304,0.1452104177089593
17_07_01_02_01,17,7,neutral,0.5924278171497789,0.14369346998349794,0.10679078717082746,0.15708792569589575
17_07_01_02_02,17,7,neutral,0.5348994852374244,0.1125895030125424,0.15708150472233212,0.1954295070277011
17_07_02_01_01,17,7,neutral,0.463250956793956,0.4180549172206467,0.04419171950964444,0.07450240647575294
17_07_02_01_02,17,7,neutral,0.5078091109546224,0.3071511165627195,0.03823842647740291,0.14680134600525518
17_07_02_02_01,17,7,neutral,0.5561256349008292,0.30614601426646815,0.06748908481219942,0.07023926602050318
17_07_02_02_02,17,7,neutral,0.5718314721302624,0.24618097649316598,0.08240376293593599,0.09958378844063563
17_08_01_01_01,17,8,neutral,0.5328521334330126,0.3019388922545977,0.0302623966536553,0.13494657765873452
17_08_01_01_02,17,8,neutral,0.5314187125940376,0.2901873884645012,0.07579632866738618,0.10259757027407491
17_08_01_02_01,17,8,neutral,0.47267231887313454,0.37948669422953635,0.03878974983151361,0.10905123706581553
17_08_01_02_02,17,8,neutral,0.5869685441502217,0.24458659782179393,0.06683969463159083,0.10160516339639361
17_08_02_01_01,17,8,neutral,0.3680091962289263,0.5046017688699814,0.03933222218019298,0.08805681272089926
17_08_02_01_02,17,8,neutral,0.633683659033311,0.17994189539415312,0.09170375721700233,0.09467068835553347
17_08_02_02_01,17,8,neutral,0.40006201425552806,0.4926475301957595,0.04663908771838385,0.0606513678303286
17_08_02_02_02,17,8,neutral,0.4178735965359907,0.4764829264103461,0.04116895222891141,0.06447452482475191
18_01_01_01_01,18,1,neutral,0.41676199389053664,0.13070510968162288,0.06794156587758983,0.38459133055025074
18_01_01_01_02,18,1,neutral,0.31001034615915046,0.20715120973206308,0.09073176509835473,0.3921066790104316
18_01_01_02_01,18,1,neutral,0.3232397195996058,0.19944265669599698,0.06309430732795963,0.4142233163764376
18_01_01_02_02,18,1,neutral,0.3853878993586751,0.18290595576312899,0.08265980661097362,0.3490463382672222
18_02_01_01_01,18,2,neutral,0.31928318559594177,0.21410032272910595,0.07476281423701103,0.39185367743794125
18_02_01_01_02,18,2,neutral,0.42990572074563455,0.14694948469651614,0.056887638956173554,0.3662571556016757
18_02_01_02_01,18,2,neutral,0.38891639132361916,0.23472074024346967,0.07133998317557272,0.30502288525733856
18_02_01_02_02,18,2,neutral,0.35738136100752854,0.3212980132137797,0.0463956801151582,0.27492494566353354
18_02_02_01_01,18,2,neutral,0.38364632524911674,0.19561772023049132,0.05258761124707054,0.36814834327332147
18_02_02_01_02,18,2,neutral,0.42891091694964656,0.17547063952528583,0.08231702948234053,0.31330141404272716
18_02_02_02_01,18,2,neutral,0.4558556111073283,0.24231479530393943,0.051679642737285696,0.25014995085144653
18_02_02_02_02,18,2,neutral,0.4424746745262646,0.20698241661757685,0.04981451778938533,0.30072839106677324
18_03_01_01_01,18,3,happy,0.4460466564090386,0.292701022366618,0.03762862521211153,0.22362369601223187
18_03_01_01_02,18,3,happy,0.4945905166022361,0.28359098601697086,0.035226147146707826,0.18659235023408524
18_03_01_02_01,18,3,happy,0.40090248555168756,0.33082341119391373,0.035649860277009025,0.23262424297738965
18_03_01_02_02,18,3,happy,0.46974124633079073,0.26625399915109094,0.030467933589090394,0.233536820929028
18_03_02_01_01,18,3,happy,0.4516043423118228,0.4304776063477338,0.039238985239814984,0.07867906610062846
18_03_02_01_02,18,3,happy,0.72870344755742,0.166695007069627,0.07526865480540149,0.029332890567551367
18_03_02_02_01,18,3,happy,0.5936176064132515,0.3171263303329559,0.03468683445960311,0.0545692287941896
18_03_02_02_02,18,3,happy,0.5389005024571055,0.3526706680491013,0.05542988577622782,0.05299894371756525
18_04_01_01_01,18,4,sad,0.2500428030559868,0.38282665426097356,0.06382072999032555,0.3033098126927142
18_04_01_01_02,18,4,sad,0.3312050011803515,0.36307364824698735,0.052840376950991315,0.2528809736216697
18_04_01_02_01,18,4,sad,0.29702275222809793,0.22221362011218987,0.08743002794798926,0.3933335997117228
18_04_01_02_02,18,4,sad,0.3253084289651657,0.2968308591276877,0.07777096748274706,0.30008974442439945
18_04_02_01_01,18,4,sad,0.6171283730435315,0.24947750845727504,0.07960192947888432,0.053792189020309224
18_04_02_01_02,18,4,sad,0.6711624747348552,0.2050645212642334,0.07469109517530674,0.04908190882560457
18_04_02_02_01,18,4,sad,0.6705031422703585,0.1585285669404748,0.11113144275988052,0.05983684802928638
18_04_02_02_02,18,4,sad,0.68135361725419,0.18593156664364763,0.08144141623123402,0.05127339987092847
18_05_01_01_01,18,5,angry,0.13567915590050736,0.711390458054208,0.023716719034463637,0.12921366701082102
18_05_01_01_02,18,5,angry,0.20107603952842285,0.6238070619871205,0.05644239545627528,0.11867450302818128
18_05_01_02_01,18,5,angry,0.1466398521205213,0.759575744198791,0.009006204466569983,0.08477819921411772
18_05_01_02_02,18,5,angry,0.1885705431181381,0.7043886537594665,0.016038995871462344,0.09100180725093318
18_05_02_01_01,18,5,angry,0.142719474155833,0.8116280321892677,0.007074893624407027,0.0385776000304922
18_05_02_01_02,18,5,angry,0.1397851141735625,0.8067974725503387,0.006611836514168144,0.04680557676193074
18_05_02_02_01,18,5,angry,0.2695854942711951,0.6768173938906351,0.010465525973513906,0.04313158586465574
18_05_02_02_02,18,5,angry,0.16493442660171684,0.7998062910513615,0.006570685090322564,0.02868859725659916
18_06_01_01_01,18,6,neutral,0.40265765530370595,0.3695893373187982,0.10325694730350089,0.12449606007399498
18_06_01_01_02,18,6,neutral,0.3669390177938872,0.4212984090074416,0.10725538896010699,0.1045071842385641
18_06_01_02_01,18,6,neutral,0.3552170771011432,0.4793767878110043,0.055239379377813896,0.11016675571003852
18_06_01_02_02,18,6,neutral,0.5184535798214377,0.29535423664377247,0.10255590268121358,0.08363628085357638
18_06_02_01_01,18,6,neutral,0.5850104355657673,0.28291247269836695,0.07797239155748426,0.054104700178381517
18_06_02_01_02,18,6,neutral,0.41147322669262654,0.4408502151516044,0.07525567944144541,0.07242087871432372
18_06_02_02_01,18,6,neutral,0.6412055861902792,0.2099045565129397,0.09184843986913685,0.05704141742764415
18_06_02_02_02,18,6,neutral,0.6761600029473276,0.1708318486697522,0.0960153120989518,0.05699283628396837
18_07_01_01_01,18,7,neutral,0.3675738018532129,0.4008842463639216,0.08291609629112982,0.1486258554917356
18_07_01_01_02,18,7,neutral,0.1570869702345005,0.6934862871044843,0.03993969973736535,0.10948704292364987
18_07_01_02_01,18,7,neutral,0.3469013942173708,0.5306619762929868,0.02738667426300957,0.09504995522663287
18_07_01_02_02,18,7,neutral,0.3220021894780888,0.48421636120039635,0.04751930866434204,0.1462621406571727
18_07_02_01_01,18,7,neutral,0.3995688322535232,0.46118562658427525,0.07426028575860862,0.06498525540359289
18_07_02_01_02,18,7,neutral,0.3128213982839885,0.5333215262735661,0.0900535993680743,0.0638034760743711
18_07_02_02_01,18,7,neutral,0.31708521450698646,0.5752055629269105,0.0448528240701404,0.06285639849596268
18_07_02_02_02,18,7,neutral,0.2110787309561682,0.7405293733628971,0.014225972108087634,0.03416592357284698
18_08_01_01_01,18,8,neutral,0.39184108157398917,0.2975004722635085,0.04813587679908849,0.26252256936341384
18_08_01_01_02,18,8,neutral,0.27484239419961215,0.4315638733332596,0.02865162492495275,0.26494210754217556
18_08_01_02_01,18,8,neutral,0.3788172284643856,0.37692697130148123,0.033610489461149334,0.21064531077298387
18_08_01_02_02,18,8,neutral,0.41525315417593595,0.33548417394147684,0.04394973867033355,0.2053129332122537
18_08_02_01_01,18,8,neutral,0.43235404691649487,0.4294044236352473,0.05065518455676212,0.08758634489149576
18_08_02_01_02,18,8,neutral,0.18041122731830575,0.6959028176766764,0.020680948164564422,0.1030050068404534
18_08_02_02_01,18,8,neutral,0.27885657756779386,0.627738505088157,0.01843314194894802,0.07497177539510093
18_08_02_02_02,18,8,neutral,0.287763589668912,0.5966579432707102,0.034082641476514026,0.08149582558386365
19_01_01_01_01,19,1,neutral,0.44962368503700945,0.09104955557282629,0.08234558763042527,0.37698117175973905
19_01_01_01_02,19,1,neutral,0.5018881737477071,0.08971991645121151,0.06507598234061453,0.3433159274604668
19_01_01_02_01,19,1,neutral,0.5642696926355876,0.04659914740618372,0.07791501166326802,0.31121614829496075
19_01_01_02_02,19,1,neutral,0.47811572752834003,0.06052524487204262,0.0956782561877045,0.3656807714119129
19_02_01_01_01,19,2,neutral,0.5348793663898995,0.05488436336057935,0.09775622691205772,0.3124800433374635
19_02_01_01_02,19,2,neutral,0.5062510748008122,0.04641224224512889,0.10360408733589366,0.3437325956181651
19_02_01_02_01,19,2,neutral,0.4664336803253329,0.04878441668289699,0.0970910117589725,0.38769089123279754
19_02_01_02_02,19,2,neutral,0.5473912749999907,0.026776098574484427,0.135030412285447,0.2908022141400778
19_02_02_01_01,19,2,neutral,0.43782395358851905,0.06630892077998124,0.14110838824411173,0.3547587373873879
19_02_02_01_02,19,2,neutral,0.5313665252764975,0.04015371614585599,0.183623350196318,0.2448564083813285
19_02_02_02_01,19,2,neutral,0.5454327576422251,0.03593247854696196,0.1776951184294458,0.2409396453813672
19_02_02_02_02,19,2,neutral,0.5235163724098951,0.03444924559354289,0.21782922693929288,0.22420515505726904
19_03_01_01_01,19,3,happy,0.5767183611278509,0.15965299438956917,0.055883224213244,0.20774542026933598
19_03_01_01_02,19,3,happy,0.6533501137663038,0.17137069375325592,0.043234462600925325,0.132044729879515
19_03_01_02_01,19,3,happy,0.561692470516037,0.052179484005853115,0.06915709823793866,0.3169709472401712
19_03_01_02_02,19,3,happy,0.5137075677257866,0.13428004405629113,0.060769176475615534,0.29124321174230666
19_03_02_01_01,19,3,happy,0.5712014694992577,0.25088503276851637,0.03430984750362484,0.14360365022860103
19_03_02_01_02,19,3,happy,0.7698679925792071,0.07909466460627422,0.03705323215041199,0.11398411066410671
19_03_02_02_01,19,3,happy,0.641261472724168,0.18652911850142498,0.08986586313377089,0.08234354564063617
19_03_02_02_02,19,3,happy,0.33227074409287366,0.4682806768321693,0.0463238720375986,0.15312470703735834
19_04_01_01_01,19,4,sad,0.4917390374450071,0.08724713097983137,0.05466931526138188,0.36634451631377973
19_04_01_01_02,19,4,sad,0.5179999581901776,0.03516081510601843,0.2077268533912501,0.23911237331255383
19_04_01_02_01,19,4,sad,0.5432462398837061,0.021539157867182558,0.12477177030270885,0.3104428319464024
19_04_01_02_02,19,4,sad,0.4339198127686648,0.03165110899761861,0.152717974750556,0.3817111034831607
19_04_02_01_01,19,4,sad,0.7605512407097745,0.07569758739589745,0.11492154151956671,0.048829630374761436
19_04_02_01_02,19,4,sad,0.7503115187867763,0.038044930786457785,0.11418913043770897,0.09745441998905685
19_04_02_02_01,19,4,sad,0.7033837627607005,0.025301639780980472,0.1078814478114196,0.1634331496468995
19_04_02_02_02,19,4,sad,0.785419564223237,0.020129965625470845,0.10853368343144261,0.08591678671984947
19_05_01_01_01,19,5,angry,0.3148163621280504,0.6020329344046037,0.014586043152889241,0.06856466031445677
19_05_01_01_02,19,5,angry,0.27283508661848,0.5839808188430029,0.020771043330359753,0.12241305120815738
19_05_01_02_01,19,5,angry,0.647490712487101,0.19539929171460385,0.029100013347811992,0.12800998245048323
19_05_01_02_02,19,5,angry,0.2082297407889212,0.6750067279094785,0.02151361907987948,0.09524991222172087
19_05_02_01_01,19,5,angry,0.15219448507759845,0.8235920292735464,0.004351826070446043,0.019861659578409
19_05_02_01_02,19,5,angry,0.2610399749070185,0.6982557956373986,0.008923025759199663,0.03178120369638321
19_05_02_02_01,19,5,angry,0.316921977701148,0.6165083001828151,0.012982901781668459,0.05358682033436828
19_05_02_02_02,19,5,angry,0.16880124352373924,0.795899378687878,0.009685058635408816,0.025614319152974074
19_06_01_01_01,19,6,neutral,0.5953455061869326,0.1140548624058463,0.12926028831466455,0.16133934309255665
19_06_01_01_02,19,6,neutral,0.55778770864103,0.09239408205647004,0.17378641426816877,0.1760317950343311
19_06_01_02_01,19,6,neutral,0.578324869494678,0.13527917056015593,0.15248415612606164,0.13391180381910445
19_06_01_02_02,19,6,neutral,0.5160612712215252,0.16445352628527807,0.06203222990495364,0.25745297258824307
19_06_02_01_01,19,6,neutral,0.8114966919416573,0.10221496916155742,0.04451709874304453,0.04177124015374073
19_06_02_01_02,19,6,neutral,0.7542268268861907,0.13973303216375166,0.0435868217472875,0.06245331920277023
19_06_02_02_01,19,6,neutral,0.5078139929848562,0.3485776415481183,0.09290106347692145,0.050707301990104044
19_06_02_02_02,19,6,neutral,0.6819429048144807,0.08505435693388783,0.20303454049780756,0.029968197753823866
19_07_01_01_01,19,7,neutral,0.5970678940666772,0.14852981248257396,0.10551719748725258,0.1488850959634963
19_07_01_01_02,19,7,neutral,0.637766437156783,0.059527461420825906,0.1127849527385917,0.1899211486837993
19_07_01_02_01,19,7,neutral,0.64003545790149,0.0716355528343196,0.10791166194092955,0.1804173273232609
19_07_01_02_02,19,7,neutral,0.490648130788403,0.2220996999665394,0.07685326987182428,0.2103988993732333
19_07_02_01_01,19,7,neutral,0.6210392235606867,0.17839584635969874,0.14525424535528847,0.05531068472432613
19_07_02_01_02,19,7,neutral,0.6702719579242629,0.20963422463374196,0.07133062605871757,0.04876319138327761
19_07_02_02_01,19,7,neutral,0.4124229661668191,0.5068350305399137,0.03642699744369472,0.044315005849572375
19_07_02_02_02,19,7,neutral,0.6222442169935641,0.2829382352518336,0.04575243005960692,0.049065117694995324
19_08_01_01_01,19,8,neutral,0.3665513018807684,0.2121659904595382,0.06984180908096793,0.3514408985787257
19_08_01_01_02,19,8,neutral,0.5286007987325316,0.06465007545716886,0.03158282587833523,0.37516629993196426
19_08_01_02_01,19,8,neutral,0.564886828535251,0.0785748970506937,0.04517571806315113,0.3113625563509042
19_08_01_02_02,19,8,neutral,0.39811727878650754,0.16418113350223923,0.046078931643014666,0.39162265606823865
19_08_02_01_01,19,8,neutral,0.3240864993948959,0.42929911151793787,0.03512013472972546,0.2114942543574407
19_08_02_01_02,19,8,neutral,0.439259402961886,0.34968560355424444,0.04395872916372092,0.16709626432014868
19_08_02_02_01,19,8,neutral,0.6859288961881984,0.11770944546418247,0.027966285078703367,0.1683953732689158
19_08_02_02_02,19,8,neutral,0.42501789636869447,0.34007294128250043,0.019446618811103426,0.21546254353770164
20_01_01_01_01,20,1,neutral,0.2315953164341528,0.42279858222521327,0.033681200161487894,0.3119249011791461
20_01_01_01_02,20,1,neutral,0.2709731831537126,0.4562252069634781,0.026935689548731493,0.2458659203340777
20_01_01_02_01,20,1,neutral,0.2438905061581218,0.4351859026195606,0.028249072118629922,0.2926745191036877
20_01_01_02_02,20,1,neutral,0.28607704355776875,0.40477378443594436,0.024420594248953528,0.28472857775733335
20_02_01_01_01,20,2,neutral,0.39607243179734236,0.2122520619623004,0.07693419686756287,0.3147413093727944
20_02_01_01_02,20,2,neutral,0.3850203880685049,0.19748214310788662,0.05514464094358351,0.362352827880025
20_02_01_02_01,20,2,neutral,0.33872456415806745,0.21299881938596302,0.057005768232887805,0.39127084822308167
20_02_01_02_02,20,2,neutral,0.44074326622691823,0.18624429565818953,0.07137428441033433,0.3016381537045578
20_02_02_01_01,20,2,neutral,0.4431831075274979,0.14261799998798974,0.0922141396135559,0.3219847528709565
20_02_02_01_02,20,2,neutral,0.5086734559531869,0.07676566246496123,0.09414246531121534,0.32041841627063655
20_02_02_02_01,20,2,neutral,0.4668290188483876,0.083279322306628,0.09975553426181398,0.3501361245831705
20_02_02_02_02,20,2,neutral,0.5088919682909964,0.1393920276814374,0.07000525460643592,0.2817107494211304
20_03_01_01_01,20,3,happy,0.4077166034671565,0.412654820355928,0.03259111723311435,0.14703745894380119
20_03_01_01_02,20,3,happy,0.478774506564376,0.3387199806037139,0.033098914642616176,0.14940659818929397
20_03_01_02_01,20,3,happy,0.5209408261792552,0.27282044485892487,0.04171186876320654,0.16452686019861354
20_03_01_02_02,20,3,happy,0.4802207864638376,0.2467586311218952,0.026463416336465363,0.2465571660778019
20_03_02_01_01,20,3,happy,0.22733953970229243,0.648990287470794,0.026381225498989417,0.09728894732792423
20_03_02_01_02,20,3,happy,0.7562714604149202,0.13484975331282567,0.062346132868362845,0.04653265340389127
20_03_02_02_01,20,3,happy,0.33269857201490893,0.5843563803401812,0.013991684971658902,0.0689533626732508
20_03_02_02_02,20,3,happy,0.3803437183261,0.5164688518018624,0.062338472869450094,0.040848957002587574
20_04_01_01_01,20,4,sad,0.3662652769308248,0.09162140040662531,0.17889975495061838,0.3632135677119315
20_04_01_01_02,20,4,sad,0.44915408936911977,0.09239757081814548,0.14284944882038786,0.315598890992347
20_04_01_02_01,20,4,sad,0.28245096619853555,0.12238444450518529,0.08486067338759447,0.5103039159086846
20_04_01_02_02,20,4,sad,0.4873752679535078,0.033399324122980634,0.17523463411878248,0.3039907738047291
20_04_02_01_01,20,4,sad,0.6944622242334644,0.051250133858736835,0.13341484424361952,0.12087279766417933
20_04_02_01_02,20,4,sad,0.7204656276162337,0.0817846395380846,0.17016559783558372,0.027584135010098088
20_04_02_02_01,20,4,sad,0.5345898569607204,0.08265460692731434,0.2105477338121785,0.17220780229978672
20_04_02_02_02,20,4,sad,0.7400609162708065,0.070615216759595,0.14409184074458978,0.04523202622500885
20_05_01_01_01,20,5,angry,0.24883573916311497,0.4774386804238985,0.028764154032684387,0.24496142638030222
20_05_01_01_02,20,5,angry,0.1694953437469897,0.7442226029544526,0.014770737869514158,0.07151131542904343
20_05_01_02_01,20,5,angry,0.35568014307568796,0.3968719714854553,0.023769673777008317,0.22367821166184843
20_05_01_02_02,20,5,angry,0.3992855184725099,0.4502434714678215,0.03621793300400768,0.11425307705566096
20_05_02_01_01,20,5,angry,0.2926647070172147,0.6416203411575269,0.03709661664382816,0.028618335181430154
20_05_02_01_02,20,5,angry,0.3849155117156729,0.5396007364673882,0.03094972364870208,0.04453402816823679
20_05_02_02_01,20,5,angry,0.27092295171091224,0.6735289887915284,0.029406185286168056,0.026141874211391414
20_05_02_02_02,20,5,angry,0.4338987346542877,0.46995009810037913,0.06526423753653388,0.03088692970879938
20_06_01_01_01,20,6,neutral,0.42177077382342276,0.30032779733771386,0.07852963167301125,0.1993717971658522
20_06_01_01_02,20,6,neutral,0.50719138180177,0.18393271216091284,0.10191235193626891,0.20696355410104836
20_06_01_02_01,20,6,neutral,0.3701435782608154,0.13165870061097387,0.06053623079851042,0.4376614903297003
20_06_01_02_02,20,6,neutral,0.34086862912341076,0.10152027108455376,0.13069973091337736,0.4269113688786581
20_06_02_01_01,20,6,neutral,0.8091289657051763,0.06783710648944705,0.08471920766952219,0.038314720135854435
20_06_02_01_02,20,6,neutral,0.8023423340484969,0.06680790345917911,0.0908254088344838,0.04002435365784026
20_06_02_02_01,20,6,neutral,0.6246271259125694,0.22894147806574872,0.0678269078552683,0.07860448816641354
20_06_02_02_02,20,6,neutral,0.6927724603220415,0.1321629208915098,0.12105598195787438,0.05400863682857429
20_07_01_01_01,20,7,neutral,0.23611339879193058,0.6280241051881704,0.02722920992937186,0.10863328609052703
20_07_01_01_02,20,7,neutral,0.42120400796991403,0.3217667681701641,0.04250771813527401,0.21452150572464793
20_07_01_02_01,20,7,neutral,0.35836565928359143,0.3820309486432136,0.0639251544861682,0.19567823758702682
20_07_01_02_02,20,7,neutral,0.40322052019653026,0.36159770789438506,0.05137804812013458,0.1838037237889501
20_07_02_01_01,20,7,neutral,0.21741230366231876,0.6588236072981584,0.0332322745970392,0.09053181444248364
20_07_02_01_02,20,7,neutral,0.31891613313887696,0.5083791061962148,0.09311600071797492,0.07958875994693328
20_07_02_02_01,20,7,neutral,0.41597341993200937,0.5008701434332915,0.03335710490261035,0.049799331732088815
20_07_02_02_02,20,7,neutral,0.4195761315226238,0.49800684045388416,0.036443325642538715,0.04597370238095332
20_08_01_01_01,20,8,neutral,0.4005770073442036,0.3568348088131504,0.04083415906155881,0.2017540247810872
20_08_01_01_02,20,8,neutral,0.42149066034557103,0.3407794295876391,0.05717804371601239,0.18055186635077744
20_08_01_02_01,20,8,neutral,0.33606318825719006,0.39383916053322293,0.0411869005705021,0.2289107506390849
20_08_01_02_02,20,8,neutral,0.362416603018325,0.33497417442992744,0.03842185045033604,0.26418737210141163
20_08_02_01_01,20,8,neutral,0.6763084686006654,0.19029886591316492,0.07252777536108768,0.060864890125082005
20_08_02_01_02,20,8,neutral,0.2760961331620961,0.434532497576901,0.02697825078864561,0.2623931184723573
20_08_02_02_01,20,8,neutral,0.6513504954096025,0.18220125445472637,0.10160874324692018,0.06483950688875091
20_08_02_02_02,20,8,neutral,0.4394927075096747,0.30185029251772105,0.09085463288567035,0.1678023670869339
21_01_01_01_01,21,1,neutral,0.3833602980038941,0.1801079251017093,0.05297020224172207,0.3835615746526746
21_01_01_01_02,21,1,neutral,0.5073799017381909,0.13878946290629346,0.04658637085799959,0.307244264497516
21_01_01_02_01,21,1,neutral,0.43438304394049004,0.17774736251307063,0.054520892040614284,0.33334870150582513
21_01_01_02_02,21,1,neutral,0.40619441684693863,0.1753727386230321,0.041131109854571295,0.3773017346754581
21_02_01_01_01,21,2,neutral,0.5260935679827331,0.06027808420957956,0.11216815170942142,0.3014601960982659
21_02_01_01_02,21,2,neutral,0.49038330737399644,0.07494950160696097,0.07625933762623638,0.3584078533928063
21_02_01_02_01,21,2,neutral,0.4966707887766591,0.0872647165872509,0.06668803507179291,0.349376459564297
21_02_01_02_02,21,2,neutral,0.49293967116333,0.059927088241904694,0.11635641362088994,0.3307768269738753
21_02_02_01_01,21,2,neutral,0.6111509351863682,0.04984982789780948,0.10328535901285918,0.235713877902963
21_02_02_01_02,21,2,neutral,0.5101234030739017,0.036682143913601896,0.17388637601284454,0.2793080769996519
21_02_02_02_01,21,2,neutral,0.4441258341836437,0.0502943835593504,0.13035129717279675,0.37522848508420914
21_02_02_02_02,21,2,neutral,0.49668186672270853,0.0559020763187082,0.16497595286039804,0.28244010409818526
21_03_01_01_01,21,3,happy,0.420504437047677,0.22465549166024076,0.03160343643002175,0.32323663486206056
21_03_01_01_02,21,3,happy,0.4997296792607715,0.23630352597818025,0.026472593369957553,0.2374942013910907
21_03_01_02_01,21,3,happy,0.5906962433766051,0.13224564708791847,0.04993101934181424,0.2271270901936622
21_03_01_02_02,21,3,happy,0.49569281786586505,0.2301457164478872,0.04218778261530935,0.23197368307093824
21_03_02_01_01,21,3,happy,0.5090038039798042,0.31805754916519013,0.011959921515917588,0.1609787253390881
21_03_02_01_02,21,3,happy,0.4271212041580417,0.37212500190274395,0.011868438519339724,0.18888535541987467
21_03_02_02_01,21,3,happy,0.5597347385829263,0.24243402387013802,0.024741732463822896,0.17308950508311277
21_03_02_02_02,21,3,happy,0.46938589608038284,0.343923777149038,0.019188927532587267,0.167501399237992
21_04_01_01_01,21,4,sad,0.5578242982698552,0.07161869510918839,0.10035173039166569,0.2702052762292906
21_04_01_01_02,21,4,sad,0.4906412103904246,0.05451284694066277,0.11386809675499801,0.34097784591391456
21_04_01_02_01,21,4,sad,0.565772388188764,0.04438767812413516,0.10296525714245071,0.28687467654465015
21_04_01_02_02,21,4,sad,0.5551088913286808,0.06346862173300692,0.0758756845537969,0.30554680238451537
21_04_02_01_01,21,4,sad,0.7555436552157526,0.054876229331477185,0.059210105015456815,0.13037001043731333
21_04_02_01_02,21,4,sad,0.7483424831031165,0.07394505721991769,0.04289517184606158,0.1348172878309041
21_04_02_02_01,21,4,sad,0.7447655481412733,0.06329293677896465,0.04593204322008027,0.1460094718596819
21_04_02_02_02,21,4,sad,0.7451100940172484,0.056306949822298044,0.03268352919556729,0.16589942696488638
21_05_01_01_01,21,5,angry,0.4133232372562433,0.4453590785120272,0.016256574408739857,0.1250611098229895
21_05_01_01_02,21,5,angry,0.38589580732771017,0.4636633465885287,0.01911403406902701,0.13132681201473415
21_05_01_02_01,21,5,angry,0.4302337570751593,0.46281373565690237,0.01572590453859868,0.09122660272933955
21_05_01_02_02,21,5,angry,0.37130455345324603,0.5195199339337233,0.010694357893142147,0.09848115471988846
21_05_02_01_01,21,5,angry,0.4746265184123628,0.4339811299759714,0.020253869867455452,0.07113848174421046
21_05_02_01_02,21,5,angry,0.44264632791665554,0.4813862863476634,0.014521825299429768,0.06144556043625138
21_05_02_02_01,21,5,angry,0.3686140433268995,0.5525542117975591,0.01622458670927126,0.06260715816627023
21_05_02_02_02,21,5,angry,0.40366541873824585,0.5302739536341095,0.01337777136779146,0.05268285625985325
21_06_01_01_01,21,6,neutral,0.6626283692231573,0.1045927123618489,0.03816721909331421,0.1946116993216797
21_06_01_01_02,21,6,neutral,0.5694550888695389,0.15115852791798895,0.04477019168283779,0.23461619152963437
21_06_01_02_01,21,6,neutral,0.6810196935815405,0.05872602402682256,0.09979975307426664,0.16045452931737028
21_06_01_02_02,21,6,neutral,0.5749392464447994,0.08784070832030741,0.08792860400188789,0.24929144123300537
21_06_02_01_01,21,6,neutral,0.6739173261571242,0.1491608287923526,0.03845998682149043,0.13846185822903279
21_06_02_01_02,21,6,neutral,0.6499822687265369,0.18588549392976594,0.055925164219368904,0.10820707312432845
21_06_02_02_01,21,6,neutral,0.7480062170996502,0.146009971387014,0.04100571303175687,0.06497809848157876
21_06_02_02_02,21,6,neutral,0.608448757899399,0.17754553143340587,0.07018267655383016,0.14382303411336494
21_07_01_01_01,21,7,neutral,0.37352982941844637,0.4426244279801975,0.02122602725339776,0.16261971534795833
21_07_01_01_02,21,7,neutral,0.5025737347490097,0.28632708608254903,0.031402881567185924,0.17969629760125544
21_07_01_02_01,21,7,neutral,0.5171752525232093,0.2916546706391861,0.023806139201188913,0.16736393763641572
21_07_01_02_02,21,7,neutral,0.45358203821390913,0.326739173996517,0.02485517107150966,0.19482361671806409
21_07_02_01_01,21,7,neutral,0.537842822462006,0.24436627292195143,0.03832520807954104,0.17946569653650152
21_07_02_01_02,21,7,neutral,0.502848894736205,0.2408614910067418,0.051144113538412014,0.20514550071864115
21_07_02_02_01,21,7,neutral,0.45591908159522837,0.3789798411863436,0.031249019364140693,0.13385205785428742
21_07_02_02_02,21,7,neutral,0.5787096334446443,0.22070175997356956,0.04840639593416852,0.15218221064761753
21_08_01_01_01,21,8,neutral,0.45123099166026664,0.32735254836693045,0.01681829984474601,0.20459816012805684
21_08_01_01_02,21,8,neutral,0.3469512732391657,0.424558514562654,0.017748237521613364,0.2107419746765669
21_08_01_02_01,21,8,neutral,0.5379421946226525,0.2923816338916577,0.02964634022746438,0.14002983125822532
21_08_01_02_02,21,8,neutral,0.3485489581302484,0.4845599739795905,0.008959269831862607,0.1579317980582986
21_08_02_01_01,21,8,neutral,0.3786694633344214,0.5133510302644124,0.01633715359417113,0.09164235280699505
21_08_02_01_02,21,8,neutral,0.47084678186705814,0.36318028414498427,0.01962711045187107,0.14634582353608658
21_08_02_02_01,21,8,neutral,0.5188876208950324,0.34250422171898554,0.014096416832679353,0.12451174055330277
21_08_02_02_02,21,8,neutral,0.5285034162878833,0.2971283353375961,0.019511440907287174,0.15485680746723338
22_01_01_01_01,22,1,neutral,0.3457298117842816,0.19051164847555063,0.03757261836334887,0.4261859213768189
22_01_01_01_02,22,1,neutral,0.4664668736178477,0.16382656353965538,0.044957950455086146,0.32474861238741076
22_01_01_02_01,22,1,neutral,0.4269079922406778,0.19501343139418764,0.03841508164674276,0.33966349471839175
22_01_01_02_02,22,1,neutral,0.3760897851989972,0.17417648619740556,0.05180047688846732,0.39793325171512994
22_02_01_01_01,22,2,neutral,0.5228481955972973,0.13715349683173245,0.05266609579013887,0.28733221178083124
22_02_01_01_02,22,2,neutral,0.48444507987956376,0.14956555625475762,0.05837347744365739,0.3076158864220212
22_02_01_02_01,22,2,neutral,0.4721421873015276,0.13024267762710542,0.03772498457144699,0.35989015049991985
22_02_01_02_02,22,2,neutral,0.4556380481462762,0.1473350427178522,0.06352964835788436,0.3334972607779872
22_02_02_01_01,22,2,neutral,0.5230843873364818,0.17255349677307008,0.09072345991567299,0.21363865597477522
22_02_02_01_02,22,2,neutral,0.5208613258521094,0.19657702257625514,0.06519645476575671,0.2173651968058786
22_02_02_02_01,22,2,neutral,0.5091312462014749,0.07975571573404476,0.09010555150368683,0.32100748656079336
22_02_02_02_02,22,2,neutral,0.48165495205928277,0.1807932338997425,0.04944457756080009,0.2881072364801748
22_03_01_01_01,22,3,happy,0.3595030860906389,0.30889620571545423,0.04850259177499218,0.28309811641891475
22_03_01_01_02,22,3,happy,0.5141135033178942,0.20690115029664838,0.03907602822835851,0.23990931815709907
22_03_01_02_01,22,3,happy,0.3771859657520788,0.33967228409407174,0.021844574374984636,0.26129717577886485
22_03_01_02_02,22,3,happy,0.4068456739684092,0.3187924123798994,0.02665296906295349,0.24770894458873802
22_03_02_01_01,22,3,happy,0.2977624019949872,0.60613580558898,0.017470622615931068,0.07863116980010178
22_03_02_01_02,22,3,happy,0.362214534294444,0.525976763326669,0.035218192550560565,0.07659050982832653
22_03_02_02_01,22,3,happy,0.3260770020440161,0.5980852886939846,0.030683755045361773,0.045153954216637565
22_03_02_02_02,22,3,happy,0.3305355485544244,0.570484957094536,0.027785957770018604,0.07119353658102116
22_04_01_01_01,22,4,sad,0.3741426804504246,0.2235999659071634,0.06095189621767862,0.34130545742473334
22_04_01_01_02,22,4,sad,0.3357552222018816,0.26307138687528947,0.07017216625710378,0.3310012246657253
22_04_01_02_01,22,4,sad,0.357017904512533,0.1609440609841212,0.12393854754212334,0.3580994869612224
22_04_01_02_02,22,4,sad,0.3292573357265266,0.2250782318686939,0.1075527069518763,0.33811172545290324
22_04_02_01_01,22,4,sad,0.42809437868892514,0.23372265711097445,0.12632361924168536,0.21185934495841516
22_04_02_01_02,22,4,sad,0.4847775862755526,0.26814228297980064,0.07717556004423531,0.16990457070041146
22_04_02_02_01,22,4,sad,0.44314042212203386,0.2586207646191876,0.09854827934309719,0.19969053391568128
22_04_02_02_02,22,4,sad,0.37073333871895753,0.3525007412547712,0.05548700462786577,0.2212789153984054
22_05_01_01_01,22,5,angry,0.2386162843161978,0.619622888971502,0.01610091068375657,0.12565991602854368
22_05_01_01_02,22,5,angry,0.2143955910413935,0.6702089297800843,0.009257784313921191,0.10613769486460113
22_05_01_02_01,22,5,angry,0.2299192964941915,0.6397006788859749,0.015142797953115926,0.11523722666671754
22_05_01_02_02,22,5,angry,0.1948114667325473,0.6967626361228616,0.011020202911169273,0.09740569423342176
22_05_02_01_01,22,5,angry,0.16376943781251024,0.7889432210155868,0.010700237317968975,0.03658710385393394
22_05_02_01_02,22,5,angry,0.09901821777503447,0.8655538528012876,0.0065718147049980205,0.028856114718679715
22_05_02_02_01,22,5,angry,0.12807030820594406,0.8278192550775776,0.00977378282268815,0.03433665389379021
22_05_02_02_02,22,5,angry,0.09644488769085752,0.8677979943657704,0.007950632210052617,0.02780648573331942
22_06_01_01_01,22,6,neutral,0.3452671397052559,0.4079467584505836,0.06709112868876009,0.1796949731554005
22_06_01_01_02,22,6,neutral,0.4288866273302402,0.3326312245823656,0.07963851068106034,0.15884363740633387
22_06_01_02_01,22,6,neutral,0.3513074247923269,0.3311277917121352,0.06901102523185101,0.24855375826368686
22_06_01_02_02,22,6,neutral,0.3807351033275081,0.3919195170704689,0.04156674160918023,0.1857786379928428
22_06_02_01_01,22,6,neutral,0.37822845350887613,0.45264177998045496,0.06810771414511115,0.1010220523655577
22_06_02_01_02,22,6,neutral,0.4327845233678778,0.44387985894103293,0.051051915729246514,0.07228370196184275
22_06_02_02_01,22,6,neutral,0.5344230043814026,0.3431342321432421,0.06833572988722676,0.05410703358812862
22_06_02_02_02,22,6,neutral,0.543973421532039,0.3302681978721219,0.066620600156898,0.059137780438941065
22_07_01_01_01,22,7,neutral,0.41031979427523546,0.3902848169120215,0.022187163632050904,0.1772082251806923
22_07_01_01_02,22,7,neutral,0.358422872351037,0.4478148634890632,0.033270456630706734,0.16049180752919306
22_07_01_02_01,22,7,neutral,0.5306989412145847,0.24041847634494556,0.0308016630639246,0.19808091937654515
22_07_01_02_02,22,7,neutral,0.5037007621567662,0.2879754770225657,0.03011675467443393,0.17820700614623405
22_07_02_01_01,22,7,neutral,0.44009604487184856,0.4451824907400624,0.029430662437888503,0.0852908019502004
22_07_02_01_02,22,7,neutral,0.3526521150474942,0.5507857532233452,0.015782328375796455,0.08077980335336409
22_07_02_02_01,22,7,neutral,0.5258872078051041,0.2929503765180482,0.038531853655283145,0.14263056202156454
22_07_02_02_02,22,7,neutral,0.45692714353148256,0.4346651617433636,0.02422431446398486,0.0841833802611688
22_08_01_01_01,22,8,neutral,0.2886550778398095,0.5840652259091076,0.013784324870596571,0.11349537138048622
22_08_01_01_02,22,8,neutral,0.26823153786478543,0.5893586705536604,0.014729320479046074,0.1276804711025081
22_08_01_02_01,22,8,neutral,0.31566280928694196,0.5037210880156163,0.018315220622976584,0.16230088207446508
22_08_01_02_02,22,8,neutral,0.3299904580950856,0.5330481093353086,0.019246423650978315,0.11771500891862756
22_08_02_01_01,22,8,neutral,0.26773330430399017,0.6328026456260432,0.01581960702790855,0.08364444304205822
22_08_02_01_02,22,8,neutral,0.3550520085987949,0.5367334111018038,0.020634499734008847,0.08758008056539239
22_08_02_02_01,22,8,neutral,0.28466633276928627,0.6436706257920073,0.021204119106213584,0.05045892233249274
22_08_02_02_02,22,8,neutral,0.30319851262870745,0.5861688891147145,0.02374673001275936,0.0868858682438186
23_01_01_01_01,23,1,neutral,0.4136907759615785,0.27018685915601864,0.037339310377561004,0.27878305450484187
23_01_01_01_02,23,1,neutral,0.3763697343026553,0.32515656970858553,0.023804845483565477,0.2746688505051937
23_01_01_02_01,23,1,neutral,0.37809423277280124,0.27763799442323966,0.026548754800785702,0.3177190180031733
23_01_01_02_02,23,1,neutral,0.4429443744561213,0.2979271268133025,0.022810275445027763,0.23631822328554852
23_02_01_01_01,23,2,neutral,0.48477953687136716,0.17752807859357791,0.04211099260731784,0.295581391927737
23_02_01_01_02,23,2,neutral,0.5207238170394136,0.14342866849994254,0.05393834263134756,0.2819091718292963
23_02_01_02_01,23,2,neutral,0.4637304050594032,0.19758256208960817,0.033412566727776205,0.3052744661232123
23_02_01_02_02,23,2,neutral,0.5340920352470945,0.15689248809819753,0.041809236161592184,0.2672062404931157
23_02_02_01_01,23,2,neutral,0.5211632730397887,0.15663918390322074,0.045584767436852455,0.2766127756201381
23_02_02_01_02,23,2,neutral,0.5966304322123244,0.10477246411029703,0.05677132493117114,0.2418257787462076
23_02_02_02_01,23,2,neutral,0.6306638616959589,0.07429866142073036,0.05287073380906299,0.24216674307424774
23_02_02_02_02,23,2,neutral,0.6400207649098238,0.07544437398532237,0.045401884901467335,0.23913297620338644
23_03_01_01_01,23,3,happy,0.4492979078375694,0.355437261610867,0.02293086241643978,0.17233396813512394
23_03_01_01_02,23,3,happy,0.3797632887960125,0.42408318547783175,0.013323101676004846,0.1828304240501509
23_03_01_02_01,23,3,happy,0.4760035119335899,0.3276452969601238,0.023710974871218395,0.17264021623506784
23_03_01_02_02,23,3,happy,0.3801102455571396,0.45121541635628215,0.0328806589566581,0.1357936791299201
23_03_02_01_01,23,3,happy,0.10694106480298107,0.8239606100623503,0.005106186880545464,0.06399213825412309
23_03_02_01_02,23,3,happy,0.14889597793349676,0.7764095076877758,0.007497928725415731,0.06719658565331166
23_03_02_02_01,23,3,happy,0.17683103713257567,0.7482994841182414,0.006171931003612993,0.06869754774556999
23_03_02_02_02,23,3,happy,0.2027151131422102,0.7347867717728078,0.00461435228442962,0.05788376280055221
23_04_01_01_01,23,4,sad,0.4778497780832073,0.15158663952519705,0.09534978375588259,0.27521379863571316
23_04_01_01_02,23,4,sad,0.5022819275570756,0.10956482368274632,0.07506077534200788,0.31309247341817026
23_04_01_02_01,23,4,sad,0.5703917601760164,0.16010430862532435,0.039711693861302085,0.2297922373373571
23_04_01_02_02,23,4,sad,0.57511207976781,0.14719447993705748,0.049411168588416064,0.2282822717067164
23_04_02_01_01,23,4,sad,0.5782601915143668,0.07563796615596985,0.08050099226799495,0.2656008500616685
23_04_02_01_02,23,4,sad,0.6357279327047535,0.08925790336490083,0.049939938513705096,0.22507422541664054
23_04_02_02_01,23,4,sad,0.680342714230522,0.10662888365462812,0.06177350239311116,0.15125489972173875
23_04_02_02_02,23,4,sad,0.5429039202855013,0.05016989137654491,0.20007206197991997,0.20685412635803382
23_05_01_01_01,23,5,angry,0.1589350276024172,0.7598304477447088,0.011235447764981745,0.06999907688789228
23_05_01_01_02,23,5,angry,0.18419081300711523,0.729487682295704,0.00768591431113024,0.07863559038605034
23_05_01_02_01,23,5,angry,0.2319082864218134,0.6903628452088375,0.006797239501823304,0.07093162886752578
23_05_01_02_02,23,5,angry,0.25050809786584927,0.6572881190944827,0.008429057341363755,0.08377472569830428
23_05_02_01_01,23,5,angry,0.08957555065686984,0.8952075514127553,8.963541919456688e-05,0.015127262511180198
23_05_02_01_02,23,5,angry,0.09425290660689963,0.882754519408397,0.003519641017550376,0.0194729329671528
23_05_02_02_01,23,5,angry,0.13431246731167498,0.8467729271972537,8.501815153030315e-05,0.01882958733954099
23_05_02_02_02,23,5,angry,0.08645997355927142,0.8996499096646299,0.003585689284431501,0.010304427491667004
23_06_01_01_01,23,6,neutral,0.36537153550227175,0.3381226807637847,0.052785981348447156,0.24371980238549654
23_06_01_01_02,23,6,neutral,0.388582773655778,0.2646486550574651,0.037273283359541484,0.3094952879272154
23_06_01_02_01,23,6,neutral,0.5044921664381053,0.22141515214724491,0.03476555880853635,0.23932712260611336
23_06_01_02_02,23,6,neutral,0.4099615487009004,0.32400362966257823,0.038925530317867454,0.227109291318654
23_06_02_01_01,23,6,neutral,0.5408683896477046,0.22206373543691016,0.03891199560837553,0.19815587930700965
23_06_02_01_02,23,6,neutral,0.4282957725249551,0.40208684742651213,0.030747119694539905,0.13887026035399277
23_06_02_02_01,23,6,neutral,0.5754980467758279,0.27470430457173134,0.04538875066741522,0.10440889798502559
23_06_02_02_02,23,6,neutral,0.4716705324471714,0.3353156119594441,0.07187414912239365,0.121139706470991
23_07_01_01_01,23,7,neutral,0.5656081925419172,0.21361375012562164,0.07655974447681914,0.144218312855642
23_07_01_01_02,23,7,neutral,0.448857032930448,0.2694701189871565,0.058096405011334694,0.2235764430710608
23_07_01_02_01,23,7,neutral,0.609717929082587,0.20402577421980037,0.0628934829126279,0.12336281378498458
23_07_01_02_02,23,7,neutral,0.536251765958654,0.17523516238027168,0.09243305153449625,0.19608002012657802
23_07_02_01_01,23,7,neutral,0.4531312141743402,0.404895438816818,0.0371805496340489,0.10479279737479284
23_07_02_01_02,23,7,neutral,0.5298135844497837,0.31555956012883035,0.05490019417322676,0.09972666124815917
23_07_02_02_01,23,7,neutral,0.5079749459460584,0.35797191242625914,0.04028876314006365,0.09376437848761872
23_07_02_02_02,23,7,neutral,0.5416314140932869,0.29829626889980243,0.047568664895005615,0.11250365211190519
23_08_01_01_01,23,8,neutral,0.37579533952115224,0.5024079155209478,0.009188232503316962,0.11260851245458299
23_08_01_01_02,23,8,neutral,0.41416349338975694,0.442911272484659,0.009109447150883982,0.13381578697469992
23_08_01_02_01,23,8,neutral,0.4566571123240037,0.43349780641485114,0.011757625283439958,0.09808745597770517
23_08_01_02_02,23,8,neutral,0.2691161075444468,0.6344759569204799,0.0069084352343519026,0.08949950030072146
23_08_02_01_01,23,8,neutral,0.2321332903743729,0.665501824650626,0.005594579113658314,0.09677030586134282
23_08_02_01_02,23,8,neutral,0.2099315161297944,0.7188931720593332,0.007880373954229573,0.0632949378566428
23_08_02_02_01,23,8,neutral,0.33606958409971954,0.5686492470238207,0.01123836638131113,0.0840428024951486
23_08_02_02_02,23,8,neutral,0.36168026676751025,0.5485274485655068,0.009232724696723149,0.08055955997025972
24_01_01_01_01,24,1,neutral,0.32910396548721105,0.2804785318928204,0.04428199264724517,0.3461355099727234
24_01_01_01_02,24,1,neutral,0.373155200726526,0.2686265295224981,0.03366134883869588,0.32455692091227994
24_01_01_02_01,24,1,neutral,0.31299127394872733,0.25634404756692636,0.05767813100177329,0.3729865474825731
24_01_01_02_02,24,1,neutral,0.3213881192611885,0.2828731917699489,0.041557634147817483,0.3541810548210451
24_02_01_01_01,24,2,neutral,0.3993911812838314,0.13932299011388202,0.072238911354837,0.3890469172474495
24_02_01_01_02,24,2,neutral,0.3834489927985541,0.21944982512097602,0.07385826430107548,0.3232429177793943
24_02_01_02_01,24,2,neutral,0.36508338254029465,0.10387647687963039,0.17926498053709175,0.35177516004298315
24_02_01_02_02,24,2,neutral,0.3994554144893615,0.14522809619010846,0.10598245442920488,0.34933403489132525
24_02_02_01_01,24,2,neutral,0.3940258420051788,0.2535917460854879,0.06618319102745658,0.28619922088187655
24_02_02_01_02,24,2,neutral,0.3995083357451294,0.1327052855011245,0.11888801815382123,0.34889836059992485
24_02_02_02_01,24,2,neutral,0.3363751507315466,0.11377665440643826,0.135698256101237,0.4141499387607781
24_02_02_02_02,24,2,neutral,0.6062829100450938,0.09369685540011329,0.11648013329226714,0.18354010126252557
24_03_01_01_01,24,3,happy,0.37572488957674066,0.3834020253945891,0.032153664916091174,0.20871942011257905
24_03_01_01_02,24,3,happy,0.4560845669504893,0.22994806475600935,0.04670032596505133,0.26726704232844994
24_03_01_02_01,24,3,happy,0.32063042456691043,0.3535148309045241,0.03127341355684377,0.2945813309717217
24_03_01_02_02,24,3,happy,0.46770105426331005,0.29086850327953556,0.035977042601367575,0.20545339985578678
24_03_02_01_01,24,3,happy,0.3227098735860228,0.5706159478145418,0.028069361017798417,0.07860481758163688
24_03_02_01_02,24,3,happy,0.38822161578383646,0.4996807577139042,0.02172873971222947,0.09036888679002983
24_03_02_02_01,24,3,happy,0.4017198155412896,0.46757939828252687,0.037776158329962464,0.09292462784622114
24_03_02_02_02,24,3,happy,0.26348163203882624,0.6605408572215468,0.02630155205338507,0.049675958686242035
24_04_01_01_01,24,4,sad,0.40473735198870225,0.09348384258537387,0.09069166288039769,0.4110871425455263
24_04_01_01_02,24,4,sad,0.33406299495559577,0.13875449426521727,0.12211573985445075,0.4050667709247361
24_04_01_02_01,24,4,sad,0.480397491931117,0.07340116799183906,0.10726707177150657,0.33893426830553736
24_04_01_02_02,24,4,sad,0.31440352069799365,0.09941712377593684,0.1519769718794381,0.4342023836466315
24_04_02_01_01,24,4,sad,0.6960452791246364,0.10310782944969725,0.12167226390995738,0.07917462751570889
24_04_02_01_02,24,4,sad,0.4806895939786333,0.32256961593618017,0.08589171613686687,0.11084907394831964
24_04_02_02_01,24,4,sad,0.7515652027114174,0.06507579953963365,0.11889791246633441,0.06446108528261454
24_04_02_02_02,24,4,sad,0.4642713778703567,0.15742044410231823,0.16897464211123295,0.2093335359160921
24_05_01_01_01,24,5,angry,0.07976833737895934,0.8676165870571098,0.008687087147420463,0.04392798841651051
24_05_01_01_02,24,5,angry,0.13848122545070277,0.7902708648242275,0.014505213637423228,0.05674269608764649
24_05_01_02_01,24,5,angry,0.27402083654598447,0.557898050902234,0.027279701357328254,0.14080141119445322
24_05_01_02_02,24,5,angry,0.24734022746845097,0.5439497195754597,0.03900420460823514,0.16970584834785432
24_05_02_01_01,24,5,angry,0.10840197672986664,0.8569557216680459,0.009540021762047667,0.025102279840039734
24_05_02_01_02,24,5,angry,0.050804161853093846,0.9143934558880851,0.008366070526590752,0.026436311732230353
24_05_02_02_01,24,5,angry,0.15227747615928736,0.7448163696748953,0.013349393339442907,0.08955676082637434
24_05_02_02_02,24,5,angry,0.09139111531846392,0.8285404225410044,0.012888184560063664,0.06718027758046814
24_06_01_01_01,24,6,neutral,0.43502808351831374,0.27042733820385895,0.19573565731179232,0.09880892096603494
24_06_01_01_02,24,6,neutral,0.5957382903175267,0.22058547377271764,0.10091984954659833,0.08275638636315737
24_06_01_02_01,24,6,neutral,0.6221733354617829,0.13232810328183425,0.1888677137610353,0.05663084749534746
24_06_01_02_02,24,6,neutral,0.4604636502664721,0.39493728252872934,0.08830777302533993,0.05629129417945852
24_06_02_01_01,24,6,neutral,0.3864802996571404,0.5048579625915001,0.028362685327063666,0.08029905242429596
24_06_02_01_02,24,6,neutral,0.4538812997730989,0.3493089674899183,0.09440443880262753,0.10240529393435534
24_06_02_02_01,24,6,neutral,0.5815339720813739,0.2646666295727839,0.0701456101265114,0.08365378821933056
24_06_02_02_02,24,6,neutral,0.329780242702924,0.5552418111755698,0.04145279390456922,0.07352515221693699
24_07_01_01_01,24,7,neutral,0.36491740206876033,0.39678909554290337,0.05079740903945325,0.187496093348883
24_07_01_01_02,24,7,neutral,0.2896242494543798,0.42899113379428755,0.04189662113310835,0.23948799561822426
24_07_01_02_01,24,7,neutral,0.6293088053048884,0.145186358583038,0.07588697037051256,0.14961786574156097
24_07_01_02_02,24,7,neutral,0.4705129031801869,0.2765741402473963,0.06824172807422794,0.18467122849818893
24_07_02_01_01,24,7,neutral,0.4674220965466579,0.2617304655255033,0.06311158599329296,0.2077358519345459
24_07_02_01_02,24,7,neutral,0.5515513347099105,0.20607436979020863,0.13013338769738594,0.11224090780249493
24_07_02_02_01,24,7,neutral,0.4370993222969686,0.3662031821930158,0.07770922877245463,0.11898826673756102
24_07_02_02_02,24,7,neutral,0.38835813018663984,0.35320848653928083,0.12489794742672866,0.13353543584735061
24_08_01_01_01,24,8,neutral,0.2990642429621733,0.5109071493248831,0.044816475012487623,0.145212132700456
24_08_01_01_02,24,8,neutral,0.37789029695035964,0.5042718257263807,0.02522998992661523,0.09260788739664437
24_08_01_02_01,24,8,neutral,0.23905637006408603,0.5800516844271405,0.02519841153088517,0.15569353397788832
24_08_01_02_02,24,8,neutral,0.2869877156623588,0.4478744856813449,0.03153793633083424,0.233599862325462
24_08_02_01_01,24,8,neutral,0.2457077775329345,0.6629539998796725,0.02073070132529121,0.07060752126210174
24_08_02_01_02,24,8,neutral,0.36492429740761445,0.5599116752865045,0.015121645362929896,0.06004238194295105
24_08_02_02_01,24,8,neutral,0.5461505668747277,0.2671201959060937,0.13135649510414613,0.05537274211503248
24_08_02_02_02,24,8,neutral,0.3957905673387282,0.49370489413804763,0.04211316091281689,0.06839137761040733
