segment_id,start,end,speaker_id,transcript,incongruence_score,confidence_weight,final_score
0,46.5,49.5,SPEAKER_02,He's been poked in,0.228744,0.5015,0.114715
1,48.0,51.0,SPEAKER_02,been poked in his cup.,0.405601,0.5015,0.203409
2,78.0,81.0,SPEAKER_02,Welcome back everybody.,0.487334,0.8853,0.431437
3,79.5,82.5,SPEAKER_02,back everybody. I hope,0.76072,0.8034,0.611162
4,81.0,84.0,SPEAKER_02,I hope you've had fun.,0.037867,0.8356,0.031642
5,82.5,85.5,SPEAKER_02,you've had fun. Right.,0.155152,0.8107,0.125782
6,85.5,88.5,SPEAKER_02,This is our conceptual design,0.126704,0.869,0.110106
7,87.0,90.0,SPEAKER_02,is our conceptual design meeting.,0.026535,0.8505,0.022568
8,88.5,91.5,SPEAKER_02,meeting. I think,0.369863,0.8505,0.314569
9,90.0,93.0,SPEAKER_02,I think we're slightly ahead,0.557989,0.8631,0.4816
10,91.5,94.5,SPEAKER_02,we're slightly ahead of ourselves.,0.542848,0.8631,0.468532
11,93.0,96.0,SPEAKER_02,of ourselves. from the last meeting.,0.051655,0.8685,0.044862
12,100.5,103.5,SPEAKER_02,This is where,0.799709,0.8284,0.662479
13,102.0,105.0,SPEAKER_02,is where we talk,0.234025,0.8284,0.193867
14,103.5,106.5,SPEAKER_02,"we talk about properties,",0.141305,0.8284,0.117057
15,105.0,108.0,SPEAKER_02,"about properties, materials, user",0.064277,0.8284,0.053247
16,106.5,109.5,SPEAKER_02,"materials, user interface,",0.270452,0.8284,0.224043
17,108.0,111.0,SPEAKER_02,"interface, and trend",0.283661,0.8284,0.234985
18,109.5,112.5,SPEAKER_02,and trend watching.,0.3108,0.8284,0.257467
19,111.0,114.0,SPEAKER_02,watching. So I,0.115229,0.8458,0.097461
20,112.5,115.5,SPEAKER_02,So I think we've touched on,0.133943,0.8633,0.115633
21,114.0,117.0,SPEAKER_02,think we've touched on a few things,0.339064,0.8633,0.292714
22,115.5,118.5,SPEAKER_02,"a few things to that already,",0.476999,0.8633,0.411793
23,117.0,120.0,SPEAKER_02,"to that already, but we'll just",0.233804,0.8633,0.201843
24,118.5,121.5,SPEAKER_02,but we'll just go over it.,0.10081,0.8633,0.087029
25,120.0,123.0,SPEAKER_02,go over it.,0.464266,0.8413,0.390587
26,121.5,124.5,SPEAKER_02,The minutes from,0.493418,0.8192,0.404208
27,123.0,126.0,SPEAKER_02,"The minutes from last time, we",0.459238,0.8192,0.376207
28,124.5,127.5,SPEAKER_02,"last time, we had a",0.193227,0.8192,0.158291
29,126.0,129.0,SPEAKER_02,had a couple of changes,0.527387,0.8192,0.432036
30,127.5,130.5,SPEAKER_02,couple of changes in our plans,0.316977,0.8192,0.259667
31,129.0,132.0,SPEAKER_02,in our plans in that we,0.070975,0.8192,0.058143
32,130.5,133.5,SPEAKER_02,in that we couldn't use teletext.,0.291154,0.8192,0.238514
33,132.0,135.0,SPEAKER_02,couldn't use teletext. It wasn't going to be,0.067958,0.8193,0.055678
34,133.5,136.5,SPEAKER_02,It wasn't going to be a control for everything.,0.179212,0.8193,0.146829
35,135.0,138.0,SPEAKER_02,a control for everything. And that,0.085386,0.8552,0.073022
36,136.5,139.5,SPEAKER_02,And that we had to,0.169479,0.8911,0.151023
37,138.0,141.0,SPEAKER_02,we had to incorporate the image,0.625305,0.8911,0.55721
38,139.5,142.5,SPEAKER_02,incorporate the image of the company into,0.520246,0.8911,0.463591
39,141.0,144.0,SPEAKER_02,of the company into it somehow. We,0.670701,0.8603,0.577004
40,142.5,145.5,SPEAKER_02,it somehow. We have,0.366423,0.8603,0.315233
41,144.0,147.0,SPEAKER_02,have decided on,0.270534,0.8296,0.224435
42,145.5,148.5,SPEAKER_02,decided on leaving out,0.049193,0.8296,0.040811
43,147.0,150.0,SPEAKER_02,leaving out the voice,0.295578,0.8296,0.245212
44,148.5,151.5,SPEAKER_02,the voice recognition.,0.504637,0.8296,0.418646
45,150.0,153.0,SPEAKER_02,recognition. We've decided on,0.407948,0.8382,0.341942
46,151.5,154.5,SPEAKER_02,We've decided on there being,0.074021,0.8469,0.062688
47,153.0,156.0,SPEAKER_02,there being a flip design,0.047937,0.8469,0.040598
48,154.5,157.5,SPEAKER_02,a flip design and a different,0.125498,0.8469,0.106284
49,156.0,159.0,SPEAKER_02,and a different shape from what's,0.294468,0.8469,0.249385
50,157.5,160.5,SPEAKER_02,shape from what's normal.,0.497534,0.8469,0.421361
51,159.0,162.0,SPEAKER_02,"normal. We were thinking a shell, but something",0.093937,0.7806,0.073328
52,160.5,163.5,SPEAKER_02,"We were thinking a shell, but something along those lines, just a different shape",0.231762,0.7143,0.165548
53,162.0,165.0,SPEAKER_02,"along those lines, just a different shape from what's normal.",0.588073,0.7143,0.420061
54,163.5,166.5,SPEAKER_02,from what's normal.,0.574281,0.7143,0.410209
55,168.0,171.0,SPEAKER_02,You were going to look into,0.287439,0.8624,0.247888
56,174.0,177.0,SPEAKER_02,going to think about the port and alarm for getting,0.41784,0.7026,0.293574
57,175.5,178.5,SPEAKER_02,port and alarm for getting it lost and things like,0.73585,0.7026,0.517008
58,177.0,180.0,SPEAKER_02,it lost and things like that.,0.777987,0.7495,0.583101
59,178.5,181.5,SPEAKER_02,that. And our market,0.447619,0.7495,0.335491
60,180.0,183.0,SPEAKER_02,And our market was going,0.240361,0.7964,0.191424
61,181.5,184.5,SPEAKER_02,was going to be,0.136367,0.7964,0.108603
62,183.0,186.0,SPEAKER_02,to be young business kind,0.130022,0.7964,0.10355
63,184.5,187.5,SPEAKER_02,young business kind of range.,0.680667,0.7964,0.542083
64,186.0,189.0,SPEAKER_02,"of range. OK,",0.50255,0.7472,0.375506
65,187.5,190.5,SPEAKER_02,"OK, so should we start with",0.270616,0.7472,0.202204
66,189.0,192.0,SPEAKER_02,so should we start with the first presentation? Shall I?,0.085781,0.5363,0.046004
67,193.5,196.5,SPEAKER_03,just connect up.,0.406163,0.6877,0.279318
68,217.5,220.5,SPEAKER_03,"Okay, so we decided",0.025306,0.8674,0.021951
69,219.0,222.0,SPEAKER_03,"Okay, so we decided on our market and",0.023039,0.8674,0.019984
70,220.5,223.5,SPEAKER_03,on our market and so this feedback,0.009996,0.8674,0.008671
71,222.0,225.0,SPEAKER_03,so this feedback from the marketing department,0.023747,0.8674,0.020598
72,223.5,226.5,SPEAKER_03,from the marketing department is really about,0.02007,0.8674,0.017409
73,225.0,228.0,SPEAKER_03,is really about trend watching.,0.002065,0.8674,0.001791
74,226.5,229.5,SPEAKER_03,trend watching. The methods,0.148263,0.8672,0.128574
75,228.0,231.0,SPEAKER_03,The methods we use,0.018433,0.867,0.015981
76,229.5,232.5,SPEAKER_03,we use to decide on,0.026196,0.867,0.022712
77,231.0,234.0,SPEAKER_03,to decide on,0.186601,0.867,0.161783
78,232.5,235.5,SPEAKER_03,current trends and,0.015677,0.8631,0.013531
79,234.0,237.0,SPEAKER_03,"current trends and so on, market trends.",0.015009,0.8593,0.012897
80,235.5,238.5,SPEAKER_03,"so on, market trends. We did our",0.00599,0.8427,0.005048
81,237.0,240.0,SPEAKER_03,We did our usual market research study,0.005411,0.8262,0.004471
82,238.5,241.5,SPEAKER_03,usual market research study with our hundred,0.072354,0.8262,0.059779
83,240.0,243.0,SPEAKER_03,with our hundred subjects and the general,0.186908,0.8262,0.154423
84,241.5,244.5,SPEAKER_03,subjects and the general feedback from them,0.012631,0.8262,0.010436
85,243.0,246.0,SPEAKER_03,"feedback from them is that the most,",0.003211,0.8262,0.002653
86,244.5,247.5,SPEAKER_03,"is that the most, I'm sorry, I'm",0.306429,0.8262,0.253172
87,246.0,249.0,SPEAKER_03,"I'm sorry, I'm slightly tongue tied",0.462712,0.8262,0.382292
88,247.5,250.5,SPEAKER_03,"slightly tongue tied after lunch, sorry.",0.476014,0.8262,0.393283
89,249.0,252.0,SPEAKER_03,"after lunch, sorry. We decided",0.813728,0.8323,0.677266
90,250.5,253.5,SPEAKER_03,We decided on the most important aspect required,0.088219,0.8383,0.073954
91,252.0,255.0,SPEAKER_03,on the most important aspect required in a remote control device,0.016281,0.8383,0.013649
92,253.5,256.5,SPEAKER_03,in a remote control device and we'll come to that later.,0.007994,0.8383,0.006702
93,255.0,258.0,SPEAKER_03,and we'll come to that later. So that was one of the first things we,0.001449,0.856,0.00124
94,256.5,259.5,SPEAKER_03,"So that was one of the first things we did. Also, with our company",0.026478,0.8576,0.022708
95,258.0,261.0,SPEAKER_03,"did. Also, with our company being forerunners in putting",0.006775,0.8672,0.005875
96,259.5,262.5,SPEAKER_03,"being forerunners in putting fashion into technology, we",0.005771,0.8607,0.004967
97,261.0,264.0,SPEAKER_03,"fashion into technology, we also looked at a",0.004142,0.8607,0.003565
98,262.5,265.5,SPEAKER_03,also looked at a fashion update using our,0.02466,0.8607,0.021225
99,264.0,267.0,SPEAKER_03,fashion update using our consultants on fashion and,0.012935,0.8607,0.011133
100,265.5,268.5,SPEAKER_03,consultants on fashion and design in Paris and Milan.,0.048687,0.8607,0.041905
101,267.0,270.0,SPEAKER_03,design in Paris and Milan.,0.207866,0.8607,0.17891
102,270.0,273.0,SPEAKER_03,So the general findings from,0.021182,0.8941,0.018939
103,271.5,274.5,SPEAKER_03,general findings from that was in the,0.014378,0.8941,0.012855
104,273.0,276.0,SPEAKER_03,"that was in the market trends, the most",0.025078,0.8941,0.022422
105,274.5,277.5,SPEAKER_03,"market trends, the most important aspects for remote",0.008461,0.8941,0.007565
106,276.0,279.0,SPEAKER_03,important aspects for remote controls were People,0.004611,0.8731,0.004026
107,277.5,280.5,SPEAKER_03,controls were People want a fancy look and,0.018943,0.8731,0.016539
108,279.0,282.0,SPEAKER_03,want a fancy look and feel rather than the,0.492361,0.8522,0.41959
109,280.5,283.5,SPEAKER_03,feel rather than the current functional look and,0.7816,0.8522,0.666079
110,282.0,285.0,SPEAKER_03,current functional look and feel of remote controls.,0.070958,0.8522,0.06047
111,283.5,286.5,SPEAKER_03,feel of remote controls. They,0.31388,0.8216,0.257884
112,285.0,288.0,SPEAKER_03,They also want a remote control,0.023812,0.8216,0.019564
113,286.5,289.5,SPEAKER_03,also want a remote control to be technologically innovative,0.123031,0.7911,0.09733
114,288.0,291.0,SPEAKER_03,to be technologically innovative and of course as we,0.137143,0.7911,0.108494
115,289.5,292.5,SPEAKER_03,and of course as we predicted that it should,0.025398,0.7911,0.020092
116,291.0,294.0,SPEAKER_03,predicted that it should be easy to use.,0.059839,0.7911,0.047339
117,292.5,295.5,SPEAKER_03,be easy to use. Now I should point,0.012055,0.8144,0.009817
118,294.0,297.0,SPEAKER_03,Now I should point out that the first of,0.002233,0.8376,0.00187
119,295.5,298.5,SPEAKER_03,"out that the first of those findings, fancy look and feel,",0.063519,0.8376,0.053203
120,297.0,300.0,SPEAKER_03,"those findings, fancy look and feel, is the most important. It's",0.088512,0.8228,0.072828
121,298.5,301.5,SPEAKER_03,is the most important. It's twice as important as,0.117371,0.8228,0.096573
122,300.0,303.0,SPEAKER_03,twice as important as the second technologically innovative which,0.021401,0.808,0.017292
123,301.5,304.5,SPEAKER_03,the second technologically innovative which is in turn twice,0.066986,0.808,0.054124
124,303.0,306.0,SPEAKER_03,is in turn twice as important as being easy,0.130972,0.808,0.105826
125,304.5,307.5,SPEAKER_03,as important as being easy to use. So possibly,0.004348,0.8136,0.003537
126,306.0,309.0,SPEAKER_03,to use. So possibly that the feature that,0.043598,0.8136,0.035471
127,307.5,310.5,SPEAKER_03,that the feature that we put first is,0.026948,0.8193,0.022079
128,309.0,312.0,SPEAKER_03,we put first is actually third. It's still,0.006813,0.8066,0.005495
129,310.5,313.5,SPEAKER_03,actually third. It's still important but it's third in,0.007504,0.8066,0.006052
130,312.0,315.0,SPEAKER_03,important but it's third in order of preference for the subject,0.04435,0.7939,0.035209
131,313.5,316.5,SPEAKER_03,order of preference for the subject group we looked at.,0.033586,0.7939,0.026664
132,315.0,318.0,SPEAKER_03,group we looked at. Okay. Now,0.062302,0.7418,0.046216
133,316.5,319.5,SPEAKER_03,Okay. Now the fashion update,0.009099,0.7158,0.006513
134,318.0,321.0,SPEAKER_03,the fashion update which relates to very,0.035545,0.7836,0.027853
135,319.5,322.5,SPEAKER_03,which relates to very personal preferences among,0.035372,0.7836,0.027718
136,321.0,324.0,SPEAKER_03,personal preferences among our subject group,0.013265,0.814,0.010798
137,322.5,325.5,SPEAKER_03,our subject group We found from our consultants,0.06034,0.814,0.049117
138,324.0,327.0,SPEAKER_03,We found from our consultants in Paris and Milan,0.018135,0.8445,0.015315
139,325.5,328.5,SPEAKER_03,in Paris and Milan who attended all the design,0.288924,0.8445,0.243996
140,327.0,330.0,SPEAKER_03,who attended all the design and fashion fairs then that,0.014836,0.8445,0.012529
141,328.5,331.5,SPEAKER_03,and fashion fairs then that fruit and vegetables are,0.010275,0.8445,0.008677
142,330.0,333.0,SPEAKER_03,fruit and vegetables are going to be the theme,0.132076,0.8445,0.111538
143,331.5,334.5,SPEAKER_03,"going to be the theme for clothes, shoes and",0.056144,0.8445,0.047414
144,333.0,336.0,SPEAKER_03,"for clothes, shoes and furniture. So should we",0.103419,0.8317,0.086014
145,334.5,337.5,SPEAKER_03,furniture. So should we be thinking of using something,0.014924,0.8317,0.012412
146,336.0,339.0,SPEAKER_03,be thinking of using something like that in our remote control,0.018037,0.8188,0.014769
147,337.5,340.5,SPEAKER_03,like that in our remote control design too? There also,0.017824,0.8276,0.014751
148,339.0,342.0,SPEAKER_03,design too? There also seems to be a,0.003196,0.8276,0.002645
149,340.5,343.5,SPEAKER_03,seems to be a trend towards a spongy,0.016688,0.8363,0.013956
150,342.0,345.0,SPEAKER_03,trend towards a spongy feel to materials again,0.067893,0.8363,0.056779
151,343.5,346.5,SPEAKER_03,feel to materials again in contrast to last,0.34455,0.8363,0.288147
152,345.0,348.0,SPEAKER_03,in contrast to last year.,0.158158,0.769,0.121623
153,346.5,349.5,SPEAKER_03,"year. So a lot of interesting feedback,",0.175608,0.769,0.135043
154,348.0,351.0,SPEAKER_03,"So a lot of interesting feedback, they're both from our market",0.073055,0.7016,0.051255
155,349.5,352.5,SPEAKER_03,they're both from our market research departments and from our people,0.006129,0.7016,0.0043
156,351.0,354.0,SPEAKER_03,research departments and from our people in Paris and Milan.,0.027243,0.7016,0.019114
157,352.5,355.5,SPEAKER_03,in Paris and Milan. It would be interesting to,0.012288,0.6828,0.00839
158,354.0,357.0,SPEAKER_03,It would be interesting to see what our design people make,0.033163,0.664,0.02202
159,360.0,363.0,SPEAKER_02,Let's start from the inside,0.379928,0.8231,0.312719
160,364.5,367.5,SPEAKER_03,"Yeah, okay. Unless anyone has any questions about that, not",0.147722,0.5159,0.07621
161,366.0,369.0,SPEAKER_03,"has any questions about that, not yet.",0.064146,0.7553,0.048449
162,388.5,391.5,SPEAKER_02,I hate those little,0.650448,0.6671,0.433914
163,390.0,393.0,SPEAKER_02,"those little things, especially if",0.646438,0.6671,0.431239
164,391.5,394.5,SPEAKER_02,"things, especially if you do",0.22898,0.6671,0.152752
165,393.0,396.0,SPEAKER_02,you do them on,0.302721,0.6671,0.201945
166,394.5,397.5,SPEAKER_02,them on too tight,0.714311,0.6671,0.476517
167,396.0,399.0,SPEAKER_02,too tight and you can't,0.481902,0.6671,0.321477
168,397.5,400.5,SPEAKER_02,and you can't get the,0.241116,0.6671,0.160848
169,399.0,402.0,SPEAKER_02,get the leverage on,0.623454,0.6671,0.415906
170,400.5,403.5,SPEAKER_02,leverage on them to,0.658834,0.6671,0.439508
171,402.0,405.0,SPEAKER_02,them to undo them.,0.778914,0.6671,0.519614
172,411.0,414.0,SPEAKER_00,OK. This is all about,0.039856,0.8044,0.03206
173,412.5,415.5,SPEAKER_00,This is all about the design of the entry,0.004178,0.8419,0.003518
174,414.0,417.0,SPEAKER_00,the design of the entry components and the availability,0.022607,0.8419,0.019033
175,415.5,418.5,SPEAKER_00,components and the availability of the components we,0.121984,0.8419,0.102698
176,417.0,420.0,SPEAKER_00,of the components we have in stock at the,0.118592,0.8419,0.099843
177,418.5,421.5,SPEAKER_00,have in stock at the moment.,0.065229,0.8419,0.054916
178,421.5,424.5,SPEAKER_00,"OK. First, into the",0.199105,0.8023,0.159742
179,423.0,426.0,SPEAKER_00,"First, into the method, the main",0.138757,0.8023,0.111325
180,424.5,427.5,SPEAKER_00,"method, the main idea of the",0.068535,0.8023,0.054986
181,426.0,429.0,SPEAKER_00,idea of the whole thing is,0.045371,0.8023,0.036401
182,427.5,430.5,SPEAKER_00,whole thing is just so you just,0.025552,0.8023,0.0205
183,429.0,432.0,SPEAKER_00,just so you just press buttons and,0.337847,0.8023,0.271055
184,430.5,433.5,SPEAKER_00,press buttons and it should activate,0.069233,0.8023,0.055546
185,432.0,435.0,SPEAKER_00,it should activate things on the,0.030733,0.8023,0.024657
186,433.5,436.5,SPEAKER_00,things on the TV. And we discussed,0.03822,0.7573,0.028944
187,435.0,438.0,SPEAKER_00,TV. And we discussed last meeting that it should be,0.008651,0.7573,0.006551
188,436.5,439.5,SPEAKER_00,last meeting that it should be easy to find. Also,0.002125,0.749,0.001592
189,438.0,441.0,SPEAKER_00,easy to find. Also in this study I've,0.023619,0.749,0.01769
190,439.5,442.5,SPEAKER_00,in this study I've looked into the availability,0.100995,0.7858,0.079362
191,441.0,444.0,SPEAKER_00,looked into the availability of some of,0.006069,0.7858,0.004769
192,442.5,445.5,SPEAKER_00,of some of the materials because some,0.323308,0.7858,0.254056
193,444.0,447.0,SPEAKER_00,the materials because some of the things that,0.133197,0.7858,0.104667
194,445.5,448.5,SPEAKER_00,of the things that we looked at,0.095248,0.7858,0.074846
195,447.0,450.0,SPEAKER_00,we looked at last time unfortunately aren't,0.288654,0.7858,0.226824
196,448.5,451.5,SPEAKER_00,last time unfortunately aren't available.,0.623071,0.7858,0.489609
197,451.5,454.5,SPEAKER_00,"Findings, I've got my",0.070699,0.8722,0.061664
198,453.0,456.0,SPEAKER_00,"Findings, I've got my nice little picture there. This",0.020475,0.857,0.017547
199,454.5,457.5,SPEAKER_00,nice little picture there. This is the chip,0.003296,0.857,0.002824
200,456.0,459.0,SPEAKER_00,is the chip called the TA-11835,0.035876,0.8418,0.030201
201,457.5,460.5,SPEAKER_00,called the TA-11835 which is what's,0.010506,0.8418,0.008844
202,459.0,462.0,SPEAKER_00,which is what's used in pretty much,0.035585,0.8418,0.029955
203,460.5,463.5,SPEAKER_00,used in pretty much every remote control,0.57006,0.8418,0.479877
204,462.0,465.0,SPEAKER_00,every remote control because it sends,0.082033,0.8418,0.069056
205,463.5,466.5,SPEAKER_00,because it sends out standard signals based,0.06611,0.8418,0.055652
206,465.0,468.0,SPEAKER_00,out standard signals based on your input,0.235557,0.8418,0.198292
207,466.5,469.5,SPEAKER_00,on your input and it's pretty,0.011642,0.8418,0.009801
208,468.0,471.0,SPEAKER_00,and it's pretty much used for,0.326065,0.8418,0.274482
209,469.5,472.5,SPEAKER_00,much used for all TV remotes at,0.605038,0.8418,0.509321
210,471.0,474.0,SPEAKER_00,all TV remotes at the moment.,0.395306,0.8418,0.332769
211,475.5,478.5,SPEAKER_00,And then we're looking into,0.119171,0.8303,0.098948
212,477.0,480.0,SPEAKER_00,we're looking into battery options.,0.031642,0.8203,0.025956
213,478.5,481.5,SPEAKER_00,battery options. There's actually,0.100693,0.8203,0.082598
214,480.0,483.0,SPEAKER_00,There's actually no rechargeable,0.407893,0.8103,0.330515
215,481.5,484.5,SPEAKER_00,no rechargeable option available.,0.472777,0.8103,0.383091
216,483.0,486.0,SPEAKER_00,option available. So I saw,0.006931,0.8144,0.005645
217,484.5,487.5,SPEAKER_00,So I saw the standard AA,0.194924,0.8185,0.159546
218,486.0,489.0,SPEAKER_00,"the standard AA and AAA, which",0.316801,0.8185,0.259301
219,487.5,490.5,SPEAKER_00,"and AAA, which we thought were a",0.051123,0.8185,0.041844
220,489.0,492.0,SPEAKER_00,we thought were a bit too bulky,0.194026,0.8185,0.158811
221,490.5,493.5,SPEAKER_00,bit too bulky at the moment.,0.220622,0.8185,0.180579
222,492.0,495.0,SPEAKER_00,"at the moment. Dynamo charging, I",0.172561,0.8216,0.141776
223,493.5,496.5,SPEAKER_00,"Dynamo charging, I thought that might be",0.013043,0.8216,0.010716
224,495.0,498.0,SPEAKER_00,thought that might be a bit silly to,0.337001,0.8247,0.277925
225,496.5,499.5,SPEAKER_00,a bit silly to be honest. It's,0.422622,0.8666,0.366245
226,498.0,501.0,SPEAKER_00,be honest. It's basically like wind up,0.070667,0.8666,0.06124
227,499.5,502.5,SPEAKER_00,basically like wind up radio. So,0.175871,0.8212,0.144425
228,501.0,504.0,SPEAKER_00,radio. So you wind up your remote control,0.188978,0.8212,0.155189
229,505.5,508.5,SPEAKER_02,can you get out of that? Can,0.710388,0.8336,0.59218
230,507.0,510.0,SPEAKER_02,out of that? Can you pick it up and then wind,0.833878,0.8336,0.69512
231,508.5,511.5,SPEAKER_02,you pick it up and then wind it for two minutes and then that's,0.758404,0.8537,0.647449
232,513.0,516.0,SPEAKER_00,"Yeah, I presume you wouldn't have to",0.101908,0.8218,0.083748
233,514.5,517.5,SPEAKER_00,wouldn't have to wind it for,0.110795,0.8218,0.091051
234,516.0,519.0,SPEAKER_00,wind it for very long but,0.133022,0.8218,0.109318
235,517.5,520.5,SPEAKER_00,very long but I don't think,0.13467,0.8218,0.110672
236,519.0,522.0,SPEAKER_00,I don't think it's really necessary when,0.113689,0.8218,0.09343
237,520.5,523.5,SPEAKER_00,it's really necessary when you think of,0.028287,0.8218,0.023247
238,522.0,525.0,SPEAKER_00,you think of the next two,0.089079,0.8218,0.073205
239,523.5,526.5,SPEAKER_00,the next two options like the,0.030934,0.8218,0.025421
240,525.0,528.0,SPEAKER_00,options like the solar charging Because most,0.044232,0.7943,0.035134
241,526.5,529.5,SPEAKER_00,solar charging Because most people have the light on in,0.157827,0.7943,0.125362
242,528.0,531.0,SPEAKER_00,"people have the light on in the room anyway, so they could",0.097288,0.7667,0.074591
243,529.5,532.5,SPEAKER_00,"the room anyway, so they could get when you've got PV.",0.092302,0.7667,0.070768
244,540.0,543.0,SPEAKER_01,"sizes, which one you think will be like because",0.142078,0.7209,0.102424
245,541.5,544.5,SPEAKER_01,will be like because we have to take,0.150466,0.7209,0.108471
246,543.0,546.0,SPEAKER_01,we have to take into consideration size also.,0.699277,0.7209,0.504109
247,544.5,547.5,SPEAKER_01,into consideration size also. So maybe it's standard,0.190716,0.6999,0.133482
248,546.0,549.0,SPEAKER_01,So maybe it's standard triple A might take less,0.583889,0.6789,0.396402
249,547.5,550.5,SPEAKER_01,triple A might take less space and dynamo might,0.066924,0.6789,0.045435
250,552.0,555.0,SPEAKER_00,it would. The dynamo would take more space because you'd actually,0.163941,0.5305,0.086971
251,553.5,556.5,SPEAKER_00,would take more space because you'd actually need a physical sort of handle,0.0306,0.5951,0.01821
252,558.0,561.0,SPEAKER_02,that solar is from the sun. Yeah.,0.704842,0.7664,0.540191
253,559.5,562.5,SPEAKER_02,sun. Yeah. I don't think,0.567105,0.7664,0.434629
254,561.0,564.0,SPEAKER_02,I don't think it counts. But,0.308554,0.812,0.250546
255,562.5,565.5,SPEAKER_02,"it counts. But I mean, you",0.287578,0.812,0.233514
256,564.0,567.0,SPEAKER_02,"I mean, you don't want to",0.368823,0.8287,0.305644
257,565.5,568.5,SPEAKER_02,don't want to limit your market.,0.657807,0.8356,0.549664
258,567.0,570.0,SPEAKER_02,"limit your market. I mean, people who live in basement",0.23022,0.8356,0.192372
259,568.5,571.5,SPEAKER_02,"I mean, people who live in basement flats, there's not that many people. I",0.502717,0.711,0.357432
260,570.0,573.0,SPEAKER_02,"flats, there's not that many people. I know, different parts of the world.",0.767588,0.711,0.545755
261,576.0,579.0,SPEAKER_00,and most people also watch TV in,0.005052,0.7324,0.0037
262,577.5,580.5,SPEAKER_00,watch TV in the night anyway.,0.136825,0.7324,0.10021
263,580.5,583.5,SPEAKER_02,But then it would be charging through the day. I think the,0.141835,0.8436,0.119652
264,582.0,585.0,SPEAKER_02,through the day. I think the point is it charges through,0.23833,0.8436,0.201055
265,583.5,586.5,SPEAKER_02,point is it charges through the day and then you've got,0.68025,0.8224,0.559438
266,588.0,591.0,SPEAKER_00,think the next one's the best anyway.,0.012358,0.8394,0.010373
267,589.5,592.5,SPEAKER_00,the best anyway. The kinetic charging,0.051234,0.7971,0.040839
268,591.0,594.0,SPEAKER_00,The kinetic charging which is like you,0.021589,0.7547,0.016293
269,592.5,595.5,SPEAKER_00,which is like you get it in,0.095605,0.7547,0.072153
270,594.0,597.0,SPEAKER_00,get it in wristwatches and you don't,0.158268,0.7547,0.119445
271,595.5,598.5,SPEAKER_00,wristwatches and you don't even notice it.,0.075175,0.7713,0.057983
272,597.0,600.0,SPEAKER_00,even notice it. I mean the amount of,0.119674,0.7713,0.092305
273,598.5,601.5,SPEAKER_00,I mean the amount of probably moving around you'd be,0.023894,0.7879,0.018826
274,600.0,603.0,SPEAKER_00,probably moving around you'd be doing all the time would charge,0.100541,0.7879,0.079216
275,601.5,604.5,SPEAKER_00,doing all the time would charge it up. I don't,0.100275,0.7996,0.08018
276,603.0,606.0,SPEAKER_00,it up. I don't think you'd ever need to actually,0.165217,0.7996,0.132107
277,604.5,607.5,SPEAKER_00,think you'd ever need to actually physically start shaking it up to make,0.008027,0.8113,0.006513
278,609.0,612.0,SPEAKER_01,what is the life of the kinetic battery? It,0.518458,0.6847,0.354988
279,610.5,613.5,SPEAKER_01,the kinetic battery? It runs for a long,0.191567,0.6847,0.131166
280,615.0,618.0,SPEAKER_00,It charges into some form,0.125384,0.8616,0.108031
281,616.5,619.5,SPEAKER_00,into some form of a smaller,0.021653,0.8616,0.018656
282,618.0,621.0,SPEAKER_00,"of a smaller cell, which it charges",0.074596,0.8616,0.064272
283,619.5,622.5,SPEAKER_00,"cell, which it charges into. And the",0.092687,0.7747,0.071805
284,621.0,624.0,SPEAKER_00,into. And the size of a,0.031978,0.7747,0.024773
285,622.5,625.5,SPEAKER_00,"size of a watch battery, because they",0.116474,0.6877,0.080099
286,624.0,627.0,SPEAKER_00,"watch battery, because they use them quite",0.02119,0.6877,0.014572
287,625.5,628.5,SPEAKER_00,use them quite frequently in watches.,0.168558,0.6877,0.115917
288,627.0,630.0,SPEAKER_00,frequently in watches. And,0.025978,0.7655,0.019886
289,631.5,634.5,SPEAKER_00,"would last for,",0.038905,0.8434,0.032813
290,633.0,636.0,SPEAKER_00,"last for, Well, I'm not entirely",0.056082,0.8127,0.045578
291,634.5,637.5,SPEAKER_00,"Well, I'm not entirely sure how long it would last,",0.011639,0.8127,0.009459
292,636.0,639.0,SPEAKER_00,"sure how long it would last, but I've never seen one run",0.02804,0.782,0.021927
293,640.5,643.5,SPEAKER_02,"if you think about watch, it's on your wrist, so it's on your whole body,",0.659608,0.8797,0.580258
294,642.0,645.0,SPEAKER_02,"wrist, so it's on your whole body, it's on your body the whole time.",0.698646,0.8797,0.614599
295,646.5,649.5,SPEAKER_02,"walking around, you're doing things. It is moving a lot of the",0.03726,0.8373,0.031198
296,651.0,654.0,SPEAKER_02,"I mean, you switch the TV on, then you put it on the side, then you pick it up to",0.591006,0.6977,0.412345
297,655.5,658.5,SPEAKER_00,"Yeah, but then again, I think it",0.020593,0.7598,0.015647
298,657.0,660.0,SPEAKER_00,I think it is because if you,0.009649,0.7598,0.007331
299,658.5,661.5,SPEAKER_00,"is because if you think about it, the",0.056305,0.7598,0.042781
300,660.0,663.0,SPEAKER_00,"think about it, the watch, although it's",0.401161,0.7598,0.304802
301,661.5,664.5,SPEAKER_00,"watch, although it's only a tiny amount,",0.291617,0.7598,0.221571
302,663.0,666.0,SPEAKER_00,"only a tiny amount, it's It's always moving",0.386595,0.8124,0.314069
303,664.5,667.5,SPEAKER_00,"it's It's always moving for the whole day,",0.763998,0.8124,0.620672
304,666.0,669.0,SPEAKER_00,"for the whole day, and they don't run",0.391947,0.865,0.339034
305,667.5,670.5,SPEAKER_00,and they don't run out overnight when you,0.045174,0.865,0.039075
306,669.0,672.0,SPEAKER_00,out overnight when you leave them on the,0.007442,0.865,0.006437
307,670.5,673.5,SPEAKER_00,leave them on the side.,0.052904,0.865,0.045762
308,672.0,675.0,SPEAKER_00,"side. And for the same reason,",0.025018,0.8618,0.02156
309,673.5,676.5,SPEAKER_00,"And for the same reason, you're only using it for",0.014861,0.8585,0.012758
310,675.0,678.0,SPEAKER_00,you're only using it for an incredibly short amount of,0.047282,0.8585,0.040592
311,676.5,679.5,SPEAKER_00,an incredibly short amount of time just to send the,0.110949,0.8585,0.09525
312,678.0,681.0,SPEAKER_00,"time just to send the signal, and then you're finished",0.1992,0.8585,0.171013
313,679.5,682.5,SPEAKER_00,"signal, and then you're finished with it. So it's not",0.154514,0.5838,0.090205
314,681.0,684.0,SPEAKER_00,"with it. So it's not the draw on it, is it? No, no,",0.113526,0.5658,0.064233
315,682.5,685.5,SPEAKER_00,"the draw on it, is it? No, no, I don't think the draw",0.034352,0.4194,0.014407
316,687.0,690.0,SPEAKER_03,"Referring back to solar charging, is that compatible",0.027897,0.8444,0.023556
317,688.5,691.5,SPEAKER_03,"charging, is that compatible with standard batteries?",0.01153,0.8172,0.009422
318,690.0,693.0,SPEAKER_03,"with standard batteries? I mean, could people put standard batteries",0.005338,0.8172,0.004362
319,691.5,694.5,SPEAKER_03,"I mean, could people put standard batteries in but, you know, they could leave",0.015071,0.79,0.011906
320,693.0,696.0,SPEAKER_03,"in but, you know, they could leave it in the sunlight for solar charging",0.016953,0.79,0.013393
321,694.5,697.5,SPEAKER_03,it in the sunlight for solar charging or the two things not compatible?,0.17254,0.79,0.136306
322,697.5,700.5,SPEAKER_00,"Yeah, I think you could have a dual power",0.05088,0.795,0.04045
323,699.0,702.0,SPEAKER_00,"could have a dual power thing, but the thing with",0.299745,0.795,0.238297
324,700.5,703.5,SPEAKER_00,"thing, but the thing with the solar cells is you",0.019352,0.795,0.015385
325,702.0,705.0,SPEAKER_00,the solar cells is you would need to put them,0.010978,0.795,0.008727
326,703.5,706.5,SPEAKER_00,would need to put them on the case.,0.045414,0.795,0.036104
327,705.0,708.0,SPEAKER_00,on the case. Because,0.167301,0.7866,0.131599
328,706.5,709.5,SPEAKER_00,Because on a,0.04441,0.7781,0.034555
329,708.0,711.0,SPEAKER_00,"on a calculator, they're quite",0.073484,0.7781,0.057178
330,709.5,712.5,SPEAKER_00,"calculator, they're quite big and",0.070885,0.7781,0.055156
331,711.0,714.0,SPEAKER_00,big and they all,0.180757,0.7781,0.140647
332,712.5,715.5,SPEAKER_00,they all look identical.,0.214737,0.7781,0.167087
333,720.0,723.0,SPEAKER_02,I presume that normal batteries are the cheapest.,0.777392,0.3019,0.234695
334,724.5,727.5,SPEAKER_00,the cheapest. I'd presume that then it would actually,0.005702,0.7377,0.004206
335,726.0,729.0,SPEAKER_00,then it would actually be the solar charging ones.,0.022282,0.7715,0.017191
336,727.5,730.5,SPEAKER_00,be the solar charging ones. But,0.026101,0.8217,0.021447
337,729.0,732.0,SPEAKER_00,But I think,0.078872,0.8719,0.068768
338,730.5,733.5,SPEAKER_00,I think they're,0.612427,0.8719,0.533975
339,732.0,735.0,SPEAKER_00,they're not very,0.041189,0.8719,0.035913
340,733.5,736.5,SPEAKER_00,not very resistant to,0.124608,0.8719,0.108646
341,735.0,738.0,SPEAKER_00,resistant to dropping.,0.047749,0.8482,0.040501
342,736.5,739.5,SPEAKER_00,"dropping. Because if you drop stuff, yeah,",0.231187,0.8482,0.196093
343,738.0,741.0,SPEAKER_00,"Because if you drop stuff, yeah, if you have the size",0.329808,0.8245,0.271927
344,739.5,742.5,SPEAKER_00,"if you have the size you'd need to charge a remote,",0.028294,0.8245,0.023328
345,741.0,744.0,SPEAKER_00,"you'd need to charge a remote, it wouldn't be that big.",0.088188,0.8245,0.072711
346,742.5,745.5,SPEAKER_00,"it wouldn't be that big. But I mean,",0.049971,0.8289,0.041421
347,744.0,747.0,SPEAKER_00,"But I mean, if remotes always get",0.137933,0.8332,0.114926
348,745.5,748.5,SPEAKER_00,if remotes always get thrown around and,0.824001,0.8332,0.686557
349,747.0,750.0,SPEAKER_00,"thrown around and stuff. I think,",0.116117,0.8014,0.093056
350,748.5,751.5,SPEAKER_00,"stuff. I think, yeah, practically.",0.031822,0.8014,0.025502
351,750.0,753.0,SPEAKER_00,"yeah, practically. I mean,",0.053818,0.7763,0.041779
352,751.5,754.5,SPEAKER_00,"I mean, calculators you don't really",0.079772,0.7763,0.061927
353,753.0,756.0,SPEAKER_00,calculators you don't really throw around a,0.040615,0.7832,0.03181
354,754.5,757.5,SPEAKER_00,"throw around a lot, whereas remotes",0.776767,0.7832,0.608364
355,756.0,759.0,SPEAKER_00,"lot, whereas remotes you do.",0.744429,0.7832,0.583037
356,759.0,762.0,SPEAKER_02,"They can turn. Yeah, they",0.32032,0.6247,0.200104
357,763.5,766.5,SPEAKER_00,"got dual things, but the batteries are smaller",0.442563,0.8178,0.361928
358,768.0,771.0,SPEAKER_01,"question is, which one would last",0.309212,0.6846,0.211686
359,769.5,772.5,SPEAKER_01,one would last the longest? Because we,0.757383,0.6427,0.48677
360,771.0,774.0,SPEAKER_01,the longest? Because we don't want customers to be,0.590164,0.6427,0.379298
361,772.5,775.5,SPEAKER_01,don't want customers to be charging a mobile phone every,0.719749,0.6009,0.432497
362,774.0,777.0,SPEAKER_01,charging a mobile phone every day or remote control.,0.574732,0.6009,0.345356
363,775.5,778.5,SPEAKER_01,day or remote control. So we just look at,0.385636,0.6815,0.262811
364,780.0,783.0,SPEAKER_00,"Yeah, if you had something",0.027322,0.7744,0.021158
365,781.5,784.5,SPEAKER_00,had something using the,0.024824,0.7744,0.019224
366,783.0,786.0,SPEAKER_00,using the standard batteries,0.11594,0.7744,0.089784
367,784.5,787.5,SPEAKER_00,standard batteries and the,0.31734,0.7744,0.245748
368,786.0,789.0,SPEAKER_00,"and the solar charging,",0.034185,0.7744,0.026473
369,787.5,790.5,SPEAKER_00,"solar charging, I don't think",0.029721,0.7744,0.023016
370,789.0,792.0,SPEAKER_00,I don't think you'd I think,0.120177,0.6943,0.083439
371,790.5,793.5,SPEAKER_00,"you'd I think that it would, well, you know",0.231042,0.6943,0.160412
372,792.0,795.0,SPEAKER_00,"that it would, well, you know how long the standard double A's",0.087638,0.6141,0.053819
373,793.5,796.5,SPEAKER_00,how long the standard double A's would last in or triple A's,0.023163,0.6141,0.014224
374,798.0,801.0,SPEAKER_03,"from the attractiveness of the whole feature. Yeah, I think it would.",0.057588,0.5666,0.032629
375,801.0,804.0,SPEAKER_02,"Okay, can we add in",0.443917,0.8768,0.389226
376,802.5,805.5,SPEAKER_02,we add in an attachment to,0.280181,0.8768,0.245663
377,804.0,807.0,SPEAKER_02,an attachment to clothing feature?,0.166303,0.8768,0.145815
378,805.5,808.5,SPEAKER_02,clothing feature? Okay. Can we,0.146706,0.5721,0.08393
379,807.0,810.0,SPEAKER_02,Okay. Can we think about that? Because,0.314581,0.539,0.169559
380,808.5,811.5,SPEAKER_02,think about that? Because if we're doing the kinetic thing.,0.17268,0.8085,0.139611
381,820.5,823.5,SPEAKER_02,"because, where am",0.391913,0.851,0.333518
382,822.0,825.0,SPEAKER_02,"because, where am I?",0.358973,0.851,0.305486
383,823.5,826.5,SPEAKER_02,I? If it is,0.247616,0.8233,0.203862
384,825.0,828.0,SPEAKER_02,If it is the kinetic thing and,0.039104,0.7955,0.031107
385,826.5,829.5,SPEAKER_02,the kinetic thing and it is small and,0.051932,0.7955,0.041312
386,828.0,831.0,SPEAKER_02,it is small and it is portable,0.033472,0.7955,0.026627
387,829.5,832.5,SPEAKER_02,it is portable and it is a,0.161282,0.7955,0.1283
388,831.0,834.0,SPEAKER_02,and it is a different shape and the,0.510711,0.7955,0.40627
389,832.5,835.5,SPEAKER_02,different shape and the kinetic is something people,0.577451,0.7955,0.459362
390,834.0,837.0,SPEAKER_02,"kinetic is something people don't do, kind",0.365907,0.7955,0.291079
391,835.5,838.5,SPEAKER_02,"don't do, kind of, we're doing something",0.285042,0.7955,0.226751
392,837.0,840.0,SPEAKER_02,"of, we're doing something original and different.",0.092544,0.7955,0.073619
393,838.5,841.5,SPEAKER_02,original and different. But if you wore,0.035355,0.7828,0.027676
394,840.0,843.0,SPEAKER_02,"But if you wore it, if it's something you",0.462981,0.77,0.356496
395,841.5,844.5,SPEAKER_02,"it, if it's something you could just clip on your",0.627171,0.77,0.482921
396,843.0,846.0,SPEAKER_02,"could just clip on your pocket, then you would have",0.075332,0.77,0.058006
397,844.5,847.5,SPEAKER_02,"pocket, then you would have that less, you wouldn't lose",0.70429,0.77,0.542304
398,846.0,849.0,SPEAKER_02,"that less, you wouldn't lose it so much. But then",0.511905,0.7659,0.392068
399,847.5,850.5,SPEAKER_02,it so much. But then maybe that's looking at,0.461765,0.7659,0.353666
400,849.0,852.0,SPEAKER_02,maybe that's looking at someone who's just,0.424659,0.7618,0.323505
401,850.5,853.5,SPEAKER_02,someone who's just sitting on their own,0.776744,0.7618,0.591724
402,852.0,855.0,SPEAKER_02,sitting on their own rather than the eternal,0.170729,0.7618,0.130062
403,853.5,856.5,SPEAKER_02,rather than the eternal battle for control of,0.726107,0.7618,0.553149
404,858.0,861.0,SPEAKER_03,something that's come up in any of our focus groups,0.007959,0.8511,0.006774
405,859.5,862.5,SPEAKER_03,any of our focus groups and market research. It's not,0.010658,0.771,0.008217
406,861.0,864.0,SPEAKER_03,and market research. It's not a thing that people are,0.017205,0.771,0.013265
407,862.5,865.5,SPEAKER_03,a thing that people are looking for when we throw open,0.07055,0.6909,0.048743
408,864.0,867.0,SPEAKER_03,"looking for when we throw open to the field, yeah.",0.145979,0.6909,0.100857
409,865.5,868.5,SPEAKER_03,"to the field, yeah. But it's",0.050716,0.7442,0.037743
410,867.0,870.0,SPEAKER_03,But it's something to put on the side to think,0.007609,0.7976,0.006069
411,868.5,871.5,SPEAKER_03,something to put on the side to think about maybe.,0.010973,0.7976,0.008752
412,871.5,874.5,SPEAKER_00,"Okay, well I'll move",0.174425,0.6502,0.113411
413,873.0,876.0,SPEAKER_00,I'll move on. My,0.318944,0.766,0.244311
414,874.5,877.5,SPEAKER_00,on. My second part,0.166652,0.766,0.127656
415,876.0,879.0,SPEAKER_00,second part of my,0.06081,0.8818,0.053623
416,877.5,880.5,SPEAKER_00,"of my findings, the",0.2045,0.8818,0.180328
417,879.0,882.0,SPEAKER_00,"findings, the most current",0.279689,0.8818,0.24663
418,880.5,883.5,SPEAKER_00,most current remotes use,0.292244,0.8818,0.257701
419,882.0,885.0,SPEAKER_00,remotes use this silicon PCB,0.039851,0.8818,0.035141
420,883.5,886.5,SPEAKER_00,this silicon PCB board which,0.007975,0.8818,0.007033
421,885.0,888.0,SPEAKER_00,board which printed circuit,0.037148,0.8818,0.032758
422,886.5,889.5,SPEAKER_00,printed circuit board. which,0.015581,0.8548,0.013318
423,888.0,891.0,SPEAKER_00,board. which basically has these contacts,0.020037,0.8548,0.017127
424,889.5,892.5,SPEAKER_00,basically has these contacts that are really close,0.011643,0.8277,0.009637
425,891.0,894.0,SPEAKER_00,that are really close together and then,0.018406,0.8277,0.015235
426,892.5,895.5,SPEAKER_00,together and then when you press down,0.08619,0.8277,0.071339
427,894.0,897.0,SPEAKER_00,when you press down on the rubber,0.198966,0.8277,0.164684
428,895.5,898.5,SPEAKER_00,on the rubber button it'll connect the,0.580793,0.8277,0.480723
429,897.0,900.0,SPEAKER_00,button it'll connect the circuit and each,0.031442,0.8277,0.026025
430,898.5,901.5,SPEAKER_00,circuit and each switch is connected to,0.017302,0.8277,0.014321
431,900.0,903.0,SPEAKER_00,switch is connected to two different legs on,0.107229,0.8277,0.088753
432,901.5,904.5,SPEAKER_00,two different legs on the chip and,0.365434,0.8277,0.30247
433,903.0,906.0,SPEAKER_00,the chip and so sends a different,0.108964,0.8277,0.090189
434,904.5,907.5,SPEAKER_00,so sends a different message and that,0.03857,0.8277,0.031925
435,906.0,909.0,SPEAKER_00,message and that then gets translated by,0.094961,0.8277,0.0786
436,907.5,910.5,SPEAKER_00,then gets translated by the chip into a,0.07664,0.8277,0.063435
437,909.0,912.0,SPEAKER_00,the chip into a code and then,0.018539,0.8277,0.015344
438,910.5,913.5,SPEAKER_00,code and then it's fired out of,0.094036,0.8277,0.077833
439,912.0,915.0,SPEAKER_00,it's fired out of this LED in,0.036841,0.8277,0.030493
440,913.5,916.5,SPEAKER_00,this LED in a sequence of on,0.076686,0.8277,0.063473
441,915.0,918.0,SPEAKER_00,a sequence of on and off bursts,0.198005,0.8277,0.163889
442,918.0,921.0,SPEAKER_02,What kind of things do we have to consider there?,0.258407,0.803,0.2075
443,919.5,922.5,SPEAKER_02,to consider there? Does it come,0.153134,0.7967,0.122002
444,921.0,924.0,SPEAKER_02,Does it come in varying sizes or,0.633897,0.7904,0.501032
445,922.5,925.5,SPEAKER_02,in varying sizes or is it just one size?,0.612251,0.7904,0.483923
446,927.0,930.0,SPEAKER_00,about it is they can be as big,0.041644,0.814,0.033898
447,928.5,931.5,SPEAKER_00,can be as big or as small,0.033233,0.814,0.027052
448,930.0,933.0,SPEAKER_00,or as small as you want them,0.029993,0.814,0.024415
449,931.5,934.5,SPEAKER_00,as you want them to be because you,0.019568,0.814,0.015928
450,933.0,936.0,SPEAKER_00,to be because you can print a,0.022931,0.814,0.018666
451,934.5,937.5,SPEAKER_00,can print a circuit board like that.,0.008716,0.814,0.007095
452,936.0,939.0,SPEAKER_00,circuit board like that. It's simply,0.009767,0.807,0.007882
453,937.5,940.5,SPEAKER_00,It's simply spaced like that so you,0.020141,0.807,0.016254
454,939.0,942.0,SPEAKER_00,spaced like that so you can fit the size of,0.005747,0.7999,0.004597
455,940.5,943.5,SPEAKER_00,can fit the size of the nine buttons in. If,0.027145,0.8089,0.021957
456,942.0,945.0,SPEAKER_00,the nine buttons in. If you see how thin,0.042681,0.8089,0.034525
457,943.5,946.5,SPEAKER_00,"you see how thin the tracks are, you could",0.046403,0.8179,0.037953
458,945.0,948.0,SPEAKER_00,"the tracks are, you could put them virtually right",0.003006,0.8179,0.002459
459,946.5,949.5,SPEAKER_00,put them virtually right next to each other and,0.027096,0.8179,0.022162
460,948.0,951.0,SPEAKER_00,next to each other and have a much smaller,0.160711,0.8179,0.131445
461,949.5,952.5,SPEAKER_00,have a much smaller switch on each one if,0.021093,0.8179,0.017252
462,951.0,954.0,SPEAKER_00,switch on each one if you wanted to.,0.023587,0.8179,0.019292
463,952.5,955.5,SPEAKER_00,you wanted to. But there,0.531388,0.8398,0.44626
464,954.0,957.0,SPEAKER_00,But there is an option,0.033539,0.8618,0.028904
465,955.5,958.5,SPEAKER_00,is an option to do it,0.004987,0.8618,0.004298
466,957.0,960.0,SPEAKER_00,"to do it like that, or",0.042344,0.8618,0.036492
467,958.5,961.5,SPEAKER_00,"like that, or you could",0.026413,0.8618,0.022762
468,960.0,963.0,SPEAKER_00,you could have some sort,0.029618,0.8618,0.025525
469,961.5,964.5,SPEAKER_00,have some sort of array of,0.433377,0.8618,0.373485
470,963.0,966.0,SPEAKER_00,of array of switches which I'll,0.085331,0.8618,0.073538
471,964.5,967.5,SPEAKER_00,switches which I'll speak about in,0.056359,0.8618,0.04857
472,966.0,969.0,SPEAKER_00,speak about in the next bit.,0.439141,0.7856,0.344989
473,967.5,970.5,SPEAKER_00,the next bit. And then to conserve,0.590657,0.7856,0.46402
474,969.0,972.0,SPEAKER_00,"And then to conserve battery life, the remote",0.577942,0.7094,0.409992
475,970.5,973.5,SPEAKER_00,"battery life, the remote should be in",0.297541,0.7094,0.211075
476,972.0,975.0,SPEAKER_00,should be in a standby mode while,0.280143,0.7094,0.198734
477,973.5,976.5,SPEAKER_00,a standby mode while not being used.,0.414676,0.7094,0.294171
478,975.0,978.0,SPEAKER_00,not being used. And what I was,0.366089,0.7464,0.273249
479,976.5,979.5,SPEAKER_00,And what I was thinking about that was,0.071689,0.7834,0.056161
480,978.0,981.0,SPEAKER_00,thinking about that was because sometimes when you have,0.012253,0.7834,0.009599
481,979.5,982.5,SPEAKER_00,"because sometimes when you have these things, they've got",0.011831,0.7834,0.009268
482,981.0,984.0,SPEAKER_00,"these things, they've got little lights on behind the",0.049271,0.7834,0.038599
483,982.5,985.5,SPEAKER_00,little lights on behind the buttons. So you can see,0.036421,0.799,0.029101
484,984.0,987.0,SPEAKER_00,buttons. So you can see what all the buttons are like on a,0.064388,0.799,0.051446
485,985.5,988.5,SPEAKER_00,what all the buttons are like on a mobile phone. They do it,0.045016,0.6953,0.031299
486,987.0,990.0,SPEAKER_00,mobile phone. They do it more often than on a,0.367545,0.6953,0.255554
487,988.5,991.5,SPEAKER_00,more often than on a mobile phone. than on a,0.081996,0.7048,0.057791
488,990.0,993.0,SPEAKER_00,mobile phone. than on a TV remote but you could,0.061466,0.7048,0.043321
489,991.5,994.5,SPEAKER_00,TV remote but you could have lights behind the buttons,0.010929,0.8336,0.00911
490,993.0,996.0,SPEAKER_00,have lights behind the buttons and after like 5 or,0.006955,0.8336,0.005798
491,994.5,997.5,SPEAKER_00,and after like 5 or 10 seconds of not,0.032918,0.8336,0.02744
492,996.0,999.0,SPEAKER_00,10 seconds of not being used I'd have that,0.010568,0.8336,0.008809
493,997.5,1000.5,SPEAKER_00,being used I'd have that turned off if we decided,0.052546,0.8336,0.043802
494,999.0,1002.0,SPEAKER_00,turned off if we decided to go for buttons that,0.043629,0.8336,0.03637
495,1000.5,1003.5,SPEAKER_00,to go for buttons that could light up.,0.018442,0.8336,0.015373
496,1002.0,1005.0,SPEAKER_00,could light up.,0.128774,0.8336,0.107346
497,1005.0,1008.0,SPEAKER_00,"The case material,",0.058624,0.8742,0.05125
498,1006.5,1009.5,SPEAKER_00,"case material, I've been sent",0.026225,0.8742,0.022926
499,1008.0,1011.0,SPEAKER_00,I've been sent what the,0.140717,0.8742,0.123015
500,1009.5,1012.5,SPEAKER_00,what the factory can,0.007733,0.8742,0.00676
501,1011.0,1014.0,SPEAKER_00,factory can actually give us.,0.021361,0.8742,0.018674
502,1012.5,1015.5,SPEAKER_00,actually give us. there's the plastic,0.011918,0.848,0.010106
503,1014.0,1017.0,SPEAKER_00,there's the plastic which I think,0.00641,0.848,0.005436
504,1015.5,1018.5,SPEAKER_00,which I think we were going,0.018877,0.8219,0.015515
505,1017.0,1020.0,SPEAKER_00,we were going to go for anyway,0.017095,0.8219,0.01405
506,1018.5,1021.5,SPEAKER_00,to go for anyway as the main,0.016236,0.8219,0.013345
507,1020.0,1023.0,SPEAKER_00,as the main case housing and,0.024025,0.8219,0.019746
508,1021.5,1024.5,SPEAKER_00,case housing and the main problems,0.359303,0.8219,0.295311
509,1023.0,1026.0,SPEAKER_00,"the main problems with the, well",0.530197,0.8219,0.435769
510,1024.5,1027.5,SPEAKER_00,"with the, well you could go for",0.157718,0.8219,0.129628
511,1026.0,1029.0,SPEAKER_00,you could go for wood but I,0.37164,0.8219,0.305451
512,1027.5,1030.5,SPEAKER_00,wood but I think it would,0.028541,0.8219,0.023458
513,1029.0,1032.0,SPEAKER_00,think it would be a bit,0.165831,0.8219,0.136296
514,1030.5,1033.5,SPEAKER_00,be a bit impractical titanium very,0.466871,0.8367,0.390631
515,1032.0,1035.0,SPEAKER_00,impractical titanium very expensive just the,0.07908,0.8367,0.066166
516,1033.5,1036.5,SPEAKER_00,expensive just the process which,0.152131,0.8516,0.129555
517,1035.0,1038.0,SPEAKER_00,process which to make it,0.063937,0.8516,0.054449
518,1036.5,1039.5,SPEAKER_00,to make it is expensive,0.524853,0.8516,0.446965
519,1038.0,1041.0,SPEAKER_00,is expensive and rubber well,0.113759,0.8516,0.096877
520,1039.5,1042.5,SPEAKER_00,and rubber well you're saying,0.007696,0.8516,0.006554
521,1041.0,1044.0,SPEAKER_00,you're saying that people like,0.057448,0.8516,0.048923
522,1042.5,1045.5,SPEAKER_00,that people like this spongy,0.015661,0.8516,0.013337
523,1044.0,1047.0,SPEAKER_00,this spongy feel this year,0.352053,0.8516,0.299808
524,1045.5,1048.5,SPEAKER_00,feel this year so perhaps,0.785945,0.8516,0.669311
525,1047.0,1050.0,SPEAKER_00,so perhaps something made of,0.007375,0.8516,0.006281
526,1048.5,1051.5,SPEAKER_00,something made of rubber but,0.030493,0.8516,0.025968
527,1050.0,1053.0,SPEAKER_00,rubber but I was thinking,0.016338,0.8516,0.013913
528,1051.5,1054.5,SPEAKER_00,I was thinking more of,0.013975,0.8516,0.011901
529,1053.0,1056.0,SPEAKER_00,more of the buttons because,0.04744,0.8516,0.0404
530,1054.5,1057.5,SPEAKER_00,the buttons because the buttons which,0.059421,0.8516,0.050603
531,1056.0,1059.0,SPEAKER_00,the buttons which they've said,0.179298,0.8516,0.15269
532,1057.5,1060.5,SPEAKER_00,they've said that they've put,0.619125,0.8516,0.527246
533,1059.0,1062.0,SPEAKER_00,that they've put across are,0.225059,0.8104,0.182388
534,1060.5,1063.5,SPEAKER_00,across are what is used,0.405116,0.8104,0.328306
535,1062.0,1065.0,SPEAKER_00,what is used in some stressful,0.486449,0.7691,0.374128
536,1063.5,1066.5,SPEAKER_00,in some stressful manufacture and,0.462418,0.7691,0.355646
537,1065.0,1068.0,SPEAKER_00,manufacture and it's meant to,0.019305,0.7691,0.014847
538,1066.5,1069.5,SPEAKER_00,it's meant to be anti-RSI.,0.127076,0.7691,0.097734
539,1068.0,1071.0,SPEAKER_00,be anti-RSI. I'm not sure,0.107589,0.8193,0.088148
540,1069.5,1072.5,SPEAKER_00,I'm not sure how that would work,0.007969,0.8694,0.006928
541,1071.0,1074.0,SPEAKER_00,how that would work because surely your fingers,0.010861,0.8694,0.009443
542,1072.5,1075.5,SPEAKER_00,because surely your fingers would still be moving,0.042718,0.8694,0.037139
543,1074.0,1077.0,SPEAKER_00,would still be moving over the short distances but,0.149452,0.8694,0.129934
544,1075.5,1078.5,SPEAKER_00,over the short distances but that's what they said.,0.022272,0.8694,0.019364
545,1077.0,1080.0,SPEAKER_00,that's what they said.,0.025007,0.8694,0.021741
546,1080.0,1083.0,SPEAKER_00,The problem with the,0.346481,0.8142,0.282105
547,1081.5,1084.5,SPEAKER_00,with the casing is,0.038797,0.8142,0.031588
548,1083.0,1086.0,SPEAKER_00,casing is that there's,0.068602,0.8467,0.058085
549,1084.5,1087.5,SPEAKER_00,that there's There's quite a,0.21844,0.8467,0.184953
550,1086.0,1089.0,SPEAKER_00,There's quite a few design restrictions,0.071777,0.8791,0.063099
551,1087.5,1090.5,SPEAKER_00,few design restrictions that they've,0.049783,0.8791,0.043764
552,1089.0,1092.0,SPEAKER_00,that they've got on the,0.025627,0.8791,0.022529
553,1090.5,1093.5,SPEAKER_00,got on the shape of the,0.075975,0.8791,0.066789
554,1092.0,1095.0,SPEAKER_00,shape of the case. If you go,0.037391,0.8568,0.032037
555,1093.5,1096.5,SPEAKER_00,"case. If you go for titanium, they can only do",0.007124,0.8568,0.006104
556,1095.0,1098.0,SPEAKER_00,"for titanium, they can only do a standard box shape.",0.069663,0.8345,0.058134
557,1096.5,1099.5,SPEAKER_00,a standard box shape. Whereas if you come,0.007194,0.8523,0.006131
558,1098.0,1101.0,SPEAKER_00,"Whereas if you come to plastic, they can",0.015795,0.8701,0.013743
559,1099.5,1102.5,SPEAKER_00,"to plastic, they can be a little more, they",0.080534,0.8701,0.070073
560,1101.0,1104.0,SPEAKER_00,"be a little more, they can do sort of",0.105522,0.8701,0.091814
561,1102.5,1105.5,SPEAKER_00,can do sort of curved shapes. But,0.017749,0.8776,0.015577
562,1104.0,1107.0,SPEAKER_00,"curved shapes. But whether or not, because we'd",0.019848,0.8776,0.017418
563,1105.5,1108.5,SPEAKER_00,"whether or not, because we'd have it in two",0.020838,0.8851,0.018444
564,1107.0,1110.0,SPEAKER_00,"have it in two separate units,",0.035859,0.8851,0.031739
565,1110.0,1113.0,SPEAKER_01,so for the flip phone yeah,0.347438,0.6797,0.236154
566,1111.5,1114.5,SPEAKER_01,for the flip phone yeah and second question is like mobile,0.065548,0.6797,0.044553
567,1113.0,1116.0,SPEAKER_01,and second question is like mobile you can change the cover,0.347133,0.6797,0.235946
568,1114.5,1117.5,SPEAKER_01,you can change the cover yeah skin or whatever so,0.49616,0.6797,0.33724
569,1116.0,1119.0,SPEAKER_01,yeah skin or whatever so in this case if you're looking,0.509523,0.6797,0.346323
570,1117.5,1120.5,SPEAKER_01,in this case if you're looking at like a customer can,0.168225,0.6797,0.114342
571,1119.0,1122.0,SPEAKER_01,at like a customer can change the color like from,0.578928,0.6797,0.393498
572,1120.5,1123.5,SPEAKER_01,change the color like from green parrot green to chili red,0.675497,0.6797,0.459135
573,1122.0,1125.0,SPEAKER_01,green parrot green to chili red or something like that yeah,0.081989,0.6797,0.055728
574,1123.5,1126.5,SPEAKER_01,or something like that yeah so is that feature available,0.19732,0.6797,0.134118
575,1125.0,1128.0,SPEAKER_01,so is that feature available in like titanium or it's,0.249558,0.6797,0.169624
576,1126.5,1129.5,SPEAKER_01,in like titanium or it's like only specific to yeah in,0.16207,0.6797,0.110159
577,1128.0,1131.0,SPEAKER_01,like only specific to yeah in in titanium i don't i,0.120887,0.6797,0.082167
578,1129.5,1132.5,SPEAKER_01,in titanium i don't i don't think it would be,0.149803,0.6797,0.101821
579,1131.0,1134.0,SPEAKER_01,don't think it would be available at all really the just,0.07055,0.6797,0.047953
580,1135.5,1138.5,SPEAKER_00,"it available in the titanium, it's just it would",0.040565,0.8536,0.034626
581,1137.0,1140.0,SPEAKER_00,it's just it would be so expensive to buy,0.220149,0.8536,0.187919
582,1138.5,1141.5,SPEAKER_00,be so expensive to buy a new case for,0.484843,0.8536,0.413862
583,1140.0,1143.0,SPEAKER_00,a new case for it because of the expense,0.219308,0.8536,0.187201
584,1141.5,1144.5,SPEAKER_00,it because of the expense of how much titanium,0.274469,0.8536,0.234287
585,1143.0,1146.0,SPEAKER_00,of how much titanium is. It's light,0.079137,0.8668,0.068596
586,1144.5,1147.5,SPEAKER_00,is. It's light and strong but I,0.033262,0.8668,0.028831
587,1146.0,1149.0,SPEAKER_00,and strong but I think it should be left,0.110159,0.8799,0.096929
588,1147.5,1150.5,SPEAKER_00,think it should be left for aircraft design rather,0.021769,0.8799,0.019155
589,1149.0,1152.0,SPEAKER_00,for aircraft design rather than for,0.12016,0.8799,0.105728
590,1152.0,1155.0,SPEAKER_03,"It does mark quite easily, too. If you let it fall, I've got",0.00425,0.7208,0.003063
591,1153.5,1156.5,SPEAKER_03,"If you let it fall, I've got a mobile phone myself, which is titanium.",0.006709,0.7208,0.004836
592,1155.0,1158.0,SPEAKER_03,"a mobile phone myself, which is titanium. And it does mark very easily",0.069211,0.7319,0.050655
593,1156.5,1159.5,SPEAKER_03,And it does mark very easily if you drop it.,0.001175,0.7513,0.000883
594,1158.0,1161.0,SPEAKER_03,if you drop it. I was just wondering if we,0.001579,0.7473,0.00118
595,1159.5,1162.5,SPEAKER_03,I was just wondering if we make the basic mold out of,0.008572,0.7902,0.006773
596,1161.0,1164.0,SPEAKER_03,"make the basic mold out of plastic, but have like a rubber",0.015196,0.7902,0.012008
597,1162.5,1165.5,SPEAKER_03,"plastic, but have like a rubber cover that comes over that would give",0.049453,0.7902,0.039077
598,1164.0,1167.0,SPEAKER_03,cover that comes over that would give the spongy feel. That also,0.011711,0.7731,0.009054
599,1165.5,1168.5,SPEAKER_03,give the spongy feel. That also allows us to kind of have,0.232465,0.7731,0.179719
600,1167.0,1170.0,SPEAKER_03,"allows us to kind of have different functions. And you can peel them off,",0.013192,0.6331,0.008352
601,1171.5,1174.5,SPEAKER_02,"that comes off being plastic, the fascia that comes off",0.167579,0.6222,0.104268
602,1173.0,1176.0,SPEAKER_02,the fascia that comes off would be the rubber most.,0.271174,0.6222,0.168725
603,1174.5,1177.5,SPEAKER_02,would be the rubber most. Like those pens,0.782347,0.6519,0.510012
604,1176.0,1179.0,SPEAKER_02,Like those pens that you get with a,0.849005,0.6815,0.578597
605,1177.5,1180.5,SPEAKER_02,that you get with a grip that you can,0.734455,0.6815,0.500531
606,1185.0,1188.0,SPEAKER_03,way of changing the look of it and people can just buy a new one if they,0.003842,0.6895,0.002649
607,1189.5,1192.5,SPEAKER_02,been really popular with mobile phones so I don't see,0.798361,0.7648,0.610586
608,1194.0,1197.0,SPEAKER_00,just going back to the interface,0.053847,0.8262,0.044488
609,1195.5,1198.5,SPEAKER_00,to the interface designs with the,0.067383,0.8262,0.055672
610,1197.0,1200.0,SPEAKER_00,"designs with the buttons, we were",0.027471,0.8262,0.022696
611,1198.5,1201.5,SPEAKER_00,"buttons, we were planning to do some",0.025831,0.8262,0.021342
612,1200.0,1203.0,SPEAKER_00,planning to do some sort of touch,0.205396,0.8262,0.169698
613,1201.5,1204.5,SPEAKER_00,sort of touch screen.,0.035034,0.8262,0.028945
614,1203.0,1206.0,SPEAKER_00,screen. Now what I,0.377861,0.8179,0.309052
615,1204.5,1207.5,SPEAKER_00,"Now what I was saying before about,",0.029403,0.8096,0.023805
616,1206.0,1209.0,SPEAKER_00,"was saying before about, instead of having, you",0.044771,0.8096,0.036247
617,1207.5,1210.5,SPEAKER_00,"instead of having, you could have just a",0.015393,0.8096,0.012462
618,1209.0,1212.0,SPEAKER_00,could have just a bare PCB circuit board.,0.222178,0.8096,0.179875
619,1210.5,1213.5,SPEAKER_00,bare PCB circuit board. And I'm sure,0.04078,0.8198,0.033431
620,1212.0,1215.0,SPEAKER_00,And I'm sure you could probably get it in,0.003345,0.8301,0.002777
621,1213.5,1216.5,SPEAKER_00,you could probably get it in different colors. And so,0.045597,0.7922,0.036122
622,1215.0,1218.0,SPEAKER_00,different colors. And so just by touching it,0.019153,0.7922,0.015173
623,1216.5,1219.5,SPEAKER_00,"just by touching it with your finger, it would",0.355596,0.7543,0.268226
624,1218.0,1221.0,SPEAKER_00,"with your finger, it would make the connection. over",0.064264,0.7855,0.05048
625,1219.5,1222.5,SPEAKER_00,make the connection. over if you had them close,0.015939,0.7855,0.01252
626,1221.0,1224.0,SPEAKER_00,if you had them close enough. That would be one option.,0.005895,0.8105,0.004778
627,1222.5,1225.5,SPEAKER_00,enough. That would be one option.,0.009229,0.8197,0.007565
628,1224.0,1227.0,SPEAKER_00,"The second option,",0.006446,0.8212,0.005293
629,1225.5,1228.5,SPEAKER_00,"The second option, they offer rubber buttons,",0.009234,0.8382,0.00774
630,1227.0,1230.0,SPEAKER_00,"they offer rubber buttons, but I thought",0.029471,0.8382,0.024703
631,1228.5,1231.5,SPEAKER_00,but I thought that an LCD,0.045233,0.8382,0.037914
632,1230.0,1233.0,SPEAKER_00,"that an LCD type of screen, because",0.02972,0.8382,0.024911
633,1231.5,1234.5,SPEAKER_00,"type of screen, because one, they're incredibly",0.006512,0.8382,0.005459
634,1233.0,1236.0,SPEAKER_00,"one, they're incredibly thin and don't",0.095785,0.8382,0.080287
635,1234.5,1237.5,SPEAKER_00,thin and don't take up much,0.343898,0.8382,0.288255
636,1236.0,1239.0,SPEAKER_00,"take up much space. Two,",0.06054,0.8827,0.053439
637,1237.5,1240.5,SPEAKER_00,"space. Two, you can have",0.003985,0.8827,0.003518
638,1239.0,1242.0,SPEAKER_00,you can have them in a,0.010175,0.9273,0.009436
639,1240.5,1243.5,SPEAKER_00,them in a sort of a,0.113734,0.9273,0.105466
640,1242.0,1245.0,SPEAKER_00,sort of a rain. You could arrange the,0.057183,0.888,0.050778
641,1243.5,1246.5,SPEAKER_00,rain. You could arrange the buttons on the screen in,0.341034,0.888,0.302838
642,1245.0,1248.0,SPEAKER_00,buttons on the screen in a sort of sat thing and,0.06714,0.8486,0.056975
643,1246.5,1249.5,SPEAKER_00,a sort of sat thing and you could have them like a,0.019276,0.8486,0.016357
644,1251.0,1254.0,SPEAKER_01,didn't get the,0.281737,0.7023,0.197864
645,1252.5,1255.5,SPEAKER_01,get the meaning,0.323842,0.7023,0.227435
646,1255.5,1258.5,SPEAKER_01,of it completely.,0.431161,0.7023,0.302804
647,1260.0,1263.0,SPEAKER_00,"the LCD screen, you could fit",0.076505,0.8406,0.06431
648,1261.5,1264.5,SPEAKER_00,you could fit it. The problem with,0.176462,0.8437,0.148881
649,1263.0,1266.0,SPEAKER_00,"it. The problem with it, basically, is that it's",0.220843,0.8437,0.186325
650,1264.5,1267.5,SPEAKER_00,"it, basically, is that it's flat and so you can't",0.025627,0.8468,0.021701
651,1266.0,1269.0,SPEAKER_00,flat and so you can't do lots of curve things,0.100975,0.8468,0.085506
652,1267.5,1270.5,SPEAKER_00,do lots of curve things with it.,0.043516,0.8468,0.036849
653,1272.0,1275.0,SPEAKER_00,"With the LCD, you'd have",0.028642,0.7239,0.020734
654,1273.5,1276.5,SPEAKER_00,"LCD, you'd have the wires coming",0.188529,0.7239,0.136476
655,1275.0,1278.0,SPEAKER_00,the wires coming off. You wouldn't have,0.048771,0.7803,0.038056
656,1276.5,1279.5,SPEAKER_00,off. You wouldn't have that with the,0.020888,0.796,0.016627
657,1278.0,1281.0,SPEAKER_00,"that with the With the LCD, you'd",0.016908,0.832,0.014067
658,1279.5,1282.5,SPEAKER_00,"With the LCD, you'd only have that with",0.04172,0.8273,0.034515
659,1281.0,1284.0,SPEAKER_00,only have that with the printed circuit board.,0.026507,0.8273,0.021929
660,1282.5,1285.5,SPEAKER_00,the printed circuit board. I'm,0.328033,0.6417,0.210499
661,1287.0,1290.0,SPEAKER_03,"don't see why the curved thing is a problem. If we, for example,",0.028045,0.7666,0.021499
662,1288.5,1291.5,SPEAKER_03,"problem. If we, for example, had a shell, once we",0.042247,0.7666,0.032386
663,1290.0,1293.0,SPEAKER_03,"had a shell, once we open that, it could have a",0.048074,0.6833,0.032849
664,1294.5,1297.5,SPEAKER_00,I'm just wondering whether we want,0.116372,0.7481,0.087058
665,1296.0,1299.0,SPEAKER_00,whether we want an LCD screen inside.,0.027846,0.7481,0.020832
666,1297.5,1300.5,SPEAKER_00,an LCD screen inside. It wouldn't be like full,0.035639,0.79,0.028155
667,1299.0,1302.0,SPEAKER_00,It wouldn't be like full colour. It would just be black and,0.005479,0.8036,0.004403
668,1300.5,1303.5,SPEAKER_00,colour. It would just be black and white. But,0.036274,0.8451,0.030655
669,1302.0,1305.0,SPEAKER_00,white. But there'd be touch,0.036839,0.8516,0.031372
670,1303.5,1306.5,SPEAKER_00,there'd be touch buttons. They wouldn't be,0.019573,0.8434,0.016508
671,1305.0,1308.0,SPEAKER_00,buttons. They wouldn't be pressing down on them.,0.038724,0.8434,0.03266
672,1306.5,1309.5,SPEAKER_00,pressing down on them. Or we could have rubber,0.015075,0.8055,0.012143
673,1308.0,1311.0,SPEAKER_00,"Or we could have rubber buttons, which are made of",0.032846,0.797,0.026178
674,1312.5,1315.5,SPEAKER_02,think it would be good to have a contrast between if the,0.198674,0.7152,0.142092
675,1314.0,1317.0,SPEAKER_02,have a contrast between if the whole thing is going to be,0.827497,0.7152,0.591826
676,1315.5,1318.5,SPEAKER_02,whole thing is going to be this rubber thing. It would be,0.662297,0.7656,0.507055
677,1317.0,1320.0,SPEAKER_02,this rubber thing. It would be good to open it up,0.629852,0.7656,0.482215
678,1318.5,1321.5,SPEAKER_02,good to open it up and see something quite fancy,0.59292,0.8161,0.483882
679,1320.0,1323.0,SPEAKER_02,and see something quite fancy looking inside. Now how,0.138525,0.8454,0.117109
680,1321.5,1324.5,SPEAKER_02,looking inside. Now how would you distinguish if you had a,0.1375,0.8454,0.116243
681,1323.0,1326.0,SPEAKER_02,would you distinguish if you had a bear? How'd you distinguish where,0.159998,0.8566,0.137055
682,1324.5,1327.5,SPEAKER_02,bear? How'd you distinguish where you had to press? I,0.302996,0.7874,0.238579
683,1330.5,1333.5,SPEAKER_03,"Yeah, you could",0.009195,0.4893,0.004499
684,1332.0,1335.0,SPEAKER_03,you could have,0.030289,0.4893,0.01482
685,1333.5,1336.5,SPEAKER_03,have some sort,0.006914,0.4893,0.003383
686,1335.0,1338.0,SPEAKER_03,some sort of,0.041157,0.4893,0.020138
687,1336.5,1339.5,SPEAKER_03,of stylist that,0.10871,0.4893,0.053192
688,1338.0,1341.0,SPEAKER_03,stylist that you,0.03991,0.4893,0.019528
689,1339.5,1342.5,SPEAKER_03,you could pull,0.005653,0.4893,0.002766
690,1341.0,1344.0,SPEAKER_03,"could pull out,",0.059119,0.4893,0.028927
691,1345.5,1348.5,SPEAKER_00,think they could get a bit easily,0.022542,0.699,0.015757
692,1347.0,1350.0,SPEAKER_00,get a bit easily lost.,0.420259,0.6585,0.276741
693,1351.5,1354.5,SPEAKER_01,replace as well. A person who switches channels very,0.148616,0.5926,0.08807
694,1353.0,1356.0,SPEAKER_01,person who switches channels very often or does use a,0.378046,0.6725,0.254236
695,1354.5,1357.5,SPEAKER_01,"often or does use a particular function very often, he'll",0.432776,0.6725,0.291042
696,1356.0,1359.0,SPEAKER_01,"particular function very often, he'll find it very irritating to",0.648828,0.6725,0.436337
697,1357.5,1360.5,SPEAKER_01,"find it very irritating to use early, you know? Yeah.",0.690509,0.6823,0.471134
698,1359.0,1362.0,SPEAKER_01,"use early, you know? Yeah. And he might",0.623744,0.6998,0.436496
699,1360.5,1363.5,SPEAKER_01,And he might spoil your touchpad very fast,0.690882,0.7134,0.492875
700,1362.0,1365.0,SPEAKER_01,spoil your touchpad very fast compared to a button like,0.193044,0.7349,0.141868
701,1363.5,1366.5,SPEAKER_01,compared to a button like if you keep punching with a,0.551436,0.7349,0.40525
702,1365.0,1368.0,SPEAKER_01,"if you keep punching with a point or whatever. Yeah,",0.735397,0.5742,0.422265
703,1369.5,1372.5,SPEAKER_03,"wouldn't actually need one and they could use anything they've got, couldn't they? A pencil or a",0.023764,0.6564,0.015599
704,1371.0,1374.0,SPEAKER_03,"anything they've got, couldn't they? A pencil or a pen? So they wouldn't really need a",0.0236,0.6685,0.015776
705,1375.5,1378.5,SPEAKER_02,"that. So if you finish here, and come back to",0.308079,0.7886,0.242951
706,1381.5,1384.5,SPEAKER_01,like you're this thing regarding the circuit since we have having a flip top.,0.242126,0.7766,0.188035
707,1383.0,1386.0,SPEAKER_01,"since we have having a flip top. Yeah, customize the two",0.035202,0.7567,0.026637
708,1384.5,1387.5,SPEAKER_01,"Yeah, customize the two circuits for different type of buttons like",0.719337,0.7368,0.530007
709,1386.0,1389.0,SPEAKER_01,circuits for different type of buttons like we are keeping the standard buttons on the,0.656955,0.7368,0.484045
710,1387.5,1390.5,SPEAKER_01,"we are keeping the standard buttons on the top. Oh,",0.358649,0.6526,0.234054
711,1389.0,1392.0,SPEAKER_01,"top. Oh, yeah, complex buttons and other things so we can",0.498844,0.6526,0.325546
712,1390.5,1393.5,SPEAKER_01,"yeah, complex buttons and other things so we can divide the circuit like you know,",0.782129,0.5684,0.444562
713,1393.5,1396.5,SPEAKER_00,"Yeah, yeah, that would be fairly simple. I mean,",0.062569,0.7954,0.049768
714,1395.0,1398.0,SPEAKER_00,"fairly simple. I mean, you'd actually have",0.018799,0.7954,0.014952
715,1396.5,1399.5,SPEAKER_00,"you'd actually have two separate, you'd have",0.061254,0.8162,0.049996
716,1398.0,1401.0,SPEAKER_00,"two separate, you'd have two separate circuit",0.150898,0.8162,0.123163
717,1399.5,1402.5,SPEAKER_00,"two separate circuit boards, but they'd be",0.244323,0.8162,0.199416
718,1401.0,1404.0,SPEAKER_00,"boards, but they'd be joined by wires",0.352304,0.8162,0.287551
719,1402.5,1405.5,SPEAKER_00,joined by wires or like some cabling,0.036136,0.8162,0.029494
720,1404.0,1407.0,SPEAKER_00,or like some cabling between them.,0.038079,0.8162,0.03108
721,1405.5,1408.5,SPEAKER_00,between them. Because in the,0.15279,0.8322,0.127152
722,1407.0,1410.0,SPEAKER_00,Because in the actual flip that you'd,0.057233,0.8482,0.048545
723,1408.5,1411.5,SPEAKER_00,actual flip that you'd have some linking.,0.00972,0.8482,0.008245
724,1410.0,1413.0,SPEAKER_00,have some linking.,0.245919,0.8482,0.208589
725,1411.5,1414.5,SPEAKER_03,"I just raised another point. Well,",0.165137,0.6754,0.111534
726,1413.0,1416.0,SPEAKER_03,"I just raised another point. Well, it kind of applies to both our",0.014683,0.6754,0.009917
727,1414.5,1417.5,SPEAKER_03,"it kind of applies to both our designers here, because I'm not sure how",0.0036,0.5839,0.002102
728,1416.0,1419.0,SPEAKER_03,"designers here, because I'm not sure how it would fit in.",0.02353,0.5839,0.013739
729,1417.5,1420.5,SPEAKER_03,"it would fit in. If we flip open, now you",0.021645,0.725,0.015692
730,1419.0,1422.0,SPEAKER_03,"If we flip open, now you know how you've got some mirrors",0.000427,0.8662,0.00037
731,1420.5,1423.5,SPEAKER_03,know how you've got some mirrors in nightclubs that are mirrors when,0.009113,0.8662,0.007894
732,1422.0,1425.0,SPEAKER_03,in nightclubs that are mirrors when you turn to them and you,0.013236,0.8662,0.011465
733,1423.5,1426.5,SPEAKER_03,you turn to them and you turn away and it gives like,0.324384,0.8662,0.280982
734,1425.0,1428.0,SPEAKER_03,turn away and it gives like an advertising display? Have you,0.012106,0.7618,0.009222
735,1426.5,1429.5,SPEAKER_03,an advertising display? Have you seen those? and they kind,0.005983,0.7943,0.004752
736,1428.0,1431.0,SPEAKER_03,seen those? and they kind of respond to the turn of your body.,0.003865,0.7584,0.002931
737,1429.5,1432.5,SPEAKER_03,of respond to the turn of your body. Is it possible that,0.010187,0.8512,0.008671
738,1431.0,1434.0,SPEAKER_03,Is it possible that when we open our flip,0.005501,0.8512,0.004683
739,1432.5,1435.5,SPEAKER_03,"when we open our flip top shell, it's a little compact",0.013763,0.8431,0.011604
740,1434.0,1437.0,SPEAKER_03,"top shell, it's a little compact mirror, and when you press",0.005023,0.8431,0.004235
741,1435.5,1438.5,SPEAKER_03,"mirror, and when you press a button it then goes on",0.008619,0.8431,0.007267
742,1437.0,1440.0,SPEAKER_03,"a button it then goes on to the phone display, the",0.007506,0.8431,0.006328
743,1438.5,1441.5,SPEAKER_03,"to the phone display, the remote control display thing?",0.03241,0.8431,0.027325
744,1441.5,1444.5,SPEAKER_02,We are marketing to guys as much as we are to,0.875974,0.7947,0.696137
745,1449.0,1452.0,SPEAKER_02,it's remote control. You were sitting watching TV. Yeah. Are you going,0.480451,0.7094,0.340832
746,1450.5,1453.5,SPEAKER_02,sitting watching TV. Yeah. Are you going to want to sort of open it and see?,0.240949,0.7127,0.171725
747,1453.5,1456.5,SPEAKER_03,I know what you mean. So without using the ideas from,0.178669,0.714,0.12757
748,1455.0,1458.0,SPEAKER_03,"using the ideas from mobile phones, I've",0.76973,0.6095,0.469151
749,1456.5,1459.5,SPEAKER_03,"mobile phones, I've kind of got sidetracked",0.810221,0.6095,0.49383
750,1458.0,1461.0,SPEAKER_03,"kind of got sidetracked onto that, I think.",0.11054,0.6095,0.067374
751,1459.5,1462.5,SPEAKER_03,"onto that, I think. OK. We're just trying to think of",0.012364,0.6643,0.008213
752,1461.0,1464.0,SPEAKER_03,OK. We're just trying to think of other features we can build in that wouldn't,0.003993,0.7192,0.002872
753,1462.5,1465.5,SPEAKER_03,other features we can build in that wouldn't cost too much. But we'll maybe leave that,0.00531,0.6879,0.003653
754,1464.0,1467.0,SPEAKER_03,cost too much. But we'll maybe leave that one on the side.,0.018027,0.7026,0.012666
755,1465.5,1468.5,SPEAKER_03,one on the side. Yeah. OK.,0.051307,0.5739,0.029445
756,1468.5,1471.5,SPEAKER_00,"I mean you can, you could do",0.02182,0.8553,0.018663
757,1470.0,1473.0,SPEAKER_00,"you can, you could do it, you could have a,",0.005973,0.8553,0.005109
758,1471.5,1474.5,SPEAKER_00,"it, you could have a, because if you just put",0.167164,0.8553,0.142975
759,1473.0,1476.0,SPEAKER_00,because if you just put the full charge through,0.173708,0.8553,0.148573
760,1474.5,1477.5,SPEAKER_00,the full charge through an LCD display or completely,0.027843,0.8553,0.023814
761,1476.0,1479.0,SPEAKER_00,an LCD display or completely blank it out.,0.475752,0.8553,0.406911
762,1477.5,1480.5,SPEAKER_00,blank it out. But I don't know if you could get,0.019251,0.7966,0.015335
763,1482.0,1485.0,SPEAKER_03,"think we'll forget about the mirror,",0.303707,0.4475,0.135909
764,1483.5,1486.5,SPEAKER_03,"about the mirror, that was just",0.902128,0.4475,0.403702
765,1485.0,1488.0,SPEAKER_03,that was just a very quick,0.731461,0.4475,0.327329
766,1489.5,1492.5,SPEAKER_01,like to share something which I did here.,0.057018,0.798,0.0455
767,1491.0,1494.0,SPEAKER_01,did here. First thing is basically,0.301791,0.798,0.240829
768,1492.5,1495.5,SPEAKER_01,"First thing is basically on design, we just took",0.547772,0.815,0.446435
769,1494.0,1497.0,SPEAKER_01,"on design, we just took the input from the",0.175654,0.815,0.143158
770,1495.5,1498.5,SPEAKER_01,"the input from the previous meeting, especially from",0.206071,0.815,0.167948
771,1497.0,1500.0,SPEAKER_01,"previous meeting, especially from the marketing and industrial",0.376863,0.815,0.307144
772,1498.5,1501.5,SPEAKER_01,the marketing and industrial design to check on the,0.29328,0.815,0.239023
773,1500.0,1503.0,SPEAKER_01,design to check on the customer needs and feasibility.,0.109862,0.815,0.089537
774,1501.5,1504.5,SPEAKER_01,customer needs and feasibility. Second is we checked into competitors.,0.877247,0.6869,0.602581
775,1503.0,1506.0,SPEAKER_01,Second is we checked into competitors. The picture here shows what are,0.848916,0.6869,0.58312
776,1504.5,1507.5,SPEAKER_01,The picture here shows what are the standard models offered by competitors,0.808856,0.6589,0.532955
777,1506.0,1509.0,SPEAKER_01,the standard models offered by competitors here. So you generally,0.393667,0.7266,0.286038
778,1507.5,1510.5,SPEAKER_01,here. So you generally see there's not much,0.350793,0.7266,0.254886
779,1509.0,1512.0,SPEAKER_01,see there's not much of variety and,0.508825,0.7942,0.404109
780,1510.5,1513.5,SPEAKER_01,of variety and like marketing team said,0.38978,0.7942,0.309563
781,1512.0,1515.0,SPEAKER_01,like marketing team said people need trendy they,0.767478,0.7942,0.609531
782,1513.5,1516.5,SPEAKER_01,people need trendy they are bored of,0.612307,0.7942,0.486294
783,1515.0,1518.0,SPEAKER_01,are bored of black and white So,0.731598,0.7942,0.581035
784,1516.5,1519.5,SPEAKER_01,black and white So you generally see rectangular,0.340632,0.7942,0.27053
785,1518.0,1521.0,SPEAKER_01,you generally see rectangular shape very monotonous,0.754631,0.7942,0.599328
786,1519.5,1522.5,SPEAKER_01,shape very monotonous kind of designs here,0.726699,0.7942,0.577145
787,1521.0,1524.0,SPEAKER_01,kind of designs here and Second thing is,0.503456,0.7942,0.399845
788,1522.5,1525.5,SPEAKER_01,and Second thing is there's too much,0.225754,0.7942,0.179293
789,1524.0,1527.0,SPEAKER_01,there's too much of confusion here.,0.43128,0.7942,0.342522
790,1525.5,1528.5,SPEAKER_01,of confusion here. No particular remote,0.663956,0.7857,0.52167
791,1527.0,1530.0,SPEAKER_01,No particular remote is standard,0.849818,0.7772,0.660479
792,1531.5,1534.5,SPEAKER_01,like some people have,0.560438,0.8804,0.49341
793,1533.0,1536.0,SPEAKER_01,people have here. You see this?,0.121402,0.9302,0.112928
794,1534.5,1537.5,SPEAKER_01,"here. You see this? This is all, I",0.122607,0.8716,0.106864
795,1536.0,1539.0,SPEAKER_01,"This is all, I found that the only",0.453532,0.7544,0.342144
796,1537.5,1540.5,SPEAKER_01,found that the only common feature is,0.208347,0.7544,0.157177
797,1539.0,1542.0,SPEAKER_01,common feature is the channel control and,0.268149,0.7544,0.202292
798,1540.5,1543.5,SPEAKER_01,the channel control and the volume control. Rest,0.803216,0.7896,0.634219
799,1542.0,1545.0,SPEAKER_01,"the volume control. Rest other buttons, they are in",0.887349,0.7896,0.70065
800,1543.5,1546.5,SPEAKER_01,"other buttons, they are in a very disorganized and they",0.79485,0.8248,0.655592
801,1545.0,1548.0,SPEAKER_01,a very disorganized and they are not consistent with,0.894892,0.8248,0.738107
802,1546.5,1549.5,SPEAKER_01,"are not consistent with other models and all. Okay,",0.131892,0.8027,0.10587
803,1548.0,1551.0,SPEAKER_01,"other models and all. Okay, and second, as already",0.135316,0.8027,0.108618
804,1549.5,1552.5,SPEAKER_01,"and second, as already discussed with William, we are",0.181262,0.7807,0.141512
805,1551.0,1554.0,SPEAKER_01,"discussed with William, we are going to have maybe",0.079049,0.7807,0.061714
806,1552.5,1555.5,SPEAKER_01,going to have maybe a GUI interface in the,0.050929,0.7807,0.03976
807,1554.0,1557.0,SPEAKER_01,a GUI interface in the middle of the flip,0.234503,0.7807,0.183076
808,1555.5,1558.5,SPEAKER_01,"middle of the flip top. Sorry, what does that",0.729213,0.5842,0.426007
809,1557.0,1560.0,SPEAKER_01,"top. Sorry, what does that mean? Graphic user interface, basically,",0.807679,0.6314,0.509968
810,1558.5,1561.5,SPEAKER_01,"mean? Graphic user interface, basically, which is what we",0.548402,0.5567,0.305295
811,1560.0,1563.0,SPEAKER_01,"which is what we do in computer, have icons",0.471874,0.7256,0.342392
812,1561.5,1564.5,SPEAKER_01,"do in computer, have icons or touchpad or whatever.",0.672053,0.7256,0.487642
813,1564.5,1567.5,SPEAKER_00,"Yeah, if you have buttons that appear on the screen",0.008026,0.6786,0.005446
814,1569.0,1572.0,SPEAKER_01,like you have on all icons are something,0.208745,0.7146,0.149169
815,1570.5,1573.5,SPEAKER_01,all icons are something you have is a,0.119369,0.7146,0.085301
816,1572.0,1575.0,SPEAKER_01,"you have is a good example of GUI,",0.482641,0.7146,0.344896
817,1573.5,1576.5,SPEAKER_01,"good example of GUI, Graphic User Interface.",0.139702,0.7091,0.099063
818,1575.0,1578.0,SPEAKER_01,"Graphic User Interface. So basically, a person need not",0.137605,0.7091,0.097576
819,1576.5,1579.5,SPEAKER_01,"So basically, a person need not point or click or press",0.723739,0.7036,0.509223
820,1578.0,1581.0,SPEAKER_01,"point or click or press any particular device, he just",0.817056,0.7036,0.574881
821,1579.5,1582.5,SPEAKER_01,"any particular device, he just has to click on that",0.562465,0.7036,0.395751
822,1581.0,1584.0,SPEAKER_01,has to click on that particular icon to simplify.,0.40744,0.7036,0.286675
823,1582.5,1585.5,SPEAKER_01,particular icon to simplify. And on the,0.351031,0.7546,0.264888
824,1584.0,1587.0,SPEAKER_01,"And on the top, repetitive buttons which are",0.391144,0.8055,0.315066
825,1585.5,1588.5,SPEAKER_01,"top, repetitive buttons which are like volume or channel changing",0.4895,0.8055,0.394292
826,1587.0,1590.0,SPEAKER_01,like volume or channel changing and all could be on,0.112133,0.8055,0.090323
827,1588.5,1591.5,SPEAKER_01,and all could be on the pointing device. That means,0.186287,0.8029,0.14957
828,1590.0,1593.0,SPEAKER_01,the pointing device. That means user button.,0.532762,0.7835,0.417419
829,1591.5,1594.5,SPEAKER_01,user button. So he need not use,0.169494,0.7725,0.130934
830,1593.0,1596.0,SPEAKER_01,So he need not use a pointer to keep changing the,0.189939,0.7447,0.141448
831,1594.5,1597.5,SPEAKER_01,a pointer to keep changing the channel if a person is,0.242385,0.7447,0.180504
832,1596.0,1599.0,SPEAKER_01,channel if a person is frequent server. So we are,0.517098,0.7106,0.367449
833,1597.5,1600.5,SPEAKER_01,frequent server. So we are having a combination of both.,0.310079,0.7106,0.220342
834,1599.0,1602.0,SPEAKER_01,having a combination of both. So on the,0.081964,0.749,0.061391
835,1600.5,1603.5,SPEAKER_01,"So on the simpler board on the top,",0.09006,0.749,0.067455
836,1602.0,1605.0,SPEAKER_01,"simpler board on the top, we have this button,",0.399178,0.8216,0.327965
837,1603.5,1606.5,SPEAKER_01,"we have this button, rubber buttons to keep frequently",0.164327,0.8216,0.135011
838,1605.0,1608.0,SPEAKER_01,rubber buttons to keep frequently changing the channels.,0.232331,0.8216,0.190883
839,1606.5,1609.5,SPEAKER_01,changing the channels.,0.253997,0.8216,0.208684
840,1608.0,1611.0,SPEAKER_02,Can we swap that round? So,0.020146,0.8337,0.016796
841,1609.5,1612.5,SPEAKER_02,Can we swap that round? So the ones that we use all,0.315696,0.8337,0.263196
842,1611.0,1614.0,SPEAKER_02,the ones that we use all the time are on the bottom,0.550845,0.8135,0.448112
843,1612.5,1615.5,SPEAKER_02,the time are on the bottom part?,0.18295,0.8135,0.14883
844,1614.0,1617.0,SPEAKER_02,"part? In fact, if you're",0.519457,0.7798,0.405073
845,1615.5,1618.5,SPEAKER_02,"In fact, if you're thinking about holding it,",0.512449,0.7462,0.38239
846,1617.0,1620.0,SPEAKER_02,"thinking about holding it, you would be using",0.251949,0.7462,0.188005
847,1618.5,1621.5,SPEAKER_02,"you would be using your thumbs to press,",0.445302,0.7462,0.332284
848,1620.0,1623.0,SPEAKER_02,"your thumbs to press, just like a mobile",0.73124,0.7462,0.545651
849,1624.5,1627.5,SPEAKER_03,you'd be Wouldn't you?,0.296032,0.828,0.245114
850,1626.0,1629.0,SPEAKER_03,Wouldn't you? Isn't that the idea? If we just,0.252196,0.822,0.207305
851,1627.5,1630.5,SPEAKER_03,"Isn't that the idea? If we just use the shell as an example again,",0.045354,0.7585,0.034401
852,1629.0,1632.0,SPEAKER_03,"use the shell as an example again, you open that, you've got your",0.002562,0.6956,0.001782
853,1630.5,1633.5,SPEAKER_03,"you open that, you've got your LCD display there, and you've got the",0.008151,0.6956,0.00567
854,1632.0,1635.0,SPEAKER_03,"LCD display there, and you've got the buttons there, so you're holding it",0.00987,0.6956,0.006865
855,1636.5,1639.5,SPEAKER_02,"what I was just saying. Yeah, but you can't do it with your thumb. And then have",0.408029,0.3145,0.128325
856,1638.0,1641.0,SPEAKER_02,"with your thumb. And then have the LCD at the top,",0.506232,0.427,0.216161
857,1639.5,1642.5,SPEAKER_02,"the LCD at the top, and then be able to",0.499677,0.7524,0.375957
858,1641.0,1644.0,SPEAKER_02,and then be able to touch that for the other,0.518222,0.7524,0.38991
859,1642.5,1645.5,SPEAKER_02,touch that for the other controls. So have,0.54228,0.785,0.42569
860,1644.0,1647.0,SPEAKER_02,controls. So have the volume and,0.300037,0.785,0.235529
861,1645.5,1648.5,SPEAKER_02,"the volume and the program, things",0.383104,0.8175,0.313188
862,1647.0,1650.0,SPEAKER_02,"the program, things like that on",0.730751,0.8175,0.597389
863,1648.5,1651.5,SPEAKER_02,like that on the lower side.,0.490012,0.6342,0.310765
864,1650.0,1653.0,SPEAKER_02,the lower side. Perfect.,0.319997,0.6342,0.202942
865,1654.5,1657.5,SPEAKER_01,So the findings are too many cluttered buttons.,0.694501,0.8624,0.598938
866,1656.0,1659.0,SPEAKER_01,findings are too many cluttered buttons. The,0.622937,0.8107,0.505015
867,1657.5,1660.5,SPEAKER_01,"The repetition of certain patterns,",0.194611,0.8107,0.157771
868,1659.0,1662.0,SPEAKER_01,"repetition of certain patterns, which I already explained, example",0.17711,0.759,0.134426
869,1660.5,1663.5,SPEAKER_01,"which I already explained, example the volume and channel",0.334607,0.759,0.253967
870,1662.0,1665.0,SPEAKER_01,the volume and channel control buttons. All are confusing,0.182147,0.8019,0.146064
871,1663.5,1666.5,SPEAKER_01,"control buttons. All are confusing and inconsistent. Okay,",0.200098,0.7982,0.159718
872,1665.0,1668.0,SPEAKER_01,"and inconsistent. Okay, we had a latest finding of",0.341847,0.8178,0.279562
873,1666.5,1669.5,SPEAKER_01,we had a latest finding of voice recognition. There was,0.728047,0.8402,0.611705
874,1668.0,1671.0,SPEAKER_01,voice recognition. There was a mail which mentions,0.158773,0.8402,0.133401
875,1669.5,1672.5,SPEAKER_01,a mail which mentions that our division has,0.200933,0.8895,0.17873
876,1671.0,1674.0,SPEAKER_01,that our division has developed a new speech,0.400898,0.8895,0.356599
877,1672.5,1675.5,SPEAKER_01,developed a new speech recognition feature.,0.088549,0.8895,0.078764
878,1674.0,1677.0,SPEAKER_01,recognition feature. We have to,0.374818,0.8441,0.316384
879,1675.5,1678.5,SPEAKER_01,We have to check into the financial,0.147002,0.7988,0.117425
880,1677.0,1680.0,SPEAKER_01,"check into the financial feasibility, whether we can",0.203016,0.7988,0.162169
881,1678.5,1681.5,SPEAKER_01,"feasibility, whether we can incorporate this at a",0.169686,0.7988,0.135545
882,1680.0,1683.0,SPEAKER_01,incorporate this at a low cost. but for,0.243313,0.8419,0.204845
883,1681.5,1684.5,SPEAKER_01,low cost. but for like we had,0.17868,0.8419,0.15043
884,1683.0,1686.0,SPEAKER_01,like we had response from the customers,0.795526,0.8851,0.70412
885,1684.5,1687.5,SPEAKER_01,response from the customers that they would like,0.520056,0.8851,0.460301
886,1686.0,1689.0,SPEAKER_01,that they would like to have the,0.334869,0.8851,0.296392
887,1687.5,1690.5,SPEAKER_01,to have the feature of finding it.,0.423544,0.8851,0.374879
888,1689.0,1692.0,SPEAKER_01,feature of finding it. So it could be,0.352486,0.7975,0.281108
889,1690.5,1693.5,SPEAKER_01,"So it could be like, where is the remote? And the remote",0.911376,0.734,0.66895
890,1692.0,1695.0,SPEAKER_01,"like, where is the remote? And the remote answers, I am here.",0.886218,0.734,0.650484
891,1693.5,1696.5,SPEAKER_01,"answers, I am here. Some kind of thing",0.230198,0.7907,0.182018
892,1695.0,1698.0,SPEAKER_01,Some kind of thing or it gives a blip,0.422568,0.8233,0.3479
893,1696.5,1699.5,SPEAKER_01,or it gives a blip sound or some kind of sound.,0.714269,0.8233,0.588058
894,1698.0,1701.0,SPEAKER_01,sound or some kind of sound. And if,0.739161,0.8407,0.621413
895,1699.5,1702.5,SPEAKER_01,"And if this can be incorporated, this",0.88362,0.8407,0.742859
896,1701.0,1704.0,SPEAKER_01,"this can be incorporated, this would be more, you",0.385644,0.8582,0.330959
897,1702.5,1705.5,SPEAKER_01,"would be more, you can say trendy also and",0.322709,0.8582,0.276949
898,1704.0,1707.0,SPEAKER_01,can say trendy also and technologically innovative also.,0.442274,0.8582,0.37956
899,1705.5,1708.5,SPEAKER_01,technologically innovative also.,0.279653,0.8582,0.239998
900,1710.0,1713.0,SPEAKER_01,check into the financial feasibility of incorporating this.,0.795736,0.8525,0.678365
901,1711.5,1714.5,SPEAKER_01,of incorporating this.,0.510695,0.8525,0.435368
902,1714.5,1717.5,SPEAKER_01,My personal preferences,0.156492,0.7881,0.123331
903,1716.0,1719.0,SPEAKER_01,"My personal preferences would be, as already",0.469053,0.7881,0.369661
904,1717.5,1720.5,SPEAKER_01,"would be, as already highlighted by marketing department,",0.896982,0.7881,0.706912
905,1719.0,1722.0,SPEAKER_01,"highlighted by marketing department, they want something to",0.425429,0.7881,0.33528
906,1720.5,1723.5,SPEAKER_01,they want something to do with fruit. So I,0.298676,0.8195,0.244765
907,1722.0,1725.0,SPEAKER_01,do with fruit. So I wouldn't say the design should be like a fruit.,0.771056,0.8195,0.63188
908,1723.5,1726.5,SPEAKER_01,"wouldn't say the design should be like a fruit. But yeah,",0.913313,0.802,0.732477
909,1725.0,1728.0,SPEAKER_01,"But yeah, we can take",0.845908,0.7532,0.637138
910,1726.5,1729.5,SPEAKER_01,"we can take inspiration from fruit colors,",0.585886,0.7532,0.441289
911,1728.0,1731.0,SPEAKER_01,"inspiration from fruit colors, like the vibrant",0.004425,0.7532,0.003333
912,1729.5,1732.5,SPEAKER_01,"like the vibrant colors, red, chili, tomato",0.162839,0.7532,0.122651
913,1731.0,1734.0,SPEAKER_01,"colors, red, chili, tomato red, or whatever.",0.194325,0.7532,0.146365
914,1732.5,1735.5,SPEAKER_01,"red, or whatever. And second",0.480183,0.8065,0.387268
915,1734.0,1737.0,SPEAKER_01,And second thing is certain standard buttons,0.017669,0.8065,0.01425
916,1735.5,1738.5,SPEAKER_01,thing is certain standard buttons we should have.,0.483823,0.8599,0.41604
917,1737.0,1740.0,SPEAKER_01,"we should have. For example,",0.136811,0.8913,0.12194
918,1738.5,1741.5,SPEAKER_01,"For example, if you see",0.346878,0.9227,0.320064
919,1740.0,1743.0,SPEAKER_01,"if you see the previous slide,",0.538435,0.9227,0.496814
920,1741.5,1744.5,SPEAKER_01,"the previous slide, Well,",0.433426,0.7561,0.327713
921,1744.5,1747.5,SPEAKER_01,yeah. I think most of,0.273278,0.7078,0.193426
922,1746.0,1749.0,SPEAKER_01,I think most of the users would now be,0.479688,0.7078,0.339523
923,1747.5,1750.5,SPEAKER_01,the users would now be well acquainted with this central,0.509093,0.8261,0.420562
924,1749.0,1752.0,SPEAKER_01,well acquainted with this central pattern here. Yeah. So,0.681198,0.7464,0.508446
925,1750.5,1753.5,SPEAKER_01,pattern here. Yeah. So we would not change that,0.364774,0.7464,0.272267
926,1752.0,1755.0,SPEAKER_01,we would not change that particular pattern because this is the,0.634786,0.8142,0.516843
927,1753.5,1756.5,SPEAKER_01,particular pattern because this is the most consistent thing in all,0.571217,0.8142,0.465085
928,1761.0,1764.0,SPEAKER_01,central one. Is that volume and channel?,0.453823,0.531,0.24098
929,1762.5,1765.5,SPEAKER_01,and channel? So keep that,0.169054,0.711,0.120198
930,1764.0,1767.0,SPEAKER_01,So keep that standardized because that's the most,0.240867,0.8743,0.21059
931,1765.5,1768.5,SPEAKER_01,standardized because that's the most common feature across all,0.78167,0.8743,0.683414
932,1767.0,1770.0,SPEAKER_01,common feature across all models. If you,0.348943,0.8617,0.300684
933,1768.5,1771.5,SPEAKER_01,"models. If you look at all the models, it's here.",0.540839,0.8617,0.466041
934,1770.0,1773.0,SPEAKER_01,"look at all the models, it's here.",0.34951,0.8491,0.296769
935,1788.0,1791.0,SPEAKER_02,I'm not sure how long,0.461956,0.8083,0.373399
936,1789.5,1792.5,SPEAKER_02,sure how long we've got,0.540456,0.8083,0.43685
937,1791.0,1794.0,SPEAKER_02,we've got left but,0.4769,0.8083,0.385479
938,1792.5,1795.5,SPEAKER_02,left but we need to,0.200813,0.8083,0.162317
939,1794.0,1797.0,SPEAKER_02,we need to make a,0.008431,0.8083,0.006815
940,1795.5,1798.5,SPEAKER_02,make a decision about,0.181888,0.8083,0.14702
941,1800.0,1803.0,SPEAKER_02,things we've discussed,0.193477,0.7896,0.152769
942,1801.5,1804.5,SPEAKER_02,we've discussed so we,0.674466,0.7896,0.532558
943,1803.0,1806.0,SPEAKER_02,so we agree on,0.675379,0.7896,0.533279
944,1804.5,1807.5,SPEAKER_02,agree on do we,0.339508,0.7896,0.268075
945,1806.0,1809.0,SPEAKER_02,do we agree on,0.524588,0.7896,0.414215
946,1807.5,1810.5,SPEAKER_02,agree on the battery kinetic,0.144165,0.7896,0.113833
947,1809.0,1812.0,SPEAKER_02,the battery kinetic kinetic yeah,0.505769,0.7896,0.399355
948,1810.5,1813.5,SPEAKER_02,kinetic yeah That,0.486274,0.7962,0.387171
949,1812.0,1815.0,SPEAKER_02,That means that there's no,0.362327,0.7962,0.288484
950,1813.5,1816.5,SPEAKER_02,"means that there's no function for the port,",0.623242,0.8028,0.500338
951,1815.0,1818.0,SPEAKER_02,"function for the port, you know, that it sits",0.622058,0.8028,0.499388
952,1816.5,1819.5,SPEAKER_02,"you know, that it sits in, then pressing the",0.767483,0.8028,0.616135
953,1818.0,1821.0,SPEAKER_02,"in, then pressing the button, then having.",0.432886,0.8028,0.347521
954,1819.5,1822.5,SPEAKER_02,"button, then having. So we could incorporate",0.427361,0.7909,0.338
955,1821.0,1824.0,SPEAKER_02,So we could incorporate voice recognition for finding it.,0.156558,0.779,0.121959
956,1822.5,1825.5,SPEAKER_02,voice recognition for finding it. It's like,0.338043,0.7909,0.267358
957,1824.0,1827.0,SPEAKER_02,It's like a gadget.,0.663747,0.8028,0.532856
958,1827.0,1830.0,SPEAKER_00,It's a selling point. It's quite a cool feature to,0.205087,0.7632,0.156523
959,1828.5,1831.5,SPEAKER_00,"point. It's quite a cool feature to have. And also, if",0.650108,0.783,0.509034
960,1830.0,1833.0,SPEAKER_00,"have. And also, if they've got these",0.019464,0.78,0.015182
961,1831.5,1834.5,SPEAKER_00,"they've got these parts already in stock,",0.030009,0.8225,0.024682
962,1833.0,1836.0,SPEAKER_00,"parts already in stock, then it won't",0.063346,0.8225,0.052102
963,1834.5,1837.5,SPEAKER_00,then it won't be cheap to remanufacture,0.486482,0.8225,0.400131
964,1836.0,1839.0,SPEAKER_00,be cheap to remanufacture them. It will be,0.002259,0.806,0.00182
965,1837.5,1840.5,SPEAKER_00,"them. It will be cheap, sorry, to",0.559864,0.806,0.45125
966,1839.0,1842.0,SPEAKER_00,"cheap, sorry, to remanufacture. So do",0.414891,0.7567,0.313948
967,1840.5,1843.5,SPEAKER_00,remanufacture. So do you reckon that's a good idea that?,0.042857,0.7567,0.03243
968,1842.0,1845.0,SPEAKER_00,you reckon that's a good idea that? Where's the,0.159982,0.7365,0.117827
969,1843.5,1846.5,SPEAKER_00,Where's the remote I'm here thing?,0.142335,0.7492,0.106637
970,1845.0,1848.0,SPEAKER_00,remote I'm here thing? I think that would,0.175706,0.6995,0.122906
971,1849.5,1852.5,SPEAKER_02,think the only pitfall that we would have would,0.295761,0.8849,0.261719
972,1851.0,1854.0,SPEAKER_02,we would have would be how much it's,0.358315,0.8849,0.317073
973,1852.5,1855.5,SPEAKER_02,be how much it's going to cost.,0.617479,0.8849,0.546407
974,1854.0,1857.0,SPEAKER_02,going to cost. That means we have to cut,0.551593,0.8949,0.49362
975,1855.5,1858.5,SPEAKER_02,That means we have to cut down somewhere else.,0.223918,0.8466,0.189569
976,1857.0,1860.0,SPEAKER_02,down somewhere else. But I think pretty,0.081344,0.8466,0.068866
977,1858.5,1861.5,SPEAKER_02,"But I think pretty much we've use cheap,",0.29959,0.7505,0.224842
978,1860.0,1863.0,SPEAKER_02,"much we've use cheap, relatively cheap",0.411741,0.7505,0.309012
979,1861.5,1864.5,SPEAKER_02,relatively cheap and simple,0.138337,0.7127,0.098593
980,1863.0,1866.0,SPEAKER_02,and simple things. The LCD is,0.398011,0.665,0.264677
981,1867.5,1870.5,SPEAKER_00,as expensive as it would be if it was full,0.463246,0.6837,0.316721
982,1869.0,1872.0,SPEAKER_00,"be if it was full color, because if it just",0.014466,0.6837,0.009891
983,1870.5,1873.5,SPEAKER_00,"color, because if it just got a black and white",0.039963,0.6837,0.027323
984,1872.0,1875.0,SPEAKER_00,"got a black and white one, I mean, they used",0.018694,0.6837,0.012781
985,1873.5,1876.5,SPEAKER_00,"one, I mean, they used them in calculators.",0.108485,0.6837,0.074171
986,1876.5,1879.5,SPEAKER_01,Maybe we could start with the black and white.,0.692066,0.8627,0.597046
987,1881.0,1884.0,SPEAKER_01,would be good. Upgrade later on.,0.322476,0.5808,0.187294
988,1884.0,1887.0,SPEAKER_03,We talked about kinetic charging. We seem to have,0.001268,0.8347,0.001059
989,1885.5,1888.5,SPEAKER_03,about kinetic charging. We seem to have decided on that. Did we decide on,0.015303,0.799,0.012227
990,1887.0,1890.0,SPEAKER_03,decided on that. Did we decide on double or triple A batteries?,0.037011,0.8102,0.029986
991,1890.0,1893.0,SPEAKER_00,Do you want like,0.300043,0.76,0.228033
992,1894.5,1897.5,SPEAKER_03,the decisions we had to make was whether we had AA batteries because they've still got,0.009606,0.7195,0.006911
993,1896.0,1899.0,SPEAKER_03,"we had AA batteries because they've still got to be charged this way, haven't they?",0.018794,0.7195,0.013522
994,1899.0,1902.0,SPEAKER_00,"No, the kinetic ones come with a",0.0409,0.7087,0.028986
995,1900.5,1903.5,SPEAKER_00,ones come with a sort of battery that,0.002662,0.7087,0.001887
996,1902.0,1905.0,SPEAKER_00,sort of battery that goes in the watch.,0.08196,0.7087,0.058085
997,1903.5,1906.5,SPEAKER_00,"goes in the watch. Right, okay, got you. So",0.029437,0.7391,0.021757
998,1905.0,1908.0,SPEAKER_00,"Right, okay, got you. So it's a lot",0.032494,0.7544,0.024514
999,1909.5,1912.5,SPEAKER_03,"on that, okay.",0.322889,0.8226,0.265608
1000,1911.0,1914.0,SPEAKER_02,"Okay, so we've",0.372854,0.546,0.203578
1001,1912.5,1915.5,SPEAKER_02,"Okay, so we've got the battery.",0.286641,0.546,0.156506
1002,1914.0,1917.0,SPEAKER_02,got the battery. The inside,0.169849,0.7018,0.1192
1003,1915.5,1918.5,SPEAKER_02,The inside components is pretty standardized,0.297936,0.8575,0.25548
1004,1917.0,1920.0,SPEAKER_02,"components is pretty standardized across the board,",0.433989,0.8575,0.372146
1005,1923.0,1926.0,SPEAKER_02,a decision to be made there.,0.140704,0.8209,0.115504
1006,1927.5,1930.5,SPEAKER_02,"The buttons, what did you give us",0.303228,0.9187,0.278575
1007,1929.0,1932.0,SPEAKER_02,what did you give us as a,0.210349,0.9187,0.193248
1008,1933.5,1936.5,SPEAKER_02,The bareboard LCD.,0.525337,0.804,0.422371
1009,1936.5,1939.5,SPEAKER_00,"Yeah, I think we're going for the LCD on that one.",0.091359,0.7375,0.067377
1010,1938.0,1941.0,SPEAKER_00,the LCD on that one. On the buttons.,0.101523,0.8461,0.085898
1011,1939.5,1942.5,SPEAKER_00,On the buttons. On the,0.251653,0.8508,0.214106
1012,1941.0,1944.0,SPEAKER_00,On the top one.,0.056151,0.7468,0.041934
1013,1947.0,1950.0,SPEAKER_00,"OK. And then... On the bottom,",0.466248,0.7255,0.338263
1014,1948.5,1951.5,SPEAKER_00,"then... On the bottom, we're going to have",0.313583,0.7255,0.227504
1015,1950.0,1953.0,SPEAKER_00,we're going to have the rubber ones.,0.220203,0.7255,0.159757
1016,1951.5,1954.5,SPEAKER_00,the rubber ones. The anti-RSI,0.048534,0.7903,0.038356
1017,1953.0,1956.0,SPEAKER_00,The anti-RSI ones.,0.170491,0.855,0.14577
1018,1959.0,1962.0,SPEAKER_03,"Sorry, could you repeat that last part?",0.646876,0.8136,0.526298
1019,1963.5,1966.5,SPEAKER_00,got the flip screen. The top one is going,0.120506,0.6976,0.084065
1020,1965.0,1968.0,SPEAKER_00,screen. The top one is going to be the LCD and,0.004183,0.6976,0.002918
1021,1966.5,1969.5,SPEAKER_00,to be the LCD and the bottom one is going to,0.028772,0.7698,0.022149
1022,1968.0,1971.0,SPEAKER_00,the bottom one is going to be the rubberised button.,0.089787,0.7698,0.069118
1023,1971.0,1974.0,SPEAKER_01,"No, it's fine.",0.266789,0.4697,0.125311
1024,1975.5,1978.5,SPEAKER_01,"For the body design, I think",0.095056,0.7767,0.07383
1025,1977.0,1980.0,SPEAKER_01,"For the body design, I think plastic.",0.326731,0.7767,0.253772
1026,1981.5,1984.5,SPEAKER_01,For the inside. For the inside. And rubber as a,0.284128,0.637,0.180989
1027,1983.0,1986.0,SPEAKER_01,"the inside. And rubber as a padding or for the grip,",0.721383,0.8234,0.593987
1028,1984.5,1987.5,SPEAKER_01,"padding or for the grip, something like to add to",0.342365,0.8147,0.278924
1029,1986.0,1989.0,SPEAKER_01,something like to add to the design.,0.422831,0.8147,0.34448
1030,1989.0,1992.0,SPEAKER_03,So we decided on a rubber casing for the plastic,0.003967,0.8679,0.003443
1031,1990.5,1993.5,SPEAKER_03,"a rubber casing for the plastic shell, a variety of designs.",0.00627,0.8679,0.005442
1032,1992.0,1995.0,SPEAKER_03,"shell, a variety of designs. OK.",0.052447,0.779,0.040856
1033,1993.5,1996.5,SPEAKER_03,OK. And it,0.112731,0.7279,0.082057
1034,1995.0,1998.0,SPEAKER_03,"And it is just, although it's rubberized and",0.021659,0.7659,0.016589
1035,1996.5,1999.5,SPEAKER_03,"is just, although it's rubberized and spongy, apart from that, we're",0.004785,0.7659,0.003665
1036,1998.0,2001.0,SPEAKER_03,"spongy, apart from that, we're just going to go for vegetable",0.048525,0.7659,0.037165
1037,1999.5,2002.5,SPEAKER_03,just going to go for vegetable and fruit colors. We're not going,0.024591,0.712,0.017509
1038,2001.0,2004.0,SPEAKER_03,and fruit colors. We're not going to try and make it actually,0.016754,0.712,0.011929
1039,2002.5,2005.5,SPEAKER_03,to try and make it actually a vegetable or fruit design or anything,0.036937,0.658,0.024305
1040,2004.0,2007.0,SPEAKER_03,a vegetable or fruit design or anything else like a shell that we,0.011541,0.658,0.007594
1041,2008.5,2011.5,SPEAKER_02,don't want to be tacky if we've got,0.568992,0.7282,0.41434
1042,2010.0,2013.0,SPEAKER_02,tacky if we've got a different shape anyway.,0.836781,0.7282,0.609344
1043,2011.5,2014.5,SPEAKER_02,a different shape anyway.,0.426209,0.7282,0.310365
1044,2013.0,2016.0,SPEAKER_02,"The fact, the material",0.703235,0.8502,0.59789
1045,2014.5,2017.5,SPEAKER_02,"The fact, the material that we would be using would",0.586537,0.8502,0.498673
1046,2016.0,2019.0,SPEAKER_02,that we would be using would be cheap. So we,0.353597,0.863,0.305154
1047,2017.5,2020.5,SPEAKER_02,be cheap. So we could make it red.,0.799523,0.8518,0.681033
1048,2019.0,2022.0,SPEAKER_02,we could make it red. We could,0.43071,0.8526,0.367223
1049,2020.5,2023.5,SPEAKER_02,We could make it,0.140053,0.8294,0.11616
1050,2022.0,2025.0,SPEAKER_02,make it psychedelic. You know,0.031588,0.8258,0.026086
1051,2023.5,2026.5,SPEAKER_02,psychedelic. You know we can make it,0.019664,0.8258,0.016238
1052,2025.0,2028.0,SPEAKER_02,we can make it black and white zebra,0.542631,0.8223,0.446205
1053,2026.5,2029.5,SPEAKER_02,"black and white zebra stripes, but that's not",0.098785,0.8223,0.081231
1054,2028.0,2031.0,SPEAKER_02,"stripes, but that's not really what we're focusing on",0.588269,0.8223,0.483734
1055,2029.5,2032.5,SPEAKER_02,really what we're focusing on what we're focusing on,0.693581,0.8223,0.570332
1056,2031.0,2034.0,SPEAKER_02,what we're focusing on is the you know,0.643812,0.8223,0.529407
1057,2032.5,2035.5,SPEAKER_02,is the you know the feel yes So,0.058889,0.8223,0.048424
1058,2034.0,2037.0,SPEAKER_02,the feel yes So just pick anything,0.020181,0.8223,0.016595
1059,2037.0,2040.0,SPEAKER_03,Is that going to be this image I've,0.044415,0.8495,0.03773
1060,2038.5,2041.5,SPEAKER_03,to be this image I've got in my head of,0.019039,0.8495,0.016174
1061,2040.0,2043.0,SPEAKER_03,got in my head of something kind of shaped like,0.009947,0.8495,0.00845
1062,2041.5,2044.5,SPEAKER_03,"something kind of shaped like that, maybe about that size,",0.007391,0.8495,0.006279
1063,2043.0,2046.0,SPEAKER_03,"that, maybe about that size, made of plastic, fits into",0.049271,0.8495,0.041855
1064,2044.5,2047.5,SPEAKER_03,"made of plastic, fits into the palm of the hand,",0.003605,0.8495,0.003062
1065,2046.0,2049.0,SPEAKER_03,"the palm of the hand, rubberized cover that's spongy?",0.008039,0.8495,0.006829
1066,2047.5,2050.5,SPEAKER_03,rubberized cover that's spongy? Is that really going,0.040803,0.8437,0.034425
1067,2049.0,2052.0,SPEAKER_03,Is that really going to fit fancy look and,0.009371,0.8379,0.007852
1068,2050.5,2053.5,SPEAKER_03,"to fit fancy look and feel, which was the major",0.047655,0.8379,0.03993
1069,2052.0,2055.0,SPEAKER_03,"feel, which was the major thing that people wanted market",0.617811,0.8379,0.517664
1070,2056.5,2059.5,SPEAKER_02,It's just different from everything else.,0.229767,0.6815,0.156586
1071,2058.0,2061.0,SPEAKER_02,"different from everything else. I mean, I'm",0.399366,0.8517,0.34014
1072,2059.5,2062.5,SPEAKER_02,"I mean, I'm trying to",0.401783,0.8441,0.339145
1073,2061.0,2064.0,SPEAKER_02,trying to imagine clean looking,0.319238,0.8441,0.269469
1074,2062.5,2065.5,SPEAKER_02,"imagine clean looking houses, sort of",0.212911,0.8441,0.179718
1075,2064.0,2067.0,SPEAKER_02,"houses, sort of beige and",0.291918,0.8441,0.246408
1076,2065.5,2068.5,SPEAKER_02,beige and black. So you,0.518067,0.8352,0.43269
1077,2067.0,2070.0,SPEAKER_02,black. So you either want something that goes,0.367288,0.8352,0.306759
1078,2068.5,2071.5,SPEAKER_02,"either want something that goes with that, which is what's",0.580168,0.8263,0.479393
1079,2070.0,2073.0,SPEAKER_02,"with that, which is what's on the market anyway,",0.323743,0.8263,0.267509
1080,2071.5,2074.5,SPEAKER_02,"on the market anyway, or you want something that",0.75718,0.8263,0.625658
1081,2073.0,2076.0,SPEAKER_02,"or you want something that contrasts as, you know, like",0.658807,0.8263,0.544373
1082,2074.5,2077.5,SPEAKER_02,"contrasts as, you know, like you get clocks now",0.363793,0.8263,0.300602
1083,2076.0,2079.0,SPEAKER_02,you get clocks now that are more of a,0.67469,0.8263,0.557496
1084,2077.5,2080.5,SPEAKER_02,that are more of a talking point than an actual,0.828169,0.8263,0.684316
1085,2079.0,2082.0,SPEAKER_02,talking point than an actual clock. Yeah. Because they're,0.474875,0.6541,0.310616
1086,2083.5,2086.5,SPEAKER_03,"that to see if you came out with anything else. But I mean, I totally agree.",0.070543,0.7946,0.056053
1087,2085.0,2088.0,SPEAKER_03,"But I mean, I totally agree. We looked at those remotes. I",0.130661,0.8112,0.105993
1088,2086.5,2089.5,SPEAKER_03,"We looked at those remotes. I mean, they are kind of anonymous,",0.095098,0.8279,0.078732
1089,2088.0,2091.0,SPEAKER_03,"mean, they are kind of anonymous, very similar looking things. This",0.030172,0.8304,0.025055
1090,2089.5,2092.5,SPEAKER_03,very similar looking things. This would definitely be different enough. I,0.026377,0.7893,0.02082
1091,2091.0,2094.0,SPEAKER_03,would definitely be different enough. I just wondered if anybody could come up with something,0.025382,0.768,0.019493
1092,2095.5,2098.5,SPEAKER_02,have a cross that you would have so many different options,0.790715,0.8144,0.643958
1093,2097.0,2100.0,SPEAKER_02,have so many different options you could do.,0.438701,0.8144,0.357278
1094,2098.5,2101.5,SPEAKER_02,you could do. You could have a,0.549515,0.8482,0.466099
1095,2100.0,2103.0,SPEAKER_02,You could have a plain black one.,0.461027,0.8636,0.398143
1096,2101.5,2104.5,SPEAKER_02,plain black one. You could have,0.543884,0.8636,0.469698
1097,2106.0,2109.0,SPEAKER_03,is the rubberized covers are going to be so relatively cheap to produce,0.027484,0.7473,0.020539
1098,2107.5,2110.5,SPEAKER_03,to be so relatively cheap to produce that if in a year's time we,0.219573,0.7473,0.164087
1099,2109.0,2112.0,SPEAKER_03,that if in a year's time we get feedback from the design fears that,0.008224,0.7473,0.006146
1100,2110.5,2113.5,SPEAKER_03,"get feedback from the design fears that show something else is coming, it's so",0.007433,0.7473,0.005555
1101,2112.0,2115.0,SPEAKER_03,"show something else is coming, it's so easy for us to just produce that",0.002954,0.7473,0.002207
1102,2113.5,2116.5,SPEAKER_03,"easy for us to just produce that and it can be slipped on, which",0.027362,0.7473,0.020447
1103,2121.0,2124.0,SPEAKER_01,you know just goes so far like a puffer fish,0.786839,0.7386,0.581159
1104,2122.5,2125.5,SPEAKER_01,far like a puffer fish you could just you,0.284245,0.7386,0.209943
1105,2124.0,2127.0,SPEAKER_01,you could just you could take it wherever so,0.30705,0.7386,0.226787
1106,2125.5,2128.5,SPEAKER_01,could take it wherever so I think that's quite a,0.104547,0.7386,0.077218
1107,2127.0,2130.0,SPEAKER_01,I think that's quite a yeah flexible and finally the,0.042492,0.7386,0.031385
1108,2128.5,2131.5,SPEAKER_01,yeah flexible and finally the body should be detachable maybe,0.393418,0.7386,0.290578
1109,2130.0,2133.0,SPEAKER_01,body should be detachable maybe you can change the,0.17322,0.7386,0.12794
1110,2131.5,2134.5,SPEAKER_01,you can change the body of the case casing,0.194068,0.7386,0.143339
1111,2133.0,2136.0,SPEAKER_01,body of the case casing the case outside yes it,0.356756,0.7386,0.2635
1112,2134.5,2137.5,SPEAKER_01,the case outside yes it should be molded with the,0.092919,0.7386,0.06863
1113,2136.0,2139.0,SPEAKER_01,should be molded with the design in such a,0.432641,0.7386,0.319549
1114,2137.5,2140.5,SPEAKER_01,design in such a way you can change it,0.447219,0.7386,0.330316
1115,2142.0,2145.0,SPEAKER_00,"yeah, with these rubber, these rubberized, not",0.516738,0.7447,0.384815
1116,2143.5,2146.5,SPEAKER_00,"these rubberized, not the actual plastic",0.412023,0.7447,0.306833
1117,2145.0,2148.0,SPEAKER_00,"the actual plastic outside case, just",0.115828,0.7447,0.086257
1118,2146.5,2149.5,SPEAKER_00,"outside case, just the rubber thing",0.06149,0.7447,0.045792
1119,2148.0,2151.0,SPEAKER_00,the rubber thing that goes around,0.096397,0.7447,0.071787
1120,2152.5,2155.5,SPEAKER_02,we've got five minutes. Or that might,0.595932,0.4511,0.268825
1121,2154.0,2157.0,SPEAKER_02,Or that might have been up for a while.,0.267983,0.5243,0.140503
1122,2158.5,2161.5,SPEAKER_03,"recap, Sarah? For the decisions that",0.020764,0.749,0.015552
1123,2160.0,2163.0,SPEAKER_03,"For the decisions that we've made, kinetic charging,",0.00796,0.8682,0.006911
1124,2161.5,2164.5,SPEAKER_03,"we've made, kinetic charging, the watch type batteries,",0.013432,0.8682,0.011662
1125,2163.0,2166.0,SPEAKER_03,"the watch type batteries, LCD display on the",0.0281,0.8682,0.024397
1126,2164.5,2167.5,SPEAKER_03,LCD display on the top side of,0.009931,0.8682,0.008622
1127,2166.0,2169.0,SPEAKER_03,"top side of the flip top, rubberized",0.010808,0.8682,0.009383
1128,2167.5,2170.5,SPEAKER_03,"the flip top, rubberized buttons on the bottom",0.016257,0.8682,0.014114
1129,2169.0,2172.0,SPEAKER_03,buttons on the bottom side. We're going to use fruit,0.007521,0.7416,0.005577
1130,2170.5,2173.5,SPEAKER_03,side. We're going to use fruit and vegetable colors for the rubber cover.,0.01572,0.779,0.012246
1131,2172.0,2175.0,SPEAKER_03,and vegetable colors for the rubber cover. The case itself is plastic.,0.032867,0.7344,0.024138
1132,2173.5,2176.5,SPEAKER_03,The case itself is plastic. That's how far,0.008694,0.8494,0.007385
1133,2175.0,2178.0,SPEAKER_03,That's how far we've got. What else do we have to add,0.007151,0.7945,0.005681
1134,2176.5,2179.5,SPEAKER_03,we've got. What else do we have to add to our decisions here?,0.034543,0.7945,0.027445
1135,2179.5,2182.5,SPEAKER_01,Fine. We were talking of,0.286777,0.755,0.216517
1136,2181.0,2184.0,SPEAKER_01,We were talking of voice recognition also.,0.069284,0.7191,0.049822
1137,2182.5,2185.5,SPEAKER_01,voice recognition also. Because we have not,0.513374,0.7072,0.363058
1138,2184.0,2187.0,SPEAKER_01,Because we have not addressed the issue of,0.486282,0.6954,0.338161
1139,2185.5,2188.5,SPEAKER_01,addressed the issue of how to locate remote,0.374141,0.6954,0.260177
1140,2187.0,2190.0,SPEAKER_01,how to locate remote control if it's lost.,0.803539,0.6954,0.558781
1141,2190.0,2193.0,SPEAKER_03,It was just a cost issue with,0.164802,0.6846,0.112823
1142,2191.5,2194.5,SPEAKER_03,"was just a cost issue with that, but it's a good idea. We",0.487285,0.6771,0.329941
1143,2196.0,2199.0,SPEAKER_01,"Maybe like William was suggesting in the last thing, some devices you put",0.096202,0.7932,0.076308
1144,2197.5,2200.5,SPEAKER_01,"the last thing, some devices you put on key chains.",0.142906,0.7932,0.113353
1145,2199.0,2202.0,SPEAKER_01,"on key chains. Oh, yeah,",0.146923,0.6597,0.096925
1146,2200.5,2203.5,SPEAKER_01,"Oh, yeah, yeah, the whistle ones. The whistle.",0.727494,0.6323,0.459994
1147,2202.0,2205.0,SPEAKER_01,"yeah, the whistle ones. The whistle. So we",0.516559,0.7072,0.36531
1148,2203.5,2206.5,SPEAKER_01,"So we can, financially, voice recognition is",0.013065,0.7977,0.010422
1149,2205.0,2208.0,SPEAKER_01,"can, financially, voice recognition is not feasible. We could go for a",0.59615,0.8415,0.501661
1150,2206.5,2209.5,SPEAKER_01,not feasible. We could go for a whistle.,0.786172,0.8415,0.661564
1151,2215.5,2218.5,SPEAKER_03,And incorporating the,0.137344,0.8874,0.121879
1152,2217.0,2220.0,SPEAKER_03,And incorporating the company logo.,0.093882,0.8874,0.08331
1153,2221.5,2224.5,SPEAKER_01,We'll be incorporating in the,0.378342,0.7447,0.281751
1154,2223.0,2226.0,SPEAKER_01,incorporating in the design.,0.598758,0.7447,0.445895
1155,2226.0,2229.0,SPEAKER_03,Because I took it from the feedback you gave in,0.025223,0.8046,0.020294
1156,2227.5,2230.5,SPEAKER_03,from the feedback you gave in the last meeting from your report.,0.194793,0.8046,0.15673
1157,2229.0,2232.0,SPEAKER_03,the last meeting from your report. It's not just a case of,0.00444,0.8369,0.003716
1158,2230.5,2233.5,SPEAKER_03,It's not just a case of having a little RR hidden somewhere. They,0.004788,0.7933,0.003798
1159,2232.0,2235.0,SPEAKER_03,having a little RR hidden somewhere. They do want it to be obvious that,0.019856,0.7933,0.015752
1160,2242.5,2245.5,SPEAKER_02,just address that with advertising. You associate the name,0.557952,0.8499,0.474203
1161,2244.0,2247.0,SPEAKER_02,advertising. You associate the name with the individual product,0.603059,0.8499,0.512539
1162,2245.5,2248.5,SPEAKER_02,"with the individual product that it is, and that",0.526663,0.85,0.447664
1163,2247.0,2250.0,SPEAKER_02,"that it is, and that does the work for",0.441915,0.85,0.375628
1164,2248.5,2251.5,SPEAKER_02,"does the work for you. Obviously, you'll have a logo",0.368839,0.8145,0.300419
1165,2250.0,2253.0,SPEAKER_02,"you. Obviously, you'll have a logo on it just like everything, but everything",0.722608,0.8145,0.588564
1166,2251.5,2254.5,SPEAKER_02,"on it just like everything, but everything else has a logo on it. The",0.804578,0.8341,0.671099
1167,2253.0,2256.0,SPEAKER_02,else has a logo on it. The point is that it's got to stand,0.282297,0.8341,0.235464
1168,2254.5,2257.5,SPEAKER_02,point is that it's got to stand out somehow differently.,0.60027,0.7365,0.442099
1169,2256.0,2259.0,SPEAKER_02,out somehow differently. But I think it does without,0.705566,0.7365,0.519649
1170,2257.5,2260.5,SPEAKER_02,"But I think it does without that, so I'm not worried",0.350186,0.5838,0.204438
1171,2262.0,2265.0,SPEAKER_03,I know at the last meeting we spoke about a beeper. I think that was,0.000906,0.7892,0.000715
1172,2263.5,2266.5,SPEAKER_03,spoke about a beeper. I think that was you talked about a beeper for a location. Have we,0.002379,0.6974,0.001659
1173,2265.0,2268.0,SPEAKER_03,you talked about a beeper for a location. Have we just rejected that in favour of voice,0.009955,0.6533,0.006503
1174,2272.5,2275.5,SPEAKER_02,got this memo saying that it's something that the company's looking,0.350266,0.7178,0.251421
1175,2274.0,2277.0,SPEAKER_02,"it's something that the company's looking into, so... And they've got",0.383805,0.7178,0.275495
1176,2275.5,2278.5,SPEAKER_02,"into, so... And they've got in stock, so, yeah.",0.416591,0.7338,0.305695
1177,2277.0,2280.0,SPEAKER_02,"in stock, so, yeah. That seems to make sense,",0.345732,0.7338,0.253698
1178,2278.5,2281.5,SPEAKER_02,"That seems to make sense, but if it turns out",0.491084,0.7497,0.368165
1179,2280.0,2283.0,SPEAKER_02,"but if it turns out that it's huge expensive, we'd",0.324294,0.7497,0.243123
1180,2281.5,2284.5,SPEAKER_02,"that it's huge expensive, we'd have to cut down somewhere",0.313638,0.7497,0.235134
1181,2283.0,2286.0,SPEAKER_02,"have to cut down somewhere else, then it's worth thinking",0.565901,0.7497,0.424256
1182,2284.5,2287.5,SPEAKER_02,"else, then it's worth thinking about. But I",0.586267,0.7404,0.434072
1183,2286.0,2289.0,SPEAKER_02,about. But I think we'll find out more about,0.610756,0.7404,0.452204
1184,2287.5,2290.5,SPEAKER_02,think we'll find out more about cost. Yeah.,0.357285,0.6023,0.215193
1185,2289.0,2292.0,SPEAKER_02,"cost. Yeah. afterwards. Right, I'm",0.071653,0.5615,0.040233
1186,2290.5,2293.5,SPEAKER_02,"afterwards. Right, I'm going to wrap it up there.",0.471464,0.6574,0.30994
1187,2292.0,2295.0,SPEAKER_02,going to wrap it up there.,0.212132,0.4389,0.093105
1188,2295.0,2298.0,SPEAKER_02,I've got our end meeting now.,0.624563,0.5027,0.313968
1189,2296.5,2299.5,SPEAKER_02,got our end meeting now. So,0.44865,0.5478,0.24577
1190,2298.0,2301.0,SPEAKER_02,So again a,0.366417,0.593,0.217285
1191,2299.5,2302.5,SPEAKER_02,again a question,0.484828,0.593,0.287503
1192,2304.0,2307.0,SPEAKER_02,"So I think we've probably got, instead",0.032576,0.7884,0.025683
1193,2305.5,2308.5,SPEAKER_02,"I think we've probably got, instead of exposing, we have 40",0.083508,0.7884,0.065837
1194,2307.0,2310.0,SPEAKER_02,"of exposing, we have 40 minutes. So I",0.420971,0.7201,0.303141
1195,2308.5,2311.5,SPEAKER_02,minutes. So I think we've probably got about that time,0.511123,0.7201,0.36806
1196,2310.0,2313.0,SPEAKER_02,think we've probably got about that time before we come back.,0.826862,0.6518,0.538948
1197,2311.5,2314.5,SPEAKER_02,before we come back. I,0.564691,0.6022,0.340057
1198,2314.5,2317.5,SPEAKER_02,think we're pretty,0.713439,0.5527,0.394318
1199,2316.0,2319.0,SPEAKER_02,we're pretty going,0.234012,0.5527,0.129338
1200,2317.5,2320.5,SPEAKER_02,going in a,0.310196,0.5527,0.171446
1201,2319.0,2322.0,SPEAKER_02,in a clear,0.154207,0.5527,0.08523
1202,2320.5,2323.5,SPEAKER_02,clear direction now.,0.194712,0.5527,0.107617
