segment_id,start,end,speaker_id,transcript,incongruence_score,confidence_weight,final_score
0,0.0,3.0,SPEAKER_00,should hopefully do a trick.,0.056415,0.711,0.040111
1,18.0,21.0,SPEAKER_00,Sorry about the small,0.623628,0.5845,0.364511
2,19.5,22.5,SPEAKER_00,"the small delay,",0.522872,0.5845,0.305619
3,21.0,24.0,SPEAKER_00,"delay, falling a",0.408293,0.5845,0.238647
4,22.5,25.5,SPEAKER_00,falling a little,0.082653,0.5845,0.048311
5,24.0,27.0,SPEAKER_00,little bit behind,0.211838,0.5845,0.123819
6,25.5,28.5,SPEAKER_00,bit behind schedule.,0.28836,0.5845,0.168547
7,33.0,36.0,SPEAKER_00,"OK, so just",0.041727,0.7903,0.032977
8,34.5,37.5,SPEAKER_00,so just to try and,0.062293,0.7903,0.04923
9,36.0,39.0,SPEAKER_00,to try and roughly go over,0.031187,0.7903,0.024647
10,37.5,40.5,SPEAKER_00,roughly go over what we agreed,0.077013,0.7903,0.060863
11,39.0,42.0,SPEAKER_00,what we agreed in the last,0.064454,0.7903,0.050938
12,40.5,43.5,SPEAKER_00,"in the last one, we're going",0.382709,0.7903,0.302455
13,42.0,45.0,SPEAKER_00,"one, we're going to go for",0.73547,0.7903,0.581242
14,43.5,46.5,SPEAKER_00,"to go for something, how was",0.812672,0.7903,0.642255
15,45.0,48.0,SPEAKER_00,"something, how was it? The new black,",0.201042,0.8231,0.165478
16,46.5,49.5,SPEAKER_00,"it? The new black, I believe.",0.02289,0.8231,0.018841
17,48.0,51.0,SPEAKER_00,I believe. Something that,0.066074,0.8224,0.054339
18,49.5,52.5,SPEAKER_00,"Something that looks good, because that seems",0.230616,0.7889,0.181933
19,51.0,54.0,SPEAKER_00,"looks good, because that seems to be in preference to",0.621667,0.7889,0.490433
20,52.5,55.5,SPEAKER_00,to be in preference to actual functionality in the,0.063059,0.7889,0.049748
21,54.0,57.0,SPEAKER_00,"actual functionality in the end, though we should never",0.050238,0.7889,0.039633
22,55.5,58.5,SPEAKER_00,"end, though we should never avoid functionality, of course. Many",0.159742,0.8094,0.129295
23,57.0,60.0,SPEAKER_00,"avoid functionality, of course. Many of our components are going to",0.113126,0.8094,0.091564
24,58.5,61.5,SPEAKER_00,"of our components are going to be standard off the shelf, but",0.084836,0.8299,0.070405
25,60.0,63.0,SPEAKER_00,"be standard off the shelf, but it seemed like we were going to",0.053856,0.8299,0.044695
26,61.5,64.5,SPEAKER_00,it seemed like we were going to require at least an advanced chip,0.006942,0.8299,0.005761
27,63.0,66.0,SPEAKER_00,require at least an advanced chip and we were still very much,0.041002,0.8299,0.034028
28,64.5,67.5,SPEAKER_00,and we were still very much for the idea of using an,0.120246,0.8299,0.099792
29,66.0,69.0,SPEAKER_00,for the idea of using an LCD display.,0.349567,0.8299,0.290106
30,69.0,72.0,SPEAKER_00,Other things where we,0.016386,0.8419,0.013795
31,70.5,73.5,SPEAKER_00,"Other things where we were hoping to use rubber,",0.007137,0.8419,0.006009
32,72.0,75.0,SPEAKER_00,"were hoping to use rubber, most likely going to be",0.007634,0.8419,0.006427
33,73.5,76.5,SPEAKER_00,"most likely going to be double curved, etc.",0.071014,0.8419,0.059787
34,75.0,78.0,SPEAKER_00,"double curved, etc. Okay,",0.096447,0.8227,0.079347
35,76.5,79.5,SPEAKER_00,"Okay, so due to",0.282918,0.8035,0.227325
36,78.0,81.0,SPEAKER_00,so due to your hard work we,0.069569,0.8035,0.055899
37,79.5,82.5,SPEAKER_00,your hard work we might as well,0.098961,0.8035,0.079515
38,81.0,84.0,SPEAKER_00,might as well let the two designers,0.13662,0.8035,0.109774
39,82.5,85.5,SPEAKER_00,let the two designers go first and,0.125966,0.8035,0.101214
40,84.0,87.0,SPEAKER_00,go first and show us the prototype.,0.069778,0.8035,0.056067
41,85.5,88.5,SPEAKER_00,"show us the prototype. Okay, that's quite",0.079674,0.7283,0.058026
42,87.0,90.0,SPEAKER_00,"Okay, that's quite how the best way",0.344022,0.6531,0.224681
43,88.5,91.5,SPEAKER_00,how the best way to do this is,0.058229,0.6531,0.038029
44,93.0,96.0,SPEAKER_01,think we both step up and,0.414109,0.4946,0.204818
45,96.0,99.0,SPEAKER_01,"Okay, now, doing the",0.233074,0.7788,0.181518
46,97.5,100.5,SPEAKER_01,"now, doing the prototype gave",0.036512,0.7788,0.028435
47,99.0,102.0,SPEAKER_01,prototype gave us a bit,0.105939,0.7788,0.082505
48,100.5,103.5,SPEAKER_01,us a bit more insight,0.053329,0.7788,0.041533
49,102.0,105.0,SPEAKER_01,more insight into the ergonomics,0.047512,0.7788,0.037002
50,103.5,106.5,SPEAKER_01,into the ergonomics of the,0.007137,0.7788,0.005558
51,105.0,108.0,SPEAKER_01,of the design.,0.068289,0.7788,0.053183
52,106.5,109.5,SPEAKER_01,design. For one,0.082844,0.8107,0.067162
53,108.0,111.0,SPEAKER_01,"For one thing, it turned",0.130728,0.8426,0.110152
54,109.5,112.5,SPEAKER_01,"thing, it turned out that the",0.042138,0.8426,0.035506
55,111.0,114.0,SPEAKER_01,out that the only point at,0.014412,0.8426,0.012143
56,112.5,115.5,SPEAKER_01,only point at which it needs,0.017547,0.8426,0.014785
57,114.0,117.0,SPEAKER_01,which it needs to be,0.004956,0.8426,0.004176
58,115.5,118.5,SPEAKER_01,to be articulated for handedness,0.016375,0.8426,0.013797
59,117.0,120.0,SPEAKER_01,articulated for handedness is down here,0.033237,0.8426,0.028005
60,118.5,121.5,SPEAKER_01,is down here for the LED,0.198932,0.8426,0.16762
61,120.0,123.0,SPEAKER_01,for the LED as it turned,0.04087,0.8426,0.034437
62,121.5,124.5,SPEAKER_01,as it turned out. the whole,0.048563,0.8206,0.039851
63,123.0,126.0,SPEAKER_01,out. the whole thing transfers from the,0.030627,0.8206,0.025132
64,124.5,127.5,SPEAKER_01,thing transfers from the right to left hand,0.024786,0.7987,0.019797
65,126.0,129.0,SPEAKER_01,right to left hand fairly well from the,0.018853,0.7987,0.015058
66,127.5,130.5,SPEAKER_01,fairly well from the point of view of,0.259552,0.7987,0.207304
67,129.0,132.0,SPEAKER_01,point of view of operating the function buttons,0.032944,0.7987,0.026312
68,130.5,133.5,SPEAKER_01,"operating the function buttons and joystick, though it",0.219629,0.7987,0.175418
69,132.0,135.0,SPEAKER_01,"and joystick, though it might be an idea",0.023336,0.7987,0.018639
70,133.5,136.5,SPEAKER_01,might be an idea to be able to adjust,0.005216,0.7987,0.004166
71,135.0,138.0,SPEAKER_01,to be able to adjust the position of the,0.102406,0.7987,0.081791
72,136.5,139.5,SPEAKER_01,the position of the base of the joystick,0.060851,0.7987,0.048602
73,138.0,141.0,SPEAKER_01,base of the joystick just a little bit.,0.121622,0.7987,0.09714
74,139.5,142.5,SPEAKER_01,"just a little bit. Actually,",0.072355,0.7775,0.056256
75,141.0,144.0,SPEAKER_01,"Actually, just a thought.",0.08346,0.7775,0.06489
76,142.5,145.5,SPEAKER_01,just a thought. You could,0.024879,0.7999,0.019901
77,144.0,147.0,SPEAKER_01,You could simply have a,0.082402,0.8436,0.069514
78,145.5,148.5,SPEAKER_01,simply have a slightly ovoid-shaped joystick.,0.03444,0.8234,0.028358
79,147.0,150.0,SPEAKER_01,slightly ovoid-shaped joystick. They could then just,0.031949,0.8234,0.026306
80,148.5,151.5,SPEAKER_01,They could then just be twisted around so,0.1836,0.8031,0.147449
81,150.0,153.0,SPEAKER_01,be twisted around so that the bit that,0.181389,0.8031,0.145674
82,151.5,154.5,SPEAKER_01,that the bit that sticks out a bit,0.168893,0.8031,0.135638
83,153.0,156.0,SPEAKER_01,sticks out a bit more is on one,0.01141,0.8031,0.009163
84,154.5,157.5,SPEAKER_01,more is on one side or the other.,0.020419,0.8031,0.016399
85,156.0,159.0,SPEAKER_01,side or the other. But,0.032588,0.8314,0.027094
86,157.5,160.5,SPEAKER_01,But as you see,0.025889,0.8596,0.022254
87,159.0,162.0,SPEAKER_01,as you see with holding it,0.169693,0.8596,0.145868
88,160.5,163.5,SPEAKER_01,with holding it in the left,0.047856,0.8596,0.041137
89,162.0,165.0,SPEAKER_01,"in the left hand, the LCD",0.0542,0.8596,0.046591
90,163.5,166.5,SPEAKER_01,"hand, the LCD is nowhere useful.",0.328036,0.8596,0.28198
91,165.0,168.0,SPEAKER_01,is nowhere useful. So that,0.150928,0.8188,0.12358
92,166.5,169.5,SPEAKER_01,So that would need to be,0.035162,0.8188,0.028791
93,168.0,171.0,SPEAKER_01,would need to be articulated. if we're going,0.072863,0.8044,0.058611
94,169.5,172.5,SPEAKER_01,articulated. if we're going to retain our ergonomic,0.127362,0.8044,0.10245
95,171.0,174.0,SPEAKER_01,"to retain our ergonomic design. Now, I",0.034756,0.845,0.029369
96,172.5,175.5,SPEAKER_01,"design. Now, I got your",0.057895,0.845,0.048921
97,174.0,177.0,SPEAKER_01,got your note about,0.099232,0.8593,0.08527
98,175.5,178.5,SPEAKER_01,note about keeping the,0.311334,0.8593,0.267529
99,177.0,180.0,SPEAKER_01,keeping the costs down.,0.077041,0.8593,0.066202
100,181.5,184.5,SPEAKER_00,We'll go into that a bit more.,0.376395,0.7089,0.266827
101,184.5,187.5,SPEAKER_01,This design could be,0.02376,0.8838,0.020999
102,186.0,189.0,SPEAKER_01,could be done with,0.101446,0.8838,0.089658
103,190.5,193.5,SPEAKER_01,"with plastic casing, though I",0.024374,0.8082,0.019699
104,192.0,195.0,SPEAKER_01,"with plastic casing, though I would recommend around the grip",0.005145,0.8082,0.004158
105,193.5,196.5,SPEAKER_01,would recommend around the grip part here in the,0.006378,0.8082,0.005155
106,195.0,198.0,SPEAKER_01,part here in the middle having maybe just a,0.136729,0.8082,0.110504
107,196.5,199.5,SPEAKER_01,"middle having maybe just a rubber grip over that, which",0.023306,0.8082,0.018836
108,198.0,201.0,SPEAKER_01,"rubber grip over that, which would allow for a",0.070607,0.8082,0.057064
109,199.5,202.5,SPEAKER_01,would allow for a slightly more sort of biomorphic,0.386561,0.8082,0.312419
110,201.0,204.0,SPEAKER_01,slightly more sort of biomorphic form and a bit more,0.033172,0.8082,0.02681
111,202.5,205.5,SPEAKER_01,form and a bit more ergonomic as well.,0.033116,0.8082,0.026765
112,204.0,207.0,SPEAKER_01,ergonomic as well. As,0.019595,0.8301,0.016266
113,207.0,210.0,SPEAKER_01,for the single,0.035427,0.852,0.030184
114,208.5,211.5,SPEAKER_01,"the single curve,",0.062795,0.7797,0.048961
115,210.0,213.0,SPEAKER_01,"curve, Well, this edge and this",0.036016,0.7797,0.028082
116,211.5,214.5,SPEAKER_01,"Well, this edge and this edge, like I said,",0.102613,0.7075,0.072599
117,213.0,216.0,SPEAKER_01,"edge, like I said, it would be nice to",0.233309,0.7075,0.165066
118,214.5,217.5,SPEAKER_01,it would be nice to have some curvature to,0.376622,0.7075,0.26646
119,216.0,219.0,SPEAKER_01,"have some curvature to it, but it's not",0.242973,0.7075,0.171903
120,217.5,220.5,SPEAKER_01,"it, but it's not absolutely necessary. Really, the",0.05095,0.7866,0.040077
121,219.0,222.0,SPEAKER_01,"absolutely necessary. Really, the curve that's most",0.024406,0.7866,0.019197
122,220.5,223.5,SPEAKER_01,curve that's most needed is,0.017125,0.8656,0.014823
123,222.0,225.0,SPEAKER_01,needed is the underside so,0.076226,0.8656,0.065982
124,223.5,226.5,SPEAKER_01,the underside so that the joystick,0.149573,0.8656,0.12947
125,225.0,228.0,SPEAKER_01,that the joystick rests over the,0.064659,0.8656,0.055969
126,226.5,229.5,SPEAKER_01,rests over the edge of the,0.116591,0.8656,0.100922
127,228.0,231.0,SPEAKER_01,edge of the hand like this.,0.108194,0.8656,0.093653
128,229.5,232.5,SPEAKER_01,hand like this.,0.115145,0.8656,0.099669
129,232.5,235.5,SPEAKER_01,the transmitter here. Now,0.604871,0.8155,0.493272
130,234.0,237.0,SPEAKER_01,here. Now we speak,0.483954,0.8155,0.394664
131,235.5,238.5,SPEAKER_01,we speak for the,0.631721,0.8834,0.558063
132,237.0,240.0,SPEAKER_01,for the remote control,0.132111,0.8834,0.116707
133,238.5,241.5,SPEAKER_01,remote control finder.,0.34723,0.8834,0.306743
134,246.0,249.0,SPEAKER_02,Obviously it's going to be bulkier than it looks,0.367258,0.6658,0.24452
135,247.5,250.5,SPEAKER_02,to be bulkier than it looks because it's going to be,0.621779,0.6658,0.413981
136,249.0,252.0,SPEAKER_02,because it's going to be flat on one side.,0.290653,0.7107,0.206567
137,250.5,253.5,SPEAKER_02,flat on one side. So the LCD will be,0.169869,0.7107,0.120726
138,252.0,255.0,SPEAKER_02,So the LCD will be sticking down like this. Because,0.216844,0.6976,0.151271
139,253.5,256.5,SPEAKER_02,sticking down like this. Because we can't get,0.23816,0.6976,0.16614
140,255.0,258.0,SPEAKER_02,we can't get it curved.,0.236601,0.6395,0.151307
141,256.5,259.5,SPEAKER_02,it curved. And it's,0.705233,0.7137,0.503325
142,258.0,261.0,SPEAKER_02,"And it's plastic as well,",0.29809,0.7879,0.234865
143,259.5,262.5,SPEAKER_02,"plastic as well, so it won't be",0.240194,0.7879,0.189249
144,261.0,264.0,SPEAKER_02,so it won't be as comfortable on the,0.230392,0.7879,0.181525
145,262.5,265.5,SPEAKER_02,as comfortable on the hand.,0.463398,0.7879,0.365112
146,265.5,268.5,SPEAKER_01,With the rubber design it could,0.048831,0.8212,0.0401
147,267.0,270.0,SPEAKER_01,design it could pretty much mold very,0.171345,0.8212,0.140709
148,268.5,271.5,SPEAKER_01,pretty much mold very much to the,0.055704,0.8212,0.045744
149,270.0,273.0,SPEAKER_01,much to the user's hand. One nice,0.163781,0.7948,0.130173
150,271.5,274.5,SPEAKER_01,user's hand. One nice feature if we could still,0.032697,0.7948,0.025988
151,273.0,276.0,SPEAKER_01,feature if we could still do the rubber. I,0.027761,0.7825,0.021723
152,274.5,277.5,SPEAKER_01,do the rubber. I thought it was,0.015609,0.7825,0.012214
153,276.0,279.0,SPEAKER_01,thought it was to have,0.024996,0.7966,0.019912
154,277.5,280.5,SPEAKER_01,to have the rubber extend,0.059667,0.7966,0.047531
155,279.0,282.0,SPEAKER_01,the rubber extend beyond the,0.052886,0.7966,0.042129
156,280.5,283.5,SPEAKER_01,beyond the end of the,0.223242,0.7966,0.177834
157,282.0,285.0,SPEAKER_01,end of the rigid substructure.,0.18771,0.7966,0.14953
158,283.5,286.5,SPEAKER_01,rigid substructure. So it has a wee sort of,0.025624,0.7249,0.018575
159,285.0,288.0,SPEAKER_01,So it has a wee sort of tail that you just drape over your wrist,0.023659,0.6533,0.015456
160,286.5,289.5,SPEAKER_01,tail that you just drape over your wrist so it stays in position nicely.,0.017667,0.6533,0.011542
161,288.0,291.0,SPEAKER_01,so it stays in position nicely.,0.007888,0.6533,0.005153
162,294.0,297.0,SPEAKER_01,"Yeah, that's it.",0.668387,0.367,0.245298
163,297.0,300.0,SPEAKER_00,"OK, yeah, great.",0.026239,0.49,0.012857
164,300.0,303.0,SPEAKER_03,"Yeah, I've got a few",0.029763,0.641,0.019078
165,304.5,307.5,SPEAKER_00,"Yeah, OK. Excellent work.",0.095855,0.681,0.065277
166,328.5,331.5,SPEAKER_03,basic point have a list,0.092507,0.8309,0.076864
167,330.0,333.0,SPEAKER_03,basic point have a list of criteria that we need,0.004043,0.8309,0.003359
168,331.5,334.5,SPEAKER_03,of criteria that we need to rate their prototype by.,0.018962,0.8309,0.015756
169,333.0,336.0,SPEAKER_03,to rate their prototype by.,0.01572,0.8309,0.013061
170,336.0,339.0,SPEAKER_03,"Then we will,",0.498465,0.7027,0.350271
171,337.5,340.5,SPEAKER_03,"we will, it's",0.156385,0.7027,0.109892
172,339.0,342.0,SPEAKER_03,it's a seven,0.085728,0.7027,0.060241
173,340.5,343.5,SPEAKER_03,a seven step kind,0.225774,0.7027,0.158651
174,342.0,345.0,SPEAKER_03,step kind of evaluation,0.62255,0.7027,0.437466
175,343.5,346.5,SPEAKER_03,of evaluation process. Not,0.249886,0.765,0.191163
176,345.0,348.0,SPEAKER_03,"process. Not seven steps, seven scale.",0.350333,0.765,0.268004
177,346.5,349.5,SPEAKER_03,"seven steps, seven scale. So after we",0.124655,0.7943,0.099013
178,348.0,351.0,SPEAKER_03,So after we finished doing all the ratings,0.024911,0.7614,0.018968
179,349.5,352.5,SPEAKER_03,"finished doing all the ratings for each criteria, we",0.132455,0.7614,0.100851
180,351.0,354.0,SPEAKER_03,"for each criteria, we averaged that and that",0.159913,0.7614,0.121758
181,352.5,355.5,SPEAKER_03,averaged that and that would give us some type,0.135166,0.7614,0.102916
182,354.0,357.0,SPEAKER_03,would give us some type of confidence in our,0.431649,0.7614,0.328658
183,355.5,358.5,SPEAKER_03,of confidence in our prototype.,0.026409,0.7632,0.020155
184,357.0,360.0,SPEAKER_03,prototype. And the criteria,0.040365,0.7632,0.030806
185,358.5,361.5,SPEAKER_03,And the criteria were based on,0.069446,0.765,0.053126
186,360.0,363.0,SPEAKER_03,"were based on real reactions, kind",0.075664,0.765,0.057883
187,361.5,364.5,SPEAKER_03,"real reactions, kind of goals and",0.295803,0.765,0.226289
188,363.0,366.0,SPEAKER_03,"of goals and policies, marketing",0.459131,0.765,0.351235
189,364.5,367.5,SPEAKER_03,"policies, marketing strategies, and also",0.378018,0.765,0.289184
190,366.0,369.0,SPEAKER_03,"strategies, and also those are put",0.236361,0.765,0.180816
191,367.5,370.5,SPEAKER_03,those are put together from the,0.444103,0.765,0.339738
192,369.0,372.0,SPEAKER_03,together from the user requirements,0.036729,0.765,0.028098
193,370.5,373.5,SPEAKER_03,user requirements phase.,0.048792,0.765,0.037326
194,372.0,375.0,SPEAKER_03,phase. Okay. If you flip,0.169722,0.6495,0.110234
195,373.5,376.5,SPEAKER_03,"Okay. If you flip there,",0.184663,0.5917,0.109265
196,378.0,381.0,SPEAKER_03,So those are the,0.378978,0.6782,0.257023
197,379.5,382.5,SPEAKER_03,those are the criteria.,0.198454,0.6782,0.134591
198,382.5,385.5,SPEAKER_03,Perhaps I could,0.412441,0.7795,0.321497
199,384.0,387.0,SPEAKER_03,Perhaps I could have put them a bit,0.655536,0.7795,0.51099
200,385.5,388.5,SPEAKER_03,"have put them a bit better, but you notice a",0.549042,0.7795,0.427978
201,387.0,390.0,SPEAKER_03,"better, but you notice a few things that we've totally",0.218744,0.7795,0.170511
202,388.5,391.5,SPEAKER_03,"few things that we've totally abandoned, which means that",0.641863,0.7795,0.500332
203,390.0,393.0,SPEAKER_03,"abandoned, which means that the product would score very",0.525246,0.7795,0.409429
204,391.5,394.5,SPEAKER_03,the product would score very badly on some of those,0.446848,0.7795,0.348318
205,393.0,396.0,SPEAKER_03,badly on some of those points.,0.332599,0.7795,0.259261
206,394.5,397.5,SPEAKER_03,points. But it might be.,0.114818,0.578,0.066365
207,396.0,399.0,SPEAKER_03,But it might be. So,0.090743,0.6189,0.056161
208,397.5,400.5,SPEAKER_03,So we have,0.220058,0.6189,0.136194
209,399.0,402.0,SPEAKER_03,we have a,0.24207,0.8613,0.208495
210,400.5,403.5,SPEAKER_03,a true one.,0.014975,0.8613,0.012898
211,412.5,415.5,SPEAKER_03,"Okay, so we",0.083519,0.7173,0.059908
212,414.0,417.0,SPEAKER_03,"Okay, so we have to go through each",0.454636,0.7173,0.326111
213,415.5,418.5,SPEAKER_03,"have to go through each point, if we imagine",0.731279,0.7173,0.524547
214,417.0,420.0,SPEAKER_03,"point, if we imagine it's actually straight, and just",0.276801,0.7173,0.198549
215,418.5,421.5,SPEAKER_03,"it's actually straight, and just give it a score.",0.366431,0.7173,0.262841
216,420.0,423.0,SPEAKER_03,give it a score. So how well,0.321372,0.7538,0.24225
217,421.5,424.5,SPEAKER_03,So how well would you say the prototype,0.108894,0.7903,0.086059
218,423.0,426.0,SPEAKER_03,"would you say the prototype is, how well have",0.060531,0.7903,0.047837
219,424.5,427.5,SPEAKER_03,"is, how well have we realized the dream",0.137978,0.7903,0.109044
220,426.0,429.0,SPEAKER_03,we realized the dream of being able to stop,0.049821,0.7903,0.039374
221,427.5,430.5,SPEAKER_03,"of being able to stop remotes from being lost,",0.222098,0.7903,0.175524
222,429.0,432.0,SPEAKER_03,"remotes from being lost, or to be able",0.685834,0.7903,0.542015
223,430.5,433.5,SPEAKER_03,or to be able to find them once they're,0.01023,0.7903,0.008085
224,432.0,435.0,SPEAKER_03,"to find them once they're lost? I mean, is",0.54602,0.8422,0.459858
225,433.5,436.5,SPEAKER_03,"lost? I mean, is the homing thing",0.860966,0.8422,0.725106
226,442.5,445.5,SPEAKER_00,"so. So I mean, I don't think anybody could",0.188407,0.7906,0.148955
227,444.0,447.0,SPEAKER_00,I don't think anybody could actually stop a remote being lost,0.161352,0.7579,0.122289
228,445.5,448.5,SPEAKER_00,actually stop a remote being lost because that would mean doing,0.137294,0.7579,0.104055
229,447.0,450.0,SPEAKER_00,because that would mean doing something about the human element.,0.244288,0.7579,0.185146
230,448.5,451.5,SPEAKER_00,something about the human element. But I'd like to think,0.166377,0.8033,0.13365
231,450.0,453.0,SPEAKER_00,But I'd like to think that we've done something about,0.276849,0.8033,0.222393
232,451.5,454.5,SPEAKER_00,that we've done something about finding the damn thing once,0.507875,0.8487,0.431034
233,456.0,459.0,SPEAKER_01,"making it a bright color helps. Personally, I would have",0.646653,0.7012,0.453433
234,457.5,460.5,SPEAKER_01,"Personally, I would have gone for purple, brown, and",0.295796,0.6503,0.192356
235,462.0,465.0,SPEAKER_03,still have that noise being in. On a scale,0.193694,0.752,0.145658
236,463.5,466.5,SPEAKER_03,"in. On a scale of 1 to 7, how",0.020614,0.752,0.015502
237,465.0,468.0,SPEAKER_03,"of 1 to 7, how would you guys rate it",0.067017,0.6572,0.044044
238,466.5,469.5,SPEAKER_03,would you guys rate it for finding it once it's,0.119026,0.6572,0.078224
239,468.0,471.0,SPEAKER_03,for finding it once it's lost?,0.08989,0.6572,0.059076
240,474.0,477.0,SPEAKER_03,one? Okay. Number one for,0.369244,0.2882,0.106416
241,478.5,481.5,SPEAKER_01,I think if it was just,0.031534,0.7901,0.024915
242,480.0,483.0,SPEAKER_01,"it was just the sounder, then",0.301447,0.7901,0.238174
243,481.5,484.5,SPEAKER_01,"the sounder, then there's something I've",0.065806,0.7901,0.051993
244,483.0,486.0,SPEAKER_01,there's something I've found with trying,0.45308,0.7901,0.357979
245,484.5,487.5,SPEAKER_01,found with trying to find a,0.372073,0.7901,0.293975
246,486.0,489.0,SPEAKER_01,to find a cardless phone or,0.244997,0.7901,0.193572
247,487.5,490.5,SPEAKER_01,"cardless phone or a mobile, you",0.104541,0.7901,0.082598
248,489.0,492.0,SPEAKER_01,"a mobile, you can hear it.",0.015079,0.7901,0.011914
249,490.5,493.5,SPEAKER_01,can hear it. You can't quite pin,0.05286,0.8317,0.043964
250,492.0,495.0,SPEAKER_01,You can't quite pin it down where it is.,0.016024,0.8733,0.013994
251,498.0,501.0,SPEAKER_02,if the volume on the TV is,0.134026,0.61,0.081756
252,499.5,502.5,SPEAKER_02,on the TV is turned up massively and,0.082874,0.61,0.050553
253,501.0,504.0,SPEAKER_02,turned up massively and you just want,0.841374,0.61,0.513238
254,502.5,505.5,SPEAKER_02,you just want to turn down the,0.64157,0.61,0.391357
255,504.0,507.0,SPEAKER_02,to turn down the volume you can't find,0.07509,0.61,0.045805
256,505.5,508.5,SPEAKER_02,volume you can't find remote?,0.291211,0.61,0.177638
257,507.0,510.0,SPEAKER_02,remote? I suppose you have,0.304383,0.6035,0.183695
258,508.5,511.5,SPEAKER_02,I suppose you have to go to the TV,0.561503,0.5969,0.335161
259,510.0,513.0,SPEAKER_02,to go to the TV manually.,0.650103,0.5969,0.388046
260,511.5,514.5,SPEAKER_02,manually. You wouldn't,0.330185,0.7386,0.243875
261,513.0,516.0,SPEAKER_02,You wouldn't hear the speaker.,0.173408,0.8802,0.152634
262,516.0,519.0,SPEAKER_00,Just before we go through all,0.26135,0.7854,0.205264
263,517.5,520.5,SPEAKER_00,"go through all of the steps here,",0.123148,0.7854,0.09672
264,519.0,522.0,SPEAKER_00,"of the steps here, what we'll do is",0.104811,0.7854,0.082318
265,520.5,523.5,SPEAKER_00,what we'll do is,0.352467,0.7854,0.276828
266,522.0,525.0,SPEAKER_00,If we can look,0.147887,0.7486,0.110708
267,523.5,526.5,SPEAKER_00,If we can look at the criteria you're going to evaluate,0.104473,0.7117,0.074353
268,525.0,528.0,SPEAKER_00,at the criteria you're going to evaluate and then we'll come back to the,0.135156,0.7117,0.09619
269,526.5,529.5,SPEAKER_00,and then we'll come back to the product evaluation if that's all right.,0.132457,0.7117,0.09427
270,528.0,531.0,SPEAKER_00,product evaluation if that's all right.,0.051165,0.6531,0.033416
271,534.0,537.0,SPEAKER_00,So is there anything,0.063729,0.8131,0.051818
272,535.5,538.5,SPEAKER_00,there anything here,0.070019,0.8131,0.056932
273,537.0,540.0,SPEAKER_00,here that you,0.351212,0.8131,0.28557
274,540.0,543.0,SPEAKER_00,that you wanted to cover,0.221645,0.7925,0.175653
275,541.5,544.5,SPEAKER_00,"that you wanted to cover as in the criteria that you've covered,",0.075288,0.7925,0.059665
276,543.0,546.0,SPEAKER_00,"as in the criteria that you've covered, and then we'll come back pretty",0.29065,0.7925,0.23034
277,544.5,547.5,SPEAKER_00,and then we'll come back pretty much promptly to this. Is there,0.234403,0.7399,0.173434
278,546.0,549.0,SPEAKER_00,"much promptly to this. Is there any, if these criteria",0.058047,0.7399,0.042949
279,547.5,550.5,SPEAKER_00,"any, if these criteria need any explaining or is",0.038932,0.6873,0.026758
280,549.0,552.0,SPEAKER_00,need any explaining or is there anything that you,0.105426,0.6873,0.07246
281,550.5,553.5,SPEAKER_00,there anything that you thought really would stand out,0.409557,0.6873,0.281489
282,552.0,555.0,SPEAKER_00,thought really would stand out compared to the others?,0.321744,0.6873,0.221134
283,558.0,561.0,SPEAKER_03,Something I neglected from my,0.773441,0.793,0.613339
284,559.5,562.5,SPEAKER_03,neglected from my initial research is that,0.129106,0.793,0.102381
285,561.0,564.0,SPEAKER_03,initial research is that Royal Reactions has,0.082964,0.793,0.065791
286,562.5,565.5,SPEAKER_03,"Royal Reactions has a goal, a strategy",0.184892,0.793,0.146619
287,564.0,567.0,SPEAKER_03,"a goal, a strategy that all of their",0.108275,0.793,0.085862
288,565.5,568.5,SPEAKER_03,that all of their products being inspired,0.031172,0.793,0.02472
289,567.0,570.0,SPEAKER_03,products being inspired by interior fashion and,0.01258,0.793,0.009976
290,568.5,571.5,SPEAKER_03,by interior fashion and clothing fashion.,0.46211,0.793,0.366453
291,570.0,573.0,SPEAKER_03,clothing fashion. That is why fruit,0.325162,0.8054,0.261886
292,571.5,574.5,SPEAKER_03,That is why fruit and veg being popular,0.025974,0.8178,0.021242
293,573.0,576.0,SPEAKER_03,and veg being popular in the home and,0.116377,0.8178,0.095174
294,574.5,577.5,SPEAKER_03,in the home and clothing was important.,0.381984,0.8178,0.312387
295,576.0,579.0,SPEAKER_03,clothing was important. And they want,0.374362,0.8397,0.314352
296,577.5,580.5,SPEAKER_03,And they want all their products to be,0.165603,0.8615,0.142667
297,579.0,582.0,SPEAKER_03,all their products to be somehow inspired by current,0.017179,0.8615,0.014799
298,580.5,583.5,SPEAKER_03,somehow inspired by current trends in fashion.,0.027964,0.8658,0.024211
299,582.0,585.0,SPEAKER_03,trends in fashion. So they say we put the fashion electronics,0.582676,0.8658,0.504481
300,583.5,586.5,SPEAKER_03,So they say we put the fashion electronics where they really mean it. They're,0.226909,0.8501,0.192895
301,585.0,588.0,SPEAKER_03,where they really mean it. They're very big on fashion.,0.249357,0.8501,0.211978
302,586.5,589.5,SPEAKER_03,very big on fashion. So that's,0.092601,0.8096,0.07497
303,588.0,591.0,SPEAKER_03,So that's this bit right,0.032977,0.8096,0.026698
304,589.5,592.5,SPEAKER_03,this bit right here. And,0.028749,0.8243,0.023697
305,591.0,594.0,SPEAKER_03,here. And this bit is,0.103521,0.8243,0.085332
306,592.5,595.5,SPEAKER_03,this bit is this one easy,0.003365,0.8595,0.002892
307,594.0,597.0,SPEAKER_03,this one easy to use for,0.071484,0.8595,0.061441
308,595.5,598.5,SPEAKER_03,to use for visitors or,0.024382,0.8595,0.020957
309,597.0,600.0,SPEAKER_03,visitors or for anybody.,0.447216,0.8595,0.384382
310,598.5,601.5,SPEAKER_03,for anybody. I guess it's just the same,0.564461,0.8131,0.458964
311,600.0,603.0,SPEAKER_03,I guess it's just the same as saying easy to use interface. So,0.219892,0.6678,0.146844
312,601.5,604.5,SPEAKER_03,as saying easy to use interface. So it's kind of condensed into one.,0.207852,0.6678,0.138804
313,603.0,606.0,SPEAKER_03,it's kind of condensed into one. And we can come back to it.,0.058337,0.7115,0.041506
314,607.5,610.5,SPEAKER_00,"it's OK. No, and which",0.583036,0.8043,0.468936
315,609.0,612.0,SPEAKER_00,"No, and which we will",0.607153,0.8043,0.488333
316,610.5,613.5,SPEAKER_00,"we will do very,",0.617605,0.8043,0.49674
317,612.0,615.0,SPEAKER_00,"do very, very shortly.",0.392563,0.8043,0.315738
318,618.0,621.0,SPEAKER_00,Slight problem we,0.222071,0.8019,0.178079
319,619.5,622.5,SPEAKER_00,Slight problem we had was that we,0.407523,0.8019,0.326793
320,621.0,624.0,SPEAKER_00,had was that we were an amazing four euros,0.602374,0.8019,0.483044
321,622.5,625.5,SPEAKER_00,were an amazing four euros over budget for what,0.752277,0.8019,0.603251
322,624.0,627.0,SPEAKER_00,over budget for what we were hoping to,0.196938,0.8019,0.157924
323,625.5,628.5,SPEAKER_00,we were hoping to do. Most of it,0.055525,0.8011,0.044481
324,627.0,630.0,SPEAKER_00,do. Most of it stems from the use,0.269864,0.8011,0.216188
325,628.5,631.5,SPEAKER_00,"stems from the use of VLCD, which",0.068686,0.8002,0.054962
326,630.0,633.0,SPEAKER_00,"of VLCD, which I think in the",0.02971,0.8002,0.023774
327,631.5,634.5,SPEAKER_00,I think in the end accounted for about,0.422305,0.8002,0.337929
328,633.0,636.0,SPEAKER_00,end accounted for about half of our,0.067743,0.8002,0.054208
329,634.5,637.5,SPEAKER_00,"half of our expended trip, because of",0.394011,0.8002,0.315288
330,636.0,639.0,SPEAKER_00,"expended trip, because of course we required a",0.65804,0.8002,0.526563
331,637.5,640.5,SPEAKER_00,course we required a chip as well.,0.154827,0.7852,0.12157
332,639.0,642.0,SPEAKER_00,chip as well. The only way to get,0.177148,0.7852,0.139096
333,640.5,643.5,SPEAKER_00,The only way to get this down was either to ditch,0.184536,0.7702,0.14213
334,642.0,645.0,SPEAKER_00,"this down was either to ditch the LCD, at which point",0.053136,0.7702,0.040925
335,643.5,646.5,SPEAKER_00,"the LCD, at which point we've removed a large part",0.062017,0.7702,0.047766
336,645.0,648.0,SPEAKER_00,we've removed a large part of how we were going,0.111214,0.7702,0.085657
337,646.5,649.5,SPEAKER_00,"of how we were going to interface, we require more",0.022239,0.7702,0.017128
338,648.0,651.0,SPEAKER_00,"to interface, we require more buttons, etc.",0.084036,0.7702,0.064724
339,649.5,652.5,SPEAKER_00,"buttons, etc. Or",0.112692,0.8057,0.090796
340,651.0,654.0,SPEAKER_00,Or what we did was,0.148395,0.8412,0.12483
341,652.5,655.5,SPEAKER_00,"what we did was that we, as in",0.487309,0.8412,0.409925
342,654.0,657.0,SPEAKER_00,"that we, as in I as I was",0.143785,0.8412,0.120952
343,655.5,658.5,SPEAKER_00,"I as I was quickly going over it,",0.076302,0.8412,0.064185
344,657.0,660.0,SPEAKER_00,"quickly going over it, was altering the actual structure.",0.121811,0.8412,0.102467
345,658.5,661.5,SPEAKER_00,was altering the actual structure. Changing the plastic,0.043935,0.8402,0.036914
346,660.0,663.0,SPEAKER_00,Changing the plastic and a solid unit,0.045939,0.8402,0.038598
347,661.5,664.5,SPEAKER_00,and a solid unit with a single curve,0.28275,0.8393,0.237312
348,663.0,666.0,SPEAKER_00,with a single curve design would allow us,0.302512,0.8393,0.253899
349,664.5,667.5,SPEAKER_00,design would allow us to come back into,0.334132,0.8393,0.280437
350,666.0,669.0,SPEAKER_00,to come back into the proposed costs and,0.033653,0.8393,0.028245
351,667.5,670.5,SPEAKER_00,the proposed costs and we're just scraping it,0.246111,0.8393,0.206561
352,669.0,672.0,SPEAKER_00,we're just scraping it in. We've got 0.2 of,0.146843,0.7988,0.117298
353,670.5,673.5,SPEAKER_00,in. We've got 0.2 of a euro left over there.,0.209143,0.7988,0.167063
354,672.0,675.0,SPEAKER_00,a euro left over there. So we're just managing,0.256862,0.8054,0.206876
355,673.5,676.5,SPEAKER_00,So we're just managing it really.,0.479381,0.8525,0.408673
356,675.0,678.0,SPEAKER_00,"it really. Even then as well, there",0.085151,0.7736,0.065873
357,676.5,679.5,SPEAKER_00,"Even then as well, there was no criteria technically defined",0.053656,0.6948,0.03728
358,678.0,681.0,SPEAKER_00,was no criteria technically defined for a joystick so I've,0.037145,0.6948,0.025808
359,679.5,682.5,SPEAKER_00,for a joystick so I've used what I think is appropriate.,0.014398,0.6948,0.010003
360,681.0,684.0,SPEAKER_00,used what I think is appropriate. With any,0.035982,0.7103,0.025558
361,682.5,685.5,SPEAKER_00,With any luck that won't mean that we've incurred more,0.065211,0.7103,0.04632
362,684.0,687.0,SPEAKER_00,luck that won't mean that we've incurred more cost than we can actually afford to.,0.224622,0.7257,0.163008
363,685.5,688.5,SPEAKER_00,cost than we can actually afford to.,0.336821,0.7257,0.244431
364,688.5,691.5,SPEAKER_00,It blows a lot of,0.652547,0.8405,0.548466
365,690.0,693.0,SPEAKER_00,blows a lot of our really good ideas slightly,0.159139,0.8405,0.133756
366,691.5,694.5,SPEAKER_00,"our really good ideas slightly to one side. For example,",0.102569,0.8014,0.082199
367,693.0,696.0,SPEAKER_00,"to one side. For example, the possibility of",0.005761,0.8014,0.004617
368,694.5,697.5,SPEAKER_00,the possibility of having a USB connection,0.187397,0.7623,0.142853
369,696.0,699.0,SPEAKER_00,having a USB connection is definitely not,0.072397,0.7623,0.055188
370,697.5,700.5,SPEAKER_00,is definitely not available now.,0.277499,0.8249,0.228909
371,699.0,702.0,SPEAKER_00,available now. different languages?,0.262971,0.8249,0.216925
372,700.5,703.5,SPEAKER_00,different languages? That should still be viable.,0.113051,0.8637,0.097642
373,702.0,705.0,SPEAKER_00,That should still be viable. We've got an advanced chip. We've got,0.010191,0.738,0.007521
374,703.5,706.5,SPEAKER_00,We've got an advanced chip. We've got the use of ELCD. So,0.021137,0.7598,0.01606
375,705.0,708.0,SPEAKER_00,the use of ELCD. So being able to communicate in,0.001795,0.7645,0.001372
376,706.5,709.5,SPEAKER_00,being able to communicate in multiple languages is still,0.001224,0.8252,0.00101
377,708.0,711.0,SPEAKER_00,multiple languages is still very much a possibility.,0.322065,0.8252,0.265768
378,709.5,712.5,SPEAKER_00,very much a possibility.,0.097131,0.8252,0.080152
379,711.0,714.0,SPEAKER_00,But what's something we,0.076776,0.7392,0.056753
380,712.5,715.5,SPEAKER_00,But what's something we need to decide on is how we're going,0.011341,0.7392,0.008383
381,714.0,717.0,SPEAKER_00,need to decide on is how we're going to go from here.,0.43853,0.7392,0.324162
382,715.5,718.5,SPEAKER_00,to go from here. We do need,0.309754,0.7908,0.244953
383,717.0,720.0,SPEAKER_00,We do need to try and come up with,0.433836,0.8424,0.365463
384,718.5,721.5,SPEAKER_00,to try and come up with an idea which could be,0.032069,0.8424,0.027015
385,720.0,723.0,SPEAKER_00,an idea which could be continued with other people if,0.040502,0.8424,0.034119
386,721.5,724.5,SPEAKER_00,continued with other people if need be.,0.057072,0.8424,0.048077
387,723.0,726.0,SPEAKER_00,need be. I can bring,0.2053,0.8349,0.171405
388,724.5,727.5,SPEAKER_00,I can bring the Excel sheet up and show,0.03491,0.8273,0.028881
389,726.0,729.0,SPEAKER_00,the Excel sheet up and show you if you wish.,0.012164,0.827,0.010059
390,727.5,730.5,SPEAKER_00,you if you wish. I really think as,0.123583,0.827,0.102203
391,729.0,732.0,SPEAKER_00,I really think as much as it pains me,0.674673,0.8267,0.557752
392,730.5,733.5,SPEAKER_00,much as it pains me is that we might,0.614633,0.8267,0.508117
393,732.0,735.0,SPEAKER_00,is that we might have to go with,0.022164,0.8267,0.018323
394,733.5,736.5,SPEAKER_00,have to go with plastic and some kind of,0.044175,0.8267,0.036519
395,735.0,738.0,SPEAKER_00,"plastic and some kind of solid design, possibly meaning",0.014606,0.8267,0.012075
396,736.5,739.5,SPEAKER_00,"solid design, possibly meaning that the LCD wouldn't",0.115521,0.8267,0.095501
397,738.0,741.0,SPEAKER_00,that the LCD wouldn't be in the perfect place.,0.513575,0.8267,0.424573
398,739.5,742.5,SPEAKER_00,be in the perfect place. It might be slightly between,0.04101,0.8289,0.033993
399,741.0,744.0,SPEAKER_00,It might be slightly between what would be good for a left-handed,0.075275,0.8289,0.062395
400,742.5,745.5,SPEAKER_00,what would be good for a left-handed and what would be good for,0.144563,0.8311,0.120147
401,744.0,747.0,SPEAKER_00,and what would be good for a right-handed person.,0.005935,0.8311,0.004933
402,747.0,750.0,SPEAKER_01,I suppose one thing that could be done,0.048919,0.7032,0.0344
403,748.5,751.5,SPEAKER_01,that could be done is have it circular,0.019667,0.7032,0.01383
404,750.0,753.0,SPEAKER_01,is have it circular and have it so that,0.010733,0.7032,0.007547
405,751.5,754.5,SPEAKER_01,"and have it so that the pinky, it actually",0.281935,0.7032,0.198257
406,753.0,756.0,SPEAKER_01,"the pinky, it actually goes a bit over",0.175201,0.7032,0.123202
407,754.5,757.5,SPEAKER_01,goes a bit over the pinky finger.,0.167147,0.7032,0.117537
408,756.0,759.0,SPEAKER_01,the pinky finger. Okay.,0.462474,0.6606,0.30551
409,760.5,763.5,SPEAKER_00,"It very much is about making concessions,",0.314866,0.8589,0.270439
410,765.0,768.0,SPEAKER_03,you have any data on how much,0.019619,0.8305,0.016294
411,766.5,769.5,SPEAKER_03,on how much different prints cost? I,0.024428,0.7537,0.018411
412,768.0,771.0,SPEAKER_03,"different prints cost? I mean, can you get",0.018961,0.7537,0.014291
413,769.5,772.5,SPEAKER_03,"mean, can you get the entire thing printed with",0.180482,0.6769,0.122168
414,774.0,777.0,SPEAKER_00,mean on the plastic?,0.0519,0.7882,0.040907
415,778.5,781.5,SPEAKER_00,You now have as much,0.272906,0.827,0.225693
416,780.0,783.0,SPEAKER_00,now have as much information as I,0.35059,0.827,0.289938
417,781.5,784.5,SPEAKER_00,information as I do.,0.444406,0.827,0.367524
418,783.0,786.0,SPEAKER_00,do. So as you,0.032161,0.8102,0.026056
419,784.5,787.5,SPEAKER_00,"So as you can see here, for example,",0.012038,0.7934,0.009551
420,786.0,789.0,SPEAKER_00,"can see here, for example, the battery, really not",0.063771,0.7934,0.050596
421,787.5,790.5,SPEAKER_00,"the battery, really not very little choice in that",0.146116,0.7934,0.115928
422,789.0,792.0,SPEAKER_00,very little choice in that one. We've gone for one of the cheaper options,0.032984,0.6849,0.02259
423,790.5,793.5,SPEAKER_00,"one. We've gone for one of the cheaper options as well. Unfortunately, we",0.581862,0.7092,0.412656
424,792.0,795.0,SPEAKER_00,"as well. Unfortunately, we require the advanced chip if we're going",0.419361,0.6672,0.279798
425,793.5,796.5,SPEAKER_00,require the advanced chip if we're going to do what we're needing to.,0.524256,0.8245,0.432249
426,795.0,798.0,SPEAKER_00,to do what we're needing to. I've said single,0.305647,0.8245,0.252006
427,796.5,799.5,SPEAKER_00,I've said single curved. We really,0.089292,0.874,0.078041
428,798.0,801.0,SPEAKER_00,curved. We really do need it to be that way for,0.626814,0.874,0.547835
429,799.5,802.5,SPEAKER_00,do need it to be that way for the ergonomics of it.,0.426108,0.8571,0.365217
430,801.0,804.0,SPEAKER_00,"the ergonomics of it. Plastic, for",0.008494,0.8217,0.00698
431,802.5,805.5,SPEAKER_00,"Plastic, for some reason, incurs no cost, which I've",0.158284,0.7863,0.124458
432,804.0,807.0,SPEAKER_00,"some reason, incurs no cost, which I've had to very much make advantage of,",0.296547,0.7863,0.233175
433,805.5,808.5,SPEAKER_00,"had to very much make advantage of, despite the fact that rubber's only got",0.430615,0.7863,0.338592
434,807.0,810.0,SPEAKER_00,despite the fact that rubber's only got a value of two euros per unit.,0.365852,0.7863,0.287669
435,808.5,811.5,SPEAKER_00,a value of two euros per unit.,0.040348,0.7863,0.031726
436,810.0,813.0,SPEAKER_00,"Problem comes here, as",0.165123,0.8103,0.133799
437,811.5,814.5,SPEAKER_00,"Problem comes here, as you can see, in",0.120316,0.8343,0.10038
438,813.0,816.0,SPEAKER_00,"you can see, in the interface.",0.158762,0.8343,0.132455
439,814.5,817.5,SPEAKER_00,the interface. If I've,0.424649,0.8432,0.358064
440,816.0,819.0,SPEAKER_00,"If I've read this incorrectly, then we can",0.183561,0.852,0.156394
441,817.5,820.5,SPEAKER_00,"read this incorrectly, then we can save 0.5 of a euro",0.140756,0.852,0.119924
442,819.0,822.0,SPEAKER_00,"save 0.5 of a euro here, and it's not per",0.108363,0.852,0.092325
443,820.5,823.5,SPEAKER_00,"here, and it's not per push button. That",0.492816,0.8323,0.41017
444,822.0,825.0,SPEAKER_00,"push button. That might make sense, because then",0.239192,0.8323,0.199079
445,823.5,826.5,SPEAKER_00,"might make sense, because then a numeric keypad would come",0.114504,0.8127,0.093058
446,825.0,828.0,SPEAKER_00,"a numeric keypad would come in at, well, 4.5 euros,",0.043851,0.8127,0.035637
447,826.5,829.5,SPEAKER_00,"in at, well, 4.5 euros, which is an awful lot,",0.014028,0.8127,0.0114
448,828.0,831.0,SPEAKER_00,"which is an awful lot, so that could well be",0.113257,0.8127,0.092044
449,829.5,832.5,SPEAKER_00,so that could well be wrong. Even if,0.449372,0.7955,0.357475
450,831.0,834.0,SPEAKER_00,"wrong. Even if we save 0.5 there, it would just",0.09908,0.7955,0.078818
451,832.5,835.5,SPEAKER_00,"we save 0.5 there, it would just mean that we're most likely placing it",0.113522,0.7784,0.088366
452,834.0,837.0,SPEAKER_00,mean that we're most likely placing it and actually just gaining a color,0.254061,0.7784,0.197761
453,835.5,838.5,SPEAKER_00,"and actually just gaining a color for the unit, which is set to",0.437352,0.7784,0.340435
454,837.0,840.0,SPEAKER_00,"for the unit, which is set to be put this one side.",0.514146,0.7784,0.400211
455,838.5,841.5,SPEAKER_00,be put this one side. As you,0.24646,0.8396,0.206928
456,840.0,843.0,SPEAKER_00,"As you can see, the",0.152377,0.9007,0.137246
457,841.5,844.5,SPEAKER_00,"can see, the use of an",0.189655,0.9007,0.170822
458,843.0,846.0,SPEAKER_00,"use of an LC display, advanced",0.237149,0.9007,0.2136
459,844.5,847.5,SPEAKER_00,"LC display, advanced chip, And what we're",0.156179,0.8364,0.130628
460,846.0,849.0,SPEAKER_00,"chip, And what we're terming a scroll wheel here",0.047041,0.8364,0.039345
461,847.5,850.5,SPEAKER_00,"terming a scroll wheel here as well, because it's an",0.293976,0.7722,0.227008
462,849.0,852.0,SPEAKER_00,"as well, because it's an integrated scroll wheel push button.",0.090853,0.7172,0.06516
463,850.5,853.5,SPEAKER_00,integrated scroll wheel push button. It wasn't quite what I think they,0.110931,0.7172,0.07956
464,852.0,855.0,SPEAKER_00,It wasn't quite what I think they had in mind with the joystick.,0.540903,0.6623,0.35824
465,855.0,858.0,SPEAKER_03,Why would that be more expensive than an individual,0.593222,0.7441,0.441416
466,856.5,859.5,SPEAKER_03,more expensive than an individual push button and a scroll,0.219926,0.7441,0.163647
467,858.0,861.0,SPEAKER_03,push button and a scroll wheel together?,0.169508,0.7441,0.126131
468,859.5,862.5,SPEAKER_03,wheel together? That's quite significantly,0.19814,0.7849,0.15552
469,861.0,864.0,SPEAKER_03,That's quite significantly expensive.,0.27631,0.8257,0.228149
470,864.0,867.0,SPEAKER_00,That's something you have to take,0.261634,0.4389,0.114831
471,865.5,868.5,SPEAKER_00,you have to take up with the,0.297304,0.4389,0.130487
472,867.0,870.0,SPEAKER_00,up with the bean counters.,0.304234,0.4389,0.133528
473,868.5,871.5,SPEAKER_00,"bean counters. As you can see,",0.181051,0.6253,0.113211
474,870.0,873.0,SPEAKER_00,"As you can see, that's taken up well over",0.231102,0.8117,0.187585
475,871.5,874.5,SPEAKER_00,that's taken up well over half the price.,0.073943,0.8117,0.06002
476,873.0,876.0,SPEAKER_00,half the price. So I'm,0.280002,0.8284,0.231954
477,874.5,877.5,SPEAKER_00,So I'm very much open,0.096466,0.8451,0.081523
478,876.0,879.0,SPEAKER_00,very much open to suggestions of,0.011673,0.8451,0.009865
479,877.5,880.5,SPEAKER_00,"to suggestions of where we go,",0.137425,0.8451,0.116138
480,879.0,882.0,SPEAKER_00,"where we go, but because we",0.172768,0.8451,0.146006
481,880.5,883.5,SPEAKER_00,but because we need to shed,0.145135,0.8451,0.122654
482,882.0,885.0,SPEAKER_00,need to shed what was for,0.598409,0.8451,0.505716
483,883.5,886.5,SPEAKER_00,what was for euros off of,0.123463,0.8451,0.104338
484,885.0,888.0,SPEAKER_00,euros off of the price of,0.099513,0.8451,0.084099
485,886.5,889.5,SPEAKER_00,the price of what we really,0.104625,0.8451,0.088418
486,888.0,891.0,SPEAKER_00,what we really desired. This one,0.065833,0.8286,0.054549
487,889.5,892.5,SPEAKER_00,desired. This one comes in under price as,0.101619,0.8286,0.084202
488,891.0,894.0,SPEAKER_00,"comes in under price as you can see, but this",0.118663,0.812,0.096355
489,892.5,895.5,SPEAKER_00,"you can see, but this was the one that",0.431457,0.812,0.350343
490,894.0,897.0,SPEAKER_00,was the one that sacrificed the material for the,0.466889,0.812,0.379114
491,895.5,898.5,SPEAKER_00,sacrificed the material for the case and for the,0.178673,0.812,0.145082
492,900.0,903.0,SPEAKER_03,don't even have speakers here. What,0.070711,0.8141,0.057565
493,901.5,904.5,SPEAKER_03,speakers here. What about speakers and transmitters,0.173436,0.8141,0.141194
494,903.0,906.0,SPEAKER_03,about speakers and transmitters and stuff like that?,0.191445,0.7399,0.14165
495,904.5,907.5,SPEAKER_03,and stuff like that? Have we affected that?,0.175467,0.7945,0.139408
496,906.0,909.0,SPEAKER_03,"Have we affected that? No, we",0.099608,0.8217,0.081848
497,907.5,910.5,SPEAKER_03,"No, we haven't.",0.65599,0.882,0.578583
498,910.5,913.5,SPEAKER_03,"Transmitter, receiver, speakers.",0.093925,0.8398,0.078879
499,912.0,915.0,SPEAKER_03,"receiver, speakers. Plus the",0.023747,0.6711,0.015937
500,913.5,916.5,SPEAKER_03,Plus the extra device itself that's going,0.05835,0.5446,0.031777
501,915.0,918.0,SPEAKER_03,extra device itself that's going to be on the TV. Is,0.040445,0.5307,0.021464
502,916.5,919.5,SPEAKER_03,to be on the TV. Is that going to be a button?,0.156096,0.5307,0.08284
503,919.5,922.5,SPEAKER_00,It literally would just be a button.,0.395807,0.524,0.207403
504,921.0,924.0,SPEAKER_00,a button. We might have to...,0.281073,0.6512,0.183035
505,922.5,925.5,SPEAKER_00,We might have to... It,0.251119,0.8263,0.207499
506,924.0,927.0,SPEAKER_00,It looks like,0.098004,0.8263,0.080981
507,925.5,928.5,SPEAKER_00,looks like almost nothing...,0.254886,0.8741,0.222796
508,927.0,930.0,SPEAKER_00,"almost nothing... No, good",0.08546,0.8741,0.0747
509,928.5,931.5,SPEAKER_00,"No, good call. I missed",0.744126,0.6959,0.517837
510,937.5,940.5,SPEAKER_03,Do we have to use an advanced,0.044039,0.7993,0.035201
511,939.0,942.0,SPEAKER_03,have to use an advanced chip for the LCD?,0.08465,0.7993,0.067661
512,940.5,943.5,SPEAKER_03,chip for the LCD?,0.131241,0.7993,0.104901
513,945.0,948.0,SPEAKER_00,OK. So if we're going to go with,0.170623,0.6292,0.107356
514,946.5,949.5,SPEAKER_00,"we're going to go with the LCD display, then",0.047312,0.6154,0.029116
515,948.0,951.0,SPEAKER_00,"the LCD display, then that's... What's that hand dynamo?",0.422605,0.6154,0.260071
516,955.5,958.5,SPEAKER_00,That would probably not be,0.055364,0.7688,0.042564
517,957.0,960.0,SPEAKER_00,probably not be in keeping with the,0.03016,0.7688,0.023187
518,958.5,961.5,SPEAKER_00,in keeping with the fashion statement and,0.03985,0.7688,0.030637
519,960.0,963.0,SPEAKER_00,"fashion statement and such, yeah.",0.442512,0.7688,0.340203
520,963.0,966.0,SPEAKER_02,It's basically the only new thing,0.079222,0.6692,0.053016
521,964.5,967.5,SPEAKER_02,the only new thing is the LCD on,0.084885,0.6692,0.056805
522,972.0,975.0,SPEAKER_00,Which I'm defining as scroll wheel.,0.901341,0.7522,0.677988
523,975.0,978.0,SPEAKER_03,And we couldn't replace the,0.552416,0.7051,0.389509
524,976.5,979.5,SPEAKER_03,And we couldn't replace the joystick right because we,0.285916,0.7051,0.201599
525,978.0,981.0,SPEAKER_03,joystick right because we would need four extra buttons,0.010566,0.7051,0.00745
526,979.5,982.5,SPEAKER_03,"would need four extra buttons to replace it up, down,",0.01868,0.7051,0.013171
527,981.0,984.0,SPEAKER_03,"to replace it up, down, left, and right. And",0.008974,0.7463,0.006697
528,982.5,985.5,SPEAKER_03,"left, and right. And that would be more expensive than it.",0.291703,0.7463,0.217698
529,984.0,987.0,SPEAKER_03,that would be more expensive than it. But is the scroll,0.324755,0.7063,0.229375
530,985.5,988.5,SPEAKER_03,But is the scroll wheel not just back and forward?,0.216108,0.6251,0.135089
531,988.5,991.5,SPEAKER_00,"Yeah, it's just because there was",0.325223,0.8023,0.260927
532,990.0,993.0,SPEAKER_00,just because there was no actual definition for what,0.136062,0.8023,0.109163
533,991.5,994.5,SPEAKER_00,no actual definition for what a joystick might be that,0.072089,0.8023,0.057837
534,993.0,996.0,SPEAKER_00,a joystick might be that that's what I've labeled,0.013289,0.8023,0.010662
535,994.5,997.5,SPEAKER_00,that's what I've labeled it for purposes of this,0.002714,0.8023,0.002177
536,1002.0,1005.0,SPEAKER_00,we remove the LCD display we could save ourselves,0.145794,0.756,0.11022
537,1003.5,1006.5,SPEAKER_00,we could save ourselves,0.162053,0.756,0.122512
538,1005.0,1008.0,SPEAKER_00,a fair amount.,0.10093,0.8178,0.08254
539,1006.5,1009.5,SPEAKER_00,a fair amount.,0.073822,0.8797,0.064942
540,1009.5,1012.5,SPEAKER_02,That's what makes it original.,0.147639,0.6388,0.094312
541,1012.5,1015.5,SPEAKER_01,If we remove the LC display then there was,0.052672,0.8574,0.045161
542,1014.0,1017.0,SPEAKER_01,LC display then there was absolutely no point to any of,0.045868,0.8574,0.039327
543,1015.5,1018.5,SPEAKER_01,absolutely no point to any of these meetings.,0.137313,0.8574,0.117732
544,1017.0,1020.0,SPEAKER_01,these meetings. We just put our branding,0.115305,0.8737,0.100742
545,1018.5,1021.5,SPEAKER_01,We just put our branding on any other remote control.,0.048745,0.8899,0.043379
546,1020.0,1023.0,SPEAKER_01,on any other remote control.,0.066671,0.8899,0.05933
547,1024.5,1027.5,SPEAKER_00,It's a shame we,0.293211,0.8303,0.243453
548,1026.0,1029.0,SPEAKER_00,a shame we should possibly,0.122877,0.8303,0.102025
549,1029.0,1032.0,SPEAKER_00,If we could,0.106607,0.7789,0.083036
550,1030.5,1033.5,SPEAKER_00,"If we could have increased the price, we could have",0.156463,0.7275,0.113827
551,1032.0,1035.0,SPEAKER_00,"have increased the price, we could have manufactured that, and then we could",0.062728,0.7275,0.045634
552,1033.5,1036.5,SPEAKER_00,"manufactured that, and then we could have got something far closer to what",0.116758,0.7275,0.084941
553,1038.0,1041.0,SPEAKER_03,"this bear in mind that, I mean, it's a bit ridiculous that",0.520209,0.7178,0.373406
554,1039.5,1042.5,SPEAKER_03,"mean, it's a bit ridiculous that they're going to charge us?",0.76967,0.7178,0.552469
555,1041.0,1044.0,SPEAKER_03,they're going to charge us? Was,0.332657,0.7358,0.244769
556,1042.5,1045.5,SPEAKER_03,Was it like this much,0.271023,0.7538,0.204297
557,1044.0,1047.0,SPEAKER_03,it like this much money for three million,0.11862,0.7538,0.089416
558,1045.5,1048.5,SPEAKER_03,money for three million if we're going to,0.593057,0.7538,0.447046
559,1047.0,1050.0,SPEAKER_03,if we're going to buy three million components?,0.10057,0.7538,0.07581
560,1050.0,1053.0,SPEAKER_00,"Again, you'll have to argue with the accountants",0.292096,0.781,0.228127
561,1051.5,1054.5,SPEAKER_00,to argue with the accountants on that one.,0.596957,0.781,0.466223
562,1053.0,1056.0,SPEAKER_00,on that one. But for the,0.140893,0.7565,0.106586
563,1054.5,1057.5,SPEAKER_00,"But for the purposes of this meeting, we're",0.078948,0.7319,0.057782
564,1056.0,1059.0,SPEAKER_00,"purposes of this meeting, we're going to have to stick with",0.124846,0.7319,0.091375
565,1057.5,1060.5,SPEAKER_00,going to have to stick with these figures.,0.368598,0.7319,0.269777
566,1059.0,1062.0,SPEAKER_00,these figures. So I would,0.623734,0.757,0.472167
567,1060.5,1063.5,SPEAKER_00,So I would say that it would seem like,0.352521,0.782,0.275671
568,1062.0,1065.0,SPEAKER_00,say that it would seem like the general opinion is we're,0.339668,0.782,0.26562
569,1063.5,1066.5,SPEAKER_00,the general opinion is we're going to keep the LCD display,0.10118,0.782,0.079122
570,1065.0,1068.0,SPEAKER_00,going to keep the LCD display because it's about what really,0.032581,0.782,0.025478
571,1066.5,1069.5,SPEAKER_00,because it's about what really separates us. It's like the,0.055608,0.7095,0.039454
572,1068.0,1071.0,SPEAKER_00,separates us. It's like the cost it's going to incur. Our,0.20605,0.7575,0.156083
573,1069.5,1072.5,SPEAKER_00,cost it's going to incur. Our people maybe not,0.102973,0.7452,0.076736
574,1071.0,1074.0,SPEAKER_00,people maybe not happy with but,0.71103,0.8536,0.606935
575,1072.5,1075.5,SPEAKER_00,happy with but are willing to,0.356504,0.8536,0.304311
576,1074.0,1077.0,SPEAKER_00,are willing to go ahead with,0.065366,0.8536,0.055796
577,1075.5,1078.5,SPEAKER_00,go ahead with this and,0.07011,0.8536,0.059846
578,1077.0,1080.0,SPEAKER_00,this and going for a,0.071032,0.8536,0.060633
579,1078.5,1081.5,SPEAKER_00,going for a plastic solid case,0.058923,0.8536,0.050297
580,1080.0,1083.0,SPEAKER_00,plastic solid case to keep the,0.002545,0.8536,0.002172
581,1084.5,1087.5,SPEAKER_01,How much extra,0.174225,0.8745,0.15236
582,1086.0,1089.0,SPEAKER_01,extra would it,0.326616,0.8745,0.285626
583,1087.5,1090.5,SPEAKER_01,would it be,0.026512,0.8745,0.023185
584,1089.0,1092.0,SPEAKER_01,be to keep,0.021153,0.8745,0.018498
585,1090.5,1093.5,SPEAKER_01,to keep the,0.056009,0.8745,0.04898
586,1095.0,1098.0,SPEAKER_00,It's hard to tell. I would say that you're,0.035035,0.7609,0.026658
587,1096.5,1099.5,SPEAKER_00,would say that you're at least going to,0.056782,0.7777,0.044159
588,1098.0,1101.0,SPEAKER_00,at least going to take double curved and,0.454533,0.7777,0.35349
589,1099.5,1102.5,SPEAKER_00,take double curved and even then I'm not,0.491604,0.7777,0.38232
590,1101.0,1104.0,SPEAKER_00,even then I'm not quite sure if that's,0.222891,0.7777,0.173342
591,1102.5,1105.5,SPEAKER_00,quite sure if that's incorporating the idea of articulation.,0.272271,0.7777,0.211745
592,1107.0,1110.0,SPEAKER_01,think it didn't require it to,0.056359,0.6585,0.037112
593,1113.0,1116.0,SPEAKER_01,It's just that the case would come,0.562358,0.8407,0.472774
594,1114.5,1117.5,SPEAKER_01,case would come and would be made,0.089357,0.8407,0.075122
595,1116.0,1119.0,SPEAKER_01,and would be made in two parts and,0.014628,0.8407,0.012297
596,1117.5,1120.5,SPEAKER_01,in two parts and then joined together with,0.043911,0.8407,0.036916
597,1122.0,1125.0,SPEAKER_03,we not get rid of the,0.157561,0.8681,0.136779
598,1123.5,1126.5,SPEAKER_03,rid of the curvaceousness and focus,0.608356,0.8681,0.528114
599,1125.0,1128.0,SPEAKER_03,curvaceousness and focus on the menu,0.696819,0.8681,0.604909
600,1126.5,1129.5,SPEAKER_03,on the menu being the best,0.058787,0.8681,0.051033
601,1128.0,1131.0,SPEAKER_03,being the best interface?,0.456684,0.8681,0.396448
602,1129.5,1132.5,SPEAKER_03,interface? Because we have restrictions,0.418791,0.7715,0.323097
603,1137.0,1140.0,SPEAKER_01,"I mean, if you",0.260564,0.7723,0.201233
604,1138.5,1141.5,SPEAKER_01,if you look closer at,0.368277,0.7723,0.28442
605,1140.0,1143.0,SPEAKER_01,"look closer at the prototype here,",0.600047,0.7723,0.463416
606,1141.5,1144.5,SPEAKER_01,"the prototype here, the lines here",0.352666,0.7723,0.272364
607,1143.0,1146.0,SPEAKER_01,the lines here along the grip,0.051638,0.7723,0.03988
608,1144.5,1147.5,SPEAKER_01,along the grip are actually quite,0.019543,0.7723,0.015093
609,1149.0,1152.0,SPEAKER_00,"curve's all over the hand, is it?",0.173298,0.6117,0.106006
610,1152.0,1155.0,SPEAKER_01,"Yeah, on the LCD, I mean, although we've done",0.507385,0.7882,0.399921
611,1153.5,1156.5,SPEAKER_01,"mean, although we've done it with a curve, it",0.020053,0.7882,0.015805
612,1155.0,1158.0,SPEAKER_01,"it with a curve, it could just as easily be",0.009146,0.7882,0.007209
613,1156.5,1159.5,SPEAKER_01,could just as easily be done without curves.,0.132967,0.7882,0.104804
614,1158.0,1161.0,SPEAKER_01,done without curves. The curve that's really,0.042955,0.8236,0.035378
615,1159.5,1162.5,SPEAKER_01,The curve that's really needed is up here to,0.349462,0.8589,0.300153
616,1161.0,1164.0,SPEAKER_01,needed is up here to keep the joystick in,0.46615,0.8589,0.400376
617,1162.5,1165.5,SPEAKER_01,keep the joystick in a good ergonomic position for,0.031428,0.8589,0.026994
618,1164.0,1167.0,SPEAKER_01,a good ergonomic position for it to have it,0.353933,0.8589,0.303993
619,1165.5,1168.5,SPEAKER_01,it to have it rest on the top of,0.021634,0.8589,0.018581
620,1170.0,1173.0,SPEAKER_00,"Okay, my bad.",0.538657,0.7977,0.429687
621,1171.5,1174.5,SPEAKER_00,bad. We wouldn't,0.646669,0.8002,0.517464
622,1173.0,1176.0,SPEAKER_00,We wouldn't actually save a lot by,0.158115,0.8028,0.126935
623,1174.5,1177.5,SPEAKER_00,actually save a lot by reducing it anyway. So I mean,0.095903,0.8461,0.081144
624,1176.0,1179.0,SPEAKER_00,reducing it anyway. So I mean for the purposes of,0.108454,0.8461,0.091763
625,1177.5,1180.5,SPEAKER_00,for the purposes of this meeting maybe we can,0.043821,0.8895,0.038978
626,1179.0,1182.0,SPEAKER_00,this meeting maybe we can state that single curve still,0.003717,0.8895,0.003306
627,1180.5,1183.5,SPEAKER_00,state that single curve still allows articulation.,0.131631,0.8895,0.117085
628,1182.0,1185.0,SPEAKER_00,allows articulation. Unless,0.128236,0.8597,0.110244
629,1183.5,1186.5,SPEAKER_00,Unless we hear otherwise we,0.103732,0.8299,0.086087
630,1185.0,1188.0,SPEAKER_00,we hear otherwise we could go ahead with,0.100414,0.8299,0.083334
631,1186.5,1189.5,SPEAKER_00,could go ahead with that proposal.,0.20522,0.8299,0.170312
632,1189.5,1192.5,SPEAKER_03,I think the product is,0.504402,0.7027,0.354443
633,1191.0,1194.0,SPEAKER_03,think the product is not going to perform,0.086515,0.7027,0.060794
634,1192.5,1195.5,SPEAKER_03,not going to perform so well for my,0.656095,0.7027,0.461038
635,1197.0,1200.0,SPEAKER_00,"is what we can get on to now. As long as, so",0.07006,0.7786,0.054548
636,1198.5,1201.5,SPEAKER_00,"As long as, so we're gonna say, we'll",0.0458,0.6742,0.030879
637,1200.0,1203.0,SPEAKER_00,"we're gonna say, we'll have to keep an",0.032102,0.6742,0.021643
638,1201.5,1204.5,SPEAKER_00,have to keep an eye on the time,0.044032,0.6742,0.029687
639,1203.0,1206.0,SPEAKER_00,"eye on the time as well, but we're gonna",0.039356,0.6742,0.026534
640,1204.5,1207.5,SPEAKER_00,"as well, but we're gonna say, single curve design.",0.041834,0.6742,0.028205
641,1209.0,1212.0,SPEAKER_03,What is a sample speaker? Is,0.048946,0.8388,0.041056
642,1210.5,1213.5,SPEAKER_03,is a sample speaker? Is that somewhat similar to what we,0.050351,0.7972,0.04014
643,1212.0,1215.0,SPEAKER_03,"that somewhat similar to what we want? It could well be,",0.077196,0.7797,0.06019
644,1216.5,1219.5,SPEAKER_01,voice response thing that we got the email about?,0.035163,0.5829,0.020496
645,1218.0,1221.0,SPEAKER_01,the email about? I thought it was completely,0.074779,0.6877,0.051426
646,1224.0,1227.0,SPEAKER_01,"Yeah. I did not. All right. Basically,",0.356261,0.6392,0.227722
647,1225.5,1228.5,SPEAKER_01,"did not. All right. Basically, it was saying that our",0.051372,0.594,0.030515
648,1227.0,1230.0,SPEAKER_01,it was saying that our labs had come up with,0.026129,0.7564,0.019764
649,1228.5,1231.5,SPEAKER_01,labs had come up with a chip that you could say,0.014502,0.7564,0.010969
650,1230.0,1233.0,SPEAKER_01,a chip that you could say hello to and it would,0.156608,0.7564,0.118458
651,1231.5,1234.5,SPEAKER_01,hello to and it would say hello back in a,0.019524,0.7564,0.014768
652,1233.0,1236.0,SPEAKER_01,say hello back in a friendly female voice.,0.18934,0.7564,0.143216
653,1236.0,1239.0,SPEAKER_00,"OK, yeah, we'll definitely won't go with that",0.155835,0.5354,0.083434
654,1246.5,1249.5,SPEAKER_00,"So, okay, battery",0.054088,0.7572,0.040955
655,1251.0,1254.0,SPEAKER_03,it looks like we're going to get rid of,0.345682,0.5979,0.206683
656,1255.5,1258.5,SPEAKER_00,looks like it unless we can manage,0.351987,0.8137,0.286412
657,1257.0,1260.0,SPEAKER_00,unless we can manage to put it,0.25387,0.8137,0.206574
658,1258.5,1261.5,SPEAKER_00,to put it in under 0.2,0.354257,0.8137,0.288259
659,1260.0,1263.0,SPEAKER_00,in under 0.2 euros.,0.616526,0.8137,0.501667
660,1264.5,1267.5,SPEAKER_00,"Maybe even, well, no, yeah, pretty much",0.134047,0.7538,0.101045
661,1266.0,1269.0,SPEAKER_00,"yeah, pretty much 0.2 euros, I'd say.",0.206074,0.7607,0.15676
662,1267.5,1270.5,SPEAKER_00,"0.2 euros, I'd say. So we'll leave that one for now.",0.357364,0.7607,0.271847
663,1273.5,1276.5,SPEAKER_00,It's a case of I'm a,0.047226,0.7859,0.037115
664,1275.0,1278.0,SPEAKER_00,of I'm a slightly unsure 1.5,0.008484,0.7859,0.006668
665,1276.5,1279.5,SPEAKER_00,slightly unsure 1.5 euro for one,0.202414,0.7859,0.159078
666,1278.0,1281.0,SPEAKER_00,euro for one push button,0.108287,0.7859,0.085103
667,1279.5,1282.5,SPEAKER_00,push button doesn't sound quite,0.063988,0.7859,0.050289
668,1281.0,1284.0,SPEAKER_00,doesn't sound quite right. So maybe it's a,0.213292,0.7859,0.167626
669,1282.5,1285.5,SPEAKER_00,right. So maybe it's a case of a push button,0.103951,0.7859,0.081695
670,1284.0,1287.0,SPEAKER_00,case of a push button is maybe one or more.,0.2353,0.7859,0.184922
671,1285.5,1288.5,SPEAKER_00,is maybe one or more.,0.386856,0.7859,0.30403
672,1288.5,1291.5,SPEAKER_00,"Well, I was back for a case.",0.136926,0.7254,0.099326
673,1290.0,1293.0,SPEAKER_00,was back for a case.,0.491133,0.7254,0.356268
674,1297.5,1300.5,SPEAKER_00,"Well, you got 0.5 there. It's literally a case of",0.02394,0.7765,0.018589
675,1299.0,1302.0,SPEAKER_00,there. It's literally a case of whether or not this is correct.,0.090591,0.7765,0.070344
676,1300.5,1303.5,SPEAKER_00,whether or not this is correct. I'm not quite,0.022165,0.7572,0.016784
677,1302.0,1305.0,SPEAKER_00,"I'm not quite sure if they're, I don't",0.035359,0.7572,0.026774
678,1303.5,1306.5,SPEAKER_00,"sure if they're, I don't think they mean 0.5 euros per",0.064506,0.7747,0.049973
679,1308.0,1311.0,SPEAKER_01,"Well, let's say that and then we can have our special colored case",0.020682,0.8238,0.017038
680,1309.5,1312.5,SPEAKER_01,we can have our special colored case and then we at least have,0.007796,0.8238,0.006423
681,1311.0,1314.0,SPEAKER_01,and then we at least have make it a little harder to,0.184773,0.8238,0.152216
682,1315.5,1318.5,SPEAKER_01,"most, most remotes are a fairly dingy color",0.562892,0.8702,0.489829
683,1317.0,1320.0,SPEAKER_01,a fairly dingy color that gets camouflaged under any,0.436169,0.8702,0.379554
684,1318.5,1321.5,SPEAKER_01,that gets camouflaged under any pile of crap.,0.093857,0.8702,0.081674
685,1324.5,1327.5,SPEAKER_00,Black's probably the normal colour you'd say.,0.11245,0.5419,0.060937
686,1326.0,1329.0,SPEAKER_00,you'd say. I quite like that colour,0.309867,0.6089,0.188678
687,1327.5,1330.5,SPEAKER_00,I quite like that colour that you're fetching now.,0.620538,0.7544,0.468134
688,1329.0,1332.0,SPEAKER_00,that you're fetching now. Definitely make it glow,0.030952,0.7544,0.02335
689,1330.5,1333.5,SPEAKER_00,Definitely make it glow in the dark even,0.365553,0.833,0.304505
690,1332.0,1335.0,SPEAKER_00,in the dark even better.,0.491827,0.833,0.409692
691,1335.0,1338.0,SPEAKER_00,"So, will we",0.538544,0.797,0.42922
692,1336.5,1339.5,SPEAKER_00,"So, will we go with that",0.09701,0.797,0.077317
693,1338.0,1341.0,SPEAKER_00,go with that then?,0.096272,0.797,0.076729
694,1339.5,1342.5,SPEAKER_00,then? OK. And we,0.259134,0.8175,0.211842
695,1341.0,1344.0,SPEAKER_00,OK. And we can see we'll come,0.153505,0.8379,0.128622
696,1342.5,1345.5,SPEAKER_00,"can see we'll come back to your evaluation,",0.012392,0.8379,0.010383
697,1344.0,1347.0,SPEAKER_00,"back to your evaluation, which you're probably",0.252849,0.8379,0.211862
698,1345.5,1348.5,SPEAKER_00,which you're probably now going to pan,0.07638,0.8379,0.063998
699,1347.0,1350.0,SPEAKER_00,now going to pan us. But there you go.,0.303556,0.5846,0.177459
700,1351.5,1354.5,SPEAKER_00,"So just to give you an idea,",0.346909,0.8403,0.291508
701,1353.0,1356.0,SPEAKER_00,"give you an idea, you'll want to go maybe",0.033801,0.8403,0.028403
702,1354.5,1357.5,SPEAKER_00,you'll want to go maybe a bit quickly as,0.010373,0.8403,0.008717
703,1356.0,1359.0,SPEAKER_00,a bit quickly as well. I'm not sure how much time. We've,0.042944,0.8131,0.034918
704,1357.5,1360.5,SPEAKER_00,well. I'm not sure how much time. We've not hit the five-minute,0.053014,0.8131,0.043105
705,1362.0,1365.0,SPEAKER_03,Ability to stop remote from being lost,0.419454,0.6452,0.270632
706,1363.5,1366.5,SPEAKER_03,remote from being lost or to find,0.467899,0.6452,0.301888
707,1365.0,1368.0,SPEAKER_03,or to find them once they are,0.596448,0.6452,0.384828
708,1369.5,1372.5,SPEAKER_01,um okay special color special color uh four four,0.388987,0.7174,0.279059
709,1371.0,1374.0,SPEAKER_01,color uh four four three three for being,0.571078,0.7174,0.409692
710,1372.5,1375.5,SPEAKER_01,three three for being generous i think we,0.465571,0.7174,0.334001
711,1374.0,1377.0,SPEAKER_01,generous i think we can do three three,0.21739,0.7174,0.155955
712,1375.5,1378.5,SPEAKER_01,can do three three we're being generous here with,0.232763,0.7174,0.166984
713,1377.0,1380.0,SPEAKER_01,we're being generous here with special color doesn't would,0.018146,0.7174,0.013018
714,1378.5,1381.5,SPEAKER_01,special color doesn't would i think make a,0.09833,0.7174,0.070542
715,1380.0,1383.0,SPEAKER_01,i think make a difference it makes you,0.718539,0.7174,0.51548
716,1381.5,1384.5,SPEAKER_01,difference it makes you stand out from you know,0.069551,0.7174,0.049896
717,1383.0,1386.0,SPEAKER_01,stand out from you know it's lost in a,0.381946,0.7174,0.274008
718,1384.5,1387.5,SPEAKER_01,it's lost in a big pile of crap,0.232645,0.7174,0.1669
719,1386.0,1389.0,SPEAKER_01,big pile of crap it stands out from,0.149587,0.7174,0.107314
720,1387.5,1390.5,SPEAKER_01,it stands out from the rest of the,0.023922,0.7174,0.017161
721,1392.0,1395.0,SPEAKER_03,"We've used a number of unused buttons. We're down to two buttons, is",0.767686,0.7284,0.559182
722,1401.0,1404.0,SPEAKER_03,"Okay, that was good. Easy to",0.034985,0.7049,0.024661
723,1402.5,1405.5,SPEAKER_03,"Easy to use interface,",0.006419,0.6878,0.004415
724,1404.0,1407.0,SPEAKER_03,"use interface, buttons, menu, menus,",0.227653,0.6878,0.15658
725,1405.5,1408.5,SPEAKER_03,"buttons, menu, menus, call, that's",0.836427,0.6878,0.575295
726,1407.0,1410.0,SPEAKER_03,"call, that's good. Okay, that's what I'm",0.255384,0.6162,0.157368
727,1408.5,1411.5,SPEAKER_03,"good. Okay, that's what I'm doing so badly. Easy",0.51606,0.7054,0.364029
728,1410.0,1413.0,SPEAKER_03,doing so badly. Easy to use.,0.269248,0.7142,0.192297
729,1411.5,1414.5,SPEAKER_03,"to use. Oh, okay, let's",0.164754,0.7997,0.131754
730,1413.0,1416.0,SPEAKER_03,"Oh, okay, let's forget that one. Fancy",0.093831,0.8387,0.078696
731,1414.5,1417.5,SPEAKER_03,forget that one. Fancy looking.,0.388351,0.8161,0.316934
732,1420.5,1423.5,SPEAKER_03,Sure. We could do whatever we like with the LCD.,0.136218,0.6824,0.092955
733,1422.0,1425.0,SPEAKER_03,"whatever we like with the LCD. Yeah, that's just assuming",0.069355,0.6906,0.047896
734,1423.5,1426.5,SPEAKER_03,"Yeah, that's just assuming it's a good LCD",0.622386,0.6459,0.401999
735,1425.0,1428.0,SPEAKER_03,it's a good LCD display. Maybe I was,0.27799,0.628,0.174578
736,1429.5,1432.5,SPEAKER_02,tell you we've got two because the,0.268928,0.6075,0.163374
737,1431.0,1434.0,SPEAKER_02,two because the fanciest would be,0.069462,0.6075,0.042198
738,1432.5,1435.5,SPEAKER_02,fanciest would be the double curve.,0.082122,0.6075,0.049889
739,1435.5,1438.5,SPEAKER_03,"Yeah, maybe a bit, yeah. With",0.372911,0.5581,0.208122
740,1437.0,1440.0,SPEAKER_03,"a bit, yeah. With the articulators. There we go.",0.504031,0.7026,0.354132
741,1438.5,1441.5,SPEAKER_03,the articulators. There we go. That's better,0.33451,0.741,0.247872
742,1440.0,1443.0,SPEAKER_03,That's better to,0.530387,0.7948,0.421552
743,1441.5,1444.5,SPEAKER_03,to more accurate,0.210815,0.7948,0.167556
744,1443.0,1446.0,SPEAKER_03,"more accurate numbers,",0.178094,0.7948,0.141549
745,1444.5,1447.5,SPEAKER_03,"numbers, no logically",0.19461,0.7948,0.154676
746,1446.0,1449.0,SPEAKER_03,no logically innovative.,0.413883,0.7948,0.328954
747,1447.5,1450.5,SPEAKER_03,"innovative. Well, we're",0.126399,0.7834,0.099021
748,1449.0,1452.0,SPEAKER_03,"Well, we're getting rid of the locative",0.548788,0.7721,0.423719
749,1450.5,1453.5,SPEAKER_03,"getting rid of the locative thing, which is a shame.",0.741783,0.7721,0.57273
750,1452.0,1455.0,SPEAKER_03,"thing, which is a shame. Which, yeah.",0.186213,0.7931,0.147686
751,1455.0,1458.0,SPEAKER_01,"I don't need for three for this, for",0.048072,0.7458,0.035852
752,1459.5,1462.5,SPEAKER_01,"I mean, the menus thing",0.302722,0.7848,0.237576
753,1461.0,1464.0,SPEAKER_01,the menus thing is something you,0.11571,0.7848,0.090809
754,1462.5,1465.5,SPEAKER_01,is something you don't normally see,0.200532,0.7848,0.157378
755,1464.0,1467.0,SPEAKER_01,"don't normally see on a remote,",0.356858,0.7848,0.280062
756,1465.5,1468.5,SPEAKER_01,"on a remote, but you see",0.033335,0.7848,0.026162
757,1467.0,1470.0,SPEAKER_01,but you see it in a lot,0.081813,0.7848,0.064207
758,1468.5,1471.5,SPEAKER_01,it in a lot of other places.,0.134571,0.7848,0.105611
759,1473.0,1476.0,SPEAKER_03,mobile phones. And what you're doing is,0.399273,0.5975,0.238566
760,1474.5,1477.5,SPEAKER_03,And what you're doing is moving the menu from the,0.597892,0.6559,0.392157
761,1476.0,1479.0,SPEAKER_03,moving the menu from the television to the remote control,0.167668,0.6559,0.109974
762,1477.5,1480.5,SPEAKER_03,television to the remote control source.,0.101366,0.6559,0.066486
763,1479.0,1482.0,SPEAKER_03,source. Mm-hmm. You say free? I,0.124798,0.582,0.072633
764,1480.5,1483.5,SPEAKER_03,Mm-hmm. You say free? I might go as far as two in there.,0.04132,0.6215,0.02568
765,1486.5,1489.5,SPEAKER_03,you three. Three.,0.224378,0.406,0.091097
766,1488.0,1491.0,SPEAKER_00,We'll get to hand on,0.197129,0.8203,0.161705
767,1492.5,1495.5,SPEAKER_03,here where some people find pleasing. Sponginess is,0.087047,0.5891,0.051279
768,1494.0,1497.0,SPEAKER_03,Sponginess is what they really would have,0.55807,0.8174,0.456167
769,1498.5,1501.5,SPEAKER_00,Don't blame them. Because,0.600612,0.7934,0.476526
770,1500.0,1503.0,SPEAKER_00,Because of the way that we've,0.180251,0.7219,0.130123
771,1501.5,1504.5,SPEAKER_00,of the way that we've minimised the number of buttons,0.030831,0.7219,0.022257
772,1503.0,1506.0,SPEAKER_00,minimised the number of buttons and such.,0.057566,0.7219,0.041557
773,1506.0,1509.0,SPEAKER_00,"Plastic, it sucks.",0.065743,0.7237,0.047578
774,1507.5,1510.5,SPEAKER_00,"Plastic, it sucks. But it's no worse than any",0.165234,0.6967,0.115118
775,1509.0,1512.0,SPEAKER_00,But it's no worse than any of the other remote controls they have.,0.145542,0.6698,0.097484
776,1513.5,1516.5,SPEAKER_03,"a step backwards. Okay,",0.150962,0.7716,0.116482
777,1525.5,1528.5,SPEAKER_03,balance. Inspired by,0.028082,0.7545,0.021188
778,1527.0,1530.0,SPEAKER_03,Inspired by the latest interior and clothing,0.335028,0.7917,0.265241
779,1528.5,1531.5,SPEAKER_03,the latest interior and clothing fashion. We could what,0.374733,0.7442,0.278876
780,1530.0,1533.0,SPEAKER_03,fashion. We could what color will we gonna make,0.158772,0.7442,0.118158
781,1531.5,1534.5,SPEAKER_03,color will we gonna make leopard print?,0.416481,0.6967,0.290162
782,1534.5,1537.5,SPEAKER_01,I would say give us a,0.030659,0.8047,0.024672
783,1536.0,1539.0,SPEAKER_01,say give us a give a selection of,0.031117,0.8047,0.02504
784,1537.5,1540.5,SPEAKER_01,give a selection of colors. We're in yellow,0.064281,0.7386,0.047478
785,1539.0,1542.0,SPEAKER_01,colors. We're in yellow for the prototype because we,0.017892,0.7386,0.013215
786,1540.5,1543.5,SPEAKER_01,for the prototype because we had yellow. If,0.135577,0.7597,0.102998
787,1542.0,1545.0,SPEAKER_01,"had yellow. If I were buying one, I'd go",0.066668,0.7597,0.050648
788,1543.5,1546.5,SPEAKER_01,"I were buying one, I'd go for purple. Leopard print",0.062436,0.7067,0.044124
789,1545.0,1548.0,SPEAKER_01,for purple. Leopard print would be cool.,0.081215,0.7067,0.057395
790,1548.0,1551.0,SPEAKER_03,"But by this, I think it's more okay, so food",0.141652,0.6532,0.092527
791,1549.5,1552.5,SPEAKER_03,"think it's more okay, so food and beer.",0.162469,0.6532,0.106125
792,1552.5,1555.5,SPEAKER_02,"I'd say the color of the border there, you'd",0.350404,0.726,0.254393
793,1554.0,1557.0,SPEAKER_02,"of the border there, you'd find that. That",0.247113,0.649,0.160376
794,1558.5,1561.5,SPEAKER_00,"That yellow, it would also help",0.026701,0.8674,0.023161
795,1560.0,1563.0,SPEAKER_00,would also help keep the product placement.,0.00765,0.8674,0.006635
796,1561.5,1564.5,SPEAKER_00,keep the product placement.,0.063929,0.8674,0.055452
797,1564.5,1567.5,SPEAKER_00,It's inspired by,0.20967,0.7635,0.160083
798,1569.0,1572.0,SPEAKER_03,refer to the food and veg thing.,0.392657,0.6401,0.25134
799,1572.0,1575.0,SPEAKER_03,Is this like a,0.241429,0.7249,0.175012
800,1573.5,1576.5,SPEAKER_03,Is this like a banana type color? Could,0.159954,0.8271,0.132298
801,1575.0,1578.0,SPEAKER_03,"banana type color? Could we stretch? No, it's",0.114281,0.793,0.090625
802,1576.5,1579.5,SPEAKER_03,"we stretch? No, it's not shaped like a banana.",0.752098,0.827,0.621985
803,1582.5,1585.5,SPEAKER_01,"be when it's being... Oh, because it's flat.",0.016105,0.6376,0.010268
804,1590.0,1593.0,SPEAKER_01,think this is not,0.033766,0.7953,0.026854
805,1591.5,1594.5,SPEAKER_01,is not particularly fruit,0.080199,0.7953,0.063782
806,1593.0,1596.0,SPEAKER_01,particularly fruit and veggie.,0.109203,0.7953,0.086849
807,1596.0,1599.0,SPEAKER_03,We might have to,0.390332,0.7395,0.288651
808,1597.5,1600.5,SPEAKER_03,have to suffer badly for,0.85992,0.7395,0.635911
809,1599.0,1602.0,SPEAKER_03,suffer badly for this one,0.940226,0.7395,0.695297
810,1603.5,1606.5,SPEAKER_00,mean it's probably more fruit and veg than most other,0.093756,0.6469,0.06065
811,1605.0,1608.0,SPEAKER_00,and veg than most other things out there bar fruit and,0.010038,0.6469,0.006494
812,1609.5,1612.5,SPEAKER_03,four or that's very,0.47805,0.6375,0.304757
813,1614.0,1617.0,SPEAKER_01,I don't think fruit,0.027328,0.7686,0.021004
814,1615.5,1618.5,SPEAKER_01,think fruit and veg,0.052587,0.7686,0.040419
815,1617.0,1620.0,SPEAKER_01,and veg is the sole,0.230907,0.7686,0.177475
816,1618.5,1621.5,SPEAKER_01,is the sole criteria for,0.269639,0.7686,0.207244
817,1620.0,1623.0,SPEAKER_01,criteria for being inspired,0.037854,0.7686,0.029095
818,1621.5,1624.5,SPEAKER_01,being inspired by fashion.,0.290023,0.7345,0.213022
819,1623.0,1626.0,SPEAKER_01,by fashion. We're,0.008301,0.7345,0.006097
820,1632.0,1635.0,SPEAKER_02,This is their,0.679332,0.6775,0.460248
821,1636.5,1639.5,SPEAKER_03,is their strategy. Imagine we,0.602702,0.8412,0.506993
822,1638.0,1641.0,SPEAKER_03,Imagine we actually had some money invested in,0.150622,0.8269,0.12455
823,1639.5,1642.5,SPEAKER_03,actually had some money invested in this and the amount that,0.178927,0.8269,0.147955
824,1641.0,1644.0,SPEAKER_03,this and the amount that we invest is going to be,0.1087,0.8269,0.089884
825,1642.5,1645.5,SPEAKER_03,we invest is going to be proportional to the marks.,0.434489,0.8269,0.359279
826,1644.0,1647.0,SPEAKER_03,proportional to the marks. We might want,0.083961,0.8011,0.067261
827,1645.5,1648.5,SPEAKER_03,We might want to be a,0.124103,0.7752,0.096205
828,1647.0,1650.0,SPEAKER_03,to be a bit more skeptical about,0.25253,0.7752,0.195761
829,1648.5,1651.5,SPEAKER_03,bit more skeptical about this one.,0.489459,0.7752,0.379429
830,1651.5,1654.5,SPEAKER_00,What would you think yourself?,0.366653,0.9028,0.331014
831,1656.0,1659.0,SPEAKER_03,"say, I mean, it's not at all,",0.296986,0.7349,0.218255
832,1657.5,1660.5,SPEAKER_03,"not at all, right? In any",0.878741,0.7534,0.662043
833,1659.0,1662.0,SPEAKER_03,right? In any way or shape or form.,0.922008,0.7534,0.69464
834,1662.0,1665.0,SPEAKER_00,"Well, it's kind of curved and we",0.15458,0.8766,0.135504
835,1663.5,1666.5,SPEAKER_00,kind of curved and we can make it yellow and,0.452051,0.8766,0.396268
836,1665.0,1668.0,SPEAKER_00,can make it yellow and that's pretty much banana-like.,0.398082,0.8766,0.348958
837,1668.0,1671.0,SPEAKER_03,"Okay, the yellow banana-like thing is, I think",0.289087,0.6762,0.195481
838,1674.0,1677.0,SPEAKER_03,"Five, is that so unreasonable?",0.544821,0.7464,0.406655
839,1677.0,1680.0,SPEAKER_00,It's nice being stretching the use of,0.20955,0.6728,0.140985
840,1684.5,1687.5,SPEAKER_03,"Okay, so we",0.220605,0.7891,0.174079
841,1686.0,1689.0,SPEAKER_03,"Okay, so we have 1, 2, 3, 4, 5,",0.008701,0.7891,0.006866
842,1687.5,1690.5,SPEAKER_03,"have 1, 2, 3, 4, 5, 6, 7. So",0.035005,0.8132,0.028466
843,1689.0,1692.0,SPEAKER_03,"6, 7. So 5,",0.007524,0.8132,0.006118
844,1692.0,1695.0,SPEAKER_03,"7, 10, 16,",0.336007,0.8373,0.281339
845,1693.5,1696.5,SPEAKER_03,"10, 16, 21.",0.181861,0.8373,0.152272
846,1696.5,1699.5,SPEAKER_03,Which gives us,0.055061,0.8003,0.044065
847,1698.0,1701.0,SPEAKER_03,gives us an average of,0.273045,0.7633,0.208415
848,1699.5,1702.5,SPEAKER_03,an average of 3.,0.224831,0.7633,0.171614
849,1702.5,1705.5,SPEAKER_00,it's well this,0.394256,0.8193,0.323014
850,1704.0,1707.0,SPEAKER_00,well this would be,0.278906,0.8193,0.228508
851,1705.5,1708.5,SPEAKER_00,would be in the,0.405899,0.8193,0.332553
852,1707.0,1710.0,SPEAKER_00,in the middle so,0.383493,0.8193,0.314195
853,1708.5,1711.5,SPEAKER_00,middle so it's it's not,0.367536,0.8193,0.301123
854,1710.0,1713.0,SPEAKER_00,it's it's not bad it's,0.020751,0.8193,0.017002
855,1711.5,1714.5,SPEAKER_00,bad it's on the,0.234733,0.8193,0.192316
856,1713.0,1716.0,SPEAKER_00,on the good section,0.046605,0.8193,0.038183
857,1714.5,1717.5,SPEAKER_00,good section it's not,0.751657,0.8193,0.615832
858,1716.0,1719.0,SPEAKER_00,it's not bad and,0.134336,0.8193,0.110061
859,1717.5,1720.5,SPEAKER_00,bad and considering the oops,0.765228,0.8193,0.626951
860,1719.0,1722.0,SPEAKER_00,considering the oops sorry I'm,0.828625,0.8193,0.678893
861,1720.5,1723.5,SPEAKER_00,sorry I'm sorry Considering,0.731022,0.8285,0.605651
862,1722.0,1725.0,SPEAKER_00,sorry Considering the price,0.902672,0.8285,0.747864
863,1723.5,1726.5,SPEAKER_00,the price we had,0.870942,0.8377,0.729588
864,1725.0,1728.0,SPEAKER_00,we had to get,0.912072,0.8377,0.764042
865,1726.5,1729.5,SPEAKER_00,"to get this in, to",0.482444,0.8377,0.404144
866,1728.0,1731.0,SPEAKER_00,"this in, to have a",0.594214,0.8377,0.497773
867,1729.5,1732.5,SPEAKER_00,"have a positive, even",0.288376,0.8377,0.241573
868,1731.0,1734.0,SPEAKER_00,"positive, even based on",0.041869,0.8377,0.035074
869,1732.5,1735.5,SPEAKER_00,based on the four,0.066956,0.8377,0.056089
870,1734.0,1737.0,SPEAKER_00,the four of us being,0.035868,0.8377,0.030047
871,1735.5,1738.5,SPEAKER_00,"of us being heavily biased,",0.43933,0.8377,0.368026
872,1737.0,1740.0,SPEAKER_00,"heavily biased, it was",0.368191,0.8377,0.308434
873,1738.5,1741.5,SPEAKER_00,it was going to,0.473157,0.8377,0.396364
874,1740.0,1743.0,SPEAKER_00,going to be quite,0.391578,0.8377,0.328025
875,1741.5,1744.5,SPEAKER_00,be quite hard to,0.460767,0.8377,0.385985
876,1743.0,1746.0,SPEAKER_00,hard to get anything standing,0.628695,0.8377,0.526657
877,1744.5,1747.5,SPEAKER_00,"get anything standing out, I'd",0.533809,0.8377,0.447172
878,1746.0,1749.0,SPEAKER_00,"out, I'd say, possibly",0.004019,0.8377,0.003367
879,1747.5,1750.5,SPEAKER_00,"say, possibly based on",0.332694,0.8377,0.278698
880,1749.0,1752.0,SPEAKER_00,based on the cost,0.344753,0.8377,0.2888
881,1750.5,1753.5,SPEAKER_00,the cost features.,0.045637,0.8377,0.03823
882,1755.0,1758.0,SPEAKER_03,we were to increase this entire thing by by,0.01278,0.7809,0.00998
883,1756.5,1759.5,SPEAKER_03,this entire thing by by seven we were to,0.110762,0.7809,0.086494
884,1758.0,1761.0,SPEAKER_03,seven we were to go down a grade,0.443176,0.7809,0.346076
885,1759.5,1762.5,SPEAKER_03,go down a grade to four we would have,0.069122,0.7809,0.053977
886,1761.0,1764.0,SPEAKER_03,to four we would have to do I Mean,0.210557,0.7809,0.164424
887,1762.5,1765.5,SPEAKER_03,to do I Mean we didn't we weren't,0.128842,0.7809,0.100612
888,1764.0,1767.0,SPEAKER_03,we didn't we weren't that Kind of optimistic to,0.06729,0.7809,0.052547
889,1765.5,1768.5,SPEAKER_03,that Kind of optimistic to overly optimistic You know,0.010724,0.7809,0.008374
890,1767.0,1770.0,SPEAKER_03,overly optimistic You know like we didn't we,0.101048,0.7809,0.078909
891,1768.5,1771.5,SPEAKER_03,like we didn't we didn't add we didn't subtract,0.349415,0.7809,0.272858
892,1770.0,1773.0,SPEAKER_03,didn't add we didn't subtract your whole seven points,0.128981,0.7809,0.100721
893,1771.5,1774.5,SPEAKER_03,your whole seven points from these things So,0.259914,0.7809,0.202967
894,1773.0,1776.0,SPEAKER_03,from these things So I think we're definitely on,0.006609,0.7809,0.005161
895,1774.5,1777.5,SPEAKER_03,I think we're definitely on the good bit even,0.085742,0.7809,0.066956
896,1776.0,1779.0,SPEAKER_03,the good bit even if we gave this,0.09608,0.7809,0.075029
897,1777.5,1780.5,SPEAKER_03,if we gave this one seven this one seven,0.095337,0.7809,0.074449
898,1779.0,1782.0,SPEAKER_03,one seven this one seven That's still only three,0.01554,0.7809,0.012135
899,1780.5,1783.5,SPEAKER_03,That's still only three extra points over seven,0.010501,0.7809,0.008201
900,1782.0,1785.0,SPEAKER_03,"extra points over seven You know, it's Yeah,",0.078589,0.7326,0.057574
901,1783.5,1786.5,SPEAKER_03,"You know, it's Yeah, it was okay.",0.389901,0.7326,0.285641
902,1788.0,1791.0,SPEAKER_01,I think given that,0.066184,0.7722,0.051107
903,1789.5,1792.5,SPEAKER_01,given that the product,0.080093,0.7722,0.061848
904,1791.0,1794.0,SPEAKER_01,the product only replaces,0.050935,0.7722,0.039332
905,1792.5,1795.5,SPEAKER_01,only replaces a single,0.028475,0.7722,0.021989
906,1794.0,1797.0,SPEAKER_01,a single remote control that,0.183266,0.7722,0.141518
907,1795.5,1798.5,SPEAKER_01,remote control that you've already,0.597092,0.7722,0.461074
908,1797.0,1800.0,SPEAKER_01,"you've already got, are",0.025164,0.7722,0.019431
909,1798.5,1801.5,SPEAKER_01,"got, are people really",0.240496,0.7722,0.185711
910,1800.0,1803.0,SPEAKER_01,people really going to,0.301801,0.7722,0.233051
911,1801.5,1804.5,SPEAKER_01,going to shell out 25,0.494728,0.7722,0.382029
912,1803.0,1806.0,SPEAKER_01,shell out 25 euros for,0.338299,0.7722,0.261235
913,1804.5,1807.5,SPEAKER_01,euros for something that's,0.017554,0.7722,0.013555
914,1806.0,1809.0,SPEAKER_01,something that's only marginally,0.004426,0.7722,0.003417
915,1807.5,1810.5,SPEAKER_01,only marginally good?,0.016669,0.7722,0.012872
916,1812.0,1815.0,SPEAKER_02,"Well, it depends here what the",0.142529,0.7322,0.10436
917,1813.5,1816.5,SPEAKER_02,depends here what the target people are,0.323243,0.7322,0.236679
918,1815.0,1818.0,SPEAKER_02,target people are like you'd say.,0.123702,0.8093,0.100112
919,1816.5,1819.5,SPEAKER_02,like you'd say. Maybe,0.096955,0.8093,0.078465
920,1822.5,1825.5,SPEAKER_02,Maybe women are we don't,0.102025,0.7162,0.07307
921,1824.0,1827.0,SPEAKER_02,Maybe women are we don't know. Look at that. It's cool.,0.026975,0.6027,0.016258
922,1825.5,1828.5,SPEAKER_02,know. Look at that. It's cool. It looks like a,0.038542,0.6027,0.023229
923,1827.0,1830.0,SPEAKER_02,It looks like a it's yellow looks like,0.514179,0.7499,0.385583
924,1828.5,1831.5,SPEAKER_02,it's yellow looks like a banana. It's cool. It's,0.630504,0.7221,0.455287
925,1830.0,1833.0,SPEAKER_02,a banana. It's cool. It's got a look good in the sitting room.,0.166653,0.7221,0.12034
926,1831.5,1834.5,SPEAKER_02,got a look good in the sitting room.,0.027581,0.7588,0.020929
927,1833.0,1836.0,SPEAKER_02,"Rather than LCD,",0.065473,0.6904,0.045202
928,1834.5,1837.5,SPEAKER_02,"Rather than LCD, whereas more technical,",0.06838,0.6904,0.047209
929,1836.0,1839.0,SPEAKER_02,"whereas more technical, like more people in",0.056387,0.6904,0.038929
930,1837.5,1840.5,SPEAKER_02,like more people in with the latest,0.106317,0.6904,0.073401
931,1839.0,1842.0,SPEAKER_02,"with the latest technology, like it's",0.452975,0.6904,0.312734
932,1840.5,1843.5,SPEAKER_02,"technology, like it's good, it's got",0.071987,0.6904,0.0497
933,1842.0,1845.0,SPEAKER_02,"good, it's got an LCD screen,",0.035275,0.6904,0.024354
934,1843.5,1846.5,SPEAKER_02,"an LCD screen, it's only got two",0.13003,0.6904,0.089773
935,1845.0,1848.0,SPEAKER_02,it's only got two buttons and a,0.10803,0.6904,0.074584
936,1846.5,1849.5,SPEAKER_02,buttons and a joystick.,0.017476,0.6904,0.012066
937,1848.0,1851.0,SPEAKER_02,"joystick. So, which",0.087866,0.6946,0.061031
938,1849.5,1852.5,SPEAKER_02,"So, which kind of people",0.583745,0.6987,0.407863
939,1851.0,1854.0,SPEAKER_02,kind of people would be more,0.34358,0.6987,0.24006
940,1852.5,1855.5,SPEAKER_02,would be more likely to buy,0.139967,0.6987,0.097795
941,1854.0,1857.0,SPEAKER_02,likely to buy it?,0.134117,0.6987,0.093708
942,1857.0,1860.0,SPEAKER_00,"probably the people technologically, they're usually",0.044654,0.6059,0.027056
943,1858.5,1861.5,SPEAKER_00,"people technologically, they're usually the ones that",0.267096,0.6059,0.161834
944,1863.0,1866.0,SPEAKER_03,"mean, my mom still has not learned how to use text",0.255793,0.7517,0.192279
945,1864.5,1867.5,SPEAKER_03,learned how to use text messaging on her phone and she's,0.045088,0.7517,0.033893
946,1866.0,1869.0,SPEAKER_03,messaging on her phone and she's had it for a long,0.532801,0.7517,0.400507
947,1867.5,1870.5,SPEAKER_03,"had it for a long time, you know, she uses it",0.037571,0.7517,0.028242
948,1869.0,1872.0,SPEAKER_03,"time, you know, she uses it to make phone calls and",0.203468,0.7517,0.152947
949,1870.5,1873.5,SPEAKER_03,to make phone calls and that's it. Yeah.,0.137249,0.4718,0.064754
950,1872.0,1875.0,SPEAKER_03,that's it. Yeah. So I think if,0.057824,0.5706,0.032994
951,1873.5,1876.5,SPEAKER_03,So I think if my mom saw remote control,0.012422,0.48,0.005963
952,1875.0,1878.0,SPEAKER_03,"my mom saw remote control like this, with only two buttons",0.026013,0.7681,0.019981
953,1876.5,1879.5,SPEAKER_03,"like this, with only two buttons and a joystick, I mean, that",0.085431,0.7681,0.06562
954,1878.0,1881.0,SPEAKER_03,"and a joystick, I mean, that would probably be the first one",0.036591,0.7681,0.028106
955,1879.5,1882.5,SPEAKER_03,"would probably be the first one she decides not to buy,",0.031789,0.7681,0.024417
956,1881.0,1884.0,SPEAKER_03,"she decides not to buy, you know. She'd be",0.230216,0.6338,0.145911
957,1882.5,1885.5,SPEAKER_03,"you know. She'd be like, is this the remote control? How do",0.179725,0.658,0.118259
958,1884.0,1887.0,SPEAKER_03,"like, is this the remote control? How do you use it and stuff like that?",0.052762,0.6029,0.031811
959,1885.5,1888.5,SPEAKER_03,you use it and stuff like that? So,0.049956,0.742,0.037067
960,1887.0,1890.0,SPEAKER_03,So even if it is really user,0.026146,0.742,0.0194
961,1888.5,1891.5,SPEAKER_03,"even if it is really user friendly to us, but we're used",0.078317,0.7776,0.060899
962,1890.0,1893.0,SPEAKER_03,"friendly to us, but we're used to using menus all the",0.024376,0.7776,0.018955
963,1894.5,1897.5,SPEAKER_01,suppose one thing is that because,0.052025,0.7495,0.038993
964,1896.0,1899.0,SPEAKER_01,"is that because it's technically innovative,",0.030525,0.7495,0.022879
965,1897.5,1900.5,SPEAKER_01,"it's technically innovative, for someone",0.12771,0.7495,0.095719
966,1899.0,1902.0,SPEAKER_01,for someone who's sort of,0.043658,0.7495,0.032722
967,1900.5,1903.5,SPEAKER_01,"who's sort of technophobic, the fact",0.091957,0.7495,0.068922
968,1902.0,1905.0,SPEAKER_01,"technophobic, the fact that it simply",0.032121,0.7495,0.024075
969,1903.5,1906.5,SPEAKER_01,"that it simply looks unfamiliar, will",0.40295,0.7495,0.302011
970,1905.0,1908.0,SPEAKER_01,"looks unfamiliar, will be daunting.",0.314511,0.7495,0.235726
971,1908.0,1911.0,SPEAKER_03,Yeah. I think it's totally,0.065899,0.6621,0.043632
972,1909.5,1912.5,SPEAKER_03,I think it's totally radical to have remote control,0.166615,0.7371,0.122812
973,1911.0,1914.0,SPEAKER_03,radical to have remote control with no numbered buttons.,0.082239,0.7371,0.060618
974,1912.5,1915.5,SPEAKER_03,with no numbered buttons.,0.108185,0.7371,0.079743
975,1915.5,1918.5,SPEAKER_03,"But like radical, good, maybe.",0.03014,0.696,0.020977
976,1918.5,1921.5,SPEAKER_00,"Okay, I don't know how much longer we've got at",0.25946,0.7731,0.200588
977,1920.0,1923.0,SPEAKER_00,how much longer we've got at least five minutes I think.,0.100458,0.7731,0.077664
978,1921.5,1924.5,SPEAKER_00,least five minutes I think.,0.097606,0.7736,0.075508
979,1923.0,1926.0,SPEAKER_00,Quickly we'll pop on to,0.001888,0.7736,0.00146
980,1924.5,1927.5,SPEAKER_00,Quickly we'll pop on to project evaluation.,0.032762,0.7741,0.025361
981,1930.5,1933.5,SPEAKER_00,"So, we've got",0.448582,0.8107,0.363666
982,1932.0,1935.0,SPEAKER_00,got these four,0.309088,0.8107,0.250578
983,1933.5,1936.5,SPEAKER_00,these four criteria here,0.248355,0.8107,0.201341
984,1935.0,1938.0,SPEAKER_00,criteria here for satisfaction.,0.047607,0.8107,0.038595
985,1939.5,1942.5,SPEAKER_00,Does anybody want to,0.085358,0.7995,0.068244
986,1942.5,1945.5,SPEAKER_00,Do you have any opinions on any,0.143756,0.7993,0.114905
987,1944.0,1947.0,SPEAKER_00,Do you have any opinions on any of them? For,0.046124,0.809,0.037314
988,1945.5,1948.5,SPEAKER_00,"of them? For example, work backwards",0.037385,0.809,0.030244
989,1947.0,1950.0,SPEAKER_00,"example, work backwards I suppose, the ability",0.148543,0.8187,0.121612
990,1948.5,1951.5,SPEAKER_00,"I suppose, the ability to work in",0.003059,0.8187,0.002505
991,1950.0,1953.0,SPEAKER_00,to work in this project using the,0.097778,0.8187,0.080051
992,1951.5,1954.5,SPEAKER_00,this project using the technology we've been,0.011943,0.8187,0.009777
993,1953.0,1956.0,SPEAKER_00,technology we've been presented with.,0.141582,0.8187,0.115913
994,1957.5,1960.5,SPEAKER_00,People made good use,0.091496,0.8873,0.081185
995,1959.0,1962.0,SPEAKER_00,made good use of the pen,0.339864,0.8873,0.301561
996,1960.5,1963.5,SPEAKER_00,of the pen and paper. I,0.11787,0.8136,0.095899
997,1962.0,1965.0,SPEAKER_00,and paper. I would say I,0.125214,0.8136,0.101874
998,1963.5,1966.5,SPEAKER_00,would say I have no doodles.,0.243569,0.74,0.180241
999,1965.0,1968.0,SPEAKER_00,have no doodles. I wrote nearly,0.11334,0.6204,0.070316
1000,1966.5,1969.5,SPEAKER_00,I wrote nearly a page about that.,0.504339,0.5009,0.252624
1001,1968.0,1971.0,SPEAKER_00,a page about that.,0.555671,0.5009,0.278336
1002,1969.5,1972.5,SPEAKER_00,I'm not quite sure what,0.05524,0.6923,0.038243
1003,1971.0,1974.0,SPEAKER_00,I'm not quite sure what the advantage for us using,0.034798,0.6923,0.02409
1004,1972.5,1975.5,SPEAKER_00,the advantage for us using a digital pen might be.,0.020135,0.6923,0.01394
1005,1975.5,1978.5,SPEAKER_01,I think the digital pens mostly,0.150271,0.7683,0.115454
1006,1977.0,1980.0,SPEAKER_01,the digital pens mostly for the benefit,0.193088,0.7683,0.14835
1007,1978.5,1981.5,SPEAKER_01,for the benefit of the researchers,0.464842,0.7683,0.357138
1008,1980.0,1983.0,SPEAKER_01,of the researchers studying us goes into,0.089264,0.7683,0.068581
1009,1981.5,1984.5,SPEAKER_01,studying us goes into their corpus.,0.174376,0.7683,0.133973
1010,1983.0,1986.0,SPEAKER_01,their corpus. It would,0.16468,0.763,0.125651
1011,1984.5,1987.5,SPEAKER_01,It would have been nice,0.298211,0.7577,0.225954
1012,1986.0,1989.0,SPEAKER_01,have been nice to be able,0.899799,0.7577,0.681778
1013,1987.5,1990.5,SPEAKER_01,to be able to transfer our,0.40996,0.7577,0.310627
1014,1989.0,1992.0,SPEAKER_01,to transfer our paper notes,0.03972,0.7577,0.030096
1015,1990.5,1993.5,SPEAKER_01,paper notes onto the,0.043622,0.7108,0.031007
1016,1995.0,1998.0,SPEAKER_00,that would have been pretty good. It does seem like paper,0.014741,0.5746,0.00847
1017,1996.5,1999.5,SPEAKER_00,does seem like paper stole a heavy consideration for,0.143396,0.8928,0.128024
1018,1998.0,2001.0,SPEAKER_00,stole a heavy consideration for taking notes.,0.310327,0.8928,0.27706
1019,1999.5,2002.5,SPEAKER_00,taking notes. So maybe this,0.158677,0.7706,0.122276
1020,2001.0,2004.0,SPEAKER_00,So maybe this is literally just the way around it.,0.118132,0.6483,0.076585
1021,2002.5,2005.5,SPEAKER_00,is literally just the way around it. I,0.058879,0.697,0.041038
1022,2004.0,2007.0,SPEAKER_00,I don't know.,0.259723,0.697,0.181027
1023,2005.5,2008.5,SPEAKER_00,don't know. How are people,0.180866,0.7062,0.127727
1024,2007.0,2010.0,SPEAKER_00,How are people satisfied with the teamwork we've,0.073892,0.6666,0.049257
1025,2008.5,2011.5,SPEAKER_00,satisfied with the teamwork we've managed to display today? I,0.022766,0.6954,0.015831
1026,2010.0,2013.0,SPEAKER_00,managed to display today? I like,0.346585,0.6954,0.241015
1027,2011.5,2014.5,SPEAKER_00,"like it, yeah.",0.299889,0.7242,0.217179
1028,2019.0,2022.0,SPEAKER_00,leadership as much as,0.069328,0.7579,0.052543
1029,2020.5,2023.5,SPEAKER_00,much as can be,0.357694,0.7579,0.271097
1030,2022.0,2025.0,SPEAKER_00,can be leader in,0.12513,0.7579,0.094836
1031,2023.5,2026.5,SPEAKER_00,leader in this last,0.189244,0.7579,0.143428
1032,2025.0,2028.0,SPEAKER_00,this last one we've,0.03914,0.7579,0.029664
1033,2026.5,2029.5,SPEAKER_00,one we've got is,0.097443,0.7579,0.073852
1034,2028.0,2031.0,SPEAKER_00,got is room for,0.498401,0.7579,0.377738
1035,2029.5,2032.5,SPEAKER_00,room for creativity well,0.094937,0.7579,0.071952
1036,2031.0,2034.0,SPEAKER_00,creativity well until until,0.504798,0.7579,0.382586
1037,2032.5,2035.5,SPEAKER_00,until until accounts came,0.589868,0.7579,0.447061
1038,2034.0,2037.0,SPEAKER_00,accounts came we're not,0.71191,0.7579,0.539557
1039,2035.5,2038.5,SPEAKER_00,we're not lacking in,0.751939,0.7579,0.569895
1040,2037.0,2040.0,SPEAKER_00,lacking in ideas you,0.69172,0.7579,0.524254
1041,2038.5,2041.5,SPEAKER_00,ideas you know that,0.843871,0.7579,0.63957
1042,2040.0,2043.0,SPEAKER_00,know that was not,0.573726,0.7579,0.434827
1043,2041.5,2044.5,SPEAKER_00,was not the problem,0.154356,0.7579,0.116986
1044,2043.0,2046.0,SPEAKER_00,the problem Yeah I,0.477201,0.7636,0.36439
1045,2044.5,2047.5,SPEAKER_00,Yeah I think of in the end,0.167563,0.7693,0.128907
1046,2046.0,2049.0,SPEAKER_00,think of in the end ideas that can be used and,0.151152,0.7693,0.116281
1047,2047.5,2050.5,SPEAKER_00,ideas that can be used and sadly is meaning not so,0.897672,0.7693,0.690579
1048,2049.0,2052.0,SPEAKER_00,sadly is meaning not so much that we weren't full,0.758196,0.7693,0.58328
1049,2050.5,2053.5,SPEAKER_00,much that we weren't full of ideas but of ones,0.416153,0.7693,0.320147
1050,2052.0,2055.0,SPEAKER_00,of ideas but of ones that are going to allow us,0.02716,0.7693,0.020895
1051,2053.5,2056.5,SPEAKER_00,that are going to allow us to actually build the thing.,0.009375,0.7693,0.007212
1052,2055.0,2058.0,SPEAKER_00,to actually build the thing. It's a bit of a pity.,0.218001,0.7888,0.171959
1053,2056.5,2059.5,SPEAKER_00,It's a bit of a pity. I would,0.164,0.7828,0.128379
1054,2058.0,2061.0,SPEAKER_00,I would have to agree in that,0.127725,0.7708,0.09845
1055,2059.5,2062.5,SPEAKER_00,have to agree in that I think we needed a,0.129622,0.7708,0.099913
1056,2061.0,2064.0,SPEAKER_00,I think we needed a larger budget. If you're,0.372172,0.7644,0.284488
1057,2062.5,2065.5,SPEAKER_00,larger budget. If you're going to aim your,0.024695,0.7644,0.018877
1058,2064.0,2067.0,SPEAKER_00,"going to aim your product, maybe a technological kind",0.011839,0.758,0.008974
1059,2065.5,2068.5,SPEAKER_00,"product, maybe a technological kind of sector, then you",0.067518,0.758,0.051178
1060,2067.0,2070.0,SPEAKER_00,"of sector, then you can afford to maybe jack",0.043176,0.758,0.032727
1061,2068.5,2071.5,SPEAKER_00,can afford to maybe jack the price up slightly,0.068487,0.758,0.051913
1062,2070.0,2073.0,SPEAKER_00,the price up slightly from what it is,0.03962,0.758,0.030032
1063,2071.5,2074.5,SPEAKER_00,from what it is because they will pay outrageous,0.881789,0.758,0.668396
1064,2073.0,2076.0,SPEAKER_00,because they will pay outrageous cash to be able,0.781074,0.758,0.592054
1065,2077.5,2080.5,SPEAKER_01,I think to retaining the,0.07171,0.7696,0.055188
1066,2079.0,2082.0,SPEAKER_01,retaining the motor biomorphic,0.09552,0.7696,0.073512
1067,2080.5,2083.5,SPEAKER_01,motor biomorphic form and the,0.109153,0.7696,0.084004
1068,2082.0,2085.0,SPEAKER_01,form and the articulation would,0.067413,0.7696,0.051881
1069,2083.5,2086.5,SPEAKER_01,articulation would gain more,0.3514,0.7696,0.270438
1070,2085.0,2088.0,SPEAKER_01,gain more profit and sales,0.145497,0.7696,0.111975
1071,2086.5,2089.5,SPEAKER_01,profit and sales than it,0.028022,0.7696,0.021566
1072,2088.0,2091.0,SPEAKER_01,than it would lose,0.07309,0.7696,0.05625
1073,2089.5,2092.5,SPEAKER_01,would lose in,0.366854,0.7696,0.282331
1074,2092.5,2095.5,SPEAKER_02,added expense and the price was,0.125947,0.7647,0.096312
1075,2094.0,2097.0,SPEAKER_02,the price was like it was,0.320792,0.7647,0.24531
1076,2095.5,2098.5,SPEAKER_02,like it was twice the assembly,0.399192,0.7647,0.305262
1077,2097.0,2100.0,SPEAKER_02,twice the assembly cost and would,0.506389,0.7647,0.387236
1078,2098.5,2101.5,SPEAKER_02,cost and would it have to,0.197768,0.7647,0.151233
1079,2100.0,2103.0,SPEAKER_02,it have to be twice that,0.338992,0.7647,0.259227
1080,2101.5,2104.5,SPEAKER_02,be twice that it could be,0.716262,0.7647,0.547726
1081,2103.0,2106.0,SPEAKER_02,it could be like it could,0.251988,0.7647,0.192695
1082,2104.5,2107.5,SPEAKER_02,like it could have had the,0.124509,0.7647,0.095212
1083,2106.0,2109.0,SPEAKER_02,have had the assembly cost of,0.590808,0.7647,0.451791
1084,2107.5,2110.5,SPEAKER_02,assembly cost of like maybe 15 euro,0.33053,0.7647,0.252756
1085,2109.0,2112.0,SPEAKER_02,like maybe 15 euro it's still set,0.521791,0.7647,0.399014
1086,2110.5,2113.5,SPEAKER_02,it's still set up for 25,0.534057,0.7647,0.408393
1087,2112.0,2115.0,SPEAKER_02,up for 25,0.274552,0.7647,0.20995
1088,2115.0,2118.0,SPEAKER_00,"That's true, yeah.",0.22294,0.6858,0.152892
1089,2116.5,2119.5,SPEAKER_00,yeah. I suppose these are,0.178251,0.6858,0.122245
1090,2118.0,2121.0,SPEAKER_00,I suppose these are all that will have,0.276035,0.705,0.194605
1091,2119.5,2122.5,SPEAKER_00,all that will have to be taken up with,0.290438,0.705,0.204759
1092,2121.0,2124.0,SPEAKER_00,"to be taken up with a different group, I",0.259989,0.705,0.183292
1093,2122.5,2125.5,SPEAKER_00,"a different group, I guess, as to who",0.510439,0.705,0.35986
1094,2124.0,2127.0,SPEAKER_00,"guess, as to who the costs involved.",0.620584,0.705,0.437512
1095,2125.5,2128.5,SPEAKER_00,the costs involved.,0.316174,0.705,0.222903
1096,2127.0,2130.0,SPEAKER_00,"But, I mean,",0.234959,0.8179,0.192173
1097,2128.5,2131.5,SPEAKER_00,"But, I mean, we've got",0.082811,0.8179,0.067731
1098,2130.0,2133.0,SPEAKER_00,we've got a prototype.,0.050527,0.8179,0.041326
1099,2131.5,2134.5,SPEAKER_00,"a prototype. So,",0.305193,0.7367,0.224836
1100,2133.0,2136.0,SPEAKER_00,"So, I don't know,",0.888553,0.6554,0.582358
1101,2134.5,2137.5,SPEAKER_00,"I don't know, I think it's",0.875566,0.6554,0.573846
1102,2136.0,2139.0,SPEAKER_00,I think it's gone okay today,0.081438,0.6554,0.053375
1103,2137.5,2140.5,SPEAKER_00,gone okay today considering the information,0.037474,0.6554,0.024561
1104,2139.0,2142.0,SPEAKER_00,considering the information that we've had,0.460434,0.6554,0.301769
1105,2140.5,2143.5,SPEAKER_00,that we've had our disposal,0.064497,0.6554,0.042272
1106,2145.0,2148.0,SPEAKER_03,would have been better if we had,0.470482,0.8159,0.383866
1107,2146.5,2149.5,SPEAKER_03,better if we had a list to begin,0.157883,0.8159,0.128817
1108,2148.0,2151.0,SPEAKER_03,a list to begin with.,0.186509,0.8159,0.152173
1109,2151.0,2154.0,SPEAKER_00,"Probably would have, I mean, we could have come",0.020591,0.6997,0.014408
1110,2152.5,2155.5,SPEAKER_00,"would have, I mean, we could have come up with a lot more solid design",0.049908,0.6997,0.034921
1111,2154.0,2157.0,SPEAKER_00,"up with a lot more solid design in the end, I would have to agree.",0.263521,0.6997,0.184386
1112,2155.5,2158.5,SPEAKER_00,"in the end, I would have to agree. It is very",0.46709,0.7611,0.355502
1113,2157.0,2160.0,SPEAKER_00,It is very much pity to get so,0.239964,0.7611,0.182637
1114,2158.5,2161.5,SPEAKER_00,much pity to get so far into the stage,0.893426,0.8224,0.734753
1115,2160.0,2163.0,SPEAKER_00,far into the stage and then find out that,0.061775,0.8224,0.050804
1116,2161.5,2164.5,SPEAKER_00,and then find out that maybe some of your ideas,0.065604,0.8224,0.053953
1117,2163.0,2166.0,SPEAKER_00,maybe some of your ideas are just a bit too,0.088186,0.8224,0.072524
1118,2164.5,2167.5,SPEAKER_00,are just a bit too expensive.,0.397137,0.8224,0.326605
1119,2166.0,2169.0,SPEAKER_00,expensive. Always hard to,0.327905,0.8151,0.267275
1120,2167.5,2170.5,SPEAKER_00,Always hard to tell until you know,0.811162,0.8078,0.655256
1121,2169.0,2172.0,SPEAKER_00,tell until you know the costs.,0.132271,0.8078,0.106848
1122,2176.5,2179.5,SPEAKER_00,Are the costs within budget?,0.154857,0.7262,0.112457
1123,2178.0,2181.0,SPEAKER_00,"Are the costs within budget? Well,",0.039776,0.7415,0.029494
1124,2179.5,2182.5,SPEAKER_00,"Well, they are now that we",0.062626,0.7569,0.047402
1125,2181.0,2184.0,SPEAKER_00,they are now that we have our slightly less than capable,0.033654,0.7569,0.025472
1126,2182.5,2185.5,SPEAKER_00,have our slightly less than capable product.,0.436528,0.7569,0.330408
1127,2184.0,2187.0,SPEAKER_00,product. We evaluated it and,0.045523,0.7918,0.036045
1128,2185.5,2188.5,SPEAKER_00,We evaluated it and we can see we came,0.103101,0.8268,0.085244
1129,2187.0,2190.0,SPEAKER_00,we can see we came out with a value of,0.152757,0.8268,0.126299
1130,2188.5,2191.5,SPEAKER_00,out with a value of three.,0.676729,0.8268,0.559519
1131,2191.5,2194.5,SPEAKER_01,"Actually, one thing I would",0.098321,0.8296,0.081567
1132,2193.0,2196.0,SPEAKER_01,"thing I would say, something that",0.027914,0.8296,0.023157
1133,2194.5,2197.5,SPEAKER_01,"say, something that could perhaps be",0.011859,0.8296,0.009838
1134,2196.0,2199.0,SPEAKER_01,could perhaps be part of the,0.052679,0.8296,0.043703
1135,2197.5,2200.5,SPEAKER_01,part of the product testing and,0.022384,0.8296,0.018569
1136,2199.0,2202.0,SPEAKER_01,product testing and market research process,0.008815,0.8296,0.007313
1137,2200.5,2203.5,SPEAKER_01,market research process would be to,0.006013,0.8296,0.004988
1138,2202.0,2205.0,SPEAKER_01,would be to produce mockups of,0.013382,0.8296,0.011102
1139,2203.5,2206.5,SPEAKER_01,produce mockups of both versions and,0.051942,0.8296,0.043091
1140,2205.0,2208.0,SPEAKER_01,both versions and see just how,0.198996,0.8296,0.165087
1141,2206.5,2209.5,SPEAKER_01,see just how much of a,0.212117,0.8296,0.175972
1142,2208.0,2211.0,SPEAKER_01,much of a difference the going,0.489343,0.8296,0.405959
1143,2209.5,2212.5,SPEAKER_01,difference the going over budget would,0.195613,0.8296,0.16228
1144,2211.0,2214.0,SPEAKER_01,over budget would make to sales.,0.035715,0.8296,0.029629
1145,2214.0,2217.0,SPEAKER_03,"Which, yeah, and response",0.047154,0.6648,0.031348
1146,2215.5,2218.5,SPEAKER_03,"yeah, and response from consumers.",0.043449,0.6648,0.028885
1147,2218.5,2221.5,SPEAKER_01,We could even market two,0.316162,0.9223,0.291596
1148,2220.0,2223.0,SPEAKER_01,even market two versions.,0.076796,0.9223,0.070828
1149,2224.5,2227.5,SPEAKER_01,We keep the version of,0.216354,0.6971,0.15082
1150,2226.0,2229.0,SPEAKER_01,keep the version of the nice biomorphic wrapper,0.571106,0.6971,0.398118
1151,2227.5,2230.5,SPEAKER_01,the nice biomorphic wrapper version.,0.161282,0.6971,0.11243
1152,2230.5,2233.5,SPEAKER_00,And then the final one where you get to call,0.213927,0.7641,0.163462
1153,2232.0,2235.0,SPEAKER_00,the final one where you get to call it Hal. But,0.208706,0.6866,0.143298
1154,2233.5,2236.5,SPEAKER_00,it Hal. But we'll go into that later.,0.630102,0.7198,0.453548
1155,2235.0,2238.0,SPEAKER_00,we'll go into that later. Right.,0.678383,0.6976,0.47324
1156,2238.0,2241.0,SPEAKER_00,Is there anything,0.039486,0.7727,0.030511
1157,2239.5,2242.5,SPEAKER_00,Is there anything else that anybody would,0.104163,0.7727,0.080486
1158,2241.0,2244.0,SPEAKER_00,else that anybody would like to add?,0.241032,0.7727,0.186246
1159,2242.5,2245.5,SPEAKER_00,like to add?,0.404506,0.7727,0.312561
1160,2245.5,2248.5,SPEAKER_00,Anything they think has,0.132391,0.7425,0.0983
1161,2247.0,2250.0,SPEAKER_00,think has not been covered,0.32571,0.7425,0.24184
1162,2248.5,2251.5,SPEAKER_00,not been covered before I,0.133308,0.7425,0.098981
1163,2250.0,2253.0,SPEAKER_00,before I quickly write,0.142975,0.7425,0.106159
1164,2251.5,2254.5,SPEAKER_00,quickly write up a final,0.785967,0.7425,0.58358
1165,2253.0,2256.0,SPEAKER_00,up a final report?,0.907003,0.7425,0.67345
1166,2254.5,2257.5,SPEAKER_00,"report? I don't know. I mean, we've got a product.",0.22221,0.7661,0.170235
1167,2256.0,2259.0,SPEAKER_00,"I don't know. I mean, we've got a product. We maybe aren't as happy",0.271248,0.7737,0.209865
1168,2257.5,2260.5,SPEAKER_00,We maybe aren't as happy with it as we'd like to be.,0.42954,0.7339,0.31524
1169,2259.0,2262.0,SPEAKER_00,with it as we'd like to be.,0.167392,0.7653,0.128105
1170,2260.5,2263.5,SPEAKER_00,We've got something,0.160952,0.7939,0.12778
1171,2262.0,2265.0,SPEAKER_00,We've got something we think we can maybe stick on,0.001165,0.8226,0.000958
1172,2263.5,2266.5,SPEAKER_00,we think we can maybe stick on to the market and sell.,0.047168,0.8226,0.0388
1173,2265.0,2268.0,SPEAKER_00,to the market and sell.,0.037213,0.8226,0.030612
1174,2266.5,2269.5,SPEAKER_00,"And of course,",0.04324,0.8293,0.035859
1175,2268.0,2271.0,SPEAKER_00,"And of course, something we have been avoiding",0.062771,0.8293,0.052056
1176,2269.5,2272.5,SPEAKER_00,something we have been avoiding talking about because we've no,0.082507,0.8293,0.068423
1177,2271.0,2274.0,SPEAKER_00,talking about because we've no information is selling them directly,0.038713,0.8293,0.032104
1178,2272.5,2275.5,SPEAKER_00,information is selling them directly to the manufacturers.,0.21337,0.8293,0.176947
1179,2274.0,2277.0,SPEAKER_00,"to the manufacturers. There's a huge market. I mean, we",0.102297,0.7017,0.071782
1180,2275.5,2278.5,SPEAKER_00,"There's a huge market. I mean, we briefly touched on it, but we've no more",0.254597,0.6379,0.162408
1181,2277.0,2280.0,SPEAKER_00,"briefly touched on it, but we've no more knowledge. And there's little we can say",0.571746,0.6607,0.377752
1182,2278.5,2281.5,SPEAKER_00,knowledge. And there's little we can say on that.,0.145982,0.6607,0.09645
1183,2289.0,2292.0,SPEAKER_00,So unless anybody's got anything they'd,0.176932,0.8111,0.14351
1184,2290.5,2293.5,SPEAKER_00,"anybody's got anything they'd like to add,",0.087732,0.8111,0.07116
1185,2292.0,2295.0,SPEAKER_00,"like to add, we can maybe round",0.104685,0.8111,0.08491
1186,2293.5,2296.5,SPEAKER_00,we can maybe round this up slightly earlier,0.303043,0.8111,0.245798
1187,2295.0,2298.0,SPEAKER_00,this up slightly earlier than we need to,0.156723,0.8111,0.127118
1188,2296.5,2299.5,SPEAKER_00,than we need to and then we can,0.067536,0.8111,0.054778
1189,2298.0,2301.0,SPEAKER_00,and then we can finish up the writing,0.008263,0.8111,0.006702
1190,2299.5,2302.5,SPEAKER_00,finish up the writing and such.,0.118205,0.8111,0.095876
1191,2308.5,2311.5,SPEAKER_00,Thank you for your,0.019602,0.8198,0.01607
1192,2310.0,2313.0,SPEAKER_00,you for your participation.,0.252661,0.8198,0.207131
1193,2317.5,2320.5,SPEAKER_03,"I was actually kind of upset,",0.483373,0.7827,0.378336
1194,2319.0,2322.0,SPEAKER_03,"was actually kind of upset, you know, at the budget",0.321286,0.7827,0.251471
1195,2320.5,2323.5,SPEAKER_03,"you know, at the budget and that we had to",0.703731,0.7827,0.55081
1196,2322.0,2325.0,SPEAKER_03,and that we had to cut a lot of stuff.,0.060969,0.7673,0.046782
1197,2323.5,2326.5,SPEAKER_03,"cut a lot of stuff. Man, we can't have",0.099135,0.7673,0.076066
1198,2325.0,2328.0,SPEAKER_03,"Man, we can't have the locator thing.",0.192856,0.7519,0.145009
1199,2326.5,2329.5,SPEAKER_03,the locator thing.,0.271238,0.7519,0.203944
1200,2328.0,2331.0,SPEAKER_03,"Yeah, that's just bad.",0.361254,0.4722,0.170584
1201,2329.5,2332.5,SPEAKER_03,"Yeah, that's just bad.",0.18349,0.4722,0.086644
1202,2332.5,2335.5,SPEAKER_03,Do you think,0.163702,0.2752,0.045051
1203,2334.0,2337.0,SPEAKER_03,Do you think maybe the prices,0.279884,0.2752,0.077024
1204,2335.5,2338.5,SPEAKER_03,maybe the prices were made,0.499177,0.2752,0.137373
1205,2337.0,2340.0,SPEAKER_03,were made so that we,0.727896,0.2752,0.200317
1206,2338.5,2341.5,SPEAKER_03,so that we had the,0.433404,0.2752,0.119273
1207,2340.0,2343.0,SPEAKER_03,had the second price and,0.136165,0.2752,0.037473
