segment_id,start,end,speaker_id,transcript,incongruence_score,confidence_weight,final_score
0,3.0,6.0,SPEAKER_01,Just put it on the desktop. All I,0.671639,0.6541,0.439319
1,4.5,7.5,SPEAKER_01,"put it on the desktop. All I see is desktop. No,",0.451933,0.7125,0.322002
2,6.0,9.0,SPEAKER_01,"see is desktop. No, on the desktop you'll find,",0.07781,0.684,0.053222
3,7.5,10.5,SPEAKER_01,"on the desktop you'll find, you should find that there's a",0.097064,0.8293,0.080495
4,9.0,12.0,SPEAKER_01,you should find that there's a project documents link.,0.091772,0.8293,0.076107
5,10.5,13.5,SPEAKER_01,project documents link.,0.41738,0.8293,0.346133
6,13.5,16.5,SPEAKER_01,"Well, actually just there.",0.13637,0.6628,0.090386
7,16.5,19.5,SPEAKER_00,"Project documents, yeah. Yeah, that's it. If you dump it in there.",0.370844,0.6492,0.240752
8,18.0,21.0,SPEAKER_00,that's it. If you dump it in there. What's the username?,0.237752,0.6817,0.162075
9,19.5,22.5,SPEAKER_00,What's the username? The username.,0.187849,0.6636,0.124657
10,40.5,43.5,SPEAKER_01,There we go. Excellent.,0.126436,0.6574,0.083119
11,42.0,45.0,SPEAKER_01,There we go. Excellent. Right.,0.014946,0.6574,0.009825
12,43.5,46.5,SPEAKER_01,Right. Hopefully that's,0.195733,0.6322,0.123743
13,45.0,48.0,SPEAKER_01,Hopefully that's us ready to go.,0.021634,0.7555,0.016344
14,46.5,49.5,SPEAKER_01,us ready to go. So,0.015668,0.8211,0.012865
15,48.0,51.0,SPEAKER_01,So functional design meeting.,0.105433,0.8867,0.093488
16,49.5,52.5,SPEAKER_01,functional design meeting. We'll have to,0.051962,0.866,0.044999
17,51.0,54.0,SPEAKER_01,We'll have to flesh out some,0.029755,0.866,0.025768
18,52.5,55.5,SPEAKER_01,flesh out some of the stuff.,0.053985,0.8454,0.045639
19,54.0,57.0,SPEAKER_01,of the stuff. We'll,0.084275,0.8397,0.070765
20,55.5,58.5,SPEAKER_01,We'll start with the minutes of the last,0.021203,0.834,0.017683
21,57.0,60.0,SPEAKER_01,start with the minutes of the last meeting. Not a,0.035216,0.8379,0.029507
22,58.5,61.5,SPEAKER_01,"meeting. Not a lot, thankfully to say. We",0.036113,0.8252,0.029801
23,60.0,63.0,SPEAKER_01,"lot, thankfully to say. We introduced ourselves,",0.34818,0.8208,0.285786
24,61.5,64.5,SPEAKER_01,"introduced ourselves, discussed the possibility",0.020796,0.7998,0.016632
25,63.0,66.0,SPEAKER_01,discussed the possibility of a macro,0.025691,0.7998,0.020548
26,64.5,67.5,SPEAKER_01,"of a macro facility, interacting",0.01243,0.7998,0.009942
27,66.0,69.0,SPEAKER_01,"facility, interacting with the TV",0.138388,0.7998,0.110682
28,67.5,70.5,SPEAKER_01,with the TV a bit,0.381954,0.7998,0.305487
29,69.0,72.0,SPEAKER_01,"a bit more, mentioning of",0.081741,0.7998,0.065377
30,70.5,73.5,SPEAKER_01,"more, mentioning of barcode, joystick for",0.183117,0.7998,0.146457
31,72.0,75.0,SPEAKER_01,"barcode, joystick for user manipulation,",0.048708,0.7998,0.038956
32,73.5,76.5,SPEAKER_01,"user manipulation, and ergonomics of",0.029677,0.7998,0.023736
33,75.0,78.0,SPEAKER_01,and ergonomics of the remote control,0.432693,0.7998,0.346068
34,76.5,79.5,SPEAKER_01,the remote control as well.,0.451136,0.8456,0.38148
35,78.0,81.0,SPEAKER_01,as well. It's come to,0.057281,0.8456,0.048437
36,79.5,82.5,SPEAKER_01,It's come to my attention the following.,0.003266,0.8913,0.002911
37,81.0,84.0,SPEAKER_01,my attention the following. Teletext has,0.074683,0.7534,0.056266
38,82.5,85.5,SPEAKER_01,Teletext has become outdated due to,0.152487,0.7534,0.114884
39,84.0,87.0,SPEAKER_01,become outdated due to the popularity of the internet.,0.387182,0.6155,0.238311
40,85.5,88.5,SPEAKER_01,the popularity of the internet. Remote,0.02937,0.7131,0.020944
41,87.0,90.0,SPEAKER_01,Remote control should only,0.227086,0.7131,0.161935
42,88.5,91.5,SPEAKER_01,control should only be used for the,0.069166,0.8108,0.05608
43,90.0,93.0,SPEAKER_01,"be used for the TV, due for",0.210438,0.8108,0.170623
44,91.5,94.5,SPEAKER_01,"TV, due for a timed market and",0.069132,0.8108,0.056052
45,93.0,96.0,SPEAKER_01,a timed market and possibly also cost,0.09101,0.8108,0.073791
46,94.5,97.5,SPEAKER_01,possibly also cost issues.,0.036417,0.8108,0.029527
47,96.0,99.0,SPEAKER_01,issues. Also key is the corporate,0.04773,0.787,0.037564
48,97.5,100.5,SPEAKER_01,Also key is the corporate image to stay recognizable.,0.222706,0.7631,0.169947
49,99.0,102.0,SPEAKER_01,image to stay recognizable.,0.166994,0.7631,0.127433
50,102.0,105.0,SPEAKER_01,Your color and slogan,0.623243,0.8729,0.544028
51,103.5,106.5,SPEAKER_01,color and slogan of course is,0.060859,0.8729,0.053124
52,105.0,108.0,SPEAKER_01,of course is down at the,0.079198,0.8729,0.069132
53,106.5,109.5,SPEAKER_01,down at the bottom there. Just,0.378641,0.8551,0.323776
54,108.0,111.0,SPEAKER_01,"bottom there. Just to say quickly,",0.239948,0.8551,0.205179
55,109.5,112.5,SPEAKER_01,"to say quickly, I would have thought",0.073316,0.8373,0.061388
56,111.0,114.0,SPEAKER_01,I would have thought that only being,0.054803,0.8373,0.045887
57,112.5,115.5,SPEAKER_01,that only being used for the,0.073116,0.8373,0.06122
58,114.0,117.0,SPEAKER_01,used for the television the macro facility,0.043055,0.8373,0.03605
59,115.5,118.5,SPEAKER_01,television the macro facility may now not,0.260275,0.8373,0.217928
60,117.0,120.0,SPEAKER_01,may now not be required or,0.399784,0.8373,0.334739
61,118.5,121.5,SPEAKER_01,be required or its functionality would have,0.124932,0.8373,0.104606
62,120.0,123.0,SPEAKER_01,its functionality would have been of limited,0.19164,0.8373,0.16046
63,121.5,124.5,SPEAKER_01,been of limited use to the,0.05509,0.8373,0.046127
64,123.0,126.0,SPEAKER_01,use to the point in my opinion,0.082935,0.8373,0.069442
65,124.5,127.5,SPEAKER_01,point in my opinion anyway that it,0.098919,0.8373,0.082825
66,126.0,129.0,SPEAKER_01,anyway that it might not be,0.06955,0.8373,0.058234
67,127.5,130.5,SPEAKER_01,might not be worth pursuing.,0.41792,0.8373,0.349924
68,129.0,132.0,SPEAKER_01,worth pursuing. If anybody,0.084807,0.8279,0.070211
69,130.5,133.5,SPEAKER_01,If anybody disagrees we can,0.690514,0.8185,0.565186
70,132.0,135.0,SPEAKER_01,disagrees we can definitely say so.,0.394853,0.7559,0.298469
71,133.5,136.5,SPEAKER_01,definitely say so. And hopefully we'll just,0.050661,0.7559,0.038294
72,135.0,138.0,SPEAKER_01,And hopefully we'll just crack on and,0.073593,0.6932,0.051015
73,136.5,139.5,SPEAKER_01,crack on and we'll get everything,0.238923,0.6932,0.165621
74,138.0,141.0,SPEAKER_01,"we'll get everything going. I'd like to,",0.095525,0.7508,0.07172
75,139.5,142.5,SPEAKER_01,"going. I'd like to, if it's possible, hear from our",0.106908,0.7508,0.080267
76,141.0,144.0,SPEAKER_01,"if it's possible, hear from our marketing expert first to help",0.007715,0.8084,0.006237
77,142.5,145.5,SPEAKER_01,marketing expert first to help us gain an idea of where,0.019875,0.8084,0.016067
78,144.0,147.0,SPEAKER_01,us gain an idea of where we're going to go.,0.442519,0.8084,0.357732
79,145.5,148.5,SPEAKER_01,we're going to go. So I'll just,0.037908,0.7816,0.029629
80,147.0,150.0,SPEAKER_01,So I'll just load up your presentation from,0.009799,0.7548,0.007397
81,148.5,151.5,SPEAKER_01,load up your presentation from here if you want. Sure.,0.026057,0.6789,0.01769
82,150.0,153.0,SPEAKER_01,here if you want. Sure.,0.024571,0.6789,0.016681
83,156.0,159.0,SPEAKER_00,Would you like to start,0.037209,0.7243,0.026951
84,157.5,160.5,SPEAKER_00,you like to start from here?,0.117708,0.6001,0.070636
85,159.0,162.0,SPEAKER_00,"from here? Yeah,",0.160076,0.6001,0.096062
86,165.0,168.0,SPEAKER_00,"Try a second one,",0.011572,0.7622,0.00882
87,166.5,169.5,SPEAKER_00,"a second one, maybe.",0.044313,0.7622,0.033775
88,174.0,177.0,SPEAKER_00,"Try it, yeah, maybe? I'll show you,",0.062882,0.5164,0.032472
89,175.5,178.5,SPEAKER_00,"it, yeah, maybe? I'll show you, yeah. OK. OK, right?",0.266096,0.5426,0.144384
90,177.0,180.0,SPEAKER_00,"yeah. OK. OK, right? I'll put up with it in my last game,",0.207131,0.5519,0.114315
91,178.5,181.5,SPEAKER_00,"I'll put up with it in my last game, I guess not. That's",0.243531,0.526,0.128097
92,180.0,183.0,SPEAKER_00,I guess not. That's all right.,0.464809,0.526,0.24449
93,183.0,186.0,SPEAKER_01,"OK. Do you want me to cycle through it for you, or?",0.211083,0.6953,0.146766
94,187.5,190.5,SPEAKER_00,That'd be great. OK. Functional requirement,0.014141,0.5864,0.008292
95,189.0,192.0,SPEAKER_00,"Functional requirement by me,",0.066496,0.7845,0.052166
96,190.5,193.5,SPEAKER_00,"by me, Ebenezer. Okay.",0.059898,0.7568,0.045331
97,192.0,195.0,SPEAKER_00,"Ebenezer. Okay. Okay,",0.35319,0.8039,0.283929
98,193.5,196.5,SPEAKER_00,"Okay, so we did",0.303724,0.8983,0.272835
99,195.0,198.0,SPEAKER_00,so we did some research. We,0.176224,0.8579,0.151183
100,196.5,199.5,SPEAKER_00,some research. We asked 100 people their,0.028123,0.8579,0.024127
101,198.0,201.0,SPEAKER_00,asked 100 people their opinions on remote controls.,0.182087,0.8174,0.148838
102,199.5,202.5,SPEAKER_00,opinions on remote controls. We had,0.351078,0.8159,0.286445
103,201.0,204.0,SPEAKER_00,We had some open-ended questions.,0.368382,0.8159,0.300563
104,202.5,205.5,SPEAKER_00,some open-ended questions. Just what,0.112489,0.7923,0.089125
105,204.0,207.0,SPEAKER_00,Just what are your opinions on the,0.46101,0.7701,0.355024
106,205.5,208.5,SPEAKER_00,are your opinions on the remote control? Got a,0.467806,0.7066,0.330552
107,207.0,210.0,SPEAKER_00,remote control? Got a lot of responses. And we,0.107478,0.7218,0.077578
108,208.5,211.5,SPEAKER_00,lot of responses. And we asked some very specific questions and,0.641783,0.6976,0.447708
109,210.0,213.0,SPEAKER_00,asked some very specific questions and we got a lot of good,0.132205,0.7523,0.099458
110,211.5,214.5,SPEAKER_00,we got a lot of good feedback. Please bear,0.053098,0.7577,0.040232
111,213.0,216.0,SPEAKER_00,feedback. Please bear in mind this is only 100,0.009077,0.7577,0.006878
112,214.5,217.5,SPEAKER_00,in mind this is only 100 people. So,0.018373,0.7963,0.01463
113,216.0,219.0,SPEAKER_00,people. So even when the,0.136476,0.7963,0.108676
114,217.5,220.5,SPEAKER_00,even when the groups are divided into,0.135853,0.8294,0.112676
115,219.0,222.0,SPEAKER_00,"groups are divided into 15 to 25,",0.148496,0.8294,0.123163
116,220.5,223.5,SPEAKER_00,"15 to 25, 25 to 35,",0.039766,0.8294,0.032982
117,222.0,225.0,SPEAKER_00,"25 to 35, there's only maybe 10",0.210518,0.8294,0.174604
118,223.5,226.5,SPEAKER_00,"there's only maybe 10 people, 15 people",0.050355,0.8294,0.041765
119,225.0,228.0,SPEAKER_00,"people, 15 people in each group.",0.279046,0.8294,0.23144
120,226.5,229.5,SPEAKER_00,in each group.,0.335357,0.7998,0.268218
121,228.0,231.0,SPEAKER_00,"So, we've got some of the best",0.157449,0.7703,0.121283
122,229.5,232.5,SPEAKER_00,"So, we've got some of the best stuff we've got. Remotes",0.089569,0.8357,0.074853
123,231.0,234.0,SPEAKER_00,stuff we've got. Remotes are often lost.,0.401326,0.8357,0.335388
124,232.5,235.5,SPEAKER_00,are often lost. I often lose my,0.471824,0.8516,0.401805
125,234.0,237.0,SPEAKER_00,I often lose my remote control over the back of,0.76231,0.8022,0.611525
126,235.5,238.5,SPEAKER_00,"remote control over the back of the couch, someplace. And",0.086465,0.8329,0.072017
127,237.0,240.0,SPEAKER_00,"the couch, someplace. And even if it's not lost permanently,",0.169754,0.8329,0.141388
128,238.5,241.5,SPEAKER_00,"even if it's not lost permanently, it takes me a few minutes",0.199156,0.8636,0.171991
129,240.0,243.0,SPEAKER_00,it takes me a few minutes to find it.,0.049556,0.8636,0.042796
130,241.5,244.5,SPEAKER_00,to find it. Most buttons are,0.145899,0.7979,0.116413
131,243.0,246.0,SPEAKER_00,Most buttons are not used anymore. Like,0.657573,0.8132,0.534738
132,244.5,247.5,SPEAKER_00,"not used anymore. Like you said, TeleTex is",0.261242,0.8132,0.212442
133,246.0,249.0,SPEAKER_00,"you said, TeleTex is outdated now. I remember trying",0.055105,0.7841,0.043208
134,247.5,250.5,SPEAKER_00,outdated now. I remember trying to load a DVD,0.125267,0.7841,0.098222
135,249.0,252.0,SPEAKER_00,"to load a DVD player recently, and there",0.033967,0.674,0.022894
136,250.5,253.5,SPEAKER_00,"player recently, and there were so many buttons.",0.282427,0.674,0.190356
137,252.0,255.0,SPEAKER_00,"were so many buttons. It took me, I don't",0.33683,0.7403,0.249355
138,253.5,256.5,SPEAKER_00,"It took me, I don't know, maybe 10 minutes to",0.054673,0.8066,0.044099
139,255.0,258.0,SPEAKER_00,"know, maybe 10 minutes to go through each button, because you",0.050348,0.8066,0.040611
140,256.5,259.5,SPEAKER_00,"go through each button, because you have to press the Shift",0.012283,0.8066,0.009908
141,258.0,261.0,SPEAKER_00,have to press the Shift button to access the yellow buttons.,0.051831,0.8066,0.041807
142,259.5,262.5,SPEAKER_00,"button to access the yellow buttons. You know, it's just a lot of stuff",0.240739,0.7843,0.188812
143,261.0,264.0,SPEAKER_00,"You know, it's just a lot of stuff that no one really uses. And",0.448554,0.8354,0.374722
144,262.5,265.5,SPEAKER_00,"that no one really uses. And if they do, not very often.",0.211428,0.8498,0.179672
145,264.0,267.0,SPEAKER_00,"if they do, not very often. It",0.145993,0.8056,0.117612
146,265.5,268.5,SPEAKER_00,It takes too long to master the remote control.,0.694524,0.6739,0.46804
147,267.0,270.0,SPEAKER_00,takes too long to master the remote control. I've seen,0.474566,0.753,0.357348
148,268.5,271.5,SPEAKER_00,I've seen some remote controls that are big.,0.497252,0.832,0.413713
149,270.0,273.0,SPEAKER_00,some remote controls that are big. They have a lot of buttons.,0.072274,0.7178,0.051878
150,271.5,274.5,SPEAKER_00,They have a lot of buttons. You have to hold down more,0.016836,0.7504,0.012634
151,273.0,276.0,SPEAKER_00,You have to hold down more than one key at one time to,0.059347,0.8154,0.048391
152,274.5,277.5,SPEAKER_00,than one key at one time to do something. They're just not,0.203211,0.8235,0.167344
153,276.0,279.0,SPEAKER_00,do something. They're just not great to use. We,0.214218,0.832,0.17823
154,277.5,280.5,SPEAKER_00,great to use. We just got a lot of bad complaints,0.093891,0.8403,0.078896
155,279.0,282.0,SPEAKER_00,just got a lot of bad complaints about remote controls. People do,0.272107,0.8836,0.240434
156,280.5,283.5,SPEAKER_00,about remote controls. People do not like remote controls.,0.317741,0.8836,0.280756
157,282.0,285.0,SPEAKER_00,not like remote controls. Some of the good,0.066626,0.816,0.054367
158,283.5,286.5,SPEAKER_00,Some of the good stuff we got. Between the,0.116746,0.7476,0.087279
159,285.0,288.0,SPEAKER_00,stuff we got. Between the age of 15,0.49822,0.7476,0.372469
160,286.5,289.5,SPEAKER_00,"age of 15 and 25, most people",0.279647,0.7812,0.21846
161,288.0,291.0,SPEAKER_00,"and 25, most people will be willing",0.006591,0.7812,0.005149
162,289.5,292.5,SPEAKER_00,will be willing to pay extra for,0.284839,0.7812,0.222516
163,291.0,294.0,SPEAKER_00,to pay extra for voice recognition software.,0.374112,0.7812,0.292256
164,292.5,295.5,SPEAKER_00,voice recognition software. I don't get excited,0.348199,0.8023,0.27936
165,294.0,297.0,SPEAKER_00,I don't get excited yet. I've got more to,0.198442,0.8194,0.162603
166,295.5,298.5,SPEAKER_00,yet. I've got more to say on that. Most people will be,0.28429,0.8064,0.229251
167,297.0,300.0,SPEAKER_00,say on that. Most people will be willing to pay for that. Most,0.031031,0.8092,0.025111
168,298.5,301.5,SPEAKER_00,willing to pay for that. Most people want remote controls,0.511082,0.787,0.402222
169,300.0,303.0,SPEAKER_00,people want remote controls to be pretty. They,0.415466,0.7872,0.327055
170,301.5,304.5,SPEAKER_00,to be pretty. They want it to be fancy.,0.146496,0.7872,0.115322
171,303.0,306.0,SPEAKER_00,want it to be fancy. They want,0.230216,0.7451,0.171534
172,304.5,307.5,SPEAKER_00,They want it to be different. Everybody has,0.260594,0.8098,0.211029
173,306.0,309.0,SPEAKER_00,it to be different. Everybody has a white remote control with,0.098611,0.8098,0.079856
174,307.5,310.5,SPEAKER_00,a white remote control with black buttons and a red,0.132926,0.8721,0.115925
175,309.0,312.0,SPEAKER_00,black buttons and a red button and a green button.,0.433715,0.8721,0.378243
176,310.5,313.5,SPEAKER_00,button and a green button. Not everybody,0.108903,0.8965,0.097632
177,312.0,315.0,SPEAKER_00,Not everybody wants that.,0.103057,0.869,0.089556
178,313.5,316.5,SPEAKER_00,"wants that. Finally, my",0.023364,0.8675,0.020268
179,315.0,318.0,SPEAKER_00,"Finally, my opinion.",0.120247,0.814,0.097881
180,316.5,319.5,SPEAKER_00,opinion. The voice recognition thing,0.690856,0.8139,0.562288
181,318.0,321.0,SPEAKER_00,The voice recognition thing is cool.,0.029518,0.8138,0.024022
182,319.5,322.5,SPEAKER_00,"is cool. And voice recognition, the",0.062265,0.784,0.048816
183,321.0,324.0,SPEAKER_00,"And voice recognition, the software, open source software exists",0.13031,0.7543,0.098293
184,322.5,325.5,SPEAKER_00,"software, open source software exists already.",0.322959,0.7543,0.243608
185,324.0,327.0,SPEAKER_00,already. It's a bit sketchy at some,0.11272,0.8026,0.090469
186,325.5,328.5,SPEAKER_00,It's a bit sketchy at some times. You're not,0.042234,0.7879,0.033276
187,327.0,330.0,SPEAKER_00,"times. You're not going to get good, always",0.581656,0.7879,0.458287
188,328.5,331.5,SPEAKER_00,"going to get good, always accurate results. But for a",0.672287,0.8096,0.544284
189,330.0,333.0,SPEAKER_00,"accurate results. But for a very fixed number of words,",0.125435,0.8096,0.101552
190,331.5,334.5,SPEAKER_00,"very fixed number of words, how many different words can",0.089513,0.8943,0.080052
191,333.0,336.0,SPEAKER_00,how many different words can you have for remote control?,0.101337,0.8943,0.090625
192,334.5,337.5,SPEAKER_00,"you have for remote control? Up, down,",0.025927,0.8832,0.022899
193,336.0,339.0,SPEAKER_00,"Up, down, left, right, channel",0.022505,0.8721,0.019627
194,337.5,340.5,SPEAKER_00,"left, right, channel five, channel seven.",0.011431,0.8441,0.009649
195,339.0,342.0,SPEAKER_00,"five, channel seven. You can't have that many words.",0.546713,0.8441,0.461481
196,340.5,343.5,SPEAKER_00,You can't have that many words. For a fixed,0.166576,0.7898,0.131562
197,342.0,345.0,SPEAKER_00,"For a fixed vocabulary, it works quite",0.03596,0.7898,0.028401
198,343.5,346.5,SPEAKER_00,"vocabulary, it works quite well. I'm pretty sure people will",0.038277,0.7833,0.029982
199,345.0,348.0,SPEAKER_00,well. I'm pretty sure people will buy it. But after,0.062113,0.8238,0.051169
200,346.5,349.5,SPEAKER_00,"buy it. But after a while, people may want to return it.",0.473963,0.854,0.404764
201,348.0,351.0,SPEAKER_00,"a while, people may want to return it. Because if you",0.402754,0.8532,0.34363
202,349.5,352.5,SPEAKER_00,"Because if you have to say, I",0.332417,0.8532,0.283618
203,351.0,354.0,SPEAKER_00,"have to say, I mean, most people use",0.116561,0.8013,0.093401
204,352.5,355.5,SPEAKER_00,"mean, most people use the remote control for",0.021713,0.8013,0.017399
205,354.0,357.0,SPEAKER_00,the remote control for switching to channels.,0.016576,0.8013,0.013282
206,355.5,358.5,SPEAKER_00,switching to channels. And they say they do that,0.085448,0.7654,0.065402
207,357.0,360.0,SPEAKER_00,And they say they do that about 98% of the time using,0.041098,0.7295,0.029981
208,358.5,361.5,SPEAKER_00,"about 98% of the time using the remote control, 98% of the time",0.029832,0.7295,0.021762
209,360.0,363.0,SPEAKER_00,"the remote control, 98% of the time for changing channels. And that's",0.046219,0.7752,0.035829
210,361.5,364.5,SPEAKER_00,for changing channels. And that's for flickering through channels.,0.236618,0.7752,0.183426
211,363.0,366.0,SPEAKER_00,for flickering through channels. So if you have to,0.072373,0.8232,0.059577
212,364.5,367.5,SPEAKER_00,"So if you have to say, up, up, up, up,",0.096977,0.8255,0.080054
213,366.0,369.0,SPEAKER_00,"say, up, up, up, up, if you have to do",0.338399,0.8255,0.279348
214,367.5,370.5,SPEAKER_00,"if you have to do that all the time, then",0.373318,0.8255,0.308174
215,369.0,372.0,SPEAKER_00,"that all the time, then people might get a bit",0.094886,0.8255,0.078328
216,370.5,373.5,SPEAKER_00,people might get a bit fed up with that and,0.163258,0.8255,0.13477
217,372.0,375.0,SPEAKER_00,"fed up with that and they may return it. However,",0.330909,0.7968,0.263668
218,373.5,376.5,SPEAKER_00,"they may return it. However, because the voice",0.513796,0.7968,0.409393
219,375.0,378.0,SPEAKER_00,"because the voice recognition software exists already,",0.372836,0.768,0.286338
220,376.5,379.5,SPEAKER_00,"recognition software exists already, there's no need",0.347137,0.768,0.266602
221,378.0,381.0,SPEAKER_00,there's no need to spend money,0.108118,0.768,0.083035
222,379.5,382.5,SPEAKER_00,to spend money on research and,0.48372,0.768,0.371497
223,381.0,384.0,SPEAKER_00,on research and development. But,0.239446,0.8102,0.193999
224,382.5,385.5,SPEAKER_00,development. But this doesn't mean the,0.307097,0.8102,0.24881
225,384.0,387.0,SPEAKER_00,this doesn't mean the need for microphones in,0.528743,0.8524,0.4507
226,385.5,388.5,SPEAKER_00,"need for microphones in the remote control, which",0.620811,0.8524,0.529179
227,387.0,390.0,SPEAKER_00,"the remote control, which is an unusual feature",0.089864,0.8524,0.0766
228,388.5,391.5,SPEAKER_00,is an unusual feature in my opinion. But if,0.221724,0.8427,0.186847
229,390.0,393.0,SPEAKER_00,in my opinion. But if we do have the voice,0.039659,0.8427,0.033421
230,391.5,394.5,SPEAKER_00,"we do have the voice recognition thing, there's a lot of",0.284951,0.8331,0.237392
231,393.0,396.0,SPEAKER_00,"recognition thing, there's a lot of stuff that you can get",0.015434,0.8331,0.012858
232,394.5,397.5,SPEAKER_00,stuff that you can get rid of.,0.227778,0.8331,0.189762
233,396.0,399.0,SPEAKER_00,"rid of. See, there are two options.",0.420272,0.7814,0.328401
234,397.5,400.5,SPEAKER_00,"See, there are two options. Even if you have voice",0.021977,0.7387,0.016234
235,399.0,402.0,SPEAKER_00,"Even if you have voice recognition by itself, which I think",0.086945,0.7387,0.064226
236,400.5,403.5,SPEAKER_00,"recognition by itself, which I think is a bit impractical for",0.081172,0.7475,0.060676
237,402.0,405.0,SPEAKER_00,is a bit impractical for nighttime. If you want to be,0.095192,0.7127,0.067843
238,403.5,406.5,SPEAKER_00,"nighttime. If you want to be watching television, you want to be",0.03575,0.7127,0.025479
239,405.0,408.0,SPEAKER_00,"watching television, you want to be quiet, or I don't know, you",0.18832,0.6778,0.127644
240,406.5,409.5,SPEAKER_00,"quiet, or I don't know, you have a visitor come around and the",0.252628,0.6778,0.171231
241,408.0,411.0,SPEAKER_00,have a visitor come around and the remote is only trained for you.,0.124953,0.6778,0.084693
242,409.5,412.5,SPEAKER_00,remote is only trained for you. It's a bit impractical to,0.080803,0.6875,0.055552
243,411.0,414.0,SPEAKER_00,It's a bit impractical to have just voice recognition by,0.201156,0.6973,0.140266
244,412.5,415.5,SPEAKER_00,have just voice recognition by itself. So you can have,0.076349,0.7402,0.056513
245,414.0,417.0,SPEAKER_00,itself. So you can have voice recognition and a,0.556782,0.7402,0.41213
246,415.5,418.5,SPEAKER_00,voice recognition and a regular remote. But imagine you,0.56462,0.8031,0.453446
247,417.0,420.0,SPEAKER_00,regular remote. But imagine you got rid of the regular remote part.,0.243827,0.8031,0.195817
248,418.5,421.5,SPEAKER_00,got rid of the regular remote part. Then you,0.026875,0.8223,0.022099
249,420.0,423.0,SPEAKER_00,Then you can design the remote to,0.085325,0.8223,0.070163
250,421.5,424.5,SPEAKER_00,can design the remote to look any way you want,0.055922,0.8216,0.045945
251,423.0,426.0,SPEAKER_00,look any way you want it to look because,0.038084,0.8216,0.03129
252,424.5,427.5,SPEAKER_00,it to look because there are no restrictions on,0.066397,0.8216,0.054552
253,426.0,429.0,SPEAKER_00,there are no restrictions on physical size or shape.,0.182724,0.8216,0.150126
254,427.5,430.5,SPEAKER_00,physical size or shape. It could be as fancy,0.095445,0.7986,0.076222
255,429.0,432.0,SPEAKER_00,It could be as fancy as you want it to be. It,0.01681,0.8005,0.013456
256,430.5,433.5,SPEAKER_00,"as you want it to be. It could be like a lollipop,",0.032739,0.8005,0.026208
257,432.0,435.0,SPEAKER_00,"could be like a lollipop, something weird like that.",0.584371,0.8253,0.482281
258,433.5,436.5,SPEAKER_00,something weird like that. As long as,0.573531,0.8185,0.469435
259,435.0,438.0,SPEAKER_00,As long as the voice recognition,0.484774,0.8118,0.39354
260,436.5,439.5,SPEAKER_00,"the voice recognition stuff works, that's fine.",0.182655,0.8118,0.148279
261,438.0,441.0,SPEAKER_00,"stuff works, that's fine. So we had the free birds.",0.054929,0.8249,0.045311
262,439.5,442.5,SPEAKER_00,So we had the free birds. We have the,0.088813,0.8249,0.073262
263,441.0,444.0,SPEAKER_00,We have the design bit. We,0.093245,0.8805,0.082102
264,442.5,445.5,SPEAKER_00,"design bit. We have the fancy bit,",0.007665,0.8805,0.006749
265,444.0,447.0,SPEAKER_00,"have the fancy bit, right? The voice recognition is fancy.",0.223759,0.7771,0.173883
266,445.5,448.5,SPEAKER_00,right? The voice recognition is fancy. It's cool. It's different.,0.04671,0.7769,0.036289
267,447.0,450.0,SPEAKER_00,It's cool. It's different. It's radical.,0.06627,0.7667,0.050809
268,448.5,451.5,SPEAKER_00,It's radical. And then we have,0.186187,0.8952,0.166675
269,450.0,453.0,SPEAKER_00,And then we have an extra bit. I don't remember.,0.253829,0.7972,0.202352
270,451.5,454.5,SPEAKER_00,an extra bit. I don't remember.,0.67647,0.7972,0.539282
271,453.0,456.0,SPEAKER_00,So I'm pretty sure people,0.723466,0.7467,0.540212
272,454.5,457.5,SPEAKER_00,So I'm pretty sure people will buy the remote. But is,0.073265,0.8018,0.058744
273,456.0,459.0,SPEAKER_00,will buy the remote. But is it practical to have a,0.147494,0.8018,0.118261
274,457.5,460.5,SPEAKER_00,it practical to have a voice recognition system in a remote,0.020243,0.7726,0.01564
275,459.0,462.0,SPEAKER_00,voice recognition system in a remote control? I think it's a big question.,0.147734,0.7982,0.117921
276,460.5,463.5,SPEAKER_00,control? I think it's a big question.,0.029601,0.8035,0.023785
277,462.0,465.0,SPEAKER_00,Will people Will people,0.127598,0.7989,0.101938
278,463.5,466.5,SPEAKER_00,Will people Will people be willing to wait,0.101595,0.7864,0.079894
279,465.0,468.0,SPEAKER_00,be willing to wait for the period that it,0.078919,0.7588,0.059884
280,466.5,469.5,SPEAKER_00,for the period that it will take to train the,0.192043,0.7588,0.145722
281,468.0,471.0,SPEAKER_00,will take to train the remote? Because I think it will.,0.606001,0.8267,0.500981
282,469.5,472.5,SPEAKER_00,remote? Because I think it will. The remote will get,0.580821,0.8362,0.485682
283,471.0,474.0,SPEAKER_00,The remote will get better over time with the,0.183753,0.8553,0.157164
284,472.5,475.5,SPEAKER_00,better over time with the same user.,0.301002,0.8553,0.257447
285,474.0,477.0,SPEAKER_00,same user. But for the,0.022736,0.855,0.019439
286,475.5,478.5,SPEAKER_00,But for the first week or the,0.024437,0.8547,0.020886
287,477.0,480.0,SPEAKER_00,"first week or the first two weeks, are you",0.032218,0.8547,0.027536
288,478.5,481.5,SPEAKER_00,"first two weeks, are you willing to have a",0.079096,0.8547,0.067603
289,480.0,483.0,SPEAKER_00,willing to have a bad remote control? And what,0.505267,0.88,0.444635
290,481.5,484.5,SPEAKER_00,bad remote control? And what if you have visitors,0.55469,0.88,0.488128
291,483.0,486.0,SPEAKER_00,if you have visitors come around? They stay,0.061571,0.8155,0.050211
292,484.5,487.5,SPEAKER_00,come around? They stay the night. They want to use the TV. They,0.141943,0.7747,0.109963
293,486.0,489.0,SPEAKER_00,the night. They want to use the TV. They can't use the remote because,0.214721,0.7311,0.156982
294,487.5,490.5,SPEAKER_00,can't use the remote because they speak differently to you.,0.041181,0.7551,0.031096
295,489.0,492.0,SPEAKER_00,they speak differently to you. How do you account,0.036208,0.8324,0.030139
296,490.5,493.5,SPEAKER_00,How do you account for regional accents and stuff like,0.022621,0.9097,0.020578
297,492.0,495.0,SPEAKER_00,for regional accents and stuff like that?,0.287654,0.9097,0.261679
298,493.5,496.5,SPEAKER_00,that? Will people,0.066485,0.8162,0.054265
299,495.0,498.0,SPEAKER_00,Will people return the remote control? I think,0.064792,0.746,0.048335
300,496.5,499.5,SPEAKER_00,return the remote control? I think a lot of young people will buy the,0.054013,0.746,0.040293
301,498.0,501.0,SPEAKER_00,a lot of young people will buy the remote control if they have the money.,0.004123,0.7692,0.003172
302,499.5,502.5,SPEAKER_00,remote control if they have the money. So do our audience have,0.007261,0.7343,0.005331
303,501.0,504.0,SPEAKER_00,So do our audience have the money? But will,0.041077,0.7079,0.029079
304,502.5,505.5,SPEAKER_00,the money? But will they return it after a,0.402447,0.7079,0.284892
305,504.0,507.0,SPEAKER_00,they return it after a while because it's not as fast,0.467822,0.7163,0.335101
306,505.5,508.5,SPEAKER_00,while because it's not as fast as pressing the button? That's not,0.308605,0.7857,0.242471
307,507.0,510.0,SPEAKER_00,"as pressing the button? That's not a practical. So, if you",0.47529,0.7467,0.354899
308,508.5,511.5,SPEAKER_00,"a practical. So, if you use the things I think",0.078879,0.7619,0.060098
309,510.0,513.0,SPEAKER_00,"use the things I think we should consider, I think it's",0.081897,0.6687,0.054764
310,517.5,520.5,SPEAKER_00,"Sure, I'm about there. I think it's cool,",0.052682,0.7596,0.040017
311,519.0,522.0,SPEAKER_00,"think it's cool, but there are",0.163778,0.7757,0.127042
312,520.5,523.5,SPEAKER_00,but there are definitely some considerations.,0.582561,0.7757,0.451892
313,523.5,526.5,SPEAKER_01,"Okay, excellent, right.",0.034235,0.7823,0.026782
314,528.0,531.0,SPEAKER_01,hear from the user interface designer,0.087046,0.6487,0.056467
315,529.5,532.5,SPEAKER_01,"from the user interface designer now, I think might",0.062299,0.6487,0.040413
316,531.0,534.0,SPEAKER_01,"now, I think might be an idea. OK.",0.047342,0.7068,0.033461
317,532.5,535.5,SPEAKER_01,be an idea. OK. You've got,0.119742,0.7068,0.084633
318,534.0,537.0,SPEAKER_01,You've got your presentation,0.040204,0.765,0.030756
319,535.5,538.5,SPEAKER_01,your presentation now. Is it on the?,0.018691,0.5798,0.010837
320,537.0,540.0,SPEAKER_01,now. Is it on the? It's in the whole. Is,0.025164,0.5437,0.013682
321,544.5,547.5,SPEAKER_00,Right here. Technical functions.,0.165763,0.5548,0.091965
322,546.0,549.0,SPEAKER_00,Technical functions. I,0.356988,0.6039,0.215585
323,547.5,550.5,SPEAKER_00,I started making stuff up. I got,0.320815,0.6177,0.198168
324,549.0,552.0,SPEAKER_00,"started making stuff up. I got an email saying,",0.350314,0.6177,0.216389
325,550.5,553.5,SPEAKER_00,"an email saying,",0.392391,0.5332,0.209223
326,555.0,558.0,SPEAKER_03,OK. OK. This,0.598857,0.5935,0.355422
327,556.5,559.5,SPEAKER_03,OK. OK. This is a brief run,0.182788,0.5935,0.108484
328,558.0,561.0,SPEAKER_03,is a brief run through of the technical,0.172094,0.751,0.129243
329,559.5,562.5,SPEAKER_03,through of the technical functions of the remote.,0.184642,0.751,0.138666
330,561.0,564.0,SPEAKER_03,functions of the remote.,0.049962,0.751,0.037521
331,562.5,565.5,SPEAKER_03,The presentation is,0.004987,0.8787,0.004382
332,564.0,567.0,SPEAKER_03,The presentation is already slightly obsolete,0.061375,0.8787,0.05393
333,565.5,568.5,SPEAKER_03,already slightly obsolete because I had in,0.089206,0.8787,0.078385
334,567.0,570.0,SPEAKER_03,because I had in mind something that,0.128739,0.8787,0.113123
335,568.5,571.5,SPEAKER_03,mind something that would be aimed at,0.075774,0.8787,0.066582
336,570.0,573.0,SPEAKER_03,"would be aimed at controlling multiple devices,",0.01218,0.8787,0.010703
337,571.5,574.5,SPEAKER_03,"controlling multiple devices, but there's still stuff",0.26958,0.8787,0.23688
338,573.0,576.0,SPEAKER_03,but there's still stuff of relevance.,0.211224,0.7529,0.159031
339,574.5,577.5,SPEAKER_03,of relevance. OK. press on.,0.175398,0.7894,0.138459
340,576.0,579.0,SPEAKER_03,OK. press on. I've looked,0.337966,0.7618,0.257462
341,577.5,580.5,SPEAKER_03,I've looked at a couple,0.118837,0.7958,0.094571
342,579.0,582.0,SPEAKER_03,at a couple of other remote,0.146338,0.7958,0.116456
343,580.5,583.5,SPEAKER_03,of other remote control models just,0.241459,0.7958,0.192153
344,582.0,585.0,SPEAKER_03,control models just for an idea,0.107181,0.7958,0.085295
345,583.5,586.5,SPEAKER_03,for an idea of basic design,0.094967,0.7958,0.075575
346,585.0,588.0,SPEAKER_03,of basic design principles and wasn't,0.065208,0.7958,0.051893
347,586.5,589.5,SPEAKER_03,principles and wasn't really satisfied by,0.629891,0.7958,0.501267
348,588.0,591.0,SPEAKER_03,really satisfied by what I saw have,0.404478,0.7958,0.321883
349,589.5,592.5,SPEAKER_03,what I saw have to say so,0.004063,0.7958,0.003233
350,591.0,594.0,SPEAKER_03,to say so this is more,0.059865,0.7958,0.047641
351,592.5,595.5,SPEAKER_03,this is more sort of springboard,0.070276,0.7958,0.055925
352,594.0,597.0,SPEAKER_03,sort of springboard for how these,0.086284,0.7958,0.068664
353,595.5,598.5,SPEAKER_03,for how these could be improved,0.028834,0.7958,0.022946
354,597.0,600.0,SPEAKER_03,could be improved on.,0.136547,0.7958,0.108664
355,598.5,601.5,SPEAKER_03,on. I'm basically the job,0.072047,0.8161,0.058797
356,600.0,603.0,SPEAKER_03,I'm basically the job of the device is,0.023572,0.8365,0.019718
357,601.5,604.5,SPEAKER_03,of the device is to send commands to,0.007481,0.8365,0.006258
358,603.0,606.0,SPEAKER_03,"to send commands to an appliance, in this",0.048465,0.8365,0.040541
359,604.5,607.5,SPEAKER_03,"an appliance, in this case the television set,",0.317471,0.8365,0.265565
360,606.0,609.0,SPEAKER_03,"case the television set, to say you're getting off",0.065745,0.8365,0.054996
361,607.5,610.5,SPEAKER_03,to say you're getting off your backside.,0.057227,0.8365,0.047871
362,609.0,612.0,SPEAKER_03,your backside. And there's,0.106812,0.8338,0.08906
363,610.5,613.5,SPEAKER_03,And there's two main,0.005424,0.8311,0.004508
364,612.0,615.0,SPEAKER_03,two main trends in,0.050021,0.8311,0.041572
365,613.5,616.5,SPEAKER_03,trends in the design practice.,0.083002,0.8311,0.068983
366,615.0,618.0,SPEAKER_03,the design practice. On the one,0.028019,0.7517,0.021062
367,616.5,619.5,SPEAKER_03,"On the one hand, this particularly relates",0.057559,0.7517,0.043267
368,618.0,621.0,SPEAKER_03,"hand, this particularly relates to sort of earliest",0.063526,0.6723,0.042708
369,619.5,622.5,SPEAKER_03,"to sort of earliest models where with, you",0.061801,0.6723,0.041548
370,621.0,624.0,SPEAKER_03,"models where with, you know, So many buttons",0.119384,0.7445,0.088881
371,622.5,625.5,SPEAKER_03,"know, So many buttons on this about the",0.024189,0.7445,0.018008
372,624.0,627.0,SPEAKER_03,on this about the size of the television set.,0.015773,0.8166,0.01288
373,625.5,628.5,SPEAKER_03,size of the television set. Every possible,0.020913,0.8131,0.017005
374,627.0,630.0,SPEAKER_03,Every possible function that the,0.015052,0.8131,0.012239
375,628.5,631.5,SPEAKER_03,"function that the device has, the",0.024606,0.8096,0.019921
376,630.0,633.0,SPEAKER_03,"device has, the remote control controls,",0.107727,0.8096,0.087216
377,631.5,634.5,SPEAKER_03,"remote control controls, and most of",0.21971,0.8096,0.177877
378,633.0,636.0,SPEAKER_03,and most of these functions are not,0.047209,0.8096,0.038221
379,634.5,637.5,SPEAKER_03,these functions are not going to be,0.10871,0.8096,0.088012
380,636.0,639.0,SPEAKER_03,going to be used. It creates,0.027278,0.8147,0.022224
381,637.5,640.5,SPEAKER_03,used. It creates a rather,0.061723,0.8147,0.050286
382,639.0,642.0,SPEAKER_03,a rather user unfriendly interface.,0.14883,0.8199,0.122025
383,640.5,643.5,SPEAKER_03,user unfriendly interface. On the other,0.23407,0.7641,0.178853
384,642.0,645.0,SPEAKER_03,"On the other hand, there's a user-focused",0.034482,0.7082,0.02442
385,643.5,646.5,SPEAKER_03,"hand, there's a user-focused approach that pairs things",0.006958,0.7082,0.004928
386,645.0,648.0,SPEAKER_03,approach that pairs things down to just what,0.003784,0.7082,0.00268
387,646.5,649.5,SPEAKER_03,down to just what is most likely to,0.113784,0.7082,0.080582
388,648.0,651.0,SPEAKER_03,is most likely to get used.,0.034834,0.7082,0.02467
389,649.5,652.5,SPEAKER_03,get used. And of,0.211751,0.7491,0.158623
390,651.0,654.0,SPEAKER_03,And of course there is a,0.647099,0.79,0.511208
391,652.5,655.5,SPEAKER_03,course there is a certain amount of loss,0.086486,0.79,0.068324
392,654.0,657.0,SPEAKER_03,"certain amount of loss of function here, obviously.",0.081937,0.79,0.06473
393,655.5,658.5,SPEAKER_03,"of function here, obviously. But mostly",0.154728,0.7799,0.120673
394,657.0,660.0,SPEAKER_03,But mostly that's relatively,0.016298,0.7799,0.012711
395,658.5,661.5,SPEAKER_03,that's relatively peripheral functions. And so,0.009152,0.7287,0.006669
396,660.0,663.0,SPEAKER_03,peripheral functions. And so you go for something that's fairly,0.013324,0.7287,0.009709
397,661.5,664.5,SPEAKER_03,you go for something that's fairly intuitive to use.,0.002811,0.6876,0.001933
398,663.0,666.0,SPEAKER_03,intuitive to use. And for the,0.016931,0.7073,0.011976
399,664.5,667.5,SPEAKER_03,"And for the most part, for",0.107165,0.7271,0.07792
400,666.0,669.0,SPEAKER_03,"most part, for TV remote, that",0.167681,0.7271,0.121921
401,667.5,670.5,SPEAKER_03,"TV remote, that would be channel control",0.049504,0.7271,0.035994
402,669.0,672.0,SPEAKER_03,would be channel control and volume.,0.02282,0.7271,0.016593
403,670.5,673.5,SPEAKER_03,and volume. And if,0.083999,0.6985,0.058673
404,672.0,675.0,SPEAKER_03,And if you are,0.018307,0.6699,0.012264
405,673.5,676.5,SPEAKER_03,you are wanting to,0.025374,0.6699,0.016998
406,675.0,678.0,SPEAKER_03,wanting to incorporate control,0.372036,0.6699,0.249227
407,676.5,679.5,SPEAKER_03,incorporate control of a,0.36513,0.6699,0.244601
408,678.0,681.0,SPEAKER_03,of a DVD or,0.27646,0.7257,0.200627
409,679.5,682.5,SPEAKER_03,DVD or We,0.082578,0.7257,0.059927
410,694.5,697.5,SPEAKER_03,But I think,0.15453,0.7628,0.117875
411,696.0,699.0,SPEAKER_03,But I think the problem with,0.461116,0.7628,0.351739
412,697.5,700.5,SPEAKER_03,the problem with a lot of user-focused,0.409209,0.7628,0.312144
413,699.0,702.0,SPEAKER_03,a lot of user-focused designs that are,0.052382,0.7628,0.039957
414,700.5,703.5,SPEAKER_03,designs that are about is that,0.004933,0.7859,0.003877
415,702.0,705.0,SPEAKER_03,about is that they make assumptions,0.104555,0.7859,0.08217
416,703.5,706.5,SPEAKER_03,they make assumptions in advance,0.087683,0.809,0.070935
417,705.0,708.0,SPEAKER_03,in advance about what a,0.027585,0.809,0.022317
418,706.5,709.5,SPEAKER_03,about what a given user,0.170466,0.809,0.137907
419,708.0,711.0,SPEAKER_03,given user is going to,0.225281,0.809,0.182253
420,709.5,712.5,SPEAKER_03,is going to want to,0.027539,0.809,0.022279
421,711.0,714.0,SPEAKER_03,want to do most.,0.123495,0.809,0.099908
422,712.5,715.5,SPEAKER_03,do most. So something,0.182776,0.8178,0.149474
423,714.0,717.0,SPEAKER_03,So something that is more,0.244211,0.8267,0.20189
424,715.5,718.5,SPEAKER_03,that is more programmable that perhaps,0.077857,0.8267,0.064365
425,717.0,720.0,SPEAKER_03,programmable that perhaps has the full,0.03301,0.8267,0.027289
426,718.5,721.5,SPEAKER_03,has the full range of functions,0.002501,0.8267,0.002067
427,720.0,723.0,SPEAKER_03,"range of functions available to it,",0.031969,0.8267,0.026428
428,721.5,724.5,SPEAKER_03,"available to it, but you",0.585358,0.8267,0.483915
429,723.0,726.0,SPEAKER_03,but you can then specify,0.034488,0.8267,0.028511
430,724.5,727.5,SPEAKER_03,can then specify yourself what you're,0.005574,0.8267,0.004608
431,726.0,729.0,SPEAKER_03,yourself what you're most likely to,0.014159,0.8267,0.011705
432,727.5,730.5,SPEAKER_03,most likely to want.,0.068955,0.8267,0.057005
433,729.0,732.0,SPEAKER_03,want. So those are,0.018876,0.8053,0.015201
434,730.5,733.5,SPEAKER_03,So those are then immediately accessible through,0.053977,0.7838,0.042307
435,732.0,735.0,SPEAKER_03,then immediately accessible through a fairly minimal number,0.226107,0.7838,0.177223
436,733.5,736.5,SPEAKER_03,a fairly minimal number of controls.,0.114097,0.7838,0.08943
437,735.0,738.0,SPEAKER_03,of controls. I liked Ebenezer's,0.310911,0.7799,0.24248
438,736.5,739.5,SPEAKER_03,I liked Ebenezer's idea of including a,0.391842,0.7759,0.30403
439,738.0,741.0,SPEAKER_03,idea of including a joystick in that and,0.021187,0.7759,0.016439
440,739.5,742.5,SPEAKER_03,joystick in that and possibly a fairly minimal number,0.006617,0.7759,0.005134
441,741.0,744.0,SPEAKER_03,possibly a fairly minimal number of function buttons.,0.034043,0.7759,0.026414
442,742.5,745.5,SPEAKER_03,of function buttons.,0.05354,0.7759,0.041542
443,744.0,747.0,SPEAKER_03,You then have some sort of,0.026369,0.871,0.022968
444,745.5,748.5,SPEAKER_03,You then have some sort of basic display on it. So,0.008127,0.8359,0.006793
445,747.0,750.0,SPEAKER_03,basic display on it. So if you're changing,0.024505,0.8359,0.020484
446,748.5,751.5,SPEAKER_03,if you're changing between different modes,0.17475,0.8008,0.13994
447,750.0,753.0,SPEAKER_03,"between different modes for the device, it'll",0.165112,0.8008,0.132222
448,751.5,754.5,SPEAKER_03,"for the device, it'll tell you just",0.074946,0.8008,0.060017
449,753.0,756.0,SPEAKER_03,tell you just exactly what in,0.050224,0.8008,0.040219
450,754.5,757.5,SPEAKER_03,exactly what in each direction of,0.108364,0.8008,0.086778
451,756.0,759.0,SPEAKER_03,each direction of the,0.132776,0.8008,0.106327
452,759.0,762.0,SPEAKER_03,of the joysticks that you're going,0.511548,0.7133,0.364887
453,760.5,763.5,SPEAKER_03,the joysticks that you're going to do or what each,0.78378,0.7133,0.55907
454,762.0,765.0,SPEAKER_03,to do or what each function button is going to do.,0.010017,0.7133,0.007145
455,763.5,766.5,SPEAKER_03,function button is going to do.,0.003983,0.7133,0.002841
456,765.0,768.0,SPEAKER_03,"This is actually,",0.088435,0.7352,0.065017
457,766.5,769.5,SPEAKER_03,"This is actually, again, slightly taking inspiration",0.032424,0.7571,0.024548
458,768.0,771.0,SPEAKER_03,"again, slightly taking inspiration off of games controllers",0.009101,0.7571,0.00689
459,769.5,772.5,SPEAKER_03,off of games controllers in the PlayStation,0.04162,0.7571,0.031511
460,771.0,774.0,SPEAKER_03,in the PlayStation controller where you have,0.020998,0.7571,0.015897
461,772.5,775.5,SPEAKER_03,controller where you have four basic function,0.004459,0.7571,0.003376
462,774.0,777.0,SPEAKER_03,four basic function buttons that are just,0.005949,0.7571,0.004504
463,775.5,778.5,SPEAKER_03,buttons that are just marked with distinctive geometrical,0.02939,0.7571,0.022251
464,777.0,780.0,SPEAKER_03,marked with distinctive geometrical shapes and then,0.017162,0.7571,0.012994
465,778.5,781.5,SPEAKER_03,shapes and then dependent on what you're,0.049362,0.7571,0.037372
466,780.0,783.0,SPEAKER_03,"dependent on what you're doing with it,",0.059622,0.7571,0.04514
467,781.5,784.5,SPEAKER_03,"doing with it, what game in this",0.004016,0.7571,0.003041
468,783.0,786.0,SPEAKER_03,what game in this case. Those functions are,0.004729,0.7057,0.003337
469,784.5,787.5,SPEAKER_03,case. Those functions are then sort of,0.042664,0.7057,0.030108
470,786.0,789.0,SPEAKER_03,"then sort of further specified, so it's",0.072813,0.6543,0.047642
471,787.5,790.5,SPEAKER_03,"further specified, so it's taking the lead from",0.010633,0.6543,0.006957
472,789.0,792.0,SPEAKER_03,taking the lead from that.,0.081458,0.6543,0.053298
473,796.5,799.5,SPEAKER_01,If we could hear from,0.041564,0.799,0.03321
474,798.0,801.0,SPEAKER_01,If we could hear from our industrial engineer or,0.065505,0.799,0.052338
475,802.5,805.5,SPEAKER_04,still working on stuff I haven't got it,0.266987,0.4703,0.125564
476,804.0,807.0,SPEAKER_04,I haven't got it finished.,0.200733,0.4703,0.094405
477,805.5,808.5,SPEAKER_04,finished. Where do I,0.047273,0.5645,0.026686
478,807.0,810.0,SPEAKER_04,Where do I have to save?,0.052154,0.6587,0.034354
479,810.0,813.0,SPEAKER_01,"If you look on the desktop, you'll find that",0.03281,0.7843,0.025733
480,811.5,814.5,SPEAKER_01,"the desktop, you'll find that there's a link to",0.005369,0.7843,0.004211
481,813.0,816.0,SPEAKER_01,there's a link to the project folder or project,0.117069,0.7843,0.091817
482,814.5,817.5,SPEAKER_01,the project folder or project documents. If,0.05294,0.7772,0.041145
483,816.0,819.0,SPEAKER_01,documents. If you save,0.166343,0.7772,0.129282
484,817.5,820.5,SPEAKER_01,you save it in,0.434186,0.7702,0.33441
485,819.0,822.0,SPEAKER_01,"it in there, we can",0.488378,0.7702,0.376149
486,820.5,823.5,SPEAKER_01,"there, we can open it",0.231636,0.7702,0.178406
487,822.0,825.0,SPEAKER_01,open it up from,0.144665,0.7702,0.111421
488,823.5,826.5,SPEAKER_01,up from here.,0.169818,0.7702,0.130794
489,858.0,861.0,SPEAKER_04,just after closing it now. I don't know where I saved,0.329152,0.4687,0.154273
490,862.5,865.5,SPEAKER_00,"you go to one, whichever one you want. Yeah,",0.044576,0.5541,0.0247
491,864.0,867.0,SPEAKER_00,"one you want. Yeah, it does a dare, yeah. Yeah,",0.535806,0.425,0.227718
492,865.5,868.5,SPEAKER_00,"it does a dare, yeah. Yeah, and you just go file save as.",0.86658,0.3292,0.285278
493,867.0,870.0,SPEAKER_00,and you just go file save as.,0.113406,0.1669,0.018927
494,885.0,888.0,SPEAKER_04,I'm responsible for a,0.250017,0.7912,0.197813
495,886.5,889.5,SPEAKER_04,responsible for a working design.,0.235427,0.7912,0.186269
496,888.0,891.0,SPEAKER_04,working design. This is,0.020892,0.761,0.015899
497,889.5,892.5,SPEAKER_04,This is basically the inside,0.321579,0.7308,0.23501
498,891.0,894.0,SPEAKER_04,basically the inside going on,0.168308,0.7308,0.123
499,892.5,895.5,SPEAKER_04,going on of the remote,0.322535,0.7308,0.235708
500,894.0,897.0,SPEAKER_04,of the remote control. So you have the energy,0.14245,0.7575,0.107906
501,895.5,898.5,SPEAKER_04,control. So you have the energy source. You have the,0.202025,0.7923,0.160065
502,897.0,900.0,SPEAKER_04,source. You have the user interface. This is what,0.032688,0.8443,0.027598
503,898.5,901.5,SPEAKER_04,user interface. This is what I've seen. The,0.011642,0.8118,0.009451
504,900.0,903.0,SPEAKER_04,I've seen. The sender will push the,0.021925,0.7868,0.017251
505,901.5,904.5,SPEAKER_04,sender will push the button. The chip,0.367579,0.7754,0.285021
506,903.0,906.0,SPEAKER_04,button. The chip will respond.,0.249669,0.7754,0.193594
507,904.5,907.5,SPEAKER_04,will respond. And then the,0.04824,0.8497,0.040989
508,906.0,909.0,SPEAKER_04,And then the digital signal is sent,0.073002,0.8353,0.060979
509,907.5,910.5,SPEAKER_04,digital signal is sent to the TV.,0.195746,0.8353,0.163507
510,909.0,912.0,SPEAKER_04,to the TV.,0.237894,0.8059,0.191719
511,910.5,913.5,SPEAKER_04,If you go to,0.326828,0.7765,0.253782
512,912.0,915.0,SPEAKER_04,"If you go to the next slide, you'll",0.253098,0.7765,0.196531
513,913.5,916.5,SPEAKER_04,"the next slide, you'll see what do",0.226337,0.7765,0.175751
514,915.0,918.0,SPEAKER_04,see what do we need on the,0.096888,0.7765,0.075234
515,916.5,919.5,SPEAKER_04,we need on the user interface. Do we,0.480593,0.8388,0.403122
516,918.0,921.0,SPEAKER_04,user interface. Do we need many buttons?,0.163889,0.8388,0.13747
517,919.5,922.5,SPEAKER_04,need many buttons? Or do,0.146314,0.8562,0.125274
518,921.0,924.0,SPEAKER_04,Or do we need many light,0.032995,0.8113,0.026769
519,922.5,925.5,SPEAKER_04,we need many light bulbs that could be easier,0.11847,0.8113,0.096114
520,924.0,927.0,SPEAKER_04,bulbs that could be easier to realize which appliances,0.068393,0.8113,0.055487
521,925.5,928.5,SPEAKER_04,to realize which appliances are on or not?,0.026386,0.8113,0.021407
522,927.0,930.0,SPEAKER_04,are on or not?,0.034365,0.8113,0.027881
523,928.5,931.5,SPEAKER_04,Or would that take too much power?,0.174577,0.7467,0.130356
524,930.0,933.0,SPEAKER_04,Or would that take too much power? Would we,0.289417,0.7266,0.210291
525,931.5,934.5,SPEAKER_04,Would we need more components,0.40124,0.7266,0.291541
526,933.0,936.0,SPEAKER_04,need more components in there,0.015218,0.7711,0.011735
527,934.5,937.5,SPEAKER_04,in there to supply the,0.07112,0.7711,0.054841
528,936.0,939.0,SPEAKER_04,to supply the power? The,0.054818,0.7629,0.04182
529,937.5,940.5,SPEAKER_04,power? The joystick is another,0.136677,0.7629,0.104271
530,939.0,942.0,SPEAKER_04,joystick is another thing if we're,0.266016,0.7546,0.200736
531,940.5,943.5,SPEAKER_04,thing if we're gonna add that,0.334463,0.7546,0.252386
532,942.0,945.0,SPEAKER_04,gonna add that and there'll be,0.014782,0.7546,0.011155
533,943.5,946.5,SPEAKER_04,and there'll be more components,0.032892,0.7546,0.02482
534,945.0,948.0,SPEAKER_04,more components to deal with,0.389624,0.7546,0.29401
535,946.5,949.5,SPEAKER_04,to deal with that So we,0.24228,0.7546,0.182824
536,948.0,951.0,SPEAKER_04,that So we need to I,0.424794,0.7546,0.320549
537,949.5,952.5,SPEAKER_04,need to I don't know exactly,0.35743,0.7546,0.269716
538,951.0,954.0,SPEAKER_04,don't know exactly what,0.410353,0.7546,0.309652
539,955.5,958.5,SPEAKER_04,That's the design of the,0.026353,0.8863,0.023356
540,957.0,960.0,SPEAKER_04,design of the layout of the,0.055887,0.8863,0.049533
541,958.5,961.5,SPEAKER_04,layout of the electronic design.,0.053303,0.7744,0.041278
542,960.0,963.0,SPEAKER_04,"electronic design. But obviously, there'll be more",0.009442,0.7744,0.007312
543,961.5,964.5,SPEAKER_04,"But obviously, there'll be more details once we decide what we're",0.066998,0.6626,0.044393
544,963.0,966.0,SPEAKER_04,details once we decide what we're putting on the user interface.,0.038342,0.6626,0.025405
545,964.5,967.5,SPEAKER_04,putting on the user interface. So,0.106809,0.7362,0.078633
546,966.0,969.0,SPEAKER_04,"So that will be decided,",0.361184,0.7362,0.265903
547,967.5,970.5,SPEAKER_04,"that will be decided, I guess.",0.351913,0.8099,0.285014
548,972.0,975.0,SPEAKER_04,In the next slide.,0.066312,0.8468,0.056153
549,975.0,978.0,SPEAKER_04,If you go,0.097694,0.7643,0.074668
550,976.5,979.5,SPEAKER_04,If you go to the next slide,0.15862,0.6818,0.108147
551,978.0,981.0,SPEAKER_04,"to the next slide then, I just used T.",0.797489,0.6818,0.543728
552,979.5,982.5,SPEAKER_04,"then, I just used T. It was a mess.",0.887936,0.6818,0.605395
553,981.0,984.0,SPEAKER_04,"It was a mess. I was just putting, I think it's",0.743087,0.7006,0.520607
554,982.5,985.5,SPEAKER_04,"I was just putting, I think it's a gather at the end there.",0.25175,0.7193,0.181084
555,987.0,990.0,SPEAKER_04,So you have the energy,0.552617,0.7204,0.398105
556,988.5,991.5,SPEAKER_04,you have the energy source obviously connected to,0.049341,0.7204,0.035545
557,990.0,993.0,SPEAKER_04,source obviously connected to the chip and the,0.013007,0.7204,0.00937
558,991.5,994.5,SPEAKER_04,the chip and the user interface obviously contains,0.040108,0.7204,0.028893
559,993.0,996.0,SPEAKER_04,"user interface obviously contains everything. You have the switch,",0.130133,0.7336,0.095466
560,994.5,997.5,SPEAKER_04,"everything. You have the switch, turn it on, infrared bulb.",0.331963,0.7336,0.243528
561,996.0,999.0,SPEAKER_04,"turn it on, infrared bulb.",0.306255,0.7468,0.228711
562,997.5,1000.5,SPEAKER_04,We'll contact the,0.098858,0.7892,0.078019
563,999.0,1002.0,SPEAKER_04,We'll contact the TV and we'll have,0.021621,0.7892,0.017063
564,1000.5,1003.5,SPEAKER_04,TV and we'll have whatever device or DVD,0.193018,0.7892,0.15233
565,1002.0,1005.0,SPEAKER_04,whatever device or DVD player the bulb will,0.039306,0.7892,0.031021
566,1003.5,1006.5,SPEAKER_04,"player the bulb will turn on, say it's",0.019021,0.7892,0.015011
567,1005.0,1008.0,SPEAKER_04,"turn on, say it's on. So do",0.182171,0.7891,0.143751
568,1006.5,1009.5,SPEAKER_04,"on. So do we need, on the",0.280053,0.7891,0.22099
569,1008.0,1011.0,SPEAKER_04,"we need, on the control, different buttons to",0.442461,0.7889,0.349057
570,1009.5,1012.5,SPEAKER_04,"control, different buttons to decide our different",0.329572,0.7889,0.259999
571,1011.0,1014.0,SPEAKER_04,decide our different light bulbs? Would it be,0.040559,0.6774,0.027474
572,1012.5,1015.5,SPEAKER_04,light bulbs? Would it be easier?,0.15768,0.6774,0.106812
573,1014.0,1017.0,SPEAKER_04,"easier? I don't know, we",0.836798,0.6447,0.539484
574,1018.5,1021.5,SPEAKER_01,"Okay, well, I'll try.",0.056886,0.6719,0.038222
575,1030.5,1033.5,SPEAKER_01,We can probably skip that for now.,0.51323,0.6619,0.339707
576,1032.0,1035.0,SPEAKER_01,can probably skip that for now. So we've,0.065625,0.7547,0.049527
577,1033.5,1036.5,SPEAKER_01,So we've had some stuff,0.005019,0.8475,0.004254
578,1035.0,1038.0,SPEAKER_01,"had some stuff put forward, along",0.02931,0.8475,0.02484
579,1036.5,1039.5,SPEAKER_01,"put forward, along with the new",0.071817,0.8475,0.060865
580,1038.0,1041.0,SPEAKER_01,with the new user requirements.,0.042102,0.8475,0.035682
581,1045.5,1048.5,SPEAKER_01,"We've had a lot of input, I'd",0.159184,0.7653,0.121823
582,1047.0,1050.0,SPEAKER_01,"a lot of input, I'd say, so far.",0.029934,0.7653,0.022909
583,1048.5,1051.5,SPEAKER_01,"say, so far. I",0.016744,0.8122,0.013599
584,1050.0,1053.0,SPEAKER_01,I hear what,0.145873,0.8591,0.125319
585,1051.5,1054.5,SPEAKER_01,hear what the marketing experts,0.290157,0.8591,0.249274
586,1053.0,1056.0,SPEAKER_01,the marketing experts saying about voice-activated,0.126972,0.8591,0.109081
587,1054.5,1057.5,SPEAKER_01,"saying about voice-activated control. However, I've",0.07312,0.8562,0.062606
588,1056.0,1059.0,SPEAKER_01,"control. However, I've got a couple of worries about",0.078985,0.8562,0.067627
589,1057.5,1060.5,SPEAKER_01,got a couple of worries about that.,0.191158,0.8533,0.163115
590,1059.0,1062.0,SPEAKER_01,that. The power required,0.099075,0.8148,0.080726
591,1060.5,1063.5,SPEAKER_01,The power required and the ability,0.005107,0.7763,0.003965
592,1062.0,1065.0,SPEAKER_01,"and the ability to cost, it seems",0.009164,0.7763,0.007114
593,1063.5,1066.5,SPEAKER_01,"to cost, it seems like for an",0.156022,0.7763,0.12112
594,1065.0,1068.0,SPEAKER_01,like for an embedded system this could,0.171532,0.7763,0.133161
595,1066.5,1069.5,SPEAKER_01,embedded system this could cause us issues.,0.130255,0.7763,0.101117
596,1068.0,1071.0,SPEAKER_01,cause us issues.,0.454356,0.7763,0.352716
597,1071.0,1074.0,SPEAKER_01,"For example, you see that",0.036246,0.8768,0.031781
598,1072.5,1075.5,SPEAKER_01,you see that there's fairly robust,0.024076,0.8768,0.02111
599,1074.0,1077.0,SPEAKER_01,there's fairly robust services on computers via,0.004663,0.8768,0.004089
600,1075.5,1078.5,SPEAKER_01,"services on computers via voice, IBM do.",0.10545,0.8385,0.08842
601,1077.0,1080.0,SPEAKER_01,"voice, IBM do. but these",0.386015,0.8385,0.323674
602,1078.5,1081.5,SPEAKER_01,but these require a lot,0.085708,0.8002,0.068584
603,1080.0,1083.0,SPEAKER_01,require a lot of memory,0.132963,0.8002,0.106397
604,1081.5,1084.5,SPEAKER_01,of memory and usually state,0.17033,0.8002,0.136298
605,1083.0,1086.0,SPEAKER_01,and usually state quite advanced,0.214556,0.8002,0.171688
606,1084.5,1087.5,SPEAKER_01,quite advanced processor requirements.,0.162022,0.8002,0.12965
607,1089.0,1092.0,SPEAKER_01,Voice activation could be an,0.243168,0.7903,0.192176
608,1090.5,1093.5,SPEAKER_01,"could be an interesting idea, but",0.081601,0.7903,0.064489
609,1092.0,1095.0,SPEAKER_01,"interesting idea, but I think that",0.068974,0.7903,0.05451
610,1093.5,1096.5,SPEAKER_01,I think that our industrial designer,0.05416,0.7903,0.042803
611,1095.0,1098.0,SPEAKER_01,"our industrial designer would probably, upon",0.017964,0.7903,0.014197
612,1096.5,1099.5,SPEAKER_01,"would probably, upon some research, say",0.059259,0.7903,0.046832
613,1098.0,1101.0,SPEAKER_01,"some research, say that it's maybe",0.244435,0.7903,0.193177
614,1099.5,1102.5,SPEAKER_01,that it's maybe not feasible. That's just,0.197275,0.8242,0.162594
615,1101.0,1104.0,SPEAKER_01,not feasible. That's just my view right now however,0.261647,0.8242,0.215649
616,1102.5,1105.5,SPEAKER_01,my view right now however the idea of a joystick,0.009252,0.8581,0.007939
617,1104.0,1107.0,SPEAKER_01,the idea of a joystick and then maybe an LCD,0.075917,0.8581,0.065144
618,1105.5,1108.5,SPEAKER_01,and then maybe an LCD which has been kind,0.045936,0.8581,0.039418
619,1107.0,1110.0,SPEAKER_01,which has been kind of put forward so far,0.177214,0.8581,0.152067
620,1108.5,1111.5,SPEAKER_01,of put forward so far It's almost like having a,0.140235,0.8581,0.120336
621,1110.0,1113.0,SPEAKER_01,It's almost like having a small,0.253605,0.8581,0.217618
622,1111.5,1114.5,SPEAKER_01,small I'm not TV,0.218476,0.843,0.184175
623,1113.0,1116.0,SPEAKER_01,"I'm not TV to say, but if you",0.032046,0.828,0.026534
624,1114.5,1117.5,SPEAKER_01,"to say, but if you can control almost all of",0.024219,0.828,0.020053
625,1116.0,1119.0,SPEAKER_01,"can control almost all of the functionality from the display,",0.242914,0.828,0.201133
626,1117.5,1120.5,SPEAKER_01,"the functionality from the display, I don't know how much",0.383978,0.828,0.317934
627,1119.0,1122.0,SPEAKER_01,"I don't know how much power an LCD would take,",0.452614,0.828,0.374765
628,1120.5,1123.5,SPEAKER_01,"power an LCD would take, but it might be quite",0.178181,0.828,0.147534
629,1125.0,1128.0,SPEAKER_04,under a mouth just telling you,0.084851,0.6312,0.053558
630,1126.5,1129.5,SPEAKER_04,"just telling you what's on, or",0.078553,0.6312,0.049583
631,1131.0,1134.0,SPEAKER_01,you can imagine a display maybe,0.065613,0.8339,0.054715
632,1132.5,1135.5,SPEAKER_01,a display maybe slightly larger than,0.16692,0.8339,0.139195
633,1134.0,1137.0,SPEAKER_01,slightly larger than those on a,0.806186,0.8339,0.672279
634,1135.5,1138.5,SPEAKER_01,those on a mobile phone. Something,0.266705,0.8216,0.219125
635,1137.0,1140.0,SPEAKER_01,mobile phone. Something where you can read,0.041267,0.8216,0.033905
636,1138.5,1141.5,SPEAKER_01,where you can read a fair amount of information,0.057973,0.8093,0.046918
637,1140.0,1143.0,SPEAKER_01,a fair amount of information traverse maybe quite a,0.051205,0.8093,0.04144
638,1141.5,1144.5,SPEAKER_01,traverse maybe quite a few menus if we,0.070403,0.8093,0.056977
639,1143.0,1146.0,SPEAKER_01,few menus if we maybe use the mobile phones,0.105812,0.8093,0.085633
640,1144.5,1147.5,SPEAKER_01,maybe use the mobile phones as a good example,0.463673,0.8093,0.375251
641,1146.0,1149.0,SPEAKER_01,as a good example They usually incorporate they,0.165854,0.8093,0.134226
642,1147.5,1150.5,SPEAKER_01,They usually incorporate they have the keypad and,0.025791,0.8093,0.020872
643,1149.0,1152.0,SPEAKER_01,have the keypad and then ever all the other,0.03152,0.8093,0.025509
644,1150.5,1153.5,SPEAKER_01,then ever all the other functionality is usually associated,0.085389,0.8093,0.069105
645,1152.0,1155.0,SPEAKER_01,functionality is usually associated inside of a traversing,0.128634,0.8093,0.104103
646,1153.5,1156.5,SPEAKER_01,inside of a traversing around that could be one,0.089213,0.8093,0.0722
647,1155.0,1158.0,SPEAKER_01,around that could be one possibility and Then we,0.203975,0.8093,0.165077
648,1156.5,1159.5,SPEAKER_01,possibility and Then we could have like say,0.031584,0.8093,0.025561
649,1158.0,1161.0,SPEAKER_01,could have like say the common buttons as you,0.014442,0.8093,0.011688
650,1159.5,1162.5,SPEAKER_01,the common buttons as you say volume control changing,0.02658,0.8093,0.021511
651,1164.0,1167.0,SPEAKER_03,the remote and the sort of default functions for,0.116084,0.7672,0.08906
652,1165.5,1168.5,SPEAKER_03,sort of default functions for the joystick could be,0.011125,0.7672,0.008535
653,1167.0,1170.0,SPEAKER_03,the joystick could be up and down for,0.009376,0.7672,0.007193
654,1168.5,1171.5,SPEAKER_03,up and down for volume left and right for,0.013149,0.7672,0.010088
655,1170.0,1173.0,SPEAKER_03,volume left and right for channels.,0.018534,0.7672,0.014219
656,1173.0,1176.0,SPEAKER_04,Do you think that people get mixed up like,0.433366,0.7097,0.30756
657,1174.5,1177.5,SPEAKER_04,people get mixed up like they'd be looking at,0.422582,0.7097,0.299906
658,1176.0,1179.0,SPEAKER_04,they'd be looking at this screen and that screen,0.418961,0.7097,0.297336
659,1177.5,1180.5,SPEAKER_04,this screen and that screen and you know trying to,0.411995,0.7097,0.292393
660,1179.0,1182.0,SPEAKER_04,and you know trying to get everything working would be,0.064153,0.7097,0.04553
661,1183.5,1186.5,SPEAKER_03,think probably for the first couple of hours,0.017466,0.8739,0.015263
662,1185.0,1188.0,SPEAKER_03,first couple of hours of using it.,0.052818,0.8739,0.046157
663,1186.5,1189.5,SPEAKER_03,of using it.,0.368922,0.8659,0.319449
664,1188.0,1191.0,SPEAKER_03,But muscle memory is a,0.021924,0.8579,0.018809
665,1189.5,1192.5,SPEAKER_03,But muscle memory is a wonderful thing. I,0.677079,0.8578,0.580798
666,1191.0,1194.0,SPEAKER_03,wonderful thing. I think that,0.075943,0.8578,0.065143
667,1192.5,1195.5,SPEAKER_03,think that size of,0.042781,0.8576,0.036689
668,1194.0,1197.0,SPEAKER_03,size of display was,0.030634,0.8576,0.026272
669,1195.5,1198.5,SPEAKER_03,display was about what,0.007229,0.8576,0.0062
670,1197.0,1200.0,SPEAKER_03,about what I had,0.021833,0.8576,0.018724
671,1198.5,1201.5,SPEAKER_03,I had in mind.,0.048323,0.8576,0.041442
672,1200.0,1203.0,SPEAKER_03,"in mind. I mean, I",0.164672,0.7546,0.124261
673,1201.5,1204.5,SPEAKER_03,"I mean, I would say that",0.449859,0.7546,0.339464
674,1203.0,1206.0,SPEAKER_03,would say that we would probably,0.357003,0.6515,0.232588
675,1204.5,1207.5,SPEAKER_03,we would probably be required to...,0.061407,0.6515,0.040007
676,1206.0,1209.0,SPEAKER_03,be required to... Most,0.111172,0.687,0.076375
677,1207.5,1210.5,SPEAKER_03,Most of the mobile phone displays you,0.082618,0.7226,0.059699
678,1209.0,1212.0,SPEAKER_03,of the mobile phone displays you see these days are color,0.012179,0.7226,0.0088
679,1210.5,1213.5,SPEAKER_03,see these days are color books. You're probably trying to,0.003014,0.7015,0.002114
680,1212.0,1215.0,SPEAKER_03,books. You're probably trying to stick to black and white.,0.044513,0.7015,0.031226
681,1213.5,1216.5,SPEAKER_03,stick to black and white. Simply to keep the,0.014232,0.7205,0.010254
682,1215.0,1218.0,SPEAKER_03,Simply to keep the unit cost down.,0.013772,0.7606,0.010475
683,1216.5,1219.5,SPEAKER_03,"unit cost down. I mean,",0.023885,0.7409,0.017696
684,1218.0,1221.0,SPEAKER_03,"I mean, color could be",0.019224,0.7213,0.013866
685,1219.5,1222.5,SPEAKER_03,color could be a sort of,0.02685,0.7213,0.019367
686,1221.0,1224.0,SPEAKER_03,a sort of subsequent development that,0.321205,0.7213,0.231685
687,1222.5,1225.5,SPEAKER_03,subsequent development that costs a bit,0.105496,0.7213,0.076095
688,1224.0,1227.0,SPEAKER_03,costs a bit of extra money. Once,0.023332,0.6355,0.014827
689,1225.5,1228.5,SPEAKER_03,"of extra money. Once everyone's got the first,",0.031432,0.6355,0.019975
690,1227.0,1230.0,SPEAKER_03,"everyone's got the first, you know, colors out, we'll",0.020901,0.5497,0.011489
691,1228.5,1231.5,SPEAKER_03,"you know, colors out, we'll have to replace all",0.135515,0.5497,0.074493
692,1230.0,1233.0,SPEAKER_03,have to replace all units. It does nothing extra.,0.409141,0.6558,0.268314
693,1233.0,1236.0,SPEAKER_01,That would be my feeling as well. I think we could,0.006922,0.7856,0.005438
694,1234.5,1237.5,SPEAKER_01,as well. I think we could possibly create quite a useful,0.020016,0.7856,0.015724
695,1236.0,1239.0,SPEAKER_01,possibly create quite a useful user interface.,0.072756,0.6927,0.050398
696,1237.5,1240.5,SPEAKER_01,"user interface. Now, I mean, I don't, sorry,",0.300019,0.5655,0.169661
697,1242.0,1245.0,SPEAKER_00,"idea of a remote with a menu and the joystick, I",0.377249,0.7863,0.296631
698,1243.5,1246.5,SPEAKER_00,"a menu and the joystick, I think, like, if I was",0.482378,0.7863,0.379294
699,1245.0,1248.0,SPEAKER_00,"think, like, if I was in a habit of buying remote",0.309624,0.7863,0.243457
700,1246.5,1249.5,SPEAKER_00,"in a habit of buying remote controls, then I would want",0.358309,0.7863,0.281738
701,1248.0,1251.0,SPEAKER_00,"controls, then I would want one. But",0.028836,0.8207,0.023666
702,1249.5,1252.5,SPEAKER_00,one. But I think we don't have,0.033291,0.8207,0.027322
703,1251.0,1254.0,SPEAKER_00,"I think we don't have a specific audience, you",0.148187,0.8551,0.126714
704,1252.5,1255.5,SPEAKER_00,"a specific audience, you know? Like, what does",0.05639,0.7762,0.04377
705,1254.0,1257.0,SPEAKER_00,"know? Like, what does our target audience want? Neesh,",0.050078,0.7466,0.037388
706,1255.5,1258.5,SPEAKER_00,"our target audience want? Neesh, are we trying to",0.059373,0.6924,0.04111
707,1257.0,1260.0,SPEAKER_00,are we trying to mark it in corner?,0.041156,0.6874,0.028291
708,1258.5,1261.5,SPEAKER_00,mark it in corner? You know what,0.042946,0.6393,0.027455
709,1260.0,1263.0,SPEAKER_00,You know what I'm saying? For whom is,0.040131,0.7029,0.028208
710,1261.5,1264.5,SPEAKER_00,I'm saying? For whom is this intended? Everybody?,0.087956,0.7449,0.065518
711,1263.0,1266.0,SPEAKER_00,this intended? Everybody?,0.031731,0.8218,0.026076
712,1267.5,1270.5,SPEAKER_01,I think it could probably be aimed,0.081789,0.8276,0.067688
713,1269.0,1272.0,SPEAKER_01,think it could probably be aimed at most people who've used,0.073309,0.8276,0.06067
714,1270.5,1273.5,SPEAKER_01,at most people who've used a mobile.,0.358184,0.8275,0.296397
715,1272.0,1275.0,SPEAKER_01,a mobile. And that might be just another way,0.408626,0.8275,0.338138
716,1273.5,1276.5,SPEAKER_01,And that might be just another way of saying trying to target most people.,0.160833,0.8274,0.133073
717,1275.0,1278.0,SPEAKER_01,of saying trying to target most people.,0.09399,0.8274,0.077767
718,1278.0,1281.0,SPEAKER_01,"If we were to follow that avenue,",0.031775,0.8244,0.026195
719,1279.5,1282.5,SPEAKER_01,"were to follow that avenue, we might be, you",0.075468,0.8244,0.062216
720,1281.0,1284.0,SPEAKER_01,"we might be, you know, we're kind of",0.279829,0.8244,0.230691
721,1282.5,1285.5,SPEAKER_01,"know, we're kind of almost relying on their experience",0.234554,0.8244,0.193366
722,1284.0,1287.0,SPEAKER_01,"almost relying on their experience with a mobile phone,",0.085482,0.8244,0.070471
723,1285.5,1288.5,SPEAKER_01,"with a mobile phone, I suppose. But",0.236901,0.8262,0.195727
724,1287.0,1290.0,SPEAKER_01,I suppose. But that does cover a very large,0.099797,0.8262,0.082452
725,1288.5,1291.5,SPEAKER_01,that does cover a very large section of the people out there.,0.245835,0.8281,0.203576
726,1290.0,1293.0,SPEAKER_01,section of the people out there. Sure. I think,0.069627,0.6039,0.042047
727,1291.5,1294.5,SPEAKER_01,Sure. I think that's fair.,0.372831,0.6627,0.247075
728,1293.0,1296.0,SPEAKER_01,that's fair. I mean I imagine as,0.092397,0.5999,0.055429
729,1294.5,1297.5,SPEAKER_01,I mean I imagine as well that the actual,0.066009,0.8393,0.055402
730,1296.0,1299.0,SPEAKER_01,well that the actual LCD and maybe to a,0.072146,0.8393,0.060552
731,1297.5,1300.5,SPEAKER_01,LCD and maybe to a certain extent the joystick,0.297907,0.8393,0.250033
732,1299.0,1302.0,SPEAKER_01,certain extent the joystick as well would be,0.108277,0.8393,0.090877
733,1300.5,1303.5,SPEAKER_01,as well would be for the additional functionality which,0.075915,0.8393,0.063715
734,1302.0,1305.0,SPEAKER_01,for the additional functionality which maybe doesn't get used,0.127052,0.8393,0.106635
735,1303.5,1306.5,SPEAKER_01,maybe doesn't get used as often maybe it makes,0.026593,0.8393,0.022319
736,1305.0,1308.0,SPEAKER_01,as often maybe it makes it easy for them,0.07133,0.8393,0.059867
737,1306.5,1309.5,SPEAKER_01,it easy for them to figure out how to,0.033283,0.8393,0.027935
738,1308.0,1311.0,SPEAKER_01,to figure out how to change the channels as,0.104812,0.8603,0.090169
739,1309.5,1312.5,SPEAKER_01,change the channels as in the frequencies and,0.051755,0.8603,0.044524
740,1311.0,1314.0,SPEAKER_01,in the frequencies and such for reprogramming it.,0.028805,0.8813,0.025386
741,1312.5,1315.5,SPEAKER_01,such for reprogramming it. And you can still have,0.056695,0.8471,0.048026
742,1314.0,1317.0,SPEAKER_01,And you can still have the main buttons that allow people,0.133544,0.8471,0.113125
743,1315.5,1318.5,SPEAKER_01,the main buttons that allow people to turn the machine on,0.036757,0.8129,0.02988
744,1317.0,1320.0,SPEAKER_01,to turn the machine on and off.,0.100375,0.8129,0.081595
745,1318.5,1321.5,SPEAKER_01,"and off. Up and down,",0.126123,0.8358,0.105413
746,1320.0,1323.0,SPEAKER_01,"Up and down, it depends. Maybe we have",0.047187,0.8446,0.039854
747,1321.5,1324.5,SPEAKER_01,it depends. Maybe we have the joystick as a,0.018068,0.8446,0.01526
748,1323.0,1326.0,SPEAKER_01,the joystick as a separate one for the,0.106379,0.8304,0.088338
749,1324.5,1327.5,SPEAKER_01,separate one for the other functions and there's just,0.148042,0.8304,0.122934
750,1326.0,1329.0,SPEAKER_01,"other functions and there's just a small number of,",0.452677,0.8304,0.375903
751,1327.5,1330.5,SPEAKER_01,"a small number of, as you were saying, buttons",0.325562,0.8164,0.265789
752,1329.0,1332.0,SPEAKER_01,"as you were saying, buttons have already been",0.088644,0.8164,0.072369
753,1330.5,1333.5,SPEAKER_01,have already been defined so like we,0.096679,0.8024,0.077575
754,1332.0,1335.0,SPEAKER_01,defined so like we go for the nice,0.316444,0.8024,0.253915
755,1333.5,1336.5,SPEAKER_01,go for the nice standard up and,0.070597,0.8024,0.056647
756,1335.0,1338.0,SPEAKER_01,standard up and down for volume control,0.167143,0.8024,0.134115
757,1336.5,1339.5,SPEAKER_01,down for volume control so that literally anybody,0.199101,0.8024,0.159758
758,1338.0,1341.0,SPEAKER_01,so that literally anybody can come along,0.021099,0.8024,0.01693
759,1339.5,1342.5,SPEAKER_01,can come along pick up the remote,0.308843,0.8024,0.247816
760,1341.0,1344.0,SPEAKER_01,pick up the remote and still know what,0.298947,0.8024,0.239875
761,1342.5,1345.5,SPEAKER_01,and still know what to do and,0.343366,0.8024,0.275517
762,1344.0,1347.0,SPEAKER_01,to do and they can completely ignore,0.166772,0.8024,0.133818
763,1345.5,1348.5,SPEAKER_01,they can completely ignore most of the,0.089659,0.8024,0.071943
764,1347.0,1350.0,SPEAKER_01,most of the functionality which would be,0.253274,0.8024,0.203227
765,1348.5,1351.5,SPEAKER_01,functionality which would be through the actual owner,0.046357,0.8024,0.037197
766,1350.0,1353.0,SPEAKER_01,through the actual owner of the TV,0.073582,0.8024,0.059042
767,1351.5,1354.5,SPEAKER_01,of the TV and who would normally,0.095425,0.8024,0.076569
768,1353.0,1356.0,SPEAKER_01,and who would normally use the unit the,0.169514,0.8024,0.136018
769,1354.5,1357.5,SPEAKER_01,use the unit the thing about the,0.743066,0.8024,0.596236
770,1356.0,1359.0,SPEAKER_01,thing about the,0.249392,0.8024,0.200112
771,1359.0,1362.0,SPEAKER_03,The joystick is that you,0.275321,0.7519,0.207014
772,1360.5,1363.5,SPEAKER_03,"joystick is that you then basically, you can then",0.112657,0.7519,0.084707
773,1362.0,1365.0,SPEAKER_03,"then basically, you can then basically put it, I",0.047998,0.7519,0.03609
774,1363.5,1366.5,SPEAKER_03,"basically put it, I mean, for a TV",0.056995,0.7519,0.042855
775,1365.0,1368.0,SPEAKER_03,"mean, for a TV remote alone, you could put,",0.042172,0.7519,0.031709
776,1366.5,1369.5,SPEAKER_03,"remote alone, you could put, I mean, like I",0.070158,0.7519,0.052752
777,1368.0,1371.0,SPEAKER_03,"I mean, like I said, the main things",0.051547,0.7519,0.038758
778,1369.5,1372.5,SPEAKER_03,"said, the main things people do with a TV",0.036321,0.7519,0.027309
779,1371.0,1374.0,SPEAKER_03,people do with a TV remote is the volume,0.016904,0.7519,0.01271
780,1372.5,1375.5,SPEAKER_03,remote is the volume of the channel.,0.006874,0.7519,0.005169
781,1374.0,1377.0,SPEAKER_03,of the channel. You can pack all,0.006256,0.8276,0.005178
782,1375.5,1378.5,SPEAKER_03,You can pack all that onto a single control.,0.013107,0.9033,0.011839
783,1377.0,1380.0,SPEAKER_03,that onto a single control.,0.021901,0.9033,0.019783
784,1381.5,1384.5,SPEAKER_03,"But then obviously,",0.045124,0.858,0.038716
785,1384.5,1387.5,SPEAKER_03,If you wanted,0.080767,0.8331,0.067287
786,1386.0,1389.0,SPEAKER_03,"If you wanted to access further functions,",0.030547,0.8082,0.024688
787,1387.5,1390.5,SPEAKER_03,"to access further functions, you then get sort",0.008053,0.8082,0.006508
788,1389.0,1392.0,SPEAKER_03,you then get sort of menu navigation.,0.054318,0.8082,0.0439
789,1390.5,1393.5,SPEAKER_03,of menu navigation. With things,0.295879,0.8204,0.242739
790,1392.0,1395.0,SPEAKER_03,With things like tuning in,0.137175,0.8325,0.114198
791,1393.5,1396.5,SPEAKER_03,"like tuning in channels, adjusting brightness",0.027406,0.8325,0.022816
792,1395.0,1398.0,SPEAKER_03,"channels, adjusting brightness and fiddly",0.08199,0.8325,0.068257
793,1396.5,1399.5,SPEAKER_03,and fiddly things that no,0.392967,0.8325,0.327145
794,1398.0,1401.0,SPEAKER_03,things that no one really bothers,0.097623,0.8325,0.081271
795,1399.5,1402.5,SPEAKER_03,"one really bothers with, most",0.219596,0.8325,0.182814
796,1401.0,1404.0,SPEAKER_03,"with, most TVs these days",0.054012,0.8325,0.044965
797,1402.5,1405.5,SPEAKER_03,TVs these days actually have menus,0.012502,0.8325,0.010408
798,1404.0,1407.0,SPEAKER_03,actually have menus anyway.,0.006153,0.8148,0.005013
799,1405.5,1408.5,SPEAKER_03,anyway. So this would be,0.039498,0.8148,0.032183
800,1407.0,1410.0,SPEAKER_03,So this would be a fairly rational way of,0.078678,0.7971,0.062715
801,1408.5,1411.5,SPEAKER_03,a fairly rational way of integrating integrating,0.059063,0.8646,0.051065
802,1410.0,1413.0,SPEAKER_03,integrating integrating the remote,0.298495,0.8646,0.258079
803,1411.5,1414.5,SPEAKER_03,the remote with the,0.029855,0.932,0.027825
804,1413.0,1416.0,SPEAKER_03,with the device is,0.064188,0.932,0.059823
805,1414.5,1417.5,SPEAKER_03,device is controlling.,0.022609,0.932,0.021071
806,1416.0,1419.0,SPEAKER_03,controlling. Which I do have a,0.118328,0.71,0.084013
807,1417.5,1420.5,SPEAKER_03,Which I do have a bit of a concern about our market.,0.023812,0.488,0.01162
808,1419.0,1422.0,SPEAKER_03,bit of a concern about our market.,0.032377,0.488,0.0158
809,1423.5,1426.5,SPEAKER_03,Most of the,0.465024,0.8569,0.398479
810,1425.0,1428.0,SPEAKER_03,of the replacement remote,0.262896,0.8569,0.225276
811,1426.5,1429.5,SPEAKER_03,replacement remote market,0.014265,0.8569,0.012224
812,1428.0,1431.0,SPEAKER_03,market is remote,0.070473,0.8569,0.060389
813,1429.5,1432.5,SPEAKER_03,is remote control rationalization.,0.08868,0.8569,0.07599
814,1432.5,1435.5,SPEAKER_03,You've got 20,0.089924,0.7188,0.064637
815,1434.0,1437.0,SPEAKER_03,You've got 20 different devices in,0.067319,0.5808,0.039099
816,1435.5,1438.5,SPEAKER_03,different devices in your living room.,0.013485,0.5808,0.007832
817,1437.0,1440.0,SPEAKER_03,your living room.,0.070603,0.5808,0.041006
818,1440.0,1443.0,SPEAKER_03,You want one that will do the job of,0.007154,0.8108,0.0058
819,1441.5,1444.5,SPEAKER_03,one that will do the job of all of them. If all,0.004228,0.8112,0.003429
820,1443.0,1446.0,SPEAKER_03,all of them. If all you're replacing is one,0.038081,0.8112,0.030891
821,1444.5,1447.5,SPEAKER_03,you're replacing is one of the however,0.009542,0.8116,0.007745
822,1446.0,1449.0,SPEAKER_03,of the however many remotes you have,0.030077,0.8116,0.024411
823,1447.5,1450.5,SPEAKER_03,"many remotes you have in your living room,",0.076616,0.8116,0.062182
824,1449.0,1452.0,SPEAKER_03,"in your living room, you still need",0.080805,0.8116,0.065582
825,1450.5,1453.5,SPEAKER_03,you still need separate remotes for everything,0.069729,0.8116,0.056592
826,1455.0,1458.0,SPEAKER_01,"think that... Well, this is a requirement that we have to stick",0.031432,0.8146,0.025604
827,1456.5,1459.5,SPEAKER_01,"requirement that we have to stick to, I'm afraid. This isn't",0.023319,0.8371,0.019521
828,1458.0,1461.0,SPEAKER_01,"to, I'm afraid. This isn't one that I've just arbitrarily decided",0.001591,0.8371,0.001332
829,1459.5,1462.5,SPEAKER_01,one that I've just arbitrarily decided on.,0.00547,0.8533,0.004668
830,1461.0,1464.0,SPEAKER_01,"on. So, this is",0.013031,0.8533,0.011119
831,1462.5,1465.5,SPEAKER_01,"So, this is one of the solid",0.004933,0.8469,0.004178
832,1464.0,1467.0,SPEAKER_01,one of the solid ones that has,0.054022,0.8469,0.045752
833,1465.5,1468.5,SPEAKER_01,ones that has to be obeyed,0.076791,0.8469,0.065034
834,1467.0,1470.0,SPEAKER_01,to be obeyed for now. So,0.171111,0.8583,0.146865
835,1468.5,1471.5,SPEAKER_01,for now. So I can understand your,0.011994,0.8583,0.010295
836,1470.0,1473.0,SPEAKER_01,I can understand your point and I would agree,0.007737,0.8697,0.006729
837,1471.5,1474.5,SPEAKER_01,point and I would agree with you but this is,0.082425,0.8697,0.071685
838,1473.0,1476.0,SPEAKER_01,with you but this is our design spec for,0.052896,0.8697,0.046004
839,1474.5,1477.5,SPEAKER_01,our design spec for now.,0.050859,0.8697,0.044232
840,1476.0,1479.0,SPEAKER_01,now. Great to say.,0.349509,0.871,0.304422
841,1477.5,1480.5,SPEAKER_01,Great to say.,0.564832,0.8723,0.492703
842,1480.5,1483.5,SPEAKER_03,Would that include,0.017627,0.878,0.015476
843,1482.0,1485.0,SPEAKER_03,Would that include access to say interactive,0.0059,0.878,0.00518
844,1483.5,1486.5,SPEAKER_03,access to say interactive functions on digital,0.007561,0.878,0.006638
845,1488.0,1491.0,SPEAKER_01,I would say so yes,0.130734,0.7614,0.099541
846,1489.5,1492.5,SPEAKER_01,I would say so yes because then we have to be,0.104182,0.7614,0.079324
847,1491.0,1494.0,SPEAKER_01,because then we have to be able to control the remote,0.080558,0.7614,0.061337
848,1492.5,1495.5,SPEAKER_01,able to control the remote boxes and that is a,0.039129,0.7614,0.029793
849,1494.0,1497.0,SPEAKER_01,boxes and that is a separate unit.,0.121626,0.7614,0.092606
850,1495.5,1498.5,SPEAKER_01,separate unit. I think that,0.014714,0.7958,0.011709
851,1497.0,1500.0,SPEAKER_01,I think that I would say that the design spec,0.034158,0.8302,0.028358
852,1498.5,1501.5,SPEAKER_01,I would say that the design spec we've been laid with is for the,0.056292,0.8302,0.046734
853,1500.0,1503.0,SPEAKER_01,we've been laid with is for the television only for now.,0.074029,0.8302,0.061459
854,1501.5,1504.5,SPEAKER_01,television only for now. And until we hear otherwise we,0.107036,0.8077,0.086453
855,1503.0,1506.0,SPEAKER_01,"And until we hear otherwise we should go with just that. OK,",0.144995,0.5531,0.080197
856,1504.5,1507.5,SPEAKER_01,"should go with just that. OK, specifically television. OK, maybe",0.10115,0.6002,0.06071
857,1506.0,1509.0,SPEAKER_01,"specifically television. OK, maybe we'll hear differently.",0.089543,0.5077,0.045461
858,1509.0,1512.0,SPEAKER_00,So the joystick is,0.215081,0.6486,0.139502
859,1510.5,1513.5,SPEAKER_00,joystick is just for differentness.,0.128347,0.6486,0.083246
860,1515.0,1518.0,SPEAKER_01,would ease manipulation of certain functions.,0.322596,0.7707,0.248625
861,1516.5,1519.5,SPEAKER_01,of certain functions.,0.11936,0.7707,0.09199
862,1519.5,1522.5,SPEAKER_03,Maybe then our market,0.014574,0.7413,0.010804
863,1521.0,1524.0,SPEAKER_03,then our market should be TV manufacturers,0.033005,0.7413,0.024467
864,1522.5,1525.5,SPEAKER_03,should be TV manufacturers rather than the,0.154284,0.7413,0.114371
865,1524.0,1527.0,SPEAKER_03,rather than the public.,0.033373,0.7413,0.024739
866,1525.5,1528.5,SPEAKER_03,public. Try and sell,0.566404,0.7667,0.434262
867,1527.0,1530.0,SPEAKER_03,Try and sell it to them to supply with.,0.424499,0.792,0.336203
868,1528.5,1531.5,SPEAKER_03,it to them to supply with.,0.064602,0.792,0.051165
869,1531.5,1534.5,SPEAKER_01,"And there is that possibility, yes. However,",0.088736,0.7262,0.06444
870,1533.0,1536.0,SPEAKER_01,"possibility, yes. However, I don't know exactly where",0.101575,0.7262,0.073764
871,1534.5,1537.5,SPEAKER_01,"I don't know exactly where we'll be going with that, but",0.285053,0.7401,0.210968
872,1536.0,1539.0,SPEAKER_01,"we'll be going with that, but it might not even be",0.139446,0.7401,0.103204
873,1537.5,1540.5,SPEAKER_01,it might not even be the avenue to marketing expert,0.131396,0.7401,0.097246
874,1539.0,1542.0,SPEAKER_01,the avenue to marketing expert that might be sales who,0.114911,0.7401,0.085046
875,1540.5,1543.5,SPEAKER_01,that might be sales who are not in this meeting.,0.117592,0.7401,0.08703
876,1543.5,1546.5,SPEAKER_00,"It's just the way I figure,",0.019896,0.7322,0.014568
877,1545.0,1548.0,SPEAKER_00,"way I figure, 12.5 euros per",0.00985,0.7322,0.007212
878,1546.5,1549.5,SPEAKER_00,"12.5 euros per unit, we have to",0.084036,0.7322,0.061532
879,1548.0,1551.0,SPEAKER_00,"unit, we have to sell at least",0.027599,0.7322,0.020208
880,1549.5,1552.5,SPEAKER_00,sell at least like three million,0.061724,0.7322,0.045195
881,1551.0,1554.0,SPEAKER_00,like three million or something like that.,0.391589,0.7322,0.286721
882,1552.5,1555.5,SPEAKER_00,or something like that. not to account for,0.372775,0.7812,0.291212
883,1554.0,1557.0,SPEAKER_00,not to account for the money we waste,0.268307,0.7812,0.209601
884,1555.5,1558.5,SPEAKER_00,the money we waste in remotes that no one,0.311136,0.8301,0.258274
885,1557.0,1560.0,SPEAKER_00,in remotes that no one buys. Like,0.418859,0.8232,0.344805
886,1558.5,1561.5,SPEAKER_00,buys. Like if we made the,0.416735,0.8232,0.343056
887,1560.0,1563.0,SPEAKER_00,"if we made the February remote, we",0.26791,0.8162,0.218668
888,1561.5,1564.5,SPEAKER_00,"February remote, we made someone board",0.104433,0.8162,0.085238
889,1563.0,1566.0,SPEAKER_00,made someone board it. We have,0.078498,0.8672,0.068073
890,1564.5,1567.5,SPEAKER_00,it. We have to set a lot of remote,0.309372,0.8672,0.268287
891,1566.0,1569.0,SPEAKER_00,to set a lot of remote controls.,0.29296,0.9182,0.268996
892,1567.5,1570.5,SPEAKER_00,controls. Is this going to,0.173569,0.7847,0.136199
893,1569.0,1572.0,SPEAKER_00,Is this going to be enough to sell?,0.169048,0.6511,0.110067
894,1572.0,1575.0,SPEAKER_01,"Well, something else that you brought up",0.003896,0.8335,0.003247
895,1573.5,1576.5,SPEAKER_01,else that you brought up was the ability to lose,0.030312,0.8335,0.025265
896,1575.0,1578.0,SPEAKER_01,"was the ability to lose a remote, which, as",0.378376,0.8335,0.315376
897,1576.5,1579.5,SPEAKER_01,"a remote, which, as you said, you've done that.",0.040893,0.8335,0.034085
898,1578.0,1581.0,SPEAKER_01,"you said, you've done that. We've probably all done.",0.024192,0.8936,0.021618
899,1579.5,1582.5,SPEAKER_01,We've probably all done. I don't know,0.037201,0.8671,0.032257
900,1581.0,1584.0,SPEAKER_01,I don't know if it's a gimmick or not.,0.04955,0.7806,0.038678
901,1582.5,1585.5,SPEAKER_01,if it's a gimmick or not. But have any of you ever,0.03301,0.7891,0.026048
902,1584.0,1587.0,SPEAKER_01,But have any of you ever seen those odd little key rings where,0.079957,0.7975,0.063766
903,1585.5,1588.5,SPEAKER_01,"seen those odd little key rings where if you whistle, it will beep",0.411664,0.7975,0.328302
904,1587.0,1590.0,SPEAKER_01,"if you whistle, it will beep and you tell you where it is?",0.265977,0.7975,0.212117
905,1591.5,1594.5,SPEAKER_00,those and my brother or my dad could have beat,0.118706,0.7581,0.089991
906,1593.0,1596.0,SPEAKER_00,my dad could have beat me up because it went,0.479592,0.7581,0.363579
907,1597.5,1600.5,SPEAKER_01,"Well, the other option, of course, is that- The clapping one.",0.039703,0.7404,0.029396
908,1599.0,1602.0,SPEAKER_01,"is that- The clapping one. V, I was going",0.025054,0.7404,0.01855
909,1600.5,1603.5,SPEAKER_01,"V, I was going to say clapping.",0.088839,0.7027,0.062427
910,1602.0,1605.0,SPEAKER_01,to say clapping.,0.071218,0.7027,0.050045
911,1605.0,1608.0,SPEAKER_01,"digital telephones, for example one unit",0.044638,0.8615,0.038456
912,1606.5,1609.5,SPEAKER_01,"for example one unit has, of course you",0.126886,0.8615,0.109312
913,1608.0,1611.0,SPEAKER_01,"has, of course you have to have that base",0.012756,0.8615,0.01099
914,1609.5,1612.5,SPEAKER_01,have to have that base unit somewhere where there's,0.114408,0.8615,0.098563
915,1611.0,1614.0,SPEAKER_01,"unit somewhere where there's a button, but maybe",0.040558,0.8615,0.03494
916,1612.5,1615.5,SPEAKER_01,"a button, but maybe it's a button that you",0.036125,0.8615,0.031122
917,1614.0,1617.0,SPEAKER_01,"it's a button that you attach to the TV,",0.297518,0.8615,0.256311
918,1615.5,1618.5,SPEAKER_01,"attach to the TV, something which when you",0.107043,0.8615,0.092218
919,1617.0,1620.0,SPEAKER_01,something which when you press that it would beep,0.139539,0.8615,0.120213
920,1618.5,1621.5,SPEAKER_01,press that it would beep to give its location,0.158761,0.8615,0.136773
921,1620.0,1623.0,SPEAKER_01,to give its location away on the remote,0.166536,0.8615,0.14347
922,1621.5,1624.5,SPEAKER_01,away on the remote unit. That,0.262692,0.7346,0.192974
923,1623.0,1626.0,SPEAKER_01,unit. That could be something that,0.027378,0.7346,0.020112
924,1624.5,1627.5,SPEAKER_01,could be something that could separate us a,0.038694,0.6076,0.023511
925,1626.0,1629.0,SPEAKER_01,could separate us a bit. and that way,0.01601,0.7016,0.011232
926,1627.5,1630.5,SPEAKER_01,bit. and that way because we're attaching,0.051832,0.7016,0.036365
927,1629.0,1632.0,SPEAKER_01,because we're attaching what would be,0.127738,0.7955,0.101616
928,1630.5,1633.5,SPEAKER_01,what would be a small button to,0.033216,0.7955,0.026423
929,1632.0,1635.0,SPEAKER_01,a small button to the TV again,0.114096,0.7955,0.090763
930,1633.5,1636.5,SPEAKER_01,the TV again say what would,0.027585,0.7955,0.021943
931,1635.0,1638.0,SPEAKER_01,say what would be a small transmitter,0.017968,0.7955,0.014294
932,1636.5,1639.5,SPEAKER_01,be a small transmitter watch battery type,0.049348,0.7955,0.039257
933,1638.0,1641.0,SPEAKER_01,watch battery type scenario I'd say,0.208511,0.7955,0.165871
934,1639.5,1642.5,SPEAKER_01,scenario I'd say or something that if,0.042933,0.7955,0.034153
935,1641.0,1644.0,SPEAKER_01,or something that if it was problems,0.065545,0.7955,0.052141
936,1642.5,1645.5,SPEAKER_01,it was problems enough you could,0.013811,0.7955,0.010987
937,1644.0,1647.0,SPEAKER_01,enough you could actually even just I,0.049841,0.7234,0.036055
938,1645.5,1648.5,SPEAKER_01,"actually even just I don't know, power and",0.184916,0.7234,0.133768
939,1647.0,1650.0,SPEAKER_01,"don't know, power and elsewhere. That might be something that",0.01173,0.7379,0.008655
940,1648.5,1651.5,SPEAKER_01,elsewhere. That might be something that we could look into.,0.018319,0.7379,0.013517
941,1650.0,1653.0,SPEAKER_01,we could look into. Yeah.,0.088183,0.7257,0.063994
942,1651.5,1654.5,SPEAKER_01,Yeah. It's putting a lot,0.068054,0.5887,0.040064
943,1653.0,1656.0,SPEAKER_01,"It's putting a lot on your shoulders there. So, I mean, that",0.052953,0.6386,0.033816
944,1654.5,1657.5,SPEAKER_01,"on your shoulders there. So, I mean, that could be something that separates us a bit",0.06734,0.6386,0.043003
945,1656.0,1659.0,SPEAKER_01,could be something that separates us a bit from Mark as well. I,0.060448,0.4844,0.029281
946,1657.5,1660.5,SPEAKER_01,"from Mark as well. I think so,",0.389483,0.4844,0.188666
947,1659.0,1662.0,SPEAKER_01,"think so, yeah. So, to",0.786119,0.5363,0.421596
948,1660.5,1663.5,SPEAKER_01,"yeah. So, to go on from here,",0.358559,0.5363,0.192295
949,1662.0,1665.0,SPEAKER_01,"go on from here, we have to decide",0.087158,0.8306,0.072394
950,1663.5,1666.5,SPEAKER_01,we have to decide exactly what we're,0.250774,0.8306,0.208293
951,1665.0,1668.0,SPEAKER_01,exactly what we're going to do with,0.17845,0.8306,0.148221
952,1666.5,1669.5,SPEAKER_01,"going to do with the remote. Before we leave this meeting,",0.120647,0.8048,0.097096
953,1668.0,1671.0,SPEAKER_01,"the remote. Before we leave this meeting, it'd be best to say, this is what",0.013768,0.8048,0.01108
954,1669.5,1672.5,SPEAKER_01,"it'd be best to say, this is what we're going, this is the design we're going to",0.038672,0.7789,0.030122
955,1671.0,1674.0,SPEAKER_01,"we're going, this is the design we're going to try and get. This is how we're",0.165829,0.787,0.130507
956,1672.5,1675.5,SPEAKER_01,try and get. This is how we're going to make ourselves look unique.,0.639029,0.787,0.502916
957,1674.0,1677.0,SPEAKER_01,going to make ourselves look unique.,0.007056,0.7951,0.00561
958,1677.0,1680.0,SPEAKER_01,Do we go,0.194083,0.8024,0.155732
959,1678.5,1681.5,SPEAKER_01,Do we go for a,0.129672,0.8024,0.104049
960,1680.0,1683.0,SPEAKER_01,for a small joystick that,0.11076,0.8024,0.088874
961,1681.5,1684.5,SPEAKER_01,"small joystick that would operate, say",0.154899,0.8024,0.124291
962,1683.0,1686.0,SPEAKER_01,"would operate, say changing channels, up",0.122668,0.8024,0.098429
963,1684.5,1687.5,SPEAKER_01,"changing channels, up and down, and",0.094149,0.8024,0.075545
964,1686.0,1689.0,SPEAKER_01,"and down, and then another",0.024525,0.8024,0.019679
965,1687.5,1690.5,SPEAKER_01,then another button that would,0.077624,0.8024,0.062285
966,1689.0,1692.0,SPEAKER_01,button that would say that it's,0.079322,0.8024,0.063648
967,1690.5,1693.5,SPEAKER_01,say that it's now being used,0.293758,0.8024,0.235711
968,1692.0,1695.0,SPEAKER_01,now being used to maneuver around,0.030077,0.8024,0.024134
969,1693.5,1696.5,SPEAKER_01,to maneuver around the LCD?,0.094571,0.8024,0.075884
970,1696.5,1699.5,SPEAKER_04,Or do you think volume,0.413014,0.5769,0.238268
971,1698.0,1701.0,SPEAKER_04,do you think volume should be important in,0.181485,0.5769,0.104699
972,1702.5,1705.5,SPEAKER_01,could use save the left and right for changing channels and,0.132561,0.732,0.097035
973,1704.0,1707.0,SPEAKER_01,right for changing channels and the up and down for volume.,0.339862,0.732,0.248779
974,1708.5,1711.5,SPEAKER_00,have a frequency of how what people use,0.004464,0.8119,0.003624
975,1710.0,1713.0,SPEAKER_00,how what people use the remote control for,0.029938,0.8119,0.024306
976,1711.5,1714.5,SPEAKER_00,the remote control for most. okay power is,0.126758,0.7454,0.094486
977,1713.0,1716.0,SPEAKER_00,most. okay power is used like once per,0.010587,0.7454,0.007892
978,1714.5,1717.5,SPEAKER_00,used like once per hour channel selection,0.034956,0.6789,0.023732
979,1716.0,1719.0,SPEAKER_00,hour channel selection is used 168 per,0.017809,0.6789,0.012091
980,1717.5,1720.5,SPEAKER_00,is used 168 per hour that's by,0.016976,0.6789,0.011525
981,1719.0,1722.0,SPEAKER_00,hour that's by far the biggest one,0.008911,0.6789,0.00605
982,1720.5,1723.5,SPEAKER_00,far the biggest one and then tele-text,0.050295,0.6789,0.034145
983,1722.0,1725.0,SPEAKER_00,and then tele-text is still here that's,0.053112,0.6789,0.036058
984,1723.5,1726.5,SPEAKER_00,is still here that's 14 and volume,0.063802,0.6789,0.043315
985,1725.0,1728.0,SPEAKER_00,14 and volume selection volume selection okay,0.187585,0.6789,0.127351
986,1726.5,1729.5,SPEAKER_00,selection volume selection okay yep the tele-text,0.04903,0.6789,0.033287
987,1728.0,1731.0,SPEAKER_00,yep the tele-text we're gambling with and,0.14435,0.6789,0.097999
988,1729.5,1732.5,SPEAKER_00,we're gambling with and we're gonna say,0.106337,0.6789,0.072192
989,1731.0,1734.0,SPEAKER_00,we're gonna say it's dead okay,0.279031,0.6789,0.189434
990,1737.0,1740.0,SPEAKER_01,So we could maybe even go,0.237893,0.8103,0.192765
991,1738.5,1741.5,SPEAKER_01,maybe even go as far,0.077661,0.8103,0.062928
992,1740.0,1743.0,SPEAKER_01,as far as saying power,0.011005,0.8103,0.008917
993,1741.5,1744.5,SPEAKER_01,"as saying power button, small joystick,",0.08764,0.8103,0.071014
994,1743.0,1746.0,SPEAKER_01,"button, small joystick, LCD, and then",0.34418,0.8103,0.278889
995,1744.5,1747.5,SPEAKER_01,"LCD, and then maybe one more",0.042578,0.8103,0.034501
996,1746.0,1749.0,SPEAKER_01,maybe one more button to save,0.085563,0.8103,0.069332
997,1747.5,1750.5,SPEAKER_01,button to save it. You're using the menu,0.088347,0.802,0.070854
998,1749.0,1752.0,SPEAKER_01,it. You're using the menu system and the possibility,0.041452,0.802,0.033245
999,1750.5,1753.5,SPEAKER_01,system and the possibility of pushing down on the,0.027292,0.7938,0.021665
1000,1752.0,1755.0,SPEAKER_01,of pushing down on the joystick to say OK.,0.091334,0.7938,0.072501
1001,1753.5,1756.5,SPEAKER_01,joystick to say OK. So,0.086137,0.8451,0.072794
1002,1755.0,1758.0,SPEAKER_01,"So we're having very, very",0.547621,0.8964,0.490888
1003,1756.5,1759.5,SPEAKER_01,"we're having very, very few buttons involved.",0.10824,0.8964,0.097026
1004,1758.0,1761.0,SPEAKER_01,few buttons involved. So navigation,0.034431,0.8995,0.030971
1005,1759.5,1762.5,SPEAKER_01,So navigation around a menu for,0.144482,0.9026,0.13041
1006,1764.0,1767.0,SPEAKER_03,I would say two function,0.03897,0.8197,0.031944
1007,1765.5,1768.5,SPEAKER_03,"two function buttons, they were",0.021033,0.8197,0.017241
1008,1767.0,1770.0,SPEAKER_03,"buttons, they were now using the",0.006877,0.8197,0.005637
1009,1768.5,1771.5,SPEAKER_03,now using the menus button,0.009079,0.8197,0.007442
1010,1770.0,1773.0,SPEAKER_03,menus button and an OK,0.011408,0.8197,0.009351
1011,1771.5,1774.5,SPEAKER_03,and an OK button. Something I,0.035062,0.8146,0.028562
1012,1773.0,1776.0,SPEAKER_03,button. Something I found with the,0.004184,0.8146,0.003408
1013,1774.5,1777.5,SPEAKER_03,found with the joysticks on mobile phones,0.012433,0.8095,0.010064
1014,1776.0,1779.0,SPEAKER_03,joysticks on mobile phones is that a,0.002388,0.8095,0.001933
1015,1777.5,1780.5,SPEAKER_03,is that a lot of the time,0.062478,0.8095,0.050576
1016,1779.0,1782.0,SPEAKER_03,lot of the time the device mistakes,0.313819,0.8095,0.254036
1017,1780.5,1783.5,SPEAKER_03,the device mistakes you trying to move,0.31222,0.8095,0.252742
1018,1782.0,1785.0,SPEAKER_03,you trying to move it in one direction,0.27757,0.8095,0.224693
1019,1783.5,1786.5,SPEAKER_03,it in one direction or the other,0.411894,0.8095,0.333429
1020,1785.0,1788.0,SPEAKER_03,or the other for pushing down for,0.533462,0.8095,0.431837
1021,1786.5,1789.5,SPEAKER_03,for pushing down for OK. OK. And,0.4643,0.8095,0.375851
1022,1788.0,1791.0,SPEAKER_03,OK. OK. And that's really irritating. The,0.681711,0.7773,0.529894
1023,1789.5,1792.5,SPEAKER_03,that's really irritating. The other design constraint I,0.541962,0.7773,0.421267
1024,1791.0,1794.0,SPEAKER_03,other design constraint I think we should bear,0.139167,0.7452,0.103707
1025,1792.5,1795.5,SPEAKER_03,think we should bear in mind is that,0.013615,0.7452,0.010146
1026,1794.0,1797.0,SPEAKER_03,in mind is that people are very much used,0.015307,0.7452,0.011407
1027,1795.5,1798.5,SPEAKER_03,people are very much used to using a remote,0.034979,0.7452,0.026066
1028,1797.0,1800.0,SPEAKER_03,to using a remote control one-handedly.,0.309634,0.7452,0.230739
1029,1798.5,1801.5,SPEAKER_03,control one-handedly. So we need to,0.015952,0.7903,0.012607
1030,1800.0,1803.0,SPEAKER_03,So we need to make sure that even with,0.009541,0.8355,0.007971
1031,1801.5,1804.5,SPEAKER_03,"make sure that even with the joystick, something that can just",0.021019,0.8355,0.017562
1032,1803.0,1806.0,SPEAKER_03,"the joystick, something that can just sit comfortably in the palm of",0.002581,0.8355,0.002156
1033,1804.5,1807.5,SPEAKER_03,sit comfortably in the palm of the hand and have the joystick,0.06693,0.8355,0.05592
1034,1806.0,1809.0,SPEAKER_03,the hand and have the joystick just controlled by the thumb.,0.013355,0.8355,0.011158
1035,1810.5,1813.5,SPEAKER_01,So I'd say that sounds,0.15389,0.6703,0.103152
1036,1812.0,1815.0,SPEAKER_01,I'd say that sounds like a rough,0.132445,0.6703,0.088778
1037,1813.5,1816.5,SPEAKER_01,like a rough idea. Do we,0.391398,0.7935,0.310574
1038,1815.0,1818.0,SPEAKER_01,idea. Do we incorporate the idea of trying,0.118597,0.7935,0.094106
1039,1816.5,1819.5,SPEAKER_01,incorporate the idea of trying to locate the remote control,0.028272,0.9168,0.025919
1040,1818.0,1821.0,SPEAKER_01,to locate the remote control again via a beeping,0.418254,0.9168,0.383455
1041,1824.0,1827.0,SPEAKER_00,"because it's so small, it might be, I mean, if",0.237878,0.7107,0.16906
1042,1825.5,1828.5,SPEAKER_00,"might be, I mean, if we only have like two or",0.01283,0.7107,0.009118
1043,1827.0,1830.0,SPEAKER_00,"we only have like two or three buttons, it might be",0.18437,0.7107,0.131032
1044,1831.5,1834.5,SPEAKER_01,it again? Yeah. So that,0.117488,0.6631,0.077907
1045,1833.0,1836.0,SPEAKER_01,"So that would require a transmitter,",0.035702,0.7936,0.028333
1046,1834.5,1837.5,SPEAKER_01,"would require a transmitter, maybe attached to the",0.051911,0.7936,0.041197
1047,1836.0,1839.0,SPEAKER_01,"maybe attached to the TV, just so that",0.056434,0.7936,0.044786
1048,1837.5,1840.5,SPEAKER_01,"TV, just so that he says, find me.",0.128819,0.7936,0.102231
1049,1839.0,1842.0,SPEAKER_01,"he says, find me. And basically",0.525904,0.7341,0.386066
1050,1840.5,1843.5,SPEAKER_01,And basically a small microphone,0.109637,0.6747,0.073972
1051,1842.0,1845.0,SPEAKER_01,a small microphone on the actual unit,0.28579,0.6747,0.192823
1052,1843.5,1846.5,SPEAKER_01,on the actual unit can maybe hide,0.448327,0.6747,0.302486
1053,1845.0,1848.0,SPEAKER_01,can maybe hide it in the base.,0.26661,0.6747,0.179882
1054,1852.5,1855.5,SPEAKER_04,"And a light bulb, no. To flash,",0.083967,0.6404,0.053772
1055,1854.0,1857.0,SPEAKER_04,"To flash, no. Now",0.131835,0.7383,0.097334
1056,1855.5,1858.5,SPEAKER_04,no. Now you'd see it anyway,0.224081,0.7383,0.165439
1057,1864.5,1867.5,SPEAKER_01,"In true fact, considering the cost of",0.223737,0.7582,0.169638
1058,1866.0,1869.0,SPEAKER_01,"considering the cost of an LED, we could",0.160672,0.7582,0.121822
1059,1867.5,1870.5,SPEAKER_01,"an LED, we could just incorporate it anyway.",0.565279,0.7702,0.435378
1060,1869.0,1872.0,SPEAKER_01,just incorporate it anyway. The LEDs can be surprisingly bright,0.396171,0.7702,0.305131
1061,1870.5,1873.5,SPEAKER_01,The LEDs can be surprisingly bright now. Yeah.,0.32024,0.6007,0.192368
1062,1873.5,1876.5,SPEAKER_03,The new ones particularly. Plus that's a nice,0.187477,0.5634,0.105625
1063,1878.0,1881.0,SPEAKER_01,"the sense of it, with what we're suggesting",0.05063,0.8391,0.042483
1064,1879.5,1882.5,SPEAKER_01,"with what we're suggesting so far, your",0.03832,0.8391,0.032154
1065,1881.0,1884.0,SPEAKER_01,"so far, your design, the user interface",0.133661,0.8391,0.112155
1066,1882.5,1885.5,SPEAKER_01,"design, the user interface is still quite open.",0.014372,0.8391,0.012059
1067,1884.0,1887.0,SPEAKER_01,is still quite open. You could go for quite,0.044636,0.7946,0.035468
1068,1885.5,1888.5,SPEAKER_01,You could go for quite an interesting design because,0.073763,0.7502,0.055337
1069,1887.0,1890.0,SPEAKER_01,an interesting design because we're only going to have,0.026131,0.7502,0.019604
1070,1888.5,1891.5,SPEAKER_01,"we're only going to have a very few key, and",0.035427,0.7502,0.026578
1071,1890.0,1893.0,SPEAKER_01,"a very few key, and you've got, you know, a",0.01923,0.7502,0.014426
1072,1891.5,1894.5,SPEAKER_01,"you've got, you know, a small LCD joystick. I think",0.315066,0.814,0.256464
1073,1893.0,1896.0,SPEAKER_01,small LCD joystick. I think it leaves you open to,0.276445,0.814,0.225026
1074,1894.5,1897.5,SPEAKER_01,"it leaves you open to a potential wide range of shapes,",0.001669,0.8778,0.001465
1075,1896.0,1899.0,SPEAKER_01,"a potential wide range of shapes, something that can make it",0.023861,0.8778,0.020945
1076,1897.5,1900.5,SPEAKER_01,something that can make it stand out slightly. If,0.236253,0.8575,0.202587
1077,1899.0,1902.0,SPEAKER_01,stand out slightly. If you could look,0.167105,0.8575,0.143293
1078,1900.5,1903.5,SPEAKER_01,you could look into what we've,0.087554,0.8372,0.0733
1079,1902.0,1905.0,SPEAKER_01,"into what we've suggested so far,",0.020061,0.8372,0.016795
1080,1903.5,1906.5,SPEAKER_01,"suggested so far, the feasibility of",0.025425,0.8372,0.021285
1081,1905.0,1908.0,SPEAKER_01,the feasibility of a small transmitter,0.020476,0.8372,0.017143
1082,1906.5,1909.5,SPEAKER_01,"a small transmitter and such, maybe",0.032748,0.8372,0.027417
1083,1908.0,1911.0,SPEAKER_01,"and such, maybe if an",0.012134,0.8372,0.010158
1084,1909.5,1912.5,SPEAKER_01,if an LCD screen requires,0.119001,0.8372,0.099628
1085,1911.0,1914.0,SPEAKER_01,LCD screen requires too much power,0.16508,0.8372,0.138205
1086,1912.5,1915.5,SPEAKER_01,too much power or such.,0.250833,0.8372,0.209997
1087,1914.0,1917.0,SPEAKER_01,or such. Every,0.235581,0.7016,0.165284
1088,1915.5,1918.5,SPEAKER_01,Every user? Mark,0.38765,0.576,0.223286
1089,1917.0,1920.0,SPEAKER_01,user? Mark and Jackie expert?,0.225217,0.576,0.129725
1090,1921.5,1924.5,SPEAKER_00,"can give you the frequency, what options people",0.005285,0.9023,0.004768
1091,1923.0,1926.0,SPEAKER_00,"frequency, what options people use most often.",0.003823,0.8097,0.003096
1092,1924.5,1927.5,SPEAKER_00,use most often. I guess that's going to,0.153005,0.8097,0.123888
1093,1926.0,1929.0,SPEAKER_00,I guess that's going to be important in defining the,0.063555,0.7172,0.045581
1094,1927.5,1930.5,SPEAKER_00,"be important in defining the software side of the interface,",0.046351,0.7172,0.033243
1095,1929.0,1932.0,SPEAKER_00,"software side of the interface, right? You want the software",0.01787,0.6114,0.010925
1096,1933.5,1936.5,SPEAKER_01,maybe as well see what people think about the idea,0.104706,0.858,0.089838
1097,1935.0,1938.0,SPEAKER_01,people think about the idea of this minimalist approach that we've,0.313207,0.858,0.268732
1098,1936.5,1939.5,SPEAKER_01,"of this minimalist approach that we've taken, where of a joystick",0.406772,0.858,0.349011
1099,1938.0,1941.0,SPEAKER_01,"taken, where of a joystick to control the very basic",0.378144,0.858,0.324447
1100,1939.5,1942.5,SPEAKER_01,"to control the very basic functions, and then the idea",0.126323,0.858,0.108385
1101,1941.0,1944.0,SPEAKER_01,"functions, and then the idea of manipulating it like you",0.126401,0.858,0.108452
1102,1942.5,1945.5,SPEAKER_01,of manipulating it like you would a mobile. I,0.086798,0.8601,0.074655
1103,1944.0,1947.0,SPEAKER_01,would a mobile. I don't know how easy that will be within,0.323672,0.8601,0.27839
1104,1945.5,1948.5,SPEAKER_01,"don't know how easy that will be within the time frame, but could be something we",0.042934,0.8623,0.037022
1105,1947.0,1950.0,SPEAKER_01,"the time frame, but could be something we could maybe look into.",0.023299,0.6111,0.014238
1106,1948.5,1951.5,SPEAKER_01,could maybe look into. Okay.,0.0165,0.6111,0.010083
1107,1951.5,1954.5,SPEAKER_01,Any last comments that anybody would like,0.129036,0.781,0.100777
1108,1953.0,1956.0,SPEAKER_01,last comments that anybody would like to put forward? Anything that they,0.131536,0.6664,0.087656
1109,1954.5,1957.5,SPEAKER_01,to put forward? Anything that they think has been missed out?,0.171459,0.6664,0.11426
1110,1956.0,1959.0,SPEAKER_01,think has been missed out? Bit of a,0.151551,0.7218,0.10939
1111,1957.5,1960.5,SPEAKER_01,"Bit of a wide open question there, of course.",0.347574,0.8918,0.309967
1112,1959.0,1962.0,SPEAKER_01,"wide open question there, of course.",0.186985,0.8918,0.166753
1113,1962.0,1965.0,SPEAKER_01,Feel free to email me,0.586752,0.7654,0.4491
1114,1963.5,1966.5,SPEAKER_01,free to email me if you think that,0.509419,0.7654,0.389909
1115,1965.0,1968.0,SPEAKER_01,if you think that we've screwed something,0.769558,0.7654,0.58902
1116,1966.5,1969.5,SPEAKER_01,we've screwed something up and want to,0.518479,0.7654,0.396844
1117,1968.0,1971.0,SPEAKER_01,up and want to get it rectified as,0.046983,0.7654,0.03596
1118,1969.5,1972.5,SPEAKER_01,get it rectified as soon as possible.,0.200695,0.7654,0.153612
1119,1971.0,1974.0,SPEAKER_01,soon as possible.,0.217959,0.7654,0.166826
1120,1974.0,1977.0,SPEAKER_04,So I should just,0.224866,0.7725,0.173709
1121,1975.5,1978.5,SPEAKER_04,"So I should just look at the speaker, about",0.045015,0.7725,0.034774
1122,1977.0,1980.0,SPEAKER_04,"look at the speaker, about the speaker and an LED.",0.173886,0.7725,0.134327
1123,1981.5,1984.5,SPEAKER_01,and LED for,0.020333,0.5462,0.011106
1124,1986.0,1989.0,SPEAKER_03,we thought about that If we,0.020245,0.7745,0.01568
1125,1987.5,1990.5,SPEAKER_03,that If we do end up,0.030103,0.7745,0.023315
1126,1989.0,1992.0,SPEAKER_03,do end up trying to market,0.233731,0.7745,0.181025
1127,1990.5,1993.5,SPEAKER_03,trying to market this to television,0.153151,0.7745,0.118615
1128,1992.0,1995.0,SPEAKER_03,this to television manufacturers then the Transmitter,0.011243,0.7745,0.008708
1129,1993.5,1996.5,SPEAKER_03,manufacturers then the Transmitter could actually be,0.05684,0.7745,0.044023
1130,1995.0,1998.0,SPEAKER_03,could actually be built into the,0.015304,0.7745,0.011853
1131,1996.5,1999.5,SPEAKER_03,built into the television,0.078402,0.7745,0.060722
1132,1999.5,2002.5,SPEAKER_01,"First, negating the external power source. That's quite true.",0.583871,0.5795,0.338353
1133,2001.0,2004.0,SPEAKER_01,power source. That's quite true.,0.411073,0.5795,0.238217
1134,2002.5,2005.5,SPEAKER_01,And something that,0.360802,0.797,0.287559
1135,2004.0,2007.0,SPEAKER_01,And something that we can easily,0.390225,0.797,0.311009
1136,2005.5,2008.5,SPEAKER_01,we can easily be adopted at the,0.0034,0.797,0.00271
1137,2007.0,2010.0,SPEAKER_01,"be adopted at the last minute as well,",0.088985,0.797,0.070921
1138,2008.5,2011.5,SPEAKER_01,"last minute as well, I'd say. The electronics",0.260462,0.8322,0.216757
1139,2010.0,2013.0,SPEAKER_01,I'd say. The electronics can be either placed,0.021442,0.8322,0.017844
1140,2011.5,2014.5,SPEAKER_01,can be either placed externally or internally.,0.15402,0.8674,0.133597
1141,2013.0,2016.0,SPEAKER_01,externally or internally. It makes no difference to the,0.164585,0.7898,0.129989
1142,2014.5,2017.5,SPEAKER_01,"It makes no difference to the final product of the actual remote control,",0.062501,0.7122,0.044513
1143,2016.0,2019.0,SPEAKER_01,"final product of the actual remote control, so that's good.",0.020034,0.7533,0.015091
1144,2017.5,2020.5,SPEAKER_01,so that's good. It maybe gives us a new,0.468749,0.7533,0.353109
1145,2019.0,2022.0,SPEAKER_01,It maybe gives us a new potential market.,0.009117,0.7945,0.007243
1146,2023.5,2026.5,SPEAKER_03,If we get a,0.150329,0.8005,0.120339
1147,2025.0,2028.0,SPEAKER_03,we get a major television manufacturer,0.028173,0.8005,0.022552
1148,2026.5,2029.5,SPEAKER_03,"major television manufacturer to say, oh",0.029329,0.8005,0.023478
1149,2028.0,2031.0,SPEAKER_03,"to say, oh yeah, we'll have",0.054627,0.8005,0.043729
1150,2029.5,2032.5,SPEAKER_03,"yeah, we'll have that, save us",0.013726,0.8005,0.010988
1151,2031.0,2034.0,SPEAKER_03,"that, save us the bottle, then",0.024617,0.8005,0.019706
1152,2032.5,2035.5,SPEAKER_03,"the bottle, then that's vast",0.064322,0.8005,0.051489
1153,2034.0,2037.0,SPEAKER_03,"that's vast amounts of sales,",0.137595,0.8005,0.110145
1154,2038.5,2041.5,SPEAKER_01,thing we've almost not talked about at all. My apologies,0.595708,0.87,0.518266
1155,2040.0,2043.0,SPEAKER_01,about at all. My apologies for that. User,0.704723,0.8487,0.598099
1156,2041.5,2044.5,SPEAKER_01,"for that. User interface, we also need to maybe",0.249083,0.8319,0.207212
1157,2043.0,2046.0,SPEAKER_01,"interface, we also need to maybe get the slogan in here.",0.226813,0.8059,0.182789
1158,2044.5,2047.5,SPEAKER_01,get the slogan in here. I'm,0.136258,0.8182,0.111486
1159,2047.5,2050.5,SPEAKER_01,pointing at my,0.476592,0.8306,0.395857
1160,2049.0,2052.0,SPEAKER_01,at my laptop.,0.672357,0.8306,0.55846
1161,2052.0,2055.0,SPEAKER_01,real reaction in,0.675926,0.8485,0.573523
1162,2053.5,2056.5,SPEAKER_01,real reaction in such. So as,0.550028,0.7203,0.396185
1163,2055.0,2058.0,SPEAKER_01,such. So as long as you,0.106946,0.7203,0.077033
1164,2056.5,2059.5,SPEAKER_01,long as you put the fashion,0.314008,0.5921,0.185924
1165,2058.0,2061.0,SPEAKER_01,"put the fashion in electronics, isn't",0.354876,0.5921,0.210122
1166,2059.5,2062.5,SPEAKER_01,"in electronics, isn't it? My apologies.",0.679208,0.7955,0.54031
1167,2061.0,2064.0,SPEAKER_01,"it? My apologies. No, it could well be. I've probably missed",0.539425,0.7913,0.426847
1168,2062.5,2065.5,SPEAKER_01,"No, it could well be. I've probably missed that.",0.443037,0.8364,0.370556
1169,2064.0,2067.0,SPEAKER_01,that. I think that's almost,0.029236,0.8348,0.024406
1170,2065.5,2068.5,SPEAKER_01,I think that's almost the last minute thing we can,0.045719,0.8908,0.040726
1171,2067.0,2070.0,SPEAKER_01,the last minute thing we can just incorporate into the actual plastic,0.330334,0.8908,0.294262
1172,2068.5,2071.5,SPEAKER_01,just incorporate into the actual plastic on top. So,0.056907,0.891,0.050704
1173,2070.0,2073.0,SPEAKER_01,on top. So I'm not too concerned that,0.029521,0.891,0.026304
1174,2071.5,2074.5,SPEAKER_01,I'm not too concerned that we haven't gone into,0.035415,0.8911,0.031558
1175,2073.0,2076.0,SPEAKER_01,we haven't gone into depth about that.,0.295398,0.864,0.255224
1176,2074.5,2077.5,SPEAKER_01,depth about that. But it might be something you could,0.013641,0.864,0.011786
1177,2076.0,2079.0,SPEAKER_01,But it might be something you could consider when thinking about shapes.,0.066565,0.8369,0.055708
1178,2077.5,2080.5,SPEAKER_01,consider when thinking about shapes. In,0.054061,0.8175,0.044195
1179,2079.0,2082.0,SPEAKER_01,"In fact, we might like to",0.007452,0.7982,0.005948
1180,2080.5,2083.5,SPEAKER_01,"fact, we might like to put a slogan on",0.005619,0.7982,0.004485
1181,2082.0,2085.0,SPEAKER_01,put a slogan on and possibly two hours,0.006624,0.7982,0.005288
1182,2083.5,2086.5,SPEAKER_01,and possibly two hours to signify the company,0.014491,0.7982,0.011567
1183,2085.0,2088.0,SPEAKER_01,to signify the company rather than real reaction.,0.502353,0.7982,0.400978
1184,2088.0,2091.0,SPEAKER_02,I thought the double,0.010825,0.7268,0.007867
1185,2089.5,2092.5,SPEAKER_02,thought the double arc could,0.003963,0.7268,0.002881
1186,2091.0,2094.0,SPEAKER_02,arc could perhaps be,0.008949,0.7268,0.006504
1187,2092.5,2095.5,SPEAKER_02,perhaps be the ender,0.055522,0.7268,0.040354
1188,2097.0,2100.0,SPEAKER_01,And I'd say that that's us for now.,0.049744,0.6444,0.032055
