clip_id,filename,actor,gender,emotion_code,emotion_label,emotion_4class,intensity,statement,repetition
01_01_01_01_01,03-01-01-01-01-01-01.wav,1,male,1,neutral,neutral,1,1,1
01_01_01_01_02,03-01-01-01-01-02-01.wav,1,male,1,neutral,neutral,1,1,2
01_01_01_02_01,03-01-01-01-02-01-01.wav,1,male,1,neutral,neutral,1,2,1
01_01_01_02_02,03-01-01-01-02-02-01.wav,1,male,1,neutral,neutral,1,2,2
01_02_01_01_01,03-01-02-01-01-01-01.wav,1,male,2,calm,neutral,1,1,1
01_02_01_01_02,03-01-02-01-01-02-01.wav,1,male,2,calm,neutral,1,1,2
01_02_01_02_01,03-01-02-01-02-01-01.wav,1,male,2,calm,neutral,1,2,1
01_02_01_02_02,03-01-02-01-02-02-01.wav,1,male,2,calm,neutral,1,2,2
01_02_02_01_01,03-01-02-02-01-01-01.wav,1,male,2,calm,neutral,2,1,1
01_02_02_01_02,03-01-02-02-01-02-01.wav,1,male,2,calm,neutral,2,1,2
01_02_02_02_01,03-01-02-02-02-01-01.wav,1,male,2,calm,neutral,2,2,1
01_02_02_02_02,03-01-02-02-02-02-01.wav,1,male,2,calm,neutral,2,2,2
01_03_01_01_01,03-01-03-01-01-01-01.wav,1,male,3,happy,happy,1,1,1
01_03_01_01_02,03-01-03-01-01-02-01.wav,1,male,3,happy,happy,1,1,2
01_03_01_02_01,03-01-03-01-02-01-01.wav,1,male,3,happy,happy,1,2,1
01_03_01_02_02,03-01-03-01-02-02-01.wav,1,male,3,happy,happy,1,2,2
01_03_02_01_01,03-01-03-02-01-01-01.wav,1,male,3,happy,happy,2,1,1
01_03_02_01_02,03-01-03-02-01-02-01.wav,1,male,3,happy,happy,2,1,2
01_03_02_02_01,03-01-03-02-02-01-01.wav,1,male,3,happy,happy,2,2,1
01_03_02_02_02,03-01-03-02-02-02-01.wav,1,male,3,happy,happy,2,2,2
01_04_01_01_01,03-01-04-01-01-01-01.wav,1,male,4,sad,sad,1,1,1
01_04_01_01_02,03-01-04-01-01-02-01.wav,1,male,4,sad,sad,1,1,2
01_04_01_02_01,03-01-04-01-02-01-01.wav,1,male,4,sad,sad,1,2,1
01_04_01_02_02,03-01-04-01-02-02-01.wav,1,male,4,sad,sad,1,2,2
01_04_02_01_01,03-01-04-02-01-01-01.wav,1,male,4,sad,sad,2,1,1
01_04_02_01_02,03-01-04-02-01-02-01.wav,1,male,4,sad,sad,2,1,2
01_04_02_02_01,03-01-04-02-02-01-01.wav,1,male,4,sad,sad,2,2,1
01_04_02_02_02,03-01-04-02-02-02-01.wav,1,male,4,sad,sad,2,2,2
01_05_01_01_01,03-01-05-01-01-01-01.wav,1,male,5,angry,angry,1,1,1
01_05_01_01_02,03-01-05-01-01-02-01.wav,1,male,5,angry,angry,1,1,2
01_05_01_02_01,03-01-05-01-02-01-01.wav,1,male,5,angry,angry,1,2,1
01_05_01_02_02,03-01-05-01-02-02-01.wav,1,male,5,angry,angry,1,2,2
01_05_02_01_01,03-01-05-02-01-01-01.wav,1,male,5,angry,angry,2,1,1
01_05_02_01_02,03-01-05-02-01-02-01.wav,1,male,5,angry,angry,2,1,2
01_05_02_02_01,03-01-05-02-02-01-01.wav,1,male,5,angry,angry,2,2,1
01_05_02_02_02,03-01-05-02-02-02-01.wav,1,male,5,angry,angry,2,2,2
01_06_01_01_01,03-01-06-01-01-01-01.wav,1,male,6,fearful,neutral,1,1,1
01_06_01_01_02,03-01-06-01-01-02-01.wav,1,male,6,fearful,neutral,1,1,2
01_06_01_02_01,03-01-06-01-02-01-01.wav,1,male,6,fearful,neutral,1,2,1
01_06_01_02_02,03-01-06-01-02-02-01.wav,1,male,6,fearful,neutral,1,2,2
01_06_02_01_01,03-01-06-02-01-01-01.wav,1,male,6,fearful,neutral,2,1,1
01_06_02_01_02,03-01-06-02-01-02-01.wav,1,male,6,fearful,neutral,2,1,2
01_06_02_02_01,03-01-06-02-02-01-01.wav,1,male,6,fearful,neutral,2,2,1
01_06_02_02_02,03-01-06-02-02-02-01.wav,1,male,6,fearful,neutral,2,2,2
01_07_01_01_01,03-01-07-01-01-01-01.wav,1,male,7,disgust,neutral,1,1,1
01_07_01_01_02,03-01-07-01-01-02-01.wav,1,male,7,disgust,neutral,1,1,2
01_07_01_02_01,03-01-07-01-02-01-01.wav,1,male,7,disgust,neutral,1,2,1
01_07_01_02_02,03-01-07-01-02-02-01.wav,1,male,7,disgust,neutral,1,2,2
01_07_02_01_01,03-01-07-02-01-01-01.wav,1,male,7,disgust,neutral,2,1,1
01_07_02_01_02,03-01-07-02-01-02-01.wav,1,male,7,disgust,neutral,2,1,2
01_07_02_02_01,03-01-07-02-02-01-01.wav,1,male,7,disgust,neutral,2,2,1
01_07_02_02_02,03-01-07-02-02-02-01.wav,1,male,7,disgust,neutral,2,2,2
01_08_01_01_01,03-01-08-01-01-01-01.wav,1,male,8,surprised,neutral,1,1,1
01_08_01_01_02,03-01-08-01-01-02-01.wav,1,male,8,surprised,neutral,1,1,2
01_08_01_02_01,03-01-08-01-02-01-01.wav,1,male,8,surprised,neutral,1,2,1
01_08_01_02_02,03-01-08-01-02-02-01.wav,1,male,8,surprised,neutral,1,2,2
01_08_02_01_01,03-01-08-02-01-01-01.wav,1,male,8,surprised,neutral,2,1,1
01_08_02_01_02,03-01-08-02-01-02-01.wav,1,male,8,surprised,neutral,2,1,2
01_08_02_02_01,03-01-08-02-02-01-01.wav,1,male,8,surprised,neutral,2,2,1
01_08_02_02_02,03-01-08-02-02-02-01.wav,1,male,8,surprised,neutral,2,2,2
02_01_01_01_01,03-01-01-01-01-01-02.wav,2,female,1,neutral,neutral,1,1,1
02_01_01_01_02,03-01-01-01-01-02-02.wav,2,female,1,neutral,neutral,1,1,2
02_01_01_02_01,03-01-01-01-02-01-02.wav,2,female,1,neutral,neutral,1,2,1
02_01_01_02_02,03-01-01-01-02-02-02.wav,2,female,1,neutral,neutral,1,2,2
02_02_01_01_01,03-01-02-01-01-01-02.wav,2,female,2,calm,neutral,1,1,1
02_02_01_01_02,03-01-02-01-01-02-02.wav,2,female,2,calm,neutral,1,1,2
02_02_01_02_01,03-01-02-01-02-01-02.wav,2,female,2,calm,neutral,1,2,1
02_02_01_02_02,03-01-02-01-02-02-02.wav,2,female,2,calm,neutral,1,2,2
02_02_02_01_01,03-01-02-02-01-01-02.wav,2,female,2,calm,neutral,2,1,1
02_02_02_01_02,03-01-02-02-01-02-02.wav,2,female,2,calm,neutral,2,1,2
02_02_02_02_01,03-01-02-02-02-01-02.wav,2,female,2,calm,neutral,2,2,1
02_02_02_02_02,03-01-02-02-02-02-02.wav,2,female,2,calm,neutral,2,2,2
02_03_01_01_01,03-01-03-01-01-01-02.wav,2,female,3,happy,happy,1,1,1
02_03_01_01_02,03-01-03-01-01-02-02.wav,2,female,3,happy,happy,1,1,2
02_03_01_02_01,03-01-03-01-02-01-02.wav,2,female,3,happy,happy,1,2,1
02_03_01_02_02,03-01-03-01-02-02-02.wav,2,female,3,happy,happy,1,2,2
02_03_02_01_01,03-01-03-02-01-01-02.wav,2,female,3,happy,happy,2,1,1
02_03_02_01_02,03-01-03-02-01-02-02.wav,2,female,3,happy,happy,2,1,2
02_03_02_02_01,03-01-03-02-02-01-02.wav,2,female,3,happy,happy,2,2,1
02_03_02_02_02,03-01-03-02-02-02-02.wav,2,female,3,happy,happy,2,2,2
02_04_01_01_01,03-01-04-01-01-01-02.wav,2,female,4,sad,sad,1,1,1
02_04_01_01_02,03-01-04-01-01-02-02.wav,2,female,4,sad,sad,1,1,2
02_04_01_02_01,03-01-04-01-02-01-02.wav,2,female,4,sad,sad,1,2,1
02_04_01_02_02,03-01-04-01-02-02-02.wav,2,female,4,sad,sad,1,2,2
02_04_02_01_01,03-01-04-02-01-01-02.wav,2,female,4,sad,sad,2,1,1
02_04_02_01_02,03-01-04-02-01-02-02.wav,2,female,4,sad,sad,2,1,2
02_04_02_02_01,03-01-04-02-02-01-02.wav,2,female,4,sad,sad,2,2,1
02_04_02_02_02,03-01-04-02-02-02-02.wav,2,female,4,sad,sad,2,2,2
02_05_01_01_01,03-01-05-01-01-01-02.wav,2,female,5,angry,angry,1,1,1
02_05_01_01_02,03-01-05-01-01-02-02.wav,2,female,5,angry,angry,1,1,2
02_05_01_02_01,03-01-05-01-02-01-02.wav,2,female,5,angry,angry,1,2,1
02_05_01_02_02,03-01-05-01-02-02-02.wav,2,female,5,angry,angry,1,2,2
02_05_02_01_01,03-01-05-02-01-01-02.wav,2,female,5,angry,angry,2,1,1
02_05_02_01_02,03-01-05-02-01-02-02.wav,2,female,5,angry,angry,2,1,2
02_05_02_02_01,03-01-05-02-02-01-02.wav,2,female,5,angry,angry,2,2,1
02_05_02_02_02,03-01-05-02-02-02-02.wav,2,female,5,angry,angry,2,2,2
02_06_01_01_01,03-01-06-01-01-01-02.wav,2,female,6,fearful,neutral,1,1,1
02_06_01_01_02,03-01-06-01-01-02-02.wav,2,female,6,fearful,neutral,1,1,2
02_06_01_02_01,03-01-06-01-02-01-02.wav,2,female,6,fearful,neutral,1,2,1
02_06_01_02_02,03-01-06-01-02-02-02.wav,2,female,6,fearful,neutral,1,2,2
02_06_02_01_01,03-01-06-02-01-01-02.wav,2,female,6,fearful,neutral,2,1,1
02_06_02_01_02,03-01-06-02-01-02-02.wav,2,female,6,fearful,neutral,2,1,2
02_06_02_02_01,03-01-06-02-02-01-02.wav,2,female,6,fearful,neutral,2,2,1
02_06_02_02_02,03-01-06-02-02-02-02.wav,2,female,6,fearful,neutral,2,2,2
02_07_01_01_01,03-01-07-01-01-01-02.wav,2,female,7,disgust,neutral,1,1,1
02_07_01_01_02,03-01-07-01-01-02-02.wav,2,female,7,disgust,neutral,1,1,2
02_07_01_02_01,03-01-07-01-02-01-02.wav,2,female,7,disgust,neutral,1,2,1
02_07_01_02_02,03-01-07-01-02-02-02.wav,2,female,7,disgust,neutral,1,2,2
02_07_02_01_01,03-01-07-02-01-01-02.wav,2,female,7,disgust,neutral,2,1,1
02_07_02_01_02,03-01-07-02-01-02-02.wav,2,female,7,disgust,neutral,2,1,2
02_07_02_02_01,03-01-07-02-02-01-02.wav,2,female,7,disgust,neutral,2,2,1
02_07_02_02_02,03-01-07-02-02-02-02.wav,2,female,7,disgust,neutral,2,2,2
02_08_01_01_01,03-01-08-01-01-01-02.wav,2,female,8,surprised,neutral,1,1,1
02_08_01_01_02,03-01-08-01-01-02-02.wav,2,female,8,surprised,neutral,1,1,2
02_08_01_02_01,03-01-08-01-02-01-02.wav,2,female,8,surprised,neutral,1,2,1
02_08_01_02_02,03-01-08-01-02-02-02.wav,2,female,8,surprised,neutral,1,2,2
02_08_02_01_01,03-01-08-02-01-01-02.wav,2,female,8,surprised,neutral,2,1,1
02_08_02_01_02,03-01-08-02-01-02-02.wav,2,female,8,surprised,neutral,2,1,2
02_08_02_02_01,03-01-08-02-02-01-02.wav,2,female,8,surprised,neutral,2,2,1
02_08_02_02_02,03-01-08-02-02-02-02.wav,2,female,8,surprised,neutral,2,2,2
03_01_01_01_01,03-01-01-01-01-01-03.wav,3,male,1,neutral,neutral,1,1,1
03_01_01_01_02,03-01-01-01-01-02-03.wav,3,male,1,neutral,neutral,1,1,2
03_01_01_02_01,03-01-01-01-02-01-03.wav,3,male,1,neutral,neutral,1,2,1
03_01_01_02_02,03-01-01-01-02-02-03.wav,3,male,1,neutral,neutral,1,2,2
03_02_01_01_01,03-01-02-01-01-01-03.wav,3,male,2,calm,neutral,1,1,1
03_02_01_01_02,03-01-02-01-01-02-03.wav,3,male,2,calm,neutral,1,1,2
03_02_01_02_01,03-01-02-01-02-01-03.wav,3,male,2,calm,neutral,1,2,1
03_02_01_02_02,03-01-02-01-02-02-03.wav,3,male,2,calm,neutral,1,2,2
03_02_02_01_01,03-01-02-02-01-01-03.wav,3,male,2,calm,neutral,2,1,1
03_02_02_01_02,03-01-02-02-01-02-03.wav,3,male,2,calm,neutral,2,1,2
03_02_02_02_01,03-01-02-02-02-01-03.wav,3,male,2,calm,neutral,2,2,1
03_02_02_02_02,03-01-02-02-02-02-03.wav,3,male,2,calm,neutral,2,2,2
03_03_01_01_01,03-01-03-01-01-01-03.wav,3,male,3,happy,happy,1,1,1
03_03_01_01_02,03-01-03-01-01-02-03.wav,3,male,3,happy,happy,1,1,2
03_03_01_02_01,03-01-03-01-02-01-03.wav,3,male,3,happy,happy,1,2,1
03_03_01_02_02,03-01-03-01-02-02-03.wav,3,male,3,happy,happy,1,2,2
03_03_02_01_01,03-01-03-02-01-01-03.wav,3,male,3,happy,happy,2,1,1
03_03_02_01_02,03-01-03-02-01-02-03.wav,3,male,3,happy,happy,2,1,2
03_03_02_02_01,03-01-03-02-02-01-03.wav,3,male,3,happy,happy,2,2,1
03_03_02_02_02,03-01-03-02-02-02-03.wav,3,male,3,happy,happy,2,2,2
03_04_01_01_01,03-01-04-01-01-01-03.wav,3,male,4,sad,sad,1,1,1
03_04_01_01_02,03-01-04-01-01-02-03.wav,3,male,4,sad,sad,1,1,2
03_04_01_02_01,03-01-04-01-02-01-03.wav,3,male,4,sad,sad,1,2,1
03_04_01_02_02,03-01-04-01-02-02-03.wav,3,male,4,sad,sad,1,2,2
03_04_02_01_01,03-01-04-02-01-01-03.wav,3,male,4,sad,sad,2,1,1
03_04_02_01_02,03-01-04-02-01-02-03.wav,3,male,4,sad,sad,2,1,2
03_04_02_02_01,03-01-04-02-02-01-03.wav,3,male,4,sad,sad,2,2,1
03_04_02_02_02,03-01-04-02-02-02-03.wav,3,male,4,sad,sad,2,2,2
03_05_01_01_01,03-01-05-01-01-01-03.wav,3,male,5,angry,angry,1,1,1
03_05_01_01_02,03-01-05-01-01-02-03.wav,3,male,5,angry,angry,1,1,2
03_05_01_02_01,03-01-05-01-02-01-03.wav,3,male,5,angry,angry,1,2,1
03_05_01_02_02,03-01-05-01-02-02-03.wav,3,male,5,angry,angry,1,2,2
03_05_02_01_01,03-01-05-02-01-01-03.wav,3,male,5,angry,angry,2,1,1
03_05_02_01_02,03-01-05-02-01-02-03.wav,3,male,5,angry,angry,2,1,2
03_05_02_02_01,03-01-05-02-02-01-03.wav,3,male,5,angry,angry,2,2,1
03_05_02_02_02,03-01-05-02-02-02-03.wav,3,male,5,angry,angry,2,2,2
03_06_01_01_01,03-01-06-01-01-01-03.wav,3,male,6,fearful,neutral,1,1,1
03_06_01_01_02,03-01-06-01-01-02-03.wav,3,male,6,fearful,neutral,1,1,2
03_06_01_02_01,03-01-06-01-02-01-03.wav,3,male,6,fearful,neutral,1,2,1
03_06_01_02_02,03-01-06-01-02-02-03.wav,3,male,6,fearful,neutral,1,2,2
03_06_02_01_01,03-01-06-02-01-01-03.wav,3,male,6,fearful,neutral,2,1,1
03_06_02_01_02,03-01-06-02-01-02-03.wav,3,male,6,fearful,neutral,2,1,2
03_06_02_02_01,03-01-06-02-02-01-03.wav,3,male,6,fearful,neutral,2,2,1
03_06_02_02_02,03-01-06-02-02-02-03.wav,3,male,6,fearful,neutral,2,2,2
03_07_01_01_01,03-01-07-01-01-01-03.wav,3,male,7,disgust,neutral,1,1,1
03_07_01_01_02,03-01-07-01-01-02-03.wav,3,male,7,disgust,neutral,1,1,2
03_07_01_02_01,03-01-07-01-02-01-03.wav,3,male,7,disgust,neutral,1,2,1
03_07_01_02_02,03-01-07-01-02-02-03.wav,3,male,7,disgust,neutral,1,2,2
03_07_02_01_01,03-01-07-02-01-01-03.wav,3,male,7,disgust,neutral,2,1,1
03_07_02_01_02,03-01-07-02-01-02-03.wav,3,male,7,disgust,neutral,2,1,2
03_07_02_02_01,03-01-07-02-02-01-03.wav,3,male,7,disgust,neutral,2,2,1
03_07_02_02_02,03-01-07-02-02-02-03.wav,3,male,7,disgust,neutral,2,2,2
03_08_01_01_01,03-01-08-01-01-01-03.wav,3,male,8,surprised,neutral,1,1,1
03_08_01_01_02,03-01-08-01-01-02-03.wav,3,male,8,surprised,neutral,1,1,2
03_08_01_02_01,03-01-08-01-02-01-03.wav,3,male,8,surprised,neutral,1,2,1
03_08_01_02_02,03-01-08-01-02-02-03.wav,3,male,8,surprised,neutral,1,2,2
03_08_02_01_01,03-01-08-02-01-01-03.wav,3,male,8,surprised,neutral,2,1,1
03_08_02_01_02,03-01-08-02-01-02-03.wav,3,male,8,surprised,neutral,2,1,2
03_08_02_02_01,03-01-08-02-02-01-03.wav,3,male,8,surprised,neutral,2,2,1
03_08_02_02_02,03-01-08-02-02-02-03.wav,3,male,8,surprised,neutral,2,2,2
04_01_01_01_01,03-01-01-01-01-01-04.wav,4,female,1,neutral,neutral,1,1,1
04_01_01_01_02,03-01-01-01-01-02-04.wav,4,female,1,neutral,neutral,1,1,2
04_01_01_02_01,03-01-01-01-02-01-04.wav,4,female,1,neutral,neutral,1,2,1
04_01_01_02_02,03-01-01-01-02-02-04.wav,4,female,1,neutral,neutral,1,2,2
04_02_01_01_01,03-01-02-01-01-01-04.wav,4,female,2,calm,neutral,1,1,1
04_02_01_01_02,03-01-02-01-01-02-04.wav,4,female,2,calm,neutral,1,1,2
04_02_01_02_01,03-01-02-01-02-01-04.wav,4,female,2,calm,neutral,1,2,1
04_02_01_02_02,03-01-02-01-02-02-04.wav,4,female,2,calm,neutral,1,2,2
04_02_02_01_01,03-01-02-02-01-01-04.wav,4,female,2,calm,neutral,2,1,1
04_02_02_01_02,03-01-02-02-01-02-04.wav,4,female,2,calm,neutral,2,1,2
04_02_02_02_01,03-01-02-02-02-01-04.wav,4,female,2,calm,neutral,2,2,1
04_02_02_02_02,03-01-02-02-02-02-04.wav,4,female,2,calm,neutral,2,2,2
04_03_01_01_01,03-01-03-01-01-01-04.wav,4,female,3,happy,happy,1,1,1
04_03_01_01_02,03-01-03-01-01-02-04.wav,4,female,3,happy,happy,1,1,2
04_03_01_02_01,03-01-03-01-02-01-04.wav,4,female,3,happy,happy,1,2,1
04_03_01_02_02,03-01-03-01-02-02-04.wav,4,female,3,happy,happy,1,2,2
04_03_02_01_01,03-01-03-02-01-01-04.wav,4,female,3,happy,happy,2,1,1
04_03_02_01_02,03-01-03-02-01-02-04.wav,4,female,3,happy,happy,2,1,2
04_03_02_02_01,03-01-03-02-02-01-04.wav,4,female,3,happy,happy,2,2,1
04_03_02_02_02,03-01-03-02-02-02-04.wav,4,female,3,happy,happy,2,2,2
04_04_01_01_01,03-01-04-01-01-01-04.wav,4,female,4,sad,sad,1,1,1
04_04_01_01_02,03-01-04-01-01-02-04.wav,4,female,4,sad,sad,1,1,2
04_04_01_02_01,03-01-04-01-02-01-04.wav,4,female,4,sad,sad,1,2,1
04_04_01_02_02,03-01-04-01-02-02-04.wav,4,female,4,sad,sad,1,2,2
04_04_02_01_01,03-01-04-02-01-01-04.wav,4,female,4,sad,sad,2,1,1
04_04_02_01_02,03-01-04-02-01-02-04.wav,4,female,4,sad,sad,2,1,2
04_04_02_02_01,03-01-04-02-02-01-04.wav,4,female,4,sad,sad,2,2,1
04_04_02_02_02,03-01-04-02-02-02-04.wav,4,female,4,sad,sad,2,2,2
04_05_01_01_01,03-01-05-01-01-01-04.wav,4,female,5,angry,angry,1,1,1
04_05_01_01_02,03-01-05-01-01-02-04.wav,4,female,5,angry,angry,1,1,2
04_05_01_02_01,03-01-05-01-02-01-04.wav,4,female,5,angry,angry,1,2,1
04_05_01_02_02,03-01-05-01-02-02-04.wav,4,female,5,angry,angry,1,2,2
04_05_02_01_01,03-01-05-02-01-01-04.wav,4,female,5,angry,angry,2,1,1
04_05_02_01_02,03-01-05-02-01-02-04.wav,4,female,5,angry,angry,2,1,2
04_05_02_02_01,03-01-05-02-02-01-04.wav,4,female,5,angry,angry,2,2,1
04_05_02_02_02,03-01-05-02-02-02-04.wav,4,female,5,angry,angry,2,2,2
04_06_01_01_01,03-01-06-01-01-01-04.wav,4,female,6,fearful,neutral,1,1,1
04_06_01_01_02,03-01-06-01-01-02-04.wav,4,female,6,fearful,neutral,1,1,2
04_06_01_02_01,03-01-06-01-02-01-04.wav,4,female,6,fearful,neutral,1,2,1
04_06_01_02_02,03-01-06-01-02-02-04.wav,4,female,6,fearful,neutral,1,2,2
04_06_02_01_01,03-01-06-02-01-01-04.wav,4,female,6,fearful,neutral,2,1,1
04_06_02_01_02,03-01-06-02-01-02-04.wav,4,female,6,fearful,neutral,2,1,2
04_06_02_02_01,03-01-06-02-02-01-04.wav,4,female,6,fearful,neutral,2,2,1
04_06_02_02_02,03-01-06-02-02-02-04.wav,4,female,6,fearful,neutral,2,2,2
04_07_01_01_01,03-01-07-01-01-01-04.wav,4,female,7,disgust,neutral,1,1,1
04_07_01_01_02,03-01-07-01-01-02-04.wav,4,female,7,disgust,neutral,1,1,2
04_07_01_02_01,03-01-07-01-02-01-04.wav,4,female,7,disgust,neutral,1,2,1
04_07_01_02_02,03-01-07-01-02-02-04.wav,4,female,7,disgust,neutral,1,2,2
04_07_02_01_01,03-01-07-02-01-01-04.wav,4,female,7,disgust,neutral,2,1,1
04_07_02_01_02,03-01-07-02-01-02-04.wav,4,female,7,disgust,neutral,2,1,2
04_07_02_02_01,03-01-07-02-02-01-04.wav,4,female,7,disgust,neutral,2,2,1
04_07_02_02_02,03-01-07-02-02-02-04.wav,4,female,7,disgust,neutral,2,2,2
04_08_01_01_01,03-01-08-01-01-01-04.wav,4,female,8,surprised,neutral,1,1,1
04_08_01_01_02,03-01-08-01-01-02-04.wav,4,female,8,surprised,neutral,1,1,2
04_08_01_02_01,03-01-08-01-02-01-04.wav,4,female,8,surprised,neutral,1,2,1
04_08_01_02_02,03-01-08-01-02-02-04.wav,4,female,8,surprised,neutral,1,2,2
04_08_02_01_01,03-01-08-02-01-01-04.wav,4,female,8,surprised,neutral,2,1,1
04_08_02_01_02,03-01-08-02-01-02-04.wav,4,female,8,surprised,neutral,2,1,2
04_08_02_02_01,03-01-08-02-02-01-04.wav,4,female,8,surprised,neutral,2,2,1
04_08_02_02_02,03-01-08-02-02-02-04.wav,4,female,8,surprised,neutral,2,2,2
05_01_01_01_01,03-01-01-01-01-01-05.wav,5,male,1,neutral,neutral,1,1,1
05_01_01_01_02,03-01-01-01-01-02-05.wav,5,male,1,neutral,neutral,1,1,2
05_01_01_02_01,03-01-01-01-02-01-05.wav,5,male,1,neutral,neutral,1,2,1
05_01_01_02_02,03-01-01-01-02-02-05.wav,5,male,1,neutral,neutral,1,2,2
05_02_01_01_01,03-01-02-01-01-01-05.wav,5,male,2,calm,neutral,1,1,1
05_02_01_01_02,03-01-02-01-01-02-05.wav,5,male,2,calm,neutral,1,1,2
05_02_01_02_01,03-01-02-01-02-01-05.wav,5,male,2,calm,neutral,1,2,1
05_02_01_02_02,03-01-02-01-02-02-05.wav,5,male,2,calm,neutral,1,2,2
05_02_02_01_01,03-01-02-02-01-01-05.wav,5,male,2,calm,neutral,2,1,1
05_02_02_01_02,03-01-02-02-01-02-05.wav,5,male,2,calm,neutral,2,1,2
05_02_02_02_01,03-01-02-02-02-01-05.wav,5,male,2,calm,neutral,2,2,1
05_02_02_02_02,03-01-02-02-02-02-05.wav,5,male,2,calm,neutral,2,2,2
05_03_01_01_01,03-01-03-01-01-01-05.wav,5,male,3,happy,happy,1,1,1
05_03_01_01_02,03-01-03-01-01-02-05.wav,5,male,3,happy,happy,1,1,2
05_03_01_02_01,03-01-03-01-02-01-05.wav,5,male,3,happy,happy,1,2,1
05_03_01_02_02,03-01-03-01-02-02-05.wav,5,male,3,happy,happy,1,2,2
05_03_02_01_01,03-01-03-02-01-01-05.wav,5,male,3,happy,happy,2,1,1
05_03_02_01_02,03-01-03-02-01-02-05.wav,5,male,3,happy,happy,2,1,2
05_03_02_02_01,03-01-03-02-02-01-05.wav,5,male,3,happy,happy,2,2,1
05_03_02_02_02,03-01-03-02-02-02-05.wav,5,male,3,happy,happy,2,2,2
05_04_01_01_01,03-01-04-01-01-01-05.wav,5,male,4,sad,sad,1,1,1
05_04_01_01_02,03-01-04-01-01-02-05.wav,5,male,4,sad,sad,1,1,2
05_04_01_02_01,03-01-04-01-02-01-05.wav,5,male,4,sad,sad,1,2,1
05_04_01_02_02,03-01-04-01-02-02-05.wav,5,male,4,sad,sad,1,2,2
05_04_02_01_01,03-01-04-02-01-01-05.wav,5,male,4,sad,sad,2,1,1
05_04_02_01_02,03-01-04-02-01-02-05.wav,5,male,4,sad,sad,2,1,2
05_04_02_02_01,03-01-04-02-02-01-05.wav,5,male,4,sad,sad,2,2,1
05_04_02_02_02,03-01-04-02-02-02-05.wav,5,male,4,sad,sad,2,2,2
05_05_01_01_01,03-01-05-01-01-01-05.wav,5,male,5,angry,angry,1,1,1
05_05_01_01_02,03-01-05-01-01-02-05.wav,5,male,5,angry,angry,1,1,2
05_05_01_02_01,03-01-05-01-02-01-05.wav,5,male,5,angry,angry,1,2,1
05_05_01_02_02,03-01-05-01-02-02-05.wav,5,male,5,angry,angry,1,2,2
05_05_02_01_01,03-01-05-02-01-01-05.wav,5,male,5,angry,angry,2,1,1
05_05_02_01_02,03-01-05-02-01-02-05.wav,5,male,5,angry,angry,2,1,2
05_05_02_02_01,03-01-05-02-02-01-05.wav,5,male,5,angry,angry,2,2,1
05_05_02_02_02,03-01-05-02-02-02-05.wav,5,male,5,angry,angry,2,2,2
05_06_01_01_01,03-01-06-01-01-01-05.wav,5,male,6,fearful,neutral,1,1,1
05_06_01_01_02,03-01-06-01-01-02-05.wav,5,male,6,fearful,neutral,1,1,2
05_06_01_02_01,03-01-06-01-02-01-05.wav,5,male,6,fearful,neutral,1,2,1
05_06_01_02_02,03-01-06-01-02-02-05.wav,5,male,6,fearful,neutral,1,2,2
05_06_02_01_01,03-01-06-02-01-01-05.wav,5,male,6,fearful,neutral,2,1,1
05_06_02_01_02,03-01-06-02-01-02-05.wav,5,male,6,fearful,neutral,2,1,2
05_06_02_02_01,03-01-06-02-02-01-05.wav,5,male,6,fearful,neutral,2,2,1
05_06_02_02_02,03-01-06-02-02-02-05.wav,5,male,6,fearful,neutral,2,2,2
05_07_01_01_01,03-01-07-01-01-01-05.wav,5,male,7,disgust,neutral,1,1,1
05_07_01_01_02,03-01-07-01-01-02-05.wav,5,male,7,disgust,neutral,1,1,2
05_07_01_02_01,03-01-07-01-02-01-05.wav,5,male,7,disgust,neutral,1,2,1
05_07_01_02_02,03-01-07-01-02-02-05.wav,5,male,7,disgust,neutral,1,2,2
05_07_02_01_01,03-01-07-02-01-01-05.wav,5,male,7,disgust,neutral,2,1,1
05_07_02_01_02,03-01-07-02-01-02-05.wav,5,male,7,disgust,neutral,2,1,2
05_07_02_02_01,03-01-07-02-02-01-05.wav,5,male,7,disgust,neutral,2,2,1
05_07_02_02_02,03-01-07-02-02-02-05.wav,5,male,7,disgust,neutral,2,2,2
05_08_01_01_01,03-01-08-01-01-01-05.wav,5,male,8,surprised,neutral,1,1,1
05_08_01_01_02,03-01-08-01-01-02-05.wav,5,male,8,surprised,neutral,1,1,2
05_08_01_02_01,03-01-08-01-02-01-05.wav,5,male,8,surprised,neutral,1,2,1
05_08_01_02_02,03-01-08-01-02-02-05.wav,5,male,8,surprised,neutral,1,2,2
05_08_02_01_01,03-01-08-02-01-01-05.wav,5,male,8,surprised,neutral,2,1,1
05_08_02_01_02,03-01-08-02-01-02-05.wav,5,male,8,surprised,neutral,2,1,2
05_08_02_02_01,03-01-08-02-02-01-05.wav,5,male,8,surprised,neutral,2,2,1
05_08_02_02_02,03-01-08-02-02-02-05.wav,5,male,8,surprised,neutral,2,2,2
06_01_01_01_01,03-01-01-01-01-01-06.wav,6,female,1,neutral,neutral,1,1,1
06_01_01_01_02,03-01-01-01-01-02-06.wav,6,female,1,neutral,neutral,1,1,2
06_01_01_02_01,03-01-01-01-02-01-06.wav,6,female,1,neutral,neutral,1,2,1
06_01_01_02_02,03-01-01-01-02-02-06.wav,6,female,1,neutral,neutral,1,2,2
06_02_01_01_01,03-01-02-01-01-01-06.wav,6,female,2,calm,neutral,1,1,1
06_02_01_01_02,03-01-02-01-01-02-06.wav,6,female,2,calm,neutral,1,1,2
06_02_01_02_01,03-01-02-01-02-01-06.wav,6,female,2,calm,neutral,1,2,1
06_02_01_02_02,03-01-02-01-02-02-06.wav,6,female,2,calm,neutral,1,2,2
06_02_02_01_01,03-01-02-02-01-01-06.wav,6,female,2,calm,neutral,2,1,1
06_02_02_01_02,03-01-02-02-01-02-06.wav,6,female,2,calm,neutral,2,1,2
06_02_02_02_01,03-01-02-02-02-01-06.wav,6,female,2,calm,neutral,2,2,1
06_02_02_02_02,03-01-02-02-02-02-06.wav,6,female,2,calm,neutral,2,2,2
06_03_01_01_01,03-01-03-01-01-01-06.wav,6,female,3,happy,happy,1,1,1
06_03_01_01_02,03-01-03-01-01-02-06.wav,6,female,3,happy,happy,1,1,2
06_03_01_02_01,03-01-03-01-02-01-06.wav,6,female,3,happy,happy,1,2,1
06_03_01_02_02,03-01-03-01-02-02-06.wav,6,female,3,happy,happy,1,2,2
06_03_02_01_01,03-01-03-02-01-01-06.wav,6,female,3,happy,happy,2,1,1
06_03_02_01_02,03-01-03-02-01-02-06.wav,6,female,3,happy,happy,2,1,2
06_03_02_02_01,03-01-03-02-02-01-06.wav,6,female,3,happy,happy,2,2,1
06_03_02_02_02,03-01-03-02-02-02-06.wav,6,female,3,happy,happy,2,2,2
06_04_01_01_01,03-01-04-01-01-01-06.wav,6,female,4,sad,sad,1,1,1
06_04_01_01_02,03-01-04-01-01-02-06.wav,6,female,4,sad,sad,1,1,2
06_04_01_02_01,03-01-04-01-02-01-06.wav,6,female,4,sad,sad,1,2,1
06_04_01_02_02,03-01-04-01-02-02-06.wav,6,female,4,sad,sad,1,2,2
06_04_02_01_01,03-01-04-02-01-01-06.wav,6,female,4,sad,sad,2,1,1
06_04_02_01_02,03-01-04-02-01-02-06.wav,6,female,4,sad,sad,2,1,2
06_04_02_02_01,03-01-04-02-02-01-06.wav,6,female,4,sad,sad,2,2,1
06_04_02_02_02,03-01-04-02-02-02-06.wav,6,female,4,sad,sad,2,2,2
06_05_01_01_01,03-01-05-01-01-01-06.wav,6,female,5,angry,angry,1,1,1
06_05_01_01_02,03-01-05-01-01-02-06.wav,6,female,5,angry,angry,1,1,2
06_05_01_02_01,03-01-05-01-02-01-06.wav,6,female,5,angry,angry,1,2,1
06_05_01_02_02,03-01-05-01-02-02-06.wav,6,female,5,angry,angry,1,2,2
06_05_02_01_01,03-01-05-02-01-01-06.wav,6,female,5,angry,angry,2,1,1
06_05_02_01_02,03-01-05-02-01-02-06.wav,6,female,5,angry,angry,2,1,2
06_05_02_02_01,03-01-05-02-02-01-06.wav,6,female,5,angry,angry,2,2,1
06_05_02_02_02,03-01-05-02-02-02-06.wav,6,female,5,angry,angry,2,2,2
06_06_01_01_01,03-01-06-01-01-01-06.wav,6,female,6,fearful,neutral,1,1,1
06_06_01_01_02,03-01-06-01-01-02-06.wav,6,female,6,fearful,neutral,1,1,2
06_06_01_02_01,03-01-06-01-02-01-06.wav,6,female,6,fearful,neutral,1,2,1
06_06_01_02_02,03-01-06-01-02-02-06.wav,6,female,6,fearful,neutral,1,2,2
06_06_02_01_01,03-01-06-02-01-01-06.wav,6,female,6,fearful,neutral,2,1,1
06_06_02_01_02,03-01-06-02-01-02-06.wav,6,female,6,fearful,neutral,2,1,2
06_06_02_02_01,03-01-06-02-02-01-06.wav,6,female,6,fearful,neutral,2,2,1
06_06_02_02_02,03-01-06-02-02-02-06.wav,6,female,6,fearful,neutral,2,2,2
06_07_01_01_01,03-01-07-01-01-01-06.wav,6,female,7,disgust,neutral,1,1,1
06_07_01_01_02,03-01-07-01-01-02-06.wav,6,female,7,disgust,neutral,1,1,2
06_07_01_02_01,03-01-07-01-02-01-06.wav,6,female,7,disgust,neutral,1,2,1
06_07_01_02_02,03-01-07-01-02-02-06.wav,6,female,7,disgust,neutral,1,2,2
06_07_02_01_01,03-01-07-02-01-01-06.wav,6,female,7,disgust,neutral,2,1,1
06_07_02_01_02,03-01-07-02-01-02-06.wav,6,female,7,disgust,neutral,2,1,2
06_07_02_02_01,03-01-07-02-02-01-06.wav,6,female,7,disgust,neutral,2,2,1
06_07_02_02_02,03-01-07-02-02-02-06.wav,6,female,7,disgust,neutral,2,2,2
06_08_01_01_01,03-01-08-01-01-01-06.wav,6,female,8,surprised,neutral,1,1,1
06_08_01_01_02,03-01-08-01-01-02-06.wav,6,female,8,surprised,neutral,1,1,2
06_08_01_02_01,03-01-08-01-02-01-06.wav,6,female,8,surprised,neutral,1,2,1
06_08_01_02_02,03-01-08-01-02-02-06.wav,6,female,8,surprised,neutral,1,2,2
06_08_02_01_01,03-01-08-02-01-01-06.wav,6,female,8,surprised,neutral,2,1,1
06_08_02_01_02,03-01-08-02-01-02-06.wav,6,female,8,surprised,neutral,2,1,2
06_08_02_02_01,03-01-08-02-02-01-06.wav,6,female,8,surprised,neutral,2,2,1
06_08_02_02_02,03-01-08-02-02-02-06.wav,6,female,8,surprised,neutral,2,2,2
07_01_01_01_01,03-01-01-01-01-01-07.wav,7,male,1,neutral,neutral,1,1,1
07_01_01_01_02,03-01-01-01-01-02-07.wav,7,male,1,neutral,neutral,1,1,2
07_01_01_02_01,03-01-01-01-02-01-07.wav,7,male,1,neutral,neutral,1,2,1
07_01_01_02_02,03-01-01-01-02-02-07.wav,7,male,1,neutral,neutral,1,2,2
07_02_01_01_01,03-01-02-01-01-01-07.wav,7,male,2,calm,neutral,1,1,1
07_02_01_01_02,03-01-02-01-01-02-07.wav,7,male,2,calm,neutral,1,1,2
07_02_01_02_01,03-01-02-01-02-01-07.wav,7,male,2,calm,neutral,1,2,1
07_02_01_02_02,03-01-02-01-02-02-07.wav,7,male,2,calm,neutral,1,2,2
07_02_02_01_01,03-01-02-02-01-01-07.wav,7,male,2,calm,neutral,2,1,1
07_02_02_01_02,03-01-02-02-01-02-07.wav,7,male,2,calm,neutral,2,1,2
07_02_02_02_01,03-01-02-02-02-01-07.wav,7,male,2,calm,neutral,2,2,1
07_02_02_02_02,03-01-02-02-02-02-07.wav,7,male,2,calm,neutral,2,2,2
07_03_01_01_01,03-01-03-01-01-01-07.wav,7,male,3,happy,happy,1,1,1
07_03_01_01_02,03-01-03-01-01-02-07.wav,7,male,3,happy,happy,1,1,2
07_03_01_02_01,03-01-03-01-02-01-07.wav,7,male,3,happy,happy,1,2,1
07_03_01_02_02,03-01-03-01-02-02-07.wav,7,male,3,happy,happy,1,2,2
07_03_02_01_01,03-01-03-02-01-01-07.wav,7,male,3,happy,happy,2,1,1
07_03_02_01_02,03-01-03-02-01-02-07.wav,7,male,3,happy,happy,2,1,2
07_03_02_02_01,03-01-03-02-02-01-07.wav,7,male,3,happy,happy,2,2,1
07_03_02_02_02,03-01-03-02-02-02-07.wav,7,male,3,happy,happy,2,2,2
07_04_01_01_01,03-01-04-01-01-01-07.wav,7,male,4,sad,sad,1,1,1
07_04_01_01_02,03-01-04-01-01-02-07.wav,7,male,4,sad,sad,1,1,2
07_04_01_02_01,03-01-04-01-02-01-07.wav,7,male,4,sad,sad,1,2,1
07_04_01_02_02,03-01-04-01-02-02-07.wav,7,male,4,sad,sad,1,2,2
07_04_02_01_01,03-01-04-02-01-01-07.wav,7,male,4,sad,sad,2,1,1
07_04_02_01_02,03-01-04-02-01-02-07.wav,7,male,4,sad,sad,2,1,2
07_04_02_02_01,03-01-04-02-02-01-07.wav,7,male,4,sad,sad,2,2,1
07_04_02_02_02,03-01-04-02-02-02-07.wav,7,male,4,sad,sad,2,2,2
07_05_01_01_01,03-01-05-01-01-01-07.wav,7,male,5,angry,angry,1,1,1
07_05_01_01_02,03-01-05-01-01-02-07.wav,7,male,5,angry,angry,1,1,2
07_05_01_02_01,03-01-05-01-02-01-07.wav,7,male,5,angry,angry,1,2,1
07_05_01_02_02,03-01-05-01-02-02-07.wav,7,male,5,angry,angry,1,2,2
07_05_02_01_01,03-01-05-02-01-01-07.wav,7,male,5,angry,angry,2,1,1
07_05_02_01_02,03-01-05-02-01-02-07.wav,7,male,5,angry,angry,2,1,2
07_05_02_02_01,03-01-05-02-02-01-07.wav,7,male,5,angry,angry,2,2,1
07_05_02_02_02,03-01-05-02-02-02-07.wav,7,male,5,angry,angry,2,2,2
07_06_01_01_01,03-01-06-01-01-01-07.wav,7,male,6,fearful,neutral,1,1,1
07_06_01_01_02,03-01-06-01-01-02-07.wav,7,male,6,fearful,neutral,1,1,2
07_06_01_02_01,03-01-06-01-02-01-07.wav,7,male,6,fearful,neutral,1,2,1
07_06_01_02_02,03-01-06-01-02-02-07.wav,7,male,6,fearful,neutral,1,2,2
07_06_02_01_01,03-01-06-02-01-01-07.wav,7,male,6,fearful,neutral,2,1,1
07_06_02_01_02,03-01-06-02-01-02-07.wav,7,male,6,fearful,neutral,2,1,2
07_06_02_02_01,03-01-06-02-02-01-07.wav,7,male,6,fearful,neutral,2,2,1
07_06_02_02_02,03-01-06-02-02-02-07.wav,7,male,6,fearful,neutral,2,2,2
07_07_01_01_01,03-01-07-01-01-01-07.wav,7,male,7,disgust,neutral,1,1,1
07_07_01_01_02,03-01-07-01-01-02-07.wav,7,male,7,disgust,neutral,1,1,2
07_07_01_02_01,03-01-07-01-02-01-07.wav,7,male,7,disgust,neutral,1,2,1
07_07_01_02_02,03-01-07-01-02-02-07.wav,7,male,7,disgust,neutral,1,2,2
07_07_02_01_01,03-01-07-02-01-01-07.wav,7,male,7,disgust,neutral,2,1,1
07_07_02_01_02,03-01-07-02-01-02-07.wav,7,male,7,disgust,neutral,2,1,2
07_07_02_02_01,03-01-07-02-02-01-07.wav,7,male,7,disgust,neutral,2,2,1
07_07_02_02_02,03-01-07-02-02-02-07.wav,7,male,7,disgust,neutral,2,2,2
07_08_01_01_01,03-01-08-01-01-01-07.wav,7,male,8,surprised,neutral,1,1,1
07_08_01_01_02,03-01-08-01-01-02-07.wav,7,male,8,surprised,neutral,1,1,2
07_08_01_02_01,03-01-08-01-02-01-07.wav,7,male,8,surprised,neutral,1,2,1
07_08_01_02_02,03-01-08-01-02-02-07.wav,7,male,8,surprised,neutral,1,2,2
07_08_02_01_01,03-01-08-02-01-01-07.wav,7,male,8,surprised,neutral,2,1,1
07_08_02_01_02,03-01-08-02-01-02-07.wav,7,male,8,surprised,neutral,2,1,2
07_08_02_02_01,03-01-08-02-02-01-07.wav,7,male,8,surprised,neutral,2,2,1
07_08_02_02_02,03-01-08-02-02-02-07.wav,7,male,8,surprised,neutral,2,2,2
08_01_01_01_01,03-01-01-01-01-01-08.wav,8,female,1,neutral,neutral,1,1,1
08_01_01_01_02,03-01-01-01-01-02-08.wav,8,female,1,neutral,neutral,1,1,2
08_01_01_02_01,03-01-01-01-02-01-08.wav,8,female,1,neutral,neutral,1,2,1
08_01_01_02_02,03-01-01-01-02-02-08.wav,8,female,1,neutral,neutral,1,2,2
08_02_01_01_01,03-01-02-01-01-01-08.wav,8,female,2,calm,neutral,1,1,1
08_02_01_01_02,03-01-02-01-01-02-08.wav,8,female,2,calm,neutral,1,1,2
08_02_01_02_01,03-01-02-01-02-01-08.wav,8,female,2,calm,neutral,1,2,1
08_02_01_02_02,03-01-02-01-02-02-08.wav,8,female,2,calm,neutral,1,2,2
08_02_02_01_01,03-01-02-02-01-01-08.wav,8,female,2,calm,neutral,2,1,1
08_02_02_01_02,03-01-02-02-01-02-08.wav,8,female,2,calm,neutral,2,1,2
08_02_02_02_01,03-01-02-02-02-01-08.wav,8,female,2,calm,neutral,2,2,1
08_02_02_02_02,03-01-02-02-02-02-08.wav,8,female,2,calm,neutral,2,2,2
08_03_01_01_01,03-01-03-01-01-01-08.wav,8,female,3,happy,happy,1,1,1
08_03_01_01_02,03-01-03-01-01-02-08.wav,8,female,3,happy,happy,1,1,2
08_03_01_02_01,03-01-03-01-02-01-08.wav,8,female,3,happy,happy,1,2,1
08_03_01_02_02,03-01-03-01-02-02-08.wav,8,female,3,happy,happy,1,2,2
08_03_02_01_01,03-01-03-02-01-01-08.wav,8,female,3,happy,happy,2,1,1
08_03_02_01_02,03-01-03-02-01-02-08.wav,8,female,3,happy,happy,2,1,2
08_03_02_02_01,03-01-03-02-02-01-08.wav,8,female,3,happy,happy,2,2,1
08_03_02_02_02,03-01-03-02-02-02-08.wav,8,female,3,happy,happy,2,2,2
08_04_01_01_01,03-01-04-01-01-01-08.wav,8,female,4,sad,sad,1,1,1
08_04_01_01_02,03-01-04-01-01-02-08.wav,8,female,4,sad,sad,1,1,2
08_04_01_02_01,03-01-04-01-02-01-08.wav,8,female,4,sad,sad,1,2,1
08_04_01_02_02,03-01-04-01-02-02-08.wav,8,female,4,sad,sad,1,2,2
08_04_02_01_01,03-01-04-02-01-01-08.wav,8,female,4,sad,sad,2,1,1
08_04_02_01_02,03-01-04-02-01-02-08.wav,8,female,4,sad,sad,2,1,2
08_04_02_02_01,03-01-04-02-02-01-08.wav,8,female,4,sad,sad,2,2,1
08_04_02_02_02,03-01-04-02-02-02-08.wav,8,female,4,sad,sad,2,2,2
08_05_01_01_01,03-01-05-01-01-01-08.wav,8,female,5,angry,angry,1,1,1
08_05_01_01_02,03-01-05-01-01-02-08.wav,8,female,5,angry,angry,1,1,2
08_05_01_02_01,03-01-05-01-02-01-08.wav,8,female,5,angry,angry,1,2,1
08_05_01_02_02,03-01-05-01-02-02-08.wav,8,female,5,angry,angry,1,2,2
08_05_02_01_01,03-01-05-02-01-01-08.wav,8,female,5,angry,angry,2,1,1
08_05_02_01_02,03-01-05-02-01-02-08.wav,8,female,5,angry,angry,2,1,2
08_05_02_02_01,03-01-05-02-02-01-08.wav,8,female,5,angry,angry,2,2,1
08_05_02_02_02,03-01-05-02-02-02-08.wav,8,female,5,angry,angry,2,2,2
08_06_01_01_01,03-01-06-01-01-01-08.wav,8,female,6,fearful,neutral,1,1,1
08_06_01_01_02,03-01-06-01-01-02-08.wav,8,female,6,fearful,neutral,1,1,2
08_06_01_02_01,03-01-06-01-02-01-08.wav,8,female,6,fearful,neutral,1,2,1
08_06_01_02_02,03-01-06-01-02-02-08.wav,8,female,6,fearful,neutral,1,2,2
08_06_02_01_01,03-01-06-02-01-01-08.wav,8,female,6,fearful,neutral,2,1,1
08_06_02_01_02,03-01-06-02-01-02-08.wav,8,female,6,fearful,neutral,2,1,2
08_06_02_02_01,03-01-06-02-02-01-08.wav,8,female,6,fearful,neutral,2,2,1
08_06_02_02_02,03-01-06-02-02-02-08.wav,8,female,6,fearful,neutral,2,2,2
08_07_01_01_01,03-01-07-01-01-01-08.wav,8,female,7,disgust,neutral,1,1,1
08_07_01_01_02,03-01-07-01-01-02-08.wav,8,female,7,disgust,neutral,1,1,2
08_07_01_02_01,03-01-07-01-02-01-08.wav,8,female,7,disgust,neutral,1,2,1
08_07_01_02_02,03-01-07-01-02-02-08.wav,8,female,7,disgust,neutral,1,2,2
08_07_02_01_01,03-01-07-02-01-01-08.wav,8,female,7,disgust,neutral,2,1,1
08_07_02_01_02,03-01-07-02-01-02-08.wav,8,female,7,disgust,neutral,2,1,2
08_07_02_02_01,03-01-07-02-02-01-08.wav,8,female,7,disgust,neutral,2,2,1
08_07_02_02_02,03-01-07-02-02-02-08.wav,8,female,7,disgust,neutral,2,2,2
08_08_01_01_01,03-01-08-01-01-01-08.wav,8,female,8,surprised,neutral,1,1,1
08_08_01_01_02,03-01-08-01-01-02-08.wav,8,female,8,surprised,neutral,1,1,2
08_08_01_02_01,03-01-08-01-02-01-08.wav,8,female,8,surprised,neutral,1,2,1
08_08_01_02_02,03-01-08-01-02-02-08.wav,8,female,8,surprised,neutral,1,2,2
08_08_02_01_01,03-01-08-02-01-01-08.wav,8,female,8,surprised,neutral,2,1,1
08_08_02_01_02,03-01-08-02-01-02-08.wav,8,female,8,surprised,neutral,2,1,2
08_08_02_02_01,03-01-08-02-02-01-08.wav,8,female,8,surprised,neutral,2,2,1
08_08_02_02_02,03-01-08-02-02-02-08.wav,8,female,8,surprised,neutral,2,2,2
09_01_01_01_01,03-01-01-01-01-01-09.wav,9,male,1,neutral,neutral,1,1,1
09_01_01_01_02,03-01-01-01-01-02-09.wav,9,male,1,neutral,neutral,1,1,2
09_01_01_02_01,03-01-01-01-02-01-09.wav,9,male,1,neutral,neutral,1,2,1
09_01_01_02_02,03-01-01-01-02-02-09.wav,9,male,1,neutral,neutral,1,2,2
09_02_01_01_01,03-01-02-01-01-01-09.wav,9,male,2,calm,neutral,1,1,1
09_02_01_01_02,03-01-02-01-01-02-09.wav,9,male,2,calm,neutral,1,1,2
09_02_01_02_01,03-01-02-01-02-01-09.wav,9,male,2,calm,neutral,1,2,1
09_02_01_02_02,03-01-02-01-02-02-09.wav,9,male,2,calm,neutral,1,2,2
09_02_02_01_01,03-01-02-02-01-01-09.wav,9,male,2,calm,neutral,2,1,1
09_02_02_01_02,03-01-02-02-01-02-09.wav,9,male,2,calm,neutral,2,1,2
09_02_02_02_01,03-01-02-02-02-01-09.wav,9,male,2,calm,neutral,2,2,1
09_02_02_02_02,03-01-02-02-02-02-09.wav,9,male,2,calm,neutral,2,2,2
09_03_01_01_01,03-01-03-01-01-01-09.wav,9,male,3,happy,happy,1,1,1
09_03_01_01_02,03-01-03-01-01-02-09.wav,9,male,3,happy,happy,1,1,2
09_03_01_02_01,03-01-03-01-02-01-09.wav,9,male,3,happy,happy,1,2,1
09_03_01_02_02,03-01-03-01-02-02-09.wav,9,male,3,happy,happy,1,2,2
09_03_02_01_01,03-01-03-02-01-01-09.wav,9,male,3,happy,happy,2,1,1
09_03_02_01_02,03-01-03-02-01-02-09.wav,9,male,3,happy,happy,2,1,2
09_03_02_02_01,03-01-03-02-02-01-09.wav,9,male,3,happy,happy,2,2,1
09_03_02_02_02,03-01-03-02-02-02-09.wav,9,male,3,happy,happy,2,2,2
09_04_01_01_01,03-01-04-01-01-01-09.wav,9,male,4,sad,sad,1,1,1
09_04_01_01_02,03-01-04-01-01-02-09.wav,9,male,4,sad,sad,1,1,2
09_04_01_02_01,03-01-04-01-02-01-09.wav,9,male,4,sad,sad,1,2,1
09_04_01_02_02,03-01-04-01-02-02-09.wav,9,male,4,sad,sad,1,2,2
09_04_02_01_01,03-01-04-02-01-01-09.wav,9,male,4,sad,sad,2,1,1
09_04_02_01_02,03-01-04-02-01-02-09.wav,9,male,4,sad,sad,2,1,2
09_04_02_02_01,03-01-04-02-02-01-09.wav,9,male,4,sad,sad,2,2,1
09_04_02_02_02,03-01-04-02-02-02-09.wav,9,male,4,sad,sad,2,2,2
09_05_01_01_01,03-01-05-01-01-01-09.wav,9,male,5,angry,angry,1,1,1
09_05_01_01_02,03-01-05-01-01-02-09.wav,9,male,5,angry,angry,1,1,2
09_05_01_02_01,03-01-05-01-02-01-09.wav,9,male,5,angry,angry,1,2,1
09_05_01_02_02,03-01-05-01-02-02-09.wav,9,male,5,angry,angry,1,2,2
09_05_02_01_01,03-01-05-02-01-01-09.wav,9,male,5,angry,angry,2,1,1
09_05_02_01_02,03-01-05-02-01-02-09.wav,9,male,5,angry,angry,2,1,2
09_05_02_02_01,03-01-05-02-02-01-09.wav,9,male,5,angry,angry,2,2,1
09_05_02_02_02,03-01-05-02-02-02-09.wav,9,male,5,angry,angry,2,2,2
09_06_01_01_01,03-01-06-01-01-01-09.wav,9,male,6,fearful,neutral,1,1,1
09_06_01_01_02,03-01-06-01-01-02-09.wav,9,male,6,fearful,neutral,1,1,2
09_06_01_02_01,03-01-06-01-02-01-09.wav,9,male,6,fearful,neutral,1,2,1
09_06_01_02_02,03-01-06-01-02-02-09.wav,9,male,6,fearful,neutral,1,2,2
09_06_02_01_01,03-01-06-02-01-01-09.wav,9,male,6,fearful,neutral,2,1,1
09_06_02_01_02,03-01-06-02-01-02-09.wav,9,male,6,fearful,neutral,2,1,2
09_06_02_02_01,03-01-06-02-02-01-09.wav,9,male,6,fearful,neutral,2,2,1
09_06_02_02_02,03-01-06-02-02-02-09.wav,9,male,6,fearful,neutral,2,2,2
09_07_01_01_01,03-01-07-01-01-01-09.wav,9,male,7,disgust,neutral,1,1,1
09_07_01_01_02,03-01-07-01-01-02-09.wav,9,male,7,disgust,neutral,1,1,2
09_07_01_02_01,03-01-07-01-02-01-09.wav,9,male,7,disgust,neutral,1,2,1
09_07_01_02_02,03-01-07-01-02-02-09.wav,9,male,7,disgust,neutral,1,2,2
09_07_02_01_01,03-01-07-02-01-01-09.wav,9,male,7,disgust,neutral,2,1,1
09_07_02_01_02,03-01-07-02-01-02-09.wav,9,male,7,disgust,neutral,2,1,2
09_07_02_02_01,03-01-07-02-02-01-09.wav,9,male,7,disgust,neutral,2,2,1
09_07_02_02_02,03-01-07-02-02-02-09.wav,9,male,7,disgust,neutral,2,2,2
09_08_01_01_01,03-01-08-01-01-01-09.wav,9,male,8,surprised,neutral,1,1,1
09_08_01_01_02,03-01-08-01-01-02-09.wav,9,male,8,surprised,neutral,1,1,2
09_08_01_02_01,03-01-08-01-02-01-09.wav,9,male,8,surprised,neutral,1,2,1
09_08_01_02_02,03-01-08-01-02-02-09.wav,9,male,8,surprised,neutral,1,2,2
09_08_02_01_01,03-01-08-02-01-01-09.wav,9,male,8,surprised,neutral,2,1,1
09_08_02_01_02,03-01-08-02-01-02-09.wav,9,male,8,surprised,neutral,2,1,2
09_08_02_02_01,03-01-08-02-02-01-09.wav,9,male,8,surprised,neutral,2,2,1
09_08_02_02_02,03-01-08-02-02-02-09.wav,9,male,8,surprised,neutral,2,2,2
10_01_01_01_01,03-01-01-01-01-01-10.wav,10,female,1,neutral,neutral,1,1,1
10_01_01_01_02,03-01-01-01-01-02-10.wav,10,female,1,neutral,neutral,1,1,2
10_01_01_02_01,03-01-01-01-02-01-10.wav,10,female,1,neutral,neutral,1,2,1
10_01_01_02_02,03-01-01-01-02-02-10.wav,10,female,1,neutral,neutral,1,2,2
10_02_01_01_01,03-01-02-01-01-01-10.wav,10,female,2,calm,neutral,1,1,1
10_02_01_01_02,03-01-02-01-01-02-10.wav,10,female,2,calm,neutral,1,1,2
10_02_01_02_01,03-01-02-01-02-01-10.wav,10,female,2,calm,neutral,1,2,1
10_02_01_02_02,03-01-02-01-02-02-10.wav,10,female,2,calm,neutral,1,2,2
10_02_02_01_01,03-01-02-02-01-01-10.wav,10,female,2,calm,neutral,2,1,1
10_02_02_01_02,03-01-02-02-01-02-10.wav,10,female,2,calm,neutral,2,1,2
10_02_02_02_01,03-01-02-02-02-01-10.wav,10,female,2,calm,neutral,2,2,1
10_02_02_02_02,03-01-02-02-02-02-10.wav,10,female,2,calm,neutral,2,2,2
10_03_01_01_01,03-01-03-01-01-01-10.wav,10,female,3,happy,happy,1,1,1
10_03_01_01_02,03-01-03-01-01-02-10.wav,10,female,3,happy,happy,1,1,2
10_03_01_02_01,03-01-03-01-02-01-10.wav,10,female,3,happy,happy,1,2,1
10_03_01_02_02,03-01-03-01-02-02-10.wav,10,female,3,happy,happy,1,2,2
10_03_02_01_01,03-01-03-02-01-01-10.wav,10,female,3,happy,happy,2,1,1
10_03_02_01_02,03-01-03-02-01-02-10.wav,10,female,3,happy,happy,2,1,2
10_03_02_02_01,03-01-03-02-02-01-10.wav,10,female,3,happy,happy,2,2,1
10_03_02_02_02,03-01-03-02-02-02-10.wav,10,female,3,happy,happy,2,2,2
10_04_01_01_01,03-01-04-01-01-01-10.wav,10,female,4,sad,sad,1,1,1
10_04_01_01_02,03-01-04-01-01-02-10.wav,10,female,4,sad,sad,1,1,2
10_04_01_02_01,03-01-04-01-02-01-10.wav,10,female,4,sad,sad,1,2,1
10_04_01_02_02,03-01-04-01-02-02-10.wav,10,female,4,sad,sad,1,2,2
10_04_02_01_01,03-01-04-02-01-01-10.wav,10,female,4,sad,sad,2,1,1
10_04_02_01_02,03-01-04-02-01-02-10.wav,10,female,4,sad,sad,2,1,2
10_04_02_02_01,03-01-04-02-02-01-10.wav,10,female,4,sad,sad,2,2,1
10_04_02_02_02,03-01-04-02-02-02-10.wav,10,female,4,sad,sad,2,2,2
10_05_01_01_01,03-01-05-01-01-01-10.wav,10,female,5,angry,angry,1,1,1
10_05_01_01_02,03-01-05-01-01-02-10.wav,10,female,5,angry,angry,1,1,2
10_05_01_02_01,03-01-05-01-02-01-10.wav,10,female,5,angry,angry,1,2,1
10_05_01_02_02,03-01-05-01-02-02-10.wav,10,female,5,angry,angry,1,2,2
10_05_02_01_01,03-01-05-02-01-01-10.wav,10,female,5,angry,angry,2,1,1
10_05_02_01_02,03-01-05-02-01-02-10.wav,10,female,5,angry,angry,2,1,2
10_05_02_02_01,03-01-05-02-02-01-10.wav,10,female,5,angry,angry,2,2,1
10_05_02_02_02,03-01-05-02-02-02-10.wav,10,female,5,angry,angry,2,2,2
10_06_01_01_01,03-01-06-01-01-01-10.wav,10,female,6,fearful,neutral,1,1,1
10_06_01_01_02,03-01-06-01-01-02-10.wav,10,female,6,fearful,neutral,1,1,2
10_06_01_02_01,03-01-06-01-02-01-10.wav,10,female,6,fearful,neutral,1,2,1
10_06_01_02_02,03-01-06-01-02-02-10.wav,10,female,6,fearful,neutral,1,2,2
10_06_02_01_01,03-01-06-02-01-01-10.wav,10,female,6,fearful,neutral,2,1,1
10_06_02_01_02,03-01-06-02-01-02-10.wav,10,female,6,fearful,neutral,2,1,2
10_06_02_02_01,03-01-06-02-02-01-10.wav,10,female,6,fearful,neutral,2,2,1
10_06_02_02_02,03-01-06-02-02-02-10.wav,10,female,6,fearful,neutral,2,2,2
10_07_01_01_01,03-01-07-01-01-01-10.wav,10,female,7,disgust,neutral,1,1,1
10_07_01_01_02,03-01-07-01-01-02-10.wav,10,female,7,disgust,neutral,1,1,2
10_07_01_02_01,03-01-07-01-02-01-10.wav,10,female,7,disgust,neutral,1,2,1
10_07_01_02_02,03-01-07-01-02-02-10.wav,10,female,7,disgust,neutral,1,2,2
10_07_02_01_01,03-01-07-02-01-01-10.wav,10,female,7,disgust,neutral,2,1,1
10_07_02_01_02,03-01-07-02-01-02-10.wav,10,female,7,disgust,neutral,2,1,2
10_07_02_02_01,03-01-07-02-02-01-10.wav,10,female,7,disgust,neutral,2,2,1
10_07_02_02_02,03-01-07-02-02-02-10.wav,10,female,7,disgust,neutral,2,2,2
10_08_01_01_01,03-01-08-01-01-01-10.wav,10,female,8,surprised,neutral,1,1,1
10_08_01_01_02,03-01-08-01-01-02-10.wav,10,female,8,surprised,neutral,1,1,2
10_08_01_02_01,03-01-08-01-02-01-10.wav,10,female,8,surprised,neutral,1,2,1
10_08_01_02_02,03-01-08-01-02-02-10.wav,10,female,8,surprised,neutral,1,2,2
10_08_02_01_01,03-01-08-02-01-01-10.wav,10,female,8,surprised,neutral,2,1,1
10_08_02_01_02,03-01-08-02-01-02-10.wav,10,female,8,surprised,neutral,2,1,2
10_08_02_02_01,03-01-08-02-02-01-10.wav,10,female,8,surprised,neutral,2,2,1
10_08_02_02_02,03-01-08-02-02-02-10.wav,10,female,8,surprised,neutral,2,2,2
11_01_01_01_01,03-01-01-01-01-01-11.wav,11,male,1,neutral,neutral,1,1,1
11_01_01_01_02,03-01-01-01-01-02-11.wav,11,male,1,neutral,neutral,1,1,2
11_01_01_02_01,03-01-01-01-02-01-11.wav,11,male,1,neutral,neutral,1,2,1
11_01_01_02_02,03-01-01-01-02-02-11.wav,11,male,1,neutral,neutral,1,2,2
11_02_01_01_01,03-01-02-01-01-01-11.wav,11,male,2,calm,neutral,1,1,1
11_02_01_01_02,03-01-02-01-01-02-11.wav,11,male,2,calm,neutral,1,1,2
11_02_01_02_01,03-01-02-01-02-01-11.wav,11,male,2,calm,neutral,1,2,1
11_02_01_02_02,03-01-02-01-02-02-11.wav,11,male,2,calm,neutral,1,2,2
11_02_02_01_01,03-01-02-02-01-01-11.wav,11,male,2,calm,neutral,2,1,1
11_02_02_01_02,03-01-02-02-01-02-11.wav,11,male,2,calm,neutral,2,1,2
11_02_02_02_01,03-01-02-02-02-01-11.wav,11,male,2,calm,neutral,2,2,1
11_02_02_02_02,03-01-02-02-02-02-11.wav,11,male,2,calm,neutral,2,2,2
11_03_01_01_01,03-01-03-01-01-01-11.wav,11,male,3,happy,happy,1,1,1
11_03_01_01_02,03-01-03-01-01-02-11.wav,11,male,3,happy,happy,1,1,2
11_03_01_02_01,03-01-03-01-02-01-11.wav,11,male,3,happy,happy,1,2,1
11_03_01_02_02,03-01-03-01-02-02-11.wav,11,male,3,happy,happy,1,2,2
11_03_02_01_01,03-01-03-02-01-01-11.wav,11,male,3,happy,happy,2,1,1
11_03_02_01_02,03-01-03-02-01-02-11.wav,11,male,3,happy,happy,2,1,2
11_03_02_02_01,03-01-03-02-02-01-11.wav,11,male,3,happy,happy,2,2,1
11_03_02_02_02,03-01-03-02-02-02-11.wav,11,male,3,happy,happy,2,2,2
11_04_01_01_01,03-01-04-01-01-01-11.wav,11,male,4,sad,sad,1,1,1
11_04_01_01_02,03-01-04-01-01-02-11.wav,11,male,4,sad,sad,1,1,2
11_04_01_02_01,03-01-04-01-02-01-11.wav,11,male,4,sad,sad,1,2,1
11_04_01_02_02,03-01-04-01-02-02-11.wav,11,male,4,sad,sad,1,2,2
11_04_02_01_01,03-01-04-02-01-01-11.wav,11,male,4,sad,sad,2,1,1
11_04_02_01_02,03-01-04-02-01-02-11.wav,11,male,4,sad,sad,2,1,2
11_04_02_02_01,03-01-04-02-02-01-11.wav,11,male,4,sad,sad,2,2,1
11_04_02_02_02,03-01-04-02-02-02-11.wav,11,male,4,sad,sad,2,2,2
11_05_01_01_01,03-01-05-01-01-01-11.wav,11,male,5,angry,angry,1,1,1
11_05_01_01_02,03-01-05-01-01-02-11.wav,11,male,5,angry,angry,1,1,2
11_05_01_02_01,03-01-05-01-02-01-11.wav,11,male,5,angry,angry,1,2,1
11_05_01_02_02,03-01-05-01-02-02-11.wav,11,male,5,angry,angry,1,2,2
11_05_02_01_01,03-01-05-02-01-01-11.wav,11,male,5,angry,angry,2,1,1
11_05_02_01_02,03-01-05-02-01-02-11.wav,11,male,5,angry,angry,2,1,2
11_05_02_02_01,03-01-05-02-02-01-11.wav,11,male,5,angry,angry,2,2,1
11_05_02_02_02,03-01-05-02-02-02-11.wav,11,male,5,angry,angry,2,2,2
11_06_01_01_01,03-01-06-01-01-01-11.wav,11,male,6,fearful,neutral,1,1,1
11_06_01_01_02,03-01-06-01-01-02-11.wav,11,male,6,fearful,neutral,1,1,2
11_06_01_02_01,03-01-06-01-02-01-11.wav,11,male,6,fearful,neutral,1,2,1
11_06_01_02_02,03-01-06-01-02-02-11.wav,11,male,6,fearful,neutral,1,2,2
11_06_02_01_01,03-01-06-02-01-01-11.wav,11,male,6,fearful,neutral,2,1,1
11_06_02_01_02,03-01-06-02-01-02-11.wav,11,male,6,fearful,neutral,2,1,2
11_06_02_02_01,03-01-06-02-02-01-11.wav,11,male,6,fearful,neutral,2,2,1
11_06_02_02_02,03-01-06-02-02-02-11.wav,11,male,6,fearful,neutral,2,2,2
11_07_01_01_01,03-01-07-01-01-01-11.wav,11,male,7,disgust,neutral,1,1,1
11_07_01_01_02,03-01-07-01-01-02-11.wav,11,male,7,disgust,neutral,1,1,2
11_07_01_02_01,03-01-07-01-02-01-11.wav,11,male,7,disgust,neutral,1,2,1
11_07_01_02_02,03-01-07-01-02-02-11.wav,11,male,7,disgust,neutral,1,2,2
11_07_02_01_01,03-01-07-02-01-01-11.wav,11,male,7,disgust,neutral,2,1,1
11_07_02_01_02,03-01-07-02-01-02-11.wav,11,male,7,disgust,neutral,2,1,2
11_07_02_02_01,03-01-07-02-02-01-11.wav,11,male,7,disgust,neutral,2,2,1
11_07_02_02_02,03-01-07-02-02-02-11.wav,11,male,7,disgust,neutral,2,2,2
11_08_01_01_01,03-01-08-01-01-01-11.wav,11,male,8,surprised,neutral,1,1,1
11_08_01_01_02,03-01-08-01-01-02-11.wav,11,male,8,surprised,neutral,1,1,2
11_08_01_02_01,03-01-08-01-02-01-11.wav,11,male,8,surprised,neutral,1,2,1
11_08_01_02_02,03-01-08-01-02-02-11.wav,11,male,8,surprised,neutral,1,2,2
11_08_02_01_01,03-01-08-02-01-01-11.wav,11,male,8,surprised,neutral,2,1,1
11_08_02_01_02,03-01-08-02-01-02-11.wav,11,male,8,surprised,neutral,2,1,2
11_08_02_02_01,03-01-08-02-02-01-11.wav,11,male,8,surprised,neutral,2,2,1
11_08_02_02_02,03-01-08-02-02-02-11.wav,11,male,8,surprised,neutral,2,2,2
12_01_01_01_01,03-01-01-01-01-01-12.wav,12,female,1,neutral,neutral,1,1,1
12_01_01_01_02,03-01-01-01-01-02-12.wav,12,female,1,neutral,neutral,1,1,2
12_01_01_02_01,03-01-01-01-02-01-12.wav,12,female,1,neutral,neutral,1,2,1
12_01_01_02_02,03-01-01-01-02-02-12.wav,12,female,1,neutral,neutral,1,2,2
12_02_01_01_01,03-01-02-01-01-01-12.wav,12,female,2,calm,neutral,1,1,1
12_02_01_01_02,03-01-02-01-01-02-12.wav,12,female,2,calm,neutral,1,1,2
12_02_01_02_01,03-01-02-01-02-01-12.wav,12,female,2,calm,neutral,1,2,1
12_02_01_02_02,03-01-02-01-02-02-12.wav,12,female,2,calm,neutral,1,2,2
12_02_02_01_01,03-01-02-02-01-01-12.wav,12,female,2,calm,neutral,2,1,1
12_02_02_01_02,03-01-02-02-01-02-12.wav,12,female,2,calm,neutral,2,1,2
12_02_02_02_01,03-01-02-02-02-01-12.wav,12,female,2,calm,neutral,2,2,1
12_02_02_02_02,03-01-02-02-02-02-12.wav,12,female,2,calm,neutral,2,2,2
12_03_01_01_01,03-01-03-01-01-01-12.wav,12,female,3,happy,happy,1,1,1
12_03_01_01_02,03-01-03-01-01-02-12.wav,12,female,3,happy,happy,1,1,2
12_03_01_02_01,03-01-03-01-02-01-12.wav,12,female,3,happy,happy,1,2,1
12_03_01_02_02,03-01-03-01-02-02-12.wav,12,female,3,happy,happy,1,2,2
12_03_02_01_01,03-01-03-02-01-01-12.wav,12,female,3,happy,happy,2,1,1
12_03_02_01_02,03-01-03-02-01-02-12.wav,12,female,3,happy,happy,2,1,2
12_03_02_02_01,03-01-03-02-02-01-12.wav,12,female,3,happy,happy,2,2,1
12_03_02_02_02,03-01-03-02-02-02-12.wav,12,female,3,happy,happy,2,2,2
12_04_01_01_01,03-01-04-01-01-01-12.wav,12,female,4,sad,sad,1,1,1
12_04_01_01_02,03-01-04-01-01-02-12.wav,12,female,4,sad,sad,1,1,2
12_04_01_02_01,03-01-04-01-02-01-12.wav,12,female,4,sad,sad,1,2,1
12_04_01_02_02,03-01-04-01-02-02-12.wav,12,female,4,sad,sad,1,2,2
12_04_02_01_01,03-01-04-02-01-01-12.wav,12,female,4,sad,sad,2,1,1
12_04_02_01_02,03-01-04-02-01-02-12.wav,12,female,4,sad,sad,2,1,2
12_04_02_02_01,03-01-04-02-02-01-12.wav,12,female,4,sad,sad,2,2,1
12_04_02_02_02,03-01-04-02-02-02-12.wav,12,female,4,sad,sad,2,2,2
12_05_01_01_01,03-01-05-01-01-01-12.wav,12,female,5,angry,angry,1,1,1
12_05_01_01_02,03-01-05-01-01-02-12.wav,12,female,5,angry,angry,1,1,2
12_05_01_02_01,03-01-05-01-02-01-12.wav,12,female,5,angry,angry,1,2,1
12_05_01_02_02,03-01-05-01-02-02-12.wav,12,female,5,angry,angry,1,2,2
12_05_02_01_01,03-01-05-02-01-01-12.wav,12,female,5,angry,angry,2,1,1
12_05_02_01_02,03-01-05-02-01-02-12.wav,12,female,5,angry,angry,2,1,2
12_05_02_02_01,03-01-05-02-02-01-12.wav,12,female,5,angry,angry,2,2,1
12_05_02_02_02,03-01-05-02-02-02-12.wav,12,female,5,angry,angry,2,2,2
12_06_01_01_01,03-01-06-01-01-01-12.wav,12,female,6,fearful,neutral,1,1,1
12_06_01_01_02,03-01-06-01-01-02-12.wav,12,female,6,fearful,neutral,1,1,2
12_06_01_02_01,03-01-06-01-02-01-12.wav,12,female,6,fearful,neutral,1,2,1
12_06_01_02_02,03-01-06-01-02-02-12.wav,12,female,6,fearful,neutral,1,2,2
12_06_02_01_01,03-01-06-02-01-01-12.wav,12,female,6,fearful,neutral,2,1,1
12_06_02_01_02,03-01-06-02-01-02-12.wav,12,female,6,fearful,neutral,2,1,2
12_06_02_02_01,03-01-06-02-02-01-12.wav,12,female,6,fearful,neutral,2,2,1
12_06_02_02_02,03-01-06-02-02-02-12.wav,12,female,6,fearful,neutral,2,2,2
12_07_01_01_01,03-01-07-01-01-01-12.wav,12,female,7,disgust,neutral,1,1,1
12_07_01_01_02,03-01-07-01-01-02-12.wav,12,female,7,disgust,neutral,1,1,2
12_07_01_02_01,03-01-07-01-02-01-12.wav,12,female,7,disgust,neutral,1,2,1
12_07_01_02_02,03-01-07-01-02-02-12.wav,12,female,7,disgust,neutral,1,2,2
12_07_02_01_01,03-01-07-02-01-01-12.wav,12,female,7,disgust,neutral,2,1,1
12_07_02_01_02,03-01-07-02-01-02-12.wav,12,female,7,disgust,neutral,2,1,2
12_07_02_02_01,03-01-07-02-02-01-12.wav,12,female,7,disgust,neutral,2,2,1
12_07_02_02_02,03-01-07-02-02-02-12.wav,12,female,7,disgust,neutral,2,2,2
12_08_01_01_01,03-01-08-01-01-01-12.wav,12,female,8,surprised,neutral,1,1,1
12_08_01_01_02,03-01-08-01-01-02-12.wav,12,female,8,surprised,neutral,1,1,2
12_08_01_02_01,03-01-08-01-02-01-12.wav,12,female,8,surprised,neutral,1,2,1
12_08_01_02_02,03-01-08-01-02-02-12.wav,12,female,8,surprised,neutral,1,2,2
12_08_02_01_01,03-01-08-02-01-01-12.wav,12,female,8,surprised,neutral,2,1,1
12_08_02_01_02,03-01-08-02-01-02-12.wav,12,female,8,surprised,neutral,2,1,2
12_08_02_02_01,03-01-08-02-02-01-12.wav,12,female,8,surprised,neutral,2,2,1
12_08_02_02_02,03-01-08-02-02-02-12.wav,12,female,8,surprised,neutral,2,2,2
13_01_01_01_01,03-01-01-01-01-01-13.wav,13,male,1,neutral,neutral,1,1,1
13_01_01_01_02,03-01-01-01-01-02-13.wav,13,male,1,neutral,neutral,1,1,2
13_01_01_02_01,03-01-01-01-02-01-13.wav,13,male,1,neutral,neutral,1,2,1
13_01_01_02_02,03-01-01-01-02-02-13.wav,13,male,1,neutral,neutral,1,2,2
13_02_01_01_01,03-01-02-01-01-01-13.wav,13,male,2,calm,neutral,1,1,1
13_02_01_01_02,03-01-02-01-01-02-13.wav,13,male,2,calm,neutral,1,1,2
13_02_01_02_01,03-01-02-01-02-01-13.wav,13,male,2,calm,neutral,1,2,1
13_02_01_02_02,03-01-02-01-02-02-13.wav,13,male,2,calm,neutral,1,2,2
13_02_02_01_01,03-01-02-02-01-01-13.wav,13,male,2,calm,neutral,2,1,1
13_02_02_01_02,03-01-02-02-01-02-13.wav,13,male,2,calm,neutral,2,1,2
13_02_02_02_01,03-01-02-02-02-01-13.wav,13,male,2,calm,neutral,2,2,1
13_02_02_02_02,03-01-02-02-02-02-13.wav,13,male,2,calm,neutral,2,2,2
13_03_01_01_01,03-01-03-01-01-01-13.wav,13,male,3,happy,happy,1,1,1
13_03_01_01_02,03-01-03-01-01-02-13.wav,13,male,3,happy,happy,1,1,2
13_03_01_02_01,03-01-03-01-02-01-13.wav,13,male,3,happy,happy,1,2,1
13_03_01_02_02,03-01-03-01-02-02-13.wav,13,male,3,happy,happy,1,2,2
13_03_02_01_01,03-01-03-02-01-01-13.wav,13,male,3,happy,happy,2,1,1
13_03_02_01_02,03-01-03-02-01-02-13.wav,13,male,3,happy,happy,2,1,2
13_03_02_02_01,03-01-03-02-02-01-13.wav,13,male,3,happy,happy,2,2,1
13_03_02_02_02,03-01-03-02-02-02-13.wav,13,male,3,happy,happy,2,2,2
13_04_01_01_01,03-01-04-01-01-01-13.wav,13,male,4,sad,sad,1,1,1
13_04_01_01_02,03-01-04-01-01-02-13.wav,13,male,4,sad,sad,1,1,2
13_04_01_02_01,03-01-04-01-02-01-13.wav,13,male,4,sad,sad,1,2,1
13_04_01_02_02,03-01-04-01-02-02-13.wav,13,male,4,sad,sad,1,2,2
13_04_02_01_01,03-01-04-02-01-01-13.wav,13,male,4,sad,sad,2,1,1
13_04_02_01_02,03-01-04-02-01-02-13.wav,13,male,4,sad,sad,2,1,2
13_04_02_02_01,03-01-04-02-02-01-13.wav,13,male,4,sad,sad,2,2,1
13_04_02_02_02,03-01-04-02-02-02-13.wav,13,male,4,sad,sad,2,2,2
13_05_01_01_01,03-01-05-01-01-01-13.wav,13,male,5,angry,angry,1,1,1
13_05_01_01_02,03-01-05-01-01-02-13.wav,13,male,5,angry,angry,1,1,2
13_05_01_02_01,03-01-05-01-02-01-13.wav,13,male,5,angry,angry,1,2,1
13_05_01_02_02,03-01-05-01-02-02-13.wav,13,male,5,angry,angry,1,2,2
13_05_02_01_01,03-01-05-02-01-01-13.wav,13,male,5,angry,angry,2,1,1
13_05_02_01_02,03-01-05-02-01-02-13.wav,13,male,5,angry,angry,2,1,2
13_05_02_02_01,03-01-05-02-02-01-13.wav,13,male,5,angry,angry,2,2,1
13_05_02_02_02,03-01-05-02-02-02-13.wav,13,male,5,angry,angry,2,2,2
13_06_01_01_01,03-01-06-01-01-01-13.wav,13,male,6,fearful,neutral,1,1,1
13_06_01_01_02,03-01-06-01-01-02-13.wav,13,male,6,fearful,neutral,1,1,2
13_06_01_02_01,03-01-06-01-02-01-13.wav,13,male,6,fearful,neutral,1,2,1
13_06_01_02_02,03-01-06-01-02-02-13.wav,13,male,6,fearful,neutral,1,2,2
13_06_02_01_01,03-01-06-02-01-01-13.wav,13,male,6,fearful,neutral,2,1,1
13_06_02_01_02,03-01-06-02-01-02-13.wav,13,male,6,fearful,neutral,2,1,2
13_06_02_02_01,03-01-06-02-02-01-13.wav,13,male,6,fearful,neutral,2,2,1
13_06_02_02_02,03-01-06-02-02-02-13.wav,13,male,6,fearful,neutral,2,2,2
13_07_01_01_01,03-01-07-01-01-01-13.wav,13,male,7,disgust,neutral,1,1,1
13_07_01_01_02,03-01-07-01-01-02-13.wav,13,male,7,disgust,neutral,1,1,2
13_07_01_02_01,03-01-07-01-02-01-13.wav,13,male,7,disgust,neutral,1,2,1
13_07_01_02_02,03-01-07-01-02-02-13.wav,13,male,7,disgust,neutral,1,2,2
13_07_02_01_01,03-01-07-02-01-01-13.wav,13,male,7,disgust,neutral,2,1,1
13_07_02_01_02,03-01-07-02-01-02-13.wav,13,male,7,disgust,neutral,2,1,2
13_07_02_02_01,03-01-07-02-02-01-13.wav,13,male,7,disgust,neutral,2,2,1
13_07_02_02_02,03-01-07-02-02-02-13.wav,13,male,7,disgust,neutral,2,2,2
13_08_01_01_01,03-01-08-01-01-01-13.wav,13,male,8,surprised,neutral,1,1,1
13_08_01_01_02,03-01-08-01-01-02-13.wav,13,male,8,surprised,neutral,1,1,2
13_08_01_02_01,03-01-08-01-02-01-13.wav,13,male,8,surprised,neutral,1,2,1
13_08_01_02_02,03-01-08-01-02-02-13.wav,13,male,8,surprised,neutral,1,2,2
13_08_02_01_01,03-01-08-02-01-01-13.wav,13,male,8,surprised,neutral,2,1,1
13_08_02_01_02,03-01-08-02-01-02-13.wav,13,male,8,surprised,neutral,2,1,2
13_08_02_02_01,03-01-08-02-02-01-13.wav,13,male,8,surprised,neutral,2,2,1
13_08_02_02_02,03-01-08-02-02-02-13.wav,13,male,8,surprised,neutral,2,2,2
14_01_01_01_01,03-01-01-01-01-01-14.wav,14,female,1,neutral,neutral,1,1,1
14_01_01_01_02,03-01-01-01-01-02-14.wav,14,female,1,neutral,neutral,1,1,2
14_01_01_02_01,03-01-01-01-02-01-14.wav,14,female,1,neutral,neutral,1,2,1
14_01_01_02_02,03-01-01-01-02-02-14.wav,14,female,1,neutral,neutral,1,2,2
14_02_01_01_01,03-01-02-01-01-01-14.wav,14,female,2,calm,neutral,1,1,1
14_02_01_01_02,03-01-02-01-01-02-14.wav,14,female,2,calm,neutral,1,1,2
14_02_01_02_01,03-01-02-01-02-01-14.wav,14,female,2,calm,neutral,1,2,1
14_02_01_02_02,03-01-02-01-02-02-14.wav,14,female,2,calm,neutral,1,2,2
14_02_02_01_01,03-01-02-02-01-01-14.wav,14,female,2,calm,neutral,2,1,1
14_02_02_01_02,03-01-02-02-01-02-14.wav,14,female,2,calm,neutral,2,1,2
14_02_02_02_01,03-01-02-02-02-01-14.wav,14,female,2,calm,neutral,2,2,1
14_02_02_02_02,03-01-02-02-02-02-14.wav,14,female,2,calm,neutral,2,2,2
14_03_01_01_01,03-01-03-01-01-01-14.wav,14,female,3,happy,happy,1,1,1
14_03_01_01_02,03-01-03-01-01-02-14.wav,14,female,3,happy,happy,1,1,2
14_03_01_02_01,03-01-03-01-02-01-14.wav,14,female,3,happy,happy,1,2,1
14_03_01_02_02,03-01-03-01-02-02-14.wav,14,female,3,happy,happy,1,2,2
14_03_02_01_01,03-01-03-02-01-01-14.wav,14,female,3,happy,happy,2,1,1
14_03_02_01_02,03-01-03-02-01-02-14.wav,14,female,3,happy,happy,2,1,2
14_03_02_02_01,03-01-03-02-02-01-14.wav,14,female,3,happy,happy,2,2,1
14_03_02_02_02,03-01-03-02-02-02-14.wav,14,female,3,happy,happy,2,2,2
14_04_01_01_01,03-01-04-01-01-01-14.wav,14,female,4,sad,sad,1,1,1
14_04_01_01_02,03-01-04-01-01-02-14.wav,14,female,4,sad,sad,1,1,2
14_04_01_02_01,03-01-04-01-02-01-14.wav,14,female,4,sad,sad,1,2,1
14_04_01_02_02,03-01-04-01-02-02-14.wav,14,female,4,sad,sad,1,2,2
14_04_02_01_01,03-01-04-02-01-01-14.wav,14,female,4,sad,sad,2,1,1
14_04_02_01_02,03-01-04-02-01-02-14.wav,14,female,4,sad,sad,2,1,2
14_04_02_02_01,03-01-04-02-02-01-14.wav,14,female,4,sad,sad,2,2,1
14_04_02_02_02,03-01-04-02-02-02-14.wav,14,female,4,sad,sad,2,2,2
14_05_01_01_01,03-01-05-01-01-01-14.wav,14,female,5,angry,angry,1,1,1
14_05_01_01_02,03-01-05-01-01-02-14.wav,14,female,5,angry,angry,1,1,2
14_05_01_02_01,03-01-05-01-02-01-14.wav,14,female,5,angry,angry,1,2,1
14_05_01_02_02,03-01-05-01-02-02-14.wav,14,female,5,angry,angry,1,2,2
14_05_02_01_01,03-01-05-02-01-01-14.wav,14,female,5,angry,angry,2,1,1
14_05_02_01_02,03-01-05-02-01-02-14.wav,14,female,5,angry,angry,2,1,2
14_05_02_02_01,03-01-05-02-02-01-14.wav,14,female,5,angry,angry,2,2,1
14_05_02_02_02,03-01-05-02-02-02-14.wav,14,female,5,angry,angry,2,2,2
14_06_01_01_01,03-01-06-01-01-01-14.wav,14,female,6,fearful,neutral,1,1,1
14_06_01_01_02,03-01-06-01-01-02-14.wav,14,female,6,fearful,neutral,1,1,2
14_06_01_02_01,03-01-06-01-02-01-14.wav,14,female,6,fearful,neutral,1,2,1
14_06_01_02_02,03-01-06-01-02-02-14.wav,14,female,6,fearful,neutral,1,2,2
14_06_02_01_01,03-01-06-02-01-01-14.wav,14,female,6,fearful,neutral,2,1,1
14_06_02_01_02,03-01-06-02-01-02-14.wav,14,female,6,fearful,neutral,2,1,2
14_06_02_02_01,03-01-06-02-02-01-14.wav,14,female,6,fearful,neutral,2,2,1
14_06_02_02_02,03-01-06-02-02-02-14.wav,14,female,6,fearful,neutral,2,2,2
14_07_01_01_01,03-01-07-01-01-01-14.wav,14,female,7,disgust,neutral,1,1,1
14_07_01_01_02,03-01-07-01-01-02-14.wav,14,female,7,disgust,neutral,1,1,2
14_07_01_02_01,03-01-07-01-02-01-14.wav,14,female,7,disgust,neutral,1,2,1
14_07_01_02_02,03-01-07-01-02-02-14.wav,14,female,7,disgust,neutral,1,2,2
14_07_02_01_01,03-01-07-02-01-01-14.wav,14,female,7,disgust,neutral,2,1,1
14_07_02_01_02,03-01-07-02-01-02-14.wav,14,female,7,disgust,neutral,2,1,2
14_07_02_02_01,03-01-07-02-02-01-14.wav,14,female,7,disgust,neutral,2,2,1
14_07_02_02_02,03-01-07-02-02-02-14.wav,14,female,7,disgust,neutral,2,2,2
14_08_01_01_01,03-01-08-01-01-01-14.wav,14,female,8,surprised,neutral,1,1,1
14_08_01_01_02,03-01-08-01-01-02-14.wav,14,female,8,surprised,neutral,1,1,2
14_08_01_02_01,03-01-08-01-02-01-14.wav,14,female,8,surprised,neutral,1,2,1
14_08_01_02_02,03-01-08-01-02-02-14.wav,14,female,8,surprised,neutral,1,2,2
14_08_02_01_01,03-01-08-02-01-01-14.wav,14,female,8,surprised,neutral,2,1,1
14_08_02_01_02,03-01-08-02-01-02-14.wav,14,female,8,surprised,neutral,2,1,2
14_08_02_02_01,03-01-08-02-02-01-14.wav,14,female,8,surprised,neutral,2,2,1
14_08_02_02_02,03-01-08-02-02-02-14.wav,14,female,8,surprised,neutral,2,2,2
15_01_01_01_01,03-01-01-01-01-01-15.wav,15,male,1,neutral,neutral,1,1,1
15_01_01_01_02,03-01-01-01-01-02-15.wav,15,male,1,neutral,neutral,1,1,2
15_01_01_02_01,03-01-01-01-02-01-15.wav,15,male,1,neutral,neutral,1,2,1
15_01_01_02_02,03-01-01-01-02-02-15.wav,15,male,1,neutral,neutral,1,2,2
15_02_01_01_01,03-01-02-01-01-01-15.wav,15,male,2,calm,neutral,1,1,1
15_02_01_01_02,03-01-02-01-01-02-15.wav,15,male,2,calm,neutral,1,1,2
15_02_01_02_01,03-01-02-01-02-01-15.wav,15,male,2,calm,neutral,1,2,1
15_02_01_02_02,03-01-02-01-02-02-15.wav,15,male,2,calm,neutral,1,2,2
15_02_02_01_01,03-01-02-02-01-01-15.wav,15,male,2,calm,neutral,2,1,1
15_02_02_01_02,03-01-02-02-01-02-15.wav,15,male,2,calm,neutral,2,1,2
15_02_02_02_01,03-01-02-02-02-01-15.wav,15,male,2,calm,neutral,2,2,1
15_02_02_02_02,03-01-02-02-02-02-15.wav,15,male,2,calm,neutral,2,2,2
15_03_01_01_01,03-01-03-01-01-01-15.wav,15,male,3,happy,happy,1,1,1
15_03_01_01_02,03-01-03-01-01-02-15.wav,15,male,3,happy,happy,1,1,2
15_03_01_02_01,03-01-03-01-02-01-15.wav,15,male,3,happy,happy,1,2,1
15_03_01_02_02,03-01-03-01-02-02-15.wav,15,male,3,happy,happy,1,2,2
15_03_02_01_01,03-01-03-02-01-01-15.wav,15,male,3,happy,happy,2,1,1
15_03_02_01_02,03-01-03-02-01-02-15.wav,15,male,3,happy,happy,2,1,2
15_03_02_02_01,03-01-03-02-02-01-15.wav,15,male,3,happy,happy,2,2,1
15_03_02_02_02,03-01-03-02-02-02-15.wav,15,male,3,happy,happy,2,2,2
15_04_01_01_01,03-01-04-01-01-01-15.wav,15,male,4,sad,sad,1,1,1
15_04_01_01_02,03-01-04-01-01-02-15.wav,15,male,4,sad,sad,1,1,2
15_04_01_02_01,03-01-04-01-02-01-15.wav,15,male,4,sad,sad,1,2,1
15_04_01_02_02,03-01-04-01-02-02-15.wav,15,male,4,sad,sad,1,2,2
15_04_02_01_01,03-01-04-02-01-01-15.wav,15,male,4,sad,sad,2,1,1
15_04_02_01_02,03-01-04-02-01-02-15.wav,15,male,4,sad,sad,2,1,2
15_04_02_02_01,03-01-04-02-02-01-15.wav,15,male,4,sad,sad,2,2,1
15_04_02_02_02,03-01-04-02-02-02-15.wav,15,male,4,sad,sad,2,2,2
15_05_01_01_01,03-01-05-01-01-01-15.wav,15,male,5,angry,angry,1,1,1
15_05_01_01_02,03-01-05-01-01-02-15.wav,15,male,5,angry,angry,1,1,2
15_05_01_02_01,03-01-05-01-02-01-15.wav,15,male,5,angry,angry,1,2,1
15_05_01_02_02,03-01-05-01-02-02-15.wav,15,male,5,angry,angry,1,2,2
15_05_02_01_01,03-01-05-02-01-01-15.wav,15,male,5,angry,angry,2,1,1
15_05_02_01_02,03-01-05-02-01-02-15.wav,15,male,5,angry,angry,2,1,2
15_05_02_02_01,03-01-05-02-02-01-15.wav,15,male,5,angry,angry,2,2,1
15_05_02_02_02,03-01-05-02-02-02-15.wav,15,male,5,angry,angry,2,2,2
15_06_01_01_01,03-01-06-01-01-01-15.wav,15,male,6,fearful,neutral,1,1,1
15_06_01_01_02,03-01-06-01-01-02-15.wav,15,male,6,fearful,neutral,1,1,2
15_06_01_02_01,03-01-06-01-02-01-15.wav,15,male,6,fearful,neutral,1,2,1
15_06_01_02_02,03-01-06-01-02-02-15.wav,15,male,6,fearful,neutral,1,2,2
15_06_02_01_01,03-01-06-02-01-01-15.wav,15,male,6,fearful,neutral,2,1,1
15_06_02_01_02,03-01-06-02-01-02-15.wav,15,male,6,fearful,neutral,2,1,2
15_06_02_02_01,03-01-06-02-02-01-15.wav,15,male,6,fearful,neutral,2,2,1
15_06_02_02_02,03-01-06-02-02-02-15.wav,15,male,6,fearful,neutral,2,2,2
15_07_01_01_01,03-01-07-01-01-01-15.wav,15,male,7,disgust,neutral,1,1,1
15_07_01_01_02,03-01-07-01-01-02-15.wav,15,male,7,disgust,neutral,1,1,2
15_07_01_02_01,03-01-07-01-02-01-15.wav,15,male,7,disgust,neutral,1,2,1
15_07_01_02_02,03-01-07-01-02-02-15.wav,15,male,7,disgust,neutral,1,2,2
15_07_02_01_01,03-01-07-02-01-01-15.wav,15,male,7,disgust,neutral,2,1,1
15_07_02_01_02,03-01-07-02-01-02-15.wav,15,male,7,disgust,neutral,2,1,2
15_07_02_02_01,03-01-07-02-02-01-15.wav,15,male,7,disgust,neutral,2,2,1
15_07_02_02_02,03-01-07-02-02-02-15.wav,15,male,7,disgust,neutral,2,2,2
15_08_01_01_01,03-01-08-01-01-01-15.wav,15,male,8,surprised,neutral,1,1,1
15_08_01_01_02,03-01-08-01-01-02-15.wav,15,male,8,surprised,neutral,1,1,2
15_08_01_02_01,03-01-08-01-02-01-15.wav,15,male,8,surprised,neutral,1,2,1
15_08_01_02_02,03-01-08-01-02-02-15.wav,15,male,8,surprised,neutral,1,2,2
15_08_02_01_01,03-01-08-02-01-01-15.wav,15,male,8,surprised,neutral,2,1,1
15_08_02_01_02,03-01-08-02-01-02-15.wav,15,male,8,surprised,neutral,2,1,2
15_08_02_02_01,03-01-08-02-02-01-15.wav,15,male,8,surprised,neutral,2,2,1
15_08_02_02_02,03-01-08-02-02-02-15.wav,15,male,8,surprised,neutral,2,2,2
16_01_01_01_01,03-01-01-01-01-01-16.wav,16,female,1,neutral,neutral,1,1,1
16_01_01_01_02,03-01-01-01-01-02-16.wav,16,female,1,neutral,neutral,1,1,2
16_01_01_02_01,03-01-01-01-02-01-16.wav,16,female,1,neutral,neutral,1,2,1
16_01_01_02_02,03-01-01-01-02-02-16.wav,16,female,1,neutral,neutral,1,2,2
16_02_01_01_01,03-01-02-01-01-01-16.wav,16,female,2,calm,neutral,1,1,1
16_02_01_01_02,03-01-02-01-01-02-16.wav,16,female,2,calm,neutral,1,1,2
16_02_01_02_01,03-01-02-01-02-01-16.wav,16,female,2,calm,neutral,1,2,1
16_02_01_02_02,03-01-02-01-02-02-16.wav,16,female,2,calm,neutral,1,2,2
16_02_02_01_01,03-01-02-02-01-01-16.wav,16,female,2,calm,neutral,2,1,1
16_02_02_01_02,03-01-02-02-01-02-16.wav,16,female,2,calm,neutral,2,1,2
16_02_02_02_01,03-01-02-02-02-01-16.wav,16,female,2,calm,neutral,2,2,1
16_02_02_02_02,03-01-02-02-02-02-16.wav,16,female,2,calm,neutral,2,2,2
16_03_01_01_01,03-01-03-01-01-01-16.wav,16,female,3,happy,happy,1,1,1
16_03_01_01_02,03-01-03-01-01-02-16.wav,16,female,3,happy,happy,1,1,2
16_03_01_02_01,03-01-03-01-02-01-16.wav,16,female,3,happy,happy,1,2,1
16_03_01_02_02,03-01-03-01-02-02-16.wav,16,female,3,happy,happy,1,2,2
16_03_02_01_01,03-01-03-02-01-01-16.wav,16,female,3,happy,happy,2,1,1
16_03_02_01_02,03-01-03-02-01-02-16.wav,16,female,3,happy,happy,2,1,2
16_03_02_02_01,03-01-03-02-02-01-16.wav,16,female,3,happy,happy,2,2,1
16_03_02_02_02,03-01-03-02-02-02-16.wav,16,female,3,happy,happy,2,2,2
16_04_01_01_01,03-01-04-01-01-01-16.wav,16,female,4,sad,sad,1,1,1
16_04_01_01_02,03-01-04-01-01-02-16.wav,16,female,4,sad,sad,1,1,2
16_04_01_02_01,03-01-04-01-02-01-16.wav,16,female,4,sad,sad,1,2,1
16_04_01_02_02,03-01-04-01-02-02-16.wav,16,female,4,sad,sad,1,2,2
16_04_02_01_01,03-01-04-02-01-01-16.wav,16,female,4,sad,sad,2,1,1
16_04_02_01_02,03-01-04-02-01-02-16.wav,16,female,4,sad,sad,2,1,2
16_04_02_02_01,03-01-04-02-02-01-16.wav,16,female,4,sad,sad,2,2,1
16_04_02_02_02,03-01-04-02-02-02-16.wav,16,female,4,sad,sad,2,2,2
16_05_01_01_01,03-01-05-01-01-01-16.wav,16,female,5,angry,angry,1,1,1
16_05_01_01_02,03-01-05-01-01-02-16.wav,16,female,5,angry,angry,1,1,2
16_05_01_02_01,03-01-05-01-02-01-16.wav,16,female,5,angry,angry,1,2,1
16_05_01_02_02,03-01-05-01-02-02-16.wav,16,female,5,angry,angry,1,2,2
16_05_02_01_01,03-01-05-02-01-01-16.wav,16,female,5,angry,angry,2,1,1
16_05_02_01_02,03-01-05-02-01-02-16.wav,16,female,5,angry,angry,2,1,2
16_05_02_02_01,03-01-05-02-02-01-16.wav,16,female,5,angry,angry,2,2,1
16_05_02_02_02,03-01-05-02-02-02-16.wav,16,female,5,angry,angry,2,2,2
16_06_01_01_01,03-01-06-01-01-01-16.wav,16,female,6,fearful,neutral,1,1,1
16_06_01_01_02,03-01-06-01-01-02-16.wav,16,female,6,fearful,neutral,1,1,2
16_06_01_02_01,03-01-06-01-02-01-16.wav,16,female,6,fearful,neutral,1,2,1
16_06_01_02_02,03-01-06-01-02-02-16.wav,16,female,6,fearful,neutral,1,2,2
16_06_02_01_01,03-01-06-02-01-01-16.wav,16,female,6,fearful,neutral,2,1,1
16_06_02_01_02,03-01-06-02-01-02-16.wav,16,female,6,fearful,neutral,2,1,2
16_06_02_02_01,03-01-06-02-02-01-16.wav,16,female,6,fearful,neutral,2,2,1
16_06_02_02_02,03-01-06-02-02-02-16.wav,16,female,6,fearful,neutral,2,2,2
16_07_01_01_01,03-01-07-01-01-01-16.wav,16,female,7,disgust,neutral,1,1,1
16_07_01_01_02,03-01-07-01-01-02-16.wav,16,female,7,disgust,neutral,1,1,2
16_07_01_02_01,03-01-07-01-02-01-16.wav,16,female,7,disgust,neutral,1,2,1
16_07_01_02_02,03-01-07-01-02-02-16.wav,16,female,7,disgust,neutral,1,2,2
16_07_02_01_01,03-01-07-02-01-01-16.wav,16,female,7,disgust,neutral,2,1,1
16_07_02_01_02,03-01-07-02-01-02-16.wav,16,female,7,disgust,neutral,2,1,2
16_07_02_02_01,03-01-07-02-02-01-16.wav,16,female,7,disgust,neutral,2,2,1
16_07_02_02_02,03-01-07-02-02-02-16.wav,16,female,7,disgust,neutral,2,2,2
16_08_01_01_01,03-01-08-01-01-01-16.wav,16,female,8,surprised,neutral,1,1,1
16_08_01_01_02,03-01-08-01-01-02-16.wav,16,female,8,surprised,neutral,1,1,2
16_08_01_02_01,03-01-08-01-02-01-16.wav,16,female,8,surprised,neutral,1,2,1
16_08_01_02_02,03-01-08-01-02-02-16.wav,16,female,8,surprised,neutral,1,2,2
16_08_02_01_01,03-01-08-02-01-01-16.wav,16,female,8,surprised,neutral,2,1,1
16_08_02_01_02,03-01-08-02-01-02-16.wav,16,female,8,surprised,neutral,2,1,2
16_08_02_02_01,03-01-08-02-02-01-16.wav,16,female,8,surprised,neutral,2,2,1
16_08_02_02_02,03-01-08-02-02-02-16.wav,16,female,8,surprised,neutral,2,2,2
17_01_01_01_01,03-01-01-01-01-01-17.wav,17,male,1,neutral,neutral,1,1,1
17_01_01_01_02,03-01-01-01-01-02-17.wav,17,male,1,neutral,neutral,1,1,2
17_01_01_02_01,03-01-01-01-02-01-17.wav,17,male,1,neutral,neutral,1,2,1
17_01_01_02_02,03-01-01-01-02-02-17.wav,17,male,1,neutral,neutral,1,2,2
17_02_01_01_01,03-01-02-01-01-01-17.wav,17,male,2,calm,neutral,1,1,1
17_02_01_01_02,03-01-02-01-01-02-17.wav,17,male,2,calm,neutral,1,1,2
17_02_01_02_01,03-01-02-01-02-01-17.wav,17,male,2,calm,neutral,1,2,1
17_02_01_02_02,03-01-02-01-02-02-17.wav,17,male,2,calm,neutral,1,2,2
17_02_02_01_01,03-01-02-02-01-01-17.wav,17,male,2,calm,neutral,2,1,1
17_02_02_01_02,03-01-02-02-01-02-17.wav,17,male,2,calm,neutral,2,1,2
17_02_02_02_01,03-01-02-02-02-01-17.wav,17,male,2,calm,neutral,2,2,1
17_02_02_02_02,03-01-02-02-02-02-17.wav,17,male,2,calm,neutral,2,2,2
17_03_01_01_01,03-01-03-01-01-01-17.wav,17,male,3,happy,happy,1,1,1
17_03_01_01_02,03-01-03-01-01-02-17.wav,17,male,3,happy,happy,1,1,2
17_03_01_02_01,03-01-03-01-02-01-17.wav,17,male,3,happy,happy,1,2,1
17_03_01_02_02,03-01-03-01-02-02-17.wav,17,male,3,happy,happy,1,2,2
17_03_02_01_01,03-01-03-02-01-01-17.wav,17,male,3,happy,happy,2,1,1
17_03_02_01_02,03-01-03-02-01-02-17.wav,17,male,3,happy,happy,2,1,2
17_03_02_02_01,03-01-03-02-02-01-17.wav,17,male,3,happy,happy,2,2,1
17_03_02_02_02,03-01-03-02-02-02-17.wav,17,male,3,happy,happy,2,2,2
17_04_01_01_01,03-01-04-01-01-01-17.wav,17,male,4,sad,sad,1,1,1
17_04_01_01_02,03-01-04-01-01-02-17.wav,17,male,4,sad,sad,1,1,2
17_04_01_02_01,03-01-04-01-02-01-17.wav,17,male,4,sad,sad,1,2,1
17_04_01_02_02,03-01-04-01-02-02-17.wav,17,male,4,sad,sad,1,2,2
17_04_02_01_01,03-01-04-02-01-01-17.wav,17,male,4,sad,sad,2,1,1
17_04_02_01_02,03-01-04-02-01-02-17.wav,17,male,4,sad,sad,2,1,2
17_04_02_02_01,03-01-04-02-02-01-17.wav,17,male,4,sad,sad,2,2,1
17_04_02_02_02,03-01-04-02-02-02-17.wav,17,male,4,sad,sad,2,2,2
17_05_01_01_01,03-01-05-01-01-01-17.wav,17,male,5,angry,angry,1,1,1
17_05_01_01_02,03-01-05-01-01-02-17.wav,17,male,5,angry,angry,1,1,2
17_05_01_02_01,03-01-05-01-02-01-17.wav,17,male,5,angry,angry,1,2,1
17_05_01_02_02,03-01-05-01-02-02-17.wav,17,male,5,angry,angry,1,2,2
17_05_02_01_01,03-01-05-02-01-01-17.wav,17,male,5,angry,angry,2,1,1
17_05_02_01_02,03-01-05-02-01-02-17.wav,17,male,5,angry,angry,2,1,2
17_05_02_02_01,03-01-05-02-02-01-17.wav,17,male,5,angry,angry,2,2,1
17_05_02_02_02,03-01-05-02-02-02-17.wav,17,male,5,angry,angry,2,2,2
17_06_01_01_01,03-01-06-01-01-01-17.wav,17,male,6,fearful,neutral,1,1,1
17_06_01_01_02,03-01-06-01-01-02-17.wav,17,male,6,fearful,neutral,1,1,2
17_06_01_02_01,03-01-06-01-02-01-17.wav,17,male,6,fearful,neutral,1,2,1
17_06_01_02_02,03-01-06-01-02-02-17.wav,17,male,6,fearful,neutral,1,2,2
17_06_02_01_01,03-01-06-02-01-01-17.wav,17,male,6,fearful,neutral,2,1,1
17_06_02_01_02,03-01-06-02-01-02-17.wav,17,male,6,fearful,neutral,2,1,2
17_06_02_02_01,03-01-06-02-02-01-17.wav,17,male,6,fearful,neutral,2,2,1
17_06_02_02_02,03-01-06-02-02-02-17.wav,17,male,6,fearful,neutral,2,2,2
17_07_01_01_01,03-01-07-01-01-01-17.wav,17,male,7,disgust,neutral,1,1,1
17_07_01_01_02,03-01-07-01-01-02-17.wav,17,male,7,disgust,neutral,1,1,2
17_07_01_02_01,03-01-07-01-02-01-17.wav,17,male,7,disgust,neutral,1,2,1
17_07_01_02_02,03-01-07-01-02-02-17.wav,17,male,7,disgust,neutral,1,2,2
17_07_02_01_01,03-01-07-02-01-01-17.wav,17,male,7,disgust,neutral,2,1,1
17_07_02_01_02,03-01-07-02-01-02-17.wav,17,male,7,disgust,neutral,2,1,2
17_07_02_02_01,03-01-07-02-02-01-17.wav,17,male,7,disgust,neutral,2,2,1
17_07_02_02_02,03-01-07-02-02-02-17.wav,17,male,7,disgust,neutral,2,2,2
17_08_01_01_01,03-01-08-01-01-01-17.wav,17,male,8,surprised,neutral,1,1,1
17_08_01_01_02,03-01-08-01-01-02-17.wav,17,male,8,surprised,neutral,1,1,2
17_08_01_02_01,03-01-08-01-02-01-17.wav,17,male,8,surprised,neutral,1,2,1
17_08_01_02_02,03-01-08-01-02-02-17.wav,17,male,8,surprised,neutral,1,2,2
17_08_02_01_01,03-01-08-02-01-01-17.wav,17,male,8,surprised,neutral,2,1,1
17_08_02_01_02,03-01-08-02-01-02-17.wav,17,male,8,surprised,neutral,2,1,2
17_08_02_02_01,03-01-08-02-02-01-17.wav,17,male,8,surprised,neutral,2,2,1
17_08_02_02_02,03-01-08-02-02-02-17.wav,17,male,8,surprised,neutral,2,2,2
18_01_01_01_01,03-01-01-01-01-01-18.wav,18,female,1,neutral,neutral,1,1,1
18_01_01_01_02,03-01-01-01-01-02-18.wav,18,female,1,neutral,neutral,1,1,2
18_01_01_02_01,03-01-01-01-02-01-18.wav,18,female,1,neutral,neutral,1,2,1
18_01_01_02_02,03-01-01-01-02-02-18.wav,18,female,1,neutral,neutral,1,2,2
18_02_01_01_01,03-01-02-01-01-01-18.wav,18,female,2,calm,neutral,1,1,1
18_02_01_01_02,03-01-02-01-01-02-18.wav,18,female,2,calm,neutral,1,1,2
18_02_01_02_01,03-01-02-01-02-01-18.wav,18,female,2,calm,neutral,1,2,1
18_02_01_02_02,03-01-02-01-02-02-18.wav,18,female,2,calm,neutral,1,2,2
18_02_02_01_01,03-01-02-02-01-01-18.wav,18,female,2,calm,neutral,2,1,1
18_02_02_01_02,03-01-02-02-01-02-18.wav,18,female,2,calm,neutral,2,1,2
18_02_02_02_01,03-01-02-02-02-01-18.wav,18,female,2,calm,neutral,2,2,1
18_02_02_02_02,03-01-02-02-02-02-18.wav,18,female,2,calm,neutral,2,2,2
18_03_01_01_01,03-01-03-01-01-01-18.wav,18,female,3,happy,happy,1,1,1
18_03_01_01_02,03-01-03-01-01-02-18.wav,18,female,3,happy,happy,1,1,2
18_03_01_02_01,03-01-03-01-02-01-18.wav,18,female,3,happy,happy,1,2,1
18_03_01_02_02,03-01-03-01-02-02-18.wav,18,female,3,happy,happy,1,2,2
18_03_02_01_01,03-01-03-02-01-01-18.wav,18,female,3,happy,happy,2,1,1
18_03_02_01_02,03-01-03-02-01-02-18.wav,18,female,3,happy,happy,2,1,2
18_03_02_02_01,03-01-03-02-02-01-18.wav,18,female,3,happy,happy,2,2,1
18_03_02_02_02,03-01-03-02-02-02-18.wav,18,female,3,happy,happy,2,2,2
18_04_01_01_01,03-01-04-01-01-01-18.wav,18,female,4,sad,sad,1,1,1
18_04_01_01_02,03-01-04-01-01-02-18.wav,18,female,4,sad,sad,1,1,2
18_04_01_02_01,03-01-04-01-02-01-18.wav,18,female,4,sad,sad,1,2,1
18_04_01_02_02,03-01-04-01-02-02-18.wav,18,female,4,sad,sad,1,2,2
18_04_02_01_01,03-01-04-02-01-01-18.wav,18,female,4,sad,sad,2,1,1
18_04_02_01_02,03-01-04-02-01-02-18.wav,18,female,4,sad,sad,2,1,2
18_04_02_02_01,03-01-04-02-02-01-18.wav,18,female,4,sad,sad,2,2,1
18_04_02_02_02,03-01-04-02-02-02-18.wav,18,female,4,sad,sad,2,2,2
18_05_01_01_01,03-01-05-01-01-01-18.wav,18,female,5,angry,angry,1,1,1
18_05_01_01_02,03-01-05-01-01-02-18.wav,18,female,5,angry,angry,1,1,2
18_05_01_02_01,03-01-05-01-02-01-18.wav,18,female,5,angry,angry,1,2,1
18_05_01_02_02,03-01-05-01-02-02-18.wav,18,female,5,angry,angry,1,2,2
18_05_02_01_01,03-01-05-02-01-01-18.wav,18,female,5,angry,angry,2,1,1
18_05_02_01_02,03-01-05-02-01-02-18.wav,18,female,5,angry,angry,2,1,2
18_05_02_02_01,03-01-05-02-02-01-18.wav,18,female,5,angry,angry,2,2,1
18_05_02_02_02,03-01-05-02-02-02-18.wav,18,female,5,angry,angry,2,2,2
18_06_01_01_01,03-01-06-01-01-01-18.wav,18,female,6,fearful,neutral,1,1,1
18_06_01_01_02,03-01-06-01-01-02-18.wav,18,female,6,fearful,neutral,1,1,2
18_06_01_02_01,03-01-06-01-02-01-18.wav,18,female,6,fearful,neutral,1,2,1
18_06_01_02_02,03-01-06-01-02-02-18.wav,18,female,6,fearful,neutral,1,2,2
18_06_02_01_01,03-01-06-02-01-01-18.wav,18,female,6,fearful,neutral,2,1,1
18_06_02_01_02,03-01-06-02-01-02-18.wav,18,female,6,fearful,neutral,2,1,2
18_06_02_02_01,03-01-06-02-02-01-18.wav,18,female,6,fearful,neutral,2,2,1
18_06_02_02_02,03-01-06-02-02-02-18.wav,18,female,6,fearful,neutral,2,2,2
18_07_01_01_01,03-01-07-01-01-01-18.wav,18,female,7,disgust,neutral,1,1,1
18_07_01_01_02,03-01-07-01-01-02-18.wav,18,female,7,disgust,neutral,1,1,2
18_07_01_02_01,03-01-07-01-02-01-18.wav,18,female,7,disgust,neutral,1,2,1
18_07_01_02_02,03-01-07-01-02-02-18.wav,18,female,7,disgust,neutral,1,2,2
18_07_02_01_01,03-01-07-02-01-01-18.wav,18,female,7,disgust,neutral,2,1,1
18_07_02_01_02,03-01-07-02-01-02-18.wav,18,female,7,disgust,neutral,2,1,2
18_07_02_02_01,03-01-07-02-02-01-18.wav,18,female,7,disgust,neutral,2,2,1
18_07_02_02_02,03-01-07-02-02-02-18.wav,18,female,7,disgust,neutral,2,2,2
18_08_01_01_01,03-01-08-01-01-01-18.wav,18,female,8,surprised,neutral,1,1,1
18_08_01_01_02,03-01-08-01-01-02-18.wav,18,female,8,surprised,neutral,1,1,2
18_08_01_02_01,03-01-08-01-02-01-18.wav,18,female,8,surprised,neutral,1,2,1
18_08_01_02_02,03-01-08-01-02-02-18.wav,18,female,8,surprised,neutral,1,2,2
18_08_02_01_01,03-01-08-02-01-01-18.wav,18,female,8,surprised,neutral,2,1,1
18_08_02_01_02,03-01-08-02-01-02-18.wav,18,female,8,surprised,neutral,2,1,2
18_08_02_02_01,03-01-08-02-02-01-18.wav,18,female,8,surprised,neutral,2,2,1
18_08_02_02_02,03-01-08-02-02-02-18.wav,18,female,8,surprised,neutral,2,2,2
19_01_01_01_01,03-01-01-01-01-01-19.wav,19,male,1,neutral,neutral,1,1,1
19_01_01_01_02,03-01-01-01-01-02-19.wav,19,male,1,neutral,neutral,1,1,2
19_01_01_02_01,03-01-01-01-02-01-19.wav,19,male,1,neutral,neutral,1,2,1
19_01_01_02_02,03-01-01-01-02-02-19.wav,19,male,1,neutral,neutral,1,2,2
19_02_01_01_01,03-01-02-01-01-01-19.wav,19,male,2,calm,neutral,1,1,1
19_02_01_01_02,03-01-02-01-01-02-19.wav,19,male,2,calm,neutral,1,1,2
19_02_01_02_01,03-01-02-01-02-01-19.wav,19,male,2,calm,neutral,1,2,1
19_02_01_02_02,03-01-02-01-02-02-19.wav,19,male,2,calm,neutral,1,2,2
19_02_02_01_01,03-01-02-02-01-01-19.wav,19,male,2,calm,neutral,2,1,1
19_02_02_01_02,03-01-02-02-01-02-19.wav,19,male,2,calm,neutral,2,1,2
19_02_02_02_01,03-01-02-02-02-01-19.wav,19,male,2,calm,neutral,2,2,1
19_02_02_02_02,03-01-02-02-02-02-19.wav,19,male,2,calm,neutral,2,2,2
19_03_01_01_01,03-01-03-01-01-01-19.wav,19,male,3,happy,happy,1,1,1
19_03_01_01_02,03-01-03-01-01-02-19.wav,19,male,3,happy,happy,1,1,2
19_03_01_02_01,03-01-03-01-02-01-19.wav,19,male,3,happy,happy,1,2,1
19_03_01_02_02,03-01-03-01-02-02-19.wav,19,male,3,happy,happy,1,2,2
19_03_02_01_01,03-01-03-02-01-01-19.wav,19,male,3,happy,happy,2,1,1
19_03_02_01_02,03-01-03-02-01-02-19.wav,19,male,3,happy,happy,2,1,2
19_03_02_02_01,03-01-03-02-02-01-19.wav,19,male,3,happy,happy,2,2,1
19_03_02_02_02,03-01-03-02-02-02-19.wav,19,male,3,happy,happy,2,2,2
19_04_01_01_01,03-01-04-01-01-01-19.wav,19,male,4,sad,sad,1,1,1
19_04_01_01_02,03-01-04-01-01-02-19.wav,19,male,4,sad,sad,1,1,2
19_04_01_02_01,03-01-04-01-02-01-19.wav,19,male,4,sad,sad,1,2,1
19_04_01_02_02,03-01-04-01-02-02-19.wav,19,male,4,sad,sad,1,2,2
19_04_02_01_01,03-01-04-02-01-01-19.wav,19,male,4,sad,sad,2,1,1
19_04_02_01_02,03-01-04-02-01-02-19.wav,19,male,4,sad,sad,2,1,2
19_04_02_02_01,03-01-04-02-02-01-19.wav,19,male,4,sad,sad,2,2,1
19_04_02_02_02,03-01-04-02-02-02-19.wav,19,male,4,sad,sad,2,2,2
19_05_01_01_01,03-01-05-01-01-01-19.wav,19,male,5,angry,angry,1,1,1
19_05_01_01_02,03-01-05-01-01-02-19.wav,19,male,5,angry,angry,1,1,2
19_05_01_02_01,03-01-05-01-02-01-19.wav,19,male,5,angry,angry,1,2,1
19_05_01_02_02,03-01-05-01-02-02-19.wav,19,male,5,angry,angry,1,2,2
19_05_02_01_01,03-01-05-02-01-01-19.wav,19,male,5,angry,angry,2,1,1
19_05_02_01_02,03-01-05-02-01-02-19.wav,19,male,5,angry,angry,2,1,2
19_05_02_02_01,03-01-05-02-02-01-19.wav,19,male,5,angry,angry,2,2,1
19_05_02_02_02,03-01-05-02-02-02-19.wav,19,male,5,angry,angry,2,2,2
19_06_01_01_01,03-01-06-01-01-01-19.wav,19,male,6,fearful,neutral,1,1,1
19_06_01_01_02,03-01-06-01-01-02-19.wav,19,male,6,fearful,neutral,1,1,2
19_06_01_02_01,03-01-06-01-02-01-19.wav,19,male,6,fearful,neutral,1,2,1
19_06_01_02_02,03-01-06-01-02-02-19.wav,19,male,6,fearful,neutral,1,2,2
19_06_02_01_01,03-01-06-02-01-01-19.wav,19,male,6,fearful,neutral,2,1,1
19_06_02_01_02,03-01-06-02-01-02-19.wav,19,male,6,fearful,neutral,2,1,2
19_06_02_02_01,03-01-06-02-02-01-19.wav,19,male,6,fearful,neutral,2,2,1
19_06_02_02_02,03-01-06-02-02-02-19.wav,19,male,6,fearful,neutral,2,2,2
19_07_01_01_01,03-01-07-01-01-01-19.wav,19,male,7,disgust,neutral,1,1,1
19_07_01_01_02,03-01-07-01-01-02-19.wav,19,male,7,disgust,neutral,1,1,2
19_07_01_02_01,03-01-07-01-02-01-19.wav,19,male,7,disgust,neutral,1,2,1
19_07_01_02_02,03-01-07-01-02-02-19.wav,19,male,7,disgust,neutral,1,2,2
19_07_02_01_01,03-01-07-02-01-01-19.wav,19,male,7,disgust,neutral,2,1,1
19_07_02_01_02,03-01-07-02-01-02-19.wav,19,male,7,disgust,neutral,2,1,2
19_07_02_02_01,03-01-07-02-02-01-19.wav,19,male,7,disgust,neutral,2,2,1
19_07_02_02_02,03-01-07-02-02-02-19.wav,19,male,7,disgust,neutral,2,2,2
19_08_01_01_01,03-01-08-01-01-01-19.wav,19,male,8,surprised,neutral,1,1,1
19_08_01_01_02,03-01-08-01-01-02-19.wav,19,male,8,surprised,neutral,1,1,2
19_08_01_02_01,03-01-08-01-02-01-19.wav,19,male,8,surprised,neutral,1,2,1
19_08_01_02_02,03-01-08-01-02-02-19.wav,19,male,8,surprised,neutral,1,2,2
19_08_02_01_01,03-01-08-02-01-01-19.wav,19,male,8,surprised,neutral,2,1,1
19_08_02_01_02,03-01-08-02-01-02-19.wav,19,male,8,surprised,neutral,2,1,2
19_08_02_02_01,03-01-08-02-02-01-19.wav,19,male,8,surprised,neutral,2,2,1
19_08_02_02_02,03-01-08-02-02-02-19.wav,19,male,8,surprised,neutral,2,2,2
20_01_01_01_01,03-01-01-01-01-01-20.wav,20,female,1,neutral,neutral,1,1,1
20_01_01_01_02,03-01-01-01-01-02-20.wav,20,female,1,neutral,neutral,1,1,2
20_01_01_02_01,03-01-01-01-02-01-20.wav,20,female,1,neutral,neutral,1,2,1
20_01_01_02_02,03-01-01-01-02-02-20.wav,20,female,1,neutral,neutral,1,2,2
20_02_01_01_01,03-01-02-01-01-01-20.wav,20,female,2,calm,neutral,1,1,1
20_02_01_01_02,03-01-02-01-01-02-20.wav,20,female,2,calm,neutral,1,1,2
20_02_01_02_01,03-01-02-01-02-01-20.wav,20,female,2,calm,neutral,1,2,1
20_02_01_02_02,03-01-02-01-02-02-20.wav,20,female,2,calm,neutral,1,2,2
20_02_02_01_01,03-01-02-02-01-01-20.wav,20,female,2,calm,neutral,2,1,1
20_02_02_01_02,03-01-02-02-01-02-20.wav,20,female,2,calm,neutral,2,1,2
20_02_02_02_01,03-01-02-02-02-01-20.wav,20,female,2,calm,neutral,2,2,1
20_02_02_02_02,03-01-02-02-02-02-20.wav,20,female,2,calm,neutral,2,2,2
20_03_01_01_01,03-01-03-01-01-01-20.wav,20,female,3,happy,happy,1,1,1
20_03_01_01_02,03-01-03-01-01-02-20.wav,20,female,3,happy,happy,1,1,2
20_03_01_02_01,03-01-03-01-02-01-20.wav,20,female,3,happy,happy,1,2,1
20_03_01_02_02,03-01-03-01-02-02-20.wav,20,female,3,happy,happy,1,2,2
20_03_02_01_01,03-01-03-02-01-01-20.wav,20,female,3,happy,happy,2,1,1
20_03_02_01_02,03-01-03-02-01-02-20.wav,20,female,3,happy,happy,2,1,2
20_03_02_02_01,03-01-03-02-02-01-20.wav,20,female,3,happy,happy,2,2,1
20_03_02_02_02,03-01-03-02-02-02-20.wav,20,female,3,happy,happy,2,2,2
20_04_01_01_01,03-01-04-01-01-01-20.wav,20,female,4,sad,sad,1,1,1
20_04_01_01_02,03-01-04-01-01-02-20.wav,20,female,4,sad,sad,1,1,2
20_04_01_02_01,03-01-04-01-02-01-20.wav,20,female,4,sad,sad,1,2,1
20_04_01_02_02,03-01-04-01-02-02-20.wav,20,female,4,sad,sad,1,2,2
20_04_02_01_01,03-01-04-02-01-01-20.wav,20,female,4,sad,sad,2,1,1
20_04_02_01_02,03-01-04-02-01-02-20.wav,20,female,4,sad,sad,2,1,2
20_04_02_02_01,03-01-04-02-02-01-20.wav,20,female,4,sad,sad,2,2,1
20_04_02_02_02,03-01-04-02-02-02-20.wav,20,female,4,sad,sad,2,2,2
20_05_01_01_01,03-01-05-01-01-01-20.wav,20,female,5,angry,angry,1,1,1
20_05_01_01_02,03-01-05-01-01-02-20.wav,20,female,5,angry,angry,1,1,2
20_05_01_02_01,03-01-05-01-02-01-20.wav,20,female,5,angry,angry,1,2,1
20_05_01_02_02,03-01-05-01-02-02-20.wav,20,female,5,angry,angry,1,2,2
20_05_02_01_01,03-01-05-02-01-01-20.wav,20,female,5,angry,angry,2,1,1
20_05_02_01_02,03-01-05-02-01-02-20.wav,20,female,5,angry,angry,2,1,2
20_05_02_02_01,03-01-05-02-02-01-20.wav,20,female,5,angry,angry,2,2,1
20_05_02_02_02,03-01-05-02-02-02-20.wav,20,female,5,angry,angry,2,2,2
20_06_01_01_01,03-01-06-01-01-01-20.wav,20,female,6,fearful,neutral,1,1,1
20_06_01_01_02,03-01-06-01-01-02-20.wav,20,female,6,fearful,neutral,1,1,2
20_06_01_02_01,03-01-06-01-02-01-20.wav,20,female,6,fearful,neutral,1,2,1
20_06_01_02_02,03-01-06-01-02-02-20.wav,20,female,6,fearful,neutral,1,2,2
20_06_02_01_01,03-01-06-02-01-01-20.wav,20,female,6,fearful,neutral,2,1,1
20_06_02_01_02,03-01-06-02-01-02-20.wav,20,female,6,fearful,neutral,2,1,2
20_06_02_02_01,03-01-06-02-02-01-20.wav,20,female,6,fearful,neutral,2,2,1
20_06_02_02_02,03-01-06-02-02-02-20.wav,20,female,6,fearful,neutral,2,2,2
20_07_01_01_01,03-01-07-01-01-01-20.wav,20,female,7,disgust,neutral,1,1,1
20_07_01_01_02,03-01-07-01-01-02-20.wav,20,female,7,disgust,neutral,1,1,2
20_07_01_02_01,03-01-07-01-02-01-20.wav,20,female,7,disgust,neutral,1,2,1
20_07_01_02_02,03-01-07-01-02-02-20.wav,20,female,7,disgust,neutral,1,2,2
20_07_02_01_01,03-01-07-02-01-01-20.wav,20,female,7,disgust,neutral,2,1,1
20_07_02_01_02,03-01-07-02-01-02-20.wav,20,female,7,disgust,neutral,2,1,2
20_07_02_02_01,03-01-07-02-02-01-20.wav,20,female,7,disgust,neutral,2,2,1
20_07_02_02_02,03-01-07-02-02-02-20.wav,20,female,7,disgust,neutral,2,2,2
20_08_01_01_01,03-01-08-01-01-01-20.wav,20,female,8,surprised,neutral,1,1,1
20_08_01_01_02,03-01-08-01-01-02-20.wav,20,female,8,surprised,neutral,1,1,2
20_08_01_02_01,03-01-08-01-02-01-20.wav,20,female,8,surprised,neutral,1,2,1
20_08_01_02_02,03-01-08-01-02-02-20.wav,20,female,8,surprised,neutral,1,2,2
20_08_02_01_01,03-01-08-02-01-01-20.wav,20,female,8,surprised,neutral,2,1,1
20_08_02_01_02,03-01-08-02-01-02-20.wav,20,female,8,surprised,neutral,2,1,2
20_08_02_02_01,03-01-08-02-02-01-20.wav,20,female,8,surprised,neutral,2,2,1
20_08_02_02_02,03-01-08-02-02-02-20.wav,20,female,8,surprised,neutral,2,2,2
21_01_01_01_01,03-01-01-01-01-01-21.wav,21,male,1,neutral,neutral,1,1,1
21_01_01_01_02,03-01-01-01-01-02-21.wav,21,male,1,neutral,neutral,1,1,2
21_01_01_02_01,03-01-01-01-02-01-21.wav,21,male,1,neutral,neutral,1,2,1
21_01_01_02_02,03-01-01-01-02-02-21.wav,21,male,1,neutral,neutral,1,2,2
21_02_01_01_01,03-01-02-01-01-01-21.wav,21,male,2,calm,neutral,1,1,1
21_02_01_01_02,03-01-02-01-01-02-21.wav,21,male,2,calm,neutral,1,1,2
21_02_01_02_01,03-01-02-01-02-01-21.wav,21,male,2,calm,neutral,1,2,1
21_02_01_02_02,03-01-02-01-02-02-21.wav,21,male,2,calm,neutral,1,2,2
21_02_02_01_01,03-01-02-02-01-01-21.wav,21,male,2,calm,neutral,2,1,1
21_02_02_01_02,03-01-02-02-01-02-21.wav,21,male,2,calm,neutral,2,1,2
21_02_02_02_01,03-01-02-02-02-01-21.wav,21,male,2,calm,neutral,2,2,1
21_02_02_02_02,03-01-02-02-02-02-21.wav,21,male,2,calm,neutral,2,2,2
21_03_01_01_01,03-01-03-01-01-01-21.wav,21,male,3,happy,happy,1,1,1
21_03_01_01_02,03-01-03-01-01-02-21.wav,21,male,3,happy,happy,1,1,2
21_03_01_02_01,03-01-03-01-02-01-21.wav,21,male,3,happy,happy,1,2,1
21_03_01_02_02,03-01-03-01-02-02-21.wav,21,male,3,happy,happy,1,2,2
21_03_02_01_01,03-01-03-02-01-01-21.wav,21,male,3,happy,happy,2,1,1
21_03_02_01_02,03-01-03-02-01-02-21.wav,21,male,3,happy,happy,2,1,2
21_03_02_02_01,03-01-03-02-02-01-21.wav,21,male,3,happy,happy,2,2,1
21_03_02_02_02,03-01-03-02-02-02-21.wav,21,male,3,happy,happy,2,2,2
21_04_01_01_01,03-01-04-01-01-01-21.wav,21,male,4,sad,sad,1,1,1
21_04_01_01_02,03-01-04-01-01-02-21.wav,21,male,4,sad,sad,1,1,2
21_04_01_02_01,03-01-04-01-02-01-21.wav,21,male,4,sad,sad,1,2,1
21_04_01_02_02,03-01-04-01-02-02-21.wav,21,male,4,sad,sad,1,2,2
21_04_02_01_01,03-01-04-02-01-01-21.wav,21,male,4,sad,sad,2,1,1
21_04_02_01_02,03-01-04-02-01-02-21.wav,21,male,4,sad,sad,2,1,2
21_04_02_02_01,03-01-04-02-02-01-21.wav,21,male,4,sad,sad,2,2,1
21_04_02_02_02,03-01-04-02-02-02-21.wav,21,male,4,sad,sad,2,2,2
21_05_01_01_01,03-01-05-01-01-01-21.wav,21,male,5,angry,angry,1,1,1
21_05_01_01_02,03-01-05-01-01-02-21.wav,21,male,5,angry,angry,1,1,2
21_05_01_02_01,03-01-05-01-02-01-21.wav,21,male,5,angry,angry,1,2,1
21_05_01_02_02,03-01-05-01-02-02-21.wav,21,male,5,angry,angry,1,2,2
21_05_02_01_01,03-01-05-02-01-01-21.wav,21,male,5,angry,angry,2,1,1
21_05_02_01_02,03-01-05-02-01-02-21.wav,21,male,5,angry,angry,2,1,2
21_05_02_02_01,03-01-05-02-02-01-21.wav,21,male,5,angry,angry,2,2,1
21_05_02_02_02,03-01-05-02-02-02-21.wav,21,male,5,angry,angry,2,2,2
21_06_01_01_01,03-01-06-01-01-01-21.wav,21,male,6,fearful,neutral,1,1,1
21_06_01_01_02,03-01-06-01-01-02-21.wav,21,male,6,fearful,neutral,1,1,2
21_06_01_02_01,03-01-06-01-02-01-21.wav,21,male,6,fearful,neutral,1,2,1
21_06_01_02_02,03-01-06-01-02-02-21.wav,21,male,6,fearful,neutral,1,2,2
21_06_02_01_01,03-01-06-02-01-01-21.wav,21,male,6,fearful,neutral,2,1,1
21_06_02_01_02,03-01-06-02-01-02-21.wav,21,male,6,fearful,neutral,2,1,2
21_06_02_02_01,03-01-06-02-02-01-21.wav,21,male,6,fearful,neutral,2,2,1
21_06_02_02_02,03-01-06-02-02-02-21.wav,21,male,6,fearful,neutral,2,2,2
21_07_01_01_01,03-01-07-01-01-01-21.wav,21,male,7,disgust,neutral,1,1,1
21_07_01_01_02,03-01-07-01-01-02-21.wav,21,male,7,disgust,neutral,1,1,2
21_07_01_02_01,03-01-07-01-02-01-21.wav,21,male,7,disgust,neutral,1,2,1
21_07_01_02_02,03-01-07-01-02-02-21.wav,21,male,7,disgust,neutral,1,2,2
21_07_02_01_01,03-01-07-02-01-01-21.wav,21,male,7,disgust,neutral,2,1,1
21_07_02_01_02,03-01-07-02-01-02-21.wav,21,male,7,disgust,neutral,2,1,2
21_07_02_02_01,03-01-07-02-02-01-21.wav,21,male,7,disgust,neutral,2,2,1
21_07_02_02_02,03-01-07-02-02-02-21.wav,21,male,7,disgust,neutral,2,2,2
21_08_01_01_01,03-01-08-01-01-01-21.wav,21,male,8,surprised,neutral,1,1,1
21_08_01_01_02,03-01-08-01-01-02-21.wav,21,male,8,surprised,neutral,1,1,2
21_08_01_02_01,03-01-08-01-02-01-21.wav,21,male,8,surprised,neutral,1,2,1
21_08_01_02_02,03-01-08-01-02-02-21.wav,21,male,8,surprised,neutral,1,2,2
21_08_02_01_01,03-01-08-02-01-01-21.wav,21,male,8,surprised,neutral,2,1,1
21_08_02_01_02,03-01-08-02-01-02-21.wav,21,male,8,surprised,neutral,2,1,2
21_08_02_02_01,03-01-08-02-02-01-21.wav,21,male,8,surprised,neutral,2,2,1
21_08_02_02_02,03-01-08-02-02-02-21.wav,21,male,8,surprised,neutral,2,2,2
22_01_01_01_01,03-01-01-01-01-01-22.wav,22,female,1,neutral,neutral,1,1,1
22_01_01_01_02,03-01-01-01-01-02-22.wav,22,female,1,neutral,neutral,1,1,2
22_01_01_02_01,03-01-01-01-02-01-22.wav,22,female,1,neutral,neutral,1,2,1
22_01_01_02_02,03-01-01-01-02-02-22.wav,22,female,1,neutral,neutral,1,2,2
22_02_01_01_01,03-01-02-01-01-01-22.wav,22,female,2,calm,neutral,1,1,1
22_02_01_01_02,03-01-02-01-01-02-22.wav,22,female,2,calm,neutral,1,1,2
22_02_01_02_01,03-01-02-01-02-01-22.wav,22,female,2,calm,neutral,1,2,1
22_02_01_02_02,03-01-02-01-02-02-22.wav,22,female,2,calm,neutral,1,2,2
22_02_02_01_01,03-01-02-02-01-01-22.wav,22,female,2,calm,neutral,2,1,1
22_02_02_01_02,03-01-02-02-01-02-22.wav,22,female,2,calm,neutral,2,1,2
22_02_02_02_01,03-01-02-02-02-01-22.wav,22,female,2,calm,neutral,2,2,1
22_02_02_02_02,03-01-02-02-02-02-22.wav,22,female,2,calm,neutral,2,2,2
22_03_01_01_01,03-01-03-01-01-01-22.wav,22,female,3,happy,happy,1,1,1
22_03_01_01_02,03-01-03-01-01-02-22.wav,22,female,3,happy,happy,1,1,2
22_03_01_02_01,03-01-03-01-02-01-22.wav,22,female,3,happy,happy,1,2,1
22_03_01_02_02,03-01-03-01-02-02-22.wav,22,female,3,happy,happy,1,2,2
22_03_02_01_01,03-01-03-02-01-01-22.wav,22,female,3,happy,happy,2,1,1
22_03_02_01_02,03-01-03-02-01-02-22.wav,22,female,3,happy,happy,2,1,2
22_03_02_02_01,03-01-03-02-02-01-22.wav,22,female,3,happy,happy,2,2,1
22_03_02_02_02,03-01-03-02-02-02-22.wav,22,female,3,happy,happy,2,2,2
22_04_01_01_01,03-01-04-01-01-01-22.wav,22,female,4,sad,sad,1,1,1
22_04_01_01_02,03-01-04-01-01-02-22.wav,22,female,4,sad,sad,1,1,2
22_04_01_02_01,03-01-04-01-02-01-22.wav,22,female,4,sad,sad,1,2,1
22_04_01_02_02,03-01-04-01-02-02-22.wav,22,female,4,sad,sad,1,2,2
22_04_02_01_01,03-01-04-02-01-01-22.wav,22,female,4,sad,sad,2,1,1
22_04_02_01_02,03-01-04-02-01-02-22.wav,22,female,4,sad,sad,2,1,2
22_04_02_02_01,03-01-04-02-02-01-22.wav,22,female,4,sad,sad,2,2,1
22_04_02_02_02,03-01-04-02-02-02-22.wav,22,female,4,sad,sad,2,2,2
22_05_01_01_01,03-01-05-01-01-01-22.wav,22,female,5,angry,angry,1,1,1
22_05_01_01_02,03-01-05-01-01-02-22.wav,22,female,5,angry,angry,1,1,2
22_05_01_02_01,03-01-05-01-02-01-22.wav,22,female,5,angry,angry,1,2,1
22_05_01_02_02,03-01-05-01-02-02-22.wav,22,female,5,angry,angry,1,2,2
22_05_02_01_01,03-01-05-02-01-01-22.wav,22,female,5,angry,angry,2,1,1
22_05_02_01_02,03-01-05-02-01-02-22.wav,22,female,5,angry,angry,2,1,2
22_05_02_02_01,03-01-05-02-02-01-22.wav,22,female,5,angry,angry,2,2,1
22_05_02_02_02,03-01-05-02-02-02-22.wav,22,female,5,angry,angry,2,2,2
22_06_01_01_01,03-01-06-01-01-01-22.wav,22,female,6,fearful,neutral,1,1,1
22_06_01_01_02,03-01-06-01-01-02-22.wav,22,female,6,fearful,neutral,1,1,2
22_06_01_02_01,03-01-06-01-02-01-22.wav,22,female,6,fearful,neutral,1,2,1
22_06_01_02_02,03-01-06-01-02-02-22.wav,22,female,6,fearful,neutral,1,2,2
22_06_02_01_01,03-01-06-02-01-01-22.wav,22,female,6,fearful,neutral,2,1,1
22_06_02_01_02,03-01-06-02-01-02-22.wav,22,female,6,fearful,neutral,2,1,2
22_06_02_02_01,03-01-06-02-02-01-22.wav,22,female,6,fearful,neutral,2,2,1
22_06_02_02_02,03-01-06-02-02-02-22.wav,22,female,6,fearful,neutral,2,2,2
22_07_01_01_01,03-01-07-01-01-01-22.wav,22,female,7,disgust,neutral,1,1,1
22_07_01_01_02,03-01-07-01-01-02-22.wav,22,female,7,disgust,neutral,1,1,2
22_07_01_02_01,03-01-07-01-02-01-22.wav,22,female,7,disgust,neutral,1,2,1
22_07_01_02_02,03-01-07-01-02-02-22.wav,22,female,7,disgust,neutral,1,2,2
22_07_02_01_01,03-01-07-02-01-01-22.wav,22,female,7,disgust,neutral,2,1,1
22_07_02_01_02,03-01-07-02-01-02-22.wav,22,female,7,disgust,neutral,2,1,2
22_07_02_02_01,03-01-07-02-02-01-22.wav,22,female,7,disgust,neutral,2,2,1
22_07_02_02_02,03-01-07-02-02-02-22.wav,22,female,7,disgust,neutral,2,2,2
22_08_01_01_01,03-01-08-01-01-01-22.wav,22,female,8,surprised,neutral,1,1,1
22_08_01_01_02,03-01-08-01-01-02-22.wav,22,female,8,surprised,neutral,1,1,2
22_08_01_02_01,03-01-08-01-02-01-22.wav,22,female,8,surprised,neutral,1,2,1
22_08_01_02_02,03-01-08-01-02-02-22.wav,22,female,8,surprised,neutral,1,2,2
22_08_02_01_01,03-01-08-02-01-01-22.wav,22,female,8,surprised,neutral,2,1,1
22_08_02_01_02,03-01-08-02-01-02-22.wav,22,female,8,surprised,neutral,2,1,2
22_08_02_02_01,03-01-08-02-02-01-22.wav,22,female,8,surprised,neutral,2,2,1
22_08_02_02_02,03-01-08-02-02-02-22.wav,22,female,8,surprised,neutral,2,2,2
23_01_01_01_01,03-01-01-01-01-01-23.wav,23,male,1,neutral,neutral,1,1,1
23_01_01_01_02,03-01-01-01-01-02-23.wav,23,male,1,neutral,neutral,1,1,2
23_01_01_02_01,03-01-01-01-02-01-23.wav,23,male,1,neutral,neutral,1,2,1
23_01_01_02_02,03-01-01-01-02-02-23.wav,23,male,1,neutral,neutral,1,2,2
23_02_01_01_01,03-01-02-01-01-01-23.wav,23,male,2,calm,neutral,1,1,1
23_02_01_01_02,03-01-02-01-01-02-23.wav,23,male,2,calm,neutral,1,1,2
23_02_01_02_01,03-01-02-01-02-01-23.wav,23,male,2,calm,neutral,1,2,1
23_02_01_02_02,03-01-02-01-02-02-23.wav,23,male,2,calm,neutral,1,2,2
23_02_02_01_01,03-01-02-02-01-01-23.wav,23,male,2,calm,neutral,2,1,1
23_02_02_01_02,03-01-02-02-01-02-23.wav,23,male,2,calm,neutral,2,1,2
23_02_02_02_01,03-01-02-02-02-01-23.wav,23,male,2,calm,neutral,2,2,1
23_02_02_02_02,03-01-02-02-02-02-23.wav,23,male,2,calm,neutral,2,2,2
23_03_01_01_01,03-01-03-01-01-01-23.wav,23,male,3,happy,happy,1,1,1
23_03_01_01_02,03-01-03-01-01-02-23.wav,23,male,3,happy,happy,1,1,2
23_03_01_02_01,03-01-03-01-02-01-23.wav,23,male,3,happy,happy,1,2,1
23_03_01_02_02,03-01-03-01-02-02-23.wav,23,male,3,happy,happy,1,2,2
23_03_02_01_01,03-01-03-02-01-01-23.wav,23,male,3,happy,happy,2,1,1
23_03_02_01_02,03-01-03-02-01-02-23.wav,23,male,3,happy,happy,2,1,2
23_03_02_02_01,03-01-03-02-02-01-23.wav,23,male,3,happy,happy,2,2,1
23_03_02_02_02,03-01-03-02-02-02-23.wav,23,male,3,happy,happy,2,2,2
23_04_01_01_01,03-01-04-01-01-01-23.wav,23,male,4,sad,sad,1,1,1
23_04_01_01_02,03-01-04-01-01-02-23.wav,23,male,4,sad,sad,1,1,2
23_04_01_02_01,03-01-04-01-02-01-23.wav,23,male,4,sad,sad,1,2,1
23_04_01_02_02,03-01-04-01-02-02-23.wav,23,male,4,sad,sad,1,2,2
23_04_02_01_01,03-01-04-02-01-01-23.wav,23,male,4,sad,sad,2,1,1
23_04_02_01_02,03-01-04-02-01-02-23.wav,23,male,4,sad,sad,2,1,2
23_04_02_02_01,03-01-04-02-02-01-23.wav,23,male,4,sad,sad,2,2,1
23_04_02_02_02,03-01-04-02-02-02-23.wav,23,male,4,sad,sad,2,2,2
23_05_01_01_01,03-01-05-01-01-01-23.wav,23,male,5,angry,angry,1,1,1
23_05_01_01_02,03-01-05-01-01-02-23.wav,23,male,5,angry,angry,1,1,2
23_05_01_02_01,03-01-05-01-02-01-23.wav,23,male,5,angry,angry,1,2,1
23_05_01_02_02,03-01-05-01-02-02-23.wav,23,male,5,angry,angry,1,2,2
23_05_02_01_01,03-01-05-02-01-01-23.wav,23,male,5,angry,angry,2,1,1
23_05_02_01_02,03-01-05-02-01-02-23.wav,23,male,5,angry,angry,2,1,2
23_05_02_02_01,03-01-05-02-02-01-23.wav,23,male,5,angry,angry,2,2,1
23_05_02_02_02,03-01-05-02-02-02-23.wav,23,male,5,angry,angry,2,2,2
23_06_01_01_01,03-01-06-01-01-01-23.wav,23,male,6,fearful,neutral,1,1,1
23_06_01_01_02,03-01-06-01-01-02-23.wav,23,male,6,fearful,neutral,1,1,2
23_06_01_02_01,03-01-06-01-02-01-23.wav,23,male,6,fearful,neutral,1,2,1
23_06_01_02_02,03-01-06-01-02-02-23.wav,23,male,6,fearful,neutral,1,2,2
23_06_02_01_01,03-01-06-02-01-01-23.wav,23,male,6,fearful,neutral,2,1,1
23_06_02_01_02,03-01-06-02-01-02-23.wav,23,male,6,fearful,neutral,2,1,2
23_06_02_02_01,03-01-06-02-02-01-23.wav,23,male,6,fearful,neutral,2,2,1
23_06_02_02_02,03-01-06-02-02-02-23.wav,23,male,6,fearful,neutral,2,2,2
23_07_01_01_01,03-01-07-01-01-01-23.wav,23,male,7,disgust,neutral,1,1,1
23_07_01_01_02,03-01-07-01-01-02-23.wav,23,male,7,disgust,neutral,1,1,2
23_07_01_02_01,03-01-07-01-02-01-23.wav,23,male,7,disgust,neutral,1,2,1
23_07_01_02_02,03-01-07-01-02-02-23.wav,23,male,7,disgust,neutral,1,2,2
23_07_02_01_01,03-01-07-02-01-01-23.wav,23,male,7,disgust,neutral,2,1,1
23_07_02_01_02,03-01-07-02-01-02-23.wav,23,male,7,disgust,neutral,2,1,2
23_07_02_02_01,03-01-07-02-02-01-23.wav,23,male,7,disgust,neutral,2,2,1
23_07_02_02_02,03-01-07-02-02-02-23.wav,23,male,7,disgust,neutral,2,2,2
23_08_01_01_01,03-01-08-01-01-01-23.wav,23,male,8,surprised,neutral,1,1,1
23_08_01_01_02,03-01-08-01-01-02-23.wav,23,male,8,surprised,neutral,1,1,2
23_08_01_02_01,03-01-08-01-02-01-23.wav,23,male,8,surprised,neutral,1,2,1
23_08_01_02_02,03-01-08-01-02-02-23.wav,23,male,8,surprised,neutral,1,2,2
23_08_02_01_01,03-01-08-02-01-01-23.wav,23,male,8,surprised,neutral,2,1,1
23_08_02_01_02,03-01-08-02-01-02-23.wav,23,male,8,surprised,neutral,2,1,2
23_08_02_02_01,03-01-08-02-02-01-23.wav,23,male,8,surprised,neutral,2,2,1
23_08_02_02_02,03-01-08-02-02-02-23.wav,23,male,8,surprised,neutral,2,2,2
24_01_01_01_01,03-01-01-01-01-01-24.wav,24,female,1,neutral,neutral,1,1,1
24_01_01_01_02,03-01-01-01-01-02-24.wav,24,female,1,neutral,neutral,1,1,2
24_01_01_02_01,03-01-01-01-02-01-24.wav,24,female,1,neutral,neutral,1,2,1
24_01_01_02_02,03-01-01-01-02-02-24.wav,24,female,1,neutral,neutral,1,2,2
24_02_01_01_01,03-01-02-01-01-01-24.wav,24,female,2,calm,neutral,1,1,1
24_02_01_01_02,03-01-02-01-01-02-24.wav,24,female,2,calm,neutral,1,1,2
24_02_01_02_01,03-01-02-01-02-01-24.wav,24,female,2,calm,neutral,1,2,1
24_02_01_02_02,03-01-02-01-02-02-24.wav,24,female,2,calm,neutral,1,2,2
24_02_02_01_01,03-01-02-02-01-01-24.wav,24,female,2,calm,neutral,2,1,1
24_02_02_01_02,03-01-02-02-01-02-24.wav,24,female,2,calm,neutral,2,1,2
24_02_02_02_01,03-01-02-02-02-01-24.wav,24,female,2,calm,neutral,2,2,1
24_02_02_02_02,03-01-02-02-02-02-24.wav,24,female,2,calm,neutral,2,2,2
24_03_01_01_01,03-01-03-01-01-01-24.wav,24,female,3,happy,happy,1,1,1
24_03_01_01_02,03-01-03-01-01-02-24.wav,24,female,3,happy,happy,1,1,2
24_03_01_02_01,03-01-03-01-02-01-24.wav,24,female,3,happy,happy,1,2,1
24_03_01_02_02,03-01-03-01-02-02-24.wav,24,female,3,happy,happy,1,2,2
24_03_02_01_01,03-01-03-02-01-01-24.wav,24,female,3,happy,happy,2,1,1
24_03_02_01_02,03-01-03-02-01-02-24.wav,24,female,3,happy,happy,2,1,2
24_03_02_02_01,03-01-03-02-02-01-24.wav,24,female,3,happy,happy,2,2,1
24_03_02_02_02,03-01-03-02-02-02-24.wav,24,female,3,happy,happy,2,2,2
24_04_01_01_01,03-01-04-01-01-01-24.wav,24,female,4,sad,sad,1,1,1
24_04_01_01_02,03-01-04-01-01-02-24.wav,24,female,4,sad,sad,1,1,2
24_04_01_02_01,03-01-04-01-02-01-24.wav,24,female,4,sad,sad,1,2,1
24_04_01_02_02,03-01-04-01-02-02-24.wav,24,female,4,sad,sad,1,2,2
24_04_02_01_01,03-01-04-02-01-01-24.wav,24,female,4,sad,sad,2,1,1
24_04_02_01_02,03-01-04-02-01-02-24.wav,24,female,4,sad,sad,2,1,2
24_04_02_02_01,03-01-04-02-02-01-24.wav,24,female,4,sad,sad,2,2,1
24_04_02_02_02,03-01-04-02-02-02-24.wav,24,female,4,sad,sad,2,2,2
24_05_01_01_01,03-01-05-01-01-01-24.wav,24,female,5,angry,angry,1,1,1
24_05_01_01_02,03-01-05-01-01-02-24.wav,24,female,5,angry,angry,1,1,2
24_05_01_02_01,03-01-05-01-02-01-24.wav,24,female,5,angry,angry,1,2,1
24_05_01_02_02,03-01-05-01-02-02-24.wav,24,female,5,angry,angry,1,2,2
24_05_02_01_01,03-01-05-02-01-01-24.wav,24,female,5,angry,angry,2,1,1
24_05_02_01_02,03-01-05-02-01-02-24.wav,24,female,5,angry,angry,2,1,2
24_05_02_02_01,03-01-05-02-02-01-24.wav,24,female,5,angry,angry,2,2,1
24_05_02_02_02,03-01-05-02-02-02-24.wav,24,female,5,angry,angry,2,2,2
24_06_01_01_01,03-01-06-01-01-01-24.wav,24,female,6,fearful,neutral,1,1,1
24_06_01_01_02,03-01-06-01-01-02-24.wav,24,female,6,fearful,neutral,1,1,2
24_06_01_02_01,03-01-06-01-02-01-24.wav,24,female,6,fearful,neutral,1,2,1
24_06_01_02_02,03-01-06-01-02-02-24.wav,24,female,6,fearful,neutral,1,2,2
24_06_02_01_01,03-01-06-02-01-01-24.wav,24,female,6,fearful,neutral,2,1,1
24_06_02_01_02,03-01-06-02-01-02-24.wav,24,female,6,fearful,neutral,2,1,2
24_06_02_02_01,03-01-06-02-02-01-24.wav,24,female,6,fearful,neutral,2,2,1
24_06_02_02_02,03-01-06-02-02-02-24.wav,24,female,6,fearful,neutral,2,2,2
24_07_01_01_01,03-01-07-01-01-01-24.wav,24,female,7,disgust,neutral,1,1,1
24_07_01_01_02,03-01-07-01-01-02-24.wav,24,female,7,disgust,neutral,1,1,2
24_07_01_02_01,03-01-07-01-02-01-24.wav,24,female,7,disgust,neutral,1,2,1
24_07_01_02_02,03-01-07-01-02-02-24.wav,24,female,7,disgust,neutral,1,2,2
24_07_02_01_01,03-01-07-02-01-01-24.wav,24,female,7,disgust,neutral,2,1,1
24_07_02_01_02,03-01-07-02-01-02-24.wav,24,female,7,disgust,neutral,2,1,2
24_07_02_02_01,03-01-07-02-02-01-24.wav,24,female,7,disgust,neutral,2,2,1
24_07_02_02_02,03-01-07-02-02-02-24.wav,24,female,7,disgust,neutral,2,2,2
24_08_01_01_01,03-01-08-01-01-01-24.wav,24,female,8,surprised,neutral,1,1,1
24_08_01_01_02,03-01-08-01-01-02-24.wav,24,female,8,surprised,neutral,1,1,2
24_08_01_02_01,03-01-08-01-02-01-24.wav,24,female,8,surprised,neutral,1,2,1
24_08_01_02_02,03-01-08-01-02-02-24.wav,24,female,8,surprised,neutral,1,2,2
24_08_02_01_01,03-01-08-02-01-01-24.wav,24,female,8,surprised,neutral,2,1,1
24_08_02_01_02,03-01-08-02-01-02-24.wav,24,female,8,surprised,neutral,2,1,2
24_08_02_02_01,03-01-08-02-02-01-24.wav,24,female,8,surprised,neutral,2,2,1
24_08_02_02_02,03-01-08-02-02-02-24.wav,24,female,8,surprised,neutral,2,2,2
