segment_id,start,end,speaker_id,transcript,incongruence_score,confidence_weight,final_score
0,1.5,4.5,SPEAKER_03,"OK, we're all set.",0.435418,0.6378,0.27771
1,3.0,6.0,SPEAKER_03,we're all set.,0.311822,0.4559,0.14216
2,4.5,7.5,SPEAKER_03,"Right. Well, this",0.251735,0.5312,0.133722
3,6.0,9.0,SPEAKER_03,"Right. Well, this is the final detailed design",0.0105,0.4779,0.005018
4,7.5,10.5,SPEAKER_03,is the final detailed design meeting.,0.030802,0.6819,0.021004
5,10.5,13.5,SPEAKER_03,We're going to discuss the,0.01279,0.6628,0.008477
6,12.0,15.0,SPEAKER_03,"We're going to discuss the look and feel design, the",0.029465,0.6628,0.01953
7,13.5,16.5,SPEAKER_03,"look and feel design, the user interface design, and we're",0.011379,0.6628,0.007542
8,15.0,18.0,SPEAKER_03,"user interface design, and we're going to evaluate the product.",0.1199,0.6628,0.07947
9,16.5,19.5,SPEAKER_03,going to evaluate the product. And the end,0.029223,0.7574,0.022133
10,18.0,21.0,SPEAKER_03,And the end result of this meeting has,0.091275,0.852,0.077766
11,19.5,22.5,SPEAKER_03,result of this meeting has to be a decision on,0.044272,0.852,0.03772
12,21.0,24.0,SPEAKER_03,to be a decision on the details of this remote,0.084061,0.852,0.07162
13,22.5,25.5,SPEAKER_03,"the details of this remote control, like absolute final decision.",0.47015,0.852,0.400568
14,24.0,27.0,SPEAKER_03,"control, like absolute final decision. And then I'm going to",0.202682,0.8206,0.166321
15,25.5,28.5,SPEAKER_03,And then I'm going to have to specify the,0.103556,0.8206,0.084978
16,27.0,30.0,SPEAKER_03,have to specify the final design in the final,0.156033,0.7893,0.123157
17,28.5,31.5,SPEAKER_03,final design in the final report. So,0.165375,0.7203,0.11912
18,30.0,33.0,SPEAKER_03,report. So just from last,0.014804,0.7203,0.010663
19,31.5,34.5,SPEAKER_03,"just from last time to recap, we",0.007969,0.6513,0.00519
20,33.0,36.0,SPEAKER_03,"time to recap, we said we were going",0.158417,0.6513,0.103177
21,34.5,37.5,SPEAKER_03,said we were going to have a,0.582707,0.6513,0.379517
22,36.0,39.0,SPEAKER_03,to have a snowman-shaped remote control with,0.523106,0.6513,0.340699
23,37.5,40.5,SPEAKER_03,"snowman-shaped remote control with no LCD display,",0.498301,0.6513,0.324544
24,39.0,42.0,SPEAKER_03,"no LCD display, no need for talk",0.255424,0.6513,0.166357
25,40.5,43.5,SPEAKER_03,no need for talk back. It was,0.065818,0.7005,0.046105
26,42.0,45.0,SPEAKER_03,back. It was hopefully going to be,0.024126,0.7005,0.0169
27,43.5,46.5,SPEAKER_03,hopefully going to be kinetic power and battery,0.213357,0.7497,0.159954
28,45.0,48.0,SPEAKER_03,"kinetic power and battery with rubber buttons, maybe",0.016922,0.7497,0.012686
29,46.5,49.5,SPEAKER_03,"with rubber buttons, maybe backlighting the buttons with",0.132546,0.7497,0.09937
30,48.0,51.0,SPEAKER_03,backlighting the buttons with some internal LEDs,0.115975,0.7497,0.086946
31,49.5,52.5,SPEAKER_03,some internal LEDs to shine through the,0.143719,0.7497,0.107746
32,51.0,54.0,SPEAKER_03,to shine through the casing. Hopefully a job,0.013233,0.7998,0.010584
33,52.5,55.5,SPEAKER_03,"casing. Hopefully a job dial, incorporating the",0.015734,0.7998,0.012584
34,54.0,57.0,SPEAKER_03,"dial, incorporating the slogan somewhere as",0.277328,0.8499,0.235701
35,55.5,58.5,SPEAKER_03,slogan somewhere as well.,0.342153,0.7219,0.247
36,57.0,60.0,SPEAKER_03,well. Anything I've,0.134608,0.7219,0.097173
37,58.5,61.5,SPEAKER_03,Anything I've missed?,0.30566,0.594,0.181562
38,61.5,64.5,SPEAKER_03,"So, if you want",0.122863,0.7115,0.087417
39,63.0,66.0,SPEAKER_03,if you want to present,0.062861,0.8291,0.052118
40,64.5,67.5,SPEAKER_03,"to present your prototype,",0.285769,0.8291,0.236931
41,66.0,69.0,SPEAKER_03,"your prototype, go ahead.",0.116995,0.8291,0.097
42,69.0,72.0,SPEAKER_00,"Oh, is it?",0.481,0.5374,0.258489
43,70.5,73.5,SPEAKER_00,is it? Ninja Homer made in Japan.,0.287689,0.5374,0.154604
44,72.0,75.0,SPEAKER_00,Ninja Homer made in Japan.,0.625868,0.6676,0.41783
45,73.5,76.5,SPEAKER_00,There are a few changes we've made.,0.178663,0.6246,0.111593
46,75.0,78.0,SPEAKER_00,There are a few changes we've made. We had a,0.006163,0.622,0.003834
47,76.5,79.5,SPEAKER_00,We had a look at the expense sheet. And,0.017165,0.5517,0.00947
48,78.0,81.0,SPEAKER_00,look at the expense sheet. And it turned out to be quite,0.013089,0.5517,0.007221
49,79.5,82.5,SPEAKER_00,it turned out to be quite a lot expensive to have open,0.08006,0.4842,0.038765
50,81.0,84.0,SPEAKER_00,a lot expensive to have open up and have lots of buttons,0.205641,0.4842,0.099571
51,82.5,85.5,SPEAKER_00,up and have lots of buttons and stuff inside. So,0.006841,0.4894,0.003348
52,84.0,87.0,SPEAKER_00,"and stuff inside. So instead of, this is going to be",0.046789,0.4894,0.022898
53,85.5,88.5,SPEAKER_00,"instead of, this is going to be an LCD screen.",0.028232,0.4947,0.013966
54,87.0,90.0,SPEAKER_00,an LCD screen. Just a,0.010729,0.5234,0.005615
55,88.5,91.5,SPEAKER_00,"Just a very, very basic one, very",0.020504,0.5521,0.01132
56,90.0,93.0,SPEAKER_00,"very, very basic one, very small, with access to the",0.018714,0.5521,0.010332
57,91.5,94.5,SPEAKER_00,"small, with access to the menu through the scroll",0.061841,0.5521,0.034142
58,93.0,96.0,SPEAKER_00,menu through the scroll wheel and confirm.,0.019148,0.5521,0.010572
59,96.0,99.0,SPEAKER_02,It doesn't open up,0.223329,0.7527,0.168099
60,97.5,100.5,SPEAKER_02,open up to the advanced,0.092345,0.7527,0.069508
61,99.0,102.0,SPEAKER_02,"to the advanced functions, so the",0.157261,0.7527,0.11837
62,100.5,103.5,SPEAKER_02,"functions, so the advanced functions",0.481755,0.7527,0.362617
63,102.0,105.0,SPEAKER_02,advanced functions are still hidden,0.139298,0.7527,0.10485
64,103.5,106.5,SPEAKER_02,"are still hidden from you, but",0.34311,0.7527,0.258259
65,105.0,108.0,SPEAKER_02,"from you, but they're hidden",0.370558,0.7527,0.278919
66,106.5,109.5,SPEAKER_02,they're hidden in the sense,0.41389,0.7527,0.311535
67,108.0,111.0,SPEAKER_02,in the sense that they're,0.376021,0.7527,0.283031
68,109.5,112.5,SPEAKER_02,that they're not in use.,0.413113,0.7527,0.31095
69,111.0,114.0,SPEAKER_02,not in use. They're in the,0.178864,0.723,0.129319
70,112.5,115.5,SPEAKER_02,They're in the LCD panel in the,0.18672,0.6933,0.129453
71,118.5,121.5,SPEAKER_02,LCD panel just displays functionally what you're doing.,0.010876,0.6363,0.00692
72,120.0,123.0,SPEAKER_02,functionally what you're doing. If you're using an,0.183131,0.6363,0.116527
73,121.5,124.5,SPEAKER_02,"If you're using an advanced function, like",0.247551,0.6344,0.157046
74,123.0,126.0,SPEAKER_02,"advanced function, like brightness, contrast, whatever,",0.087986,0.6344,0.055819
75,124.5,127.5,SPEAKER_02,"brightness, contrast, whatever, it would just",0.094989,0.6344,0.060261
76,126.0,129.0,SPEAKER_02,"it would just say, it only has",0.051765,0.6344,0.03284
77,127.5,130.5,SPEAKER_02,"say, it only has four columns. It's",0.21579,0.6748,0.145615
78,129.0,132.0,SPEAKER_02,four columns. It's a very simple LCD. Or,0.140077,0.6694,0.093768
79,130.5,133.5,SPEAKER_02,"a very simple LCD. Or as many, the minimum amount we",0.157299,0.6869,0.108049
80,132.0,135.0,SPEAKER_02,"as many, the minimum amount we need that they usually will automatically",0.148797,0.6587,0.098013
81,133.5,136.5,SPEAKER_02,need that they usually will automatically know like this is brightness or,0.020464,0.6587,0.01348
82,135.0,138.0,SPEAKER_02,"know like this is brightness or this is contrast. Okay, it",0.040595,0.7406,0.030064
83,136.5,139.5,SPEAKER_02,"this is contrast. Okay, it might even be one a",0.122993,0.7406,0.091089
84,138.0,141.0,SPEAKER_02,might even be one a bit more complex LCD,0.088092,0.8224,0.072447
85,139.5,142.5,SPEAKER_02,bit more complex LCD panel with pictures like,0.080169,0.8224,0.065931
86,141.0,144.0,SPEAKER_02,panel with pictures like maybe the Sun or,0.036966,0.8224,0.030401
87,142.5,145.5,SPEAKER_02,maybe the Sun or you know the symbols of,0.029393,0.8224,0.024173
88,144.0,147.0,SPEAKER_02,you know the symbols of the various And what,0.285146,0.8224,0.234504
89,145.5,148.5,SPEAKER_02,the various And what is this here?,0.506413,0.8224,0.416474
90,150.0,153.0,SPEAKER_03,so the number pad is Where are we gonna have the slogan?,0.384225,0.5575,0.214205
91,156.0,159.0,SPEAKER_02,cool. You have,0.132667,0.7166,0.095069
92,157.5,160.5,SPEAKER_02,You have this space here and then you have this,0.155523,0.7166,0.111448
93,159.0,162.0,SPEAKER_02,this space here and then you have this thing on the side as well or,0.444452,0.8191,0.364051
94,160.5,163.5,SPEAKER_02,thing on the side as well or at the bottom of,0.548202,0.8191,0.449032
95,162.0,165.0,SPEAKER_02,at the bottom of The slogans are usually,0.422077,0.6996,0.295285
96,163.5,166.5,SPEAKER_02,"The slogans are usually quite small, right? They're not,",0.053319,0.7165,0.038203
97,165.0,168.0,SPEAKER_02,"quite small, right? They're not, like, huge. So",0.20762,0.7612,0.15804
98,166.5,169.5,SPEAKER_02,"like, huge. So there's... Say",0.35945,0.8518,0.306179
99,168.0,171.0,SPEAKER_02,there's... Say a button's about,0.23219,0.8506,0.197501
100,169.5,172.5,SPEAKER_02,"a button's about this size,",0.107049,0.8506,0.091056
101,171.0,174.0,SPEAKER_02,"this size, right? So",0.040441,0.8098,0.032749
102,172.5,175.5,SPEAKER_02,right? So you would still have plenty of space,0.037838,0.8098,0.030641
103,177.0,180.0,SPEAKER_03,"this isn't to scale, what kind of dimensions",0.02537,0.8267,0.020973
104,178.5,181.5,SPEAKER_03,what kind of dimensions are you thinking about,0.031516,0.8267,0.026055
105,183.0,186.0,SPEAKER_00,I want the buttons to be big enough to push easily with a finger.,0.025205,0.591,0.014896
106,184.5,187.5,SPEAKER_00,enough to push easily with a finger. So we reckon that,0.026516,0.5872,0.01557
107,186.0,189.0,SPEAKER_00,So we reckon that would be about the same,0.027668,0.5872,0.016247
108,187.5,190.5,SPEAKER_00,would be about the same size as the Pamir,0.009642,0.5834,0.005625
109,192.0,195.0,SPEAKER_02,"a centimeter for a button. So one, two, three.",0.018837,0.781,0.014712
110,193.5,196.5,SPEAKER_02,"So one, two, three.",0.025324,0.7672,0.019429
111,198.0,201.0,SPEAKER_02,centimeters plus maybe,0.115417,0.6767,0.078102
112,199.5,202.5,SPEAKER_02,"plus maybe half,",0.082692,0.6767,0.055958
113,201.0,204.0,SPEAKER_02,"half, five, six,",0.124439,0.6767,0.084208
114,202.5,205.5,SPEAKER_02,"five, six, seven, eight.",0.032721,0.6767,0.022142
115,207.0,210.0,SPEAKER_03,That would be good.,0.003917,0.5896,0.002309
116,208.5,211.5,SPEAKER_03,good. So 10,0.20915,0.6929,0.14492
117,210.0,213.0,SPEAKER_03,So 10 centimeters in,0.04465,0.73,0.032594
118,211.5,214.5,SPEAKER_03,"centimeters in height,",0.083941,0.73,0.061277
119,216.0,219.0,SPEAKER_01,"fact, a pen is about 10 centimetres, usually. So that",0.06122,0.7595,0.046496
120,217.5,220.5,SPEAKER_01,"centimetres, usually. So that would be... That sounds like a really",0.172887,0.7595,0.131308
121,226.5,229.5,SPEAKER_01,it possible... I'm just going to bring up,0.484761,0.6118,0.296577
122,228.0,231.0,SPEAKER_01,I'm just going to bring up the idea of colours. Are,0.160373,0.6738,0.108059
123,229.5,232.5,SPEAKER_01,the idea of colours. Are these the colours of production?,0.103633,0.6738,0.069828
124,231.0,234.0,SPEAKER_01,these the colours of production? Is this just what we had,0.110753,0.7057,0.078158
125,235.5,238.5,SPEAKER_00,again the sort of foggy yellow from the last time that,0.229408,0.463,0.106216
126,237.0,240.0,SPEAKER_00,yellow from the last time that they're up when you beat the,0.107586,0.463,0.049813
127,241.5,244.5,SPEAKER_03,just list all the things that it does.,0.140935,0.7789,0.109774
128,243.0,246.0,SPEAKER_03,that it does. So I can write them in,0.046034,0.7735,0.035607
129,244.5,247.5,SPEAKER_03,So I can write them in the report.,0.07424,0.7681,0.057024
130,247.5,250.5,SPEAKER_00,"This button, because it's",0.007335,0.5896,0.004325
131,249.0,252.0,SPEAKER_00,"This button, because it's red, it's very problem.",0.171269,0.5896,0.10098
132,250.5,253.5,SPEAKER_00,"red, it's very problem. We're going to use it as a",0.295699,0.5015,0.148293
133,252.0,255.0,SPEAKER_00,We're going to use it as a power button if you hold it for,0.022797,0.4134,0.009424
134,253.5,256.5,SPEAKER_00,power button if you hold it for maybe two seconds.,0.010734,0.4936,0.005298
135,255.0,258.0,SPEAKER_00,maybe two seconds. I'll send that by signal.,0.004127,0.4936,0.002037
136,256.5,259.5,SPEAKER_00,I'll send that by signal. Apart from,0.015261,0.5435,0.008294
137,258.0,261.0,SPEAKER_00,"Apart from that, it's going to be used as",0.008845,0.5132,0.004539
138,259.5,262.5,SPEAKER_00,"that, it's going to be used as a confirm button for the LCD screen.",0.011818,0.5132,0.006065
139,261.0,264.0,SPEAKER_00,a confirm button for the LCD screen. And you use this as a jog,0.012551,0.5263,0.006605
140,268.5,271.5,SPEAKER_02,"we've discussed how high it is, but",0.678288,0.8015,0.543648
141,270.0,273.0,SPEAKER_02,"it is, but how wide is it?",0.738682,0.8015,0.592054
142,271.5,274.5,SPEAKER_02,"how wide is it? Okay. How high is it? No, as",0.678111,0.5706,0.38693
143,273.0,276.0,SPEAKER_02,"Okay. How high is it? No, as in the height. Yeah.",0.519212,0.508,0.263759
144,274.5,277.5,SPEAKER_02,in the height. Yeah. But what about the width?,0.145123,0.5122,0.074332
145,276.0,279.0,SPEAKER_02,"But what about the width? Oh, the depth of the...",0.315022,0.6263,0.197298
146,277.5,280.5,SPEAKER_02,"Oh, the depth of the... Do we need five? I don't think",0.388466,0.4165,0.161796
147,279.0,282.0,SPEAKER_02,Do we need five? I don't think five is. We're about,0.05246,0.4433,0.023255
148,280.5,283.5,SPEAKER_02,five is. We're about three and a,0.049689,0.4213,0.020934
149,285.0,288.0,SPEAKER_03,this to get an idea of scale from your... Sure.,0.501361,0.6298,0.315757
150,286.5,289.5,SPEAKER_03,"of scale from your... Sure. ...from anything there? Okay. So,",0.492508,0.5809,0.286098
151,288.0,291.0,SPEAKER_03,"...from anything there? Okay. So, you can par on and off. What",0.117033,0.6145,0.071917
152,300.0,303.0,SPEAKER_00,We're going to have the volume control here.,0.01655,0.4919,0.008141
153,301.5,304.5,SPEAKER_00,to have the volume control here. But because we've got the,0.073576,0.5398,0.039716
154,303.0,306.0,SPEAKER_00,"But because we've got the LCD and the jog dial, we just",0.015257,0.5877,0.008966
155,304.5,307.5,SPEAKER_00,"LCD and the jog dial, we just thought we'd use that as the volume.",0.017275,0.5877,0.010153
156,310.5,313.5,SPEAKER_03,And what else do you do with the jog dial?,0.341563,0.5575,0.190421
157,313.5,316.5,SPEAKER_00,You can use it for more advanced,0.00434,0.7461,0.003238
158,315.0,318.0,SPEAKER_00,"use it for more advanced functions like contrast, color.",0.040177,0.7461,0.029976
159,325.5,328.5,SPEAKER_00,whatever else we wanted to include as the advanced functions.,0.014328,0.5853,0.008386
160,327.0,330.0,SPEAKER_00,the advanced functions. We didn't actually go through and specify,0.079652,0.4218,0.033597
161,330.0,333.0,SPEAKER_03,"Well, as the designers, what are they?",0.259394,0.7581,0.196647
162,333.0,336.0,SPEAKER_02,What can a TV do?,0.647724,0.7006,0.453796
163,334.5,337.5,SPEAKER_02,"OK, things like",0.104585,0.8408,0.087935
164,336.0,339.0,SPEAKER_02,"OK, things like brightness, contrast.",0.069026,0.8408,0.058037
165,337.5,340.5,SPEAKER_02,"brightness, contrast. Maybe tuning",0.056671,0.8317,0.047133
166,339.0,342.0,SPEAKER_02,Maybe tuning the channels.,0.30155,0.8225,0.248024
167,345.0,348.0,SPEAKER_02,"What else? The various inputs. Are you having a VCR? Are you having,",0.185477,0.5538,0.102717
168,346.5,349.5,SPEAKER_02,"Are you having a VCR? Are you having, you know, which input do you have?",0.533339,0.4889,0.260749
169,351.0,354.0,SPEAKER_02,"color sharpness. Yeah,",0.100626,0.6606,0.066473
170,352.5,355.5,SPEAKER_02,"Yeah, color sharpness.",0.069232,0.679,0.047008
171,354.0,357.0,SPEAKER_02,color sharpness. A lot of these things,0.044843,0.7045,0.031592
172,355.5,358.5,SPEAKER_02,A lot of these things will have to be free and,0.017998,0.7299,0.013137
173,357.0,360.0,SPEAKER_02,will have to be free and open for users to define them.,0.148757,0.7299,0.108578
174,360.0,363.0,SPEAKER_03,"Okay, what about sound settings?",0.023217,0.6202,0.014399
175,361.5,364.5,SPEAKER_03,sound settings? Can you change any,0.015202,0.6445,0.009797
176,363.0,366.0,SPEAKER_03,Can you change any of those at all?,0.139796,0.6689,0.09351
177,366.0,369.0,SPEAKER_02,"We have like your basic, your bass, your mid",0.103928,0.7317,0.076044
178,367.5,370.5,SPEAKER_02,"basic, your bass, your mid range, your high range.",0.115383,0.7317,0.084426
179,369.0,372.0,SPEAKER_02,"range, your high range. Maybe",0.447952,0.647,0.289825
180,379.5,382.5,SPEAKER_02,The user could determine a series,0.054701,0.7198,0.039374
181,381.0,384.0,SPEAKER_02,user could determine a series of sound modes and then what,0.01291,0.7198,0.009293
182,382.5,385.5,SPEAKER_02,of sound modes and then what could happen would be when,0.115824,0.7198,0.08337
183,384.0,387.0,SPEAKER_02,could happen would be when you click on that and,0.016101,0.7198,0.01159
184,385.5,388.5,SPEAKER_02,you click on that and go to that setting.,0.114981,0.7198,0.082763
185,387.0,390.0,SPEAKER_02,go to that setting.,0.401686,0.7198,0.289133
186,388.5,391.5,SPEAKER_03,Is there anything else that,0.045671,0.6143,0.028056
187,390.0,393.0,SPEAKER_03,Is there anything else that Hort can do?,0.252514,0.6143,0.15512
188,391.5,394.5,SPEAKER_03,"Hort can do? That's fine, just need",0.122423,0.6897,0.084435
189,393.0,396.0,SPEAKER_03,"That's fine, just need to know so I can write",0.027499,0.7651,0.021039
190,394.5,397.5,SPEAKER_03,to know so I can write it down.,0.041456,0.7651,0.031718
191,399.0,402.0,SPEAKER_03,"Right, I guess that's it.",0.101295,0.8394,0.085027
192,400.5,403.5,SPEAKER_03,guess that's it. So we,0.040064,0.8157,0.03268
193,402.0,405.0,SPEAKER_03,So we can now,0.099798,0.8157,0.081405
194,403.5,406.5,SPEAKER_03,can now have a little,0.029847,0.7921,0.023642
195,405.0,408.0,SPEAKER_03,have a little look at,0.152488,0.7921,0.120785
196,406.5,409.5,SPEAKER_03,look at the,0.213977,0.819,0.175247
197,408.0,411.0,SPEAKER_03,the excel sheet and,0.016951,0.819,0.013883
198,409.5,412.5,SPEAKER_03,excel sheet and price this thing,0.14923,0.8459,0.126234
199,411.0,414.0,SPEAKER_03,price this thing and see if,0.330059,0.8459,0.279197
200,412.5,415.5,SPEAKER_03,and see if we need to,0.129558,0.8459,0.109593
201,414.0,417.0,SPEAKER_03,we need to rethink anything at all.,0.095571,0.8459,0.080844
202,415.5,418.5,SPEAKER_03,rethink anything at all. So for,0.184085,0.8294,0.15268
203,417.0,420.0,SPEAKER_03,So for this first part,0.020338,0.8294,0.016869
204,418.5,421.5,SPEAKER_03,"this first part here, power wise, have",0.004812,0.8128,0.003912
205,420.0,423.0,SPEAKER_03,"here, power wise, have we got battery?",0.080006,0.8128,0.065029
206,421.5,424.5,SPEAKER_03,we got battery? Do we have kinetic as well?,0.020421,0.728,0.014866
207,426.0,429.0,SPEAKER_03,Okay. Just battery.,0.140359,0.583,0.081829
208,429.0,432.0,SPEAKER_03,And that's because of cost,0.080748,0.6084,0.049127
209,433.5,436.5,SPEAKER_02,What about the electronics here? Advanced chip. We,0.011237,0.4491,0.005047
210,435.0,438.0,SPEAKER_02,"here? Advanced chip. We need an advanced chip, I think. Yep.",0.035858,0.3929,0.014089
211,436.5,439.5,SPEAKER_02,"need an advanced chip, I think. Yep. Let me just confirm",0.120263,0.3466,0.041683
212,438.0,441.0,SPEAKER_02,Let me just confirm that.,0.216947,0.5667,0.122944
213,450.0,453.0,SPEAKER_03,"The case. What does it mean by single and double, do",0.109587,0.735,0.080547
214,457.5,460.5,SPEAKER_03,want double curved? Yep. OK.,0.063251,0.6253,0.039551
215,463.5,466.5,SPEAKER_03,Is there any rubber at all in the buttons?,0.013036,0.8662,0.011292
216,465.0,468.0,SPEAKER_03,any rubber at all in the buttons? I think we're going to,0.010063,0.6031,0.006069
217,466.5,469.5,SPEAKER_03,I think we're going to have to skip the rubber.,0.032093,0.3401,0.010915
218,468.0,471.0,SPEAKER_03,have to skip the rubber. OK. And we want it special,0.021976,0.5117,0.011245
219,469.5,472.5,SPEAKER_03,"OK. And we want it special colors, don't we? Yeah. So I'll have",0.078725,0.3916,0.030829
220,471.0,474.0,SPEAKER_03,"colors, don't we? Yeah. So I'll have to pop that. Oh, no, wait.",0.096053,0.4094,0.039324
221,472.5,475.5,SPEAKER_03,"to pop that. Oh, no, wait. How many colors have we got there?",0.090205,0.542,0.048891
222,475.5,478.5,SPEAKER_02,"For the case itself, one color.",0.049589,0.8662,0.042954
223,477.0,480.0,SPEAKER_02,"itself, one color. It's one special color. Just one",0.255474,0.7726,0.197379
224,478.5,481.5,SPEAKER_02,"It's one special color. Just one color, OK. Because the case unit itself",0.255259,0.7025,0.17932
225,480.0,483.0,SPEAKER_02,"color, OK. Because the case unit itself the rest of it. OK.",0.381448,0.5222,0.199192
226,483.0,486.0,SPEAKER_03,"So interface-wise, is it the third option we have?",0.04721,0.7439,0.035119
227,490.5,493.5,SPEAKER_03,And then buttons.,0.099661,0.816,0.081323
228,493.5,496.5,SPEAKER_02,"How many? We have, what? Two",0.124304,0.6056,0.075279
229,495.0,498.0,SPEAKER_02,"have, what? Two colors?",0.137156,0.6326,0.086765
230,496.5,499.5,SPEAKER_02,colors? We've got push buttons,0.237999,0.6432,0.153081
231,498.0,501.0,SPEAKER_02,We've got push buttons as well.,0.176823,0.6432,0.113733
232,502.5,505.5,SPEAKER_03,"Oh wait, so push button and",0.015652,0.6631,0.010379
233,507.0,510.0,SPEAKER_00,"button for this thing, because it's just one big sheet of rubber.",0.034235,0.5349,0.018312
234,508.5,511.5,SPEAKER_00,big sheet of rubber. Not sure,0.039719,0.6377,0.025329
235,513.0,516.0,SPEAKER_02,"OK, let's just be safe and put, like say, four buttons for that one.",0.133767,0.789,0.105543
236,517.5,520.5,SPEAKER_02,OK. And maybe a special color for,0.311437,0.7816,0.243419
237,519.0,522.0,SPEAKER_02,"a special color for the month, so maybe",0.052757,0.7816,0.041235
238,520.5,523.5,SPEAKER_02,"the month, so maybe four again.",0.286924,0.7816,0.224259
239,525.0,528.0,SPEAKER_03,are we arriving at the number four? Where does the,0.088544,0.7399,0.065514
240,529.5,532.5,SPEAKER_02,"one button, but it's the complexity of 12 buttons.",0.356937,0.7995,0.285371
241,538.5,541.5,SPEAKER_03,Are we wanting them in?,0.098346,0.7748,0.076199
242,540.0,543.0,SPEAKER_03,we wanting them in? No. No?,0.086318,0.8249,0.071203
243,541.5,544.5,SPEAKER_03,No. No? Is everything going to be,0.163301,0.7518,0.122769
244,543.0,546.0,SPEAKER_03,Is everything going to be plastic? Okay.,0.109648,0.6018,0.065986
245,544.5,547.5,SPEAKER_03,plastic? Okay. So we're,0.013713,0.6018,0.008252
246,546.0,549.0,SPEAKER_03,So we're quite far,0.137568,0.7612,0.104716
247,547.5,550.5,SPEAKER_03,quite far over. Something's going to have to,0.18715,0.7542,0.141149
248,549.0,552.0,SPEAKER_03,over. Something's going to have to go. We're at,0.386802,0.7479,0.289289
249,553.5,556.5,SPEAKER_01,are we going to achieve,0.042175,0.8084,0.034094
250,555.0,558.0,SPEAKER_01,going to achieve this high-end,0.044146,0.8084,0.035688
251,556.5,559.5,SPEAKER_01,this high-end product?,0.098476,0.8084,0.079608
252,559.5,562.5,SPEAKER_03,"Well, something has to go to the tune of",0.067215,0.7463,0.050163
253,561.0,564.0,SPEAKER_03,go to the tune of 2.3 euro. So,0.057709,0.7682,0.044332
254,562.5,565.5,SPEAKER_03,2.3 euro. So let me,0.019731,0.7682,0.015158
255,564.0,567.0,SPEAKER_03,"let me see, what",0.170326,0.7901,0.134575
256,565.5,568.5,SPEAKER_03,"see, what are we? 2.3,",0.40117,0.743,0.298069
257,567.0,570.0,SPEAKER_03,"are we? 2.3, 4.3, yeah.",0.368333,0.743,0.273671
258,568.5,571.5,SPEAKER_03,"4.3, yeah. Oh, yeah,",0.383289,0.765,0.293216
259,570.0,573.0,SPEAKER_03,"Oh, yeah, sorry, 4.3. My mask is",0.589805,0.6889,0.406317
260,574.5,577.5,SPEAKER_00,"take it at once by making it single curve, just fill in those bits.",0.036015,0.5669,0.020417
261,580.5,583.5,SPEAKER_02,us? How much would that save us? That would only save you one. One. The other,0.175567,0.592,0.103936
262,582.0,585.0,SPEAKER_02,only save you one. One. The other thing could be that,0.046278,0.6128,0.028359
263,583.5,586.5,SPEAKER_02,thing could be that you could take away the,0.016588,0.868,0.014398
264,585.0,588.0,SPEAKER_02,you could take away the LCD panel and advance,0.08136,0.868,0.070621
265,586.5,589.5,SPEAKER_02,"LCD panel and advance trip together, because when you",0.385244,0.868,0.334392
266,588.0,591.0,SPEAKER_02,"trip together, because when you",0.392636,0.8368,0.328558
267,589.5,592.5,SPEAKER_02,do something on the TV. The,0.419761,0.8201,0.344246
268,591.0,594.0,SPEAKER_02,do something on the TV. The TV responds and reacts as well.,0.038595,0.8201,0.031651
269,592.5,595.5,SPEAKER_02,TV responds and reacts as well. So the user could,0.067285,0.6753,0.045438
270,594.0,597.0,SPEAKER_02,So the user could be looking at the TV and pushing his,0.040507,0.5159,0.020898
271,595.5,598.5,SPEAKER_02,be looking at the TV and pushing his thing. So we may not need,0.034987,0.6277,0.021961
272,597.0,600.0,SPEAKER_02,thing. So we may not need to. So when,0.078386,0.6479,0.050787
273,598.5,601.5,SPEAKER_02,"to. So when we scroll, we need just some",0.124131,0.7139,0.088617
274,600.0,603.0,SPEAKER_02,"we scroll, we need just some way to get the TV to",0.294141,0.6882,0.202428
275,601.5,604.5,SPEAKER_02,"way to get the TV to respond, which I think is a",0.106224,0.6882,0.073103
276,606.0,609.0,SPEAKER_03,what's our reviewed suggestion? Take,0.045906,0.8243,0.03784
277,607.5,610.5,SPEAKER_03,Take away the LC,0.338884,0.8243,0.279342
278,609.0,612.0,SPEAKER_03,away the LC display.,0.102229,0.8978,0.091781
279,615.0,618.0,SPEAKER_03,To be replaced with a regular,0.362159,0.8967,0.324748
280,616.5,619.5,SPEAKER_03,with a regular chip.,0.151706,0.8967,0.136035
281,624.0,627.0,SPEAKER_03,so we've got 0.3 to get rid of.,0.049461,0.7869,0.038921
282,625.5,628.5,SPEAKER_03,rid of. And where are the,0.121612,0.7869,0.095697
283,627.0,630.0,SPEAKER_03,And where are the four push buttons,0.03776,0.7235,0.02732
284,628.5,631.5,SPEAKER_03,four push buttons are where exactly now?,0.020992,0.7235,0.015188
285,643.5,646.5,SPEAKER_02,"you can't actually cut, it's like three times the",0.111338,0.7051,0.078505
286,645.0,648.0,SPEAKER_02,"like three times the number of buttons, 4,",0.875276,0.7051,0.617157
287,646.5,649.5,SPEAKER_02,"number of buttons, 4, 8, 12.",0.65571,0.7051,0.462341
288,649.5,652.5,SPEAKER_03,Is that one big button or is it 12 buttons?,0.019665,0.8241,0.016206
289,651.0,654.0,SPEAKER_03,or is it 12 buttons? How can it be something,0.019558,0.7844,0.015341
290,655.5,658.5,SPEAKER_02,more than one big button because if you open up,0.27325,0.6521,0.178187
291,657.0,660.0,SPEAKER_02,"because if you open up your phone underneath, there's actually",0.027185,0.6521,0.017727
292,658.5,661.5,SPEAKER_02,"your phone underneath, there's actually one button underneath. It's just",0.004939,0.6962,0.003439
293,660.0,663.0,SPEAKER_02,one button underneath. It's just that the panel itself is a,0.090337,0.6962,0.062893
294,664.5,667.5,SPEAKER_03,we have 0.3 to get rid of somewhere.,0.102249,0.8218,0.084028
295,667.5,670.5,SPEAKER_02,Just report that it has to be over budget.,0.683866,0.6956,0.475697
296,669.0,672.0,SPEAKER_02,has to be over budget. Or the,0.76555,0.7471,0.571943
297,670.5,673.5,SPEAKER_02,Or the colors. You could take away,0.228145,0.7234,0.16504
298,672.0,675.0,SPEAKER_02,colors. You could take away colors for the buttons.,0.205251,0.7107,0.145872
299,673.5,676.5,SPEAKER_02,"colors for the buttons. Yeah, we could just go with",0.410105,0.6666,0.273376
300,675.0,678.0,SPEAKER_02,"Yeah, we could just go with normal color buttons.",0.325683,0.6851,0.223125
301,676.5,679.5,SPEAKER_02,normal color buttons.,0.199739,0.6851,0.136841
302,678.0,681.0,SPEAKER_03,"Well, do you want color",0.03425,0.7753,0.026554
303,682.5,685.5,SPEAKER_02,the button we're talking about. The buttons only refer to,0.007661,0.6763,0.005181
304,687.0,690.0,SPEAKER_03,"Right, so. Take that",0.425187,0.5586,0.237509
305,688.5,691.5,SPEAKER_03,Take that off.,0.367105,0.2117,0.077716
306,691.5,694.5,SPEAKER_02,It's back to the original.,0.738073,0.4592,0.338923
307,693.0,696.0,SPEAKER_02,the original. So then these just,0.66874,0.5924,0.396162
308,694.5,697.5,SPEAKER_02,So then these just become normal collect funds.,0.486774,0.7256,0.353203
309,696.0,699.0,SPEAKER_02,become normal collect funds. So that might be some,0.067966,0.7727,0.052518
310,697.5,700.5,SPEAKER_02,So that might be some way of cutting the cost.,0.116412,0.8198,0.095435
311,700.5,703.5,SPEAKER_03,"OK. Oh, that's",0.255617,0.6792,0.173615
312,702.0,705.0,SPEAKER_03,"Oh, that's a shame.",0.2823,0.6792,0.191738
313,703.5,706.5,SPEAKER_03,a shame. Right.,0.122652,0.7341,0.090039
314,705.0,708.0,SPEAKER_03,Right. So take away,0.366104,0.7612,0.278678
315,706.5,709.5,SPEAKER_03,So take away that completely. And now,0.107722,0.668,0.071958
316,708.0,711.0,SPEAKER_03,that completely. And now we're under,0.096834,0.668,0.064685
317,709.5,712.5,SPEAKER_03,we're under budget. So we,0.436634,0.6472,0.282589
318,711.0,714.0,SPEAKER_03,budget. So we do have 0.5 euro to play,0.071664,0.6472,0.046381
319,712.5,715.5,SPEAKER_03,"do have 0.5 euro to play with, if we wanted.",0.014226,0.6918,0.009842
320,715.5,718.5,SPEAKER_01,How about with embossing the logo? Isn't that going,0.087752,0.7232,0.063462
321,717.0,720.0,SPEAKER_01,embossing the logo? Isn't that going to cost us some money?,0.163896,0.6815,0.111695
322,718.5,721.5,SPEAKER_01,to cost us some money? That's,0.148142,0.636,0.094218
323,729.0,732.0,SPEAKER_03,Does that mean that one,0.027512,0.8818,0.024261
324,730.5,733.5,SPEAKER_03,Does that mean that one button has a special form?,0.010321,0.8818,0.009101
325,733.5,736.5,SPEAKER_00,I think there's just one button. Yeah.,0.037822,0.5589,0.021139
326,736.5,739.5,SPEAKER_03,"OK. Well, there we go. So I'm just",0.224736,0.6011,0.135089
327,738.0,741.0,SPEAKER_03,we go. So I'm just going to have to redraw this,0.203127,0.6011,0.1221
328,739.5,742.5,SPEAKER_03,going to have to redraw this now. So we're not going to have,0.078316,0.5825,0.045619
329,741.0,744.0,SPEAKER_03,now. So we're not going to have the LCD anymore. We're just,0.068256,0.6042,0.04124
330,742.5,745.5,SPEAKER_03,the LCD anymore. We're just going to have an on the,0.031192,0.637,0.019869
331,744.0,747.0,SPEAKER_03,"going to have an on the TV. It'll show you what you're doing,",0.023339,0.6671,0.015569
332,745.5,748.5,SPEAKER_03,"TV. It'll show you what you're doing, which I think is fair enough.",0.483243,0.6671,0.322372
333,747.0,750.0,SPEAKER_03,which I think is fair enough. And so,0.107445,0.5705,0.061297
334,748.5,751.5,SPEAKER_03,And so this is going,0.144234,0.4546,0.065569
335,750.0,753.0,SPEAKER_03,this is going to be,0.628509,0.4546,0.28572
336,751.5,754.5,SPEAKER_03,to be one big thing,0.137111,0.4546,0.062331
337,756.0,759.0,SPEAKER_01,the goal in your prototype design that it,0.153471,0.7968,0.122286
338,757.5,760.5,SPEAKER_01,prototype design that it be as low profile,0.028315,0.7968,0.022562
339,759.0,762.0,SPEAKER_01,be as low profile as possible?,0.02963,0.7968,0.02361
340,760.5,763.5,SPEAKER_01,as possible? What do you mean by profile?,0.434488,0.6522,0.283373
341,762.0,765.0,SPEAKER_01,What do you mean by profile? Sort of flat as possible.,0.786265,0.7251,0.570121
342,766.5,769.5,SPEAKER_00,"ambush here has been quite deep, sort of. Yeah. Deep",0.017351,0.5334,0.009255
343,768.0,771.0,SPEAKER_00,"deep, sort of. Yeah. Deep enough to be comfy to hold your hands",0.007404,0.5334,0.003949
344,772.5,775.5,SPEAKER_02,"We didn't have enough play dough to make it. Yeah, all",0.8923,0.3574,0.318908
345,774.0,777.0,SPEAKER_02,"Yeah, all right. OK, just thought of it.",0.852716,0.3373,0.287621
346,775.5,778.5,SPEAKER_02,"right. OK, just thought of it. So there's",0.496135,0.4059,0.201381
347,777.0,780.0,SPEAKER_02,So there's one more dimension to the thing,0.054902,0.7641,0.041951
348,778.5,781.5,SPEAKER_02,one more dimension to the thing which we need to add in.,0.104575,0.7641,0.079906
349,780.0,783.0,SPEAKER_02,which we need to add in. You might want to add in a,0.017909,0.6811,0.012198
350,784.5,787.5,SPEAKER_03,okay. So just to well to be,0.395158,0.6654,0.262938
351,786.0,789.0,SPEAKER_03,"just to well to be thorough then, width wise we're",0.017325,0.7669,0.013287
352,787.5,790.5,SPEAKER_03,"thorough then, width wise we're looking at about what,",0.049032,0.7669,0.037602
353,789.0,792.0,SPEAKER_03,"looking at about what, three centimeters or something?",0.025514,0.7669,0.019567
354,790.5,793.5,SPEAKER_03,three centimeters or something? Yeah. Okay.,0.073602,0.6693,0.049262
355,792.0,795.0,SPEAKER_03,Yeah. Okay. And then,0.136536,0.6938,0.094729
356,793.5,796.5,SPEAKER_03,And then so height wise.,0.048404,0.7962,0.038539
357,795.0,798.0,SPEAKER_03,so height wise.,0.04866,0.8404,0.040894
358,799.5,802.5,SPEAKER_03,How tall do,0.016453,0.619,0.010184
359,801.0,804.0,SPEAKER_03,How tall do you envisage being?,0.019622,0.792,0.01554
360,802.5,805.5,SPEAKER_03,you envisage being? About that? About two,0.014628,0.7778,0.011378
361,804.0,807.0,SPEAKER_03,"About that? About two centimeters, okay.",0.034999,0.8573,0.030005
362,808.5,811.5,SPEAKER_02,This is about two.,0.044103,0.7473,0.032958
363,820.5,823.5,SPEAKER_03,Okay. So we have it within,0.037737,0.7976,0.030099
364,822.0,825.0,SPEAKER_03,So we have it within cost anyway. So,0.069198,0.852,0.058957
365,823.5,826.5,SPEAKER_03,"cost anyway. So yeah, project evaluation",0.267398,0.852,0.227823
366,825.0,828.0,SPEAKER_03,"yeah, project evaluation is this",0.04061,0.8057,0.03272
367,826.5,829.5,SPEAKER_03,is this point.,0.107486,0.8057,0.086602
368,835.5,838.5,SPEAKER_03,"Okay, so can we close that?",0.231392,0.741,0.171461
369,837.0,840.0,SPEAKER_03,so can we close that? This is what the final,0.156507,0.7514,0.1176
370,838.5,841.5,SPEAKER_03,This is what the final spec is gonna be.,0.063142,0.7514,0.047445
371,840.0,843.0,SPEAKER_03,spec is gonna be. So I'm just gonna,0.207186,0.6394,0.132475
372,841.5,844.5,SPEAKER_03,"So I'm just gonna have to, yeah, that's",0.478314,0.517,0.247288
373,843.0,846.0,SPEAKER_03,"have to, yeah, that's fine, that's fine.",0.578629,0.517,0.299151
374,846.0,849.0,SPEAKER_01,"It's probably just, I don't know if it's worth getting",0.204745,0.7218,0.147785
375,847.5,850.5,SPEAKER_01,"don't know if it's worth getting into, but just in that",0.336628,0.7218,0.242978
376,849.0,852.0,SPEAKER_01,"into, but just in that we want this to be stylish,",0.046968,0.7218,0.033901
377,850.5,853.5,SPEAKER_01,"we want this to be stylish, should we think a little bit",0.090977,0.7218,0.065667
378,852.0,855.0,SPEAKER_01,should we think a little bit more out of the box in,0.061351,0.7218,0.044283
379,853.5,856.5,SPEAKER_01,more out of the box in terms of a button grid?,0.198934,0.7218,0.143591
380,855.0,858.0,SPEAKER_01,terms of a button grid? Because I've seen there's,0.257813,0.7835,0.201996
381,856.5,859.5,SPEAKER_01,Because I've seen there's lots of devices out there,0.191909,0.8452,0.162201
382,858.0,861.0,SPEAKER_01,lots of devices out there that instead of taking your,0.017833,0.8452,0.015072
383,859.5,862.5,SPEAKER_01,"that instead of taking your standard nine square grid,",0.02307,0.8452,0.019499
384,861.0,864.0,SPEAKER_01,"standard nine square grid, and they have it sort",0.150733,0.8452,0.1274
385,862.5,865.5,SPEAKER_01,and they have it sort of stylized or in a,0.024285,0.8452,0.020526
386,867.0,870.0,SPEAKER_02,something that's very hard to catch. So you,0.177658,0.7703,0.13685
387,868.5,871.5,SPEAKER_02,catch. So you restrict the number of people who,0.097284,0.7703,0.074938
388,870.0,873.0,SPEAKER_02,restrict the number of people who want to try something.,0.199746,0.6565,0.131133
389,871.5,874.5,SPEAKER_02,want to try something. The look and the color,0.075128,0.7466,0.056091
390,873.0,876.0,SPEAKER_02,The look and the color is something which is cool.,0.039357,0.8366,0.032926
391,874.5,877.5,SPEAKER_02,is something which is cool. I think that there's also,0.23057,0.7845,0.180882
392,876.0,879.0,SPEAKER_02,I think that there's also that factor of if it's too,0.699399,0.7324,0.51224
393,877.5,880.5,SPEAKER_02,that factor of if it's too unfamiliar.,0.322465,0.7324,0.236174
394,879.0,882.0,SPEAKER_02,unfamiliar. Because when you put,0.094881,0.658,0.062432
395,880.5,883.5,SPEAKER_02,"Because when you put it on the shelf, square buttons.",0.141697,0.6957,0.098579
396,882.0,885.0,SPEAKER_02,"it on the shelf, square buttons. Yeah, button shape might",0.090859,0.6957,0.06321
397,883.5,886.5,SPEAKER_02,"Yeah, button shape might be a good idea",0.181468,0.8079,0.146608
398,885.0,888.0,SPEAKER_02,be a good idea to change rather than,0.42954,0.8079,0.347025
399,886.5,889.5,SPEAKER_02,to change rather than positioning. Because I,0.089052,0.6772,0.060306
400,888.0,891.0,SPEAKER_02,positioning. Because I think positioning is kind,0.028608,0.6772,0.019373
401,889.5,892.5,SPEAKER_02,think positioning is kind of ingrained into,0.370659,0.5465,0.202565
402,891.0,894.0,SPEAKER_02,of ingrained into the telephone kind of.,0.862276,0.5465,0.471234
403,895.5,898.5,SPEAKER_03,right. So at this,0.064681,0.7392,0.047812
404,897.0,900.0,SPEAKER_03,"at this point, we",0.037369,0.7434,0.02778
405,898.5,901.5,SPEAKER_03,"point, we discuss how",0.356747,0.7434,0.265206
406,900.0,903.0,SPEAKER_03,discuss how satisfied we,0.491444,0.7434,0.365339
407,901.5,904.5,SPEAKER_03,satisfied we all are with,0.032769,0.7434,0.024361
408,903.0,906.0,SPEAKER_03,all are with these four,0.426977,0.7434,0.317415
409,904.5,907.5,SPEAKER_03,these four points with,0.248509,0.7434,0.184742
410,906.0,909.0,SPEAKER_03,points with the room,0.521306,0.7434,0.387539
411,907.5,910.5,SPEAKER_03,the room for creativity,0.195912,0.7434,0.145641
412,909.0,912.0,SPEAKER_03,for creativity in the project,0.155303,0.7434,0.115452
413,910.5,913.5,SPEAKER_03,in the project and leadership,0.181078,0.7434,0.134613
414,912.0,915.0,SPEAKER_03,and leadership and teamwork,0.439905,0.7434,0.327026
415,913.5,916.5,SPEAKER_03,and teamwork and the,0.555341,0.7434,0.41284
416,915.0,918.0,SPEAKER_03,and the stuff we,0.03073,0.7434,0.022845
417,916.5,919.5,SPEAKER_03,"stuff we had around us,",0.191824,0.7434,0.142602
418,918.0,921.0,SPEAKER_03,"had around us, I guess.",0.511195,0.7434,0.380022
419,919.5,922.5,SPEAKER_03,I guess. Let me see.,0.482962,0.5405,0.261041
420,922.5,925.5,SPEAKER_01,Do you want,0.080696,0.7498,0.060506
421,924.0,927.0,SPEAKER_01,you want me to,0.136292,0.7498,0.102191
422,925.5,928.5,SPEAKER_01,me to do my,0.134627,0.7498,0.100943
423,927.0,930.0,SPEAKER_01,do my design evaluation,0.048197,0.7498,0.036138
424,928.5,931.5,SPEAKER_01,design evaluation last?,0.089817,0.7498,0.067345
425,934.5,937.5,SPEAKER_03,for that first.,0.27566,0.6652,0.183369
426,936.0,939.0,SPEAKER_03,that first. I wasn't entirely sure,0.106618,0.6572,0.070069
427,937.5,940.5,SPEAKER_03,I wasn't entirely sure what he was supposed to,0.033109,0.6572,0.021759
428,939.0,942.0,SPEAKER_03,"what he was supposed to be doing that, but you go",0.264846,0.6492,0.171938
429,943.5,946.5,SPEAKER_01,"so the way this works, I'm going to need to plug into PowerPoint.",0.007362,0.5986,0.004407
430,945.0,948.0,SPEAKER_01,to need to plug into PowerPoint. I'll try and,0.018259,0.6149,0.011228
431,946.5,949.5,SPEAKER_01,I'll try and do it as quick,0.078909,0.6311,0.049799
432,948.0,951.0,SPEAKER_01,do it as quick as possible.,0.581236,0.6311,0.366818
433,949.5,952.5,SPEAKER_01,as possible. I'll just go over your head,0.209305,0.6462,0.135253
434,951.0,954.0,SPEAKER_01,I'll just go over your head if that's okay.,0.535138,0.6612,0.353833
435,954.0,957.0,SPEAKER_02,I don't think you need the power. What's,0.462129,0.7242,0.334674
436,955.5,958.5,SPEAKER_02,"you need the power. What's that? No, it's",0.905195,0.6614,0.598696
437,957.0,960.0,SPEAKER_02,"that? No, it's okay. I don't need the power",0.607266,0.5782,0.351121
438,958.5,961.5,SPEAKER_02,"okay. I don't need the power point? No, the power cord",0.20769,0.6504,0.135081
439,960.0,963.0,SPEAKER_02,"point? No, the power cord itself. Oh, of course. So",0.106774,0.533,0.056911
440,961.5,964.5,SPEAKER_02,"itself. Oh, of course. So you have a bit",0.227891,0.5188,0.11823
441,963.0,966.0,SPEAKER_02,you have a bit more freedom. A bit more.,0.049441,0.5026,0.024849
442,964.5,967.5,SPEAKER_02,more freedom. A bit more.,0.156828,0.5026,0.078822
443,970.5,973.5,SPEAKER_01,Okay. So what this,0.181932,0.5799,0.105502
444,972.0,975.0,SPEAKER_01,So what this is for us to,0.114947,0.6768,0.077796
445,973.5,976.5,SPEAKER_01,is for us to use kind of,0.171782,0.6768,0.116262
446,975.0,978.0,SPEAKER_01,use kind of like a,0.215468,0.6768,0.145829
447,978.0,981.0,SPEAKER_01,I've reviewed all,0.304168,0.8474,0.257752
448,979.5,982.5,SPEAKER_01,I've reviewed all of the points,0.387682,0.8474,0.328522
449,981.0,984.0,SPEAKER_01,of the points of discussion,0.122548,0.8474,0.103847
450,982.5,985.5,SPEAKER_01,of discussion from the beginning,0.198679,0.8474,0.168361
451,984.0,987.0,SPEAKER_01,from the beginning and used that,0.173215,0.8474,0.146783
452,985.5,988.5,SPEAKER_01,and used that as a criteria,0.227814,0.8474,0.19305
453,987.0,990.0,SPEAKER_01,as a criteria of evaluation for,0.135581,0.8474,0.114892
454,988.5,991.5,SPEAKER_01,of evaluation for the current design,0.263369,0.8474,0.223179
455,990.0,993.0,SPEAKER_01,the current design or the plan,0.066848,0.8474,0.056647
456,991.5,994.5,SPEAKER_01,or the plan so we can,0.117457,0.8474,0.099533
457,993.0,996.0,SPEAKER_01,so we can review that.,0.250579,0.8474,0.21234
458,994.5,997.5,SPEAKER_01,review that. I think it's,0.063988,0.6557,0.041957
459,996.0,999.0,SPEAKER_01,I think it's going to end up being,0.021067,0.464,0.009775
460,997.5,1000.5,SPEAKER_01,going to end up being sort of elementary because we're,0.134089,0.464,0.062217
461,999.0,1002.0,SPEAKER_01,sort of elementary because we're not going to probably use,0.084076,0.464,0.039011
462,1000.5,1003.5,SPEAKER_01,not going to probably use it to change anything.,0.25921,0.464,0.120274
463,1002.0,1005.0,SPEAKER_01,it to change anything.,0.300421,0.464,0.139395
464,1005.0,1008.0,SPEAKER_01,I'm going to write up,0.485909,0.7474,0.363168
465,1006.5,1009.5,SPEAKER_01,to write up our results on,0.039346,0.7474,0.029407
466,1008.0,1011.0,SPEAKER_01,our results on the board so,0.23737,0.7474,0.17741
467,1009.5,1012.5,SPEAKER_01,the board so this will be a,0.113652,0.7474,0.084943
468,1011.0,1014.0,SPEAKER_01,this will be a way for us,0.102835,0.7474,0.076859
469,1012.5,1015.5,SPEAKER_01,way for us to go through,0.06748,0.7474,0.050435
470,1014.0,1017.0,SPEAKER_01,to go through and decide if,0.073082,0.7474,0.054622
471,1015.5,1018.5,SPEAKER_01,and decide if we review where,0.319899,0.7474,0.239092
472,1017.0,1020.0,SPEAKER_01,we review where we stand with,0.130519,0.7474,0.09755
473,1018.5,1021.5,SPEAKER_01,we stand with it.,0.456025,0.7474,0.340833
474,1020.0,1023.0,SPEAKER_01,it. sort of bringing,0.108014,0.7559,0.081648
475,1021.5,1024.5,SPEAKER_01,"sort of bringing together two things, sort of",0.028302,0.7645,0.021637
476,1023.0,1026.0,SPEAKER_01,"together two things, sort of design goals and also the market",0.079121,0.7645,0.060488
477,1024.5,1027.5,SPEAKER_01,design goals and also the market research that we had.,0.18826,0.7645,0.143925
478,1026.0,1029.0,SPEAKER_01,"research that we had. When we rate this,",0.152972,0.7669,0.117314
479,1027.5,1030.5,SPEAKER_01,"When we rate this, one is high in succeeding",0.015731,0.7693,0.012102
480,1029.0,1032.0,SPEAKER_01,one is high in succeeding or fitting to our original,0.149461,0.7693,0.11498
481,1030.5,1033.5,SPEAKER_01,or fitting to our original aim and seven is low.,0.031164,0.7693,0.023974
482,1032.0,1035.0,SPEAKER_01,aim and seven is low. Okay. Okay.,0.22496,0.6254,0.14069
483,1033.5,1036.5,SPEAKER_01,"Okay. Okay. So these are,",0.338396,0.6748,0.228349
484,1035.0,1038.0,SPEAKER_01,"So these are, and we've been",0.811843,0.823,0.668147
485,1036.5,1039.5,SPEAKER_01,and we've been asked to collectively,0.511916,0.823,0.421307
486,1038.0,1041.0,SPEAKER_01,asked to collectively rate this. So what,0.284159,0.7752,0.22028
487,1039.5,1042.5,SPEAKER_01,rate this. So what we can do is,0.092187,0.7752,0.071463
488,1041.0,1044.0,SPEAKER_01,we can do is try and just work on,0.010232,0.7273,0.007441
489,1042.5,1045.5,SPEAKER_01,try and just work on a consensus system.,0.153145,0.7468,0.114369
490,1044.0,1047.0,SPEAKER_01,a consensus system. We just come to an agreement.,0.776527,0.7817,0.607011
491,1045.5,1048.5,SPEAKER_01,We just come to an agreement. OK. OK. So,0.371792,0.8213,0.305353
492,1047.0,1050.0,SPEAKER_01,"OK. OK. So the first one,",0.290791,0.8488,0.246824
493,1048.5,1051.5,SPEAKER_01,"the first one, stylish look and feel.",0.292581,0.8461,0.247553
494,1050.0,1053.0,SPEAKER_01,stylish look and feel. I,0.013949,0.8208,0.011449
495,1054.5,1057.5,SPEAKER_03,"mean, compared to most remote controls, you say that's pretty good.",0.289483,0.5558,0.160895
496,1056.0,1059.0,SPEAKER_03,"you say that's pretty good. I don't know, like a six or",0.004378,0.6076,0.00266
497,1060.5,1063.5,SPEAKER_01,does anybody else think? Yeah. My only reservation was that we basically went,0.117767,0.5907,0.069565
498,1062.0,1065.0,SPEAKER_01,reservation was that we basically went with yellow because it's the company's,0.288899,0.7701,0.222481
499,1063.5,1066.5,SPEAKER_01,with yellow because it's the company's color. And I don't know if yellow,0.636896,0.6683,0.425638
500,1065.0,1068.0,SPEAKER_01,color. And I don't know if yellow is going to really be a hit.,0.439738,0.6683,0.293877
501,1066.5,1069.5,SPEAKER_01,is going to really be a hit.,0.365442,0.5664,0.206986
502,1074.0,1077.0,SPEAKER_03,I would say five or six. Okay.,0.072804,0.8197,0.059677
503,1086.0,1089.0,SPEAKER_02,"or three. Wait, what's the",0.165559,0.7643,0.126537
504,1087.5,1090.5,SPEAKER_02,"Wait, what's the scale? One is seven.",0.074537,0.7201,0.053674
505,1089.0,1092.0,SPEAKER_02,scale? One is seven. One is high.,0.23267,0.7465,0.173688
506,1092.0,1095.0,SPEAKER_00,"Okay, yeah, two or three.",0.509246,0.4412,0.224679
507,1101.0,1104.0,SPEAKER_01,Control high tech innovation.,0.114114,0.6965,0.079481
508,1104.0,1107.0,SPEAKER_01,So we've had,0.281049,0.795,0.223434
509,1105.5,1108.5,SPEAKER_01,So we've had to remove a few of our,0.049802,0.795,0.039592
510,1107.0,1110.0,SPEAKER_01,"to remove a few of our features we wanted, but jog dial.",0.173636,0.795,0.138041
511,1110.0,1113.0,SPEAKER_02,I'd say it's,0.247978,0.6231,0.154515
512,1111.5,1114.5,SPEAKER_02,say it's more medium but,0.467559,0.6231,0.291336
513,1113.0,1116.0,SPEAKER_02,more medium but going towards,0.768248,0.6231,0.478695
514,1114.5,1117.5,SPEAKER_02,but going towards a little,0.483063,0.6231,0.300997
515,1116.0,1119.0,SPEAKER_02,a little bit higher than,0.336477,0.6231,0.209659
516,1117.5,1120.5,SPEAKER_02,bit higher than medium.,0.82813,0.6231,0.516008
517,1122.0,1125.0,SPEAKER_01,The style reflects a,0.097915,0.5919,0.057956
518,1123.5,1126.5,SPEAKER_01,reflects a fruit-inspired color design.,0.249341,0.5227,0.130331
519,1125.0,1128.0,SPEAKER_01,fruit-inspired color design. I shouldn't have said,0.192828,0.5227,0.100791
520,1129.5,1132.5,SPEAKER_02,colors don't actually represent the color except,0.191727,0.8263,0.158424
521,1131.0,1134.0,SPEAKER_02,represent the color except for the red,0.181401,0.8263,0.149892
522,1132.5,1135.5,SPEAKER_02,for the red button. But,0.457389,0.6982,0.319349
523,1134.0,1137.0,SPEAKER_02,"button. But the yellow, I mean it could",0.260717,0.6982,0.182033
524,1135.5,1138.5,SPEAKER_02,"the yellow, I mean it could be a yellow color. The yellow",0.406741,0.6809,0.27695
525,1137.0,1140.0,SPEAKER_02,"be a yellow color. The yellow is more representative of the color, but",0.537894,0.6809,0.366252
526,1138.5,1141.5,SPEAKER_02,"is more representative of the color, but the button itself, the blue, can",0.274914,0.7919,0.217704
527,1140.0,1143.0,SPEAKER_02,"the button itself, the blue, can be anything else. Okay, so",0.678223,0.7801,0.529082
528,1141.5,1144.5,SPEAKER_02,"be anything else. Okay, so two.",0.508324,0.7801,0.396544
529,1146.0,1149.0,SPEAKER_01,And design is simple,0.327751,0.7659,0.251025
530,1147.5,1150.5,SPEAKER_01,"design is simple to use, simple",0.060799,0.7659,0.046566
531,1152.0,1155.0,SPEAKER_03,"Well, yeah, it's really basic looking, isn't it? I mean, I'd give",0.040324,0.5928,0.023904
532,1156.5,1159.5,SPEAKER_01,"guys think? Yeah, one. Yeah, one. That's",0.21427,0.6446,0.138119
533,1158.0,1161.0,SPEAKER_01,"Yeah, one. Yeah, one. That's fine.",0.214835,0.6728,0.144541
534,1162.5,1165.5,SPEAKER_01,Soft and spongy. We've achieved,0.003492,0.638,0.002228
535,1164.0,1167.0,SPEAKER_01,Soft and spongy. We've achieved that. We've used mostly plastic,0.025036,0.6991,0.017503
536,1165.5,1168.5,SPEAKER_01,that. We've used mostly plastic in the end. So it's,0.039699,0.6551,0.026007
537,1167.0,1170.0,SPEAKER_01,in the end. So it's going to be quite a bit,0.125341,0.7762,0.09729
538,1168.5,1171.5,SPEAKER_01,going to be quite a bit of a compromise for price.,0.182996,0.7312,0.133807
539,1170.0,1173.0,SPEAKER_01,of a compromise for price. Five?,0.248898,0.8061,0.200637
540,1173.0,1176.0,SPEAKER_03,That's really low.,0.352159,0.6837,0.240771
541,1183.5,1186.5,SPEAKER_01,entirely rubber frame to it? Is that an,0.265683,0.5927,0.15747
542,1185.0,1188.0,SPEAKER_01,Is that an option? It'll be,0.523739,0.5558,0.291094
543,1186.5,1189.5,SPEAKER_01,option? It'll be cost more,0.325654,0.5731,0.186632
544,1188.0,1191.0,SPEAKER_01,"cost more than plastic. Logo,",0.164606,0.6181,0.101743
545,1189.5,1192.5,SPEAKER_01,"than plastic. Logo, we've got it in there, haven't we?",0.47758,0.6181,0.295192
546,1192.5,1195.5,SPEAKER_03,"Yep. Going to have that on the side,",0.148001,0.6023,0.089141
547,1194.0,1197.0,SPEAKER_03,"Going to have that on the side, aren't we?",0.17384,0.4597,0.079914
548,1197.0,1200.0,SPEAKER_01,And it's within,0.515708,0.6315,0.32567
549,1198.5,1201.5,SPEAKER_01,And it's within budget. Yep.,0.113732,0.6282,0.071447
550,1200.0,1203.0,SPEAKER_01,"budget. Yep. It is, isn't it? Yeah.",0.295611,0.595,0.175889
551,1201.5,1204.5,SPEAKER_01,"It is, isn't it? Yeah. OK, so we",0.177845,0.5753,0.102314
552,1203.0,1206.0,SPEAKER_01,"OK, so we can say then",0.341248,0.5526,0.188574
553,1204.5,1207.5,SPEAKER_01,can say then that out of a,0.364362,0.5526,0.201346
554,1206.0,1209.0,SPEAKER_01,that out of a possible or what be,0.272848,0.5526,0.150776
555,1207.5,1210.5,SPEAKER_01,"possible or what be our goal here,",0.614543,0.5526,0.339596
556,1213.5,1216.5,SPEAKER_01,with zero being highest.,0.265764,0.7961,0.211574
557,1216.5,1219.5,SPEAKER_01,We are at,0.433136,0.6764,0.292973
558,1218.0,1221.0,SPEAKER_01,"We are at two, seven,",0.097326,0.6764,0.065832
559,1219.5,1222.5,SPEAKER_01,"two, seven, eight, 10,",0.083484,0.6764,0.056469
560,1221.0,1224.0,SPEAKER_01,"eight, 10, 15.5. It's",0.006117,0.6183,0.003782
561,1222.5,1225.5,SPEAKER_01,15.5. It's pretty,0.284265,0.6183,0.175761
562,1225.5,1228.5,SPEAKER_01,good. It's pretty good.,0.129633,0.5658,0.073346
563,1227.0,1230.0,SPEAKER_01,It's pretty good.,0.160396,0.5658,0.090752
564,1230.0,1233.0,SPEAKER_01,Translate to something,0.292963,0.813,0.238179
565,1231.5,1234.5,SPEAKER_01,to something like about,0.545507,0.813,0.443497
566,1233.0,1236.0,SPEAKER_01,like about approximately 72%,0.112042,0.813,0.09109
567,1234.5,1237.5,SPEAKER_01,approximately 72% efficacy of,0.102345,0.813,0.083206
568,1236.0,1239.0,SPEAKER_01,efficacy of our original,0.167492,0.813,0.136171
569,1237.5,1240.5,SPEAKER_01,our original goal.,0.268368,0.813,0.218183
570,1242.0,1245.0,SPEAKER_01,"I think, because if",0.517885,0.7878,0.40799
571,1243.5,1246.5,SPEAKER_01,"think, because if you turn that",0.33109,0.7878,0.260832
572,1245.0,1248.0,SPEAKER_01,"you turn that into 100, it",0.457251,0.7878,0.360223
573,1246.5,1249.5,SPEAKER_01,"into 100, it would be about...",0.336378,0.7878,0.264999
574,1248.0,1251.0,SPEAKER_01,would be about... Twice that. About,0.039505,0.6591,0.026038
575,1249.5,1252.5,SPEAKER_01,Twice that. About 31.,0.075554,0.6591,0.049797
576,1251.0,1254.0,SPEAKER_01,31. And then invert that.,0.279223,0.7288,0.203498
577,1261.5,1264.5,SPEAKER_01,good. That was just a little formality for us to go,0.065522,0.5735,0.037577
578,1263.0,1266.0,SPEAKER_01,little formality for us to go through.,0.641826,0.7705,0.494527
579,1281.0,1284.0,SPEAKER_01,"did have one other frame. I thought, I",0.10674,0.8615,0.091956
580,1282.5,1285.5,SPEAKER_01,"frame. I thought, I mean, not knowing how we",0.335388,0.8615,0.288937
581,1284.0,1287.0,SPEAKER_01,"mean, not knowing how we would deal with this information,",0.112067,0.8265,0.092623
582,1285.5,1288.5,SPEAKER_01,"would deal with this information, I thought, OK, in theory,",0.148164,0.8265,0.122457
583,1287.0,1290.0,SPEAKER_01,"I thought, OK, in theory, this kind of process would",0.112676,0.8265,0.093127
584,1288.5,1291.5,SPEAKER_01,"this kind of process would be about refining our design,",0.12851,0.8265,0.106214
585,1290.0,1293.0,SPEAKER_01,"be about refining our design, revisiting our original goals.",0.231136,0.8265,0.191034
586,1291.5,1294.5,SPEAKER_01,revisiting our original goals. It's not something I need,0.243674,0.7605,0.185314
587,1293.0,1296.0,SPEAKER_01,"It's not something I need to push through, but I thought,",0.081419,0.6945,0.056545
588,1294.5,1297.5,SPEAKER_01,"to push through, but I thought, should we thinking more about the",0.096284,0.6945,0.066869
589,1296.0,1299.0,SPEAKER_01,should we thinking more about the dimensions?,0.266682,0.6945,0.185211
590,1297.5,1300.5,SPEAKER_01,dimensions? Sort of like more,0.27185,0.7395,0.201033
591,1299.0,1302.0,SPEAKER_01,Sort of like more of a three-dimensional shapes,0.078219,0.7845,0.061363
592,1300.5,1303.5,SPEAKER_01,of a three-dimensional shapes as well as opposed to,0.094911,0.7845,0.074458
593,1302.0,1305.0,SPEAKER_01,as well as opposed to just that flat. Could our design,0.049512,0.7566,0.037461
594,1303.5,1306.5,SPEAKER_01,just that flat. Could our design involve a series of colors that,0.128145,0.7566,0.096955
595,1305.0,1308.0,SPEAKER_01,involve a series of colors that is more of like a line,0.652337,0.7287,0.475358
596,1306.5,1309.5,SPEAKER_01,is more of like a line where we have like sort of,0.619371,0.7287,0.451336
597,1308.0,1311.0,SPEAKER_01,"where we have like sort of the, I don't know, like the",0.107475,0.7287,0.078317
598,1309.5,1312.5,SPEAKER_01,"the, I don't know, like the harvest line or the vibrant, I",0.046134,0.7287,0.033618
599,1311.0,1314.0,SPEAKER_01,"harvest line or the vibrant, I don't know, whatever. Just some",0.569998,0.6986,0.398201
600,1312.5,1315.5,SPEAKER_01,"don't know, whatever. Just some theme and then we have",0.221618,0.6986,0.154822
601,1314.0,1317.0,SPEAKER_01,"theme and then we have different tones, lime, green, lemon.",0.480989,0.6685,0.321541
602,1315.5,1318.5,SPEAKER_01,"different tones, lime, green, lemon. Okay.",0.237783,0.6942,0.165069
603,1317.0,1320.0,SPEAKER_01,"Okay. It's just discussion. I mean, obviously we can just",0.16789,0.6123,0.102799
604,1318.5,1321.5,SPEAKER_01,"It's just discussion. I mean, obviously we can just abandon this and it's fine.",0.118342,0.5353,0.063348
605,1320.0,1323.0,SPEAKER_01,abandon this and it's fine. Just thinking about what we originally set,0.037818,0.5523,0.020887
606,1321.5,1324.5,SPEAKER_01,Just thinking about what we originally set out to do.,0.035908,0.7378,0.026493
607,1323.0,1326.0,SPEAKER_01,out to do. Right.,0.14717,0.5684,0.083651
608,1327.5,1330.5,SPEAKER_03,"Okay, great. Are you",0.185,0.7284,0.134754
609,1329.0,1332.0,SPEAKER_03,Are you submitting the,0.016075,0.7284,0.011709
610,1330.5,1333.5,SPEAKER_03,submitting the The,0.068536,0.634,0.043452
611,1332.0,1335.0,SPEAKER_03,"The evaluation criteria, where",0.051786,0.6113,0.031657
612,1336.5,1339.5,SPEAKER_01,don't know what your instructions have been.,0.299723,0.475,0.142368
613,1338.0,1341.0,SPEAKER_01,your instructions have been. I think they've recorded and,0.059804,0.4545,0.027181
614,1339.5,1342.5,SPEAKER_01,I think they've recorded and I haven't been asked to submit it,0.028087,0.4545,0.012766
615,1344.0,1347.0,SPEAKER_03,Okay. Just wondering if I need to include it,0.29438,0.5688,0.167443
616,1345.5,1348.5,SPEAKER_03,Just wondering if I need to include it in the minutes because if you're submitting it,0.149637,0.4565,0.068309
617,1347.0,1350.0,SPEAKER_03,in the minutes because if you're submitting it anyway. I will. Yeah.,0.318745,0.4749,0.151372
618,1348.5,1351.5,SPEAKER_03,"anyway. I will. Yeah. Okay,",0.128137,0.4749,0.060852
619,1351.5,1354.5,SPEAKER_03,"great. Right. Well,",0.396573,0.6575,0.260747
620,1353.0,1356.0,SPEAKER_03,"Right. Well, next up then,",0.008876,0.804,0.007136
621,1354.5,1357.5,SPEAKER_03,"next up then, because we've done finance",0.009242,0.8571,0.007921
622,1356.0,1359.0,SPEAKER_03,because we've done finance is the project evaluation.,0.052322,0.8571,0.044845
623,1357.5,1360.5,SPEAKER_03,is the project evaluation.,0.13896,0.8571,0.119103
624,1360.5,1363.5,SPEAKER_02,"I'm listening, I'm just trying to incorporate the",0.085736,0.6826,0.058524
625,1362.0,1365.0,SPEAKER_02,"trying to incorporate the logo into the thing, so",0.318517,0.6826,0.21742
626,1363.5,1366.5,SPEAKER_02,"logo into the thing, so I'm playing with the",0.093944,0.6826,0.064126
627,1365.0,1368.0,SPEAKER_02,I'm playing with the Play-Doh as well. Just in,0.097393,0.6851,0.066724
628,1366.5,1369.5,SPEAKER_02,Play-Doh as well. Just in case you're wondering. She's still,0.163987,0.6005,0.098474
629,1368.0,1371.0,SPEAKER_02,case you're wondering. She's still playing with the Play-Doh.,0.371351,0.5595,0.207771
630,1369.5,1372.5,SPEAKER_02,playing with the Play-Doh.,0.071888,0.4313,0.031005
631,1387.5,1390.5,SPEAKER_03,"Right, OK. Well,",0.564182,0.6939,0.391486
632,1389.0,1392.0,SPEAKER_03,"OK. Well, do",0.471516,0.6939,0.327185
633,1390.5,1393.5,SPEAKER_03,do you want,0.750601,0.6939,0.520842
634,1392.0,1395.0,SPEAKER_03,you want to,0.711452,0.6939,0.493677
635,1393.5,1396.5,SPEAKER_03,to just individually,0.44868,0.6939,0.311339
636,1395.0,1398.0,SPEAKER_03,just individually say,0.577779,0.6939,0.400921
637,1396.5,1399.5,SPEAKER_03,say what you,0.578794,0.6939,0.401625
638,1398.0,1401.0,SPEAKER_03,what you think,0.606306,0.6939,0.420716
639,1399.5,1402.5,SPEAKER_03,think about these,0.367966,0.6939,0.255332
640,1401.0,1404.0,SPEAKER_03,about these four,0.037905,0.6939,0.026302
641,1404.0,1407.0,SPEAKER_03,points and not,0.129826,0.6939,0.090086
642,1405.5,1408.5,SPEAKER_03,and not those,0.06937,0.6939,0.048136
643,1407.0,1410.0,SPEAKER_03,"those four points,",0.015198,0.6939,0.010546
644,1408.5,1411.5,SPEAKER_03,"four points, my",0.498407,0.6939,0.345845
645,1410.0,1413.0,SPEAKER_03,"my four points,",0.448189,0.6939,0.310998
646,1411.5,1414.5,SPEAKER_03,"four points, sorry.",0.616505,0.6939,0.427793
647,1438.5,1441.5,SPEAKER_03,"Yeah, it's really quick. Right, OK.",0.119176,0.4537,0.05407
648,1440.0,1443.0,SPEAKER_03,"quick. Right, OK. Yeah, here we are.",0.063216,0.5864,0.03707
649,1441.5,1444.5,SPEAKER_03,"Yeah, here we are. We'll do",0.177806,0.7516,0.133639
650,1443.0,1446.0,SPEAKER_03,We'll do this.,0.881912,0.8517,0.751125
651,1446.0,1449.0,SPEAKER_03,alphabetically and to,0.376793,0.6976,0.262851
652,1453.5,1456.5,SPEAKER_03,I don't know. Your opinion on those four points really,0.379472,0.7523,0.285477
653,1455.0,1458.0,SPEAKER_03,on those four points really and how we use them.,0.451671,0.6562,0.296387
654,1459.5,1462.5,SPEAKER_01,"up. Yeah. Well, okay, I'll just",0.062146,0.5873,0.036498
655,1461.0,1464.0,SPEAKER_01,"Well, okay, I'll just go through your system",0.209247,0.5177,0.108327
656,1462.5,1465.5,SPEAKER_01,go through your system then. The room,0.106496,0.7379,0.078583
657,1464.0,1467.0,SPEAKER_01,then. The room is fairly,0.287928,0.7379,0.212462
658,1465.5,1468.5,SPEAKER_01,"is fairly institutional, but",0.060711,0.8134,0.049382
659,1467.0,1470.0,SPEAKER_01,"institutional, but the main thing",0.133662,0.8134,0.108721
660,1468.5,1471.5,SPEAKER_01,the main thing is I,0.080425,0.8134,0.065418
661,1470.0,1473.0,SPEAKER_01,is I think,0.225373,0.8134,0.183319
662,1471.5,1474.5,SPEAKER_01,think Our use of,0.120865,0.8077,0.097623
663,1473.0,1476.0,SPEAKER_01,Our use of the space is more just,0.111348,0.802,0.089301
664,1474.5,1477.5,SPEAKER_01,the space is more just to report on things,0.04692,0.802,0.03763
665,1476.0,1479.0,SPEAKER_01,to report on things as opposed to be creative,0.365273,0.802,0.292949
666,1477.5,1480.5,SPEAKER_01,as opposed to be creative and constructive and would probably,0.195035,0.802,0.156418
667,1479.0,1482.0,SPEAKER_01,and constructive and would probably help to have sort,0.136771,0.802,0.10969
668,1480.5,1483.5,SPEAKER_01,help to have sort of a cumulative effect of,0.034853,0.802,0.027952
669,1482.0,1485.0,SPEAKER_01,of a cumulative effect of we have ideas and,0.413892,0.802,0.331942
670,1483.5,1486.5,SPEAKER_01,we have ideas and we come back and then,0.418822,0.802,0.335895
671,1485.0,1488.0,SPEAKER_01,we come back and then the ideas are still,0.398132,0.802,0.319302
672,1486.5,1489.5,SPEAKER_01,the ideas are still in discussion. You know,0.535562,0.767,0.410776
673,1488.0,1491.0,SPEAKER_01,in discussion. You know as in other words this room,0.242243,0.767,0.1858
674,1489.5,1492.5,SPEAKER_01,as in other words this room is sort of a center point,0.622329,0.7319,0.455483
675,1491.0,1494.0,SPEAKER_01,is sort of a center point of creativity whereas in reality as,0.192354,0.7319,0.140784
676,1492.5,1495.5,SPEAKER_01,of creativity whereas in reality as we've gone through this it's not,0.108604,0.7319,0.079487
677,1494.0,1497.0,SPEAKER_01,we've gone through this it's not really a center point of creativity,0.382073,0.7319,0.279639
678,1495.5,1498.5,SPEAKER_01,really a center point of creativity it's more just a... Do you,0.560137,0.7319,0.409964
679,1497.0,1500.0,SPEAKER_01,it's more just a... Do you feel that you were able to,0.254806,0.7319,0.186492
680,1498.5,1501.5,SPEAKER_01,feel that you were able to have quite a lot of creative,0.632949,0.7319,0.463256
681,1500.0,1503.0,SPEAKER_01,"have quite a lot of creative input into the... Yeah, yeah, but",0.490666,0.721,0.353771
682,1501.5,1504.5,SPEAKER_01,"input into the... Yeah, yeah, but that's just the thing is the question",0.399302,0.721,0.287897
683,1503.0,1506.0,SPEAKER_01,"that's just the thing is the question in terms of the first point there,",0.159476,0.7101,0.113244
684,1504.5,1507.5,SPEAKER_01,"in terms of the first point there, the room. It feels as",0.052231,0.6837,0.03571
685,1506.0,1509.0,SPEAKER_01,the room. It feels as though the creativity goes on and we leave,0.040247,0.6837,0.027517
686,1507.5,1510.5,SPEAKER_01,though the creativity goes on and we leave and then we come here and then,0.583568,0.6573,0.383579
687,1509.0,1512.0,SPEAKER_01,and then we come here and then we kind of put out our ideas and,0.439852,0.6573,0.289115
688,1516.5,1519.5,SPEAKER_01,"means like, you know... Oh, right, right, all right.",0.543946,0.6287,0.341979
689,1518.0,1521.0,SPEAKER_01,"right, right, all right. All right, I just looked up and",0.373798,0.6287,0.235007
690,1519.5,1522.5,SPEAKER_01,"All right, I just looked up and said, OK, whiteboard, digital pens, the room.",0.442677,0.6133,0.271494
691,1521.0,1524.0,SPEAKER_01,"said, OK, whiteboard, digital pens, the room. Oh, yeah. No, of course, yeah.",0.789766,0.4934,0.389671
692,1525.5,1528.5,SPEAKER_03,means did you feel you were able to give,0.085394,0.5596,0.047787
693,1530.0,1533.0,SPEAKER_01,"OK, answering the question in those terms, I'd",0.208541,0.8175,0.170482
694,1531.5,1534.5,SPEAKER_01,"in those terms, I'd say that actually",0.280746,0.8175,0.22951
695,1533.0,1536.0,SPEAKER_01,say that actually there is sort of,0.202119,0.8175,0.165232
696,1534.5,1537.5,SPEAKER_01,there is sort of a tease of,0.174168,0.8175,0.142382
697,1536.0,1539.0,SPEAKER_01,a tease of creativity because we're asked,0.055861,0.8175,0.045667
698,1537.5,1540.5,SPEAKER_01,"creativity because we're asked to work through this,",0.191709,0.8175,0.156722
699,1539.0,1542.0,SPEAKER_01,"to work through this, but actually the",0.077256,0.8175,0.063157
700,1540.5,1543.5,SPEAKER_01,but actually the guidelines are fairly contrived,0.130954,0.8175,0.107055
701,1542.0,1545.0,SPEAKER_01,guidelines are fairly contrived in terms of,0.111671,0.7454,0.08324
702,1543.5,1546.5,SPEAKER_01,"in terms of Okay, fashion trends, say",0.029807,0.7454,0.022218
703,1545.0,1548.0,SPEAKER_01,"Okay, fashion trends, say fruit and vegetable",0.023196,0.6734,0.01562
704,1546.5,1549.5,SPEAKER_01,"fruit and vegetable color scheme, but then",0.051718,0.6734,0.034827
705,1548.0,1551.0,SPEAKER_01,"color scheme, but then we're told to",0.185995,0.6734,0.125249
706,1549.5,1552.5,SPEAKER_01,we're told to use the company colors.,0.188381,0.6734,0.126855
707,1551.0,1554.0,SPEAKER_01,use the company colors. So what do we do?,0.099733,0.7019,0.070002
708,1552.5,1555.5,SPEAKER_01,So what do we do? We're told to think in,0.067521,0.6979,0.047123
709,1554.0,1557.0,SPEAKER_01,We're told to think in terms of style and look,0.201499,0.6899,0.139014
710,1555.5,1558.5,SPEAKER_01,"terms of style and look and feel and technology, but build",0.042939,0.6899,0.029623
711,1557.0,1560.0,SPEAKER_01,"and feel and technology, but build something for 12 and a",0.230049,0.6899,0.158711
712,1558.5,1561.5,SPEAKER_01,something for 12 and a half pounds. Okay.,0.06019,0.7149,0.04303
713,1560.0,1563.0,SPEAKER_01,half pounds. Okay. So actually the,0.023295,0.7149,0.016654
714,1561.5,1564.5,SPEAKER_01,So actually the creativity was more,0.268074,0.7619,0.204246
715,1563.0,1566.0,SPEAKER_01,creativity was more of like a,0.164459,0.7619,0.125301
716,1564.5,1567.5,SPEAKER_01,of like a sort of a,0.069534,0.7619,0.052978
717,1569.0,1572.0,SPEAKER_02,feel like you're caged within whatever. It's like a,0.467958,0.7077,0.331174
718,1570.5,1573.5,SPEAKER_02,within whatever. It's like a balloon in a cage. It can only go,0.273665,0.7006,0.19173
719,1572.0,1575.0,SPEAKER_02,balloon in a cage. It can only go so big if not hit the site. The,0.214108,0.6679,0.143002
720,1576.5,1579.5,SPEAKER_03,"take each point and everybody discuss it, I think, yeah.",0.21479,0.6237,0.133965
721,1578.0,1581.0,SPEAKER_03,"discuss it, I think, yeah. So still on the topic of",0.067528,0.6951,0.046939
722,1579.5,1582.5,SPEAKER_03,So still on the topic of room for creativity.,0.017745,0.7666,0.013603
723,1581.0,1584.0,SPEAKER_03,room for creativity. Next up is Craig.,0.322061,0.7204,0.232013
724,1582.5,1585.5,SPEAKER_03,Next up is Craig.,0.378665,0.6742,0.255296
725,1585.5,1588.5,SPEAKER_00,I agree with his points. It's quite a lot of,0.009527,0.5476,0.005217
726,1587.0,1590.0,SPEAKER_00,It's quite a lot of fun to go through and then you start,0.568248,0.5083,0.288841
727,1588.5,1591.5,SPEAKER_00,"fun to go through and then you start off at the end and go, right, got",0.025563,0.5083,0.012994
728,1590.0,1593.0,SPEAKER_00,"off at the end and go, right, got everything out because we don't have enough money.",0.380403,0.5083,0.193359
729,1594.5,1597.5,SPEAKER_02,Yeah. I think another point,0.16642,0.7527,0.125264
730,1596.0,1599.0,SPEAKER_02,I think another point is that the meetings,0.081997,0.8134,0.066696
731,1597.5,1600.5,SPEAKER_02,is that the meetings are more brainstorming sessions,0.022229,0.8134,0.018081
732,1599.0,1602.0,SPEAKER_02,are more brainstorming sessions than meetings. So time,0.026977,0.8123,0.021913
733,1600.5,1603.5,SPEAKER_02,than meetings. So time is also a very,0.252065,0.8123,0.204752
734,1602.0,1605.0,SPEAKER_02,is also a very strong factor and structure,0.227632,0.8112,0.184655
735,1603.5,1606.5,SPEAKER_02,"strong factor and structure because for brainstorming meeting, you",0.040118,0.8112,0.032543
736,1605.0,1608.0,SPEAKER_02,"because for brainstorming meeting, you want a structure that",0.112515,0.8112,0.091273
737,1606.5,1609.5,SPEAKER_02,"want a structure that allows you to, allows",0.023962,0.8112,0.019438
738,1608.0,1611.0,SPEAKER_02,"allows you to, allows ideas to get tossed,",0.010783,0.8112,0.008747
739,1609.5,1612.5,SPEAKER_02,"ideas to get tossed, to be evaluated and",0.368065,0.8112,0.298574
740,1611.0,1614.0,SPEAKER_02,to be evaluated and to be reviewed and,0.120721,0.8112,0.097929
741,1612.5,1615.5,SPEAKER_02,to be reviewed and to get feedback and come,0.009892,0.8112,0.008024
742,1614.0,1617.0,SPEAKER_02,to get feedback and come back. And I guess,0.011103,0.8276,0.009189
743,1615.5,1618.5,SPEAKER_02,back. And I guess that point about the room,0.010238,0.8276,0.008473
744,1617.0,1620.0,SPEAKER_02,"that point about the room not being very friendly to that,",0.531916,0.8441,0.44899
745,1618.5,1621.5,SPEAKER_02,"not being very friendly to that, I think that's a very",0.366532,0.8441,0.30939
746,1620.0,1623.0,SPEAKER_02,I think that's a very big thing. And I think the,0.008212,0.838,0.006882
747,1621.5,1624.5,SPEAKER_02,"big thing. And I think the fact that we're wearing these things, I",0.42871,0.8136,0.348799
748,1623.0,1626.0,SPEAKER_02,"fact that we're wearing these things, I feel it, because I",0.066845,0.7984,0.053369
749,1624.5,1627.5,SPEAKER_02,"feel it, because I wear my glasses.",0.275351,0.7648,0.210588
750,1626.0,1629.0,SPEAKER_02,wear my glasses. But that irritates,0.815272,0.8513,0.694041
751,1627.5,1630.5,SPEAKER_02,But that irritates me. It does,0.543169,0.8733,0.47435
752,1629.0,1632.0,SPEAKER_02,me. It does actually affect whether,0.09609,0.8733,0.083915
753,1630.5,1633.5,SPEAKER_02,actually affect whether you feel,0.077346,0.8088,0.062558
754,1632.0,1635.0,SPEAKER_02,you feel comfortable to communicate.,0.765442,0.8088,0.619089
755,1633.5,1636.5,SPEAKER_02,comfortable to communicate. I feel like I'm,0.12394,0.7863,0.097454
756,1635.0,1638.0,SPEAKER_02,"I feel like I'm hiding behind the equipment, rather than",0.376228,0.7863,0.295828
757,1636.5,1639.5,SPEAKER_02,"hiding behind the equipment, rather than the equipment is helping me.",0.215914,0.7637,0.164894
758,1644.0,1647.0,SPEAKER_02,"An atmosphere is very relaxed, but the gear",0.012537,0.7116,0.008921
759,1645.5,1648.5,SPEAKER_02,"relaxed, but the gear creates boundaries to",0.634248,0.7116,0.451331
760,1647.0,1650.0,SPEAKER_02,creates boundaries to that.,0.101205,0.7786,0.078798
761,1648.5,1651.5,SPEAKER_02,that. And the,0.100928,0.7786,0.078583
762,1650.0,1653.0,SPEAKER_02,And the time given also,0.380164,0.8455,0.321429
763,1654.5,1657.5,SPEAKER_03,Very good. What about leadership?,0.012589,0.7216,0.009084
764,1656.0,1659.0,SPEAKER_03,What about leadership?,0.060672,0.8543,0.051832
765,1657.5,1660.5,SPEAKER_03,I don't know if that,0.036331,0.7623,0.027695
766,1659.0,1662.0,SPEAKER_03,"I don't know if that means like, if I did",0.065539,0.6703,0.043931
767,1660.5,1663.5,SPEAKER_03,"means like, if I did a good job or something,",0.057241,0.6703,0.038369
768,1665.0,1668.0,SPEAKER_01,"mean, my sense on that is sort of what kind",0.065903,0.6805,0.044847
769,1666.5,1669.5,SPEAKER_01,is sort of what kind of guidance and direction and,0.11654,0.6805,0.079305
770,1672.5,1675.5,SPEAKER_01,"Yeah, from in you as well, I think, just sort",0.197114,0.4991,0.09838
771,1674.0,1677.0,SPEAKER_01,"as well, I think, just sort of acting as a team leader.",0.496916,0.579,0.287714
772,1675.5,1678.5,SPEAKER_01,of acting as a team leader. My personal views on,0.122829,0.579,0.071118
773,1677.0,1680.0,SPEAKER_01,My personal views on leadership is that,0.263672,0.6588,0.173707
774,1678.5,1681.5,SPEAKER_01,leadership is that effective leadership sort,0.039842,0.6588,0.026248
775,1680.0,1683.0,SPEAKER_01,effective leadership sort of gives people,0.023069,0.6588,0.015198
776,1681.5,1684.5,SPEAKER_01,of gives people a certain room,0.090505,0.6588,0.059625
777,1683.0,1686.0,SPEAKER_01,a certain room for freedom and,0.278048,0.6588,0.183178
778,1684.5,1687.5,SPEAKER_01,"for freedom and delegation, but then",0.427664,0.6588,0.281745
779,1686.0,1689.0,SPEAKER_01,"delegation, but then to come back with",0.089036,0.6588,0.058657
780,1687.5,1690.5,SPEAKER_01,to come back with something that they,0.099271,0.6588,0.0654
781,1689.0,1692.0,SPEAKER_01,something that they take great ownership.,0.103288,0.6588,0.068046
782,1690.5,1693.5,SPEAKER_01,take great ownership. innovative,0.115337,0.5651,0.065177
783,1692.0,1695.0,SPEAKER_01,innovative thought with.,0.108036,0.5651,0.061051
784,1693.5,1696.5,SPEAKER_01,"thought with. In reality, I",0.14079,0.6339,0.089246
785,1695.0,1698.0,SPEAKER_01,"In reality, I think here the different",0.157963,0.7965,0.125818
786,1696.5,1699.5,SPEAKER_01,"think here the different elements of leadership, such",0.198466,0.7965,0.158078
787,1698.0,1701.0,SPEAKER_01,"elements of leadership, such as the original",0.037038,0.7965,0.029501
788,1699.5,1702.5,SPEAKER_01,as the original briefing and then the,0.185047,0.7965,0.14739
789,1701.0,1704.0,SPEAKER_01,briefing and then the personal coach and,0.02936,0.7965,0.023385
790,1702.5,1705.5,SPEAKER_01,personal coach and then having you with,0.100511,0.7965,0.080057
791,1704.0,1707.0,SPEAKER_01,then having you with the meeting agenda,0.071641,0.7965,0.057062
792,1705.5,1708.5,SPEAKER_01,the meeting agenda is actually quite a,0.030405,0.7965,0.024218
793,1707.0,1710.0,SPEAKER_01,is actually quite a confining framework to work,0.061684,0.7965,0.049131
794,1708.5,1711.5,SPEAKER_01,confining framework to work within. And,0.005735,0.7969,0.004571
795,1710.0,1713.0,SPEAKER_01,"within. And so it is leadership,",0.343473,0.7969,0.273714
796,1711.5,1714.5,SPEAKER_01,"so it is leadership, almost at the",0.4697,0.7973,0.374492
797,1713.0,1716.0,SPEAKER_01,almost at the point of sort of,0.154513,0.7973,0.123193
798,1714.5,1717.5,SPEAKER_01,point of sort of disempowering the team,0.158235,0.7973,0.126161
799,1716.0,1719.0,SPEAKER_01,disempowering the team member. but it's not,0.36327,0.7438,0.2702
800,1717.5,1720.5,SPEAKER_01,member. but it's not bad leadership it's,0.250132,0.7438,0.186048
801,1719.0,1722.0,SPEAKER_01,bad leadership it's just sort of,0.213209,0.6902,0.147157
802,1720.5,1723.5,SPEAKER_01,just sort of fairly strong you,0.547077,0.6902,0.377592
803,1722.0,1725.0,SPEAKER_01,fairly strong you know it turns,0.280343,0.6902,0.193493
804,1723.5,1726.5,SPEAKER_01,know it turns it turns the,0.389409,0.6902,0.26877
805,1725.0,1728.0,SPEAKER_01,it turns the individual into more of,0.030802,0.6902,0.02126
806,1726.5,1729.5,SPEAKER_01,individual into more of like a sort,0.110942,0.6902,0.076572
807,1728.0,1731.0,SPEAKER_01,like a sort of a predetermined,0.115325,0.6902,0.079597
808,1729.5,1732.5,SPEAKER_01,of a predetermined mechanism as opposed,0.54913,0.6902,0.379009
809,1731.0,1734.0,SPEAKER_01,mechanism as opposed to it.,0.716812,0.4361,0.312602
810,1735.5,1738.5,SPEAKER_02,controlling is not the right word. I think the interactions are very structured.,0.333523,0.5407,0.180336
811,1737.0,1740.0,SPEAKER_02,think the interactions are very structured. I think structure is,0.132651,0.5756,0.076354
812,1738.5,1741.5,SPEAKER_02,I think structure is probably what you're saying,0.089957,0.5756,0.051779
813,1740.0,1743.0,SPEAKER_02,probably what you're saying that each individual is,0.015975,0.7036,0.01124
814,1741.5,1744.5,SPEAKER_02,that each individual is structured to one particular,0.007032,0.7036,0.004948
815,1743.0,1746.0,SPEAKER_02,structured to one particular task rather than controlling.,0.166284,0.6552,0.108949
816,1744.5,1747.5,SPEAKER_02,task rather than controlling. I don't think there's a sense,0.486136,0.6552,0.318516
817,1746.0,1749.0,SPEAKER_02,I don't think there's a sense of control because decisions have been,0.264443,0.6068,0.160464
818,1747.5,1750.5,SPEAKER_02,"of control because decisions have been made in terms of a consensus,",0.334218,0.6068,0.202804
819,1749.0,1752.0,SPEAKER_02,"made in terms of a consensus, right? We go around and we think",0.145604,0.7584,0.110426
820,1750.5,1753.5,SPEAKER_02,right? We go around and we think about it. But that process actually,0.071463,0.7647,0.054648
821,1752.0,1755.0,SPEAKER_02,about it. But that process actually says you have to,0.021,0.8437,0.017717
822,1753.5,1756.5,SPEAKER_02,says you have to do it in a certain,0.153437,0.7774,0.119282
823,1755.0,1758.0,SPEAKER_02,do it in a certain way. It,0.175172,0.7764,0.136003
824,1756.5,1759.5,SPEAKER_02,way. It doesn't tell you sometimes you might,0.161052,0.7764,0.125041
825,1758.0,1761.0,SPEAKER_02,doesn't tell you sometimes you might want to be a bit more creative,0.184161,0.7755,0.142817
826,1759.5,1762.5,SPEAKER_02,want to be a bit more creative in terms of the,0.385272,0.843,0.324784
827,1761.0,1764.0,SPEAKER_02,in terms of the process.,0.06978,0.843,0.058825
828,1770.0,1773.0,SPEAKER_00,teamwork? That was a bit hard because we,0.049306,0.7949,0.039193
829,1771.5,1774.5,SPEAKER_00,That was a bit hard because we could only discuss things in the meeting.,0.062204,0.7949,0.049446
830,1773.0,1776.0,SPEAKER_00,could only discuss things in the meeting.,0.082049,0.788,0.064655
831,1774.5,1777.5,SPEAKER_00,If we could just go up to somebody outside the,0.092024,0.5599,0.051524
832,1776.0,1779.0,SPEAKER_00,If we could just go up to somebody outside the meeting and have a quick talk with them it would have,0.064002,0.3319,0.021242
833,1777.5,1780.5,SPEAKER_00,meeting and have a quick talk with them it would have been a lot easier.,0.004558,0.3319,0.001513
834,1780.5,1783.5,SPEAKER_02,I think you tried to use,0.050608,0.84,0.04251
835,1782.0,1785.0,SPEAKER_02,you tried to use the common shared folder,0.079754,0.84,0.066994
836,1783.5,1786.5,SPEAKER_02,"the common shared folder to communicate, but",0.328628,0.84,0.276048
837,1785.0,1788.0,SPEAKER_02,"to communicate, but it just comes back",0.027997,0.84,0.023517
838,1786.5,1789.5,SPEAKER_02,it just comes back to us so slow,0.150802,0.84,0.126674
839,1788.0,1791.0,SPEAKER_02,to us so slow in the email.,0.423676,0.84,0.355887
840,1789.5,1792.5,SPEAKER_02,in the email. It,0.151423,0.8408,0.127317
841,1791.0,1794.0,SPEAKER_02,It doesn't have,0.125904,0.8416,0.105961
842,1792.5,1795.5,SPEAKER_02,doesn't have a messenger.,0.382814,0.8416,0.322176
843,1797.0,1800.0,SPEAKER_03,"get the email I sent you? Oh, that's all right. I was wondering if that",0.748851,0.3779,0.282991
844,1798.5,1801.5,SPEAKER_03,"you? Oh, that's all right. I was wondering if that got there. OK. OK.",0.700611,0.4223,0.295868
845,1800.0,1803.0,SPEAKER_03,got there. OK. OK.,0.199071,0.4885,0.097246
846,1801.5,1804.5,SPEAKER_03,So to summarize the,0.059112,0.6416,0.037927
847,1803.0,1806.0,SPEAKER_03,"So to summarize the teamwork issue, saying",0.090328,0.7276,0.065723
848,1804.5,1807.5,SPEAKER_03,"teamwork issue, saying that if we could",0.151437,0.7276,0.110185
849,1806.0,1809.0,SPEAKER_03,"that if we could communicate outside the meeting,",0.099066,0.7276,0.07208
850,1807.5,1810.5,SPEAKER_03,"communicate outside the meeting, just quick questions, quick",0.0187,0.7276,0.013606
851,1809.0,1812.0,SPEAKER_03,"just quick questions, quick thoughts, whatever, it probably",0.019578,0.7276,0.014245
852,1810.5,1813.5,SPEAKER_03,"thoughts, whatever, it probably would be a bit",0.067071,0.7276,0.048801
853,1815.0,1818.0,SPEAKER_02,"that they were given, the tools that they were given to us are",0.007871,0.7983,0.006283
854,1816.5,1819.5,SPEAKER_02,"that they were given to us are fancy, but they don't support collaboration.",0.136944,0.7983,0.109322
855,1818.0,1821.0,SPEAKER_02,"fancy, but they don't support collaboration. I think that's the word. They don't",0.070152,0.6856,0.048096
856,1819.5,1822.5,SPEAKER_02,I think that's the word. They don't support the team working together.,0.27189,0.6292,0.171073
857,1821.0,1824.0,SPEAKER_02,support the team working together. They're still,0.116668,0.7621,0.088913
858,1825.5,1828.5,SPEAKER_01,I mean sort of taking upon that,0.021852,0.7859,0.017173
859,1827.0,1830.0,SPEAKER_01,"of taking upon that idea, the way",0.032021,0.7859,0.025166
860,1828.5,1831.5,SPEAKER_01,"idea, the way I see this is",0.120447,0.7859,0.094659
861,1830.0,1833.0,SPEAKER_01,I see this is that it's the,0.018191,0.7859,0.014296
862,1831.5,1834.5,SPEAKER_01,that it's the structure in which,0.024025,0.7859,0.018881
863,1833.0,1836.0,SPEAKER_01,structure in which we've approached this whole,0.029031,0.7859,0.022815
864,1834.5,1837.5,SPEAKER_01,we've approached this whole task is quite,0.150466,0.7859,0.118252
865,1836.0,1839.0,SPEAKER_01,task is quite contrary to the principle,0.335203,0.7859,0.263436
866,1837.5,1840.5,SPEAKER_01,contrary to the principle of teamwork because,0.364691,0.7859,0.286611
867,1839.0,1842.0,SPEAKER_01,of teamwork because the tasks were sort,0.098985,0.7859,0.077792
868,1840.5,1843.5,SPEAKER_01,the tasks were sort of divided and,0.364561,0.7859,0.286509
869,1842.0,1845.0,SPEAKER_01,of divided and then the work,0.286894,0.7859,0.22547
870,1843.5,1846.5,SPEAKER_01,then the work went on in isolation.,0.402693,0.7859,0.316477
871,1845.0,1848.0,SPEAKER_01,went on in isolation. I don't know what you guys,0.141042,0.6472,0.091283
872,1846.5,1849.5,SPEAKER_01,"I don't know what you guys did while you were together, maybe that",0.029626,0.6472,0.019174
873,1848.0,1851.0,SPEAKER_01,"did while you were together, maybe that was a bit different. but actually",0.046433,0.6391,0.029676
874,1849.5,1852.5,SPEAKER_01,was a bit different. but actually if you imagine the,0.060218,0.6391,0.038485
875,1851.0,1854.0,SPEAKER_01,if you imagine the entire completely same task,0.03272,0.7698,0.025187
876,1852.5,1855.5,SPEAKER_01,entire completely same task given to us but,0.060514,0.7698,0.046584
877,1854.0,1857.0,SPEAKER_01,given to us but us said okay,0.231859,0.7698,0.178485
878,1855.5,1858.5,SPEAKER_01,us said okay first thing we have,0.039299,0.7698,0.030253
879,1857.0,1860.0,SPEAKER_01,first thing we have to do is come,0.015507,0.7698,0.011937
880,1858.5,1861.5,SPEAKER_01,to do is come up with let's say,0.020456,0.7698,0.015747
881,1860.0,1863.0,SPEAKER_01,up with let's say a design concept and,0.174703,0.7698,0.134487
882,1861.5,1864.5,SPEAKER_01,a design concept and we sit here together,0.282249,0.7698,0.217275
883,1863.0,1866.0,SPEAKER_01,we sit here together and do it yeah,0.083392,0.7698,0.064195
884,1864.5,1867.5,SPEAKER_01,and do it yeah well that's what teamwork,0.553047,0.7698,0.425736
885,1866.0,1869.0,SPEAKER_01,well that's what teamwork is just to say,0.196128,0.7698,0.15098
886,1867.5,1870.5,SPEAKER_01,is just to say okay go off and,0.22532,0.7698,0.173451
887,1869.0,1872.0,SPEAKER_01,okay go off and don't talk to each,0.366601,0.7698,0.28221
888,1870.5,1873.5,SPEAKER_01,don't talk to each other it's actually,0.177037,0.7698,0.136283
889,1872.0,1875.0,SPEAKER_01,other it's actually sort of predisposes you,0.145166,0.7698,0.111749
890,1873.5,1876.5,SPEAKER_01,sort of predisposes you to quite the contrary,0.03111,0.7698,0.023948
891,1875.0,1878.0,SPEAKER_01,to quite the contrary of teamwork Not that we haven't,0.115892,0.8018,0.092922
892,1876.5,1879.5,SPEAKER_01,"of teamwork Not that we haven't done, I think, the best we could",0.008367,0.8018,0.006709
893,1878.0,1881.0,SPEAKER_01,"done, I think, the best we could have done. I'm",0.009519,0.7441,0.007083
894,1879.5,1882.5,SPEAKER_01,have done. I'm not dissatisfied with,0.560478,0.7441,0.417052
895,1884.0,1887.0,SPEAKER_03,"Anything else to say on teamwork at all? No,",0.312289,0.4174,0.130349
896,1885.5,1888.5,SPEAKER_03,"at all? No, not really. Okay.",0.215588,0.5729,0.123511
897,1887.0,1890.0,SPEAKER_03,"not really. Okay. What about the, you",0.059757,0.569,0.034002
898,1888.5,1891.5,SPEAKER_03,"What about the, you know, how we use",0.011803,0.7386,0.008718
899,1890.0,1893.0,SPEAKER_03,"know, how we use the whiteboards, the digital",0.15834,0.7386,0.11695
900,1891.5,1894.5,SPEAKER_03,"the whiteboards, the digital pens, the projector, stuff",0.156446,0.7386,0.115551
901,1893.0,1896.0,SPEAKER_03,"pens, the projector, stuff like that?",0.078573,0.7386,0.058034
902,1894.5,1897.5,SPEAKER_03,like that? Did anybody think,0.025952,0.731,0.018971
903,1896.0,1899.0,SPEAKER_03,"Did anybody think anything was, like, really useful,",0.022755,0.7235,0.016463
904,1897.5,1900.5,SPEAKER_03,"anything was, like, really useful, anything was pretty unfavorable?",0.341056,0.7235,0.246754
905,1900.5,1903.5,SPEAKER_01,I think the white board for,0.590264,0.8509,0.502256
906,1902.0,1905.0,SPEAKER_01,I think the white board for me is the kind of,0.150906,0.8509,0.128406
907,1903.5,1906.5,SPEAKER_01,me is the kind of thing I would use all,0.097607,0.8509,0.083054
908,1905.0,1908.0,SPEAKER_01,thing I would use all the time but it's not quite,0.296715,0.8509,0.252475
909,1906.5,1909.5,SPEAKER_01,the time but it's not quite as useful to us as,0.477925,0.8509,0.406666
910,1908.0,1911.0,SPEAKER_01,as useful to us as it could have been maybe,0.027729,0.8509,0.023595
911,1909.5,1912.5,SPEAKER_01,it could have been maybe just in the way that we,0.085905,0.8509,0.073097
912,1911.0,1914.0,SPEAKER_01,just in the way that we use it in the sense,0.107802,0.8509,0.091729
913,1912.5,1915.5,SPEAKER_01,use it in the sense that once we have an,0.285731,0.8509,0.243128
914,1914.0,1917.0,SPEAKER_01,that once we have an idea out there or while work,0.362341,0.8509,0.308316
915,1915.5,1918.5,SPEAKER_01,idea out there or while work was going on in between,0.02346,0.8509,0.019962
916,1917.0,1920.0,SPEAKER_01,was going on in between meetings that could have been,0.023927,0.8274,0.019797
917,1918.5,1921.5,SPEAKER_01,"meetings that could have been up on a board, you",0.151686,0.8274,0.125505
918,1920.0,1923.0,SPEAKER_01,"up on a board, you know, as opposed to in,",0.144539,0.8039,0.116195
919,1921.5,1924.5,SPEAKER_01,"know, as opposed to in, like, in text.",0.290859,0.8039,0.233822
920,1923.0,1926.0,SPEAKER_01,"like, in text. And",0.27687,0.8315,0.230217
921,1924.5,1927.5,SPEAKER_01,And then we could then keep our ideas,0.118418,0.8591,0.101733
922,1926.0,1929.0,SPEAKER_01,then we could then keep our ideas sort of building on that. I,0.056443,0.8022,0.045279
923,1927.5,1930.5,SPEAKER_01,sort of building on that. I know that people who design cars,0.066995,0.8022,0.053744
924,1929.0,1932.0,SPEAKER_01,"know that people who design cars and, you know, in aviation, they",0.042805,0.7454,0.031907
925,1930.5,1933.5,SPEAKER_01,"and, you know, in aviation, they quite often just have a simple,",0.022213,0.7454,0.016558
926,1932.0,1935.0,SPEAKER_01,"quite often just have a simple, like, fiberglass prototype. And",0.008727,0.7192,0.006277
927,1933.5,1936.5,SPEAKER_01,"like, fiberglass prototype. And it's completely, you know, abstract from",0.250656,0.7192,0.180272
928,1935.0,1938.0,SPEAKER_01,"it's completely, you know, abstract from the final product, but they",0.123124,0.693,0.085325
929,1936.5,1939.5,SPEAKER_01,"the final product, but they use it as a kind",0.221439,0.693,0.153457
930,1938.0,1941.0,SPEAKER_01,use it as a kind of a context to sort,0.136211,0.693,0.094394
931,1939.5,1942.5,SPEAKER_01,of a context to sort of walk around and puzzle and,0.26394,0.693,0.182911
932,1941.0,1944.0,SPEAKER_01,of walk around and puzzle and point that point and discuss,0.014184,0.7181,0.010185
933,1942.5,1945.5,SPEAKER_01,point that point and discuss and and and in a way,0.005531,0.7181,0.003972
934,1944.0,1947.0,SPEAKER_01,and and and in a way everybody's as we discuss things,0.020543,0.7433,0.015269
935,1945.5,1948.5,SPEAKER_01,everybody's as we discuss things in theoretically and out of our,0.186033,0.7433,0.138278
936,1947.0,1950.0,SPEAKER_01,in theoretically and out of our notebooks we're just we're actually,0.290086,0.7433,0.215621
937,1948.5,1951.5,SPEAKER_01,notebooks we're just we're actually just each of us discussing something,0.27078,0.7433,0.201271
938,1950.0,1953.0,SPEAKER_01,just each of us discussing something that's in each of our,0.442198,0.7433,0.328686
939,1951.5,1954.5,SPEAKER_01,that's in each of our minds it wasn't until we had,0.074059,0.7433,0.055048
940,1953.0,1956.0,SPEAKER_01,minds it wasn't until we had yeah this year you know,0.086404,0.7433,0.064224
941,1954.5,1957.5,SPEAKER_01,yeah this year you know like at one point I peeked,0.203104,0.7433,0.150967
942,1956.0,1959.0,SPEAKER_01,like at one point I peeked across and looked at Craig's,0.083123,0.7433,0.061785
943,1957.5,1960.5,SPEAKER_01,across and looked at Craig's paper and I'm like now I,0.284519,0.7433,0.211483
944,1959.0,1962.0,SPEAKER_01,paper and I'm like now I know what he's thinking because,0.28886,0.7433,0.21471
945,1960.5,1963.5,SPEAKER_01,know what he's thinking because I saw his book but the,0.168565,0.7433,0.125295
946,1962.0,1965.0,SPEAKER_01,I saw his book but the whiteboard could have actually been,0.099747,0.7433,0.074142
947,1963.5,1966.5,SPEAKER_01,whiteboard could have actually been this kind of continuing so do,0.297616,0.7433,0.221218
948,1965.0,1968.0,SPEAKER_01,this kind of continuing so do you think producing a prototype,0.478049,0.7433,0.355334
949,1966.5,1969.5,SPEAKER_01,you think producing a prototype earlier in the process would have,0.120257,0.7433,0.089387
950,1968.0,1971.0,SPEAKER_01,earlier in the process would have been a good idea,0.078718,0.7433,0.058511
951,1971.0,1974.0,SPEAKER_02,I think the focus of it a lot,0.128778,0.8167,0.105173
952,1972.5,1975.5,SPEAKER_02,of it a lot was the PowerPoint as,0.136535,0.8167,0.111509
953,1974.0,1977.0,SPEAKER_02,was the PowerPoint as opposed to the whiteboard.,0.103217,0.8167,0.084297
954,1975.5,1978.5,SPEAKER_02,opposed to the whiteboard. And I,0.273306,0.7286,0.199131
955,1977.0,1980.0,SPEAKER_02,And I think that that is,0.054034,0.7286,0.039369
956,1978.5,1981.5,SPEAKER_02,think that that is also the hinders,0.163821,0.6405,0.104927
957,1980.0,1983.0,SPEAKER_02,also the hinders and things. I,0.341848,0.7067,0.241584
958,1981.5,1984.5,SPEAKER_02,and things. I think it would be cooler,0.038899,0.7067,0.02749
959,1983.0,1986.0,SPEAKER_02,think it would be cooler to have the whiteboard rather,0.13888,0.7729,0.107341
960,1984.5,1987.5,SPEAKER_02,"to have the whiteboard rather than the PowerPoint, or maybe",0.127444,0.7729,0.098502
961,1986.0,1989.0,SPEAKER_02,"than the PowerPoint, or maybe the whiteboard and the",0.097669,0.7729,0.075488
962,1987.5,1990.5,SPEAKER_02,"the whiteboard and the PowerPoint in the same place,",0.273787,0.7729,0.21161
963,1989.0,1992.0,SPEAKER_02,"PowerPoint in the same place, you know, in the center.",0.254294,0.7729,0.196544
964,1993.5,1996.5,SPEAKER_01,provided to us while we had time to prepare. Whereas I,0.0361,0.7774,0.028064
965,1995.0,1998.0,SPEAKER_01,had time to prepare. Whereas I can imagine if I'd,0.09394,0.7774,0.073029
966,1996.5,1999.5,SPEAKER_01,can imagine if I'd been encouraged to use,0.018809,0.831,0.01563
967,1998.0,2001.0,SPEAKER_01,"been encouraged to use paintbrush, for example, or",0.025173,0.831,0.020919
968,1999.5,2002.5,SPEAKER_01,"paintbrush, for example, or whatever, I would have actually",0.079344,0.831,0.065935
969,2001.0,2004.0,SPEAKER_01,"whatever, I would have actually used it.",0.068764,0.831,0.057143
970,2004.0,2007.0,SPEAKER_01,Just because that's sort of,0.352862,0.7751,0.273503
971,2005.5,2008.5,SPEAKER_01,Just because that's sort of what we were set up to use,0.146298,0.7751,0.113396
972,2011.5,2014.5,SPEAKER_02,were too many PowerPoints in the meetings.,0.029229,0.3773,0.011028
973,2013.0,2016.0,SPEAKER_02,"the meetings. The plug-in and the plug-in spent, we spent",0.264568,0.5533,0.146386
974,2014.5,2017.5,SPEAKER_02,"The plug-in and the plug-in spent, we spent a lot of time doing that. And a",0.095819,0.7224,0.06922
975,2016.0,2019.0,SPEAKER_02,a lot of time doing that. And a lot of information on the PowerPoints.,0.417768,0.7224,0.301795
976,2017.5,2020.5,SPEAKER_02,"lot of information on the PowerPoints. I don't think, you",0.12809,0.7145,0.09152
977,2019.0,2022.0,SPEAKER_02,"I don't think, you know, we needed it to actually, we",0.042574,0.7133,0.030368
978,2020.5,2023.5,SPEAKER_02,"know, we needed it to actually, we could have gone through them very",0.441191,0.7133,0.314701
979,2022.0,2025.0,SPEAKER_02,"could have gone through them very verbally, especially my slides, I felt",0.589659,0.7133,0.420604
980,2023.5,2026.5,SPEAKER_02,"verbally, especially my slides, I felt that. OK. You know, as",0.049082,0.6406,0.031442
981,2025.0,2028.0,SPEAKER_02,"that. OK. You know, as opposed to having to present",0.333204,0.6406,0.21345
982,2029.5,2032.5,SPEAKER_03,pens? Did you find them easy enough,0.044881,0.7777,0.034904
983,2031.0,2034.0,SPEAKER_03,them easy enough to use?,0.182312,0.8375,0.152686
984,2034.0,2037.0,SPEAKER_02,"I think clunky. Yep, clunky.",0.743763,0.5869,0.436515
985,2035.5,2038.5,SPEAKER_02,"Yep, clunky. Agreed.",0.728324,0.8458,0.616016
986,2041.5,2044.5,SPEAKER_02,Having to take it before,0.349263,0.7158,0.250002
987,2043.0,2046.0,SPEAKER_02,Having to take it before you go off was a bit hindering as,0.11297,0.7158,0.080864
988,2044.5,2047.5,SPEAKER_02,you go off was a bit hindering as well because you're halfway through a thought and then,0.163893,0.7158,0.117314
989,2046.0,2049.0,SPEAKER_02,well because you're halfway through a thought and then you run out of paper and then you,0.033941,0.7158,0.024295
990,2050.5,2053.5,SPEAKER_03,"the very start of today, I wrote a whole load",0.15458,0.6861,0.106058
991,2052.0,2055.0,SPEAKER_03,"I wrote a whole load of stuff, didn't click note",0.313373,0.6861,0.215006
992,2053.5,2056.5,SPEAKER_03,"of stuff, didn't click note on one, then went back",0.165451,0.6861,0.113516
993,2055.0,2058.0,SPEAKER_03,"on one, then went back and wrote one tiny wee",0.082046,0.6861,0.056292
994,2056.5,2059.5,SPEAKER_03,"and wrote one tiny wee thing on another page, but",0.586155,0.6861,0.402161
995,2058.0,2061.0,SPEAKER_03,"thing on another page, but then did click note.",0.184846,0.6861,0.126823
996,2059.5,2062.5,SPEAKER_03,then did click note. So I'm quite worried that I've just,0.143544,0.707,0.101486
997,2061.0,2064.0,SPEAKER_03,"So I'm quite worried that I've just written over the top of it or something,",0.164115,0.728,0.119476
998,2062.5,2065.5,SPEAKER_03,"written over the top of it or something, but they'll have my paper anyway.",0.608771,0.728,0.443185
999,2067.0,2070.0,SPEAKER_02,But I think the pen is very intuitive. Everybody knows how to use it. We,0.019067,0.5683,0.010836
1000,2068.5,2071.5,SPEAKER_02,intuitive. Everybody knows how to use it. We don't have to worry. So I,0.582099,0.5605,0.326267
1001,2070.0,2073.0,SPEAKER_02,don't have to worry. So I think the pen's good.,0.013364,0.5382,0.007192
1002,2074.5,2077.5,SPEAKER_01,"the topic of the technology, it just occurred to me that",0.041351,0.8545,0.035334
1003,2076.0,2079.0,SPEAKER_01,just occurred to me that we actually didn't need to move,0.01349,0.8545,0.011528
1004,2077.5,2080.5,SPEAKER_01,we actually didn't need to move our computers because each computer has,0.015753,0.8545,0.013461
1005,2079.0,2082.0,SPEAKER_01,our computers because each computer has all of the files.,0.162535,0.8545,0.138886
1006,2080.5,2083.5,SPEAKER_01,all of the files. It just,0.460346,0.7562,0.348113
1007,2082.0,2085.0,SPEAKER_01,It just occurred to me,0.455807,0.6578,0.29983
1008,2083.5,2086.5,SPEAKER_01,occurred to me that they only needed,0.538299,0.6578,0.354093
1009,2088.0,2091.0,SPEAKER_02,the computer may not be conducive to,0.435536,0.7549,0.328786
1010,2089.5,2092.5,SPEAKER_02,not be conducive to a meeting because,0.6277,0.7549,0.473851
1011,2091.0,2094.0,SPEAKER_02,a meeting because you tend to look,0.051985,0.7549,0.039243
1012,2092.5,2095.5,SPEAKER_02,you tend to look at your computer,0.096846,0.7549,0.073109
1013,2094.0,2097.0,SPEAKER_02,at your computer and want to,0.217617,0.7549,0.164279
1014,2095.5,2098.5,SPEAKER_02,and want to have the urge to,0.200808,0.7549,0.15159
1015,2097.0,2100.0,SPEAKER_02,have the urge to check something.,0.078207,0.7549,0.059039
1016,2100.0,2103.0,SPEAKER_03,"It's useful, but... Do you think the computers just",0.612628,0.6539,0.400598
1017,2104.5,2107.5,SPEAKER_02,think too many computers are just distracting.,0.879868,0.7279,0.640456
1018,2106.0,2109.0,SPEAKER_02,are just distracting.,0.75668,0.7279,0.550788
1019,2109.0,2112.0,SPEAKER_03,I like to have things written down in front,0.580503,0.8682,0.503993
1020,2110.5,2113.5,SPEAKER_03,like to have things written down in front of me actually. A lot,0.346021,0.8437,0.291938
1021,2112.0,2115.0,SPEAKER_03,of me actually. A lot of the stuff that was emailed,0.020536,0.8437,0.017327
1022,2113.5,2116.5,SPEAKER_03,"of the stuff that was emailed to me, I ended up writing down",0.051914,0.8192,0.042528
1023,2115.0,2118.0,SPEAKER_03,"to me, I ended up writing down there or something, so I could look",0.279713,0.8192,0.229141
1024,2116.5,2119.5,SPEAKER_03,"there or something, so I could look at it really quickly and not have",0.054195,0.8192,0.044396
1025,2118.0,2121.0,SPEAKER_03,at it really quickly and not have the distraction of all of that.,0.061361,0.8192,0.050267
1026,2119.5,2122.5,SPEAKER_03,the distraction of all of that. I,0.472548,0.7731,0.365327
1027,2121.0,2124.0,SPEAKER_03,I don't know,0.360834,0.727,0.262326
1028,2122.5,2125.5,SPEAKER_03,don't know about anybody,0.616499,0.727,0.448194
1029,2124.0,2127.0,SPEAKER_03,about anybody else. What else?,0.784052,0.7632,0.598388
1030,2125.5,2128.5,SPEAKER_03,else. What else?,0.524126,0.7632,0.400013
1031,2127.0,2130.0,SPEAKER_03,I'm not really,0.147437,0.6606,0.097397
1032,2128.5,2131.5,SPEAKER_03,I'm not really sure what they're looking for in the,0.023275,0.6606,0.015375
1033,2130.0,2133.0,SPEAKER_03,sure what they're looking for in the same new ideas find.,0.040657,0.6606,0.026858
1034,2131.5,2134.5,SPEAKER_03,same new ideas find.,0.024767,0.6606,0.016361
1035,2133.0,2136.0,SPEAKER_03,I don't know. Can,0.348831,0.7858,0.274111
1036,2134.5,2137.5,SPEAKER_03,I don't know. Can you think of anything,0.045802,0.7858,0.035991
1037,2136.0,2139.0,SPEAKER_03,you think of anything else that would have been,0.080764,0.7664,0.061898
1038,2137.5,2140.5,SPEAKER_03,else that would have been helpful today at all?,0.212397,0.7664,0.162781
1039,2139.0,2142.0,SPEAKER_03,helpful today at all?,0.160947,0.7664,0.123349
1040,2143.5,2146.5,SPEAKER_01,"Well, the main one",0.484888,0.7916,0.383837
1041,2145.0,2148.0,SPEAKER_01,main one for me is,0.167943,0.7916,0.132944
1042,2146.5,2149.5,SPEAKER_01,for me is that the,0.055991,0.7916,0.044322
1043,2148.0,2151.0,SPEAKER_01,that the process in a,0.116163,0.7916,0.091954
1044,2149.5,2152.5,SPEAKER_01,process in a natural context,0.105023,0.7916,0.083136
1045,2151.0,2154.0,SPEAKER_01,natural context would not have,0.071684,0.7916,0.056745
1046,2152.5,2155.5,SPEAKER_01,would not have been interrupted by,0.206268,0.7916,0.163282
1047,2154.0,2157.0,SPEAKER_01,been interrupted by this necessity,0.212313,0.7916,0.168067
1048,2155.5,2158.5,SPEAKER_01,this necessity to discommunicate ourselves,0.19108,0.7916,0.151259
1049,2157.0,2160.0,SPEAKER_01,to discommunicate ourselves from each,0.332322,0.7916,0.263066
1050,2158.5,2161.5,SPEAKER_01,from each other. That's kind of a,0.059975,0.764,0.045821
1051,2160.0,2163.0,SPEAKER_01,other. That's kind of a new idea for me.,0.010506,0.7804,0.008199
1052,2161.5,2164.5,SPEAKER_01,new idea for me. It's hard to,0.492185,0.7748,0.381345
1053,2163.0,2166.0,SPEAKER_01,It's hard to keep working,0.799018,0.8131,0.649681
1054,2164.5,2167.5,SPEAKER_01,keep working forward on a,0.013536,0.8131,0.011006
1055,2166.0,2169.0,SPEAKER_01,forward on a team-based project,0.067769,0.8131,0.055103
1056,2167.5,2170.5,SPEAKER_01,team-based project when you're,0.031466,0.8131,0.025585
1057,2169.0,2172.0,SPEAKER_01,when you're told you must,0.609529,0.8131,0.495608
1058,2170.5,2173.5,SPEAKER_01,told you must now work,0.245546,0.8131,0.199654
1059,2172.0,2175.0,SPEAKER_01,now work away from,0.466546,0.8131,0.379348
1060,2176.5,2179.5,SPEAKER_03,it was quite good that we had time limits on,0.866231,0.8038,0.696276
1061,2178.0,2181.0,SPEAKER_03,we had time limits on the meetings because they really,0.036022,0.8038,0.028954
1062,2179.5,2182.5,SPEAKER_03,the meetings because they really could have run on and,0.028234,0.8038,0.022695
1063,2181.0,2184.0,SPEAKER_03,could have run on and like my experience of meetings is,0.110546,0.8038,0.088857
1064,2182.5,2185.5,SPEAKER_03,like my experience of meetings is that they really do and,0.012098,0.8038,0.009724
1065,2184.0,2187.0,SPEAKER_03,that they really do and you can spend a lot,0.013601,0.8038,0.010932
1066,2185.5,2188.5,SPEAKER_03,you can spend a lot of time talking about the,0.004697,0.8038,0.003775
1067,2187.0,2190.0,SPEAKER_03,of time talking about the only thing is so like,0.046767,0.8038,0.037592
1068,2188.5,2191.5,SPEAKER_03,only thing is so like when we had our meeting,0.011912,0.8038,0.009575
1069,2190.0,2193.0,SPEAKER_03,when we had our meeting about the conceptual design I thought,0.186422,0.8038,0.149846
1070,2191.5,2194.5,SPEAKER_03,about the conceptual design I thought there maybe another 15 minutes,0.153509,0.8038,0.12339
1071,2193.0,2196.0,SPEAKER_03,there maybe another 15 minutes would have been useful there,0.317778,0.8038,0.25543
1072,2194.5,2197.5,SPEAKER_03,would have been useful there but Yeah.,0.736654,0.7084,0.521846
1073,2196.0,2199.0,SPEAKER_03,but Yeah. I,0.781103,0.7342,0.573485
1074,2197.5,2200.5,SPEAKER_03,I think maybe if we'd,0.162297,0.6995,0.113527
1075,2199.0,2202.0,SPEAKER_03,think maybe if we'd all been working in the,0.089856,0.7859,0.070618
1076,2200.5,2203.5,SPEAKER_03,all been working in the one room and they,0.624754,0.7859,0.490994
1077,2202.0,2205.0,SPEAKER_03,"one room and they just said, you know, like",0.096987,0.7859,0.076222
1078,2203.5,2206.5,SPEAKER_03,"just said, you know, like every hour or something, everybody",0.029013,0.7859,0.022802
1079,2205.0,2208.0,SPEAKER_03,"every hour or something, everybody make sure, you know,",0.055942,0.7859,0.043965
1080,2206.5,2209.5,SPEAKER_03,"make sure, you know, just to have a short",0.090293,0.7859,0.070961
1081,2208.0,2211.0,SPEAKER_03,just to have a short meeting and then just to,0.032209,0.7859,0.025313
1082,2209.5,2212.5,SPEAKER_03,meeting and then just to have like something written,0.022331,0.7859,0.01755
1083,2211.0,2214.0,SPEAKER_03,"have like something written down, just like, you know,",0.090928,0.7859,0.071461
1084,2212.5,2215.5,SPEAKER_03,"down, just like, you know, a milestone if you",0.303475,0.7859,0.238501
1085,2214.0,2217.0,SPEAKER_03,"a milestone if you like, rather than having meetings.",0.127144,0.7859,0.099923
1086,2215.5,2218.5,SPEAKER_03,"like, rather than having meetings.",0.342004,0.5996,0.205066
1087,2217.0,2220.0,SPEAKER_03,There you go.,0.317038,0.4133,0.131032
1088,2218.5,2221.5,SPEAKER_03,"There you go. So in closing,",0.545443,0.6618,0.360974
1089,2220.0,2223.0,SPEAKER_03,"So in closing, I haven't got my five",0.245323,0.9103,0.223317
1090,2221.5,2224.5,SPEAKER_03,"I haven't got my five minutes to go. Think, oh, there it",0.148257,0.7391,0.109576
1091,2223.0,2226.0,SPEAKER_03,"minutes to go. Think, oh, there it is. Five minutes to go.",0.485384,0.7579,0.367873
1092,2224.5,2227.5,SPEAKER_03,is. Five minutes to go. Wonderful.,0.003202,0.7465,0.00239
1093,2226.0,2229.0,SPEAKER_03,"Wonderful. OK, are the costs within the",0.309361,0.7573,0.234279
1094,2227.5,2230.5,SPEAKER_03,"OK, are the costs within the budget? Yes, they are. And",0.151092,0.7655,0.115661
1095,2229.0,2232.0,SPEAKER_03,"budget? Yes, they are. And is the project evaluated?",0.265464,0.7655,0.203213
1096,2230.5,2233.5,SPEAKER_03,"is the project evaluated? Yes, it is.",0.324688,0.8377,0.271991
1097,2232.0,2235.0,SPEAKER_03,"Yes, it is. So now you celebrate. Woo.",0.072196,0.6063,0.043773
1098,2247.0,2250.0,SPEAKER_02,said ninja homo.,0.521813,0.7353,0.383689
1099,2248.5,2251.5,SPEAKER_02,ninja homo. What do you call it? Ninja,0.479505,0.6539,0.313549
1100,2250.0,2253.0,SPEAKER_02,What do you call it? Ninja homo.,0.268741,0.7127,0.191532
1101,2251.5,2254.5,SPEAKER_02,"homo. See, it looks",0.012449,0.6479,0.008066
1102,2256.0,2259.0,SPEAKER_03,So is that just the logo? Or is it doing,0.010374,0.568,0.005892
1103,2257.5,2260.5,SPEAKER_03,"the logo? Or is it doing a thing? Yeah, it's just the logo.",0.243555,0.5289,0.128816
1104,2259.0,2262.0,SPEAKER_03,"a thing? Yeah, it's just the logo. And then like,",0.315846,0.6085,0.192192
1105,2260.5,2263.5,SPEAKER_03,"And then like, ninja homo. Right,",0.178535,0.5141,0.091785
1106,2262.0,2265.0,SPEAKER_03,"ninja homo. Right, OK.",0.505364,0.5459,0.275878
1107,2265.0,2268.0,SPEAKER_02,The red is supposed to represent whatever,0.188458,0.7672,0.144585
1108,2266.5,2269.5,SPEAKER_02,is supposed to represent whatever else you want to,0.044419,0.7672,0.034078
1109,2268.0,2271.0,SPEAKER_02,else you want to print on the side of,0.205597,0.7672,0.157734
1110,2274.0,2277.0,SPEAKER_02,You can wear a Homer. You can throw Homer when you're frustrated.,0.781818,0.7337,0.57362
1111,2275.5,2278.5,SPEAKER_02,can throw Homer when you're frustrated.,0.964138,0.8053,0.77642
1112,2280.0,2283.0,SPEAKER_03,It's cool. I'm slightly gutted that we couldn't,0.528084,0.6513,0.343941
1113,2281.5,2284.5,SPEAKER_03,I'm slightly gutted that we couldn't get plastic and rubber. I think that,0.280226,0.6879,0.192768
1114,2283.0,2286.0,SPEAKER_03,get plastic and rubber. I think that would have been nice.,0.23233,0.6879,0.159819
1115,2284.5,2287.5,SPEAKER_03,would have been nice.,0.41435,0.681,0.282172
1116,2286.0,2289.0,SPEAKER_03,Maybe from our own real,0.618061,0.5918,0.365769
1117,2290.5,2293.5,SPEAKER_02,"Oh, I did learn something. Play-doh is useful.",0.034801,0.7346,0.025565
1118,2292.0,2295.0,SPEAKER_02,"is useful. No, it is.",0.238701,0.7087,0.169167
1119,2293.5,2296.5,SPEAKER_02,"No, it is. It is useful",0.082846,0.7059,0.058481
1120,2295.0,2298.0,SPEAKER_02,"It is useful in conceptualizing,",0.176953,0.7565,0.133865
1121,2296.5,2299.5,SPEAKER_02,"in conceptualizing, in being",0.070485,0.7565,0.053322
1122,2298.0,2301.0,SPEAKER_02,in being creative. It's like you say it's,0.124423,0.7412,0.092223
1123,2299.5,2302.5,SPEAKER_02,creative. It's like you say it's something you can put your hands on,0.008723,0.7412,0.006465
1124,2301.0,2304.0,SPEAKER_02,something you can put your hands on and feel and touch and get a,0.027481,0.726,0.019951
1125,2302.5,2305.5,SPEAKER_02,and feel and touch and get a sense for. Like we were playing with,0.07262,0.753,0.054683
1126,2304.0,2307.0,SPEAKER_02,sense for. Like we were playing with the Play-Doh and the ideas came with,0.040109,0.753,0.030202
1127,2305.5,2308.5,SPEAKER_02,the Play-Doh and the ideas came with the Play-Doh. Did they? Rather than,0.265806,0.7912,0.210306
1128,2307.0,2310.0,SPEAKER_02,the Play-Doh. Did they? Rather than with everything else. You might want to write,0.139121,0.7408,0.103061
1129,2308.5,2311.5,SPEAKER_02,with everything else. You might want to write that down. I'm,0.023243,0.7317,0.017007
1130,2310.0,2313.0,SPEAKER_02,that down. I'm just feeling with the Play-Doh.,0.069176,0.5939,0.041084
1131,2311.5,2314.5,SPEAKER_02,just feeling with the Play-Doh. Play-Doh.,0.253112,0.596,0.150854
1132,2323.5,2326.5,SPEAKER_02,It's just sweet. It's the stuff that your mom could make with preservatives.,0.005965,0.6085,0.00363
1133,2328.0,2331.0,SPEAKER_03,your summarizing words about Play Doh?,0.137267,0.708,0.097185
1134,2331.0,2334.0,SPEAKER_02,It's helpful to the creative process. It,0.621525,0.8365,0.519906
1135,2332.5,2335.5,SPEAKER_02,"creative process. It engages all your senses,",0.015635,0.8365,0.013079
1136,2334.0,2337.0,SPEAKER_02,"engages all your senses, not just your sight, but",0.052114,0.8618,0.044911
1137,2335.5,2338.5,SPEAKER_02,"not just your sight, but your sense of feel,",0.094698,0.8618,0.081611
1138,2337.0,2340.0,SPEAKER_02,"your sense of feel, your sense of touch, and",0.114265,0.8618,0.098474
1139,2338.5,2341.5,SPEAKER_02,"your sense of touch, and it helps you to",0.300488,0.8618,0.25896
1140,2340.0,2343.0,SPEAKER_02,it helps you to understand dimension as well.,0.132909,0.8618,0.114541
1141,2341.5,2344.5,SPEAKER_02,understand dimension as well. I think that's very helpful,0.009451,0.779,0.007362
1142,2343.0,2346.0,SPEAKER_02,I think that's very helpful because it starts to pop,0.13237,0.6961,0.092143
1143,2344.5,2347.5,SPEAKER_02,"because it starts to pop up, whereas on a piece of",0.047617,0.6961,0.033146
1144,2346.0,2349.0,SPEAKER_02,"up, whereas on a piece of paper, on a computer, on",0.051308,0.6961,0.035716
1145,2347.5,2350.5,SPEAKER_02,"paper, on a computer, on a board, even with a",0.105529,0.6961,0.073459
1146,2349.0,2352.0,SPEAKER_02,"a board, even with a 3D graphic thing, it still requires",0.031664,0.6961,0.022041
1147,2350.5,2353.5,SPEAKER_02,"3D graphic thing, it still requires a lot of tangible.",0.043086,0.6961,0.029992
1148,2352.0,2355.0,SPEAKER_02,"a lot of tangible. Yeah, tangible.",0.061825,0.7302,0.045144
1149,2353.5,2356.5,SPEAKER_02,"Yeah, tangible. That's a nice word. It",0.092417,0.7258,0.067076
1150,2355.0,2358.0,SPEAKER_02,That's a nice word. It becomes,0.33132,0.711,0.235569
1151,2365.5,2368.5,SPEAKER_03,don't know if,0.418975,0.4854,0.20337
1152,2367.0,2370.0,SPEAKER_03,know if there's,0.54948,0.4854,0.266717
1153,2368.5,2371.5,SPEAKER_03,there's anything else,0.052053,0.4854,0.025266
1154,2370.0,2373.0,SPEAKER_03,anything else we,0.343777,0.4854,0.166869
1155,2371.5,2374.5,SPEAKER_03,we need to,0.444925,0.4854,0.215967
1156,2373.0,2376.0,SPEAKER_03,need to discuss.,0.253767,0.4854,0.123179
1157,2376.0,2379.0,SPEAKER_03,That's about it really.,0.235345,0.7485,0.176156
1158,2377.5,2380.5,SPEAKER_03,about it really.,0.485493,0.7485,0.363392
1159,2380.5,2383.5,SPEAKER_03,"Does it still, I guess?",0.900843,0.6088,0.548433
1160,2385.0,2388.0,SPEAKER_01,retreat to continue our... I think we could,0.037333,0.7276,0.027164
1161,2386.5,2389.5,SPEAKER_01,our... I think we could probably do it here as long as we know,0.097486,0.7276,0.070931
1162,2391.0,2394.0,SPEAKER_03,know. I'm sure it'll a little thing will pop,0.108934,0.6619,0.072104
1163,2392.5,2395.5,SPEAKER_03,little thing will pop up any minute now.,0.218067,0.6852,0.149419
1164,2397.0,2400.0,SPEAKER_03,"Yeah, yeah. The meeting's over",0.824992,0.5382,0.444011
1165,2401.5,2404.5,SPEAKER_02,And my microphone has no signal.,0.552869,0.869,0.480443
1166,2418.0,2421.0,SPEAKER_01,think the time,0.092453,0.8053,0.074452
1167,2419.5,2422.5,SPEAKER_01,the time has to,0.464908,0.8053,0.37439
1168,2421.0,2424.0,SPEAKER_01,has to run out,0.655568,0.8053,0.527929
1169,2422.5,2425.5,SPEAKER_01,run out for us,0.386162,0.8053,0.310976
1170,2424.0,2427.0,SPEAKER_01,for us to,0.356022,0.8053,0.286704
1171,2425.5,2428.5,SPEAKER_01,to get any,0.306452,0.8053,0.246785
1172,2427.0,2430.0,SPEAKER_01,get any more instructions.,0.699708,0.8053,0.563475
1173,2446.5,2449.5,SPEAKER_01,That's really cool. I,0.080942,0.6396,0.05177
1174,2448.0,2451.0,SPEAKER_01,That's really cool. I can see my,0.075068,0.6396,0.048014
1175,2449.5,2452.5,SPEAKER_01,can see my talk. I,0.034099,0.598,0.020391
1176,2451.0,2454.0,SPEAKER_01,talk. I can see my,0.495961,0.598,0.296585
1177,2452.5,2455.5,SPEAKER_01,can see my own voice on,0.017024,0.4458,0.007589
